################################################################################
# Neural network connection values (weights and biases).
################################################################################
# Col  Name       Description
################################################################################
# 1    connection Neural network connection value.
# 2    t          Connection type (a = weight, b = bias).
# 3    index      Index enumerating weights.
# 4    l_s        Starting point layer (end point layer for biases).
# 5    n_s        Starting point neuron in starting layer (end point neuron for biases).
# 6    l_e        End point layer.
# 7    n_e        End point neuron in end layer.
################################################################################
#                      1 2         3     4     5     6     7
#             connection t     index   l_s   n_s   l_e   n_e
############################################################
  2.7639602267722307E+00 a         1     0     1     1     1
  2.9051110438190320E-01 a         2     0     1     1     2
  2.8628006307833713E+00 a         3     0     1     1     3
  1.0250990710191341E+00 a         4     0     1     1     4
  1.8296838063383454E+00 a         5     0     1     1     5
 -1.1218617725662663E+00 a         6     0     1     1     6
  4.3425449733791677E+00 a         7     0     1     1     7
 -1.3065055203494211E+00 a         8     0     1     1     8
 -1.2979759531052877E+00 a         9     0     1     1     9
  1.3574206678877079E+00 a        10     0     1     1    10
 -5.0567926321238508E+00 a        11     0     1     1    11
  1.8582652175927699E+00 a        12     0     1     1    12
 -5.4985235827603720E+00 a        13     0     1     1    13
  2.2434943966182104E+00 a        14     0     1     1    14
 -8.3513169446560986E-01 a        15     0     1     1    15
 -2.3619183262170740E+00 a        16     0     1     1    16
 -2.8156936362300131E+00 a        17     0     1     1    17
  1.8676579305988301E+00 a        18     0     1     1    18
 -3.1096329447165916E+00 a        19     0     1     1    19
  1.0435185062120196E+00 a        20     0     1     1    20
  3.5133947826884979E+00 a        21     0     1     1    21
  3.7293707606222539E+00 a        22     0     1     1    22
  1.4976524015492909E+00 a        23     0     1     1    23
 -1.2370403183081065E+00 a        24     0     1     1    24
 -4.0096168977222133E+00 a        25     0     1     1    25
 -2.3188715724774918E+00 a        26     0     1     1    26
  1.3701929644337567E+00 a        27     0     1     1    27
  5.8620673421556839E+00 a        28     0     1     1    28
  4.5250418817820603E-01 a        29     0     1     1    29
  4.7694973310933282E+00 a        30     0     1     1    30
 -3.4996966571279788E+00 a        31     0     2     1     1
 -8.0216601596428694E-01 a        32     0     2     1     2
 -4.2152559926340185E+00 a        33     0     2     1     3
 -8.1925270836616992E-01 a        34     0     2     1     4
 -1.2667584153867855E+00 a        35     0     2     1     5
 -1.4609374590841633E+00 a        36     0     2     1     6
 -4.3330443935199980E+00 a        37     0     2     1     7
  1.1643061648541457E+00 a        38     0     2     1     8
  2.7799065469832258E+00 a        39     0     2     1     9
 -8.0585426115577929E-01 a        40     0     2     1    10
  4.6829287471511138E+00 a        41     0     2     1    11
 -9.3398973896311421E-01 a        42     0     2     1    12
  6.2006384069310660E-01 a        43     0     2     1    13
 -3.9658539602533089E+00 a        44     0     2     1    14
 -2.2570428421169914E-01 a        45     0     2     1    15
  2.0117413778430278E+00 a        46     0     2     1    16
  3.4646347820126957E+00 a        47     0     2     1    17
  1.3124805337422778E+00 a        48     0     2     1    18
  5.3440608755623353E-01 a        49     0     2     1    19
  4.8465210500221030E+00 a        50     0     2     1    20
  2.0172466382995897E+00 a        51     0     2     1    21
 -4.6802925316194193E+00 a        52     0     2     1    22
  4.5726957644976585E+00 a        53     0     2     1    23
 -2.0580090785524323E+00 a        54     0     2     1    24
  4.4617020669561915E+00 a        55     0     2     1    25
  6.4834174333299597E+00 a        56     0     2     1    26
 -3.0957013248251675E-02 a        57     0     2     1    27
 -3.5199465955161107E+00 a        58     0     2     1    28
  1.2911219512848504E+00 a        59     0     2     1    29
 -8.9290223765614340E-01 a        60     0     2     1    30
 -7.3181575063322164E+00 a        61     0     3     1     1
  2.2980178765392822E+00 a        62     0     3     1     2
  7.9801330515249598E+00 a        63     0     3     1     3
 -5.4128696269139764E-01 a        64     0     3     1     4
 -4.7226186013813320E-01 a        65     0     3     1     5
 -3.8023894987642071E+00 a        66     0     3     1     6
  1.8370282158136082E+00 a        67     0     3     1     7
  4.7054577198138148E-01 a        68     0     3     1     8
 -2.7226008187241386E+00 a        69     0     3     1     9
 -2.4547480343562622E+00 a        70     0     3     1    10
  1.3654717327338242E+00 a        71     0     3     1    11
  7.9261648007251828E-02 a        72     0     3     1    12
 -5.7761904960759780E-01 a        73     0     3     1    13
 -4.7108861288093318E-01 a        74     0     3     1    14
 -2.0647680683068659E+00 a        75     0     3     1    15
  6.2852655519150602E+00 a        76     0     3     1    16
 -5.1976332989033738E+00 a        77     0     3     1    17
 -2.2742423338846907E+00 a        78     0     3     1    18
  8.3513340878536746E-01 a        79     0     3     1    19
 -2.5463436209798016E+00 a        80     0     3     1    20
  3.1565609905344094E-01 a        81     0     3     1    21
  2.3641061227238778E+00 a        82     0     3     1    22
  9.2872285341661875E-01 a        83     0     3     1    23
 -1.1060055489550857E+00 a        84     0     3     1    24
 -5.8114730445882961E+00 a        85     0     3     1    25
 -1.2309249511559817E-01 a        86     0     3     1    26
 -1.7791982355986065E+00 a        87     0     3     1    27
  7.2117051767192022E+00 a        88     0     3     1    28
 -3.3240598799924059E-01 a        89     0     3     1    29
 -1.5743578072619728E+00 a        90     0     3     1    30
 -2.2175404795370106E+00 a        91     0     4     1     1
  3.3525714617059403E+00 a        92     0     4     1     2
  1.5079532945714718E+00 a        93     0     4     1     3
 -1.0444798866742093E+00 a        94     0     4     1     4
  1.5956116628001711E+00 a        95     0     4     1     5
  5.2449571903588730E+00 a        96     0     4     1     6
 -1.0969060871314559E+01 a        97     0     4     1     7
 -1.1010427722388831E+00 a        98     0     4     1     8
  9.3199327848806757E+00 a        99     0     4     1     9
  7.2637215198014999E+00 a       100     0     4     1    10
  1.5897171612306687E+01 a       101     0     4     1    11
  1.0471936429955484E+00 a       102     0     4     1    12
  6.1189131527019782E+00 a       103     0     4     1    13
  8.7926843883460304E+00 a       104     0     4     1    14
  9.6396895686576176E+00 a       105     0     4     1    15
  1.3781938036775696E+01 a       106     0     4     1    16
 -5.5968003097100301E+00 a       107     0     4     1    17
  6.3196294285936760E+00 a       108     0     4     1    18
 -4.0031097443888113E+00 a       109     0     4     1    19
  1.8644368973394350E+01 a       110     0     4     1    20
  1.7942682561688201E+01 a       111     0     4     1    21
  5.5075318109031919E+00 a       112     0     4     1    22
  8.6821906214770745E+00 a       113     0     4     1    23
  6.0241455096640770E+00 a       114     0     4     1    24
  2.4704287746006344E+00 a       115     0     4     1    25
  1.1778860136781697E+00 a       116     0     4     1    26
 -2.6631991312244203E+00 a       117     0     4     1    27
  5.3325841784906975E+00 a       118     0     4     1    28
 -3.8810620722416260E+00 a       119     0     4     1    29
 -1.3156633968185087E+01 a       120     0     4     1    30
 -1.3990431675589526E-01 a       121     0     5     1     1
 -4.7316874638122597E+00 a       122     0     5     1     2
  8.7479484105150878E+00 a       123     0     5     1     3
  4.6870158984070933E+00 a       124     0     5     1     4
  1.9681351305954005E+00 a       125     0     5     1     5
  4.8717969580704623E-01 a       126     0     5     1     6
  7.2033267855132124E+00 a       127     0     5     1     7
 -1.0234065279771034E+00 a       128     0     5     1     8
  1.1272746720316370E+01 a       129     0     5     1     9
  2.0190002336664140E+01 a       130     0     5     1    10
 -3.6659590249431426E+00 a       131     0     5     1    11
 -9.7170216175020503E+00 a       132     0     5     1    12
 -2.1244049834958507E+00 a       133     0     5     1    13
 -4.1207485567546991E+00 a       134     0     5     1    14
  1.4268737302289507E+01 a       135     0     5     1    15
 -3.7705191794399249E+00 a       136     0     5     1    16
  2.2272089004509912E+00 a       137     0     5     1    17
  2.9542496430618979E+00 a       138     0     5     1    18
 -6.7334118239325331E+00 a       139     0     5     1    19
  1.3478180260901704E+01 a       140     0     5     1    20
  1.6786053489173881E+01 a       141     0     5     1    21
 -9.7816736315863295E+00 a       142     0     5     1    22
  6.0277105916652092E+00 a       143     0     5     1    23
 -4.1285877406739431E+00 a       144     0     5     1    24
 -7.5777057438662310E-02 a       145     0     5     1    25
  1.9280732560028206E+00 a       146     0     5     1    26
 -1.2065007018859033E+01 a       147     0     5     1    27
  9.8248242302800097E+00 a       148     0     5     1    28
 -1.1309191667860478E+01 a       149     0     5     1    29
 -1.6164380470162392E+01 a       150     0     5     1    30
  8.5754397404697329E+00 a       151     0     6     1     1
  5.2675146245130353E+00 a       152     0     6     1     2
  4.9261579681297256E+00 a       153     0     6     1     3
  1.4229530817165912E+01 a       154     0     6     1     4
  9.0473064792854903E+00 a       155     0     6     1     5
  3.2009155906720856E+00 a       156     0     6     1     6
  1.6329589292360339E+01 a       157     0     6     1     7
  3.8112493888897121E+00 a       158     0     6     1     8
 -1.5003479511411439E+00 a       159     0     6     1     9
 -6.5828134835262828E+00 a       160     0     6     1    10
 -1.1497731475082576E+01 a       161     0     6     1    11
  5.7162226379868830E+00 a       162     0     6     1    12
  1.0057881484996580E+01 a       163     0     6     1    13
  1.6878734776563249E+01 a       164     0     6     1    14
  3.7104843228118369E+00 a       165     0     6     1    15
 -4.8859613443515792E+00 a       166     0     6     1    16
 -1.1202147534943357E-01 a       167     0     6     1    17
  3.7519013072116891E+00 a       168     0     6     1    18
 -5.3068238441933446E-01 a       169     0     6     1    19
  1.8923236620663101E+01 a       170     0     6     1    20
 -9.8024146338601561E+00 a       171     0     6     1    21
  1.0974836007852359E+01 a       172     0     6     1    22
 -7.3434669681007119E+00 a       173     0     6     1    23
  1.0462712938379370E+01 a       174     0     6     1    24
  4.9441496610412008E+00 a       175     0     6     1    25
  8.3452360027168275E+00 a       176     0     6     1    26
 -3.9978140766152355E+00 a       177     0     6     1    27
  1.6190248363830571E+00 a       178     0     6     1    28
  9.7941290321346877E+00 a       179     0     6     1    29
  2.6690013135605994E-01 a       180     0     6     1    30
 -2.8869926020738594E+00 a       181     0     7     1     1
 -2.9103027700039152E-01 a       182     0     7     1     2
 -4.3738641235995708E+00 a       183     0     7     1     3
 -3.5084537920263412E+00 a       184     0     7     1     4
 -4.6098965459139007E+00 a       185     0     7     1     5
 -2.3578076188059631E+00 a       186     0     7     1     6
 -8.4621979128218801E+00 a       187     0     7     1     7
 -4.5068887780807260E-01 a       188     0     7     1     8
  2.7669061551296394E+00 a       189     0     7     1     9
  2.4611924848234934E+00 a       190     0     7     1    10
  6.9727546058847389E+00 a       191     0     7     1    11
 -2.5462702170500218E+00 a       192     0     7     1    12
 -2.8336881016058615E+00 a       193     0     7     1    13
 -6.5141622735489459E+00 a       194     0     7     1    14
 -5.0685711734660188E+00 a       195     0     7     1    15
  1.4761480469820856E+00 a       196     0     7     1    16
  3.2244738300375411E+00 a       197     0     7     1    17
 -5.0226006401998702E-01 a       198     0     7     1    18
  1.9758653332876781E+00 a       199     0     7     1    19
 -8.6565834646891489E+00 a       200     0     7     1    20
  6.6805109530056983E+00 a       201     0     7     1    21
 -3.9826612620199251E+00 a       202     0     7     1    22
  1.5564762418978904E+00 a       203     0     7     1    23
 -6.0010950222902686E+00 a       204     0     7     1    24
 -7.6484737361726329E-01 a       205     0     7     1    25
 -2.2344180589757126E+00 a       206     0     7     1    26
  1.8912407717482149E+00 a       207     0     7     1    27
  2.0511552033198295E+00 a       208     0     7     1    28
 -6.8268174584964250E+00 a       209     0     7     1    29
 -2.4799337744329484E+00 a       210     0     7     1    30
  2.9922932256486749E+00 a       211     0     8     1     1
  2.1265749850046189E+00 a       212     0     8     1     2
  2.9323237201054044E+00 a       213     0     8     1     3
 -2.9690464750342787E+00 a       214     0     8     1     4
  1.0984930104107689E+00 a       215     0     8     1     5
 -1.0285277344422797E-01 a       216     0     8     1     6
  4.7552213042551505E+00 a       217     0     8     1     7
  2.0705176656484314E-01 a       218     0     8     1     8
  6.7776116748061788E-01 a       219     0     8     1     9
 -1.8887871397756384E+00 a       220     0     8     1    10
 -4.0793834268008018E+00 a       221     0     8     1    11
  3.3297989647103008E+00 a       222     0     8     1    12
 -3.6550324819471065E+00 a       223     0     8     1    13
 -3.8198018457687448E+00 a       224     0     8     1    14
  3.1425972102244750E+00 a       225     0     8     1    15
 -7.0973733932125365E+00 a       226     0     8     1    16
 -2.6407280669759721E+00 a       227     0     8     1    17
 -3.0520825411859054E-01 a       228     0     8     1    18
 -3.3765219933879718E+00 a       229     0     8     1    19
 -7.0550748062952873E-01 a       230     0     8     1    20
  2.8909108111508117E+00 a       231     0     8     1    21
  1.1037254218817780E+00 a       232     0     8     1    22
  3.9041436669313225E+00 a       233     0     8     1    23
 -2.9867387186419156E+00 a       234     0     8     1    24
  1.9691945839807770E+00 a       235     0     8     1    25
 -1.4206395306933506E-01 a       236     0     8     1    26
  6.7718589436429943E-01 a       237     0     8     1    27
  3.3396238407272683E+00 a       238     0     8     1    28
 -2.4473080799074975E+00 a       239     0     8     1    29
  4.3942353368098974E+00 a       240     0     8     1    30
 -2.7850244912722650E+00 a       241     0     9     1     1
 -6.4732957732100160E-01 a       242     0     9     1     2
 -1.6560489718526721E+00 a       243     0     9     1     3
  2.7749779289019916E+00 a       244     0     9     1     4
  3.3987207000256719E-01 a       245     0     9     1     5
 -2.3190542562199497E+00 a       246     0     9     1     6
 -1.0553014624162336E+00 a       247     0     9     1     7
  2.2155855663805708E+00 a       248     0     9     1     8
  2.3354759198946340E+00 a       249     0     9     1     9
 -6.8552091749249477E-01 a       250     0     9     1    10
  1.2835878794961979E+00 a       251     0     9     1    11
 -6.5098514296963672E-01 a       252     0     9     1    12
  3.6254603663283511E+00 a       253     0     9     1    13
 -3.2399212723468227E+00 a       254     0     9     1    14
 -1.8432581692260788E-01 a       255     0     9     1    15
  4.8363608121109891E+00 a       256     0     9     1    16
  3.2175284359393044E+00 a       257     0     9     1    17
  1.1531688331448253E+00 a       258     0     9     1    18
  1.0049854611167217E+00 a       259     0     9     1    19
 -1.1681334558410461E+00 a       260     0     9     1    20
  1.5536058761754710E+00 a       261     0     9     1    21
 -2.0574008059259374E+00 a       262     0     9     1    22
  1.5815372574926008E+00 a       263     0     9     1    23
  1.3432712075466227E+00 a       264     0     9     1    24
  4.2093370989409440E+00 a       265     0     9     1    25
 -5.1765657409200205E-01 a       266     0     9     1    26
  1.1449581106562443E-01 a       267     0     9     1    27
 -3.8133752773446825E+00 a       268     0     9     1    28
 -8.3565985105468721E-01 a       269     0     9     1    29
  2.5686666479817677E+00 a       270     0     9     1    30
 -1.1919096824078378E-01 a       271     0    10     1     1
  5.2020729765103022E+00 a       272     0    10     1     2
 -5.4962540690370991E+00 a       273     0    10     1     3
  3.6723199194571321E+00 a       274     0    10     1     4
  2.7436851988080857E+00 a       275     0    10     1     5
  1.8158601591583299E+00 a       276     0    10     1     6
  3.8423353379517309E+00 a       277     0    10     1     7
 -1.7964192146123974E+00 a       278     0    10     1     8
  3.8448280162936765E-01 a       279     0    10     1     9
 -9.8774546306483888E+00 a       280     0    10     1    10
 -3.9646280741519707E-01 a       281     0    10     1    11
  3.4919916294101672E+00 a       282     0    10     1    12
  4.1093382591598449E+00 a       283     0    10     1    13
  1.8072767927346545E+00 a       284     0    10     1    14
 -8.9410832406483154E-01 a       285     0    10     1    15
  3.1768328230937835E+00 a       286     0    10     1    16
 -6.5806245687717957E-01 a       287     0    10     1    17
 -2.1133773318385387E+00 a       288     0    10     1    18
  1.0316565127640180E+00 a       289     0    10     1    19
 -3.3613930238787237E-01 a       290     0    10     1    20
 -7.3792356121076859E+00 a       291     0    10     1    21
  3.3673989152227541E+00 a       292     0    10     1    22
  2.0533569497051740E+00 a       293     0    10     1    23
  2.9794494695589582E+00 a       294     0    10     1    24
 -2.8557575009301051E+00 a       295     0    10     1    25
  8.2258775416803953E-01 a       296     0    10     1    26
  5.6078748941192087E+00 a       297     0    10     1    27
  1.3523176565070055E-01 a       298     0    10     1    28
  2.3021701836278585E+00 a       299     0    10     1    29
  2.5783699380752387E+00 a       300     0    10     1    30
 -1.3840826464927446E+01 a       301     0    11     1     1
 -5.2936902671422725E+00 a       302     0    11     1     2
 -6.6713249611561256E+00 a       303     0    11     1     3
 -1.7214541078754841E+01 a       304     0    11     1     4
  3.0724345188165767E+00 a       305     0    11     1     5
  2.8527876956353397E+00 a       306     0    11     1     6
 -1.1867582600484710E+01 a       307     0    11     1     7
 -4.3145969281598875E+00 a       308     0    11     1     8
 -1.6651952803890417E+00 a       309     0    11     1     9
  3.1657660110399490E+00 a       310     0    11     1    10
  5.7914842032076903E+00 a       311     0    11     1    11
 -2.6265908831346612E+00 a       312     0    11     1    12
 -1.6612959430806249E+01 a       313     0    11     1    13
 -1.5234598238236797E+01 a       314     0    11     1    14
 -5.7142590552495909E+00 a       315     0    11     1    15
  8.8366763910345369E+00 a       316     0    11     1    16
 -5.3330123854439933E+00 a       317     0    11     1    17
 -8.3639549959182578E+00 a       318     0    11     1    18
  4.7778674933025336E+00 a       319     0    11     1    19
 -1.1183587142362338E+01 a       320     0    11     1    20
 -4.3405286933361111E+00 a       321     0    11     1    21
 -1.1218598443704602E+01 a       322     0    11     1    22
  1.5972905488313401E+01 a       323     0    11     1    23
 -1.1920660784067193E+01 a       324     0    11     1    24
 -2.3921715622476678E+00 a       325     0    11     1    25
 -7.8687584718210930E+00 a       326     0    11     1    26
  5.5890134322767651E+00 a       327     0    11     1    27
 -1.1026045061769192E+01 a       328     0    11     1    28
 -2.0965041760765741E+00 a       329     0    11     1    29
  7.4499412284587372E+00 a       330     0    11     1    30
 -2.5900993673522543E-01 a       331     0    12     1     1
 -1.7808413811054074E+00 a       332     0    12     1     2
 -2.5543456208291118E+00 a       333     0    12     1     3
  2.7814718816251688E-01 a       334     0    12     1     4
  7.3387419976515866E-01 a       335     0    12     1     5
  6.3171195092689414E-01 a       336     0    12     1     6
  2.3577823563530506E-01 a       337     0    12     1     7
  3.1359790423415262E-01 a       338     0    12     1     8
 -6.7943839787414828E-01 a       339     0    12     1     9
 -9.1007717827795626E-02 a       340     0    12     1    10
  1.5348728503624549E+00 a       341     0    12     1    11
 -1.4238426718852968E+00 a       342     0    12     1    12
 -1.4462481364108801E+00 a       343     0    12     1    13
 -1.3294118185075250E+00 a       344     0    12     1    14
 -2.9095545328703967E+00 a       345     0    12     1    15
  2.5301101918497646E+00 a       346     0    12     1    16
 -1.2720560681458515E-01 a       347     0    12     1    17
 -1.1888863314316507E+00 a       348     0    12     1    18
  1.7496158045839296E+00 a       349     0    12     1    19
 -1.4805772168137257E+00 a       350     0    12     1    20
 -5.0323304954083170E-01 a       351     0    12     1    21
  1.3653157001227607E+00 a       352     0    12     1    22
 -1.3673656410106729E+00 a       353     0    12     1    23
  1.5770332627306777E-01 a       354     0    12     1    24
  1.4756103859000014E-01 a       355     0    12     1    25
  1.1021813701088605E+00 a       356     0    12     1    26
 -1.0206857385227788E-01 a       357     0    12     1    27
  3.1349741040063345E-01 a       358     0    12     1    28
 -1.2788295860112300E+00 a       359     0    12     1    29
  6.7850368312277043E-01 a       360     0    12     1    30
  1.1601195484557010E+00 a       361     0    13     1     1
  1.7470822201477949E+00 a       362     0    13     1     2
  7.1951911898919274E+00 a       363     0    13     1     3
 -2.9912428029931970E+00 a       364     0    13     1     4
 -2.6748824834134015E+00 a       365     0    13     1     5
 -1.0235964332899732E+00 a       366     0    13     1     6
  1.2825503757739971E+00 a       367     0    13     1     7
 -1.3368578359095458E+00 a       368     0    13     1     8
 -3.4666798199967086E-01 a       369     0    13     1     9
 -2.1544993378039421E+00 a       370     0    13     1    10
 -2.4938371056080726E+00 a       371     0    13     1    11
  2.7729368762653683E+00 a       372     0    13     1    12
  4.7112450304889597E-01 a       373     0    13     1    13
 -2.1753635931716233E+00 a       374     0    13     1    14
  2.5711614626364585E+00 a       375     0    13     1    15
 -3.6381100345244297E+00 a       376     0    13     1    16
 -1.2189778627850802E+00 a       377     0    13     1    17
  8.3227310748359318E-01 a       378     0    13     1    18
 -2.4185113005060246E+00 a       379     0    13     1    19
  2.4152490904980657E+00 a       380     0    13     1    20
  1.8159362260376732E+00 a       381     0    13     1    21
  6.6430539126839494E-01 a       382     0    13     1    22
  4.1526953501817596E+00 a       383     0    13     1    23
 -1.6081837104114343E+00 a       384     0    13     1    24
  9.3751325702780963E-01 a       385     0    13     1    25
 -6.4994281481901961E-01 a       386     0    13     1    26
 -4.8746243981530757E-01 a       387     0    13     1    27
 -4.0777885646890188E-01 a       388     0    13     1    28
  1.3283376375202081E+00 a       389     0    13     1    29
 -1.1933767156033119E+00 a       390     0    13     1    30
 -2.5139901498272761E+00 a       391     0    14     1     1
 -4.7936286692956784E+00 a       392     0    14     1     2
 -3.7798426273932564E+00 a       393     0    14     1     3
  2.0363269974094882E+00 a       394     0    14     1     4
  1.0352238554801010E+00 a       395     0    14     1     5
  1.1802795401090010E-01 a       396     0    14     1     6
 -4.5073948056738167E-01 a       397     0    14     1     7
  2.3935014543509250E+00 a       398     0    14     1     8
 -1.3496431008415086E+00 a       399     0    14     1     9
  5.5879542163838347E-01 a       400     0    14     1    10
  5.3995298337511626E+00 a       401     0    14     1    11
 -4.2059620808683649E+00 a       402     0    14     1    12
  3.1314612913473727E+00 a       403     0    14     1    13
  3.3650716614041803E-01 a       404     0    14     1    14
 -3.9503890994596689E+00 a       405     0    14     1    15
  5.9984973354666664E+00 a       406     0    14     1    16
  1.8909042161228475E+00 a       407     0    14     1    17
 -2.9732252387809024E+00 a       408     0    14     1    18
  4.1036413850311089E+00 a       409     0    14     1    19
  4.4499369213361484E-01 a       410     0    14     1    20
  2.6398043380102472E+00 a       411     0    14     1    21
  6.4922041317886303E-01 a       412     0    14     1    22
 -3.5928037410091216E+00 a       413     0    14     1    23
  1.4886237790611927E+00 a       414     0    14     1    24
 -6.9910855532480376E-01 a       415     0    14     1    25
 -1.2575091853385409E+00 a       416     0    14     1    26
  3.7502342233746477E-01 a       417     0    14     1    27
 -2.5525850364784373E+00 a       418     0    14     1    28
 -1.3465623447941255E+00 a       419     0    14     1    29
 -1.4036455781285990E+00 a       420     0    14     1    30
 -4.6581532495831697E+00 a       421     0    15     1     1
  4.8070523830380703E+00 a       422     0    15     1     2
 -7.6569492722227412E+00 a       423     0    15     1     3
 -1.1045954298175495E+01 a       424     0    15     1     4
  6.1140791128108773E+00 a       425     0    15     1     5
 -5.0469676308651235E-01 a       426     0    15     1     6
 -3.7367182290144636E+00 a       427     0    15     1     7
  9.8669283379394539E+00 a       428     0    15     1     8
 -1.1222039685355567E+01 a       429     0    15     1     9
 -1.7530793677433230E+01 a       430     0    15     1    10
  7.1808642568399117E-01 a       431     0    15     1    11
 -2.0543346258240542E+00 a       432     0    15     1    12
 -2.2299621434146877E-02 a       433     0    15     1    13
 -2.2426791262367796E+00 a       434     0    15     1    14
 -5.6901841984823012E+00 a       435     0    15     1    15
  8.9628441928724845E-01 a       436     0    15     1    16
 -6.9799534680109145E+00 a       437     0    15     1    17
  2.8119168835245025E+00 a       438     0    15     1    18
  1.4539688086440446E+01 a       439     0    15     1    19
 -1.5585647260657391E+01 a       440     0    15     1    20
 -1.2641452169789298E+01 a       441     0    15     1    21
  2.0252542553745658E+00 a       442     0    15     1    22
 -9.7147514377981565E+00 a       443     0    15     1    23
  2.8688338862525464E+00 a       444     0    15     1    24
  4.8964014179328306E+00 a       445     0    15     1    25
 -3.3019038121958699E+00 a       446     0    15     1    26
  6.2855051221908429E+00 a       447     0    15     1    27
 -7.6513474346752126E+00 a       448     0    15     1    28
  8.7074509879951076E+00 a       449     0    15     1    29
 -1.3077742187228019E+00 a       450     0    15     1    30
  8.4268873479049988E-01 a       451     0    16     1     1
  3.2747508590318710E+00 a       452     0    16     1     2
  3.4910045284015978E+00 a       453     0    16     1     3
  6.8359294112664362E+00 a       454     0    16     1     4
  4.2273083018051816E+00 a       455     0    16     1     5
  1.8970480116673121E+00 a       456     0    16     1     6
  9.5818578153859892E+00 a       457     0    16     1     7
  4.7735284405076799E+00 a       458     0    16     1     8
  6.8610678081636598E+00 a       459     0    16     1     9
  6.5038288960485717E+00 a       460     0    16     1    10
  3.2564200115345741E+00 a       461     0    16     1    11
 -2.4109318490085241E+00 a       462     0    16     1    12
  1.1210545923673699E+01 a       463     0    16     1    13
  7.4356897930382964E+00 a       464     0    16     1    14
  1.4021487298152845E+01 a       465     0    16     1    15
 -2.5551695531793146E+00 a       466     0    16     1    16
 -8.0936708237660460E-01 a       467     0    16     1    17
  1.0756586032603485E+01 a       468     0    16     1    18
 -4.7150648094915635E+00 a       469     0    16     1    19
  1.0233873436185252E+01 a       470     0    16     1    20
  9.9817393578500440E+00 a       471     0    16     1    21
  1.2556749403190985E+00 a       472     0    16     1    22
 -5.0996859675818866E+00 a       473     0    16     1    23
  5.2830866693304852E+00 a       474     0    16     1    24
  5.3703915061134067E-01 a       475     0    16     1    25
  1.6984619392048621E+00 a       476     0    16     1    26
 -7.0266221435110117E+00 a       477     0    16     1    27
  6.3652329588945689E+00 a       478     0    16     1    28
 -6.8857267356381442E+00 a       479     0    16     1    29
 -1.8466231302139946E+01 a       480     0    16     1    30
  6.0839389322051600E+00 a       481     0    17     1     1
 -1.1138656769220308E+01 a       482     0    17     1     2
 -8.4480900382827218E-01 a       483     0    17     1     3
 -1.1270847218271891E+00 a       484     0    17     1     4
 -7.2102090413151734E+00 a       485     0    17     1     5
 -1.3982071333751398E+01 a       486     0    17     1     6
 -1.2024425703691994E+01 a       487     0    17     1     7
  4.6088707449770128E-01 a       488     0    17     1     8
 -3.0298578444964357E+00 a       489     0    17     1     9
  1.2505944076375393E+01 a       490     0    17     1    10
  2.3429143615207226E+00 a       491     0    17     1    11
  1.4489251812588790E+01 a       492     0    17     1    12
 -3.3945366170045341E+00 a       493     0    17     1    13
 -7.6316907461189931E+00 a       494     0    17     1    14
 -6.9228192364184151E+00 a       495     0    17     1    15
 -1.3914838619276470E+01 a       496     0    17     1    16
  6.5209770272602985E-01 a       497     0    17     1    17
 -5.9583067908635714E+00 a       498     0    17     1    18
  4.0786328416528965E+00 a       499     0    17     1    19
  5.0172130215692272E+00 a       500     0    17     1    20
  1.3513039256072705E+01 a       501     0    17     1    21
 -7.5964802595952940E-01 a       502     0    17     1    22
 -1.1224464053027063E+00 a       503     0    17     1    23
 -4.9667398625733314E+00 a       504     0    17     1    24
 -2.9028817895911332E+00 a       505     0    17     1    25
  7.0991629767302831E+00 a       506     0    17     1    26
  8.5129184291365956E+00 a       507     0    17     1    27
 -7.9313722117384025E+00 a       508     0    17     1    28
  8.0186310588080172E+00 a       509     0    17     1    29
  5.0440679498656293E-01 a       510     0    17     1    30
  2.6523305454823787E-01 a       511     0    18     1     1
 -1.6137583684420070E-01 a       512     0    18     1     2
  4.3160395460970440E+00 a       513     0    18     1     3
 -2.5797038601983542E+00 a       514     0    18     1     4
 -1.7960566834371903E+01 a       515     0    18     1     5
 -9.3111068411499271E+00 a       516     0    18     1     6
 -1.6553970193135459E+01 a       517     0    18     1     7
 -2.3972465801135723E-01 a       518     0    18     1     8
  2.6793516721620350E+00 a       519     0    18     1     9
 -7.3675087452712891E+00 a       520     0    18     1    10
 -7.6056976478112546E+00 a       521     0    18     1    11
  6.6710862335108656E+00 a       522     0    18     1    12
  1.8119116281220435E+01 a       523     0    18     1    13
  2.3331431403497547E+00 a       524     0    18     1    14
 -1.3446305208284283E+01 a       525     0    18     1    15
  6.4686915441626063E+00 a       526     0    18     1    16
  2.1340526335200455E+01 a       527     0    18     1    17
 -1.0605059974956712E+01 a       528     0    18     1    18
 -3.3585462971012370E-01 a       529     0    18     1    19
 -8.3572018266804826E-01 a       530     0    18     1    20
 -1.0920578948906861E+00 a       531     0    18     1    21
 -5.9332456062160626E+00 a       532     0    18     1    22
  1.2516454939599901E+01 a       533     0    18     1    23
  2.2390585206022369E+01 a       534     0    18     1    24
  1.0296393863607667E+01 a       535     0    18     1    25
  2.8937223845755380E+00 a       536     0    18     1    26
 -8.0908951240463320E+00 a       537     0    18     1    27
  8.7422568788486199E+00 a       538     0    18     1    28
  8.5226941998481358E+00 a       539     0    18     1    29
 -2.1733659872708557E+00 a       540     0    18     1    30
 -3.5083192649459756E+00 a       541     0    19     1     1
  1.1357012311354641E+01 a       542     0    19     1     2
 -3.8290955838069376E+00 a       543     0    19     1     3
  1.3588065939301764E+01 a       544     0    19     1     4
  1.3844894976249179E+01 a       545     0    19     1     5
  3.3732819186999135E+00 a       546     0    19     1     6
  7.9578760982742356E+00 a       547     0    19     1     7
 -1.8756062084418122E+01 a       548     0    19     1     8
  7.5888027104967637E-01 a       549     0    19     1     9
  7.5603491194892207E+00 a       550     0    19     1    10
 -2.6323300576100522E+01 a       551     0    19     1    11
 -2.5644873463020179E+00 a       552     0    19     1    12
 -3.7725978145837171E+00 a       553     0    19     1    13
 -1.0973987337843133E-01 a       554     0    19     1    14
  7.9719654744226407E+00 a       555     0    19     1    15
 -8.6699893757792630E+00 a       556     0    19     1    16
  1.1453285452025441E+00 a       557     0    19     1    17
  1.1992746757550702E+01 a       558     0    19     1    18
  1.4473321230313854E-01 a       559     0    19     1    19
  2.2929283044132593E+01 a       560     0    19     1    20
 -4.8494363005789221E-01 a       561     0    19     1    21
 -9.5773243719906400E+00 a       562     0    19     1    22
  1.0266366747513324E+01 a       563     0    19     1    23
 -4.9971332438936482E+00 a       564     0    19     1    24
 -5.5259164213333021E+00 a       565     0    19     1    25
 -3.5220112013646929E+00 a       566     0    19     1    26
 -6.8012991173090587E+00 a       567     0    19     1    27
  8.8713407586858004E+00 a       568     0    19     1    28
  4.5220941015158242E+00 a       569     0    19     1    29
 -5.5009180284088757E+00 a       570     0    19     1    30
  2.1124217048651790E+00 a       571     0    20     1     1
  2.6430659815559339E+00 a       572     0    20     1     2
  3.3216654620819615E+00 a       573     0    20     1     3
  3.0927320863962495E+00 a       574     0    20     1     4
 -3.7267799768518866E+00 a       575     0    20     1     5
 -1.2393322896624808E+01 a       576     0    20     1     6
  1.7526529885516235E+00 a       577     0    20     1     7
  5.5740124133863853E+00 a       578     0    20     1     8
 -3.3919882918004158E+00 a       579     0    20     1     9
  5.5176673157285050E+00 a       580     0    20     1    10
 -8.3370373006083760E+00 a       581     0    20     1    11
 -4.3778664606668620E+00 a       582     0    20     1    12
 -5.1484674600849178E+00 a       583     0    20     1    13
 -2.0953337015586797E+01 a       584     0    20     1    14
  8.6051961348523900E+00 a       585     0    20     1    15
  7.5931858901300275E+00 a       586     0    20     1    16
  4.2752325937298865E+00 a       587     0    20     1    17
  7.1552597869558667E+00 a       588     0    20     1    18
 -3.8367875579038713E+00 a       589     0    20     1    19
 -1.0037200054142235E+00 a       590     0    20     1    20
  2.4763138299114336E+00 a       591     0    20     1    21
  1.1837615827326848E+00 a       592     0    20     1    22
 -1.0873403748624925E+01 a       593     0    20     1    23
 -7.6062476168737980E+00 a       594     0    20     1    24
 -1.0257466327213372E+01 a       595     0    20     1    25
 -2.4372764216064891E+00 a       596     0    20     1    26
 -4.5894229832371430E-01 a       597     0    20     1    27
 -8.3229555843983771E+00 a       598     0    20     1    28
  2.3685923638778439E+00 a       599     0    20     1    29
  5.2108920614333814E+00 a       600     0    20     1    30
  3.3873384238441656E-01 a       601     0    21     1     1
 -3.3371574663604782E+00 a       602     0    21     1     2
 -1.1344645490524803E+00 a       603     0    21     1     3
 -1.8221678117392011E+00 a       604     0    21     1     4
  3.0188357771912183E-01 a       605     0    21     1     5
  3.7179805329792841E+00 a       606     0    21     1     6
  3.7962757098635649E+00 a       607     0    21     1     7
  4.3413689607112786E+00 a       608     0    21     1     8
 -1.1917164242149125E+01 a       609     0    21     1     9
  1.0449583922121631E+01 a       610     0    21     1    10
  1.0201010051400832E+01 a       611     0    21     1    11
 -6.6430551190102971E+00 a       612     0    21     1    12
 -1.2472128848700109E+01 a       613     0    21     1    13
  5.8024571763490007E-01 a       614     0    21     1    14
  1.2034437487127005E+00 a       615     0    21     1    15
 -6.8361217634212936E+00 a       616     0    21     1    16
 -1.6210703063691629E+00 a       617     0    21     1    17
  1.0227124018088990E-01 a       618     0    21     1    18
  1.5671768780281916E+00 a       619     0    21     1    19
  7.2213588205879722E+00 a       620     0    21     1    20
  9.2558403202108135E+00 a       621     0    21     1    21
  1.8838107574247196E+00 a       622     0    21     1    22
 -1.1445866718357079E+01 a       623     0    21     1    23
 -1.4426297353265216E+01 a       624     0    21     1    24
  1.3302537320912597E+01 a       625     0    21     1    25
 -2.1221322586159896E-01 a       626     0    21     1    26
 -2.7606366145036763E+00 a       627     0    21     1    27
 -1.3633443083161428E+01 a       628     0    21     1    28
 -8.0681880174355936E+00 a       629     0    21     1    29
  3.9203062180483750E+00 a       630     0    21     1    30
 -1.1769177272757220E+01 a       631     0    22     1     1
  9.4725332190785601E+00 a       632     0    22     1     2
 -1.6093469486601588E+01 a       633     0    22     1     3
 -7.9183044927430890E-02 a       634     0    22     1     4
  2.1594596748938606E+01 a       635     0    22     1     5
  1.8396950711855073E+01 a       636     0    22     1     6
  2.1924783246860873E+00 a       637     0    22     1     7
 -1.0911243160891711E+01 a       638     0    22     1     8
  7.7998168094894602E+00 a       639     0    22     1     9
  9.6359266308751357E-01 a       640     0    22     1    10
  5.6420076693120542E+00 a       641     0    22     1    11
  6.4778435430718462E+00 a       642     0    22     1    12
 -1.2011172733391369E+01 a       643     0    22     1    13
  1.3365270741111036E+01 a       644     0    22     1    14
 -1.6411986132883083E+00 a       645     0    22     1    15
 -1.1786555643159293E+01 a       646     0    22     1    16
 -1.4640372745632380E+01 a       647     0    22     1    17
 -1.4401990188695777E+01 a       648     0    22     1    18
  9.0186133544197684E+00 a       649     0    22     1    19
  4.3026798106344133E-01 a       650     0    22     1    20
 -6.2597888515344584E+00 a       651     0    22     1    21
  7.5900896727383271E+00 a       652     0    22     1    22
 -6.3149625893395207E+00 a       653     0    22     1    23
  1.1613861382882151E+01 a       654     0    22     1    24
  8.7115575578313429E+00 a       655     0    22     1    25
  6.2762764810287992E+00 a       656     0    22     1    26
  4.0819075190455330E+00 a       657     0    22     1    27
  1.5918704723900165E-01 a       658     0    22     1    28
 -9.8536787659250269E+00 a       659     0    22     1    29
 -1.4756691459736949E+01 a       660     0    22     1    30
 -8.6664817216716354E+00 a       661     0    23     1     1
  6.3843600428653113E+00 a       662     0    23     1     2
 -1.0261596257998331E+00 a       663     0    23     1     3
 -1.3612738676377804E+01 a       664     0    23     1     4
  6.6137913916013824E-01 a       665     0    23     1     5
  6.4706006366051465E+00 a       666     0    23     1     6
  3.6257699134980013E+00 a       667     0    23     1     7
  2.5729280446030110E+01 a       668     0    23     1     8
  3.7422286457555654E+00 a       669     0    23     1     9
 -6.0914164248996938E+00 a       670     0    23     1    10
  8.9631838652277445E+00 a       671     0    23     1    11
 -7.4502629230674220E+00 a       672     0    23     1    12
  8.4449670524381304E+00 a       673     0    23     1    13
  9.5355164143163602E+00 a       674     0    23     1    14
 -1.0548260327245979E+01 a       675     0    23     1    15
  9.1210888604814748E+00 a       676     0    23     1    16
  7.8502891037557436E+00 a       677     0    23     1    17
  3.1305252656894833E+00 a       678     0    23     1    18
 -7.4928926513444372E-01 a       679     0    23     1    19
 -1.9174018001345477E+01 a       680     0    23     1    20
 -9.8076295867901919E+00 a       681     0    23     1    21
  2.2830156178772909E+00 a       682     0    23     1    22
 -8.3445635273256862E+00 a       683     0    23     1    23
 -1.1985005792460481E+00 a       684     0    23     1    24
 -1.2930628035907041E+00 a       685     0    23     1    25
 -4.4813430522943731E+00 a       686     0    23     1    26
 -1.5109057573061136E+01 a       687     0    23     1    27
  1.3927213460797233E+01 a       688     0    23     1    28
 -1.5112266012043452E+01 a       689     0    23     1    29
 -5.9897579930399947E-01 a       690     0    23     1    30
  1.0535364471889277E+00 a       691     0    24     1     1
 -1.4185529336285858E+00 a       692     0    24     1     2
 -6.4133065577501354E+00 a       693     0    24     1     3
  1.1410918474075034E+01 a       694     0    24     1     4
 -1.2552097940475955E+01 a       695     0    24     1     5
 -9.5045026525107623E-01 a       696     0    24     1     6
  1.2201549504702031E+01 a       697     0    24     1     7
 -1.3244869048937694E+01 a       698     0    24     1     8
 -7.0293178090611921E+00 a       699     0    24     1     9
 -8.7521092116736696E+00 a       700     0    24     1    10
 -1.6409390789232241E+01 a       701     0    24     1    11
 -7.3793963026744858E-01 a       702     0    24     1    12
 -5.4596657724220812E+00 a       703     0    24     1    13
 -8.6516473676591694E+00 a       704     0    24     1    14
  3.9142105968228660E+00 a       705     0    24     1    15
  9.7760361811748115E+00 a       706     0    24     1    16
  2.9289848151060478E+00 a       707     0    24     1    17
 -2.6467130268609762E+00 a       708     0    24     1    18
 -1.0709701978960679E+01 a       709     0    24     1    19
 -1.9634697109393162E+00 a       710     0    24     1    20
 -8.3381924546573689E+00 a       711     0    24     1    21
 -4.0473229658444287E+00 a       712     0    24     1    22
  1.1737770960252602E+01 a       713     0    24     1    23
 -3.7498934649365923E-01 a       714     0    24     1    24
 -8.5161354817149260E+00 a       715     0    24     1    25
  9.1948964113382203E+00 a       716     0    24     1    26
  4.5636961662809272E-01 a       717     0    24     1    27
 -1.2094086280332672E+01 a       718     0    24     1    28
  1.5432717112223853E+00 a       719     0    24     1    29
  2.1317501705803007E+01 a       720     0    24     1    30
  1.5502577032851447E+01 a       721     0    25     1     1
 -1.1532076968897155E+01 a       722     0    25     1     2
 -1.0674994334766827E+01 a       723     0    25     1     3
  1.7346947467140956E+00 a       724     0    25     1     4
 -8.7875107932389831E+00 a       725     0    25     1     5
 -2.4713832767297948E+01 a       726     0    25     1     6
  4.7598819353307800E+00 a       727     0    25     1     7
 -2.5862139781704534E+00 a       728     0    25     1     8
 -1.2020323947316969E+01 a       729     0    25     1     9
 -1.4258322157141590E+01 a       730     0    25     1    10
 -5.5513254772146015E+00 a       731     0    25     1    11
 -1.4557343361300521E+01 a       732     0    25     1    12
 -8.7428235902111400E+00 a       733     0    25     1    13
 -1.2343715851126282E+01 a       734     0    25     1    14
  1.2719714163155128E+01 a       735     0    25     1    15
  3.0132398071999003E+00 a       736     0    25     1    16
  2.3893945523427922E+00 a       737     0    25     1    17
  1.6004104351441992E+01 a       738     0    25     1    18
 -1.2915645004024771E+01 a       739     0    25     1    19
 -1.1282238276252770E+01 a       740     0    25     1    20
  3.6763463991980716E+00 a       741     0    25     1    21
 -2.0193524901621615E+01 a       742     0    25     1    22
 -1.1047370082873778E+01 a       743     0    25     1    23
 -2.1833132379573701E+01 a       744     0    25     1    24
 -1.4199300196170318E+01 a       745     0    25     1    25
 -8.7545102496421769E+00 a       746     0    25     1    26
 -3.7247277808836285E+00 a       747     0    25     1    27
 -6.9276201055066764E+00 a       748     0    25     1    28
  2.3166728681160409E+00 a       749     0    25     1    29
  1.9775041596675607E+00 a       750     0    25     1    30
  2.2340987300201518E+00 a       751     0    26     1     1
 -6.6275636192183676E+00 a       752     0    26     1     2
  5.2640047583082943E+00 a       753     0    26     1     3
 -7.2106755478115780E-01 a       754     0    26     1     4
 -7.0553545790838990E-01 a       755     0    26     1     5
  2.1809711093860618E-01 a       756     0    26     1     6
 -9.8630302628750677E+00 a       757     0    26     1     7
 -6.1048621957469305E+00 a       758     0    26     1     8
  7.2697795870895927E+00 a       759     0    26     1     9
 -3.4544330170838800E-01 a       760     0    26     1    10
  1.0265377297051433E+01 a       761     0    26     1    11
  1.0203452502489990E+01 a       762     0    26     1    12
  1.1139328801730752E+00 a       763     0    26     1    13
 -1.6822197678551734E+00 a       764     0    26     1    14
 -3.1196528168513380E+00 a       765     0    26     1    15
  9.3059041646586707E+00 a       766     0    26     1    16
  4.1258790564235337E+00 a       767     0    26     1    17
 -1.2971683204027729E+01 a       768     0    26     1    18
  6.6768942962444755E-01 a       769     0    26     1    19
 -6.4619433892556950E+00 a       770     0    26     1    20
 -2.8131483802551984E+00 a       771     0    26     1    21
  1.0247184957693268E+01 a       772     0    26     1    22
 -3.2945640112406398E+00 a       773     0    26     1    23
 -5.6779339563345932E+00 a       774     0    26     1    24
 -9.8852202089481036E+00 a       775     0    26     1    25
 -7.1334113274893287E+00 a       776     0    26     1    26
  1.3525276282300380E+01 a       777     0    26     1    27
  1.2635989332450015E+01 a       778     0    26     1    28
  9.3769335189320324E-01 a       779     0    26     1    29
  4.0689551145040355E+00 a       780     0    26     1    30
  8.0913072635808581E-01 a       781     0    27     1     1
 -1.2243918448023798E+00 a       782     0    27     1     2
  1.5361357621672025E+00 a       783     0    27     1     3
  3.0083829733986875E+00 a       784     0    27     1     4
 -5.6103472654579285E+00 a       785     0    27     1     5
  1.7038704721745866E+01 a       786     0    27     1     6
 -6.6669884296101669E+00 a       787     0    27     1     7
 -5.1944934815626729E+00 a       788     0    27     1     8
  8.9570774546650096E+00 a       789     0    27     1     9
  2.7375644528904530E+00 a       790     0    27     1    10
  7.4690421669124305E+00 a       791     0    27     1    11
  8.5139927922488345E-01 a       792     0    27     1    12
  1.1622263568148542E+01 a       793     0    27     1    13
  6.9534471484100315E+00 a       794     0    27     1    14
 -1.0682846562479652E+01 a       795     0    27     1    15
  6.7058603163176773E+00 a       796     0    27     1    16
 -4.2289504835205234E+00 a       797     0    27     1    17
  6.0455269597069785E+00 a       798     0    27     1    18
 -1.0656483453464491E+00 a       799     0    27     1    19
  1.0499671788258752E+01 a       800     0    27     1    20
 -4.5849737541264712E+00 a       801     0    27     1    21
 -3.3394237720742499E+00 a       802     0    27     1    22
  1.4593341242639067E+01 a       803     0    27     1    23
  5.0290509782367188E-01 a       804     0    27     1    24
  5.3899090414808519E+00 a       805     0    27     1    25
  3.4568061668829326E+00 a       806     0    27     1    26
 -5.2755120721939663E+00 a       807     0    27     1    27
  5.3357565136217273E+00 a       808     0    27     1    28
  9.2267891813561072E+00 a       809     0    27     1    29
  6.6779957931479004E+00 a       810     0    27     1    30
  2.3975630438179798E+00 a       811     0    28     1     1
 -4.2354659144670048E+00 a       812     0    28     1     2
  1.1093023403945995E+01 a       813     0    28     1     3
  8.2299053950053445E+00 a       814     0    28     1     4
 -8.1504136981778004E+00 a       815     0    28     1     5
 -4.3741730629323433E-01 a       816     0    28     1     6
  3.5693607778982814E+00 a       817     0    28     1     7
  3.5464055587957852E+00 a       818     0    28     1     8
  4.8454444895934508E+00 a       819     0    28     1     9
  8.5196232298637806E+00 a       820     0    28     1    10
 -1.2143272859921504E+01 a       821     0    28     1    11
  1.2446280989770623E+01 a       822     0    28     1    12
  1.9826217304197900E+00 a       823     0    28     1    13
 -4.5119575865649146E+00 a       824     0    28     1    14
 -1.5688197400747491E+01 a       825     0    28     1    15
 -1.3639409098550063E+01 a       826     0    28     1    16
  5.6078276921907362E+00 a       827     0    28     1    17
 -1.5215041310567649E+01 a       828     0    28     1    18
  4.0293435622426435E+00 a       829     0    28     1    19
 -3.7116173830812889E+00 a       830     0    28     1    20
 -1.2285204499037107E+01 a       831     0    28     1    21
  1.2998474769595258E+00 a       832     0    28     1    22
 -6.0213582101502752E+00 a       833     0    28     1    23
  1.5494289270877852E+01 a       834     0    28     1    24
 -8.9101508432168952E+00 a       835     0    28     1    25
  5.3102079043836010E+00 a       836     0    28     1    26
  9.6567550386269563E+00 a       837     0    28     1    27
  7.7057141810477914E+00 a       838     0    28     1    28
  5.6214979503567601E+00 a       839     0    28     1    29
  1.0498739168536764E+01 a       840     0    28     1    30
 -1.2987999751305145E+01 a       841     0    29     1     1
  1.5055255121665787E+01 a       842     0    29     1     2
 -7.2721649956969632E+00 a       843     0    29     1     3
 -7.3598511338545214E-01 a       844     0    29     1     4
 -3.6101303417650819E+00 a       845     0    29     1     5
  2.0254173088817026E+01 a       846     0    29     1     6
 -5.3095366550270189E+00 a       847     0    29     1     7
 -6.9155021587472607E+00 a       848     0    29     1     8
  1.4962036149210810E+01 a       849     0    29     1     9
  2.5621341730664726E+00 a       850     0    29     1    10
 -8.4971737102153733E-01 a       851     0    29     1    11
 -3.3114421350111996E+00 a       852     0    29     1    12
 -4.1956226324580683E+00 a       853     0    29     1    13
 -6.5502982493067714E+00 a       854     0    29     1    14
 -9.7087253550268482E+00 a       855     0    29     1    15
  1.7514715861272375E+01 a       856     0    29     1    16
  3.0320239070914248E+00 a       857     0    29     1    17
  1.9434076013450263E+00 a       858     0    29     1    18
 -5.9684062298982008E+00 a       859     0    29     1    19
  8.2705872385256765E+00 a       860     0    29     1    20
 -1.2157549871627760E+00 a       861     0    29     1    21
  6.7047020733308553E+00 a       862     0    29     1    22
  2.0182016593560803E+01 a       863     0    29     1    23
 -3.5948871832979452E+00 a       864     0    29     1    24
  3.2876127610077086E+00 a       865     0    29     1    25
  8.6105686588569981E+00 a       866     0    29     1    26
 -1.0430781872053757E+01 a       867     0    29     1    27
 -8.2064804693799847E+00 a       868     0    29     1    28
  2.5754162296401497E+00 a       869     0    29     1    29
  3.7734130270648345E+00 a       870     0    29     1    30
  4.7952508014371986E+00 a       871     0    30     1     1
  1.4730990832782953E+00 a       872     0    30     1     2
  3.5107195201668366E+00 a       873     0    30     1     3
  7.1240881864937080E+00 a       874     0    30     1     4
 -2.2287037595222992E+00 a       875     0    30     1     5
  4.0878118445580292E+00 a       876     0    30     1     6
 -4.3514134725184190E+00 a       877     0    30     1     7
  2.2865460504363337E+00 a       878     0    30     1     8
  1.1113704311808141E+00 a       879     0    30     1     9
 -1.0129502565586593E+01 a       880     0    30     1    10
  1.0210057807256794E+00 a       881     0    30     1    11
  3.5533436038933330E+00 a       882     0    30     1    12
  4.5549246766233376E+00 a       883     0    30     1    13
 -1.9180743815783190E+00 a       884     0    30     1    14
 -3.7882384657235844E+00 a       885     0    30     1    15
 -3.4325018931569460E+00 a       886     0    30     1    16
  9.9007521252990802E+00 a       887     0    30     1    17
 -1.8292046413087018E+00 a       888     0    30     1    18
 -2.0058483662039355E+00 a       889     0    30     1    19
 -4.2388725526118254E+00 a       890     0    30     1    20
 -1.3252954712247650E+01 a       891     0    30     1    21
  7.3873709172178694E+00 a       892     0    30     1    22
 -6.2895486529360034E-01 a       893     0    30     1    23
  3.9957303089502594E-01 a       894     0    30     1    24
  3.9142122767027354E+00 a       895     0    30     1    25
 -3.6659183357393927E+00 a       896     0    30     1    26
 -1.5617164725267907E+00 a       897     0    30     1    27
 -8.4016065655832683E+00 a       898     0    30     1    28
  1.0263732901422175E+01 a       899     0    30     1    29
 -6.4824071593669368E+00 a       900     0    30     1    30
 -1.8297775667786171E+00 a       901     0    31     1     1
  2.6568917581449805E+00 a       902     0    31     1     2
  1.6836730374854789E+00 a       903     0    31     1     3
  2.7657184863092401E+00 a       904     0    31     1     4
 -1.9412203354351334E+00 a       905     0    31     1     5
 -3.6241043684306851E-01 a       906     0    31     1     6
 -1.2012482145795700E+00 a       907     0    31     1     7
 -5.2827923988087413E+00 a       908     0    31     1     8
 -1.1693631421598516E+00 a       909     0    31     1     9
  8.7666316671398175E+00 a       910     0    31     1    10
 -2.7972855104494165E+00 a       911     0    31     1    11
 -2.7913038323214385E+00 a       912     0    31     1    12
 -2.3957375366835536E+00 a       913     0    31     1    13
  5.6852077506389032E+00 a       914     0    31     1    14
  2.6264568109691764E+00 a       915     0    31     1    15
 -1.2724592430220996E+01 a       916     0    31     1    16
 -1.3997405606221170E+01 a       917     0    31     1    17
  1.8141009624871258E+00 a       918     0    31     1    18
  3.0545838976638722E+00 a       919     0    31     1    19
  1.8752527504055958E+00 a       920     0    31     1    20
  8.0902557266755704E+00 a       921     0    31     1    21
 -9.0170430998069264E+00 a       922     0    31     1    22
 -8.3920376403481578E-01 a       923     0    31     1    23
 -1.4954867271657346E+00 a       924     0    31     1    24
 -2.8349945908622143E+00 a       925     0    31     1    25
 -4.8041550613891797E+00 a       926     0    31     1    26
  7.3126994666506206E+00 a       927     0    31     1    27
  3.4867680853191447E+00 a       928     0    31     1    28
  7.7119323073875312E-01 a       929     0    31     1    29
  9.8048183518821252E-01 a       930     0    31     1    30
 -2.1524246125832380E-01 a       931     0    32     1     1
 -3.7891890468138358E+00 a       932     0    32     1     2
  1.3918752511928226E+01 a       933     0    32     1     3
 -2.5809703829309418E+00 a       934     0    32     1     4
  5.0906599604725642E+00 a       935     0    32     1     5
 -1.1823149197787810E+01 a       936     0    32     1     6
  6.8666848110956051E+00 a       937     0    32     1     7
  1.1476944341264124E+01 a       938     0    32     1     8
 -1.1763260523358960E+01 a       939     0    32     1     9
  5.5931974007678003E+00 a       940     0    32     1    10
 -5.2056896981015575E+00 a       941     0    32     1    11
  7.4839884713033671E+00 a       942     0    32     1    12
  2.2061721965314360E+00 a       943     0    32     1    13
  5.2328994285398780E+00 a       944     0    32     1    14
  8.4486542941903391E+00 a       945     0    32     1    15
 -1.3010207087034651E+01 a       946     0    32     1    16
  5.1573426464856409E+00 a       947     0    32     1    17
 -8.2818427755095456E+00 a       948     0    32     1    18
  8.8964495380701951E+00 a       949     0    32     1    19
 -7.2412593830305596E+00 a       950     0    32     1    20
  8.5633258834169212E-01 a       951     0    32     1    21
  7.9392860494656006E+00 a       952     0    32     1    22
 -9.5868141150136221E+00 a       953     0    32     1    23
  5.8229539475403724E+00 a       954     0    32     1    24
 -7.7604912188255770E-01 a       955     0    32     1    25
 -5.7464263594780283E+00 a       956     0    32     1    26
  7.7335815506807215E+00 a       957     0    32     1    27
  2.9468027772470493E+00 a       958     0    32     1    28
 -8.1269803163537091E+00 a       959     0    32     1    29
 -3.4057624279994103E+00 a       960     0    32     1    30
 -1.7331786628413133E+00 a       961     0    33     1     1
 -2.9691530569362854E+00 a       962     0    33     1     2
  2.0492370057451703E+00 a       963     0    33     1     3
 -1.1592993851738598E+01 a       964     0    33     1     4
  8.0041243391343464E+00 a       965     0    33     1     5
 -6.5223588774358214E+00 a       966     0    33     1     6
 -8.4907906404466460E-01 a       967     0    33     1     7
 -8.6849898223570037E+00 a       968     0    33     1     8
 -6.3100803810365047E+00 a       969     0    33     1     9
  8.0995068926401323E+00 a       970     0    33     1    10
  6.9927231619402876E+00 a       971     0    33     1    11
 -6.9457133150207195E-01 a       972     0    33     1    12
 -1.2983380293109754E+00 a       973     0    33     1    13
  5.8653639037969150E+00 a       974     0    33     1    14
 -3.2485677221927195E-01 a       975     0    33     1    15
  7.0010213775468424E+00 a       976     0    33     1    16
 -5.6717146976734885E+00 a       977     0    33     1    17
  4.7221907441523960E+00 a       978     0    33     1    18
 -3.0269124008670114E+00 a       979     0    33     1    19
  2.4447508290798599E+00 a       980     0    33     1    20
  1.6357314678941361E+01 a       981     0    33     1    21
 -6.2258241122993840E-01 a       982     0    33     1    22
 -2.1385149988522762E+00 a       983     0    33     1    23
 -3.1514290686421664E+00 a       984     0    33     1    24
 -6.3794869420636093E+00 a       985     0    33     1    25
  2.9538395839768143E+00 a       986     0    33     1    26
  2.7346469645752558E-01 a       987     0    33     1    27
  9.1176483191669107E+00 a       988     0    33     1    28
 -8.2991001803890665E+00 a       989     0    33     1    29
  1.9024514973546647E+00 a       990     0    33     1    30
 -1.1286480432459209E+01 a       991     0    34     1     1
  3.0084177162276218E+00 a       992     0    34     1     2
 -3.2131856656859492E+00 a       993     0    34     1     3
  3.0002181487077992E+00 a       994     0    34     1     4
 -8.1339511007674865E+00 a       995     0    34     1     5
  6.9320685550905488E+00 a       996     0    34     1     6
  1.3185456164056385E+01 a       997     0    34     1     7
  1.7249609766274109E+01 a       998     0    34     1     8
 -6.1671291528725702E-01 a       999     0    34     1     9
  6.4826341908031084E+00 a      1000     0    34     1    10
  8.8707324397655114E+00 a      1001     0    34     1    11
 -4.8088373043314858E+00 a      1002     0    34     1    12
  2.1248722786981422E+00 a      1003     0    34     1    13
 -8.1900245189843730E+00 a      1004     0    34     1    14
  8.6836244464003158E+00 a      1005     0    34     1    15
 -6.3141458979825513E+00 a      1006     0    34     1    16
 -3.0936025607452051E+00 a      1007     0    34     1    17
 -1.3747514976961410E+01 a      1008     0    34     1    18
 -1.0638068340535127E+00 a      1009     0    34     1    19
 -5.0701496882529762E+00 a      1010     0    34     1    20
  3.2486032319039344E+00 a      1011     0    34     1    21
  5.2598174800881141E+00 a      1012     0    34     1    22
 -3.7102410851984455E+00 a      1013     0    34     1    23
  1.5163833945983867E+00 a      1014     0    34     1    24
 -8.2219045037955207E-01 a      1015     0    34     1    25
  7.2096293040592343E+00 a      1016     0    34     1    26
  2.0265168306252326E+00 a      1017     0    34     1    27
  6.8301336467563334E-01 a      1018     0    34     1    28
  6.8507865577596094E+00 a      1019     0    34     1    29
 -3.0416272995043094E+00 a      1020     0    34     1    30
  2.1303959784000156E+01 a      1021     0    35     1     1
  4.3362084185417933E+00 a      1022     0    35     1     2
 -4.7398070378991441E+00 a      1023     0    35     1     3
  3.5192425238150773E+00 a      1024     0    35     1     4
 -2.9651358445535081E+00 a      1025     0    35     1     5
  4.9868840683342963E+00 a      1026     0    35     1     6
  7.2179584280326567E+00 a      1027     0    35     1     7
  2.1611794505523463E+00 a      1028     0    35     1     8
  1.8659066846398953E+00 a      1029     0    35     1     9
 -4.7396343917165868E+00 a      1030     0    35     1    10
 -6.4328617167657010E+00 a      1031     0    35     1    11
 -2.1141327711343640E+00 a      1032     0    35     1    12
 -1.5389153660086867E+01 a      1033     0    35     1    13
  2.3838762831389855E+00 a      1034     0    35     1    14
  1.9688174800312265E+01 a      1035     0    35     1    15
  6.8565068874631230E-01 a      1036     0    35     1    16
  1.0819100975053870E+00 a      1037     0    35     1    17
  5.9548529501871483E-01 a      1038     0    35     1    18
 -4.5641474645742441E-01 a      1039     0    35     1    19
  3.2171034412013486E+00 a      1040     0    35     1    20
 -1.1734898342444440E+01 a      1041     0    35     1    21
  1.1828278087656166E+01 a      1042     0    35     1    22
 -2.0901896260389465E+00 a      1043     0    35     1    23
 -7.1624932469831384E+00 a      1044     0    35     1    24
 -8.4421259388671892E+00 a      1045     0    35     1    25
 -2.2059709861219283E+00 a      1046     0    35     1    26
 -7.8423085121914164E+00 a      1047     0    35     1    27
 -3.5621682801785937E-01 a      1048     0    35     1    28
 -1.0064591943663868E+00 a      1049     0    35     1    29
  5.8143653914180715E-01 a      1050     0    35     1    30
  2.6665162280953014E+00 a      1051     0    36     1     1
 -8.9341599673518712E-01 a      1052     0    36     1     2
 -5.7858420331484455E+00 a      1053     0    36     1     3
  3.8685340689844283E+00 a      1054     0    36     1     4
 -4.7850688970619046E+00 a      1055     0    36     1     5
  6.9627984270043077E+00 a      1056     0    36     1     6
 -8.1607736345899582E+00 a      1057     0    36     1     7
 -1.2523925952181308E+01 a      1058     0    36     1     8
  7.3870636556220566E+00 a      1059     0    36     1     9
 -5.1575341535645114E+00 a      1060     0    36     1    10
  6.6708453849408711E+00 a      1061     0    36     1    11
 -1.0668791389666119E+01 a      1062     0    36     1    12
 -5.4508510196478603E+00 a      1063     0    36     1    13
 -1.1132716520904237E+01 a      1064     0    36     1    14
 -4.9615657652515948E+00 a      1065     0    36     1    15
  2.0094012681915729E+01 a      1066     0    36     1    16
 -1.1018527499638919E+01 a      1067     0    36     1    17
  4.2899647704630164E+00 a      1068     0    36     1    18
 -8.1606894482338568E+00 a      1069     0    36     1    19
  3.0816157012058811E+00 a      1070     0    36     1    20
 -3.1711186411082575E+00 a      1071     0    36     1    21
 -4.5238435050795536E+00 a      1072     0    36     1    22
  1.8800720802128443E-01 a      1073     0    36     1    23
 -5.6114681737605938E+00 a      1074     0    36     1    24
 -4.0807346070320509E+00 a      1075     0    36     1    25
  3.0512736887089584E+00 a      1076     0    36     1    26
 -1.3759760597727768E+00 a      1077     0    36     1    27
  5.6054455381776460E+00 a      1078     0    36     1    28
  1.3305772225818036E+00 a      1079     0    36     1    29
  4.7427266662740131E+00 a      1080     0    36     1    30
 -5.9775751582129582E+00 a      1081     0    37     1     1
  1.2949549286445114E+00 a      1082     0    37     1     2
 -1.1667590530113634E+00 a      1083     0    37     1     3
  8.8651251556595878E-01 a      1084     0    37     1     4
 -3.2231707018488613E+00 a      1085     0    37     1     5
  1.0484663900753610E+00 a      1086     0    37     1     6
 -1.7904966143390530E-01 a      1087     0    37     1     7
  8.4459792545074241E-01 a      1088     0    37     1     8
  5.8353230884000684E-01 a      1089     0    37     1     9
  4.2901013338891669E+00 a      1090     0    37     1    10
 -3.0680063875512515E+00 a      1091     0    37     1    11
 -1.8307336659999185E-01 a      1092     0    37     1    12
  2.5004128650548409E+00 a      1093     0    37     1    13
 -6.3645145823430243E+00 a      1094     0    37     1    14
 -4.7437295697409265E+00 a      1095     0    37     1    15
 -2.1733364468996190E+00 a      1096     0    37     1    16
 -6.0415006720713427E-01 a      1097     0    37     1    17
 -8.7912514239166972E-01 a      1098     0    37     1    18
  1.0988074516625397E+00 a      1099     0    37     1    19
 -2.2288204481862990E+00 a      1100     0    37     1    20
  5.8276210110782563E+00 a      1101     0    37     1    21
  3.7530003718906979E-01 a      1102     0    37     1    22
  9.7019813199537575E-01 a      1103     0    37     1    23
  1.4372471378174432E+00 a      1104     0    37     1    24
 -2.7374470274928653E-01 a      1105     0    37     1    25
  9.8509165721613701E-01 a      1106     0    37     1    26
  4.2610744154217546E+00 a      1107     0    37     1    27
  1.6526083979697033E+00 a      1108     0    37     1    28
 -1.7339703147913219E+00 a      1109     0    37     1    29
  1.0781963817470561E+00 a      1110     0    37     1    30
  9.6950164960401386E-01 a      1111     0    38     1     1
  7.5229807362968637E-01 a      1112     0    38     1     2
  8.4350746381984781E-02 a      1113     0    38     1     3
  9.3911646567704987E-01 a      1114     0    38     1     4
 -2.9077085590909524E-01 a      1115     0    38     1     5
 -6.3373637011312267E-01 a      1116     0    38     1     6
 -9.0936452614541574E-01 a      1117     0    38     1     7
 -1.1490882281694095E+00 a      1118     0    38     1     8
  3.9914719768126078E-01 a      1119     0    38     1     9
  2.0053925792843708E+00 a      1120     0    38     1    10
  8.9247583211083592E-01 a      1121     0    38     1    11
 -1.4118602083390255E-01 a      1122     0    38     1    12
  4.3608377769281370E-01 a      1123     0    38     1    13
  1.5863114779893019E+00 a      1124     0    38     1    14
 -3.7310269988396383E-01 a      1125     0    38     1    15
  2.4168691435358571E-03 a      1126     0    38     1    16
  5.7699667873901045E-02 a      1127     0    38     1    17
 -8.5735649421138468E-02 a      1128     0    38     1    18
  1.3656004098268137E+00 a      1129     0    38     1    19
 -1.0672859163588233E+00 a      1130     0    38     1    20
  1.2786302686527082E+00 a      1131     0    38     1    21
 -7.7541123652244104E-01 a      1132     0    38     1    22
  7.8964765948369553E-01 a      1133     0    38     1    23
 -7.8888320393659472E-01 a      1134     0    38     1    24
 -1.2869562681857531E+00 a      1135     0    38     1    25
 -1.0641403577032391E+00 a      1136     0    38     1    26
  3.5501946540923108E+00 a      1137     0    38     1    27
  1.4024509595606831E+00 a      1138     0    38     1    28
  1.9958461753400321E+00 a      1139     0    38     1    29
  1.1246178211303075E+00 a      1140     0    38     1    30
 -1.9233231779651887E+00 a      1141     0    39     1     1
 -6.4584619907571588E+00 a      1142     0    39     1     2
  1.4189142144767106E+00 a      1143     0    39     1     3
 -1.8637554904951003E+01 a      1144     0    39     1     4
  4.8884171130868764E-02 a      1145     0    39     1     5
  4.9366564427953277E+00 a      1146     0    39     1     6
  3.9056536103812740E+00 a      1147     0    39     1     7
  1.0069098674213361E+01 a      1148     0    39     1     8
 -4.3935510774542097E+00 a      1149     0    39     1     9
 -1.3460653734583785E+00 a      1150     0    39     1    10
  8.4980963670594012E-01 a      1151     0    39     1    11
 -5.9858929019180414E+00 a      1152     0    39     1    12
  7.9869104923737111E-01 a      1153     0    39     1    13
 -4.6225162733004623E+00 a      1154     0    39     1    14
 -9.4064104298981688E-01 a      1155     0    39     1    15
  4.2660396262914491E+00 a      1156     0    39     1    16
 -1.1028065629234716E+00 a      1157     0    39     1    17
  7.3439091753607322E+00 a      1158     0    39     1    18
  5.9666780830585475E+00 a      1159     0    39     1    19
 -6.6476027561835638E+00 a      1160     0    39     1    20
 -1.1470064409955160E+01 a      1161     0    39     1    21
 -1.1698497535108765E+00 a      1162     0    39     1    22
  1.2466742202494974E+01 a      1163     0    39     1    23
  3.8794423025862612E-01 a      1164     0    39     1    24
 -6.1286860985976088E-01 a      1165     0    39     1    25
 -4.5586389711161681E+00 a      1166     0    39     1    26
  2.5624633200661227E+00 a      1167     0    39     1    27
 -1.4241712106761982E+01 a      1168     0    39     1    28
 -7.0337798344485760E+00 a      1169     0    39     1    29
  5.7605612502731454E+00 a      1170     0    39     1    30
 -7.9328829265453082E+00 a      1171     0    40     1     1
  3.7824838959340359E+00 a      1172     0    40     1     2
  3.5704089992435417E+00 a      1173     0    40     1     3
  4.2987382272164192E+00 a      1174     0    40     1     4
  1.8815501451979348E+00 a      1175     0    40     1     5
 -1.0992652073438589E+00 a      1176     0    40     1     6
 -4.1893158175898311E+00 a      1177     0    40     1     7
 -5.0159365388034871E-01 a      1178     0    40     1     8
  8.7268160056297173E-01 a      1179     0    40     1     9
  3.5441216236260176E-01 a      1180     0    40     1    10
 -3.0533147642673120E+00 a      1181     0    40     1    11
  1.5088377711881154E+00 a      1182     0    40     1    12
  1.9969553694879920E+00 a      1183     0    40     1    13
 -3.2126500819420756E-01 a      1184     0    40     1    14
 -4.9097139788953195E+00 a      1185     0    40     1    15
 -2.4012890246461462E+00 a      1186     0    40     1    16
 -1.7718015419029027E+00 a      1187     0    40     1    17
  5.6899187935223228E-01 a      1188     0    40     1    18
  1.3616114729613114E+00 a      1189     0    40     1    19
 -2.2282883613199513E+00 a      1190     0    40     1    20
  1.5713475151959464E+00 a      1191     0    40     1    21
 -3.6242276372718352E+00 a      1192     0    40     1    22
 -4.9909797565173636E-01 a      1193     0    40     1    23
 -3.5486634711323166E+00 a      1194     0    40     1    24
 -3.1413773703144527E+00 a      1195     0    40     1    25
 -9.2708886575161603E-02 a      1196     0    40     1    26
  3.3111985663679704E+00 a      1197     0    40     1    27
  4.8804989055306915E+00 a      1198     0    40     1    28
  4.9233516721591919E-01 a      1199     0    40     1    29
  3.2861693351806442E+00 a      1200     0    40     1    30
 -5.7465458517982189E+00 a      1201     0    41     1     1
  1.6233107860972165E+01 a      1202     0    41     1     2
  1.6045187409478752E+00 a      1203     0    41     1     3
  7.9122718141728461E+00 a      1204     0    41     1     4
  2.1163245744989965E+00 a      1205     0    41     1     5
 -9.6831314237121680E-01 a      1206     0    41     1     6
 -5.5295907659917010E-01 a      1207     0    41     1     7
  6.6044263076615000E+00 a      1208     0    41     1     8
  2.4047403491569543E+00 a      1209     0    41     1     9
  1.8326375403369157E+00 a      1210     0    41     1    10
 -1.0673332318536362E+01 a      1211     0    41     1    11
  1.2969877269616891E+01 a      1212     0    41     1    12
  1.4548923199795540E+00 a      1213     0    41     1    13
  5.8097720911748407E+00 a      1214     0    41     1    14
 -3.9152880384163478E+00 a      1215     0    41     1    15
 -1.0405121634159222E+01 a      1216     0    41     1    16
  2.7147753989147638E-01 a      1217     0    41     1    17
  9.7764435859773813E-01 a      1218     0    41     1    18
  1.6893483272735206E+00 a      1219     0    41     1    19
  2.5308670581151649E+00 a      1220     0    41     1    20
  3.8322467669596383E-01 a      1221     0    41     1    21
  3.3791109131931640E+00 a      1222     0    41     1    22
 -3.1277972810269912E+00 a      1223     0    41     1    23
  9.0811884617102336E+00 a      1224     0    41     1    24
  3.1638166006322188E+00 a      1225     0    41     1    25
  2.6584872868973086E+00 a      1226     0    41     1    26
 -5.8496688004282431E+00 a      1227     0    41     1    27
  7.8789215583452679E+00 a      1228     0    41     1    28
  5.5033247856398919E+00 a      1229     0    41     1    29
 -3.2611103411913791E+00 a      1230     0    41     1    30
 -6.6595059146013789E+00 a      1231     0    42     1     1
  1.2054459627757442E+01 a      1232     0    42     1     2
 -6.2370999179636497E+00 a      1233     0    42     1     3
  1.1669301134088899E+01 a      1234     0    42     1     4
  4.7218101137518342E-01 a      1235     0    42     1     5
  1.2257760087348846E+00 a      1236     0    42     1     6
 -4.3029657082625041E+00 a      1237     0    42     1     7
 -1.4881205432907734E+00 a      1238     0    42     1     8
  8.6590952220515316E+00 a      1239     0    42     1     9
 -3.5788076146056582E+00 a      1240     0    42     1    10
 -1.1448378204029851E+01 a      1241     0    42     1    11
  4.7706733564951103E+00 a      1242     0    42     1    12
 -5.2437490105426665E+00 a      1243     0    42     1    13
 -5.4040588516127857E+00 a      1244     0    42     1    14
 -1.4295250481482320E+01 a      1245     0    42     1    15
  2.6991594894682747E+00 a      1246     0    42     1    16
 -7.0859026722583422E+00 a      1247     0    42     1    17
  2.8745052905050903E+00 a      1248     0    42     1    18
 -1.4771323056939747E+00 a      1249     0    42     1    19
  7.3129232647288755E-01 a      1250     0    42     1    20
  3.4456886635139434E+00 a      1251     0    42     1    21
 -2.9612811217290949E+00 a      1252     0    42     1    22
 -5.6183324203056930E+00 a      1253     0    42     1    23
 -9.0146630471905953E-01 a      1254     0    42     1    24
 -3.0698259784475468E+00 a      1255     0    42     1    25
  8.1981173053228495E+00 a      1256     0    42     1    26
 -6.0168464711168674E+00 a      1257     0    42     1    27
  1.1420055408422243E+01 a      1258     0    42     1    28
 -7.9305930952728199E-01 a      1259     0    42     1    29
 -1.4597552166381089E-02 a      1260     0    42     1    30
  1.3298566855587787E+01 a      1261     0    43     1     1
 -1.5610233383930300E+01 a      1262     0    43     1     2
  5.8957209698246178E+00 a      1263     0    43     1     3
 -2.7067108849523822E+00 a      1264     0    43     1     4
 -5.9977640313584424E-01 a      1265     0    43     1     5
 -6.0290497213126484E+00 a      1266     0    43     1     6
  3.8897404288592274E+00 a      1267     0    43     1     7
 -7.5266915084197876E+00 a      1268     0    43     1     8
 -5.8561135685056573E+00 a      1269     0    43     1     9
  5.6910628258125602E+00 a      1270     0    43     1    10
  1.8347787759876770E+01 a      1271     0    43     1    11
 -9.7411252817643117E+00 a      1272     0    43     1    12
  4.3290576390223876E+00 a      1273     0    43     1    13
  7.7513895093358114E+00 a      1274     0    43     1    14
  1.9763211447426190E+01 a      1275     0    43     1    15
  1.0867596566263609E+00 a      1276     0    43     1    16
  1.0171781632476382E+01 a      1277     0    43     1    17
 -9.0596079564804448E+00 a      1278     0    43     1    18
 -1.9425614175576733E+00 a      1279     0    43     1    19
  2.6997871854086712E+00 a      1280     0    43     1    20
  6.9014037592911528E+00 a      1281     0    43     1    21
  5.1571955816126778E+00 a      1282     0    43     1    22
  8.3289095296779492E-01 a      1283     0    43     1    23
 -3.3053313655805550E+00 a      1284     0    43     1    24
  1.0530257186801635E+00 a      1285     0    43     1    25
 -6.5367472498257753E+00 a      1286     0    43     1    26
  3.8603204550083414E+00 a      1287     0    43     1    27
 -7.8525566078416107E+00 a      1288     0    43     1    28
  4.2436576092663918E+00 a      1289     0    43     1    29
 -6.1969998774128037E+00 a      1290     0    43     1    30
 -4.7207319869024678E-01 a      1291     0    44     1     1
  5.3120599846376071E-01 a      1292     0    44     1     2
  7.7099595702214019E-01 a      1293     0    44     1     3
  9.3859467316572298E-02 a      1294     0    44     1     4
 -4.7428622274430393E-01 a      1295     0    44     1     5
 -9.6616118841188636E-01 a      1296     0    44     1     6
 -3.3215527909590299E+00 a      1297     0    44     1     7
 -1.5878973763259645E+00 a      1298     0    44     1     8
  2.0130869890240233E-01 a      1299     0    44     1     9
  9.4588167477614959E-01 a      1300     0    44     1    10
  1.2182768805480799E+00 a      1301     0    44     1    11
  4.3734570115729687E-01 a      1302     0    44     1    12
  1.7828541512843097E+00 a      1303     0    44     1    13
  2.0089421887719014E+00 a      1304     0    44     1    14
 -2.0389173252681068E+00 a      1305     0    44     1    15
  1.2904899636112180E-01 a      1306     0    44     1    16
  3.2068759516045884E-04 a      1307     0    44     1    17
  2.9118958967202513E-01 a      1308     0    44     1    18
  1.2509895126529962E+00 a      1309     0    44     1    19
  1.4369755131576226E-01 a      1310     0    44     1    20
  2.0566124449462357E+00 a      1311     0    44     1    21
 -1.1574684086617277E+00 a      1312     0    44     1    22
  9.8406814094049266E-01 a      1313     0    44     1    23
 -4.0106139190282236E-01 a      1314     0    44     1    24
 -9.5827271552069704E-01 a      1315     0    44     1    25
 -1.6113787929479024E+00 a      1316     0    44     1    26
  5.2087108424507704E+00 a      1317     0    44     1    27
  1.2070929476872005E+00 a      1318     0    44     1    28
  9.7755944024241503E-01 a      1319     0    44     1    29
  1.0773496249588415E+00 a      1320     0    44     1    30
 -4.6590055177665168E-01 a      1321     0    45     1     1
  2.3314694270029652E+00 a      1322     0    45     1     2
 -1.1472415277269647E+01 a      1323     0    45     1     3
  5.6884690451081363E+00 a      1324     0    45     1     4
 -4.1525189820901049E+00 a      1325     0    45     1     5
 -3.4932477953798204E+00 a      1326     0    45     1     6
 -2.7152713811828884E+00 a      1327     0    45     1     7
 -9.1495331448723007E+00 a      1328     0    45     1     8
  6.1123945994540660E+00 a      1329     0    45     1     9
 -3.3539774867480387E+00 a      1330     0    45     1    10
 -3.4085687017132993E+00 a      1331     0    45     1    11
 -2.0845230705639386E+00 a      1332     0    45     1    12
 -7.4775771983250783E+00 a      1333     0    45     1    13
 -6.4963776193504765E+00 a      1334     0    45     1    14
  1.0289331483618982E+01 a      1335     0    45     1    15
 -3.6149637351245203E+00 a      1336     0    45     1    16
 -5.6790891522207172E+00 a      1337     0    45     1    17
  1.7130925645772388E+00 a      1338     0    45     1    18
 -5.9686684454858812E+00 a      1339     0    45     1    19
  1.8501361243302392E-01 a      1340     0    45     1    20
  8.7981534691019689E+00 a      1341     0    45     1    21
 -2.2486662913089397E+00 a      1342     0    45     1    22
 -1.1628494023555156E+01 a      1343     0    45     1    23
  4.5576010908674283E+00 a      1344     0    45     1    24
 -1.3062456903114605E+01 a      1345     0    45     1    25
 -1.4454901634944539E-01 a      1346     0    45     1    26
 -1.7191116587187132E+00 a      1347     0    45     1    27
  3.5807017300716057E+00 a      1348     0    45     1    28
  4.1723634060507937E+00 a      1349     0    45     1    29
 -9.5098441707760824E+00 a      1350     0    45     1    30
  1.6661747113757206E+00 a      1351     0    46     1     1
  1.1171749502640058E+01 a      1352     0    46     1     2
  1.1799980636918722E+01 a      1353     0    46     1     3
  1.5081473323299241E+01 a      1354     0    46     1     4
  1.8291696239670003E+01 a      1355     0    46     1     5
 -8.0192986221800453E+00 a      1356     0    46     1     6
 -8.2180082242208226E+00 a      1357     0    46     1     7
 -5.0510418225730129E+00 a      1358     0    46     1     8
 -2.4351173587964290E+00 a      1359     0    46     1     9
  3.1293877981411500E+00 a      1360     0    46     1    10
 -1.6019659902230302E+01 a      1361     0    46     1    11
 -2.3989015621704137E+00 a      1362     0    46     1    12
  2.0068141012681595E+00 a      1363     0    46     1    13
  6.0426687169817264E+00 a      1364     0    46     1    14
  1.7271236752183473E+01 a      1365     0    46     1    15
  5.8030299887092163E+00 a      1366     0    46     1    16
 -8.7312579398566115E-01 a      1367     0    46     1    17
  2.2379494165291604E+01 a      1368     0    46     1    18
 -4.3110870136537107E+00 a      1369     0    46     1    19
 -9.9424117637900853E+00 a      1370     0    46     1    20
 -7.7740082599566673E-01 a      1371     0    46     1    21
 -1.6439255405444992E+00 a      1372     0    46     1    22
  4.2109527014613573E+00 a      1373     0    46     1    23
  2.7747769946116647E+00 a      1374     0    46     1    24
  2.8101876700817840E+01 a      1375     0    46     1    25
 -1.2044652210238930E+01 a      1376     0    46     1    26
 -4.0461580986769503E+00 a      1377     0    46     1    27
  6.5599729205806971E+00 a      1378     0    46     1    28
  1.3405330257214537E-01 a      1379     0    46     1    29
 -7.9878584921116271E+00 a      1380     0    46     1    30
  3.4630279761375218E+00 a      1381     0    47     1     1
  1.9303260532771873E+00 a      1382     0    47     1     2
  2.0934191226209129E+00 a      1383     0    47     1     3
 -1.9615426089025509E-01 a      1384     0    47     1     4
  2.9873215930495998E+00 a      1385     0    47     1     5
 -1.4618333862189052E+00 a      1386     0    47     1     6
 -2.2054946389053947E+00 a      1387     0    47     1     7
  2.6350551689185941E+00 a      1388     0    47     1     8
 -1.2546122520156167E+00 a      1389     0    47     1     9
 -4.3145164969225034E+00 a      1390     0    47     1    10
  4.8266596214514013E-01 a      1391     0    47     1    11
 -1.3140094432805289E+00 a      1392     0    47     1    12
 -1.1448877779025570E+00 a      1393     0    47     1    13
  3.9521138384725729E+00 a      1394     0    47     1    14
  6.2992123851156228E+00 a      1395     0    47     1    15
  2.0355153354639818E-01 a      1396     0    47     1    16
  2.0421530926692570E+00 a      1397     0    47     1    17
  4.5436124886245671E-01 a      1398     0    47     1    18
  4.9365906599246463E+00 a      1399     0    47     1    19
 -3.4061494432231414E+00 a      1400     0    47     1    20
  7.4558429103755346E+00 a      1401     0    47     1    21
 -1.5487368380099285E+00 a      1402     0    47     1    22
  4.2945483710600199E+00 a      1403     0    47     1    23
  1.9968151380009973E+00 a      1404     0    47     1    24
  3.2816845906952969E+00 a      1405     0    47     1    25
 -1.4633891388271438E+00 a      1406     0    47     1    26
 -3.2800715658699608E-01 a      1407     0    47     1    27
  3.0589201009758389E+00 a      1408     0    47     1    28
 -2.1621998336756740E+00 a      1409     0    47     1    29
  3.4326455130852711E+00 a      1410     0    47     1    30
 -8.6529048039460754E+00 a      1411     0    48     1     1
  1.1227006567044116E+01 a      1412     0    48     1     2
 -9.2681538936051755E-01 a      1413     0    48     1     3
 -1.8696007255204878E+00 a      1414     0    48     1     4
  4.6805488684194074E+00 a      1415     0    48     1     5
 -5.6878141960754114E+00 a      1416     0    48     1     6
 -1.1405346501062517E+01 a      1417     0    48     1     7
  5.5376978970633761E+00 a      1418     0    48     1     8
 -5.1364657390965229E+00 a      1419     0    48     1     9
  1.3288971091114753E+01 a      1420     0    48     1    10
  5.2189961297502974E+00 a      1421     0    48     1    11
 -1.6619530770275409E-01 a      1422     0    48     1    12
 -9.7587353852014336E-01 a      1423     0    48     1    13
  5.9575374705476678E+00 a      1424     0    48     1    14
  1.4898838544661636E+01 a      1425     0    48     1    15
 -5.7392559737628552E+00 a      1426     0    48     1    16
  7.7662146195724029E+00 a      1427     0    48     1    17
 -1.1703234049204044E+01 a      1428     0    48     1    18
  1.6462884708169589E+00 a      1429     0    48     1    19
 -1.9679944264384397E+00 a      1430     0    48     1    20
  2.9587296765430589E+00 a      1431     0    48     1    21
  3.2915003285795219E+00 a      1432     0    48     1    22
 -7.5194685230267551E+00 a      1433     0    48     1    23
 -1.2699464460987466E+00 a      1434     0    48     1    24
 -2.1186158892131757E+00 a      1435     0    48     1    25
 -1.5276425124072029E-01 a      1436     0    48     1    26
 -1.0485066183476734E+01 a      1437     0    48     1    27
 -1.9726375142383115E+00 a      1438     0    48     1    28
  5.2691990277641176E+00 a      1439     0    48     1    29
  3.6854522983034577E-01 a      1440     0    48     1    30
  5.7809091032871205E+00 a      1441     0    49     1     1
 -1.8671763869215159E+01 a      1442     0    49     1     2
 -1.8715911351665326E+01 a      1443     0    49     1     3
 -1.5461977820261213E+01 a      1444     0    49     1     4
 -2.3173841268376098E+01 a      1445     0    49     1     5
  1.8059619267495929E+01 a      1446     0    49     1     6
  1.8273104035107057E+01 a      1447     0    49     1     7
 -1.2790764558885790E+00 a      1448     0    49     1     8
  1.3059307381114335E+01 a      1449     0    49     1     9
 -1.2539611395155221E+01 a      1450     0    49     1    10
  1.5255903003127269E+01 a      1451     0    49     1    11
  4.2942975979018607E+00 a      1452     0    49     1    12
  2.4045167793849758E+00 a      1453     0    49     1    13
  3.0909073655760451E+00 a      1454     0    49     1    14
 -3.5997987214450930E+01 a      1455     0    49     1    15
 -4.7902164508302389E+00 a      1456     0    49     1    16
 -2.9537950081307773E-02 a      1457     0    49     1    17
 -6.1169872773306002E+00 a      1458     0    49     1    18
  7.4378906775393749E-01 a      1459     0    49     1    19
  5.9673893804069111E+00 a      1460     0    49     1    20
 -9.0458965878887980E+00 a      1461     0    49     1    21
 -8.7251030064360009E+00 a      1462     0    49     1    22
 -2.9615829757734780E+00 a      1463     0    49     1    23
  2.9425530336273003E+00 a      1464     0    49     1    24
 -2.5155228499680582E+01 a      1465     0    49     1    25
  1.2435043077018074E+01 a      1466     0    49     1    26
  1.3204212196557723E+01 a      1467     0    49     1    27
 -5.8784657142923402E+00 a      1468     0    49     1    28
 -4.2812572030435643E+00 a      1469     0    49     1    29
  9.2895287034964742E+00 a      1470     0    49     1    30
 -6.8212074621354981E+00 a      1471     0    50     1     1
 -4.2383712912830012E+00 a      1472     0    50     1     2
 -5.9024129724548295E+00 a      1473     0    50     1     3
 -3.5105219401640322E+00 a      1474     0    50     1     4
 -5.9205923926494526E+00 a      1475     0    50     1     5
  1.0746951606995154E+01 a      1476     0    50     1     6
  2.7795183549322372E-01 a      1477     0    50     1     7
  2.6983700163913364E+00 a      1478     0    50     1     8
  8.2007129950885176E+00 a      1479     0    50     1     9
 -2.3151276183419824E+00 a      1480     0    50     1    10
  1.2889981852405786E+01 a      1481     0    50     1    11
 -4.4545767745380003E+00 a      1482     0    50     1    12
  1.9266540673971739E+00 a      1483     0    50     1    13
  1.5396554515895202E+01 a      1484     0    50     1    14
 -1.2242503963717741E+01 a      1485     0    50     1    15
  4.1453110908499289E+00 a      1486     0    50     1    16
  3.0609082605350699E+00 a      1487     0    50     1    17
 -4.1410121861059768E+00 a      1488     0    50     1    18
  4.7710364438980868E+00 a      1489     0    50     1    19
  7.0008086841312442E+00 a      1490     0    50     1    20
 -1.0068944510698898E+01 a      1491     0    50     1    21
 -6.3977092522434784E+00 a      1492     0    50     1    22
  6.9151606705977429E+00 a      1493     0    50     1    23
  1.0277736942095612E+00 a      1494     0    50     1    24
 -1.3773929324442841E+01 a      1495     0    50     1    25
  7.0887717504063863E+00 a      1496     0    50     1    26
 -2.8126854089760878E+00 a      1497     0    50     1    27
  1.0639825769846332E+00 a      1498     0    50     1    28
  5.7534545524082308E+00 a      1499     0    50     1    29
  5.2295820143355431E+00 a      1500     0    50     1    30
 -6.6803239912036831E+00 a      1501     0    51     1     1
 -3.3630081681279993E+00 a      1502     0    51     1     2
  7.5952243962490433E+00 a      1503     0    51     1     3
  6.8615579217215417E-01 a      1504     0    51     1     4
 -5.6242788594231650E+00 a      1505     0    51     1     5
  6.2560591044171918E+00 a      1506     0    51     1     6
  1.5847284055794182E+01 a      1507     0    51     1     7
  7.5918137620510606E+00 a      1508     0    51     1     8
 -1.7680990227135287E+00 a      1509     0    51     1     9
  7.0666001523896105E+00 a      1510     0    51     1    10
 -3.5309566396838159E+00 a      1511     0    51     1    11
  4.5891370655301147E+00 a      1512     0    51     1    12
  1.1701603981780929E+01 a      1513     0    51     1    13
  4.6780809625564101E+00 a      1514     0    51     1    14
 -8.2935453829963528E+00 a      1515     0    51     1    15
 -6.8023864220905117E-01 a      1516     0    51     1    16
  7.0558673301996135E+00 a      1517     0    51     1    17
 -3.7004738091466916E+00 a      1518     0    51     1    18
 -5.0797342579421620E+00 a      1519     0    51     1    19
  1.0693072194799715E+01 a      1520     0    51     1    20
 -1.2759240867689018E+01 a      1521     0    51     1    21
 -2.0461149437003128E+00 a      1522     0    51     1    22
 -5.4837066617192676E-03 a      1523     0    51     1    23
 -1.1014696258049690E+00 a      1524     0    51     1    24
  2.8349698253048148E+00 a      1525     0    51     1    25
  1.4950844397249149E+01 a      1526     0    51     1    26
  1.0142361410323181E+01 a      1527     0    51     1    27
 -1.2759696093697368E+01 a      1528     0    51     1    28
  3.0076132175120107E+00 a      1529     0    51     1    29
  3.4830427687116383E-01 a      1530     0    51     1    30
  7.9846701436681862E+00 a      1531     0    52     1     1
 -6.7807943636419943E-01 a      1532     0    52     1     2
  8.4892460788069908E+00 a      1533     0    52     1     3
 -5.2866012495420991E+00 a      1534     0    52     1     4
  4.2256153317212624E+00 a      1535     0    52     1     5
 -4.5510774794112163E-01 a      1536     0    52     1     6
 -1.1574714880740196E+01 a      1537     0    52     1     7
  8.8647451270716484E+00 a      1538     0    52     1     8
 -1.5229517190594001E+01 a      1539     0    52     1     9
  9.8402430491200388E+00 a      1540     0    52     1    10
 -2.4078810645058697E+00 a      1541     0    52     1    11
  4.3349006957135359E+00 a      1542     0    52     1    12
  4.7303513900176020E+00 a      1543     0    52     1    13
 -1.4909355018400980E+01 a      1544     0    52     1    14
  4.7709639385494311E+00 a      1545     0    52     1    15
  3.3541677213653358E+00 a      1546     0    52     1    16
 -7.1291836841797531E+00 a      1547     0    52     1    17
  2.3881061127096612E+00 a      1548     0    52     1    18
  1.2763444179881001E+01 a      1549     0    52     1    19
 -1.2430168379502993E+01 a      1550     0    52     1    20
  7.5485629451661485E+00 a      1551     0    52     1    21
  4.2348487764674356E+00 a      1552     0    52     1    22
  2.7481550264198700E+00 a      1553     0    52     1    23
 -3.2399794851858834E+00 a      1554     0    52     1    24
  1.7427007712341808E+01 a      1555     0    52     1    25
 -9.6787619203218433E+00 a      1556     0    52     1    26
  1.2733664023864513E+00 a      1557     0    52     1    27
 -2.0602967038555520E-01 a      1558     0    52     1    28
 -8.2454900794135728E+00 a      1559     0    52     1    29
  2.1035432202206192E+00 a      1560     0    52     1    30
  1.0247174288461517E+01 a      1561     0    53     1     1
 -2.7820561401406403E+00 a      1562     0    53     1     2
  1.6228107657795853E+01 a      1563     0    53     1     3
  1.0045060404288986E+01 a      1564     0    53     1     4
  6.9217267959732593E+00 a      1565     0    53     1     5
 -3.5674965807213939E+00 a      1566     0    53     1     6
  4.9030661553791273E+00 a      1567     0    53     1     7
 -1.7117382139147757E+00 a      1568     0    53     1     8
 -1.8701835638274394E-01 a      1569     0    53     1     9
 -1.2016276941805339E+00 a      1570     0    53     1    10
 -1.3106264669650324E+01 a      1571     0    53     1    11
  2.5928708026510718E+00 a      1572     0    53     1    12
 -2.0419786417615633E+00 a      1573     0    53     1    13
 -1.4783755239976019E+01 a      1574     0    53     1    14
  2.4958971824354688E+00 a      1575     0    53     1    15
  8.7254380036365422E+00 a      1576     0    53     1    16
 -1.1808035268128807E+01 a      1577     0    53     1    17
  1.7962335792386639E+01 a      1578     0    53     1    18
  5.2936318978117891E-01 a      1579     0    53     1    19
 -3.9830274938020231E+00 a      1580     0    53     1    20
  1.7879195097163618E+00 a      1581     0    53     1    21
  1.1936981783752048E+01 a      1582     0    53     1    22
  1.1576259314168674E+01 a      1583     0    53     1    23
 -6.4548162085052718E+00 a      1584     0    53     1    24
  1.9946808449192261E+00 a      1585     0    53     1    25
 -1.8143384291291647E+00 a      1586     0    53     1    26
  6.8593422076821540E+00 a      1587     0    53     1    27
  8.3320049031943668E+00 a      1588     0    53     1    28
 -2.4235815653258297E+00 a      1589     0    53     1    29
  2.6491916228808949E+00 a      1590     0    53     1    30
 -5.2433003756595626E+00 a      1591     0    54     1     1
  9.0528244230362187E-01 a      1592     0    54     1     2
  3.3204095564313247E+00 a      1593     0    54     1     3
 -7.1182178563145317E+00 a      1594     0    54     1     4
 -3.3889276498183838E+00 a      1595     0    54     1     5
 -7.5828825029272497E+00 a      1596     0    54     1     6
 -1.5094750910602720E+01 a      1597     0    54     1     7
  5.2019775378498965E+00 a      1598     0    54     1     8
 -1.7680507088964251E+01 a      1599     0    54     1     9
 -2.6034181651332471E+00 a      1600     0    54     1    10
  3.6102296795322704E+00 a      1601     0    54     1    11
  2.8539994494269449E+00 a      1602     0    54     1    12
 -1.2903704739708262E+01 a      1603     0    54     1    13
 -7.9884999192624804E+00 a      1604     0    54     1    14
  7.1088593587379032E+00 a      1605     0    54     1    15
  1.9634773213233897E-01 a      1606     0    54     1    16
 -2.9604128516048558E+00 a      1607     0    54     1    17
 -1.9652251591599228E+01 a      1608     0    54     1    18
  1.2156919732074831E+00 a      1609     0    54     1    19
  6.1382141516089987E+00 a      1610     0    54     1    20
  5.2261933679481372E+00 a      1611     0    54     1    21
  1.8246012167279101E+01 a      1612     0    54     1    22
 -1.7411084358640043E+01 a      1613     0    54     1    23
 -2.2661722526418711E+00 a      1614     0    54     1    24
 -4.3699180254567560E+00 a      1615     0    54     1    25
  7.9117539769582521E+00 a      1616     0    54     1    26
 -3.3667050769728064E+00 a      1617     0    54     1    27
 -5.8169408986628310E+00 a      1618     0    54     1    28
  1.7413808096569092E+00 a      1619     0    54     1    29
 -1.9321823577310848E+01 a      1620     0    54     1    30
 -1.6625792289751833E+00 a      1621     0    55     1     1
 -3.8615580472553096E-01 a      1622     0    55     1     2
 -7.5302279187402483E+00 a      1623     0    55     1     3
  3.8191344804665672E-01 a      1624     0    55     1     4
  8.2425494539843047E+00 a      1625     0    55     1     5
 -2.1737881843580524E+00 a      1626     0    55     1     6
 -1.3278586317337895E+00 a      1627     0    55     1     7
 -9.1077275455497233E+00 a      1628     0    55     1     8
  5.6857762567498797E+00 a      1629     0    55     1     9
 -3.0434865864343958E+00 a      1630     0    55     1    10
 -2.9083770652176533E+00 a      1631     0    55     1    11
  4.4049928355452073E+00 a      1632     0    55     1    12
 -2.7609628015698258E+00 a      1633     0    55     1    13
 -7.1348408428579901E+00 a      1634     0    55     1    14
 -5.8777370797456641E+00 a      1635     0    55     1    15
 -2.6171824249985369E+00 a      1636     0    55     1    16
 -5.2280934160672521E+00 a      1637     0    55     1    17
  1.9917722851883017E+00 a      1638     0    55     1    18
 -5.0691192118252157E+00 a      1639     0    55     1    19
  2.9582152199605476E+00 a      1640     0    55     1    20
 -7.6073468869880303E+00 a      1641     0    55     1    21
  1.9669480721074415E+00 a      1642     0    55     1    22
 -2.1286654041711985E+00 a      1643     0    55     1    23
 -6.9004832544509060E+00 a      1644     0    55     1    24
 -9.5336213401319547E+00 a      1645     0    55     1    25
 -7.7116300255697663E+00 a      1646     0    55     1    26
 -7.1716312123820138E+00 a      1647     0    55     1    27
  5.9748834468339700E+00 a      1648     0    55     1    28
 -1.1143971975971594E+00 a      1649     0    55     1    29
 -5.4211875420511921E+00 a      1650     0    55     1    30
  1.1730774592129672E+01 a      1651     0    56     1     1
 -1.2331985719341529E+00 a      1652     0    56     1     2
  6.7799487563455925E+00 a      1653     0    56     1     3
 -6.3929174914114375E+00 a      1654     0    56     1     4
  7.8790250501839409E+00 a      1655     0    56     1     5
  1.8922867350764974E+00 a      1656     0    56     1     6
  1.6312784904673070E+01 a      1657     0    56     1     7
  3.4603521791298215E+00 a      1658     0    56     1     8
 -1.0815966146096539E+01 a      1659     0    56     1     9
 -8.3551973526563135E+00 a      1660     0    56     1    10
  1.3895466289738012E+00 a      1661     0    56     1    11
 -6.3675279472798394E+00 a      1662     0    56     1    12
 -1.0502627387443004E+00 a      1663     0    56     1    13
  1.4758446251355485E+01 a      1664     0    56     1    14
  1.0815953560549390E+00 a      1665     0    56     1    15
 -1.3448057751585747E+01 a      1666     0    56     1    16
  7.3516600071814375E+00 a      1667     0    56     1    17
 -1.0639437910634479E+01 a      1668     0    56     1    18
 -1.1557434723436938E+01 a      1669     0    56     1    19
  2.4734058922838176E+00 a      1670     0    56     1    20
 -1.6550611514459227E+01 a      1671     0    56     1    21
  1.5417854718694208E+01 a      1672     0    56     1    22
 -5.8702394455519675E+00 a      1673     0    56     1    23
 -9.1860488101931583E+00 a      1674     0    56     1    24
  2.4023995096112341E+00 a      1675     0    56     1    25
 -5.7528716144514265E+00 a      1676     0    56     1    26
 -6.9651460446604618E-01 a      1677     0    56     1    27
 -8.1362065641986572E+00 a      1678     0    56     1    28
 -1.0173713439340389E+01 a      1679     0    56     1    29
 -1.0417982964005196E+01 a      1680     0    56     1    30
 -2.8471555340477779E+00 a      1681     0    57     1     1
  7.6088469448335951E+00 a      1682     0    57     1     2
 -7.6735609336231372E+00 a      1683     0    57     1     3
  8.5442045663171484E+00 a      1684     0    57     1     4
 -3.0168443068493653E+00 a      1685     0    57     1     5
 -4.6009259145463677E+00 a      1686     0    57     1     6
 -1.7086000764622860E+01 a      1687     0    57     1     7
 -1.5905246676888396E+01 a      1688     0    57     1     8
  2.0472255245109313E+01 a      1689     0    57     1     9
  1.6119724979366741E+00 a      1690     0    57     1    10
 -1.4390503193629539E-01 a      1691     0    57     1    11
 -1.9786445460676094E+00 a      1692     0    57     1    12
 -8.4801944694199065E+00 a      1693     0    57     1    13
  1.7108150605552574E+00 a      1694     0    57     1    14
  9.1664088535756072E+00 a      1695     0    57     1    15
  1.2778435790747832E+01 a      1696     0    57     1    16
  2.9585883922397498E+00 a      1697     0    57     1    17
  8.8134392503610908E+00 a      1698     0    57     1    18
  3.9324963953793288E+00 a      1699     0    57     1    19
  1.0445989255256041E+00 a      1700     0    57     1    20
  2.0377920693628820E+01 a      1701     0    57     1    21
 -9.0085007191697439E+00 a      1702     0    57     1    22
  5.5267579777995088E+00 a      1703     0    57     1    23
  1.4730745734018621E+01 a      1704     0    57     1    24
  3.4967909026126820E-01 a      1705     0    57     1    25
  2.6076390365775164E+00 a      1706     0    57     1    26
 -3.0408471845696230E+00 a      1707     0    57     1    27
  1.4491436764010977E+01 a      1708     0    57     1    28
  1.1190805751545870E+01 a      1709     0    57     1    29
  1.3327222569263489E+01 a      1710     0    57     1    30
 -7.3424339785845145E+00 a      1711     0    58     1     1
 -1.0511575996727667E+00 a      1712     0    58     1     2
 -1.4626753441613983E+01 a      1713     0    58     1     3
  1.7559997466187252E+00 a      1714     0    58     1     4
 -1.2360353820922896E+01 a      1715     0    58     1     5
 -4.3328140168432583E+00 a      1716     0    58     1     6
 -1.1654357258939413E+01 a      1717     0    58     1     7
 -1.6435355804850666E+01 a      1718     0    58     1     8
  2.3750765267306742E+00 a      1719     0    58     1     9
  1.8027686746615320E+01 a      1720     0    58     1    10
  2.2483144162593041E+00 a      1721     0    58     1    11
 -1.4056937220123018E+01 a      1722     0    58     1    12
  3.9035014475690919E+00 a      1723     0    58     1    13
 -1.4296236503390558E-01 a      1724     0    58     1    14
  1.2472612635850477E+00 a      1725     0    58     1    15
  5.8537366074175878E+00 a      1726     0    58     1    16
  1.3316603672446684E+01 a      1727     0    58     1    17
 -4.9196651362173602E+00 a      1728     0    58     1    18
 -6.0905768110645031E+00 a      1729     0    58     1    19
  3.5449459202857661E+00 a      1730     0    58     1    20
  2.4401219835281225E+00 a      1731     0    58     1    21
 -2.1993155997145898E+01 a      1732     0    58     1    22
 -6.7734209524018905E+00 a      1733     0    58     1    23
  1.1519836481508330E+01 a      1734     0    58     1    24
  1.0520388575238817E+00 a      1735     0    58     1    25
 -1.0740253939339214E+01 a      1736     0    58     1    26
 -1.6964107067036874E+01 a      1737     0    58     1    27
 -5.2367145483563098E+00 a      1738     0    58     1    28
  1.6462680323624166E+01 a      1739     0    58     1    29
  1.5929817019511592E+00 a      1740     0    58     1    30
 -4.1032859214535131E+00 a      1741     0    59     1     1
  1.1530706683276999E+00 a      1742     0    59     1     2
 -9.2598608196709460E+00 a      1743     0    59     1     3
 -2.6903200764718411E+00 a      1744     0    59     1     4
 -2.7177659787356321E+00 a      1745     0    59     1     5
  6.2597801142952170E+00 a      1746     0    59     1     6
  1.8510198290181161E+00 a      1747     0    59     1     7
 -9.0783533299192309E-02 a      1748     0    59     1     8
  2.8070705108074638E+00 a      1749     0    59     1     9
 -1.9824388674004975E+01 a      1750     0    59     1    10
  4.2148906147013179E+00 a      1751     0    59     1    11
  1.5523290397500673E+00 a      1752     0    59     1    12
 -6.1780638514872566E-01 a      1753     0    59     1    13
  1.1807092127448076E+01 a      1754     0    59     1    14
 -1.0013709326473931E+01 a      1755     0    59     1    15
 -7.0624823022713539E+00 a      1756     0    59     1    16
  2.0946713007029496E+00 a      1757     0    59     1    17
 -1.3404757817143869E+01 a      1758     0    59     1    18
  5.4975733166915119E-01 a      1759     0    59     1    19
  1.0865381167244226E+00 a      1760     0    59     1    20
 -7.4447887851423911E+00 a      1761     0    59     1    21
 -4.5418729991831270E+00 a      1762     0    59     1    22
  1.8232063670741139E+00 a      1763     0    59     1    23
  4.2919453840857997E+00 a      1764     0    59     1    24
  4.6317796622689942E+00 a      1765     0    59     1    25
  3.8303406878823405E+00 a      1766     0    59     1    26
  9.9324642324903989E-01 a      1767     0    59     1    27
  2.2406458325540926E+00 a      1768     0    59     1    28
 -7.4387056424458811E+00 a      1769     0    59     1    29
 -5.8834585348504671E+00 a      1770     0    59     1    30
  4.0786809896429403E+00 a      1771     0    60     1     1
  2.1185752663348079E+00 a      1772     0    60     1     2
 -9.0689750383682028E+00 a      1773     0    60     1     3
  8.6218915742637048E+00 a      1774     0    60     1     4
  8.9866692316976060E+00 a      1775     0    60     1     5
 -3.8192819370478368E+00 a      1776     0    60     1     6
  6.9961877902532263E+00 a      1777     0    60     1     7
 -1.1594216370853603E+01 a      1778     0    60     1     8
  1.5793448590917919E+01 a      1779     0    60     1     9
 -1.6744284683848993E+00 a      1780     0    60     1    10
 -1.3480563665586349E+01 a      1781     0    60     1    11
 -3.0780975424624621E+00 a      1782     0    60     1    12
  1.1795780905588451E+01 a      1783     0    60     1    13
 -3.7443929591715066E+00 a      1784     0    60     1    14
  2.8060635856540754E+00 a      1785     0    60     1    15
 -3.8416231263830545E+00 a      1786     0    60     1    16
  4.5869224270448383E-01 a      1787     0    60     1    17
  1.1577409844616074E+01 a      1788     0    60     1    18
 -2.5105500644694589E+00 a      1789     0    60     1    19
 -1.3276976346065030E+01 a      1790     0    60     1    20
 -7.0394308033939756E+00 a      1791     0    60     1    21
 -1.3212217921394613E+01 a      1792     0    60     1    22
  2.5568513683794372E+00 a      1793     0    60     1    23
  1.2110008606585678E+01 a      1794     0    60     1    24
  1.6678551737892870E+00 a      1795     0    60     1    25
 -1.1583632312680542E+01 a      1796     0    60     1    26
  4.6504625892855254E+00 a      1797     0    60     1    27
  2.4390781053606201E+00 a      1798     0    60     1    28
 -6.3241280521618337E-01 a      1799     0    60     1    29
  6.3105149011629686E+00 a      1800     0    60     1    30
  1.2763848904509556E+01 a      1801     0    61     1     1
 -2.4131714178970132E-01 a      1802     0    61     1     2
  2.1769520203946772E+01 a      1803     0    61     1     3
 -1.9195300883785238E+00 a      1804     0    61     1     4
  1.9990539697658253E+01 a      1805     0    61     1     5
  1.7121969785536407E+01 a      1806     0    61     1     6
  2.7511102222627017E+01 a      1807     0    61     1     7
  2.0168996714756076E+01 a      1808     0    61     1     8
 -4.8039424502814541E+00 a      1809     0    61     1     9
  2.7880445255856303E+00 a      1810     0    61     1    10
  4.8047341714766878E+00 a      1811     0    61     1    11
  5.1710960335511125E+00 a      1812     0    61     1    12
  4.7729961066838786E+00 a      1813     0    61     1    13
  4.4130648113141762E+00 a      1814     0    61     1    14
  1.5360274349057859E+01 a      1815     0    61     1    15
 -8.8260225059231612E+00 a      1816     0    61     1    16
 -1.7354651554969735E+01 a      1817     0    61     1    17
  1.9545346385739695E+01 a      1818     0    61     1    18
  4.8444433918524226E+00 a      1819     0    61     1    19
 -3.1275724633248396E+00 a      1820     0    61     1    20
  3.3216708114912230E-01 a      1821     0    61     1    21
  2.3252732291265055E+01 a      1822     0    61     1    22
  1.3196808251775403E+01 a      1823     0    61     1    23
 -2.8125962304418103E+01 a      1824     0    61     1    24
 -4.8852948057863061E+00 a      1825     0    61     1    25
 -1.6273138529065232E+00 a      1826     0    61     1    26
  1.8239596635673188E+01 a      1827     0    61     1    27
  1.1257969205715477E+00 a      1828     0    61     1    28
 -1.6824120860161202E+01 a      1829     0    61     1    29
  1.4951979299509475E+01 a      1830     0    61     1    30
  5.2593609914300963E+00 a      1831     0    62     1     1
 -1.0407574676711720E+01 a      1832     0    62     1     2
  1.1490352707190693E+01 a      1833     0    62     1     3
 -6.2853591880767361E+00 a      1834     0    62     1     4
 -1.9329696098084280E+01 a      1835     0    62     1     5
 -3.2516828129818731E+00 a      1836     0    62     1     6
  4.6921292777116417E+00 a      1837     0    62     1     7
  2.0171326328580328E+01 a      1838     0    62     1     8
 -1.4508960998850899E+01 a      1839     0    62     1     9
 -6.6809293549068398E+00 a      1840     0    62     1    10
  1.5968133783517617E+01 a      1841     0    62     1    11
 -5.3863626627232595E+00 a      1842     0    62     1    12
  1.9281390282672100E+00 a      1843     0    62     1    13
 -1.1243460249078541E+00 a      1844     0    62     1    14
 -1.5791855813653330E+00 a      1845     0    62     1    15
 -4.2323577903270140E+00 a      1846     0    62     1    16
 -8.3058379048117246E+00 a      1847     0    62     1    17
 -9.2329223497836814E+00 a      1848     0    62     1    18
  4.5021504807616015E+00 a      1849     0    62     1    19
 -1.1268079713391826E+01 a      1850     0    62     1    20
  4.1136617399532946E+00 a      1851     0    62     1    21
 -7.4915648533703028E-02 a      1852     0    62     1    22
 -2.3198601540377881E+00 a      1853     0    62     1    23
  7.4142478307630588E+00 a      1854     0    62     1    24
  1.3453209521004403E+01 a      1855     0    62     1    25
  1.0866299603850603E+01 a      1856     0    62     1    26
  7.6141694716162638E+00 a      1857     0    62     1    27
 -1.4302116089175057E+01 a      1858     0    62     1    28
 -2.2833957654920272E+00 a      1859     0    62     1    29
  9.9893959176254465E-01 a      1860     0    62     1    30
 -1.3240422750571046E+00 a      1861     0    63     1     1
 -6.5852882434928501E+00 a      1862     0    63     1     2
 -2.7688097730228440E+00 a      1863     0    63     1     3
 -5.2544711922905094E+00 a      1864     0    63     1     4
  6.5441526762707891E+00 a      1865     0    63     1     5
  1.0538714515886419E-01 a      1866     0    63     1     6
 -8.3036524063580253E-01 a      1867     0    63     1     7
  4.8404474852614019E+00 a      1868     0    63     1     8
 -1.6532222983073559E+00 a      1869     0    63     1     9
 -2.9826625049694910E+00 a      1870     0    63     1    10
  3.8030265514626778E+00 a      1871     0    63     1    11
 -1.9413397336627232E-02 a      1872     0    63     1    12
 -5.7872140209772072E-01 a      1873     0    63     1    13
 -7.5356527975451726E-01 a      1874     0    63     1    14
 -3.6164460754313392E+00 a      1875     0    63     1    15
  6.0952164916848970E+00 a      1876     0    63     1    16
  3.8083247520024384E+00 a      1877     0    63     1    17
  2.2321254197973861E+00 a      1878     0    63     1    18
 -2.2289888203442114E+00 a      1879     0    63     1    19
  5.3657858162310363E+00 a      1880     0    63     1    20
  1.1940369845048691E+00 a      1881     0    63     1    21
  4.1669975120925375E+00 a      1882     0    63     1    22
 -1.7635862348753741E+00 a      1883     0    63     1    23
  2.5271277455623617E+00 a      1884     0    63     1    24
  9.5951145212002853E+00 a      1885     0    63     1    25
  8.2433136968675917E+00 a      1886     0    63     1    26
 -4.2633914983938883E+00 a      1887     0    63     1    27
 -1.1518297499995290E+01 a      1888     0    63     1    28
  8.0398968185938968E-01 a      1889     0    63     1    29
 -1.6431297817840402E+00 a      1890     0    63     1    30
  6.8899186841260756E+00 a      1891     0    64     1     1
 -6.1428757449711098E+00 a      1892     0    64     1     2
 -1.9676253132591586E+00 a      1893     0    64     1     3
  3.1366755638234221E+00 a      1894     0    64     1     4
  2.1891359907753269E+00 a      1895     0    64     1     5
 -1.0881269687555026E+01 a      1896     0    64     1     6
  3.2593486129811247E+00 a      1897     0    64     1     7
  7.0848362133037102E-01 a      1898     0    64     1     8
 -1.0930208239869753E+01 a      1899     0    64     1     9
 -6.9824786936280860E+00 a      1900     0    64     1    10
  2.8710146838833452E+00 a      1901     0    64     1    11
  7.4838122060947319E+00 a      1902     0    64     1    12
  5.3861295985272903E+00 a      1903     0    64     1    13
  1.6183619345731870E+01 a      1904     0    64     1    14
  3.8886555497164261E+00 a      1905     0    64     1    15
 -1.5524871825959398E+01 a      1906     0    64     1    16
  4.2578216676152714E+00 a      1907     0    64     1    17
 -4.0516225632861129E+00 a      1908     0    64     1    18
  3.2163005256310093E+00 a      1909     0    64     1    19
 -3.0542929220294690E+00 a      1910     0    64     1    20
 -2.7157226213636960E+00 a      1911     0    64     1    21
  1.4630782733392362E+00 a      1912     0    64     1    22
 -9.2997419639382226E+00 a      1913     0    64     1    23
 -1.1891556118805713E+00 a      1914     0    64     1    24
  6.6041253948491718E+00 a      1915     0    64     1    25
 -4.6579937771282420E+00 a      1916     0    64     1    26
  3.4744631541078301E+00 a      1917     0    64     1    27
 -2.6958208072744458E+00 a      1918     0    64     1    28
  4.6731966048945948E+00 a      1919     0    64     1    29
 -8.9982594455621179E-01 a      1920     0    64     1    30
  1.2079527747475804E+00 b      1921     1     1
 -5.9269375335285224E-01 b      1922     1     2
 -3.6291979881904113E+00 b      1923     1     3
  8.1398872057424310E-01 b      1924     1     4
  8.8087587943582790E-01 b      1925     1     5
 -2.4468847274733272E+00 b      1926     1     6
  2.6988603874489842E-01 b      1927     1     7
 -2.3510756104199726E-03 b      1928     1     8
 -5.7826430089900616E-01 b      1929     1     9
  1.4943610064752062E+00 b      1930     1    10
 -1.0677236763807207E+00 b      1931     1    11
 -1.0065276243923116E+00 b      1932     1    12
 -3.9596815490261794E-01 b      1933     1    13
 -2.0999890186021823E+00 b      1934     1    14
 -1.6220778579609836E+00 b      1935     1    15
  2.5870490370438404E-01 b      1936     1    16
  8.5007673198737854E-01 b      1937     1    17
 -6.8539827594689773E-01 b      1938     1    18
  1.6401918197362797E-01 b      1939     1    19
  7.4549314233041819E-01 b      1940     1    20
 -2.4789771938893912E+00 b      1941     1    21
 -1.5316344304598819E+00 b      1942     1    22
 -9.5164894167865921E-01 b      1943     1    23
  1.0399488783368203E+00 b      1944     1    24
 -5.1787599035046128E-01 b      1945     1    25
  3.5994912151711791E+00 b      1946     1    26
  9.4030055470982365E-02 b      1947     1    27
 -1.5051369045957801E+00 b      1948     1    28
 -7.5783271374854433E-01 b      1949     1    29
 -2.0638513433201005E+00 b      1950     1    30
  1.5046490709976079E+00 a      1951     1     1     2     1
 -9.2653434318800354E-02 a      1952     1     1     2     2
 -3.0354761732208710E+00 a      1953     1     1     2     3
 -1.0836712508780248E+00 a      1954     1     1     2     4
 -4.9674308501023440E-01 a      1955     1     1     2     5
 -1.8298783991325807E-01 a      1956     1     1     2     6
 -3.8574359233805544E-01 a      1957     1     1     2     7
 -5.4262071947099000E-01 a      1958     1     1     2     8
  7.0775545511799032E-01 a      1959     1     1     2     9
 -1.8664843414689325E+00 a      1960     1     1     2    10
  6.9206930995413596E-01 a      1961     1     1     2    11
  2.0445091658646395E+00 a      1962     1     1     2    12
  1.6902317356349039E+00 a      1963     1     1     2    13
 -6.3486313022203744E-01 a      1964     1     1     2    14
  1.0155072539889582E+00 a      1965     1     1     2    15
 -3.3812166289638618E-01 a      1966     1     1     2    16
  2.3076164546185141E-01 a      1967     1     1     2    17
  3.2650211771238244E+00 a      1968     1     1     2    18
  6.4906850623485868E-01 a      1969     1     1     2    19
  1.6622662909928556E+00 a      1970     1     1     2    20
 -1.4992190552431168E+00 a      1971     1     1     2    21
 -8.6163726111776351E-01 a      1972     1     1     2    22
  1.5410397968564595E+00 a      1973     1     1     2    23
 -3.5528715189968051E-02 a      1974     1     1     2    24
 -2.4511736285296783E+00 a      1975     1     1     2    25
 -8.5355700973836846E-01 a      1976     1     1     2    26
 -1.2357009099367966E+00 a      1977     1     1     2    27
 -9.0373211514278362E-01 a      1978     1     1     2    28
 -2.6783618500316089E+00 a      1979     1     1     2    29
  3.2162929817906621E-01 a      1980     1     1     2    30
  1.3507249081289339E+00 a      1981     1     2     2     1
  1.5371772215319026E+00 a      1982     1     2     2     2
  1.0217769552174765E+00 a      1983     1     2     2     3
 -6.8976616573966587E-01 a      1984     1     2     2     4
 -2.1664930848117300E-01 a      1985     1     2     2     5
  2.2512232776670498E+00 a      1986     1     2     2     6
  3.6792381919678896E-01 a      1987     1     2     2     7
  2.9977384609344776E-01 a      1988     1     2     2     8
  1.4633262193232033E+00 a      1989     1     2     2     9
 -3.8825439344704238E-01 a      1990     1     2     2    10
 -6.2814956013062351E-01 a      1991     1     2     2    11
  1.6556931400430261E+00 a      1992     1     2     2    12
 -4.1811100729864814E-01 a      1993     1     2     2    13
 -1.1926670437314617E+00 a      1994     1     2     2    14
 -1.0811305939777802E+00 a      1995     1     2     2    15
  2.2552476782299213E-02 a      1996     1     2     2    16
  2.4682248148598127E+00 a      1997     1     2     2    17
  3.5621999557807663E-02 a      1998     1     2     2    18
 -5.8049231700655557E-01 a      1999     1     2     2    19
 -2.0328171846605750E-02 a      2000     1     2     2    20
 -4.7565974221642204E-01 a      2001     1     2     2    21
  1.4797172605081212E+00 a      2002     1     2     2    22
 -9.0477294668103680E-01 a      2003     1     2     2    23
 -1.5316581351797733E+00 a      2004     1     2     2    24
  1.0204202927804276E+00 a      2005     1     2     2    25
  1.5887214315857299E+00 a      2006     1     2     2    26
  2.5920470489617803E-01 a      2007     1     2     2    27
  9.0725372444552077E-01 a      2008     1     2     2    28
  2.4979524420926800E+00 a      2009     1     2     2    29
 -5.8901150911082079E-01 a      2010     1     2     2    30
  1.7528285235595592E-01 a      2011     1     3     2     1
  5.3503266704367647E-01 a      2012     1     3     2     2
  1.3869008664479845E+00 a      2013     1     3     2     3
 -1.6121588647004841E+00 a      2014     1     3     2     4
 -4.8098044108043497E-01 a      2015     1     3     2     5
  2.2109330470055394E-01 a      2016     1     3     2     6
  7.5350391210731127E-01 a      2017     1     3     2     7
  1.6425468689129208E-01 a      2018     1     3     2     8
 -3.3773532649259014E-01 a      2019     1     3     2     9
  2.3234955090411593E+00 a      2020     1     3     2    10
  5.7016780341798290E-01 a      2021     1     3     2    11
 -2.9138580165711390E+00 a      2022     1     3     2    12
 -1.6046654953446384E+00 a      2023     1     3     2    13
  1.2788556970341214E-01 a      2024     1     3     2    14
 -7.8142319022373607E-01 a      2025     1     3     2    15
 -5.4647477439912651E-01 a      2026     1     3     2    16
 -3.5163770372984388E-01 a      2027     1     3     2    17
 -1.5741823970820883E+00 a      2028     1     3     2    18
  6.0960108845979988E-01 a      2029     1     3     2    19
 -5.0039742912046259E-01 a      2030     1     3     2    20
 -5.3235471430383086E-01 a      2031     1     3     2    21
 -6.5115996970654699E-01 a      2032     1     3     2    22
  9.2194266216663323E-01 a      2033     1     3     2    23
  3.2913908737795894E-01 a      2034     1     3     2    24
  1.0992086906783913E+00 a      2035     1     3     2    25
 -2.0103838460492585E-01 a      2036     1     3     2    26
  5.6534401037627102E-01 a      2037     1     3     2    27
 -3.1997705521950612E+00 a      2038     1     3     2    28
 -1.4813945092696096E-03 a      2039     1     3     2    29
 -6.2299290940984409E-02 a      2040     1     3     2    30
 -8.1743456210651266E-01 a      2041     1     4     2     1
  3.0356359564622709E-01 a      2042     1     4     2     2
  2.3590805396150083E+00 a      2043     1     4     2     3
 -1.8385123686525369E+00 a      2044     1     4     2     4
  9.4925355916759901E-01 a      2045     1     4     2     5
 -6.1277544914433067E-02 a      2046     1     4     2     6
  1.0477552721029686E+00 a      2047     1     4     2     7
 -2.3419630351648751E-01 a      2048     1     4     2     8
  1.1962092518032033E+00 a      2049     1     4     2     9
  4.9767472911022304E-01 a      2050     1     4     2    10
  1.5565925411587536E+00 a      2051     1     4     2    11
 -1.0808438222785270E+00 a      2052     1     4     2    12
 -3.1443210670911992E-01 a      2053     1     4     2    13
  9.7766898964083349E-01 a      2054     1     4     2    14
 -1.8698291653985760E-01 a      2055     1     4     2    15
  2.1244032499797252E-01 a      2056     1     4     2    16
 -6.8101691916874352E-01 a      2057     1     4     2    17
 -1.6086676929026689E-01 a      2058     1     4     2    18
  1.2299374938228220E+00 a      2059     1     4     2    19
 -1.5182790864832600E+00 a      2060     1     4     2    20
  1.3905136331472177E+00 a      2061     1     4     2    21
 -1.9859355023102021E+00 a      2062     1     4     2    22
  1.9277139510460653E-01 a      2063     1     4     2    23
  1.3644211853660153E+00 a      2064     1     4     2    24
 -1.3028845062137284E+00 a      2065     1     4     2    25
 -1.3018935736528714E+00 a      2066     1     4     2    26
  2.9974984089864398E-01 a      2067     1     4     2    27
  1.7837131581496193E+00 a      2068     1     4     2    28
 -3.6349589732137475E+00 a      2069     1     4     2    29
  7.8000623333702734E-01 a      2070     1     4     2    30
 -6.8168263523765538E-01 a      2071     1     5     2     1
 -8.6716525668096078E-01 a      2072     1     5     2     2
  1.3948588887351017E+00 a      2073     1     5     2     3
 -5.0365344582891891E-01 a      2074     1     5     2     4
 -3.7739831172520621E-01 a      2075     1     5     2     5
 -3.4451456971434227E+00 a      2076     1     5     2     6
  6.0459260901334810E-01 a      2077     1     5     2     7
 -9.0054197299534927E-02 a      2078     1     5     2     8
  2.7922546654722341E-01 a      2079     1     5     2     9
  1.9982433150132866E+00 a      2080     1     5     2    10
  1.1953419409637518E+00 a      2081     1     5     2    11
  4.8434756129656364E-02 a      2082     1     5     2    12
  8.5849572190681372E-02 a      2083     1     5     2    13
 -3.5606984654460008E+00 a      2084     1     5     2    14
 -5.4607474757513019E-01 a      2085     1     5     2    15
  5.4817133374911753E-01 a      2086     1     5     2    16
  1.1502852296912689E+00 a      2087     1     5     2    17
  4.2830531661201748E-01 a      2088     1     5     2    18
 -4.6115892419829899E-02 a      2089     1     5     2    19
  7.8526657095344166E-01 a      2090     1     5     2    20
 -2.0286520541855961E+00 a      2091     1     5     2    21
 -8.1969478439810239E-01 a      2092     1     5     2    22
 -4.7597893635138760E-01 a      2093     1     5     2    23
  1.9521010870870186E+00 a      2094     1     5     2    24
 -7.9617970439265728E-01 a      2095     1     5     2    25
 -1.5582796097194104E-01 a      2096     1     5     2    26
 -8.9245907572124294E-01 a      2097     1     5     2    27
 -9.3563758433201050E-01 a      2098     1     5     2    28
 -3.7968822255003964E-01 a      2099     1     5     2    29
 -1.0291562758872261E-02 a      2100     1     5     2    30
  1.2115685049191230E-01 a      2101     1     6     2     1
 -8.2822311533302695E-01 a      2102     1     6     2     2
 -3.4116778953811977E+00 a      2103     1     6     2     3
  5.4887019836076989E-01 a      2104     1     6     2     4
 -4.5354400007989942E-01 a      2105     1     6     2     5
 -2.1468743578207814E+00 a      2106     1     6     2     6
  4.8928445651996644E-01 a      2107     1     6     2     7
  7.9769418746555368E-03 a      2108     1     6     2     8
 -1.0328075169761284E+00 a      2109     1     6     2     9
 -2.5353102371634813E+00 a      2110     1     6     2    10
 -7.4941300692796620E-01 a      2111     1     6     2    11
 -3.5770232319125833E-01 a      2112     1     6     2    12
 -7.6110378189668515E-01 a      2113     1     6     2    13
 -1.8400086010643681E+00 a      2114     1     6     2    14
 -1.8910852775991505E-01 a      2115     1     6     2    15
 -8.1070572549636521E-01 a      2116     1     6     2    16
  1.4966658935517350E+00 a      2117     1     6     2    17
  3.8872247206004895E-01 a      2118     1     6     2    18
 -1.8838841790755065E-01 a      2119     1     6     2    19
  1.7351458828094907E-01 a      2120     1     6     2    20
 -3.8567205971930663E+00 a      2121     1     6     2    21
 -3.3960737408460834E-01 a      2122     1     6     2    22
  1.5353960190813483E+00 a      2123     1     6     2    23
 -1.2731744285162276E+00 a      2124     1     6     2    24
 -1.7641980881677062E+00 a      2125     1     6     2    25
  8.0006647808727016E-01 a      2126     1     6     2    26
  9.8011011956006866E-01 a      2127     1     6     2    27
 -1.4316784030220870E+00 a      2128     1     6     2    28
 -9.0395526146217556E-02 a      2129     1     6     2    29
  1.1483201362209394E+00 a      2130     1     6     2    30
 -8.3802949407849758E-01 a      2131     1     7     2     1
 -1.6919166402139589E+00 a      2132     1     7     2     2
  5.2475571910935503E-01 a      2133     1     7     2     3
  3.4977882341381479E+00 a      2134     1     7     2     4
 -3.5145912982462252E-01 a      2135     1     7     2     5
 -7.1318764538537949E-01 a      2136     1     7     2     6
 -4.1669411460202777E-01 a      2137     1     7     2     7
  1.1884632507412030E+00 a      2138     1     7     2     8
  7.5668995927494143E-01 a      2139     1     7     2     9
  3.1945901452207259E+00 a      2140     1     7     2    10
  1.2838716262057666E+00 a      2141     1     7     2    11
 -4.0151704350599460E-01 a      2142     1     7     2    12
 -1.0987154203858838E+00 a      2143     1     7     2    13
  9.7193143880844290E-01 a      2144     1     7     2    14
  9.3792074680453841E-01 a      2145     1     7     2    15
 -1.0092002864549681E+00 a      2146     1     7     2    16
 -1.0940988783395342E+00 a      2147     1     7     2    17
 -9.1747336568025850E-01 a      2148     1     7     2    18
  9.9119511732590815E-02 a      2149     1     7     2    19
  1.7998802260566320E+00 a      2150     1     7     2    20
  8.0931812829440752E-01 a      2151     1     7     2    21
 -4.1153691384589025E-01 a      2152     1     7     2    22
  1.3247194694692841E+00 a      2153     1     7     2    23
  2.4683200711354752E-01 a      2154     1     7     2    24
  2.4221593500473131E+00 a      2155     1     7     2    25
  6.5211621775040118E-01 a      2156     1     7     2    26
  4.7258231703242011E-02 a      2157     1     7     2    27
  8.9697655301445078E-01 a      2158     1     7     2    28
  6.1135717190576877E-01 a      2159     1     7     2    29
 -3.3929226513352684E+00 a      2160     1     7     2    30
  4.7439474688474753E-01 a      2161     1     8     2     1
  1.5017881209540171E+00 a      2162     1     8     2     2
 -2.8132202964805648E+00 a      2163     1     8     2     3
 -2.9341251828091712E+00 a      2164     1     8     2     4
 -5.7687889090687949E-02 a      2165     1     8     2     5
  1.1394301406332434E+00 a      2166     1     8     2     6
  6.4623700161216402E-01 a      2167     1     8     2     7
 -2.4821550228902645E-01 a      2168     1     8     2     8
  9.5691210570195473E-01 a      2169     1     8     2     9
 -2.2115627099279074E+00 a      2170     1     8     2    10
  1.1769273881319131E+00 a      2171     1     8     2    11
  4.4477909948459904E-01 a      2172     1     8     2    12
  1.0702591070886214E-01 a      2173     1     8     2    13
 -1.5621556183971146E+00 a      2174     1     8     2    14
 -2.5022251724335337E-01 a      2175     1     8     2    15
 -3.3713249796756162E-01 a      2176     1     8     2    16
 -1.2393900240273767E+00 a      2177     1     8     2    17
  1.5787616209466011E+00 a      2178     1     8     2    18
 -2.5512257146707156E+00 a      2179     1     8     2    19
  3.0702855081159180E-01 a      2180     1     8     2    20
  2.7086522165675628E+00 a      2181     1     8     2    21
 -2.8661404039786659E-01 a      2182     1     8     2    22
  7.6744886285521818E-01 a      2183     1     8     2    23
 -1.8644306716103349E+00 a      2184     1     8     2    24
 -1.2326116567736023E+00 a      2185     1     8     2    25
 -2.2794074595060543E-01 a      2186     1     8     2    26
 -2.7274915435329111E-01 a      2187     1     8     2    27
 -2.2772701390391020E-01 a      2188     1     8     2    28
  1.1265584878615724E+00 a      2189     1     8     2    29
  3.1916429892256659E-01 a      2190     1     8     2    30
  2.6058185848619040E+00 a      2191     1     9     2     1
 -1.4149415393052205E+00 a      2192     1     9     2     2
  2.2516248918939294E+00 a      2193     1     9     2     3
 -1.5637723110830923E+00 a      2194     1     9     2     4
  1.2202668276642489E-01 a      2195     1     9     2     5
  1.4219101237319343E+00 a      2196     1     9     2     6
 -7.2446108169619627E-01 a      2197     1     9     2     7
  1.4286246743470850E+00 a      2198     1     9     2     8
  1.0565623496219355E-01 a      2199     1     9     2     9
  9.4048976579509969E-01 a      2200     1     9     2    10
  1.1888406735566106E+00 a      2201     1     9     2    11
 -5.2458661297021175E-02 a      2202     1     9     2    12
  1.0436883747644172E+00 a      2203     1     9     2    13
 -1.4785770989779938E+00 a      2204     1     9     2    14
  1.9093750721939526E-01 a      2205     1     9     2    15
  2.9475269776423607E-01 a      2206     1     9     2    16
 -1.6663057820492215E+00 a      2207     1     9     2    17
  1.7907406558910210E-01 a      2208     1     9     2    18
 -9.4583498273643341E-01 a      2209     1     9     2    19
  1.3873238756464237E+00 a      2210     1     9     2    20
  8.4237184384185737E-01 a      2211     1     9     2    21
 -1.3435396298540097E+00 a      2212     1     9     2    22
 -1.0439169274461080E+00 a      2213     1     9     2    23
 -4.3511148201597527E-01 a      2214     1     9     2    24
 -3.8839567183453880E+00 a      2215     1     9     2    25
 -1.6193451960957173E-02 a      2216     1     9     2    26
 -9.4056706903171694E-02 a      2217     1     9     2    27
  1.4997482270715770E+00 a      2218     1     9     2    28
  6.3471387772145449E-01 a      2219     1     9     2    29
  2.8410607612705807E-03 a      2220     1     9     2    30
  1.3957491674596403E+00 a      2221     1    10     2     1
  7.2995415013760334E-01 a      2222     1    10     2     2
 -8.0838058996166251E-01 a      2223     1    10     2     3
  1.8896417678548276E+00 a      2224     1    10     2     4
 -8.1077519836877210E-01 a      2225     1    10     2     5
  5.6345367340404122E-02 a      2226     1    10     2     6
 -9.9986613515408995E-01 a      2227     1    10     2     7
  2.4451687422733248E+00 a      2228     1    10     2     8
 -9.5212068633635655E-03 a      2229     1    10     2     9
  1.3692993481007147E+00 a      2230     1    10     2    10
  6.4524032181209079E-01 a      2231     1    10     2    11
  9.2313019106279381E-01 a      2232     1    10     2    12
  2.6862474996228353E-01 a      2233     1    10     2    13
 -3.5069450987187223E-02 a      2234     1    10     2    14
  4.7102471345477509E-01 a      2235     1    10     2    15
  8.6259169847268780E-01 a      2236     1    10     2    16
 -1.3305944849729154E+00 a      2237     1    10     2    17
 -1.4500231277132980E+00 a      2238     1    10     2    18
 -2.4810980225373150E-01 a      2239     1    10     2    19
  1.5749154803425049E+00 a      2240     1    10     2    20
 -1.2790057178546588E+00 a      2241     1    10     2    21
  8.4808125251258759E-01 a      2242     1    10     2    22
 -5.6358713738736821E-01 a      2243     1    10     2    23
  4.9458037670444094E-01 a      2244     1    10     2    24
 -1.3276920968249417E-01 a      2245     1    10     2    25
  2.9461135042596548E-01 a      2246     1    10     2    26
 -2.0319630111696454E-01 a      2247     1    10     2    27
  1.2269729710350046E+00 a      2248     1    10     2    28
 -3.6948052118611691E-01 a      2249     1    10     2    29
 -2.1701499547752121E-01 a      2250     1    10     2    30
 -4.9573235094194013E-01 a      2251     1    11     2     1
  4.5082966473647518E-01 a      2252     1    11     2     2
  1.9562115047448134E-01 a      2253     1    11     2     3
  8.2205924778768569E-01 a      2254     1    11     2     4
  4.9870024545096847E-01 a      2255     1    11     2     5
 -3.5745558713450171E-01 a      2256     1    11     2     6
  9.6573906197789516E-01 a      2257     1    11     2     7
  4.9424126037152805E-01 a      2258     1    11     2     8
 -1.7204753114264670E-01 a      2259     1    11     2     9
 -2.3963559980421958E-01 a      2260     1    11     2    10
 -1.5444429916216487E-01 a      2261     1    11     2    11
 -1.1589403006236034E+00 a      2262     1    11     2    12
 -4.8388611526108721E-01 a      2263     1    11     2    13
 -4.9948489042428984E-01 a      2264     1    11     2    14
 -1.1593073598273029E-01 a      2265     1    11     2    15
 -9.4329692031454429E-02 a      2266     1    11     2    16
  7.4737355272572836E-01 a      2267     1    11     2    17
 -9.8866505223939338E-01 a      2268     1    11     2    18
 -1.7757604484600678E+00 a      2269     1    11     2    19
 -1.7319636210446392E+00 a      2270     1    11     2    20
  1.0021719049571027E+00 a      2271     1    11     2    21
 -2.6520457123027277E+00 a      2272     1    11     2    22
 -2.0893288838808903E+00 a      2273     1    11     2    23
 -1.0203658914819440E+00 a      2274     1    11     2    24
 -1.6527811777573548E-01 a      2275     1    11     2    25
  1.3188307870203100E-02 a      2276     1    11     2    26
  1.2615726446048887E+00 a      2277     1    11     2    27
 -4.4708913843428189E-01 a      2278     1    11     2    28
 -1.2889645145245558E+00 a      2279     1    11     2    29
  3.1999109256831755E-02 a      2280     1    11     2    30
 -7.0287355844807120E-01 a      2281     1    12     2     1
  2.0551939978087206E+00 a      2282     1    12     2     2
  9.4917925554975957E-01 a      2283     1    12     2     3
 -2.9594002136921038E-01 a      2284     1    12     2     4
  3.2709948429822738E-01 a      2285     1    12     2     5
  7.9447025910539093E-01 a      2286     1    12     2     6
 -9.5868979791226294E-01 a      2287     1    12     2     7
 -8.8769670988953120E-01 a      2288     1    12     2     8
 -7.7368177557260420E-01 a      2289     1    12     2     9
 -3.7551880331072046E-01 a      2290     1    12     2    10
  4.5467065561216152E-01 a      2291     1    12     2    11
 -1.3493788760132268E+00 a      2292     1    12     2    12
  4.1563323767453708E-01 a      2293     1    12     2    13
 -1.9031995616179373E-01 a      2294     1    12     2    14
  1.0092380003485226E+00 a      2295     1    12     2    15
  2.8058434314087799E-01 a      2296     1    12     2    16
  7.3436028197526781E-01 a      2297     1    12     2    17
 -8.4060327139009661E-01 a      2298     1    12     2    18
  3.0970770879023318E-01 a      2299     1    12     2    19
  7.3598758979988077E-01 a      2300     1    12     2    20
  2.2567117114379958E+00 a      2301     1    12     2    21
  1.9487130498792044E-01 a      2302     1    12     2    22
  2.6608520272993474E-01 a      2303     1    12     2    23
 -1.6787903074329098E+00 a      2304     1    12     2    24
 -1.0943953703286170E-02 a      2305     1    12     2    25
  6.8909370554751925E-01 a      2306     1    12     2    26
 -6.0525896839282789E-01 a      2307     1    12     2    27
  8.5157061083778163E-01 a      2308     1    12     2    28
 -9.1949792117264850E-01 a      2309     1    12     2    29
  2.2924389159961917E-01 a      2310     1    12     2    30
  9.1136752694812984E-01 a      2311     1    13     2     1
 -5.2242325516547572E-01 a      2312     1    13     2     2
  5.4395386851636113E-02 a      2313     1    13     2     3
  1.1772352774564867E+00 a      2314     1    13     2     4
 -3.5377896308530299E-01 a      2315     1    13     2     5
 -1.7587957621361785E+00 a      2316     1    13     2     6
  5.1268413961147374E-01 a      2317     1    13     2     7
 -1.3245580419156100E+00 a      2318     1    13     2     8
 -3.6344468840447125E-01 a      2319     1    13     2     9
  1.3993565981515035E+00 a      2320     1    13     2    10
 -1.6042145099624576E+00 a      2321     1    13     2    11
  5.0777775150158821E-01 a      2322     1    13     2    12
  7.9110823768063032E-01 a      2323     1    13     2    13
  1.4164756877548410E+00 a      2324     1    13     2    14
 -7.6759743519554213E-01 a      2325     1    13     2    15
 -1.1871762568753550E+00 a      2326     1    13     2    16
 -1.8095369708215001E+00 a      2327     1    13     2    17
  1.9738249994560857E+00 a      2328     1    13     2    18
 -4.6450936451153318E-01 a      2329     1    13     2    19
 -1.2544489653495832E+00 a      2330     1    13     2    20
  4.4215894431168734E-01 a      2331     1    13     2    21
  1.1905909645221342E+00 a      2332     1    13     2    22
  1.0489955426331310E+00 a      2333     1    13     2    23
 -1.6037629055004174E+00 a      2334     1    13     2    24
  3.6720115666884989E-02 a      2335     1    13     2    25
  7.9160701480856632E-01 a      2336     1    13     2    26
  2.4325235904124487E-01 a      2337     1    13     2    27
  9.9408261435800949E-02 a      2338     1    13     2    28
 -9.6531779390761108E-01 a      2339     1    13     2    29
  2.4936815221531611E-01 a      2340     1    13     2    30
 -2.7301918136564307E+00 a      2341     1    14     2     1
 -1.1625085094762162E+00 a      2342     1    14     2     2
  1.6258168871307985E+00 a      2343     1    14     2     3
  1.1421086123169379E+00 a      2344     1    14     2     4
 -3.0964217436017893E-01 a      2345     1    14     2     5
  2.7602992039625409E+00 a      2346     1    14     2     6
 -3.4765617643975864E+00 a      2347     1    14     2     7
  1.0838985536696630E+00 a      2348     1    14     2     8
 -4.5570656520830305E-01 a      2349     1    14     2     9
 -2.6572755259757930E+00 a      2350     1    14     2    10
  1.5721820058700220E+00 a      2351     1    14     2    11
 -4.4374648810093553E-01 a      2352     1    14     2    12
 -7.3787018874653065E-01 a      2353     1    14     2    13
  1.8206645897768305E+00 a      2354     1    14     2    14
  1.8432065487961669E-01 a      2355     1    14     2    15
 -3.7129317272772550E-02 a      2356     1    14     2    16
  3.5508921171728997E-01 a      2357     1    14     2    17
 -2.2717834920896443E+00 a      2358     1    14     2    18
 -1.0746358623886980E+00 a      2359     1    14     2    19
  1.7229918822592929E+00 a      2360     1    14     2    20
 -2.3100997055170174E+00 a      2361     1    14     2    21
 -8.5576570079808412E-01 a      2362     1    14     2    22
  1.3728190015406165E+00 a      2363     1    14     2    23
  2.2142075637832619E+00 a      2364     1    14     2    24
  9.9897513914728187E-01 a      2365     1    14     2    25
 -1.9441033593610215E+00 a      2366     1    14     2    26
 -9.2369283600864704E-01 a      2367     1    14     2    27
 -2.6510373896765667E+00 a      2368     1    14     2    28
  3.0212828200002959E+00 a      2369     1    14     2    29
 -8.1552620043883206E-01 a      2370     1    14     2    30
 -5.0376620409014294E-01 a      2371     1    15     2     1
  2.2054334517265592E-01 a      2372     1    15     2     2
 -1.2052970025614589E+00 a      2373     1    15     2     3
  4.4754899247426111E-01 a      2374     1    15     2     4
 -1.0605733628368292E+00 a      2375     1    15     2     5
  5.8485770341326504E-01 a      2376     1    15     2     6
 -2.0908044792532317E+00 a      2377     1    15     2     7
 -8.7917786769443251E-01 a      2378     1    15     2     8
 -1.1742093231445596E+00 a      2379     1    15     2     9
 -3.0649675277116319E+00 a      2380     1    15     2    10
  1.3826244553985265E-01 a      2381     1    15     2    11
  1.2322938202801664E-01 a      2382     1    15     2    12
  5.9258460589773007E-02 a      2383     1    15     2    13
 -1.3984757217461476E+00 a      2384     1    15     2    14
  1.1430448881606390E+00 a      2385     1    15     2    15
  1.2142224611872141E+00 a      2386     1    15     2    16
  4.0612706370548601E-01 a      2387     1    15     2    17
 -1.9180350790155778E+00 a      2388     1    15     2    18
  1.2395086968534959E+00 a      2389     1    15     2    19
 -9.1996286611348821E-01 a      2390     1    15     2    20
 -8.3254560470913563E-01 a      2391     1    15     2    21
 -1.4964339818192283E+00 a      2392     1    15     2    22
 -2.0865116787405422E+00 a      2393     1    15     2    23
  1.3500338375139886E+00 a      2394     1    15     2    24
 -2.8029446146643455E-01 a      2395     1    15     2    25
 -8.6040719912083985E-01 a      2396     1    15     2    26
 -5.5050732892910803E-01 a      2397     1    15     2    27
  5.9880679461249718E-02 a      2398     1    15     2    28
  1.4128238824981651E-01 a      2399     1    15     2    29
 -1.1759038756158546E+00 a      2400     1    15     2    30
  1.3388295304119247E+00 a      2401     1    16     2     1
 -5.0864663407190058E-01 a      2402     1    16     2     2
  6.6093257101300251E-01 a      2403     1    16     2     3
  2.3175873122218342E+00 a      2404     1    16     2     4
 -1.7946843721455799E+00 a      2405     1    16     2     5
 -2.9755233076567866E+00 a      2406     1    16     2     6
 -2.7882012109138510E-01 a      2407     1    16     2     7
  3.8452596053493976E-01 a      2408     1    16     2     8
  3.8468385094384067E-01 a      2409     1    16     2     9
  3.1840331014277377E+00 a      2410     1    16     2    10
 -3.3144024579603909E-01 a      2411     1    16     2    11
 -1.0464906294782970E+00 a      2412     1    16     2    12
  1.2941437366485080E+00 a      2413     1    16     2    13
 -4.7093055901456676E-01 a      2414     1    16     2    14
  2.0312910060483444E+00 a      2415     1    16     2    15
  8.2936739631592871E-01 a      2416     1    16     2    16
  1.7659274703922370E+00 a      2417     1    16     2    17
  1.0542723072658783E-01 a      2418     1    16     2    18
 -5.6935760895009724E-01 a      2419     1    16     2    19
  1.0682559370029876E+00 a      2420     1    16     2    20
 -1.4924670820230448E+00 a      2421     1    16     2    21
 -6.1729476636715175E-01 a      2422     1    16     2    22
 -4.0068749504992357E-01 a      2423     1    16     2    23
 -1.4367586706733899E+00 a      2424     1    16     2    24
  7.6113621742262405E-01 a      2425     1    16     2    25
 -1.0925305319579330E+00 a      2426     1    16     2    26
 -4.4548419504982545E-01 a      2427     1    16     2    27
  7.1258286422722594E-01 a      2428     1    16     2    28
 -1.3956426568500604E+00 a      2429     1    16     2    29
  7.1156210272881482E-01 a      2430     1    16     2    30
 -9.5180960220808097E-01 a      2431     1    17     2     1
 -5.5114395636011715E-01 a      2432     1    17     2     2
 -1.5091876310731216E+00 a      2433     1    17     2     3
  8.6868708753543566E-01 a      2434     1    17     2     4
  1.8717823857201726E-01 a      2435     1    17     2     5
 -3.6633026218104608E-01 a      2436     1    17     2     6
 -1.3636537611964241E+00 a      2437     1    17     2     7
 -1.1876141157548334E-01 a      2438     1    17     2     8
  1.3309579517262271E-01 a      2439     1    17     2     9
  1.4210581251996997E+00 a      2440     1    17     2    10
 -9.4996388593733516E-01 a      2441     1    17     2    11
 -3.6491684281748897E+00 a      2442     1    17     2    12
 -4.3106458471438341E-01 a      2443     1    17     2    13
 -2.9804510101770781E-01 a      2444     1    17     2    14
  1.2886462594471650E+00 a      2445     1    17     2    15
 -5.2236872153225211E-01 a      2446     1    17     2    16
 -9.4358009354813888E-01 a      2447     1    17     2    17
 -4.3827571471050542E+00 a      2448     1    17     2    18
  3.8424732913762777E-01 a      2449     1    17     2    19
 -1.8154073480645012E+00 a      2450     1    17     2    20
 -1.3587716446596754E+00 a      2451     1    17     2    21
  2.9835116510183884E-01 a      2452     1    17     2    22
 -1.8626050920263826E+00 a      2453     1    17     2    23
 -1.2328429189200729E+00 a      2454     1    17     2    24
  2.9332534472976506E+00 a      2455     1    17     2    25
  1.0953984787537114E+00 a      2456     1    17     2    26
 -2.1919500479974435E-01 a      2457     1    17     2    27
 -5.0621182966064093E-01 a      2458     1    17     2    28
  2.8601337913791149E+00 a      2459     1    17     2    29
 -1.2288241793703361E-01 a      2460     1    17     2    30
 -2.9192431136608423E+00 a      2461     1    18     2     1
  2.1678874905514095E-01 a      2462     1    18     2     2
 -9.7975760091591080E-01 a      2463     1    18     2     3
 -5.8862091573929387E-01 a      2464     1    18     2     4
  1.4883857367844161E-01 a      2465     1    18     2     5
  8.7072098454651126E-01 a      2466     1    18     2     6
 -6.1394820382560979E-02 a      2467     1    18     2     7
  1.1874021867462665E+00 a      2468     1    18     2     8
  9.2321438098444963E-01 a      2469     1    18     2     9
  7.3210280751858980E-01 a      2470     1    18     2    10
 -1.0355781520522461E-01 a      2471     1    18     2    11
  1.4043075875782987E+00 a      2472     1    18     2    12
  8.9026595260238794E-01 a      2473     1    18     2    13
 -2.3544824503518553E+00 a      2474     1    18     2    14
 -8.0881831896486744E-01 a      2475     1    18     2    15
 -1.2735962307332442E+00 a      2476     1    18     2    16
 -1.1500898405010385E+00 a      2477     1    18     2    17
 -2.8863491149427328E-01 a      2478     1    18     2    18
  6.3517607721668501E-01 a      2479     1    18     2    19
 -5.1997162966236532E-01 a      2480     1    18     2    20
  3.4880183729592262E-01 a      2481     1    18     2    21
 -3.9443553435137577E+00 a      2482     1    18     2    22
 -2.0964178081118594E+00 a      2483     1    18     2    23
  2.8259723204122389E-01 a      2484     1    18     2    24
  1.0741046078181407E+00 a      2485     1    18     2    25
 -1.1219172852018464E+00 a      2486     1    18     2    26
 -3.0475814968037962E-01 a      2487     1    18     2    27
  2.0827903280450841E-01 a      2488     1    18     2    28
 -2.8830503805010226E+00 a      2489     1    18     2    29
 -1.5410097633370832E+00 a      2490     1    18     2    30
  8.1786558927962472E-01 a      2491     1    19     2     1
 -5.6537196163065773E-01 a      2492     1    19     2     2
 -8.0021674219851913E-01 a      2493     1    19     2     3
  9.3846028406390358E-01 a      2494     1    19     2     4
  5.5143264049682983E-01 a      2495     1    19     2     5
  7.3926862774826696E-01 a      2496     1    19     2     6
  1.5846794259889310E+00 a      2497     1    19     2     7
 -5.8279754530496442E-01 a      2498     1    19     2     8
 -6.5101138092596023E-01 a      2499     1    19     2     9
 -1.8849972769799681E+00 a      2500     1    19     2    10
 -1.2518611257321801E+00 a      2501     1    19     2    11
  1.9147626975557555E+00 a      2502     1    19     2    12
  1.2287503405964191E+00 a      2503     1    19     2    13
  4.5431722004497227E-01 a      2504     1    19     2    14
  1.2294401788634697E+00 a      2505     1    19     2    15
 -2.0702861826134007E+00 a      2506     1    19     2    16
  1.6270825481348691E-01 a      2507     1    19     2    17
 -2.1938582875291673E-01 a      2508     1    19     2    18
 -1.0764468791136754E+00 a      2509     1    19     2    19
 -1.0424335562366347E+00 a      2510     1    19     2    20
 -2.3418437119864272E-01 a      2511     1    19     2    21
  1.7643929881639679E+00 a      2512     1    19     2    22
  1.4381636790828065E+00 a      2513     1    19     2    23
 -2.1590193380145159E-01 a      2514     1    19     2    24
  6.2854943019797316E-01 a      2515     1    19     2    25
 -1.0002818280658565E-01 a      2516     1    19     2    26
  4.6343123362873023E-01 a      2517     1    19     2    27
  2.1035753864988438E+00 a      2518     1    19     2    28
  1.9915886926663959E-01 a      2519     1    19     2    29
  1.7076380794470183E+00 a      2520     1    19     2    30
  1.7337202018955891E-01 a      2521     1    20     2     1
  1.2791073857167290E+00 a      2522     1    20     2     2
  4.8551553058562036E-01 a      2523     1    20     2     3
 -3.3786272813531071E-01 a      2524     1    20     2     4
 -1.3759000586612342E+00 a      2525     1    20     2     5
 -4.9634645312447034E-01 a      2526     1    20     2     6
  9.7062260071721462E-01 a      2527     1    20     2     7
 -4.0891214398810333E-01 a      2528     1    20     2     8
  2.2692504670542737E-01 a      2529     1    20     2     9
 -1.3420685802066312E+00 a      2530     1    20     2    10
 -6.7303402366235965E-01 a      2531     1    20     2    11
 -7.9026961204675639E-01 a      2532     1    20     2    12
 -6.6764894928636309E-01 a      2533     1    20     2    13
  4.4376759670459592E-01 a      2534     1    20     2    14
  2.6315555252339651E-01 a      2535     1    20     2    15
  9.9371128031019407E-01 a      2536     1    20     2    16
  9.9381043016782111E-01 a      2537     1    20     2    17
 -6.9578583846483055E-01 a      2538     1    20     2    18
  8.5477499744646768E-01 a      2539     1    20     2    19
  2.9672517853850000E-02 a      2540     1    20     2    20
  3.6007935223600933E+00 a      2541     1    20     2    21
 -1.0836465429386311E+00 a      2542     1    20     2    22
  1.2418069142772958E+00 a      2543     1    20     2    23
 -1.1075074530177800E+00 a      2544     1    20     2    24
 -2.8239400198417350E-02 a      2545     1    20     2    25
  6.2800417831213073E-01 a      2546     1    20     2    26
  1.0319321953827947E+00 a      2547     1    20     2    27
  2.7790561273087377E-01 a      2548     1    20     2    28
 -1.9171200320672868E-01 a      2549     1    20     2    29
  7.9136792996758676E-01 a      2550     1    20     2    30
  2.4324330032066599E-01 a      2551     1    21     2     1
 -7.2959998952323835E-01 a      2552     1    21     2     2
 -1.6297826436787668E+00 a      2553     1    21     2     3
  7.5690784284817381E-01 a      2554     1    21     2     4
 -4.6078578847754742E-01 a      2555     1    21     2     5
 -1.5195756228957833E+00 a      2556     1    21     2     6
 -5.5468578134027324E-01 a      2557     1    21     2     7
  1.2161212153523875E+00 a      2558     1    21     2     8
 -1.1421718207558551E+00 a      2559     1    21     2     9
 -8.8528782235586601E-01 a      2560     1    21     2    10
 -1.0666473059206147E+00 a      2561     1    21     2    11
 -2.7171017300006162E-01 a      2562     1    21     2    12
  9.9109116555907784E-01 a      2563     1    21     2    13
 -3.1640161835690117E-01 a      2564     1    21     2    14
  3.4213105762774720E-01 a      2565     1    21     2    15
 -6.5190759457365255E-01 a      2566     1    21     2    16
 -5.7485658795368252E-02 a      2567     1    21     2    17
  1.4121240762756493E-01 a      2568     1    21     2    18
  6.1710991311748520E-01 a      2569     1    21     2    19
  2.4078113879666835E-01 a      2570     1    21     2    20
  7.9525478032584096E-01 a      2571     1    21     2    21
  1.3177936511092023E+00 a      2572     1    21     2    22
  7.2346767025209524E-01 a      2573     1    21     2    23
  1.2647813081881150E+00 a      2574     1    21     2    24
  3.2563503513841907E-01 a      2575     1    21     2    25
  1.4067113184460405E+00 a      2576     1    21     2    26
 -4.5653593379533908E-01 a      2577     1    21     2    27
 -2.1144175180290947E+00 a      2578     1    21     2    28
  5.4950658664363472E-01 a      2579     1    21     2    29
  1.1818781410242012E+00 a      2580     1    21     2    30
  3.6802894720526158E-01 a      2581     1    22     2     1
  6.6300602011729992E-01 a      2582     1    22     2     2
 -1.9057916285337360E+00 a      2583     1    22     2     3
 -7.8137341873311050E-01 a      2584     1    22     2     4
  3.2883797577550822E-01 a      2585     1    22     2     5
 -1.2047492481366655E+00 a      2586     1    22     2     6
  1.5857704056990078E+00 a      2587     1    22     2     7
  7.5763324501710061E-01 a      2588     1    22     2     8
  1.1036894574394097E-01 a      2589     1    22     2     9
 -2.1164634256423511E+00 a      2590     1    22     2    10
 -6.2498694394040266E-01 a      2591     1    22     2    11
  2.2147089265592688E+00 a      2592     1    22     2    12
 -1.2835466260365731E+00 a      2593     1    22     2    13
  9.5752306754092964E-01 a      2594     1    22     2    14
 -1.3388373354603609E+00 a      2595     1    22     2    15
  1.3592980762834665E+00 a      2596     1    22     2    16
 -4.6923508046616080E-01 a      2597     1    22     2    17
  2.2423156958274246E-01 a      2598     1    22     2    18
  2.1333236316175057E-02 a      2599     1    22     2    19
  7.2436581988338355E-01 a      2600     1    22     2    20
  1.4295820069702541E+00 a      2601     1    22     2    21
  1.3173792382603760E+00 a      2602     1    22     2    22
  5.7288274004950945E-01 a      2603     1    22     2    23
  4.8010669522542243E-01 a      2604     1    22     2    24
 -7.8338510391969485E-01 a      2605     1    22     2    25
 -1.8176924072956349E+00 a      2606     1    22     2    26
  2.1543706481286970E-01 a      2607     1    22     2    27
  1.6747446509577104E+00 a      2608     1    22     2    28
 -1.9621952054766667E+00 a      2609     1    22     2    29
 -1.0784648963694596E+00 a      2610     1    22     2    30
  8.3904893750824305E-01 a      2611     1    23     2     1
  6.1655146653474246E-01 a      2612     1    23     2     2
  1.7415718679763059E+00 a      2613     1    23     2     3
 -1.6988967589105395E+00 a      2614     1    23     2     4
  4.8981546672405551E-01 a      2615     1    23     2     5
  2.4837365092629735E-01 a      2616     1    23     2     6
  2.9957631108743632E-01 a      2617     1    23     2     7
  8.6847240178831511E-02 a      2618     1    23     2     8
 -3.2119251126786243E-02 a      2619     1    23     2     9
  1.3104485134764550E+00 a      2620     1    23     2    10
  1.1409234519523317E+00 a      2621     1    23     2    11
  1.1401561819895956E+00 a      2622     1    23     2    12
 -8.9433373514128978E-01 a      2623     1    23     2    13
  1.4968283682722747E+00 a      2624     1    23     2    14
  7.7556862500527668E-01 a      2625     1    23     2    15
  4.8626954738988926E-01 a      2626     1    23     2    16
 -6.4096083513370306E-01 a      2627     1    23     2    17
 -5.4881848513066089E-01 a      2628     1    23     2    18
 -2.8147207216061543E+00 a      2629     1    23     2    19
  1.5442720709866640E+00 a      2630     1    23     2    20
 -3.3719157929485735E+00 a      2631     1    23     2    21
 -1.6896080382585588E-01 a      2632     1    23     2    22
  5.8351977810160160E-01 a      2633     1    23     2    23
  9.2616824041225965E-01 a      2634     1    23     2    24
 -4.8829485513895876E-01 a      2635     1    23     2    25
  1.0756766628690681E-01 a      2636     1    23     2    26
  7.0586074853848546E-01 a      2637     1    23     2    27
 -7.2376137928226658E-01 a      2638     1    23     2    28
 -7.6301282263122083E-01 a      2639     1    23     2    29
 -5.3013587812081941E-01 a      2640     1    23     2    30
 -1.1001947789241397E+00 a      2641     1    24     2     1
  1.5102996277717895E+00 a      2642     1    24     2     2
  6.6490509432263062E-02 a      2643     1    24     2     3
  4.6458785871808855E-01 a      2644     1    24     2     4
  1.1749778534936555E+00 a      2645     1    24     2     5
  1.0808247741646291E+00 a      2646     1    24     2     6
 -5.0080455798198653E-01 a      2647     1    24     2     7
 -2.8124150879518535E+00 a      2648     1    24     2     8
  7.0589035445644577E-01 a      2649     1    24     2     9
  3.0076440976311952E-01 a      2650     1    24     2    10
  1.9073315743417169E-01 a      2651     1    24     2    11
  2.3134486831459338E+00 a      2652     1    24     2    12
 -1.3236807979634320E+00 a      2653     1    24     2    13
  5.7574609430030765E-01 a      2654     1    24     2    14
 -4.9747544369647279E-01 a      2655     1    24     2    15
  1.5124001612068905E+00 a      2656     1    24     2    16
  4.7052266361638223E-01 a      2657     1    24     2    17
 -2.2890351982004518E+00 a      2658     1    24     2    18
 -5.1584952937471484E-01 a      2659     1    24     2    19
  4.7390679783553730E-01 a      2660     1    24     2    20
 -4.2044574295289211E-01 a      2661     1    24     2    21
  2.2839814502640770E+00 a      2662     1    24     2    22
  1.1267985367062341E+00 a      2663     1    24     2    23
  6.5733312356576679E-01 a      2664     1    24     2    24
 -4.2953527050895085E-01 a      2665     1    24     2    25
 -3.2463499856558884E+00 a      2666     1    24     2    26
  2.9284852794995070E-01 a      2667     1    24     2    27
  1.3380957555010802E+00 a      2668     1    24     2    28
 -1.3545080466270585E+00 a      2669     1    24     2    29
 -1.2079079414777352E-01 a      2670     1    24     2    30
 -1.2414158065811765E+00 a      2671     1    25     2     1
 -5.0503297132779679E-01 a      2672     1    25     2     2
 -2.0428033922573174E+00 a      2673     1    25     2     3
 -1.1499835306159037E-01 a      2674     1    25     2     4
  1.7170552695876809E-01 a      2675     1    25     2     5
 -3.7579603185771204E-01 a      2676     1    25     2     6
 -8.9792882288644749E-01 a      2677     1    25     2     7
 -2.2845255064980545E+00 a      2678     1    25     2     8
  1.3715929904350426E+00 a      2679     1    25     2     9
 -6.4436359467752191E-01 a      2680     1    25     2    10
 -3.3749508551847918E-01 a      2681     1    25     2    11
  7.4681034931586743E-01 a      2682     1    25     2    12
 -8.9178203070983242E-01 a      2683     1    25     2    13
  1.3345674412032043E+00 a      2684     1    25     2    14
  1.0528375653749669E+00 a      2685     1    25     2    15
 -1.3445706110421158E+00 a      2686     1    25     2    16
 -1.2737866398355189E+00 a      2687     1    25     2    17
  1.0015218048698296E+00 a      2688     1    25     2    18
 -4.6040623772234096E-01 a      2689     1    25     2    19
 -1.2257985986545572E+00 a      2690     1    25     2    20
  3.4181983690487496E+00 a      2691     1    25     2    21
  8.8398001610582422E-01 a      2692     1    25     2    22
 -1.5967045092923386E+00 a      2693     1    25     2    23
  8.4201602885340487E-01 a      2694     1    25     2    24
 -1.5284146769511930E+00 a      2695     1    25     2    25
  1.0273114353078434E+00 a      2696     1    25     2    26
 -6.0611642215239270E-01 a      2697     1    25     2    27
 -5.8723672486615974E-01 a      2698     1    25     2    28
 -1.1686657071678019E+00 a      2699     1    25     2    29
 -3.8605076008858519E-01 a      2700     1    25     2    30
 -8.2675940867546849E-01 a      2701     1    26     2     1
  7.3119254892565724E-02 a      2702     1    26     2     2
 -9.6848408565543498E-01 a      2703     1    26     2     3
 -1.6887572090992966E+00 a      2704     1    26     2     4
 -6.6499045008540225E-01 a      2705     1    26     2     5
 -1.4987205012649135E-01 a      2706     1    26     2     6
 -6.9750485755598857E-01 a      2707     1    26     2     7
 -8.9733905560717597E-01 a      2708     1    26     2     8
 -4.9619598857254094E-01 a      2709     1    26     2     9
 -4.8296037901607503E-01 a      2710     1    26     2    10
  2.9718696727521859E-01 a      2711     1    26     2    11
 -2.0821178863509795E+00 a      2712     1    26     2    12
  1.3010011749174097E+00 a      2713     1    26     2    13
 -9.1151680128601698E-01 a      2714     1    26     2    14
 -4.3408215043370546E-01 a      2715     1    26     2    15
  8.6748758829314088E-01 a      2716     1    26     2    16
  1.3169884470426059E+00 a      2717     1    26     2    17
 -1.1387313735891857E+00 a      2718     1    26     2    18
  1.7259200791644241E-01 a      2719     1    26     2    19
 -8.7904055807235004E-01 a      2720     1    26     2    20
 -3.7317488801827086E+00 a      2721     1    26     2    21
 -6.3724832722417735E-01 a      2722     1    26     2    22
  2.9021318706722471E-01 a      2723     1    26     2    23
 -1.0215340948919414E+00 a      2724     1    26     2    24
  2.2532531908030135E-01 a      2725     1    26     2    25
  1.1399144709237998E+00 a      2726     1    26     2    26
 -9.1953762038144871E-02 a      2727     1    26     2    27
 -1.7760452106668776E+00 a      2728     1    26     2    28
  1.3861322972782653E+00 a      2729     1    26     2    29
  6.4357431215083882E-01 a      2730     1    26     2    30
  1.5304620172450352E+00 a      2731     1    27     2     1
 -8.4280454369165847E-01 a      2732     1    27     2     2
  1.3826392961365985E+00 a      2733     1    27     2     3
 -8.5646013975171964E-01 a      2734     1    27     2     4
 -1.8104883092402315E+00 a      2735     1    27     2     5
  1.6364296778135830E+00 a      2736     1    27     2     6
 -6.5930236562535216E-01 a      2737     1    27     2     7
 -1.8249521958691743E+00 a      2738     1    27     2     8
  1.4355981254929491E+00 a      2739     1    27     2     9
  2.5486489959339642E-01 a      2740     1    27     2    10
  1.3120052402279092E-02 a      2741     1    27     2    11
  1.1867647452306063E+00 a      2742     1    27     2    12
 -5.2313978540025863E-01 a      2743     1    27     2    13
  4.0266273739526875E-02 a      2744     1    27     2    14
 -1.1234421499629794E+00 a      2745     1    27     2    15
 -1.9903071020942789E-01 a      2746     1    27     2    16
  9.4170886526440928E-02 a      2747     1    27     2    17
  2.7708331998185840E+00 a      2748     1    27     2    18
 -1.9034978986717925E+00 a      2749     1    27     2    19
  5.4381382397597289E-01 a      2750     1    27     2    20
 -1.3157372908730716E+00 a      2751     1    27     2    21
  3.1199346629916147E-01 a      2752     1    27     2    22
 -7.0732095611651868E-01 a      2753     1    27     2    23
 -6.7158275197474271E-01 a      2754     1    27     2    24
 -1.4872787801180658E+00 a      2755     1    27     2    25
  6.2220935046245940E-01 a      2756     1    27     2    26
  2.9685013551601735E-01 a      2757     1    27     2    27
  7.3940554277438342E-01 a      2758     1    27     2    28
  9.6652548111929060E-01 a      2759     1    27     2    29
  1.6237116707128579E-01 a      2760     1    27     2    30
 -3.8658760748233019E+00 a      2761     1    28     2     1
  4.4176838215124009E-01 a      2762     1    28     2     2
 -5.0084747575423394E-01 a      2763     1    28     2     3
 -3.5480529644876180E-01 a      2764     1    28     2     4
  1.2625931364690063E-01 a      2765     1    28     2     5
 -5.9275910052690550E-01 a      2766     1    28     2     6
  8.2227264748112594E-01 a      2767     1    28     2     7
  4.7641807238444889E-01 a      2768     1    28     2     8
  2.7840015208068797E-01 a      2769     1    28     2     9
  1.7970686089868011E+00 a      2770     1    28     2    10
 -1.2509377448262438E+00 a      2771     1    28     2    11
 -1.0401683430060162E+00 a      2772     1    28     2    12
 -1.6556994741170667E+00 a      2773     1    28     2    13
 -4.4889976573646945E-01 a      2774     1    28     2    14
 -4.1175536790461981E-01 a      2775     1    28     2    15
  1.1262783397538494E+00 a      2776     1    28     2    16
 -1.1233305200593717E+00 a      2777     1    28     2    17
 -9.5595015128476257E-01 a      2778     1    28     2    18
 -6.1008300722861475E-01 a      2779     1    28     2    19
 -2.0543194539954741E+00 a      2780     1    28     2    20
 -1.5999362523410514E+00 a      2781     1    28     2    21
 -1.9545316351762230E+00 a      2782     1    28     2    22
 -2.5635647288656132E+00 a      2783     1    28     2    23
  6.9471632126923988E-01 a      2784     1    28     2    24
 -1.2759705161333326E-01 a      2785     1    28     2    25
 -3.4411870302901959E-01 a      2786     1    28     2    26
  2.2462414282924015E+00 a      2787     1    28     2    27
 -4.4120386117401607E+00 a      2788     1    28     2    28
  7.6100104977820515E-01 a      2789     1    28     2    29
 -2.2318293720109299E+00 a      2790     1    28     2    30
  1.3906750221772399E+00 a      2791     1    29     2     1
 -1.5639169700950422E+00 a      2792     1    29     2     2
  9.1752410084571545E-01 a      2793     1    29     2     3
  7.1870006494192262E-01 a      2794     1    29     2     4
  7.9716218909121428E-01 a      2795     1    29     2     5
 -1.2119808638739389E+00 a      2796     1    29     2     6
  6.0771704053625042E-01 a      2797     1    29     2     7
 -2.0899231853686127E+00 a      2798     1    29     2     8
 -4.0901766307254067E-01 a      2799     1    29     2     9
  7.7319942147190579E-01 a      2800     1    29     2    10
 -2.4333693609583529E+00 a      2801     1    29     2    11
  1.2313649839040635E+00 a      2802     1    29     2    12
  3.8036764074575298E+00 a      2803     1    29     2    13
  9.5640129277645258E-01 a      2804     1    29     2    14
  5.2271760704694636E-01 a      2805     1    29     2    15
 -1.1962790882857210E+00 a      2806     1    29     2    16
  7.9323153116657730E-01 a      2807     1    29     2    17
  2.9781185435730939E+00 a      2808     1    29     2    18
  9.3260884969893143E-01 a      2809     1    29     2    19
 -1.4794417307970131E+00 a      2810     1    29     2    20
  6.4624318494875377E-02 a      2811     1    29     2    21
  1.2907474015089690E+00 a      2812     1    29     2    22
  8.2003527879470117E-01 a      2813     1    29     2    23
 -1.3910708702240875E+00 a      2814     1    29     2    24
  5.2947005798401436E-01 a      2815     1    29     2    25
 -9.8547802538948881E-01 a      2816     1    29     2    26
 -5.0383875993129346E-01 a      2817     1    29     2    27
 -4.6691775115632778E-01 a      2818     1    29     2    28
  4.4413335929012581E+00 a      2819     1    29     2    29
 -1.7379390199916392E-01 a      2820     1    29     2    30
  3.9515398130187696E-01 a      2821     1    30     2     1
 -1.1717596674912916E+00 a      2822     1    30     2     2
  6.2072998576835203E-01 a      2823     1    30     2     3
 -1.1147171090910968E+00 a      2824     1    30     2     4
 -3.1469036278840357E-01 a      2825     1    30     2     5
 -1.3954212469561922E+00 a      2826     1    30     2     6
 -4.5972694117420748E-01 a      2827     1    30     2     7
  2.5433817950380089E+00 a      2828     1    30     2     8
  1.1291570885498332E+00 a      2829     1    30     2     9
  3.0018196808148451E-01 a      2830     1    30     2    10
 -1.7750768417499299E+00 a      2831     1    30     2    11
  4.1255141006245438E-01 a      2832     1    30     2    12
 -3.5034157305500346E-01 a      2833     1    30     2    13
 -1.2001092756660983E+00 a      2834     1    30     2    14
 -1.0506921917173708E+00 a      2835     1    30     2    15
 -1.7157091410474745E+00 a      2836     1    30     2    16
 -9.5712777075907668E-02 a      2837     1    30     2    17
 -6.7885168080147484E-01 a      2838     1    30     2    18
  5.2624351313830542E-01 a      2839     1    30     2    19
 -3.1187417908042014E-01 a      2840     1    30     2    20
  1.6941164679884289E+00 a      2841     1    30     2    21
  2.1048865349677146E+00 a      2842     1    30     2    22
  5.0633334534800345E-01 a      2843     1    30     2    23
  1.6063775154048678E+00 a      2844     1    30     2    24
  9.4609136698620644E-01 a      2845     1    30     2    25
 -5.1447887401306416E-02 a      2846     1    30     2    26
  6.5631659507493889E-01 a      2847     1    30     2    27
  2.4373813020898401E+00 a      2848     1    30     2    28
 -1.1341282733677771E+00 a      2849     1    30     2    29
  9.0793284361093007E-01 a      2850     1    30     2    30
 -4.7569676329601140E+00 b      2851     2     1
 -1.9370333708113503E+00 b      2852     2     2
 -2.7975993670209633E+00 b      2853     2     3
  1.1691857270972530E+00 b      2854     2     4
 -1.2582714222262052E+00 b      2855     2     5
 -1.0605358095408761E+00 b      2856     2     6
  2.1718516669513859E+00 b      2857     2     7
 -5.7293850427045201E-01 b      2858     2     8
 -9.4155634161081359E-01 b      2859     2     9
 -1.1202138232767334E+01 b      2860     2    10
 -3.0218270812899077E+00 b      2861     2    11
 -7.8208760872306160E-01 b      2862     2    12
 -1.1707829965220862E+00 b      2863     2    13
 -2.1925962590186521E-01 b      2864     2    14
 -2.3314968529785647E+00 b      2865     2    15
 -9.9407198839160422E+00 b      2866     2    16
 -4.4027584747805655E+00 b      2867     2    17
  1.4239513641128314E+00 b      2868     2    18
  1.6690357664824382E+00 b      2869     2    19
 -4.1567203326286162E+00 b      2870     2    20
  1.2284569908052243E+00 b      2871     2    21
  6.7358928399772440E+00 b      2872     2    22
  2.8446717795109606E+00 b      2873     2    23
  1.2476772592885830E+00 b      2874     2    24
  6.3725214310523270E+00 b      2875     2    25
 -3.7488782844869131E+00 b      2876     2    26
  7.8783752653590222E-01 b      2877     2    27
 -8.4634029599124432E+00 b      2878     2    28
  3.9290323586736342E+00 b      2879     2    29
  8.1317880880189608E-01 b      2880     2    30
  1.6713487227582653E-02 a      2881     2     1     3     1
 -7.8466036661919286E-02 a      2882     2     2     3     1
 -6.6283907239807335E-04 a      2883     2     3     3     1
 -1.7892098889949158E-02 a      2884     2     4     3     1
  3.7058400752784704E-01 a      2885     2     5     3     1
  2.1564130167449146E-02 a      2886     2     6     3     1
  3.2220993868205150E-02 a      2887     2     7     3     1
  7.3367126332148326E-03 a      2888     2     8     3     1
 -5.0634904891412646E-02 a      2889     2     9     3     1
  9.0045629078206336E-03 a      2890     2    10     3     1
 -6.0568549836823173E-02 a      2891     2    11     3     1
  2.8807489883976118E-03 a      2892     2    12     3     1
 -1.3363156710705282E-02 a      2893     2    13     3     1
  8.0447063686523532E-02 a      2894     2    14     3     1
 -7.0673434431142781E-02 a      2895     2    15     3     1
 -6.8325221589302697E-03 a      2896     2    16     3     1
 -1.7137127382959801E-02 a      2897     2    17     3     1
  2.3426522647345530E-02 a      2898     2    18     3     1
 -9.6956563621577965E-02 a      2899     2    19     3     1
  3.4512565812652839E-03 a      2900     2    20     3     1
 -2.5335132966851040E-02 a      2901     2    21     3     1
 -2.2082222916643683E-02 a      2902     2    22     3     1
 -3.9379777576280042E-02 a      2903     2    23     3     1
 -1.2036257247435601E-02 a      2904     2    24     3     1
  9.4833813079462752E-03 a      2905     2    25     3     1
  1.7572500026877855E-02 a      2906     2    26     3     1
  6.6514913260488528E-02 a      2907     2    27     3     1
  5.9018341778697608E-02 a      2908     2    28     3     1
  1.8607202928817540E-02 a      2909     2    29     3     1
 -1.0706614146111605E-02 a      2910     2    30     3     1
  9.3273776382959739E-01 b      2911     3     1
