################################################################################
# Neural network connection values (weights and biases).
################################################################################
# Col  Name       Description
################################################################################
# 1    connection Neural network connection value.
# 2    t          Connection type (a = weight, b = bias).
# 3    index      Index enumerating weights.
# 4    l_s        Starting point layer (end point layer for biases).
# 5    n_s        Starting point neuron in starting layer (end point neuron for biases).
# 6    l_e        End point layer.
# 7    n_e        End point neuron in end layer.
################################################################################
#                      1 2         3     4     5     6     7
#             connection t     index   l_s   n_s   l_e   n_e
############################################################
  5.8428339371364331E+00 a         1     0     1     1     1
  1.4096692602130155E+01 a         2     0     1     1     2
 -1.6184891626356013E+00 a         3     0     1     1     3
  1.4243608186368704E+00 a         4     0     1     1     4
  1.9902888224122439E+01 a         5     0     1     1     5
  1.1443236804288082E+01 a         6     0     1     1     6
  5.8176670137808806E+00 a         7     0     1     1     7
  4.1089191046561604E+00 a         8     0     1     1     8
 -2.5900689776781602E+00 a         9     0     1     1     9
  5.8286115003497807E+00 a        10     0     1     1    10
  5.1536873276268258E+00 a        11     0     1     1    11
 -3.9285274620134913E-01 a        12     0     1     1    12
 -6.1969044405668754E+00 a        13     0     1     1    13
  8.8112426964979722E+00 a        14     0     1     1    14
  2.2136393139185500E+00 a        15     0     1     1    15
  1.3558291915559188E+01 a        16     0     1     1    16
 -4.3327119609623486E+00 a        17     0     1     1    17
  5.0308231521026050E+00 a        18     0     1     1    18
 -3.4562583112218386E+00 a        19     0     1     1    19
 -3.3328161574485744E+00 a        20     0     1     1    20
 -2.1189501520485060E-01 a        21     0     1     1    21
  6.9610855680699579E-01 a        22     0     1     1    22
  3.9769735587725257E+00 a        23     0     1     1    23
  8.8132941927362616E+00 a        24     0     1     1    24
  4.8938642533596450E+00 a        25     0     1     1    25
 -6.4037126044662944E+00 a        26     0     1     1    26
 -1.9479286476973174E+00 a        27     0     1     1    27
  4.4485261829927314E+00 a        28     0     1     1    28
 -4.2233546208950008E+00 a        29     0     1     1    29
 -2.4641911960477136E-01 a        30     0     1     1    30
 -2.3525690006417066E+00 a        31     0     2     1     1
 -1.7994632312021701E+00 a        32     0     2     1     2
 -3.5956193395089588E+00 a        33     0     2     1     3
  6.5977482160435912E+00 a        34     0     2     1     4
 -4.5511634870020368E+00 a        35     0     2     1     5
 -4.0972312264084190E+00 a        36     0     2     1     6
 -3.8598551738553835E+00 a        37     0     2     1     7
 -4.8651379156485826E+00 a        38     0     2     1     8
  7.1511839920505151E+00 a        39     0     2     1     9
 -1.5746340104787380E+00 a        40     0     2     1    10
  4.3160048971752492E+00 a        41     0     2     1    11
 -1.3159940554939098E-01 a        42     0     2     1    12
  1.8886336568748447E+00 a        43     0     2     1    13
 -1.2092751319250405E+01 a        44     0     2     1    14
  2.0879026935099767E+00 a        45     0     2     1    15
 -3.6048872080395586E+00 a        46     0     2     1    16
 -3.1360752812657164E+00 a        47     0     2     1    17
  1.5910840501372754E+00 a        48     0     2     1    18
 -7.7350481780929705E+00 a        49     0     2     1    19
  5.5310941743290245E+00 a        50     0     2     1    20
 -9.5886141190545171E+00 a        51     0     2     1    21
 -3.4451206905879403E+00 a        52     0     2     1    22
 -6.3693058925434931E+00 a        53     0     2     1    23
  1.0309478529355044E+01 a        54     0     2     1    24
  4.3224803895963309E+00 a        55     0     2     1    25
 -3.1092881541857440E+00 a        56     0     2     1    26
 -3.3131603347922622E+00 a        57     0     2     1    27
  1.7223597500987060E+00 a        58     0     2     1    28
  1.5964215679399407E+00 a        59     0     2     1    29
 -3.4826205296509555E-01 a        60     0     2     1    30
  8.1274397584566582E+00 a        61     0     3     1     1
  5.6406957647563978E+00 a        62     0     3     1     2
 -6.7671959781807498E+00 a        63     0     3     1     3
 -2.9677276664286887E+00 a        64     0     3     1     4
 -5.6052865827634974E+00 a        65     0     3     1     5
 -3.1172878121703342E+00 a        66     0     3     1     6
  1.0129736346033326E+01 a        67     0     3     1     7
 -6.9181450208241495E+00 a        68     0     3     1     8
  2.1513609538515261E+01 a        69     0     3     1     9
 -4.5848934109306976E+00 a        70     0     3     1    10
 -7.7877578446344016E+00 a        71     0     3     1    11
 -6.2530633269100937E+00 a        72     0     3     1    12
 -2.8998132778064121E+00 a        73     0     3     1    13
 -3.5158489638589208E+00 a        74     0     3     1    14
 -7.7083930475311666E+00 a        75     0     3     1    15
  6.1438658415993146E+00 a        76     0     3     1    16
  3.7368894192880489E+00 a        77     0     3     1    17
 -4.3156049883568626E+00 a        78     0     3     1    18
 -1.7479768218573710E+01 a        79     0     3     1    19
 -4.9309601512179819E+00 a        80     0     3     1    20
 -4.2457196127623122E+00 a        81     0     3     1    21
 -5.2934812834955762E+00 a        82     0     3     1    22
 -8.3112961483683776E+00 a        83     0     3     1    23
  1.1746914486642329E+01 a        84     0     3     1    24
 -5.2479432360991007E-01 a        85     0     3     1    25
 -4.7868013765594046E+00 a        86     0     3     1    26
  4.1348336860907453E-01 a        87     0     3     1    27
 -2.5720512656381205E+00 a        88     0     3     1    28
  8.6508421066714796E+00 a        89     0     3     1    29
 -5.6653070201196520E-01 a        90     0     3     1    30
 -6.3125361824170767E+00 a        91     0     4     1     1
 -5.2349532416920495E+00 a        92     0     4     1     2
 -1.0215886783816936E+00 a        93     0     4     1     3
  1.7038813159585566E+00 a        94     0     4     1     4
  1.1137803639455144E+00 a        95     0     4     1     5
 -2.9518091560754782E+00 a        96     0     4     1     6
 -9.1563649778528298E+00 a        97     0     4     1     7
  9.8201815843285285E+00 a        98     0     4     1     8
 -1.6648875892493489E+01 a        99     0     4     1     9
  1.7852809325395746E+00 a       100     0     4     1    10
  7.5139688565987512E+00 a       101     0     4     1    11
 -4.4334307689171837E+00 a       102     0     4     1    12
  2.0278261671439707E-01 a       103     0     4     1    13
  8.0746751749526247E-01 a       104     0     4     1    14
  3.3546886438115386E+00 a       105     0     4     1    15
 -4.4632681399839180E+00 a       106     0     4     1    16
 -3.9119713825203477E+00 a       107     0     4     1    17
  1.3749342076363189E+00 a       108     0     4     1    18
  1.3863604686419029E+01 a       109     0     4     1    19
  3.8225186349324978E+00 a       110     0     4     1    20
  8.0237069111692572E-01 a       111     0     4     1    21
  7.2064446356771859E+00 a       112     0     4     1    22
  7.7555022995709697E+00 a       113     0     4     1    23
 -8.3493196971673012E+00 a       114     0     4     1    24
 -1.4886587611771376E+00 a       115     0     4     1    25
  6.8972978685335500E+00 a       116     0     4     1    26
  2.4628827526463555E+00 a       117     0     4     1    27
  3.3155682703742895E+00 a       118     0     4     1    28
 -6.9159466562104086E+00 a       119     0     4     1    29
  2.0549952202171808E+00 a       120     0     4     1    30
  2.7245867077669095E+00 a       121     0     5     1     1
  2.9969702452717164E+00 a       122     0     5     1     2
  1.6585853088862330E+00 a       123     0     5     1     3
 -1.2395511919928317E+00 a       124     0     5     1     4
  6.2507278161159840E-01 a       125     0     5     1     5
  2.5968914012049669E+00 a       126     0     5     1     6
  1.2724678615273328E+00 a       127     0     5     1     7
 -1.5523361696984805E+00 a       128     0     5     1     8
  7.0924891492299933E+00 a       129     0     5     1     9
  1.0492868287906327E+00 a       130     0     5     1    10
 -2.9588618266610163E+00 a       131     0     5     1    11
  4.4705925077489583E+00 a       132     0     5     1    12
  8.7831617489154934E-01 a       133     0     5     1    13
  1.8794987707018387E-01 a       134     0     5     1    14
 -1.0328757504964441E+00 a       135     0     5     1    15
  2.0451048760183994E+00 a       136     0     5     1    16
  1.7512410119806892E+00 a       137     0     5     1    17
 -2.8473252522618264E-01 a       138     0     5     1    18
 -4.8281690662688002E+00 a       139     0     5     1    19
 -2.5462703720530651E+00 a       140     0     5     1    20
  1.8210037702927204E-01 a       141     0     5     1    21
 -3.1787536977088235E+00 a       142     0     5     1    22
 -3.7856411665081295E+00 a       143     0     5     1    23
  3.7457205617320568E+00 a       144     0     5     1    24
  1.3268253726292683E+00 a       145     0     5     1    25
  5.0060289517374212E-01 a       146     0     5     1    26
 -4.2350035023117322E-01 a       147     0     5     1    27
 -8.5294369529943950E+00 a       148     0     5     1    28
  2.2370032378683997E+00 a       149     0     5     1    29
  3.5875145789223151E-01 a       150     0     5     1    30
  4.0747501728337676E-01 a       151     0     6     1     1
  4.2415868095324258E+00 a       152     0     6     1     2
 -2.1228037019089236E+00 a       153     0     6     1     3
  4.7462039907317144E-01 a       154     0     6     1     4
  4.4325198404591856E-02 a       155     0     6     1     5
  5.2021118993212223E-01 a       156     0     6     1     6
  4.5700025990521160E+00 a       157     0     6     1     7
 -8.8568179240830813E-01 a       158     0     6     1     8
 -7.5973692068716780E-01 a       159     0     6     1     9
 -1.9354583002564452E-01 a       160     0     6     1    10
 -2.1958008536359452E+00 a       161     0     6     1    11
  3.9014973029794922E+00 a       162     0     6     1    12
  3.5832537411918403E-01 a       163     0     6     1    13
 -6.9587007918457233E-01 a       164     0     6     1    14
  1.8599779689187199E+00 a       165     0     6     1    15
  9.8243765529058802E-01 a       166     0     6     1    16
 -1.1858561573111126E+00 a       167     0     6     1    17
  1.1625789698003848E+00 a       168     0     6     1    18
 -3.2173949657975592E-01 a       169     0     6     1    19
 -1.1383727101696939E+00 a       170     0     6     1    20
  3.6450099730477219E+00 a       171     0     6     1    21
 -2.1137466354868626E+00 a       172     0     6     1    22
 -3.7088402737037696E-01 a       173     0     6     1    23
 -7.1091549078157545E-01 a       174     0     6     1    24
  1.2768886654890579E+00 a       175     0     6     1    25
  2.0504891490745654E+00 a       176     0     6     1    26
  8.3363147269794224E-01 a       177     0     6     1    27
  2.3995335605752390E+00 a       178     0     6     1    28
  5.3371248670653335E+00 a       179     0     6     1    29
  5.5081327757193010E+00 a       180     0     6     1    30
 -4.7542307061406213E+00 a       181     0     7     1     1
  1.6088518177637698E-01 a       182     0     7     1     2
  4.8022025651218048E-01 a       183     0     7     1     3
  4.6507903260824150E+00 a       184     0     7     1     4
 -7.9983513064166862E+00 a       185     0     7     1     5
 -5.6958859152062375E+00 a       186     0     7     1     6
  1.2821712131263592E+01 a       187     0     7     1     7
 -1.8906158377406563E+00 a       188     0     7     1     8
 -1.1508827459905675E+00 a       189     0     7     1     9
 -3.5021161630724507E+00 a       190     0     7     1    10
  2.8578964024685924E+00 a       191     0     7     1    11
  3.8136053576649003E+00 a       192     0     7     1    12
 -1.4479916676911351E+00 a       193     0     7     1    13
 -3.6061444810999217E+00 a       194     0     7     1    14
 -4.5214156260958633E+00 a       195     0     7     1    15
 -5.9956017974919904E+00 a       196     0     7     1    16
  2.0009566559922023E+00 a       197     0     7     1    17
  9.9793153256302536E-01 a       198     0     7     1    18
  3.2286243531996299E+00 a       199     0     7     1    19
  1.6181436600381949E-01 a       200     0     7     1    20
 -2.4666369440254572E+00 a       201     0     7     1    21
 -3.8710018785886069E-01 a       202     0     7     1    22
 -1.1242158517806748E+00 a       203     0     7     1    23
 -4.2656620829309766E+00 a       204     0     7     1    24
 -5.7749333427763796E+00 a       205     0     7     1    25
  5.9553467091829502E+00 a       206     0     7     1    26
 -5.5575874395786895E-01 a       207     0     7     1    27
 -5.3350726920999048E+00 a       208     0     7     1    28
  3.4620597605158823E+00 a       209     0     7     1    29
  1.7393889572937176E+00 a       210     0     7     1    30
  2.5416422544060153E+00 a       211     0     8     1     1
  4.8972303971909542E-01 a       212     0     8     1     2
  1.3065723800768034E+00 a       213     0     8     1     3
 -3.9937760202449302E-01 a       214     0     8     1     4
  1.6747918670231976E+00 a       215     0     8     1     5
  3.0804367884320466E-01 a       216     0     8     1     6
  1.4986666111138123E+00 a       217     0     8     1     7
  1.7443332400841033E-01 a       218     0     8     1     8
 -1.4673245176020657E+00 a       219     0     8     1     9
  5.3436276539104310E-01 a       220     0     8     1    10
  3.4573131873148721E-01 a       221     0     8     1    11
  1.4045529757620807E+00 a       222     0     8     1    12
 -2.3549203591459107E+00 a       223     0     8     1    13
  2.4402947187133553E-01 a       224     0     8     1    14
  1.2984041796124770E+00 a       225     0     8     1    15
 -8.4863453372777309E-01 a       226     0     8     1    16
 -1.6658096939142664E+00 a       227     0     8     1    17
  1.1542394773311229E-02 a       228     0     8     1    18
 -9.5838087723863596E-02 a       229     0     8     1    19
  8.0137400204253706E-01 a       230     0     8     1    20
  1.2819314541542215E+00 a       231     0     8     1    21
 -1.9089836158831933E-01 a       232     0     8     1    22
 -1.3248718406358098E+00 a       233     0     8     1    23
 -4.0619525605511253E-01 a       234     0     8     1    24
 -1.3057665704894297E-01 a       235     0     8     1    25
  1.8955173047491762E+00 a       236     0     8     1    26
  2.1248643450736626E+00 a       237     0     8     1    27
  1.6223869013690153E+00 a       238     0     8     1    28
  1.7478233938573984E+00 a       239     0     8     1    29
 -2.5885849868058634E-02 a       240     0     8     1    30
 -3.4473195187532077E+00 a       241     0     9     1     1
 -1.0300843822599033E+00 a       242     0     9     1     2
  1.5260192943219835E+00 a       243     0     9     1     3
 -9.3160611631840751E-01 a       244     0     9     1     4
 -7.7353147167374692E-01 a       245     0     9     1     5
  1.3731965183360750E+00 a       246     0     9     1     6
 -3.0384181211464369E+00 a       247     0     9     1     7
  8.4878678860194512E-02 a       248     0     9     1     8
 -1.1401413664793847E-01 a       249     0     9     1     9
  1.3182759483392766E-02 a       250     0     9     1    10
 -4.1603658315665548E-01 a       251     0     9     1    11
 -3.5201855777696376E+00 a       252     0     9     1    12
  5.5590190299413078E-01 a       253     0     9     1    13
  9.9623473410919328E-01 a       254     0     9     1    14
 -2.0603752448759982E+00 a       255     0     9     1    15
  2.0576375829979596E-01 a       256     0     9     1    16
 -7.6004194420140458E-01 a       257     0     9     1    17
 -4.8338717204349330E-01 a       258     0     9     1    18
 -1.0187880419345505E+00 a       259     0     9     1    19
 -1.0112992446199755E-01 a       260     0     9     1    20
 -2.0923835645433989E-01 a       261     0     9     1    21
  1.0511333781649623E+00 a       262     0     9     1    22
 -3.1119417903351272E-02 a       263     0     9     1    23
  1.3318594445762888E-01 a       264     0     9     1    24
  6.3684391208470115E-01 a       265     0     9     1    25
 -3.7286446938996201E+00 a       266     0     9     1    26
 -4.4501116422364584E+00 a       267     0     9     1    27
 -1.7446826799941495E+00 a       268     0     9     1    28
 -5.0165744997642943E+00 a       269     0     9     1    29
 -1.8207726926475578E+00 a       270     0     9     1    30
  1.5258429683945334E+00 a       271     0    10     1     1
 -1.8503516370833786E+00 a       272     0    10     1     2
  1.1288301031322785E+00 a       273     0    10     1     3
 -1.4121545149793950E+00 a       274     0    10     1     4
  4.1518410487241031E+00 a       275     0    10     1     5
  3.2008003754135803E+00 a       276     0    10     1     6
 -1.1305064342873024E+01 a       277     0    10     1     7
  1.7711264380228449E+00 a       278     0    10     1     8
  4.1210543347755575E+00 a       279     0    10     1     9
  3.0386153399420319E+00 a       280     0    10     1    10
 -2.5480273617177285E+00 a       281     0    10     1    11
 -1.0074842278917107E+00 a       282     0    10     1    12
  2.0759168601973230E+00 a       283     0    10     1    13
  5.0782651435800030E+00 a       284     0    10     1    14
  2.2933496273506822E+00 a       285     0    10     1    15
  4.1786164932746157E+00 a       286     0    10     1    16
 -3.0926966427367442E-01 a       287     0    10     1    17
 -2.4128268886108528E+00 a       288     0    10     1    18
 -2.4923302001401102E+00 a       289     0    10     1    19
  1.4417161895779589E+00 a       290     0    10     1    20
  2.4177156515952452E+00 a       291     0    10     1    21
  3.6113177799503626E+00 a       292     0    10     1    22
 -9.1342532405903265E-01 a       293     0    10     1    23
  2.6134811700407479E+00 a       294     0    10     1    24
  3.7911503836399789E+00 a       295     0    10     1    25
 -3.8708983070430731E+00 a       296     0    10     1    26
 -1.3865373041011819E+00 a       297     0    10     1    27
  2.7763435667738989E-01 a       298     0    10     1    28
 -6.0902742032714610E+00 a       299     0    10     1    29
 -2.1648855091120387E+00 a       300     0    10     1    30
  4.7656034643464658E+00 a       301     0    11     1     1
  2.8073889469504185E+00 a       302     0    11     1     2
  1.4479564993510392E+00 a       303     0    11     1     3
 -4.5363707874967583E+00 a       304     0    11     1     4
  8.9243291273670859E+00 a       305     0    11     1     5
  6.3267406814239751E+00 a       306     0    11     1     6
 -7.2188112641507312E+00 a       307     0    11     1     7
  2.8315979002344909E+00 a       308     0    11     1     8
  3.5833166787505109E+00 a       309     0    11     1     9
  2.4773271314767538E+00 a       310     0    11     1    10
 -4.1371429904182104E+00 a       311     0    11     1    11
 -1.2498211258672351E+00 a       312     0    11     1    12
  4.0885977338601345E+00 a       313     0    11     1    13
  2.8313478651573591E+00 a       314     0    11     1    14
  2.8696922868068158E+00 a       315     0    11     1    15
  7.4117935855530490E+00 a       316     0    11     1    16
 -2.7085657578701752E+00 a       317     0    11     1    17
  1.0911733101740422E+00 a       318     0    11     1    18
 -3.9677921971040004E+00 a       319     0    11     1    19
  4.9685659241869473E-01 a       320     0    11     1    20
  2.2382236757780776E+00 a       321     0    11     1    21
  1.1642583014289660E+00 a       322     0    11     1    22
  5.9333928036538641E-02 a       323     0    11     1    23
  5.3069742193893967E+00 a       324     0    11     1    24
  6.7925713626118034E+00 a       325     0    11     1    25
 -2.3286594493401502E-01 a       326     0    11     1    26
  5.0330163390404632E+00 a       327     0    11     1    27
  4.8185441826036772E+00 a       328     0    11     1    28
 -5.6513143254535514E-01 a       329     0    11     1    29
  2.5508418469519940E+00 a       330     0    11     1    30
 -4.0127433532553169E+00 a       331     0    12     1     1
 -5.7727900917237163E+00 a       332     0    12     1     2
 -1.4631945567005589E+00 a       333     0    12     1     3
  3.0897242163098095E+00 a       334     0    12     1     4
 -1.0333619526537740E+01 a       335     0    12     1     5
 -4.6399458536865641E+00 a       336     0    12     1     6
 -1.3195106903053100E+00 a       337     0    12     1     7
 -5.3325122037381627E+00 a       338     0    12     1     8
  1.0095081665016222E+01 a       339     0    12     1     9
 -4.6353804440707744E+00 a       340     0    12     1    10
 -4.1035512485553607E+00 a       341     0    12     1    11
  6.6261829377667536E-01 a       342     0    12     1    12
  9.9699615947494347E-01 a       343     0    12     1    13
 -5.9166256037127596E+00 a       344     0    12     1    14
 -7.3221542329224656E+00 a       345     0    12     1    15
 -7.6714203826581482E+00 a       346     0    12     1    16
  4.6161368556510505E+00 a       347     0    12     1    17
  3.1245933575670470E-01 a       348     0    12     1    18
  3.7576682656304197E+00 a       349     0    12     1    19
  5.6152852294470934E-01 a       350     0    12     1    20
 -2.4516837521237829E+00 a       351     0    12     1    21
  1.2635229453657018E+00 a       352     0    12     1    22
 -8.2218385794391924E-01 a       353     0    12     1    23
 -2.4771509976714281E+00 a       354     0    12     1    24
 -5.1857703645336439E+00 a       355     0    12     1    25
  8.7084388219831121E-01 a       356     0    12     1    26
 -3.9444796034280447E+00 a       357     0    12     1    27
  1.1467042711326130E+00 a       358     0    12     1    28
 -3.9287255058574422E-01 a       359     0    12     1    29
 -1.3100902188820649E+00 a       360     0    12     1    30
  2.0298665488446854E+00 a       361     0    13     1     1
 -1.3305090085458401E+01 a       362     0    13     1     2
  3.4246791919334760E+00 a       363     0    13     1     3
 -6.1715665061969878E+00 a       364     0    13     1     4
 -1.7336888182072681E+01 a       365     0    13     1     5
 -1.7453131619137352E+00 a       366     0    13     1     6
 -2.4216672195179796E+00 a       367     0    13     1     7
 -3.6099376174238329E+00 a       368     0    13     1     8
  4.8008996280914165E+00 a       369     0    13     1     9
 -9.5349622402572320E-01 a       370     0    13     1    10
 -1.8809156465355568E+00 a       371     0    13     1    11
 -5.5076972639006894E-01 a       372     0    13     1    12
  7.4861505655923981E+00 a       373     0    13     1    13
 -9.2415366846816696E+00 a       374     0    13     1    14
 -5.1492117988156174E+00 a       375     0    13     1    15
 -8.9667705075798061E+00 a       376     0    13     1    16
  4.1778450726757157E+00 a       377     0    13     1    17
 -3.9016255088985679E+00 a       378     0    13     1    18
 -1.0243441608284940E+00 a       379     0    13     1    19
  3.6666520997165231E+00 a       380     0    13     1    20
  1.2105209724621007E+00 a       381     0    13     1    21
  4.2744163194895218E-01 a       382     0    13     1    22
 -6.4791083482578964E+00 a       383     0    13     1    23
 -9.9645390737507942E+00 a       384     0    13     1    24
 -4.8188235715624472E-01 a       385     0    13     1    25
  2.0583381223088475E+00 a       386     0    13     1    26
  5.4428548616009733E+00 a       387     0    13     1    27
 -2.6487745493339130E+00 a       388     0    13     1    28
  5.9950270924347144E+00 a       389     0    13     1    29
  2.2511420160838385E+00 a       390     0    13     1    30
 -4.0698621589046944E+00 a       391     0    14     1     1
  9.9304803598897085E+00 a       392     0    14     1     2
 -4.5262756129007281E-01 a       393     0    14     1     3
  1.4021986777240281E+00 a       394     0    14     1     4
  3.4147274100594998E+00 a       395     0    14     1     5
  2.0294905666306424E+00 a       396     0    14     1     6
  7.5638449768609017E-01 a       397     0    14     1     7
  1.5958262216406933E+00 a       398     0    14     1     8
  1.0888138030528203E+00 a       399     0    14     1     9
  9.8540597579936562E-01 a       400     0    14     1    10
 -5.2524205401432078E-01 a       401     0    14     1    11
 -4.1486406383249612E+00 a       402     0    14     1    12
 -3.3270159060105198E+00 a       403     0    14     1    13
  5.0169870053349088E+00 a       404     0    14     1    14
  1.3023057070150070E+00 a       405     0    14     1    15
  5.9099915173443955E+00 a       406     0    14     1    16
  1.5723533526898015E+00 a       407     0    14     1    17
  6.7299032997481705E+00 a       408     0    14     1    18
  2.3336915814787704E+00 a       409     0    14     1    19
 -4.1031315582167860E+00 a       410     0    14     1    20
  7.6196994261183804E-01 a       411     0    14     1    21
  4.0663470401924195E+00 a       412     0    14     1    22
  6.2303784499605896E+00 a       413     0    14     1    23
 -4.4186584515781729E-01 a       414     0    14     1    24
 -1.4804537184847474E-01 a       415     0    14     1    25
 -1.8046152777260220E+00 a       416     0    14     1    26
  3.0409119756490131E+00 a       417     0    14     1    27
  2.8203473364784517E+00 a       418     0    14     1    28
 -4.5044366138024411E-01 a       419     0    14     1    29
  4.0319978606045019E+00 a       420     0    14     1    30
  4.0126444972424897E+00 a       421     0    15     1     1
 -3.8619140367412936E+00 a       422     0    15     1     2
  5.1961334917271458E+00 a       423     0    15     1     3
  2.8314205106153745E+00 a       424     0    15     1     4
 -5.0263602793016240E+00 a       425     0    15     1     5
  2.8236540164479529E-01 a       426     0    15     1     6
  2.6086301033531774E+00 a       427     0    15     1     7
 -6.5019742567775396E-01 a       428     0    15     1     8
  1.2785025240373827E+01 a       429     0    15     1     9
  1.7956331215768989E-01 a       430     0    15     1    10
 -3.9198584244665033E+00 a       431     0    15     1    11
  3.1183640066804014E-01 a       432     0    15     1    12
  2.7345532874969836E+00 a       433     0    15     1    13
 -4.9340048335512110E+00 a       434     0    15     1    14
 -3.9444285224273941E+00 a       435     0    15     1    15
  7.6189075894421776E-01 a       436     0    15     1    16
  1.6768723783349762E+00 a       437     0    15     1    17
  5.7078134551842217E+00 a       438     0    15     1    18
 -8.2063590094190109E-01 a       439     0    15     1    19
  6.8757427856066622E-01 a       440     0    15     1    20
  9.7700518886632581E-01 a       441     0    15     1    21
 -7.8926447989982706E-01 a       442     0    15     1    22
 -3.3205405515723028E+00 a       443     0    15     1    23
 -6.7360121723489401E+00 a       444     0    15     1    24
  9.7981030788001577E-01 a       445     0    15     1    25
  3.3293448477269205E+00 a       446     0    15     1    26
  4.2575550210593756E+00 a       447     0    15     1    27
  6.1585292171205142E+00 a       448     0    15     1    28
  1.7066651493293792E+00 a       449     0    15     1    29
 -1.2558589202858431E-01 a       450     0    15     1    30
 -1.4665677156427501E-01 a       451     0    16     1     1
  2.2147442748037722E+00 a       452     0    16     1     2
  4.7070060017222852E+00 a       453     0    16     1     3
 -8.0694283096857991E+00 a       454     0    16     1     4
  5.1521469807687925E+00 a       455     0    16     1     5
  4.0106008556625206E+00 a       456     0    16     1     6
  3.9538971567917702E+00 a       457     0    16     1     7
  4.4760948486033945E+00 a       458     0    16     1     8
 -3.4912282266349370E+00 a       459     0    16     1     9
  6.8115118503855898E-01 a       460     0    16     1    10
 -6.9084607838840375E+00 a       461     0    16     1    11
 -1.6280855016281546E+00 a       462     0    16     1    12
  1.3486237099818519E+00 a       463     0    16     1    13
  1.4109664551967292E+01 a       464     0    16     1    14
 -7.4770320549986935E-01 a       465     0    16     1    15
  4.1999360880645726E+00 a       466     0    16     1    16
  4.1242630639051612E+00 a       467     0    16     1    17
 -2.4420907662332056E+00 a       468     0    16     1    18
  5.9387676975744164E+00 a       469     0    16     1    19
 -8.6790778331765157E+00 a       470     0    16     1    20
  1.1160161917869759E+01 a       471     0    16     1    21
  5.1844931863243646E+00 a       472     0    16     1    22
  7.5095296170980381E+00 a       473     0    16     1    23
 -1.0379251642601506E+01 a       474     0    16     1    24
 -3.5155460952648010E-01 a       475     0    16     1    25
  3.2045096301652122E-02 a       476     0    16     1    26
 -8.8313465473692720E-01 a       477     0    16     1    27
  5.9714985172197965E-01 a       478     0    16     1    28
 -1.6186623977348251E+00 a       479     0    16     1    29
 -1.1330888502368517E+00 a       480     0    16     1    30
 -5.0654867727338138E+00 a       481     0    17     1     1
 -2.8418591689301369E+00 a       482     0    17     1     2
  1.2241295247222604E+01 a       483     0    17     1     3
 -4.2820381539442370E-01 a       484     0    17     1     4
  1.0911842347233605E+01 a       485     0    17     1     5
  5.6313860973538832E+00 a       486     0    17     1     6
 -4.6340224440022952E+00 a       487     0    17     1     7
  3.6034280340025018E+00 a       488     0    17     1     8
 -1.2281790022606890E+01 a       489     0    17     1     9
  2.1699022561814303E+00 a       490     0    17     1    10
  3.5363618036206632E+00 a       491     0    17     1    11
  6.4747333976855792E+00 a       492     0    17     1    12
 -6.5397430271050538E-01 a       493     0    17     1    13
  1.2329010730561635E+01 a       494     0    17     1    14
  2.7437799996918368E+00 a       495     0    17     1    15
 -1.9805406739880986E+00 a       496     0    17     1    16
  3.2847095148772620E+00 a       497     0    17     1    17
  8.7304998339553261E+00 a       498     0    17     1    18
  1.4675185719505889E+01 a       499     0    17     1    19
 -8.8530615327413409E-01 a       500     0    17     1    20
  7.7378896538616981E+00 a       501     0    17     1    21
 -1.1049571936366116E+00 a       502     0    17     1    22
  5.2190698839286869E+00 a       503     0    17     1    23
 -1.3727564598661312E+01 a       504     0    17     1    24
  8.1203968824155415E-01 a       505     0    17     1    25
  1.5844587911604942E+00 a       506     0    17     1    26
 -9.7681346546923020E-01 a       507     0    17     1    27
  4.5870303897792220E-01 a       508     0    17     1    28
 -8.1782064347992804E+00 a       509     0    17     1    29
 -6.0217823302326474E+00 a       510     0    17     1    30
  1.5046649100411447E+00 a       511     0    18     1     1
  1.1842086870836377E+01 a       512     0    18     1     2
  1.1199895976943257E+01 a       513     0    18     1     3
  4.0877575730579787E+00 a       514     0    18     1     4
 -8.3084777494548998E+00 a       515     0    18     1     5
 -2.2709344858334615E+00 a       516     0    18     1     6
 -1.2882736059471156E-01 a       517     0    18     1     7
  5.5063274135496663E+00 a       518     0    18     1     8
  4.3446596738952498E-01 a       519     0    18     1     9
 -9.2296101598060662E+00 a       520     0    18     1    10
 -4.1091540042676487E+00 a       521     0    18     1    11
 -8.8624673235639637E+00 a       522     0    18     1    12
  1.1146663120483788E+01 a       523     0    18     1    13
 -3.7549554786970407E-01 a       524     0    18     1    14
  7.7873124022318958E+00 a       525     0    18     1    15
 -4.1194178926648144E+00 a       526     0    18     1    16
 -3.9180254429472492E+00 a       527     0    18     1    17
  2.6815720690141998E+00 a       528     0    18     1    18
  8.1702016080745672E+00 a       529     0    18     1    19
  1.1404149294674045E+01 a       530     0    18     1    20
 -5.3635021603724455E+00 a       531     0    18     1    21
  2.9566168039179175E+00 a       532     0    18     1    22
 -9.4918662805458920E-01 a       533     0    18     1    23
  8.3727925331620607E+00 a       534     0    18     1    24
 -1.6954241392568136E+01 a       535     0    18     1    25
  2.4173643804945797E+01 a       536     0    18     1    26
  1.5309087518913476E+01 a       537     0    18     1    27
 -5.2476981398171656E+00 a       538     0    18     1    28
 -4.2273511781461544E+00 a       539     0    18     1    29
 -2.4676745636047143E-01 a       540     0    18     1    30
 -1.5805282399156706E+00 a       541     0    19     1     1
 -2.5702849586592400E+00 a       542     0    19     1     2
  5.4824674223726131E+00 a       543     0    19     1     3
 -3.0991983519786341E+00 a       544     0    19     1     4
  4.1236522437774159E-01 a       545     0    19     1     5
  2.8924811995616198E+00 a       546     0    19     1     6
  7.1002729730809948E+00 a       547     0    19     1     7
  4.1197749469440375E+00 a       548     0    19     1     8
  8.8094862558233249E+00 a       549     0    19     1     9
 -7.7794637096536938E+00 a       550     0    19     1    10
  1.1010025752131531E+01 a       551     0    19     1    11
 -2.5539941876909538E+00 a       552     0    19     1    12
 -1.1328200799436930E+01 a       553     0    19     1    13
  5.8740741244726369E-01 a       554     0    19     1    14
 -5.6837539831365422E+00 a       555     0    19     1    15
  7.5384774332585902E+00 a       556     0    19     1    16
  5.0143587562563443E+00 a       557     0    19     1    17
  1.0191969145222927E+01 a       558     0    19     1    18
  3.4117418205490448E+00 a       559     0    19     1    19
  2.5881495578079363E+00 a       560     0    19     1    20
 -5.0291599560698419E+00 a       561     0    19     1    21
 -1.3876745117280286E+01 a       562     0    19     1    22
 -3.2084507544286143E+00 a       563     0    19     1    23
  1.3016252143368567E+01 a       564     0    19     1    24
  3.3051067605527380E+00 a       565     0    19     1    25
 -4.5108185126976910E+00 a       566     0    19     1    26
 -1.7629905385372826E+00 a       567     0    19     1    27
 -2.1311492917266004E+00 a       568     0    19     1    28
 -7.0660959381134489E+00 a       569     0    19     1    29
 -6.7921005914408150E+00 a       570     0    19     1    30
  5.8637591415426122E+00 a       571     0    20     1     1
  1.0779959997884525E+01 a       572     0    20     1     2
  3.9349955965044736E+00 a       573     0    20     1     3
  6.1494320581044146E+00 a       574     0    20     1     4
  1.5063791593225611E+00 a       575     0    20     1     5
  5.3510456446047225E+00 a       576     0    20     1     6
 -8.2387994514862317E+00 a       577     0    20     1     7
  6.7576579559718981E+00 a       578     0    20     1     8
  4.4453440915446736E+00 a       579     0    20     1     9
  3.2120002612190479E+00 a       580     0    20     1    10
  2.2544461999559799E+00 a       581     0    20     1    11
 -5.8214298358775274E+00 a       582     0    20     1    12
  6.9396987728674153E+00 a       583     0    20     1    13
  7.7702516044079255E+00 a       584     0    20     1    14
  3.1230715179028617E-02 a       585     0    20     1    15
 -1.8410690325959203E+00 a       586     0    20     1    16
  1.1972213974460558E+01 a       587     0    20     1    17
  9.3992146265292620E-01 a       588     0    20     1    18
  1.7813713802425835E+00 a       589     0    20     1    19
  8.8392796137398832E+00 a       590     0    20     1    20
 -1.9216385418320545E+00 a       591     0    20     1    21
 -3.9575704240758491E+00 a       592     0    20     1    22
  9.3010955449226262E+00 a       593     0    20     1    23
 -2.4559199630636774E+00 a       594     0    20     1    24
 -2.9783622789007134E+00 a       595     0    20     1    25
  6.1178689980462817E+00 a       596     0    20     1    26
  6.5824160974673704E+00 a       597     0    20     1    27
  3.6361923417796613E+00 a       598     0    20     1    28
  9.6485079261328650E+00 a       599     0    20     1    29
  7.2509162726045044E+00 a       600     0    20     1    30
 -5.2147097589658236E+00 a       601     0    21     1     1
 -2.9848029372349889E+00 a       602     0    21     1     2
 -1.0507370844576268E+01 a       603     0    21     1     3
 -4.1693618872835438E+00 a       604     0    21     1     4
  1.7271463929888373E+01 a       605     0    21     1     5
 -3.9592090417641876E+00 a       606     0    21     1     6
 -1.8296079183846643E+00 a       607     0    21     1     7
 -4.2186448147733993E+00 a       608     0    21     1     8
 -3.6978902238468989E+00 a       609     0    21     1     9
  1.2652148477209449E+01 a       610     0    21     1    10
 -4.6921497602214082E+00 a       611     0    21     1    11
  1.1550697810199081E+01 a       612     0    21     1    12
 -1.0513885642147187E+01 a       613     0    21     1    13
  4.1158114880095420E+00 a       614     0    21     1    14
 -8.5640270111818548E+00 a       615     0    21     1    15
  6.6249401235796617E+00 a       616     0    21     1    16
 -2.5705242519704967E+00 a       617     0    21     1    17
 -6.9934315793920971E+00 a       618     0    21     1    18
 -1.4657648487358410E+01 a       619     0    21     1    19
 -3.8180883487797592E+00 a       620     0    21     1    20
  1.0198525991064475E+01 a       621     0    21     1    21
 -1.9580585163807696E+00 a       622     0    21     1    22
  7.2200958700545250E+00 a       623     0    21     1    23
  1.0257624209861870E+01 a       624     0    21     1    24
  2.9406726610790304E+01 a       625     0    21     1    25
 -1.1729768022016838E+01 a       626     0    21     1    26
 -9.2752499176071268E+00 a       627     0    21     1    27
  1.4823713386875735E+01 a       628     0    21     1    28
 -4.9664030429301143E+00 a       629     0    21     1    29
  1.2237231989376742E+01 a       630     0    21     1    30
  2.0216890451766659E+01 a       631     0    22     1     1
 -3.6499357023916174E-01 a       632     0    22     1     2
 -1.3957324154741901E+01 a       633     0    22     1     3
 -8.9242492092835981E+00 a       634     0    22     1     4
 -7.1140885134791816E+00 a       635     0    22     1     5
 -2.7928964452162974E-03 a       636     0    22     1     6
  8.3473041515629482E+00 a       637     0    22     1     7
 -7.8626207520283060E+00 a       638     0    22     1     8
 -9.1086581051004440E+00 a       639     0    22     1     9
 -4.9117549444496573E+00 a       640     0    22     1    10
  1.6931105148689429E+01 a       641     0    22     1    11
 -7.8542135791669700E+00 a       642     0    22     1    12
  5.0014237744288259E+00 a       643     0    22     1    13
 -1.3700447276758498E+00 a       644     0    22     1    14
 -1.4551897074097671E+00 a       645     0    22     1    15
  1.4043426521363254E+00 a       646     0    22     1    16
 -1.1153362875918301E+01 a       647     0    22     1    17
  2.1673104156031478E+01 a       648     0    22     1    18
  1.9770235726637089E+00 a       649     0    22     1    19
 -7.6261931865538477E+00 a       650     0    22     1    20
 -1.0982832832033502E+01 a       651     0    22     1    21
  1.8762309370439807E+00 a       652     0    22     1    22
  3.3082684336772523E+00 a       653     0    22     1    23
  3.7377179683245338E+00 a       654     0    22     1    24
 -4.5230147052407093E+00 a       655     0    22     1    25
 -6.4555802041377774E-01 a       656     0    22     1    26
 -1.1963649506135956E+01 a       657     0    22     1    27
  3.8301848799241234E-01 a       658     0    22     1    28
  1.2969057496316292E+01 a       659     0    22     1    29
 -7.7838709085843831E+00 a       660     0    22     1    30
 -9.4362328688239794E-02 a       661     0    23     1     1
 -3.6878885996227004E+00 a       662     0    23     1     2
 -9.5948020538712098E-01 a       663     0    23     1     3
 -4.4341639444209617E+00 a       664     0    23     1     4
  1.0943021211723391E+01 a       665     0    23     1     5
  5.4903058751968714E-01 a       666     0    23     1     6
 -4.7960811926845359E+00 a       667     0    23     1     7
 -8.9321632317327015E+00 a       668     0    23     1     8
  1.1094897612744751E+01 a       669     0    23     1     9
 -8.7148047834093116E+00 a       670     0    23     1    10
 -1.7939280549860903E+00 a       671     0    23     1    11
  2.5771802058313416E+00 a       672     0    23     1    12
 -6.8048181500000027E-01 a       673     0    23     1    13
 -5.1702293326480255E+00 a       674     0    23     1    14
 -9.6149060379302331E-01 a       675     0    23     1    15
 -5.2977834172031857E+00 a       676     0    23     1    16
  1.3904924020371199E+00 a       677     0    23     1    17
  1.0303537769046752E+01 a       678     0    23     1    18
 -1.4533977219277538E+00 a       679     0    23     1    19
 -2.4801794302804594E+00 a       680     0    23     1    20
 -1.0097010137947548E+01 a       681     0    23     1    21
 -6.6859503050430003E-01 a       682     0    23     1    22
  2.3860952300352811E-01 a       683     0    23     1    23
 -6.1923053797053051E-01 a       684     0    23     1    24
 -1.3211005082759613E+01 a       685     0    23     1    25
 -8.6104300805834644E+00 a       686     0    23     1    26
 -2.3229924645826362E+01 a       687     0    23     1    27
  5.0368076743034909E+00 a       688     0    23     1    28
  3.0162720733868595E+00 a       689     0    23     1    29
 -1.2538827378892805E+01 a       690     0    23     1    30
 -5.4542677117613216E+00 a       691     0    24     1     1
  8.6355827427969469E+00 a       692     0    24     1     2
 -1.8375504317113007E+00 a       693     0    24     1     3
  2.0352163626760875E+00 a       694     0    24     1     4
 -4.1288717655642291E+00 a       695     0    24     1     5
 -4.5500042141634234E-01 a       696     0    24     1     6
  6.3919438093089265E-01 a       697     0    24     1     7
  1.2513863954488203E+01 a       698     0    24     1     8
 -2.0387163780961348E+01 a       699     0    24     1     9
  1.0288660849925928E+00 a       700     0    24     1    10
 -3.9990925271917903E+00 a       701     0    24     1    11
 -1.2519990284095761E+00 a       702     0    24     1    12
 -7.8219261979744168E+00 a       703     0    24     1    13
  4.1567209269915635E+00 a       704     0    24     1    14
  1.9322386347341602E+00 a       705     0    24     1    15
 -1.0030741265245947E+01 a       706     0    24     1    16
 -5.1145941274353328E+00 a       707     0    24     1    17
 -2.0012294249938481E+01 a       708     0    24     1    18
 -3.8299998954871883E+00 a       709     0    24     1    19
  1.5980937867353484E+01 a       710     0    24     1    20
  1.6941556954789467E+00 a       711     0    24     1    21
  1.7893636614756747E-01 a       712     0    24     1    22
  9.8437176498597123E-02 a       713     0    24     1    23
 -1.9429500752879338E+00 a       714     0    24     1    24
  1.1399035182244427E+01 a       715     0    24     1    25
 -6.0101646084916736E+00 a       716     0    24     1    26
  1.6785251403287553E+01 a       717     0    24     1    27
 -4.1169888804749020E+00 a       718     0    24     1    28
 -4.6678754537997289E+00 a       719     0    24     1    29
  1.8777084078086240E+01 a       720     0    24     1    30
 -1.3717882589281654E+01 a       721     0    25     1     1
 -7.2357906108508248E+00 a       722     0    25     1     2
  9.7661500166662596E-01 a       723     0    25     1     3
 -2.8870592022845885E+00 a       724     0    25     1     4
  6.7437399149110480E+00 a       725     0    25     1     5
 -8.1228465465151007E+00 a       726     0    25     1     6
  1.0046899942426670E+01 a       727     0    25     1     7
 -1.3234529443844090E-01 a       728     0    25     1     8
 -6.0246376394236396E+00 a       729     0    25     1     9
 -6.4039376556879537E+00 a       730     0    25     1    10
 -9.6614275608043076E+00 a       731     0    25     1    11
  1.1813700952207943E+01 a       732     0    25     1    12
 -7.1818008097597055E+00 a       733     0    25     1    13
 -4.2659349227263572E+00 a       734     0    25     1    14
  4.7332844137379055E+00 a       735     0    25     1    15
  7.1077874570369151E+00 a       736     0    25     1    16
 -4.2438338440438308E+00 a       737     0    25     1    17
 -1.0732459758582502E+01 a       738     0    25     1    18
  1.2470559005056538E+00 a       739     0    25     1    19
  2.2750986639708981E+00 a       740     0    25     1    20
  7.7854590685541760E+00 a       741     0    25     1    21
  1.7769261449043987E+00 a       742     0    25     1    22
 -2.4613317556975716E+00 a       743     0    25     1    23
  1.0341148643731007E+01 a       744     0    25     1    24
  7.9015684273234648E+00 a       745     0    25     1    25
 -8.4035275664567273E+00 a       746     0    25     1    26
 -1.7263013805965866E+01 a       747     0    25     1    27
 -3.1478045179343477E+00 a       748     0    25     1    28
 -1.0087338416856479E+01 a       749     0    25     1    29
 -1.3703950570226100E+01 a       750     0    25     1    30
  1.8669979540453163E-01 a       751     0    26     1     1
  7.9728557373107964E+00 a       752     0    26     1     2
  6.7338683891922093E+00 a       753     0    26     1     3
  9.2442486691544339E+00 a       754     0    26     1     4
 -1.3881017992500595E+01 a       755     0    26     1     5
  5.4470137479059240E+00 a       756     0    26     1     6
 -2.7783021529287151E+00 a       757     0    26     1     7
  2.0012633056682345E+00 a       758     0    26     1     8
 -3.6199120919003240E+00 a       759     0    26     1     9
 -9.7512887431341575E+00 a       760     0    26     1    10
  2.3299367244789551E+00 a       761     0    26     1    11
 -6.4380549318743476E+00 a       762     0    26     1    12
  8.1069296585351314E+00 a       763     0    26     1    13
  8.3497018951541069E+00 a       764     0    26     1    14
  5.8694880057557812E+00 a       765     0    26     1    15
  1.3238664834601268E+01 a       766     0    26     1    16
  1.2504452635906411E+01 a       767     0    26     1    17
  4.2247556617028383E+00 a       768     0    26     1    18
  5.7640848459999834E+00 a       769     0    26     1    19
  2.8382760021707574E+00 a       770     0    26     1    20
  4.7713495085322943E+00 a       771     0    26     1    21
 -4.6783365977176929E+00 a       772     0    26     1    22
 -1.2627903032871526E+00 a       773     0    26     1    23
  3.2057527693353007E+00 a       774     0    26     1    24
 -1.7581634333632717E+01 a       775     0    26     1    25
  3.4228409099491857E+00 a       776     0    26     1    26
  1.3831596214761104E+01 a       777     0    26     1    27
 -8.3654524246078203E+00 a       778     0    26     1    28
 -4.1730948434692818E+00 a       779     0    26     1    29
 -4.5086554109784505E+00 a       780     0    26     1    30
  4.5650482731512838E+00 a       781     0    27     1     1
 -1.6340690588988955E+00 a       782     0    27     1     2
  1.3373610087773189E+01 a       783     0    27     1     3
  9.6877258076574488E+00 a       784     0    27     1     4
  2.5730623420593965E+00 a       785     0    27     1     5
  1.1956699946297501E+01 a       786     0    27     1     6
 -8.3419433144230748E+00 a       787     0    27     1     7
  3.5073523586463722E+00 a       788     0    27     1     8
  7.8149281382208375E+00 a       789     0    27     1     9
  1.2118638835769488E+01 a       790     0    27     1    10
  5.2165535479864857E+00 a       791     0    27     1    11
  4.9125651923901281E-01 a       792     0    27     1    12
  4.3418474300096781E+00 a       793     0    27     1    13
  7.2365653436240640E+00 a       794     0    27     1    14
 -2.3470942246681648E+00 a       795     0    27     1    15
  1.3431619195542684E+01 a       796     0    27     1    16
  1.0699058301666307E+01 a       797     0    27     1    17
  5.8440947409561872E+00 a       798     0    27     1    18
  7.0727068087254903E+00 a       799     0    27     1    19
 -7.7542802809424769E+00 a       800     0    27     1    20
  7.2462669593289304E+00 a       801     0    27     1    21
 -7.9743090939484489E+00 a       802     0    27     1    22
  3.7386105509225043E-01 a       803     0    27     1    23
 -1.6064950566245852E+00 a       804     0    27     1    24
  7.2203154680902522E+00 a       805     0    27     1    25
  8.0831968645018524E+00 a       806     0    27     1    26
  7.7520737521968552E+00 a       807     0    27     1    27
 -4.6723695715104313E-01 a       808     0    27     1    28
 -6.3530686080243939E+00 a       809     0    27     1    29
  3.7465002721180163E+00 a       810     0    27     1    30
  8.2977839892252703E-01 a       811     0    28     1     1
  9.0023906072555426E-01 a       812     0    28     1     2
  2.5936622656502957E+00 a       813     0    28     1     3
 -8.3422796019179177E+00 a       814     0    28     1     4
 -2.8678339387140692E+00 a       815     0    28     1     5
 -5.0428838227360497E+00 a       816     0    28     1     6
 -2.3878631154139285E+00 a       817     0    28     1     7
 -1.0700118395824338E+00 a       818     0    28     1     8
  1.8970663065953119E+00 a       819     0    28     1     9
  3.8010872440729782E+00 a       820     0    28     1    10
 -4.4673445219660861E+00 a       821     0    28     1    11
  1.6782212507134229E+00 a       822     0    28     1    12
  2.1438090007066308E+00 a       823     0    28     1    13
 -7.1925948695215318E+00 a       824     0    28     1    14
 -3.3079253256209489E+00 a       825     0    28     1    15
 -2.3277039462845224E+00 a       826     0    28     1    16
 -6.2408392124832384E+00 a       827     0    28     1    17
 -4.2830448386515183E+00 a       828     0    28     1    18
 -7.8712819959366449E+00 a       829     0    28     1    19
 -1.1035854539989392E+01 a       830     0    28     1    20
  2.6879682546539705E+00 a       831     0    28     1    21
  7.0039347875835212E+00 a       832     0    28     1    22
 -1.5034889508277233E+01 a       833     0    28     1    23
  1.4794288661651311E+00 a       834     0    28     1    24
 -1.1848615240869961E+01 a       835     0    28     1    25
 -1.2885500258073197E+00 a       836     0    28     1    26
  8.4734813297174298E+00 a       837     0    28     1    27
  3.4558446994424923E+00 a       838     0    28     1    28
 -4.4359433941770483E+00 a       839     0    28     1    29
 -2.0262525101235926E-01 a       840     0    28     1    30
 -3.7395394898863987E+00 a       841     0    29     1     1
 -1.5850177608894411E+00 a       842     0    29     1     2
 -2.5174681330227484E+00 a       843     0    29     1     3
 -3.6789668417196779E+00 a       844     0    29     1     4
  7.7476025023763304E+00 a       845     0    29     1     5
 -2.0417104620867699E+00 a       846     0    29     1     6
  2.5245892663154721E+00 a       847     0    29     1     7
 -2.5298878748357234E+00 a       848     0    29     1     8
  6.3328454033550257E+00 a       849     0    29     1     9
 -9.2553631666310276E-01 a       850     0    29     1    10
  4.5394275604697860E+00 a       851     0    29     1    11
  6.0789011575931333E+00 a       852     0    29     1    12
 -1.4833388237868654E+01 a       853     0    29     1    13
 -9.3475083645321853E+00 a       854     0    29     1    14
 -4.1262800768353678E+00 a       855     0    29     1    15
 -4.4166550808620890E+00 a       856     0    29     1    16
 -4.9563601536083395E+00 a       857     0    29     1    17
  5.0681084902995623E+00 a       858     0    29     1    18
  3.1060197568474397E+00 a       859     0    29     1    19
 -1.6246851135672411E+00 a       860     0    29     1    20
 -8.7149806927629037E+00 a       861     0    29     1    21
  1.0503033996512219E+00 a       862     0    29     1    22
  8.9771702908584539E-01 a       863     0    29     1    23
  1.4622804360525695E+01 a       864     0    29     1    24
  6.2567713504079707E+00 a       865     0    29     1    25
 -7.9467585669829655E+00 a       866     0    29     1    26
 -1.0845491684877537E+01 a       867     0    29     1    27
  2.9356347399098719E+00 a       868     0    29     1    28
 -3.0402344343850696E+00 a       869     0    29     1    29
  2.8318122368716742E-01 a       870     0    29     1    30
 -5.0726526592280869E+00 a       871     0    30     1     1
 -1.1595777680728778E+00 a       872     0    30     1     2
 -7.7574681774142178E+00 a       873     0    30     1     3
 -1.5332935736519280E+00 a       874     0    30     1     4
 -1.0057515529841810E+01 a       875     0    30     1     5
 -4.6746433656444317E+00 a       876     0    30     1     6
 -7.0299690499488410E-01 a       877     0    30     1     7
 -1.7600841426106548E+00 a       878     0    30     1     8
 -5.4550113942057248E+00 a       879     0    30     1     9
  4.1129387843232044E+00 a       880     0    30     1    10
 -3.5986409774651449E+00 a       881     0    30     1    11
 -6.8055051167257972E+00 a       882     0    30     1    12
  2.1381946401185603E-01 a       883     0    30     1    13
 -9.3280246783191707E+00 a       884     0    30     1    14
 -5.1286082583729771E+00 a       885     0    30     1    15
 -1.7596964685033103E+00 a       886     0    30     1    16
 -2.3823833681902968E+00 a       887     0    30     1    17
 -4.4887976869279491E+00 a       888     0    30     1    18
 -8.4375609455233516E+00 a       889     0    30     1    19
 -5.5919785365705392E+00 a       890     0    30     1    20
 -5.3120648686667806E+00 a       891     0    30     1    21
  2.7250553949698806E+00 a       892     0    30     1    22
  4.7320330113362816E+00 a       893     0    30     1    23
  9.0293504983619464E+00 a       894     0    30     1    24
 -3.0898274769563878E+00 a       895     0    30     1    25
  8.1365769352830473E+00 a       896     0    30     1    26
 -2.3560185559961431E+00 a       897     0    30     1    27
  6.5802964972678613E+00 a       898     0    30     1    28
  4.7386902245117692E+00 a       899     0    30     1    29
 -6.6273111793002337E-01 a       900     0    30     1    30
  4.8934918483162768E+00 a       901     0    31     1     1
 -2.5350629518850667E+00 a       902     0    31     1     2
 -1.0794944151252007E+01 a       903     0    31     1     3
  4.4651719784597521E+00 a       904     0    31     1     4
 -1.0711487558463928E+01 a       905     0    31     1     5
 -3.2144385954052073E+00 a       906     0    31     1     6
  3.4411180702389865E+00 a       907     0    31     1     7
  2.3384311639239610E+00 a       908     0    31     1     8
 -4.4251802164142962E-01 a       909     0    31     1     9
 -2.6076002513060801E+00 a       910     0    31     1    10
  1.7421691863075388E+00 a       911     0    31     1    11
 -4.9937586450691560E+00 a       912     0    31     1    12
 -1.1043781361545333E+00 a       913     0    31     1    13
  4.9087389376228305E+00 a       914     0    31     1    14
 -1.8229308010410172E-01 a       915     0    31     1    15
 -6.9828345112589245E+00 a       916     0    31     1    16
  2.3785688620843581E-01 a       917     0    31     1    17
 -2.8629851802794386E+00 a       918     0    31     1    18
 -1.7866578259792043E+00 a       919     0    31     1    19
  1.5296288935186670E+01 a       920     0    31     1    20
 -5.7846531558717222E+00 a       921     0    31     1    21
 -3.2550484124575467E+00 a       922     0    31     1    22
  1.3980459810581191E+01 a       923     0    31     1    23
 -6.6416208736048898E-01 a       924     0    31     1    24
  4.6836001594487726E+00 a       925     0    31     1    25
  6.9923553593668455E+00 a       926     0    31     1    26
 -2.9951757856338519E+00 a       927     0    31     1    27
 -4.6543572677117222E+00 a       928     0    31     1    28
 -1.6325888448465726E+00 a       929     0    31     1    29
  1.1675709679311044E+01 a       930     0    31     1    30
 -1.7564901899916077E+00 a       931     0    32     1     1
  7.1447857240054375E+00 a       932     0    32     1     2
 -4.8237342408106276E-01 a       933     0    32     1     3
 -3.5225850925847495E+00 a       934     0    32     1     4
  7.6562656767657948E+00 a       935     0    32     1     5
  5.8201315515665284E+00 a       936     0    32     1     6
 -9.9659198387383938E+00 a       937     0    32     1     7
  7.0675987947088208E+00 a       938     0    32     1     8
 -3.1271743769810927E+00 a       939     0    32     1     9
 -1.5833348891794747E+00 a       940     0    32     1    10
 -3.4769175138852439E+00 a       941     0    32     1    11
 -4.2817378112693649E-03 a       942     0    32     1    12
  6.9669965013400095E+00 a       943     0    32     1    13
  1.0210593775975982E+01 a       944     0    32     1    14
  9.3050242534779457E+00 a       945     0    32     1    15
  1.5895181363821191E+00 a       946     0    32     1    16
  3.2095247434473104E+00 a       947     0    32     1    17
  7.6404437183776484E+00 a       948     0    32     1    18
 -4.5078723746168397E+00 a       949     0    32     1    19
 -2.2768325818136130E+00 a       950     0    32     1    20
  2.1444544810387054E+00 a       951     0    32     1    21
  2.4695618340213228E+00 a       952     0    32     1    22
  1.0882751949536571E+00 a       953     0    32     1    23
  2.1810545285774672E+00 a       954     0    32     1    24
 -2.5689880223671242E+00 a       955     0    32     1    25
 -7.9568519500166357E-01 a       956     0    32     1    26
 -3.5432242978185091E-01 a       957     0    32     1    27
  1.0555580443820002E+01 a       958     0    32     1    28
 -4.4676078786764828E+00 a       959     0    32     1    29
 -7.8599228331104998E+00 a       960     0    32     1    30
 -1.1494353564895052E+01 a       961     0    33     1     1
 -6.5025785910178353E+00 a       962     0    33     1     2
  5.3455300854149392E+00 a       963     0    33     1     3
 -5.2072712976587336E+00 a       964     0    33     1     4
 -5.4095767766525604E+00 a       965     0    33     1     5
 -4.4124595480096138E+00 a       966     0    33     1     6
  4.1471517600627267E-01 a       967     0    33     1     7
 -6.0110016012377336E+00 a       968     0    33     1     8
 -1.5525633843738496E-01 a       969     0    33     1     9
 -5.0170191739952203E+00 a       970     0    33     1    10
  8.1277588577902038E-01 a       971     0    33     1    11
  1.3698944027281046E+00 a       972     0    33     1    12
 -1.4577868935960701E+01 a       973     0    33     1    13
 -5.3493969035928783E+00 a       974     0    33     1    14
 -6.3423425445779920E+00 a       975     0    33     1    15
 -3.9604551356984525E+00 a       976     0    33     1    16
  3.8686196441498923E+00 a       977     0    33     1    17
 -1.6903246899984057E+00 a       978     0    33     1    18
  4.0936350693322225E+00 a       979     0    33     1    19
 -5.2898776721544225E+00 a       980     0    33     1    20
 -6.5047139912845244E+00 a       981     0    33     1    21
 -2.4345389062291953E-01 a       982     0    33     1    22
  4.5540815378830217E+00 a       983     0    33     1    23
  4.4289236841081134E+00 a       984     0    33     1    24
 -1.2786092089450776E+01 a       985     0    33     1    25
 -5.4465801124317865E+00 a       986     0    33     1    26
  6.2914359235507566E-01 a       987     0    33     1    27
 -1.1918840604298431E+01 a       988     0    33     1    28
 -8.1625078706256389E+00 a       989     0    33     1    29
  1.7167690481013810E+01 a       990     0    33     1    30
  2.0942173384251525E+01 a       991     0    34     1     1
 -8.5400584220796887E+00 a       992     0    34     1     2
 -1.3371042316895045E+00 a       993     0    34     1     3
 -2.3584848676832895E+00 a       994     0    34     1     4
 -3.9806199683593153E+00 a       995     0    34     1     5
 -5.0674304700787927E+00 a       996     0    34     1     6
  1.5779016420668786E+00 a       997     0    34     1     7
 -2.8193849024916329E+00 a       998     0    34     1     8
  9.0854894171006197E+00 a       999     0    34     1     9
  4.5143323487605516E+00 a      1000     0    34     1    10
 -2.6466463410191976E-01 a      1001     0    34     1    11
 -6.4191170137308928E+00 a      1002     0    34     1    12
 -1.1585505285798297E+00 a      1003     0    34     1    13
 -5.4933696798576004E-01 a      1004     0    34     1    14
 -1.7402228171611988E+01 a      1005     0    34     1    15
  8.6181978283111107E+00 a      1006     0    34     1    16
  2.7209821351858388E+00 a      1007     0    34     1    17
 -5.2647623509006101E+00 a      1008     0    34     1    18
  2.2764032433661047E-01 a      1009     0    34     1    19
  1.3116446951586465E+01 a      1010     0    34     1    20
 -6.1774245557891536E+00 a      1011     0    34     1    21
 -1.4154937777464895E+00 a      1012     0    34     1    22
  2.7945685353286547E+00 a      1013     0    34     1    23
  5.8749632493676227E+00 a      1014     0    34     1    24
  7.0831086361411959E+00 a      1015     0    34     1    25
  4.2391470272999809E+00 a      1016     0    34     1    26
  2.6843950040215523E+00 a      1017     0    34     1    27
 -2.2603132035060586E+01 a      1018     0    34     1    28
  6.5511828186998047E+00 a      1019     0    34     1    29
  1.4520947770647821E+01 a      1020     0    34     1    30
 -1.4802415071729378E+00 a      1021     0    35     1     1
 -2.0889668586835568E+00 a      1022     0    35     1     2
  5.7593823786682874E+00 a      1023     0    35     1     3
  1.5227755696716929E+00 a      1024     0    35     1     4
  8.2478590925936990E-01 a      1025     0    35     1     5
  3.0248195682481884E+00 a      1026     0    35     1     6
 -2.5569271317761721E+00 a      1027     0    35     1     7
 -2.1583054795600263E+00 a      1028     0    35     1     8
 -4.8508947769889827E+00 a      1029     0    35     1     9
 -2.4989196687143873E+00 a      1030     0    35     1    10
 -1.3497282401162281E+00 a      1031     0    35     1    11
 -3.3201522782069637E-01 a      1032     0    35     1    12
 -2.6217294956945478E+00 a      1033     0    35     1    13
 -6.0973993719770991E-01 a      1034     0    35     1    14
 -1.6134455303671149E+00 a      1035     0    35     1    15
 -1.1858176133508957E+00 a      1036     0    35     1    16
 -4.8706634082560940E-01 a      1037     0    35     1    17
 -7.5270862249121995E-01 a      1038     0    35     1    18
  8.2765715236627235E-01 a      1039     0    35     1    19
 -9.0610175950357412E+00 a      1040     0    35     1    20
  4.0700204913166811E+00 a      1041     0    35     1    21
  2.6004910611889804E+00 a      1042     0    35     1    22
 -2.3616889285956719E+00 a      1043     0    35     1    23
  3.7170074898174268E+00 a      1044     0    35     1    24
 -3.2267975875370993E+00 a      1045     0    35     1    25
 -3.3280562371467486E+00 a      1046     0    35     1    26
 -1.3697848071017837E-01 a      1047     0    35     1    27
  7.8589219002314605E+00 a      1048     0    35     1    28
 -8.5225624734719119E-01 a      1049     0    35     1    29
 -2.7170261588952624E+00 a      1050     0    35     1    30
 -5.0588864053263771E+00 a      1051     0    36     1     1
  6.6971535139990150E+00 a      1052     0    36     1     2
 -2.4199709275852110E-01 a      1053     0    36     1     3
  5.4243177541368126E-01 a      1054     0    36     1     4
  3.9654716127993646E+00 a      1055     0    36     1     5
 -5.7970531160483691E+00 a      1056     0    36     1     6
 -3.6373186954531356E+00 a      1057     0    36     1     7
 -2.0410747885863438E+00 a      1058     0    36     1     8
  1.9642950473003844E+00 a      1059     0    36     1     9
  1.7400527406109509E+00 a      1060     0    36     1    10
  2.1241166988614015E+00 a      1061     0    36     1    11
  3.2326571204669867E+00 a      1062     0    36     1    12
 -4.2655811767931269E+00 a      1063     0    36     1    13
 -8.0599605004910018E+00 a      1064     0    36     1    14
 -4.9468064532283655E+00 a      1065     0    36     1    15
  1.1441002330419589E-01 a      1066     0    36     1    16
 -1.6525542419750923E+00 a      1067     0    36     1    17
  9.2787466194148358E+00 a      1068     0    36     1    18
  1.1369158000890755E+01 a      1069     0    36     1    19
  6.9893545215074564E+00 a      1070     0    36     1    20
 -1.3296476416186481E+01 a      1071     0    36     1    21
 -2.5364173495830626E+00 a      1072     0    36     1    22
 -3.7655434991493224E+00 a      1073     0    36     1    23
  8.9772846366393431E+00 a      1074     0    36     1    24
  6.6454831770731646E+00 a      1075     0    36     1    25
 -1.4700174395756203E+00 a      1076     0    36     1    26
 -3.3570854210948320E-01 a      1077     0    36     1    27
 -2.7679633990256134E+00 a      1078     0    36     1    28
 -1.3861409881968815E+01 a      1079     0    36     1    29
  7.9015938628141991E-01 a      1080     0    36     1    30
 -1.8831660892952780E+00 a      1081     0    37     1     1
 -1.7411909006935706E+00 a      1082     0    37     1     2
 -5.8664421006706995E+00 a      1083     0    37     1     3
  7.9582349469568374E+00 a      1084     0    37     1     4
 -1.0501164774680376E+00 a      1085     0    37     1     5
 -1.3093209454309553E+01 a      1086     0    37     1     6
  1.0102069368384855E+01 a      1087     0    37     1     7
 -5.1458698123715667E+00 a      1088     0    37     1     8
  3.4149417275971219E+00 a      1089     0    37     1     9
 -1.4940940104555074E+00 a      1090     0    37     1    10
  7.1317049783693811E+00 a      1091     0    37     1    11
 -1.1446365411284711E+01 a      1092     0    37     1    12
  3.4348169155879096E+00 a      1093     0    37     1    13
 -1.4477116374121318E+01 a      1094     0    37     1    14
 -6.3409563150975927E+00 a      1095     0    37     1    15
  1.0805042856023263E+01 a      1096     0    37     1    16
  7.5422155156424600E+00 a      1097     0    37     1    17
 -9.6779545380829770E+00 a      1098     0    37     1    18
 -2.1539951010925180E+00 a      1099     0    37     1    19
  3.5934306476897158E+00 a      1100     0    37     1    20
 -1.1095490052873174E+00 a      1101     0    37     1    21
 -1.7616495776774528E+00 a      1102     0    37     1    22
 -3.4194977209057964E-01 a      1103     0    37     1    23
 -3.7953700410695941E+00 a      1104     0    37     1    24
  9.4850871160940251E+00 a      1105     0    37     1    25
  5.8557790471181868E+00 a      1106     0    37     1    26
  6.7525831951153696E+00 a      1107     0    37     1    27
  4.4063007385962255E-01 a      1108     0    37     1    28
  1.4769971437866092E+01 a      1109     0    37     1    29
 -9.8307585652429399E+00 a      1110     0    37     1    30
 -2.5437744796328676E+00 a      1111     0    38     1     1
 -5.5995976478764069E+00 a      1112     0    38     1     2
 -1.9592427628221143E+00 a      1113     0    38     1     3
 -3.9504676085725485E+00 a      1114     0    38     1     4
  3.2455596914897522E+00 a      1115     0    38     1     5
  2.8137589585894123E+00 a      1116     0    38     1     6
  8.1904803182545791E+00 a      1117     0    38     1     7
 -5.8690523637590575E+00 a      1118     0    38     1     8
 -2.3981287940019707E+00 a      1119     0    38     1     9
 -3.8375335294509938E-01 a      1120     0    38     1    10
  5.7182940182680584E+00 a      1121     0    38     1    11
  4.3387367114458220E-01 a      1122     0    38     1    12
 -3.7373457121528260E+00 a      1123     0    38     1    13
 -3.5431831173367612E-01 a      1124     0    38     1    14
  2.4672863583671667E+00 a      1125     0    38     1    15
  5.8906654513710599E+00 a      1126     0    38     1    16
 -4.4005079555540254E+00 a      1127     0    38     1    17
 -3.3002856212405867E+00 a      1128     0    38     1    18
 -1.7573876099070937E+01 a      1129     0    38     1    19
 -5.5039657995508025E+00 a      1130     0    38     1    20
  7.6910890512045693E+00 a      1131     0    38     1    21
  2.4859373315949029E+00 a      1132     0    38     1    22
  5.5565397173326581E+00 a      1133     0    38     1    23
 -8.8082653924904442E+00 a      1134     0    38     1    24
  1.7670199268818023E+00 a      1135     0    38     1    25
 -1.6606930169518288E+00 a      1136     0    38     1    26
 -3.5763544105068150E+00 a      1137     0    38     1    27
 -6.1601544569505018E+00 a      1138     0    38     1    28
  6.2218817005187121E+00 a      1139     0    38     1    29
 -3.5901428478078756E+00 a      1140     0    38     1    30
  4.3194438299862306E+00 a      1141     0    39     1     1
 -2.7806929545218555E+00 a      1142     0    39     1     2
  8.5885008752104746E+00 a      1143     0    39     1     3
 -2.6884522485286539E+00 a      1144     0    39     1     4
  5.2679847391437107E-01 a      1145     0    39     1     5
 -1.4495709775442251E+00 a      1146     0    39     1     6
 -1.1588648936764261E+00 a      1147     0    39     1     7
 -5.0947414874410741E+00 a      1148     0    39     1     8
 -6.5062940261154290E-01 a      1149     0    39     1     9
 -7.8462681849088167E-01 a      1150     0    39     1    10
  3.5705086933033794E+00 a      1151     0    39     1    11
 -3.0445572927153028E+00 a      1152     0    39     1    12
 -1.1877238038291149E-01 a      1153     0    39     1    13
 -6.0671583811564718E+00 a      1154     0    39     1    14
 -6.4822332934043585E+00 a      1155     0    39     1    15
 -5.0690548516773806E+00 a      1156     0    39     1    16
 -5.0008787193452822E+00 a      1157     0    39     1    17
 -6.9319090229986974E-02 a      1158     0    39     1    18
  3.5423955696177392E+00 a      1159     0    39     1    19
 -9.3158927631021460E-01 a      1160     0    39     1    20
  5.5799630280041002E-01 a      1161     0    39     1    21
  1.9456804012692361E+00 a      1162     0    39     1    22
  8.2856184293022872E-01 a      1163     0    39     1    23
 -4.9018735418833632E+00 a      1164     0    39     1    24
  1.2359914223360264E+00 a      1165     0    39     1    25
 -1.2478446864461210E+00 a      1166     0    39     1    26
 -1.5441248692156990E+00 a      1167     0    39     1    27
 -4.9326286209181216E+00 a      1168     0    39     1    28
  2.8303569191539109E+00 a      1169     0    39     1    29
 -1.5429701057057865E+00 a      1170     0    39     1    30
 -2.1230852717115627E+00 a      1171     0    40     1     1
 -5.8099464461462746E-02 a      1172     0    40     1     2
 -7.3562353545105852E+00 a      1173     0    40     1     3
  4.2945514629859378E+00 a      1174     0    40     1     4
  4.5090759077688816E+00 a      1175     0    40     1     5
  5.5232893815153012E+00 a      1176     0    40     1     6
  7.2140107984552699E+00 a      1177     0    40     1     7
  4.9414211218505244E+00 a      1178     0    40     1     8
  3.8079052705598944E+00 a      1179     0    40     1     9
  1.1117111869912758E+01 a      1180     0    40     1    10
 -3.2324217086641065E+00 a      1181     0    40     1    11
  5.8854005524237669E+00 a      1182     0    40     1    12
 -3.6594340751223529E+00 a      1183     0    40     1    13
  6.7576285476618683E+00 a      1184     0    40     1    14
  5.0782822111569548E+00 a      1185     0    40     1    15
 -1.1225724788697875E+00 a      1186     0    40     1    16
 -3.6341677005368953E+00 a      1187     0    40     1    17
  1.3835546941083940E+00 a      1188     0    40     1    18
 -6.3841162988763536E+00 a      1189     0    40     1    19
  1.9258117338282905E+00 a      1190     0    40     1    20
 -7.3852441109246536E+00 a      1191     0    40     1    21
 -3.1630113052423474E+00 a      1192     0    40     1    22
 -2.7971837484217219E+00 a      1193     0    40     1    23
  4.6760069659797860E+00 a      1194     0    40     1    24
 -1.7662597557876800E+00 a      1195     0    40     1    25
  8.0453946857149949E-01 a      1196     0    40     1    26
  1.3337664585537476E+00 a      1197     0    40     1    27
 -1.4369528497546824E+00 a      1198     0    40     1    28
 -2.5503564676188213E+00 a      1199     0    40     1    29
  5.1320509359299624E+00 a      1200     0    40     1    30
  8.1171018082509825E+00 a      1201     0    41     1     1
  6.1001138609302732E+00 a      1202     0    41     1     2
 -3.9710523168314538E+00 a      1203     0    41     1     3
 -9.1424161986178210E-01 a      1204     0    41     1     4
 -1.0701739305531865E+01 a      1205     0    41     1     5
  2.2486598693191597E+00 a      1206     0    41     1     6
 -6.1659115864802505E+00 a      1207     0    41     1     7
  8.4117404701627407E+00 a      1208     0    41     1     8
 -1.5310918923877648E+00 a      1209     0    41     1     9
 -5.5728666486358920E+00 a      1210     0    41     1    10
 -2.8496062911942630E+00 a      1211     0    41     1    11
  4.3451496308878959E+00 a      1212     0    41     1    12
  7.3109314559339760E+00 a      1213     0    41     1    13
  1.1484650183556559E+01 a      1214     0    41     1    14
  1.0184597353592788E+00 a      1215     0    41     1    15
 -4.5677548581024752E+00 a      1216     0    41     1    16
  1.6834151524023788E+00 a      1217     0    41     1    17
  4.7145586559938204E+00 a      1218     0    41     1    18
  1.5515933315792257E+01 a      1219     0    41     1    19
  6.3553940502694255E+00 a      1220     0    41     1    20
 -1.2012886935098035E+00 a      1221     0    41     1    21
 -1.4212679185148220E+00 a      1222     0    41     1    22
 -1.5427015269266389E+00 a      1223     0    41     1    23
  1.0185338753862392E+00 a      1224     0    41     1    24
  2.2357612718242379E+00 a      1225     0    41     1    25
  2.2295383664649395E+00 a      1226     0    41     1    26
 -3.1147272098363903E+00 a      1227     0    41     1    27
 -8.5653579792747425E-01 a      1228     0    41     1    28
 -2.2485021002246981E+00 a      1229     0    41     1    29
 -3.8126908552609393E+00 a      1230     0    41     1    30
 -1.6404994546870473E+01 a      1231     0    42     1     1
  5.3479130618020472E+00 a      1232     0    42     1     2
 -4.8368022317091084E+00 a      1233     0    42     1     3
  4.6854557634714240E+00 a      1234     0    42     1     4
 -3.0115725287675912E+00 a      1235     0    42     1     5
 -1.0794278636326404E-01 a      1236     0    42     1     6
  7.2183751330498218E+00 a      1237     0    42     1     7
  7.8450043903389588E+00 a      1238     0    42     1     8
 -3.3979690461358270E+00 a      1239     0    42     1     9
  8.4996181879323918E-01 a      1240     0    42     1    10
  1.0656872215747570E+00 a      1241     0    42     1    11
  5.0694060220818136E+00 a      1242     0    42     1    12
 -2.1770824956533779E+00 a      1243     0    42     1    13
 -3.7955053122888907E+00 a      1244     0    42     1    14
  1.2587796659703470E+01 a      1245     0    42     1    15
 -2.9893553407705706E+00 a      1246     0    42     1    16
 -4.9088708653734525E-01 a      1247     0    42     1    17
 -2.7110416031950626E+00 a      1248     0    42     1    18
  8.3857555701089104E-01 a      1249     0    42     1    19
 -3.9822263029919589E+00 a      1250     0    42     1    20
  4.9797746212873575E+00 a      1251     0    42     1    21
 -5.8359112097172317E-01 a      1252     0    42     1    22
 -4.9545825137893790E-01 a      1253     0    42     1    23
 -9.1215076380160802E+00 a      1254     0    42     1    24
 -3.1522502309195621E+00 a      1255     0    42     1    25
  3.3960753964870958E+00 a      1256     0    42     1    26
  7.1619857594668612E-01 a      1257     0    42     1    27
  1.1917145470258758E+01 a      1258     0    42     1    28
 -4.0260031309278634E+00 a      1259     0    42     1    29
 -1.2680527455901107E+00 a      1260     0    42     1    30
  9.1097682721422615E+00 a      1261     0    43     1     1
  2.7694882674200518E+00 a      1262     0    43     1     2
  8.9783894524711290E+00 a      1263     0    43     1     3
  1.3682258357554575E+00 a      1264     0    43     1     4
  4.1086075698353373E+00 a      1265     0    43     1     5
  1.0036016021537307E+01 a      1266     0    43     1     6
 -1.3847147419740770E+01 a      1267     0    43     1     7
  4.3746738469616284E+00 a      1268     0    43     1     8
 -2.5143630720747199E+00 a      1269     0    43     1     9
 -2.1660908888702699E+00 a      1270     0    43     1    10
 -7.7149298030559104E+00 a      1271     0    43     1    11
  9.5629396949663170E-01 a      1272     0    43     1    12
  5.1432569471999408E+00 a      1273     0    43     1    13
  6.7136046141081831E+00 a      1274     0    43     1    14
  6.8565400638794154E+00 a      1275     0    43     1    15
 -1.1109529059089249E+01 a      1276     0    43     1    16
 -1.1063248618530062E+00 a      1277     0    43     1    17
 -1.1437588739266011E+00 a      1278     0    43     1    18
 -1.0839224810048517E+01 a      1279     0    43     1    19
 -1.0175352995125648E+01 a      1280     0    43     1    20
  3.8008349759603592E+00 a      1281     0    43     1    21
  5.7468390765504775E+00 a      1282     0    43     1    22
 -3.5233316649105690E+00 a      1283     0    43     1    23
  2.9843073826452557E+00 a      1284     0    43     1    24
 -3.7588625881991362E+00 a      1285     0    43     1    25
 -1.4351444988025217E+00 a      1286     0    43     1    26
 -1.5194450277356786E-01 a      1287     0    43     1    27
  1.5425791970314119E+01 a      1288     0    43     1    28
  6.2005759271840644E-01 a      1289     0    43     1    29
 -6.8018598023643779E+00 a      1290     0    43     1    30
 -4.1864713705474532E-01 a      1291     0    44     1     1
 -1.3444820108805242E+01 a      1292     0    44     1     2
  8.1714826030488865E+00 a      1293     0    44     1     3
 -6.6404257258462049E+00 a      1294     0    44     1     4
 -3.9435186035968970E+00 a      1295     0    44     1     5
  7.9619918827396441E-01 a      1296     0    44     1     6
  1.4101676748719425E+00 a      1297     0    44     1     7
 -9.1270457326171552E+00 a      1298     0    44     1     8
 -2.4630286520863471E+00 a      1299     0    44     1     9
  2.8681244887116035E+00 a      1300     0    44     1    10
  1.1254365900438643E+01 a      1301     0    44     1    11
 -7.8671755530181828E+00 a      1302     0    44     1    12
  6.0092225488583972E-01 a      1303     0    44     1    13
 -2.9084934079729976E+00 a      1304     0    44     1    14
  1.3024011735530190E+00 a      1305     0    44     1    15
 -1.7427492355408764E-01 a      1306     0    44     1    16
  1.3047045105524006E+01 a      1307     0    44     1    17
  6.7273677687116544E+00 a      1308     0    44     1    18
  5.8824879240375716E-01 a      1309     0    44     1    19
 -5.7740088482057335E+00 a      1310     0    44     1    20
 -9.2368812592000111E+00 a      1311     0    44     1    21
  6.8212255151150458E-01 a      1312     0    44     1    22
 -2.5740416431572268E+00 a      1313     0    44     1    23
  6.9695872807558432E+00 a      1314     0    44     1    24
 -4.4105865085035401E+00 a      1315     0    44     1    25
  6.0933207674277945E+00 a      1316     0    44     1    26
  8.0516311869523918E+00 a      1317     0    44     1    27
  6.7632369871949019E+00 a      1318     0    44     1    28
  9.2309473484125277E+00 a      1319     0    44     1    29
 -3.4582473634062216E+00 a      1320     0    44     1    30
 -4.0890099968712432E+00 a      1321     0    45     1     1
  1.3164586444208355E+01 a      1322     0    45     1     2
  8.5590893293173789E+00 a      1323     0    45     1     3
  4.2841047232196017E+00 a      1324     0    45     1     4
 -6.4776222869574056E+00 a      1325     0    45     1     5
  4.8569784404071212E+00 a      1326     0    45     1     6
 -5.8853995549369547E+00 a      1327     0    45     1     7
  6.1679965682009499E+00 a      1328     0    45     1     8
  4.4625777346313866E-01 a      1329     0    45     1     9
 -6.3643536033172952E+00 a      1330     0    45     1    10
  1.3206536209550391E+01 a      1331     0    45     1    11
 -8.7246417348128702E+00 a      1332     0    45     1    12
  8.7072509924170358E+00 a      1333     0    45     1    13
 -7.2139155157302248E+00 a      1334     0    45     1    14
  1.3188208945649572E+01 a      1335     0    45     1    15
 -5.8372896409643928E+00 a      1336     0    45     1    16
 -1.0185864198685229E+01 a      1337     0    45     1    17
 -2.6168661012125849E+00 a      1338     0    45     1    18
  6.0946424322242958E+00 a      1339     0    45     1    19
 -1.8768237817014641E-01 a      1340     0    45     1    20
  1.4538596193155948E+00 a      1341     0    45     1    21
  2.0461131764604277E+00 a      1342     0    45     1    22
 -1.9302068094444782E+00 a      1343     0    45     1    23
 -4.7621177170544930E+00 a      1344     0    45     1    24
 -1.0011200810583462E+01 a      1345     0    45     1    25
 -4.7334737679742993E+00 a      1346     0    45     1    26
  9.3826967209080561E+00 a      1347     0    45     1    27
 -1.6439187208289534E+00 a      1348     0    45     1    28
 -6.9685335204330583E+00 a      1349     0    45     1    29
 -2.0384866604746151E+01 a      1350     0    45     1    30
  6.4206465935376755E-01 a      1351     0    46     1     1
  5.3010487534183213E+00 a      1352     0    46     1     2
 -1.7208959635844394E+01 a      1353     0    46     1     3
  1.0135085844379873E+01 a      1354     0    46     1     4
 -1.5562602799780512E-01 a      1355     0    46     1     5
 -4.3201451872602314E+00 a      1356     0    46     1     6
 -5.3414014632675295E+00 a      1357     0    46     1     7
  2.3319823662136976E+00 a      1358     0    46     1     8
  1.5197008836946500E+01 a      1359     0    46     1     9
 -5.4164965536880985E+00 a      1360     0    46     1    10
 -1.6741132331804693E+01 a      1361     0    46     1    11
  1.1813227655006626E+01 a      1362     0    46     1    12
  1.6946162279033774E+00 a      1363     0    46     1    13
  5.3922652143605569E+00 a      1364     0    46     1    14
 -4.6379290611051429E+00 a      1365     0    46     1    15
 -3.7881043086454658E+00 a      1366     0    46     1    16
 -2.8556596686202673E-01 a      1367     0    46     1    17
 -5.3957792851964541E+00 a      1368     0    46     1    18
 -1.3010418693071588E+00 a      1369     0    46     1    19
  8.6885164036860481E+00 a      1370     0    46     1    20
  3.0539346474375249E+00 a      1371     0    46     1    21
  2.7141507169816137E+00 a      1372     0    46     1    22
  1.6771883031687786E+01 a      1373     0    46     1    23
 -2.6162585741419044E+00 a      1374     0    46     1    24
 -1.9571300953881848E-01 a      1375     0    46     1    25
  3.2492229378198485E+00 a      1376     0    46     1    26
  5.3270689482877598E-01 a      1377     0    46     1    27
 -1.9223301604762930E+00 a      1378     0    46     1    28
 -7.5878979275871377E+00 a      1379     0    46     1    29
 -1.5576385760315474E+00 a      1380     0    46     1    30
  1.3787563583808267E+00 a      1381     0    47     1     1
 -6.4305159780373478E+00 a      1382     0    47     1     2
  2.4788330882423417E+00 a      1383     0    47     1     3
 -6.6142726829491769E+00 a      1384     0    47     1     4
  5.2149752639766174E+00 a      1385     0    47     1     5
  2.4309376722691572E-01 a      1386     0    47     1     6
 -1.1328498782723821E+00 a      1387     0    47     1     7
 -2.9512197464585510E+00 a      1388     0    47     1     8
  1.3014703705154700E+00 a      1389     0    47     1     9
  6.9624460984164918E+00 a      1390     0    47     1    10
 -1.0692966788357676E+01 a      1391     0    47     1    11
  3.8555360220060191E+00 a      1392     0    47     1    12
  1.5999223451015361E+00 a      1393     0    47     1    13
 -2.4440215718904343E+00 a      1394     0    47     1    14
  1.0847661302333640E+00 a      1395     0    47     1    15
 -5.6764863377391483E-01 a      1396     0    47     1    16
  3.3440222055931814E+00 a      1397     0    47     1    17
 -1.0062866886019310E+00 a      1398     0    47     1    18
 -6.8298033053500191E+00 a      1399     0    47     1    19
 -2.3031568803687166E+00 a      1400     0    47     1    20
  6.4034065363817144E-02 a      1401     0    47     1    21
  2.6083505548367176E+00 a      1402     0    47     1    22
  3.8052197554404148E+00 a      1403     0    47     1    23
 -1.1626424982489953E+00 a      1404     0    47     1    24
  1.9798440928301921E+00 a      1405     0    47     1    25
  1.7306081789592174E+00 a      1406     0    47     1    26
 -1.0441771180037229E+01 a      1407     0    47     1    27
  4.6820217950873948E+00 a      1408     0    47     1    28
  7.9695928448825315E-01 a      1409     0    47     1    29
  5.1789104354842879E+00 a      1410     0    47     1    30
  1.9589794904383246E+00 a      1411     0    48     1     1
 -7.1002897125373226E+00 a      1412     0    48     1     2
  4.2899535985681805E+00 a      1413     0    48     1     3
 -1.6297034530891725E+00 a      1414     0    48     1     4
  5.8588188419571523E+00 a      1415     0    48     1     5
 -1.0957449740031477E+00 a      1416     0    48     1     6
  4.0915808902302526E+00 a      1417     0    48     1     7
  2.6948805229362471E+00 a      1418     0    48     1     8
 -1.4858222939988792E+01 a      1419     0    48     1     9
  5.7685295653040978E+00 a      1420     0    48     1    10
  1.0036222155591426E+01 a      1421     0    48     1    11
 -4.1231340770497962E+00 a      1422     0    48     1    12
 -6.0032502963432606E+00 a      1423     0    48     1    13
 -5.2381671225050956E+00 a      1424     0    48     1    14
  2.2549671359245882E+00 a      1425     0    48     1    15
 -3.5004982133773148E+00 a      1426     0    48     1    16
  2.6730359534588266E+00 a      1427     0    48     1    17
  5.7488237557189981E-01 a      1428     0    48     1    18
  6.1460567635088070E+00 a      1429     0    48     1    19
 -5.4558567703480323E+00 a      1430     0    48     1    20
 -6.7099772717638420E+00 a      1431     0    48     1    21
 -2.2948287145201840E-01 a      1432     0    48     1    22
 -7.4349662233647624E+00 a      1433     0    48     1    23
 -1.4887989475415624E+00 a      1434     0    48     1    24
 -5.6442321434540044E-01 a      1435     0    48     1    25
 -4.2649939963168215E+00 a      1436     0    48     1    26
 -3.9478839399896937E+00 a      1437     0    48     1    27
 -7.0032949490501180E+00 a      1438     0    48     1    28
  1.5526193900866532E+00 a      1439     0    48     1    29
  2.7107719465285101E+00 a      1440     0    48     1    30
 -6.5598979540280560E+00 a      1441     0    49     1     1
 -2.4609283450817976E+01 a      1442     0    49     1     2
 -7.1488154687800831E+00 a      1443     0    49     1     3
 -2.4561330959652370E+00 a      1444     0    49     1     4
  6.1033919035797863E+00 a      1445     0    49     1     5
 -1.7703564990897124E+01 a      1446     0    49     1     6
  2.3320289807373413E+00 a      1447     0    49     1     7
 -9.5892191388848431E+00 a      1448     0    49     1     8
 -1.3957586406665868E+01 a      1449     0    49     1     9
  1.4313590427600942E+00 a      1450     0    49     1    10
 -1.7195265500195713E+01 a      1451     0    49     1    11
  5.6124029568761866E+00 a      1452     0    49     1    12
 -1.4821253460084453E+01 a      1453     0    49     1    13
  5.2584974507354278E+00 a      1454     0    49     1    14
 -1.3438203758608905E+01 a      1455     0    49     1    15
 -1.9261790016734184E+00 a      1456     0    49     1    16
  1.7061372878822468E+01 a      1457     0    49     1    17
  8.8347342265154758E+00 a      1458     0    49     1    18
 -1.4685718290197656E+01 a      1459     0    49     1    19
 -5.2133961079783635E+00 a      1460     0    49     1    20
 -1.3287540912125404E+01 a      1461     0    49     1    21
  7.1567040189292213E+00 a      1462     0    49     1    22
 -3.6774927615671156E+00 a      1463     0    49     1    23
 -3.2694704301637900E+00 a      1464     0    49     1    24
  3.2875348252697751E+00 a      1465     0    49     1    25
 -3.4929755188247080E+00 a      1466     0    49     1    26
 -3.4139415127487336E+00 a      1467     0    49     1    27
  1.2435805480884179E+01 a      1468     0    49     1    28
 -7.2263584588337952E+00 a      1469     0    49     1    29
  5.4545225954786292E-01 a      1470     0    49     1    30
  1.2552579850703586E+01 a      1471     0    50     1     1
  2.8942228491627102E+01 a      1472     0    50     1     2
 -2.8166323789684760E+00 a      1473     0    50     1     3
  1.8449163986851886E+00 a      1474     0    50     1     4
 -5.8363757989929930E+00 a      1475     0    50     1     5
  5.6679663237826210E+00 a      1476     0    50     1     6
  6.9193938187991257E+00 a      1477     0    50     1     7
  9.3528165624727624E+00 a      1478     0    50     1     8
  6.5234592311841388E-01 a      1479     0    50     1     9
 -2.3386267277299826E+00 a      1480     0    50     1    10
 -2.2268077087714055E+00 a      1481     0    50     1    11
 -2.9635126299900905E+00 a      1482     0    50     1    12
  1.2445026381086266E+00 a      1483     0    50     1    13
 -7.1721928143458635E+00 a      1484     0    50     1    14
  7.4803894776893944E+00 a      1485     0    50     1    15
 -7.9796063158408632E+00 a      1486     0    50     1    16
 -2.5948614109020706E+01 a      1487     0    50     1    17
 -9.0967039332961228E+00 a      1488     0    50     1    18
  1.4091993397460783E+01 a      1489     0    50     1    19
  1.0356929360929090E+01 a      1490     0    50     1    20
  1.3583271071612630E+01 a      1491     0    50     1    21
 -1.0126198889601868E+01 a      1492     0    50     1    22
 -3.3666095275611552E+00 a      1493     0    50     1    23
 -1.1686589841331887E+01 a      1494     0    50     1    24
 -5.2133475416555655E+00 a      1495     0    50     1    25
 -9.0478223979036265E+00 a      1496     0    50     1    26
 -6.9058919745720528E+00 a      1497     0    50     1    27
 -9.2107876621330114E+00 a      1498     0    50     1    28
  2.7151060951447095E+00 a      1499     0    50     1    29
  8.1412527574704292E+00 a      1500     0    50     1    30
  5.0165345767741751E+00 a      1501     0    51     1     1
  6.1926785399676474E+00 a      1502     0    51     1     2
 -5.8210661905008640E+00 a      1503     0    51     1     3
  7.0943369675358792E+00 a      1504     0    51     1     4
  2.3028141228358825E+00 a      1505     0    51     1     5
  8.7951725045956977E+00 a      1506     0    51     1     6
  8.0231685420234289E+00 a      1507     0    51     1     7
  2.9233322320330113E+00 a      1508     0    51     1     8
 -2.2264011386924215E-01 a      1509     0    51     1     9
 -2.0640679130961765E+00 a      1510     0    51     1    10
  1.3528125249925580E+01 a      1511     0    51     1    11
  9.3294489139859333E+00 a      1512     0    51     1    12
 -5.5943694037878489E+00 a      1513     0    51     1    13
  2.0681071421727765E+01 a      1514     0    51     1    14
 -5.2602819635846894E+00 a      1515     0    51     1    15
  1.0352296643814238E+01 a      1516     0    51     1    16
 -1.1027073484518188E+00 a      1517     0    51     1    17
 -1.0034865757823193E+00 a      1518     0    51     1    18
  2.4063565701157699E+00 a      1519     0    51     1    19
  6.3061440222795708E+00 a      1520     0    51     1    20
  6.8062828954584136E+00 a      1521     0    51     1    21
 -1.7942822619048258E+01 a      1522     0    51     1    22
  1.0196106537257787E+00 a      1523     0    51     1    23
  7.9233870560880169E+00 a      1524     0    51     1    24
  1.0689983177759757E+01 a      1525     0    51     1    25
  1.3128989978871810E+00 a      1526     0    51     1    26
 -1.6365191766392559E+00 a      1527     0    51     1    27
 -1.1684291471030344E+01 a      1528     0    51     1    28
  6.4962544158490925E+00 a      1529     0    51     1    29
  1.7536010218535345E+01 a      1530     0    51     1    30
  4.7580636172197242E+00 a      1531     0    52     1     1
  1.3024637127173881E+01 a      1532     0    52     1     2
  1.2859678021632055E+01 a      1533     0    52     1     3
 -5.1234563908767674E+00 a      1534     0    52     1     4
 -5.2484570193278746E+00 a      1535     0    52     1     5
  4.1782458787882630E+00 a      1536     0    52     1     6
  3.9963295748172181E+00 a      1537     0    52     1     7
 -3.1060419280577696E+00 a      1538     0    52     1     8
  8.7091361357383761E+00 a      1539     0    52     1     9
 -1.1462677298479425E+01 a      1540     0    52     1    10
  8.4964155916250430E+00 a      1541     0    52     1    11
 -5.5901042848857605E+00 a      1542     0    52     1    12
  1.2322816368559756E+01 a      1543     0    52     1    13
 -6.9457411257435533E+00 a      1544     0    52     1    14
  4.2191722132010989E-01 a      1545     0    52     1    15
  8.7095471801944431E+00 a      1546     0    52     1    16
 -1.0630485456307785E+01 a      1547     0    52     1    17
  3.4094799106434546E+00 a      1548     0    52     1    18
  2.6514051218661443E+00 a      1549     0    52     1    19
  4.3410191952702704E+00 a      1550     0    52     1    20
  7.9469377112068926E+00 a      1551     0    52     1    21
 -7.9761577119209628E+00 a      1552     0    52     1    22
 -1.3901537576776013E+01 a      1553     0    52     1    23
  3.2232743983429919E+00 a      1554     0    52     1    24
  1.4456571877421527E+00 a      1555     0    52     1    25
  4.8689148189366467E+00 a      1556     0    52     1    26
  1.1973343859224421E+01 a      1557     0    52     1    27
  2.0577001775032473E+00 a      1558     0    52     1    28
  5.1211217123943964E+00 a      1559     0    52     1    29
 -1.7575904711903940E+00 a      1560     0    52     1    30
 -1.2857864895464720E+01 a      1561     0    53     1     1
 -1.6334646913367504E+01 a      1562     0    53     1     2
 -7.0003490506569150E+00 a      1563     0    53     1     3
 -2.3487287441255909E+00 a      1564     0    53     1     4
  5.3074734952236708E+00 a      1565     0    53     1     5
  4.9556961483905798E-01 a      1566     0    53     1     6
 -8.3151886458226372E+00 a      1567     0    53     1     7
  3.6232136052180288E+00 a      1568     0    53     1     8
 -1.6900423843682571E+01 a      1569     0    53     1     9
  9.4899053991475437E+00 a      1570     0    53     1    10
 -4.9316552880163940E+00 a      1571     0    53     1    11
  1.6369736942356192E+00 a      1572     0    53     1    12
 -1.3765501473710010E+01 a      1573     0    53     1    13
  8.9162963478163615E+00 a      1574     0    53     1    14
 -2.1146687779698841E+00 a      1575     0    53     1    15
 -1.3925213332856705E+00 a      1576     0    53     1    16
  9.6077785219375347E+00 a      1577     0    53     1    17
 -2.3580876612524544E+00 a      1578     0    53     1    18
 -1.3091111060898093E+01 a      1579     0    53     1    19
 -6.8419704074417371E+00 a      1580     0    53     1    20
 -6.4207461907413972E+00 a      1581     0    53     1    21
  2.0408016250640646E+00 a      1582     0    53     1    22
  9.9995418983376343E+00 a      1583     0    53     1    23
 -2.7763396383255250E+00 a      1584     0    53     1    24
  5.7482140269603779E+00 a      1585     0    53     1    25
 -1.2684503882872766E+01 a      1586     0    53     1    26
 -1.3650764859842399E+01 a      1587     0    53     1    27
  3.0473781296451490E+00 a      1588     0    53     1    28
 -1.1271271881552254E+01 a      1589     0    53     1    29
 -6.5909808641063439E+00 a      1590     0    53     1    30
  4.7929766663749653E+00 a      1591     0    54     1     1
 -1.7018980250780387E+00 a      1592     0    54     1     2
  5.4872308077124785E+00 a      1593     0    54     1     3
 -8.6418024401649998E+00 a      1594     0    54     1     4
  8.9088695847893700E+00 a      1595     0    54     1     5
  2.0980596418554440E+00 a      1596     0    54     1     6
 -1.2526246071534294E+01 a      1597     0    54     1     7
  5.2942056474218280E+00 a      1598     0    54     1     8
  1.1189562931752087E+01 a      1599     0    54     1     9
  1.9092173292813759E+00 a      1600     0    54     1    10
  1.0625366299382147E+01 a      1601     0    54     1    11
 -1.0293121273032769E+01 a      1602     0    54     1    12
  1.8763056963396348E+01 a      1603     0    54     1    13
 -9.2524668566945483E+00 a      1604     0    54     1    14
  1.1595480688308182E+01 a      1605     0    54     1    15
 -2.9897612807601770E+00 a      1606     0    54     1    16
  1.4918260102988990E+01 a      1607     0    54     1    17
 -2.3340068106587397E+00 a      1608     0    54     1    18
  3.3089973136394737E+00 a      1609     0    54     1    19
  3.7908937760368877E+00 a      1610     0    54     1    20
  3.6615489791595253E+00 a      1611     0    54     1    21
  7.5979410574938360E+00 a      1612     0    54     1    22
  1.0181161595924740E+01 a      1613     0    54     1    23
  9.7580457127900733E+00 a      1614     0    54     1    24
 -1.1268305819597639E+01 a      1615     0    54     1    25
  2.1680564511917286E+01 a      1616     0    54     1    26
  1.7040724823923916E+00 a      1617     0    54     1    27
 -4.2371395120565571E+00 a      1618     0    54     1    28
  7.2693308375477619E+00 a      1619     0    54     1    29
 -2.2335505835293848E+01 a      1620     0    54     1    30
  3.6662472380162883E+00 a      1621     0    55     1     1
 -5.6554756708653215E+00 a      1622     0    55     1     2
 -7.4749992884228273E+00 a      1623     0    55     1     3
 -4.5205478546850847E-01 a      1624     0    55     1     4
 -6.2577015358869277E+00 a      1625     0    55     1     5
 -3.3841026134535590E+00 a      1626     0    55     1     6
  3.1890161536309445E+00 a      1627     0    55     1     7
 -2.7776850122844383E+00 a      1628     0    55     1     8
  5.4219499611917072E+00 a      1629     0    55     1     9
 -2.0270511834622948E+00 a      1630     0    55     1    10
  8.5693746254510916E+00 a      1631     0    55     1    11
 -1.3909825427770212E+01 a      1632     0    55     1    12
 -2.6229666792440782E+00 a      1633     0    55     1    13
 -4.4318849845040402E+00 a      1634     0    55     1    14
 -1.2458882871847701E+00 a      1635     0    55     1    15
 -3.5583949556803294E+00 a      1636     0    55     1    16
 -3.0891097290518070E+00 a      1637     0    55     1    17
  7.0902058609530814E+00 a      1638     0    55     1    18
  3.9012014691943477E+00 a      1639     0    55     1    19
 -7.1908886456177781E+00 a      1640     0    55     1    20
 -3.8882472781866260E+00 a      1641     0    55     1    21
  4.3364478198179013E+00 a      1642     0    55     1    22
 -2.2063160184543431E+00 a      1643     0    55     1    23
 -4.3697090926246229E+00 a      1644     0    55     1    24
  1.6499612502037913E+00 a      1645     0    55     1    25
  9.1007739125758769E-01 a      1646     0    55     1    26
  7.8122428588826285E+00 a      1647     0    55     1    27
 -1.8230658817292175E-01 a      1648     0    55     1    28
 -7.5059543470031886E-01 a      1649     0    55     1    29
 -2.9187357376670606E+00 a      1650     0    55     1    30
 -7.6063039097564582E+00 a      1651     0    56     1     1
  4.3115398432868748E+00 a      1652     0    56     1     2
 -4.0281935266703996E+00 a      1653     0    56     1     3
  4.1076792924221825E+00 a      1654     0    56     1     4
  2.6433334091874578E+00 a      1655     0    56     1     5
  1.4403217057105975E+00 a      1656     0    56     1     6
 -4.0329017820183743E+00 a      1657     0    56     1     7
 -4.3007961471453999E+00 a      1658     0    56     1     8
  3.8810917976003281E+00 a      1659     0    56     1     9
  6.4558895322850098E+00 a      1660     0    56     1    10
 -1.1262664851318158E+01 a      1661     0    56     1    11
  6.5664247415954691E+00 a      1662     0    56     1    12
 -5.2095778196690699E+00 a      1663     0    56     1    13
  5.4568270345688115E+00 a      1664     0    56     1    14
 -3.0688373780698575E+00 a      1665     0    56     1    15
  1.1189546427703241E+00 a      1666     0    56     1    16
  2.1535137422423096E+00 a      1667     0    56     1    17
 -1.3544019041529012E+00 a      1668     0    56     1    18
 -3.7576844707352879E+00 a      1669     0    56     1    19
  3.9755635269489611E+00 a      1670     0    56     1    20
  4.6933770096403360E-01 a      1671     0    56     1    21
  5.3226432112883506E+00 a      1672     0    56     1    22
  9.0893088571798941E+00 a      1673     0    56     1    23
  8.6624571351571920E+00 a      1674     0    56     1    24
  3.0227251055672153E+00 a      1675     0    56     1    25
  2.1745790823046893E+00 a      1676     0    56     1    26
 -7.1703503861825491E-01 a      1677     0    56     1    27
  9.0693476770570722E+00 a      1678     0    56     1    28
 -8.3571766794897648E+00 a      1679     0    56     1    29
  1.0031116363329555E+00 a      1680     0    56     1    30
 -6.5857233892650262E+00 a      1681     0    57     1     1
 -1.0859414821696889E+01 a      1682     0    57     1     2
 -2.3609285904697344E+00 a      1683     0    57     1     3
  9.4849566154520648E+00 a      1684     0    57     1     4
 -9.2076391892176757E-01 a      1685     0    57     1     5
 -8.3906724402756669E+00 a      1686     0    57     1     6
  6.4067861546965919E+00 a      1687     0    57     1     7
 -1.4844540852823158E+00 a      1688     0    57     1     8
  9.5905571305061965E+00 a      1689     0    57     1     9
  3.4038671021224678E+00 a      1690     0    57     1    10
  5.0499024544986462E+00 a      1691     0    57     1    11
  1.6333316179983143E+01 a      1692     0    57     1    12
 -3.0590611658389051E+00 a      1693     0    57     1    13
  5.5626134708427895E+00 a      1694     0    57     1    14
 -4.1353740963064842E+00 a      1695     0    57     1    15
  1.3990520747805746E+01 a      1696     0    57     1    16
  1.0643613548485431E+00 a      1697     0    57     1    17
 -8.8905760651241084E-01 a      1698     0    57     1    18
  5.4022454542581819E+00 a      1699     0    57     1    19
 -8.1872114537576817E+00 a      1700     0    57     1    20
  5.6770067733841847E+00 a      1701     0    57     1    21
  1.1092411843166564E-01 a      1702     0    57     1    22
 -6.3269445638428570E+00 a      1703     0    57     1    23
  3.8381909961937102E+00 a      1704     0    57     1    24
  1.9780085546556567E+01 a      1705     0    57     1    25
  2.2697226788265379E+00 a      1706     0    57     1    26
  6.1905641173004051E+00 a      1707     0    57     1    27
 -3.9484588568257508E+00 a      1708     0    57     1    28
  1.3857898313039594E+00 a      1709     0    57     1    29
  7.2296642494815302E+00 a      1710     0    57     1    30
 -2.1732741066959292E+01 a      1711     0    58     1     1
  1.2065389040287826E+00 a      1712     0    58     1     2
  1.0844973433463915E+01 a      1713     0    58     1     3
  5.9991303158456988E-01 a      1714     0    58     1     4
  2.3765726579576043E+00 a      1715     0    58     1     5
  2.0719850939265947E+00 a      1716     0    58     1     6
 -4.6580732757268413E+00 a      1717     0    58     1     7
 -2.8946390520880847E+00 a      1718     0    58     1     8
 -5.7104865163514695E+00 a      1719     0    58     1     9
  5.8999945813901433E-01 a      1720     0    58     1    10
 -2.2378067268215371E+01 a      1721     0    58     1    11
  1.0839124438559738E+01 a      1722     0    58     1    12
 -9.2178790222972609E+00 a      1723     0    58     1    13
 -2.2168363829374709E+00 a      1724     0    58     1    14
 -3.5784216272262244E+00 a      1725     0    58     1    15
  8.1162028030932787E-01 a      1726     0    58     1    16
  7.5634455217279950E-01 a      1727     0    58     1    17
 -1.2395446346088427E+01 a      1728     0    58     1    18
 -4.8130529099926145E+00 a      1729     0    58     1    19
  3.1071675955039670E+00 a      1730     0    58     1    20
 -1.4423166865148649E+00 a      1731     0    58     1    21
 -1.1734732131247090E+00 a      1732     0    58     1    22
 -6.0645074505434646E+00 a      1733     0    58     1    23
 -3.1010217941559075E+00 a      1734     0    58     1    24
 -6.7804852840840244E+00 a      1735     0    58     1    25
 -8.3319446650041051E+00 a      1736     0    58     1    26
  1.7998238079077784E+00 a      1737     0    58     1    27
 -2.2198490806359972E-01 a      1738     0    58     1    28
 -1.2771187851082466E+01 a      1739     0    58     1    29
  3.8582600907113966E+00 a      1740     0    58     1    30
  1.0964762350140877E+01 a      1741     0    59     1     1
 -8.7233738626212816E+00 a      1742     0    59     1     2
 -5.3721458799049717E+00 a      1743     0    59     1     3
 -1.3015730924809081E+00 a      1744     0    59     1     4
 -8.1233943470940009E+00 a      1745     0    59     1     5
 -3.5862903183643846E+00 a      1746     0    59     1     6
  1.1091437889172195E+00 a      1747     0    59     1     7
 -8.6492596806213684E-01 a      1748     0    59     1     8
 -1.0756032891366401E+01 a      1749     0    59     1     9
  1.8811351910450949E+00 a      1750     0    59     1    10
  9.0916543906786984E+00 a      1751     0    59     1    11
 -6.2328009008015464E+00 a      1752     0    59     1    12
  3.9377601065870906E+00 a      1753     0    59     1    13
 -6.8707749280665427E+00 a      1754     0    59     1    14
  7.7020904790355837E+00 a      1755     0    59     1    15
 -1.1086892936329688E+01 a      1756     0    59     1    16
 -6.8636169663701931E+00 a      1757     0    59     1    17
 -5.7579413026839585E+00 a      1758     0    59     1    18
  9.8479016242863224E+00 a      1759     0    59     1    19
 -1.0647992874005348E+01 a      1760     0    59     1    20
  4.4496389927404789E-02 a      1761     0    59     1    21
  6.7190236193294020E+00 a      1762     0    59     1    22
 -2.3302413228716006E+00 a      1763     0    59     1    23
 -2.1480664490854146E+01 a      1764     0    59     1    24
 -1.3764349221162785E+01 a      1765     0    59     1    25
 -1.0579966183728141E+01 a      1766     0    59     1    26
 -1.0882838635103798E+01 a      1767     0    59     1    27
 -1.2873419159745918E+01 a      1768     0    59     1    28
  2.1424372924548081E+01 a      1769     0    59     1    29
  8.5613494990477657E-01 a      1770     0    59     1    30
  5.0772769049309696E+00 a      1771     0    60     1     1
 -4.4661914485564425E-01 a      1772     0    60     1     2
  2.1416222979722459E+00 a      1773     0    60     1     3
  1.0613968186441228E-01 a      1774     0    60     1     4
  1.2323749345712995E+00 a      1775     0    60     1     5
 -4.7359654603025474E+00 a      1776     0    60     1     6
 -6.7184087328236206E+00 a      1777     0    60     1     7
  1.4528893134418839E+00 a      1778     0    60     1     8
 -3.3938909839266276E+00 a      1779     0    60     1     9
  4.1104405344738550E+00 a      1780     0    60     1    10
 -8.7113944645438899E+00 a      1781     0    60     1    11
 -2.9714993094238712E-01 a      1782     0    60     1    12
  2.0986334514535177E+01 a      1783     0    60     1    13
  4.3255312430917234E+00 a      1784     0    60     1    14
  4.4934555596015597E+00 a      1785     0    60     1    15
 -8.8253138037073739E+00 a      1786     0    60     1    16
 -3.6915574089457706E+00 a      1787     0    60     1    17
 -8.1712072685953743E+00 a      1788     0    60     1    18
 -6.7323784425689261E+00 a      1789     0    60     1    19
 -2.0879788045755348E+00 a      1790     0    60     1    20
  7.2475876633347767E+00 a      1791     0    60     1    21
  6.2640203309382088E+00 a      1792     0    60     1    22
 -5.6482402838813801E+00 a      1793     0    60     1    23
 -2.1087526738021918E+01 a      1794     0    60     1    24
 -7.8484173659565670E-02 a      1795     0    60     1    25
  9.2430590612683705E+00 a      1796     0    60     1    26
  5.1191034035332574E+00 a      1797     0    60     1    27
 -3.6747135900030981E-03 a      1798     0    60     1    28
  9.7630834756400429E+00 a      1799     0    60     1    29
  3.8536761018448309E+00 a      1800     0    60     1    30
  9.6089571150957305E+00 a      1801     0    61     1     1
 -2.3230145916627896E+00 a      1802     0    61     1     2
 -3.5718176349701036E-01 a      1803     0    61     1     3
  1.2259319258025139E+00 a      1804     0    61     1     4
 -5.4185264269630382E+00 a      1805     0    61     1     5
  2.9370565586540480E+00 a      1806     0    61     1     6
  4.3134801630224748E+00 a      1807     0    61     1     7
 -2.3037136900319037E+00 a      1808     0    61     1     8
 -7.1647474849660107E+00 a      1809     0    61     1     9
  5.8618532834374282E-01 a      1810     0    61     1    10
  4.5054837811547435E+00 a      1811     0    61     1    11
  1.2899287782234596E+00 a      1812     0    61     1    12
 -1.8997229450676606E-01 a      1813     0    61     1    13
  9.4499107272301988E+00 a      1814     0    61     1    14
  5.4415573236333215E-01 a      1815     0    61     1    15
  2.6440867748929890E+00 a      1816     0    61     1    16
  2.6162754278509208E+00 a      1817     0    61     1    17
 -4.9442290417648280E+00 a      1818     0    61     1    18
  5.7230822334714055E+00 a      1819     0    61     1    19
  1.9375020884089784E+00 a      1820     0    61     1    20
  1.0302305994452489E+01 a      1821     0    61     1    21
 -3.5486942857608939E+00 a      1822     0    61     1    22
 -5.5587445072104495E+00 a      1823     0    61     1    23
  3.9282682457911995E+00 a      1824     0    61     1    24
  2.6574104455984524E+00 a      1825     0    61     1    25
 -1.9697937415855995E+00 a      1826     0    61     1    26
  4.9070434588467560E+00 a      1827     0    61     1    27
 -8.1595965974011477E+00 a      1828     0    61     1    28
 -6.4021818328728761E+00 a      1829     0    61     1    29
  1.0325471305560834E+01 a      1830     0    61     1    30
 -4.1423673342620519E+00 a      1831     0    62     1     1
 -1.3195918290194395E+00 a      1832     0    62     1     2
 -1.3327768743859760E+00 a      1833     0    62     1     3
 -1.0326685800707556E+00 a      1834     0    62     1     4
  5.0384447454821712E+00 a      1835     0    62     1     5
  6.5633746874783394E-01 a      1836     0    62     1     6
  5.3709690401756549E-01 a      1837     0    62     1     7
  8.9551410672303859E+00 a      1838     0    62     1     8
  6.6248022595772253E+00 a      1839     0    62     1     9
  7.5667622657900324E+00 a      1840     0    62     1    10
 -3.6463169609282992E-01 a      1841     0    62     1    11
 -2.2309490498090023E-01 a      1842     0    62     1    12
  2.2222809599669704E+00 a      1843     0    62     1    13
 -1.3135054992924125E+01 a      1844     0    62     1    14
 -2.0729005300732766E+00 a      1845     0    62     1    15
 -9.7180205479978206E+00 a      1846     0    62     1    16
 -1.1276979177142612E+01 a      1847     0    62     1    17
 -5.5019249967625017E-01 a      1848     0    62     1    18
 -3.3903759743853055E+00 a      1849     0    62     1    19
 -1.2652139672365315E+00 a      1850     0    62     1    20
 -8.6656265084500657E+00 a      1851     0    62     1    21
  5.6495929640234914E+00 a      1852     0    62     1    22
  7.5931601740894472E-01 a      1853     0    62     1    23
 -1.1798280752608065E+01 a      1854     0    62     1    24
  6.8550876319482024E+00 a      1855     0    62     1    25
  6.4497257218915385E+00 a      1856     0    62     1    26
 -4.8377320629727594E+00 a      1857     0    62     1    27
  5.9529823078808715E+00 a      1858     0    62     1    28
  1.1665743440162656E+01 a      1859     0    62     1    29
 -9.3784678882628079E+00 a      1860     0    62     1    30
 -5.5156562580194120E+00 a      1861     0    63     1     1
  4.9943322999387556E+00 a      1862     0    63     1     2
  1.6850001778364476E-01 a      1863     0    63     1     3
 -2.4593594556086464E+00 a      1864     0    63     1     4
  1.1076455775938454E+01 a      1865     0    63     1     5
  1.3634434874081176E+00 a      1866     0    63     1     6
  1.0838454158414226E+00 a      1867     0    63     1     7
 -4.0930336241574921E+00 a      1868     0    63     1     8
  1.2428202844405837E+01 a      1869     0    63     1     9
 -6.3261461766376907E+00 a      1870     0    63     1    10
  3.0326353229100764E+00 a      1871     0    63     1    11
  7.4243906780564561E+00 a      1872     0    63     1    12
 -7.3920111721348358E-01 a      1873     0    63     1    13
 -3.7219724506814655E-02 a      1874     0    63     1    14
  8.0041391297154796E+00 a      1875     0    63     1    15
 -1.8622521352751917E+00 a      1876     0    63     1    16
 -1.4648303146698409E+00 a      1877     0    63     1    17
  1.0518625831800476E+01 a      1878     0    63     1    18
  8.1446991206027679E+00 a      1879     0    63     1    19
  2.3716588791090416E+00 a      1880     0    63     1    20
 -2.5823039732116553E+00 a      1881     0    63     1    21
  1.2823091750756910E+00 a      1882     0    63     1    22
 -3.3343942977211922E+00 a      1883     0    63     1    23
 -1.4106839887207002E+01 a      1884     0    63     1    24
 -1.2029642208483100E+00 a      1885     0    63     1    25
 -1.0434609733439618E+01 a      1886     0    63     1    26
  2.2660543313985890E+00 a      1887     0    63     1    27
 -3.0451330553144857E+00 a      1888     0    63     1    28
 -1.9311089569937090E+00 a      1889     0    63     1    29
 -7.1490570223631584E+00 a      1890     0    63     1    30
  5.6011446151671871E+00 a      1891     0    64     1     1
 -2.7440151736547636E+00 a      1892     0    64     1     2
 -2.4300063212841181E+00 a      1893     0    64     1     3
  3.7817664311063419E+00 a      1894     0    64     1     4
 -6.2147809993973917E+00 a      1895     0    64     1     5
 -1.8813394589241078E-01 a      1896     0    64     1     6
  8.6333774484829207E-01 a      1897     0    64     1     7
  1.0696344335349754E+00 a      1898     0    64     1     8
 -2.6270893114267357E+00 a      1899     0    64     1     9
  5.6953769686057720E-01 a      1900     0    64     1    10
 -4.9918215294369039E+00 a      1901     0    64     1    11
 -6.1645361033111179E+00 a      1902     0    64     1    12
  9.5167074878348412E+00 a      1903     0    64     1    13
  9.3519872423779695E+00 a      1904     0    64     1    14
  2.2368962254150735E+00 a      1905     0    64     1    15
  1.3823241416793062E+00 a      1906     0    64     1    16
  3.8535861330389496E+00 a      1907     0    64     1    17
 -5.9590535998783229E+00 a      1908     0    64     1    18
  4.4832314958892333E-01 a      1909     0    64     1    19
  4.5283799131138724E-01 a      1910     0    64     1    20
  9.3034060769877716E+00 a      1911     0    64     1    21
 -4.5574588497273885E+00 a      1912     0    64     1    22
  1.8089180287089619E+00 a      1913     0    64     1    23
 -6.2984036909271035E+00 a      1914     0    64     1    24
 -6.3891479607803392E+00 a      1915     0    64     1    25
  8.2450835102946962E-01 a      1916     0    64     1    26
  4.0895776715043493E+00 a      1917     0    64     1    27
  2.6511001980619424E+00 a      1918     0    64     1    28
  3.9058654831402544E+00 a      1919     0    64     1    29
  4.4839873014595216E-01 a      1920     0    64     1    30
 -2.5910081765796140E+00 b      1921     1     1
  1.2206741535918448E+00 b      1922     1     2
 -4.9284743029189082E-01 b      1923     1     3
 -5.4817662687104840E-01 b      1924     1     4
  2.1832004983955514E-01 b      1925     1     5
  1.6939760499267640E+00 b      1926     1     6
 -4.7897644690113150E-02 b      1927     1     7
 -3.2117679816901608E+00 b      1928     1     8
 -2.5683568565465320E+00 b      1929     1     9
 -5.7245394452826714E-01 b      1930     1    10
 -2.5819598259393223E-01 b      1931     1    11
  3.8563636946730534E-01 b      1932     1    12
 -3.2110574840918136E+00 b      1933     1    13
 -1.7305347604488532E+00 b      1934     1    14
 -1.4941444842216084E-01 b      1935     1    15
  1.0714364876958876E-01 b      1936     1    16
 -1.2271509097652605E-01 b      1937     1    17
 -1.7313362280697353E-01 b      1938     1    18
 -3.6928329494689355E-01 b      1939     1    19
 -1.1502301196402624E+00 b      1940     1    20
 -3.1682548650199758E+00 b      1941     1    21
  8.8017200909174953E-01 b      1942     1    22
 -1.4314781897479684E-01 b      1943     1    23
 -1.5072335185710400E-01 b      1944     1    24
  6.3473026213430539E-01 b      1945     1    25
 -4.5876138331732924E-01 b      1946     1    26
 -1.5813104871742016E+00 b      1947     1    27
 -1.5613212884740137E+00 b      1948     1    28
 -1.7197750723664333E+00 b      1949     1    29
 -1.9330320638314062E+00 b      1950     1    30
 -2.7509156986876482E+00 a      1951     1     1     2     1
  1.6147376363537504E+00 a      1952     1     1     2     2
 -1.6882045872467406E+00 a      1953     1     1     2     3
  1.3768290826025134E+00 a      1954     1     1     2     4
  1.7351353814306074E+00 a      1955     1     1     2     5
  1.6952095166541030E+00 a      1956     1     1     2     6
 -6.5317701310117560E-01 a      1957     1     1     2     7
  4.0976271967013744E+00 a      1958     1     1     2     8
 -1.3109023792614145E-02 a      1959     1     1     2     9
 -3.6452459002191823E-01 a      1960     1     1     2    10
  6.8019317061047038E-02 a      1961     1     1     2    11
  1.1894764282300212E+00 a      1962     1     1     2    12
 -6.6499948233825945E-01 a      1963     1     1     2    13
 -1.0001293927780266E+00 a      1964     1     1     2    14
  2.2635823561985373E+00 a      1965     1     1     2    15
 -7.7736868028386596E-01 a      1966     1     1     2    16
  2.3477552741017922E+00 a      1967     1     1     2    17
  2.7116713263708823E+00 a      1968     1     1     2    18
 -1.2703297321452194E+00 a      1969     1     1     2    19
  2.1870011184635149E-01 a      1970     1     1     2    20
  3.2828198969213380E+00 a      1971     1     1     2    21
 -1.7622241913733086E-01 a      1972     1     1     2    22
  6.4182841091447894E-03 a      1973     1     1     2    23
 -4.0141568044667630E-01 a      1974     1     1     2    24
  1.3559816412837280E+00 a      1975     1     1     2    25
 -8.2759442742387357E-01 a      1976     1     1     2    26
  6.6181525368804506E-02 a      1977     1     1     2    27
  2.3412917576269068E-01 a      1978     1     1     2    28
  1.5163812706984039E+00 a      1979     1     1     2    29
 -1.1699821502075629E+00 a      1980     1     1     2    30
  1.8224593558559010E+00 a      1981     1     2     2     1
 -8.1309140548587622E-01 a      1982     1     2     2     2
  1.6853710589624233E+00 a      1983     1     2     2     3
 -1.1934220921671637E+00 a      1984     1     2     2     4
  7.4351162125570233E-02 a      1985     1     2     2     5
  3.8657223208640351E-01 a      1986     1     2     2     6
 -8.5936817925998565E-01 a      1987     1     2     2     7
  1.5258180332562328E+00 a      1988     1     2     2     8
 -6.3045968627615367E-01 a      1989     1     2     2     9
  1.0256794360775388E-01 a      1990     1     2     2    10
  4.3045128878992167E-01 a      1991     1     2     2    11
  2.5078618533911490E+00 a      1992     1     2     2    12
 -1.3042255776467460E+00 a      1993     1     2     2    13
  9.3437406065368031E-02 a      1994     1     2     2    14
  4.9746616025643525E-01 a      1995     1     2     2    15
 -1.1201331249860882E+00 a      1996     1     2     2    16
  7.4559731306665411E-01 a      1997     1     2     2    17
 -2.0058364964446596E+00 a      1998     1     2     2    18
 -5.4029683039063603E-01 a      1999     1     2     2    19
  3.6015416562004049E-01 a      2000     1     2     2    20
  6.3118211188995865E-01 a      2001     1     2     2    21
 -7.4410971213911548E-01 a      2002     1     2     2    22
  7.3930321678399025E-01 a      2003     1     2     2    23
  2.7178632604146230E-01 a      2004     1     2     2    24
  6.6228456078687048E-01 a      2005     1     2     2    25
  6.3975078162629706E-02 a      2006     1     2     2    26
  2.4187806320352317E-01 a      2007     1     2     2    27
  2.5717332836425495E+00 a      2008     1     2     2    28
  6.6458686208144746E-01 a      2009     1     2     2    29
  1.4741045138591302E-01 a      2010     1     2     2    30
 -1.4833069426847787E+00 a      2011     1     3     2     1
 -3.8720673517369691E-01 a      2012     1     3     2     2
  1.9721220534886088E+00 a      2013     1     3     2     3
 -2.6491550593064161E-01 a      2014     1     3     2     4
 -4.9928062534819478E-01 a      2015     1     3     2     5
  3.8935331003786322E+00 a      2016     1     3     2     6
  4.4021297036000739E-01 a      2017     1     3     2     7
 -1.4911261197218659E+00 a      2018     1     3     2     8
  8.7152049708772672E-01 a      2019     1     3     2     9
  2.4946010410808483E+00 a      2020     1     3     2    10
  1.4321359480307920E+00 a      2021     1     3     2    11
  2.6939966049814246E-01 a      2022     1     3     2    12
  2.1185132244249291E-01 a      2023     1     3     2    13
 -2.9918479289005900E-01 a      2024     1     3     2    14
 -4.8613874744774815E-01 a      2025     1     3     2    15
  6.9505298903913482E-01 a      2026     1     3     2    16
 -5.6747906492959499E-01 a      2027     1     3     2    17
 -1.9802897680164346E+00 a      2028     1     3     2    18
 -4.1887041222773436E-01 a      2029     1     3     2    19
  2.9407928697079049E+00 a      2030     1     3     2    20
 -1.3785713733612228E+00 a      2031     1     3     2    21
  4.0867592970549127E-01 a      2032     1     3     2    22
  1.0977281316919760E+00 a      2033     1     3     2    23
  2.0836625697223985E+00 a      2034     1     3     2    24
 -3.4086396785075057E-01 a      2035     1     3     2    25
  4.0270699525627618E-02 a      2036     1     3     2    26
 -1.8843906546151423E+00 a      2037     1     3     2    27
 -5.9607122399334311E-01 a      2038     1     3     2    28
 -3.9161892417678817E-01 a      2039     1     3     2    29
 -6.3852622845000795E-01 a      2040     1     3     2    30
 -2.3441288485676650E+00 a      2041     1     4     2     1
  1.2136869738111260E+00 a      2042     1     4     2     2
  1.3290676309762783E-01 a      2043     1     4     2     3
  1.4860827944918065E+00 a      2044     1     4     2     4
  3.3103214177520068E-01 a      2045     1     4     2     5
  6.3992147520548992E-01 a      2046     1     4     2     6
  4.6200199920300794E-01 a      2047     1     4     2     7
 -2.9074413042066123E+00 a      2048     1     4     2     8
 -2.6487599445677301E-01 a      2049     1     4     2     9
  4.1651383149728038E-01 a      2050     1     4     2    10
  2.5494829734128150E+00 a      2051     1     4     2    11
  1.1314567884705662E+00 a      2052     1     4     2    12
 -1.4390147227153209E+00 a      2053     1     4     2    13
  3.3628001865037516E-01 a      2054     1     4     2    14
  4.0416655938285079E-01 a      2055     1     4     2    15
 -8.4004820934735125E-01 a      2056     1     4     2    16
 -1.8713908943012447E+00 a      2057     1     4     2    17
 -2.0605644428212559E+00 a      2058     1     4     2    18
 -2.6386784774671745E-01 a      2059     1     4     2    19
  1.1669147736321106E+00 a      2060     1     4     2    20
  1.2592898369355210E+00 a      2061     1     4     2    21
  1.9441136110619037E+00 a      2062     1     4     2    22
  4.5450761805397327E-01 a      2063     1     4     2    23
 -3.2801144651782499E-01 a      2064     1     4     2    24
 -4.0213406421184639E-01 a      2065     1     4     2    25
  6.7025751423961839E-03 a      2066     1     4     2    26
 -3.0961845013672551E-01 a      2067     1     4     2    27
 -1.1258137274701475E-01 a      2068     1     4     2    28
 -1.3778563412458920E+00 a      2069     1     4     2    29
  8.5948405733084121E-01 a      2070     1     4     2    30
 -2.8103985214471052E+00 a      2071     1     5     2     1
 -2.4047369748345096E-01 a      2072     1     5     2     2
 -1.2626256392333750E+00 a      2073     1     5     2     3
  5.8997239169698856E-01 a      2074     1     5     2     4
 -4.4918501323183629E-01 a      2075     1     5     2     5
 -1.3375995460575656E+00 a      2076     1     5     2     6
 -2.1248043071047507E+00 a      2077     1     5     2     7
  7.7782504452201517E-01 a      2078     1     5     2     8
  2.7209159584044407E-01 a      2079     1     5     2     9
 -8.4714239873216390E-01 a      2080     1     5     2    10
  3.3330319903426181E-01 a      2081     1     5     2    11
 -1.0886404233583580E+00 a      2082     1     5     2    12
 -6.7770054614797615E-01 a      2083     1     5     2    13
 -9.4704543466363422E-01 a      2084     1     5     2    14
 -1.8314807231991901E+00 a      2085     1     5     2    15
 -2.4068769913037003E-01 a      2086     1     5     2    16
 -4.1913205290203143E-01 a      2087     1     5     2    17
 -3.5511074942883875E-01 a      2088     1     5     2    18
  2.2121782499124207E-02 a      2089     1     5     2    19
 -9.1503314421287840E-01 a      2090     1     5     2    20
 -2.7049205927418224E-01 a      2091     1     5     2    21
 -1.7269791474771434E+00 a      2092     1     5     2    22
  1.1711703659936870E+00 a      2093     1     5     2    23
 -1.8105151591498120E-01 a      2094     1     5     2    24
 -4.2649749070639764E-01 a      2095     1     5     2    25
  3.1319050583606528E-01 a      2096     1     5     2    26
  1.1379897353093389E+00 a      2097     1     5     2    27
 -8.2558708474369347E-01 a      2098     1     5     2    28
 -1.4845690967686134E+00 a      2099     1     5     2    29
  1.2118052402020154E+00 a      2100     1     5     2    30
 -2.9457087029319012E-02 a      2101     1     6     2     1
  5.6899320756199245E-01 a      2102     1     6     2     2
 -9.6004980558820407E-01 a      2103     1     6     2     3
 -3.1881006898711411E-01 a      2104     1     6     2     4
  3.2299480922683033E-01 a      2105     1     6     2     5
  6.4154165977573108E-01 a      2106     1     6     2     6
  8.9533407291241807E-01 a      2107     1     6     2     7
  4.9276055380473982E-01 a      2108     1     6     2     8
 -1.5923357215991640E+00 a      2109     1     6     2     9
 -2.4308206476327605E+00 a      2110     1     6     2    10
  1.1030962179352086E+00 a      2111     1     6     2    11
 -8.1594333003804531E-01 a      2112     1     6     2    12
 -4.2351989223077230E-01 a      2113     1     6     2    13
  4.7026782908331966E-01 a      2114     1     6     2    14
  3.4246598768950205E-02 a      2115     1     6     2    15
 -5.1300258228824680E-01 a      2116     1     6     2    16
  2.5340419939879827E-01 a      2117     1     6     2    17
 -4.1214898154472251E-01 a      2118     1     6     2    18
 -6.0614580179825495E-01 a      2119     1     6     2    19
 -1.3801986769432002E+00 a      2120     1     6     2    20
 -2.1508638163223535E+00 a      2121     1     6     2    21
 -1.0937639274470170E+00 a      2122     1     6     2    22
 -5.8012736681722399E-01 a      2123     1     6     2    23
  1.4590656547113290E-01 a      2124     1     6     2    24
  1.1237869187408278E+00 a      2125     1     6     2    25
 -1.2349343539947416E-01 a      2126     1     6     2    26
 -5.0820164751370256E-01 a      2127     1     6     2    27
  4.0430503204634077E-01 a      2128     1     6     2    28
  2.1875549339048828E-01 a      2129     1     6     2    29
 -2.6518141030976278E-01 a      2130     1     6     2    30
 -3.2524550177242437E+00 a      2131     1     7     2     1
  3.4169649194021201E-01 a      2132     1     7     2     2
 -1.5642847087101259E+00 a      2133     1     7     2     3
  2.5979204070677264E+00 a      2134     1     7     2     4
 -8.4263470817919073E-01 a      2135     1     7     2     5
  9.9716054604626680E-01 a      2136     1     7     2     6
  2.0832332062198761E-01 a      2137     1     7     2     7
 -5.6806704415260889E-01 a      2138     1     7     2     8
 -1.4779014004726736E+00 a      2139     1     7     2     9
 -2.0085673405605413E+00 a      2140     1     7     2    10
  8.0911300909459005E-01 a      2141     1     7     2    11
 -7.4984481677527925E-01 a      2142     1     7     2    12
  6.1770840253897763E-01 a      2143     1     7     2    13
 -8.2674678853264538E-01 a      2144     1     7     2    14
  2.1969959482808603E+00 a      2145     1     7     2    15
  3.9920181133853400E-01 a      2146     1     7     2    16
  1.1918614005450547E+00 a      2147     1     7     2    17
  1.3180379811781597E+00 a      2148     1     7     2    18
 -3.5902099357488537E-01 a      2149     1     7     2    19
 -1.6095195792583388E+00 a      2150     1     7     2    20
 -1.0300490946191834E+00 a      2151     1     7     2    21
  5.8179211337681236E-01 a      2152     1     7     2    22
  1.5983537378683932E+00 a      2153     1     7     2    23
  7.8936083412012226E-01 a      2154     1     7     2    24
 -1.2848479721370143E+00 a      2155     1     7     2    25
  6.2205688353877675E-01 a      2156     1     7     2    26
 -1.1493339030917094E+00 a      2157     1     7     2    27
 -6.0427869402527157E-01 a      2158     1     7     2    28
 -8.7798293150809253E-02 a      2159     1     7     2    29
 -7.9426190764743998E-01 a      2160     1     7     2    30
 -9.4651535244095197E-02 a      2161     1     8     2     1
 -8.5150591037303391E-01 a      2162     1     8     2     2
  1.1814846819346700E+00 a      2163     1     8     2     3
 -4.5405715771437499E-01 a      2164     1     8     2     4
  8.2031153193520545E-01 a      2165     1     8     2     5
  1.0308677619514226E+00 a      2166     1     8     2     6
  8.9746041992269085E-02 a      2167     1     8     2     7
 -8.0955904798652423E-01 a      2168     1     8     2     8
 -2.5929656890533510E-02 a      2169     1     8     2     9
 -7.4176671197467869E-01 a      2170     1     8     2    10
 -5.6869202082986181E-01 a      2171     1     8     2    11
 -2.4109755234002246E+00 a      2172     1     8     2    12
 -5.7236761127725144E-01 a      2173     1     8     2    13
 -7.7716311922213077E-01 a      2174     1     8     2    14
  2.5221056767201389E+00 a      2175     1     8     2    15
  1.9152198852576330E-01 a      2176     1     8     2    16
  1.8544878136586870E-01 a      2177     1     8     2    17
  1.1430518021795084E+00 a      2178     1     8     2    18
  2.3966201573363891E-01 a      2179     1     8     2    19
  2.0042023225426355E+00 a      2180     1     8     2    20
 -2.1880452579634291E+00 a      2181     1     8     2    21
 -5.7097389568104506E-01 a      2182     1     8     2    22
  3.1289916466243139E-01 a      2183     1     8     2    23
  1.2115876302754627E+00 a      2184     1     8     2    24
 -2.9236958508925737E-01 a      2185     1     8     2    25
 -9.8522711800937612E-01 a      2186     1     8     2    26
  2.5606950219250515E+00 a      2187     1     8     2    27
  1.3945370554102893E-01 a      2188     1     8     2    28
  1.6238335987516508E+00 a      2189     1     8     2    29
 -1.7515993540285395E+00 a      2190     1     8     2    30
  6.7260170755726711E-01 a      2191     1     9     2     1
  4.8736118505277526E-01 a      2192     1     9     2     2
  1.4591104575861986E+00 a      2193     1     9     2     3
  9.1683422417149729E-01 a      2194     1     9     2     4
  2.6333286228856171E-02 a      2195     1     9     2     5
 -5.5596451127800672E-01 a      2196     1     9     2     6
  1.2472073698450674E+00 a      2197     1     9     2     7
  4.1172919616975515E-02 a      2198     1     9     2     8
  9.6498566524374274E-01 a      2199     1     9     2     9
 -9.9035474037340121E-01 a      2200     1     9     2    10
 -1.2119526576976032E+00 a      2201     1     9     2    11
 -3.0666966298295373E-01 a      2202     1     9     2    12
 -2.0340793625517814E-01 a      2203     1     9     2    13
 -1.0563854126233199E+00 a      2204     1     9     2    14
 -1.1240474169881468E-01 a      2205     1     9     2    15
 -2.4993734421729680E-01 a      2206     1     9     2    16
  5.5908612589192419E-01 a      2207     1     9     2    17
  1.3254419012915997E+00 a      2208     1     9     2    18
 -1.5905066996598884E+00 a      2209     1     9     2    19
 -9.6290857711017841E-01 a      2210     1     9     2    20
  6.1718801561462655E-01 a      2211     1     9     2    21
  1.5599292656882044E+00 a      2212     1     9     2    22
  1.3007586886604563E+00 a      2213     1     9     2    23
 -1.1986011307011801E+00 a      2214     1     9     2    24
 -2.3869155157292068E-01 a      2215     1     9     2    25
 -4.4271636821801165E-02 a      2216     1     9     2    26
  1.1959714634046006E+00 a      2217     1     9     2    27
  2.8339161949678232E-01 a      2218     1     9     2    28
 -1.3148744621080097E+00 a      2219     1     9     2    29
 -1.5360114360904253E+00 a      2220     1     9     2    30
 -1.6932191556680792E-01 a      2221     1    10     2     1
  9.6076959695978970E-01 a      2222     1    10     2     2
  8.5805957070052075E-01 a      2223     1    10     2     3
  5.5767178251407834E-01 a      2224     1    10     2     4
 -6.3161730212928591E-01 a      2225     1    10     2     5
  5.0820581734518178E-01 a      2226     1    10     2     6
  1.6628955598958950E+00 a      2227     1    10     2     7
  1.9044384337730502E+00 a      2228     1    10     2     8
 -5.6113390577619715E-01 a      2229     1    10     2     9
  6.8258920897671305E-01 a      2230     1    10     2    10
 -1.6935597593220604E+00 a      2231     1    10     2    11
  2.9152097479082966E+00 a      2232     1    10     2    12
  1.1859806699070363E+00 a      2233     1    10     2    13
 -1.2998641091187566E+00 a      2234     1    10     2    14
 -6.6871308728663936E-01 a      2235     1    10     2    15
  1.3533022991715710E-01 a      2236     1    10     2    16
  1.7569551989135137E+00 a      2237     1    10     2    17
  2.3382684810635496E-01 a      2238     1    10     2    18
 -9.7466018307112334E-01 a      2239     1    10     2    19
  8.5354533837114788E-01 a      2240     1    10     2    20
 -1.1817744368560497E-01 a      2241     1    10     2    21
  2.2702117411642408E+00 a      2242     1    10     2    22
  1.8801111127882988E-01 a      2243     1    10     2    23
 -2.7839738194999839E+00 a      2244     1    10     2    24
 -7.4262635773031035E-02 a      2245     1    10     2    25
  8.2622646491633289E-01 a      2246     1    10     2    26
 -2.4833971223621618E+00 a      2247     1    10     2    27
  2.7197092224680097E-01 a      2248     1    10     2    28
 -4.0887273795375934E-01 a      2249     1    10     2    29
  6.9377142722077845E-01 a      2250     1    10     2    30
  9.8464732582605641E-01 a      2251     1    11     2     1
  3.8761535656294921E-01 a      2252     1    11     2     2
  2.7084756200626408E+00 a      2253     1    11     2     3
 -1.2455205723499869E+00 a      2254     1    11     2     4
 -1.0100799351960263E+00 a      2255     1    11     2     5
 -2.9076029501170262E+00 a      2256     1    11     2     6
 -1.4011378753970616E-01 a      2257     1    11     2     7
 -1.0952540892042468E+00 a      2258     1    11     2     8
  6.5830845559198437E-01 a      2259     1    11     2     9
 -1.4238965248986211E+00 a      2260     1    11     2    10
 -1.1710208143225336E+00 a      2261     1    11     2    11
 -1.3101856008790291E-01 a      2262     1    11     2    12
  2.2055163245256973E-01 a      2263     1    11     2    13
  6.7213436266383464E-01 a      2264     1    11     2    14
 -9.7788517785842366E-01 a      2265     1    11     2    15
 -1.6452369609584729E+00 a      2266     1    11     2    16
  1.2739714310390210E-01 a      2267     1    11     2    17
  4.9124898698290520E-01 a      2268     1    11     2    18
 -7.4361115918248100E-01 a      2269     1    11     2    19
 -6.1114292358149980E-01 a      2270     1    11     2    20
 -7.4758919453519734E-01 a      2271     1    11     2    21
 -5.5229129307539815E-01 a      2272     1    11     2    22
  1.0289701338635329E+00 a      2273     1    11     2    23
  4.3233731855798935E-01 a      2274     1    11     2    24
  1.7874893155092195E-01 a      2275     1    11     2    25
 -3.5505921972513727E-01 a      2276     1    11     2    26
 -1.6662637873971768E+00 a      2277     1    11     2    27
 -1.1791648672754345E+00 a      2278     1    11     2    28
 -1.6567530306234100E+00 a      2279     1    11     2    29
 -1.5385072884394074E-01 a      2280     1    11     2    30
  1.8178063413934326E-02 a      2281     1    12     2     1
 -6.0333200814637444E-01 a      2282     1    12     2     2
  1.6245131195532854E+00 a      2283     1    12     2     3
 -5.5171431598730247E-01 a      2284     1    12     2     4
 -3.5380775226200112E-01 a      2285     1    12     2     5
 -1.8666352737630478E+00 a      2286     1    12     2     6
  8.2451583086638991E-01 a      2287     1    12     2     7
 -2.2136828439989942E+00 a      2288     1    12     2     8
 -4.1245128380458596E-01 a      2289     1    12     2     9
  6.3544604916522507E-01 a      2290     1    12     2    10
 -3.0333883724584512E+00 a      2291     1    12     2    11
 -9.6276324159036586E-01 a      2292     1    12     2    12
 -1.2517084202357018E-02 a      2293     1    12     2    13
 -8.3201968942163185E-01 a      2294     1    12     2    14
 -2.3672975505262324E+00 a      2295     1    12     2    15
 -2.9031867114057153E-01 a      2296     1    12     2    16
 -8.0283947349074714E-01 a      2297     1    12     2    17
  4.6033071598461911E-01 a      2298     1    12     2    18
 -2.6776569951093648E-01 a      2299     1    12     2    19
  2.8137230323207141E-01 a      2300     1    12     2    20
 -1.1467439918151193E-01 a      2301     1    12     2    21
 -2.2052691553593613E+00 a      2302     1    12     2    22
 -4.5784335891196454E-01 a      2303     1    12     2    23
  7.1192785533434200E-01 a      2304     1    12     2    24
  9.7971058496393260E-02 a      2305     1    12     2    25
 -7.8739644124935249E-01 a      2306     1    12     2    26
 -1.3716631753398321E+00 a      2307     1    12     2    27
  5.4422827464172019E-01 a      2308     1    12     2    28
  5.9531911771309032E-01 a      2309     1    12     2    29
 -1.0547474310394953E+00 a      2310     1    12     2    30
  2.4446277019322968E+00 a      2311     1    13     2     1
  8.6008056433785363E-01 a      2312     1    13     2     2
 -2.0323776550338506E+00 a      2313     1    13     2     3
 -2.1263091600082218E-01 a      2314     1    13     2     4
  1.6442246931960787E+00 a      2315     1    13     2     5
  4.3025440907678014E-01 a      2316     1    13     2     6
 -7.3412116513862913E-01 a      2317     1    13     2     7
 -5.7412968763540584E-01 a      2318     1    13     2     8
 -3.0893984121474088E-01 a      2319     1    13     2     9
  1.0942259087572519E+00 a      2320     1    13     2    10
 -2.4663420782772083E+00 a      2321     1    13     2    11
 -6.3161075909598619E-01 a      2322     1    13     2    12
 -4.1985354725896451E-01 a      2323     1    13     2    13
 -1.9559326768845371E+00 a      2324     1    13     2    14
 -9.6045783517551830E-01 a      2325     1    13     2    15
  4.9262079122038116E-01 a      2326     1    13     2    16
  8.0975550559449827E-01 a      2327     1    13     2    17
 -2.8495103394303580E+00 a      2328     1    13     2    18
 -3.3997412712900266E-01 a      2329     1    13     2    19
 -2.1337904416650493E+00 a      2330     1    13     2    20
  1.3999948660766828E+00 a      2331     1    13     2    21
 -3.9713683148859125E-01 a      2332     1    13     2    22
 -8.6827542743197372E-01 a      2333     1    13     2    23
  1.7526939260244854E+00 a      2334     1    13     2    24
  1.3549079406862838E+00 a      2335     1    13     2    25
  1.2606184920962265E+00 a      2336     1    13     2    26
  3.2045523474544919E+00 a      2337     1    13     2    27
 -9.7913650354439941E-01 a      2338     1    13     2    28
  8.6584834251366949E-01 a      2339     1    13     2    29
  1.2345405365573379E+00 a      2340     1    13     2    30
 -2.5506818448240312E+00 a      2341     1    14     2     1
  9.2359473982031726E-01 a      2342     1    14     2     2
 -1.2754967874099026E+00 a      2343     1    14     2     3
  5.0353026192988304E-01 a      2344     1    14     2     4
 -1.2377651546290709E+00 a      2345     1    14     2     5
  3.4548212156211111E-01 a      2346     1    14     2     6
  4.2900042926705451E-01 a      2347     1    14     2     7
 -1.9159439237383555E+00 a      2348     1    14     2     8
 -1.7861914236264256E+00 a      2349     1    14     2     9
  3.3293009438665844E-01 a      2350     1    14     2    10
 -1.8754207030031074E+00 a      2351     1    14     2    11
  7.0837462013481345E-01 a      2352     1    14     2    12
  6.2726963144994330E-01 a      2353     1    14     2    13
  1.1423904308837729E+00 a      2354     1    14     2    14
  3.4661554966048536E-01 a      2355     1    14     2    15
 -8.2081515918124970E-01 a      2356     1    14     2    16
  1.3529009551733246E+00 a      2357     1    14     2    17
 -4.4996749740712016E-01 a      2358     1    14     2    18
 -1.5036731140857007E-01 a      2359     1    14     2    19
  6.8386205937593481E-01 a      2360     1    14     2    20
  1.9881164948481105E+00 a      2361     1    14     2    21
  2.1608901377928669E-01 a      2362     1    14     2    22
 -2.3117084084160236E-01 a      2363     1    14     2    23
 -1.9411725827746071E+00 a      2364     1    14     2    24
  2.4190002857980528E-01 a      2365     1    14     2    25
 -9.6501582421237553E-01 a      2366     1    14     2    26
 -1.4799897487623983E+00 a      2367     1    14     2    27
  1.1497557776982786E-01 a      2368     1    14     2    28
  6.2236480251555371E-01 a      2369     1    14     2    29
  1.3733608450908021E+00 a      2370     1    14     2    30
  3.3087970421496710E-01 a      2371     1    15     2     1
 -4.1449804532673618E-01 a      2372     1    15     2     2
  9.0825945769956817E-01 a      2373     1    15     2     3
 -2.6117903735428932E-01 a      2374     1    15     2     4
  1.6967002561584965E+00 a      2375     1    15     2     5
 -1.8506735379692620E+00 a      2376     1    15     2     6
 -9.4061747265369344E-01 a      2377     1    15     2     7
  1.3111527553340949E-01 a      2378     1    15     2     8
 -8.2673495763637395E-01 a      2379     1    15     2     9
 -2.6266780161167080E+00 a      2380     1    15     2    10
 -1.0964955136062964E+00 a      2381     1    15     2    11
  1.8138457661792035E-02 a      2382     1    15     2    12
 -1.2417770806479725E-01 a      2383     1    15     2    13
  4.2667285665374066E-01 a      2384     1    15     2    14
  1.8347300849753254E+00 a      2385     1    15     2    15
 -1.6112876887862635E+00 a      2386     1    15     2    16
 -3.7220998014402223E-01 a      2387     1    15     2    17
 -2.7468761274838158E+00 a      2388     1    15     2    18
 -1.0935768951039091E+00 a      2389     1    15     2    19
  1.1651368525273382E+00 a      2390     1    15     2    20
  1.0977969221112966E+00 a      2391     1    15     2    21
  7.2980356518494482E-01 a      2392     1    15     2    22
 -9.1177389244741880E-01 a      2393     1    15     2    23
 -1.5513346219904420E+00 a      2394     1    15     2    24
  1.7014115537978924E+00 a      2395     1    15     2    25
 -3.8714001088258199E-01 a      2396     1    15     2    26
 -1.3090960517445083E+00 a      2397     1    15     2    27
  1.3609168001164632E-01 a      2398     1    15     2    28
 -5.2690402957232740E-01 a      2399     1    15     2    29
  1.9363987515073958E-01 a      2400     1    15     2    30
 -7.6265541986015761E-01 a      2401     1    16     2     1
 -1.1191892892684390E+00 a      2402     1    16     2     2
 -7.3388350381287626E-01 a      2403     1    16     2     3
  6.8024959070821789E-02 a      2404     1    16     2     4
  4.2371344499122249E-01 a      2405     1    16     2     5
 -5.3594915157091494E-01 a      2406     1    16     2     6
 -2.4765377498055943E-01 a      2407     1    16     2     7
  9.6649078341318329E-01 a      2408     1    16     2     8
  1.0481029772503252E-01 a      2409     1    16     2     9
 -1.3472012791340335E+00 a      2410     1    16     2    10
 -5.2670053100826020E-01 a      2411     1    16     2    11
 -1.8631966860081852E+00 a      2412     1    16     2    12
  1.5175204387125667E+00 a      2413     1    16     2    13
 -1.4299747723713232E+00 a      2414     1    16     2    14
 -2.3389372838087885E-01 a      2415     1    16     2    15
 -2.0522363887392832E+00 a      2416     1    16     2    16
  6.0795414758469080E-01 a      2417     1    16     2    17
 -7.6595428611612448E-01 a      2418     1    16     2    18
  1.9582016887998366E+00 a      2419     1    16     2    19
 -3.9492104551842999E-01 a      2420     1    16     2    20
  1.4213791916412326E+00 a      2421     1    16     2    21
 -2.4747368083646948E-01 a      2422     1    16     2    22
  5.3568866710589053E-02 a      2423     1    16     2    23
  5.5881388792814179E-02 a      2424     1    16     2    24
 -1.2010428989109228E+00 a      2425     1    16     2    25
  1.9862304041760148E-01 a      2426     1    16     2    26
 -2.1095182263952919E-01 a      2427     1    16     2    27
 -4.1100935376139874E-01 a      2428     1    16     2    28
 -2.2843605761328187E+00 a      2429     1    16     2    29
  2.9987982512154221E-01 a      2430     1    16     2    30
  4.7215972869863299E-01 a      2431     1    17     2     1
 -3.8555758461825113E-01 a      2432     1    17     2     2
 -1.1344826317350207E+00 a      2433     1    17     2     3
 -7.1117139840462895E-01 a      2434     1    17     2     4
 -8.5170301369306298E-02 a      2435     1    17     2     5
  7.3927790087057688E-01 a      2436     1    17     2     6
 -5.5428838192669083E-01 a      2437     1    17     2     7
 -5.4539966852013511E-02 a      2438     1    17     2     8
 -5.6741983374201804E-03 a      2439     1    17     2     9
 -1.4649206166830556E-01 a      2440     1    17     2    10
  1.3690354266501898E+00 a      2441     1    17     2    11
 -4.3399353270296881E-01 a      2442     1    17     2    12
 -7.9105353564947700E-01 a      2443     1    17     2    13
 -1.8541999196004044E-01 a      2444     1    17     2    14
  3.5565359029754046E-01 a      2445     1    17     2    15
  2.3132410609782980E-01 a      2446     1    17     2    16
 -1.3385090127025612E+00 a      2447     1    17     2    17
  6.4466628703060225E-01 a      2448     1    17     2    18
  3.0496563020673145E-01 a      2449     1    17     2    19
 -1.3374592231870425E-01 a      2450     1    17     2    20
 -4.7939583794784912E+00 a      2451     1    17     2    21
 -5.7837268727313662E-01 a      2452     1    17     2    22
 -1.4251423458227717E+00 a      2453     1    17     2    23
 -1.4918992429052036E+00 a      2454     1    17     2    24
  3.7836207470471850E-01 a      2455     1    17     2    25
 -2.2401623518538849E+00 a      2456     1    17     2    26
 -1.2393589514845103E+00 a      2457     1    17     2    27
 -3.9965504481621983E-01 a      2458     1    17     2    28
  1.0164659715529791E+00 a      2459     1    17     2    29
  1.5290694337889577E-01 a      2460     1    17     2    30
 -1.3109010773906415E+00 a      2461     1    18     2     1
 -1.9373949644070156E+00 a      2462     1    18     2     2
 -2.2251499724001139E-01 a      2463     1    18     2     3
 -2.1489364142372573E+00 a      2464     1    18     2     4
  1.0718389645858331E+00 a      2465     1    18     2     5
 -3.9890025549359759E-01 a      2466     1    18     2     6
 -1.7755675751695432E-01 a      2467     1    18     2     7
  1.7713371288500905E+00 a      2468     1    18     2     8
  1.1321869373638984E+00 a      2469     1    18     2     9
 -3.2007444405312280E-02 a      2470     1    18     2    10
 -2.5000297773040661E+00 a      2471     1    18     2    11
 -3.9503797629537387E+00 a      2472     1    18     2    12
  1.2650330207839280E-01 a      2473     1    18     2    13
 -1.0323841657210883E-02 a      2474     1    18     2    14
 -1.7618166296619251E+00 a      2475     1    18     2    15
  1.3962365471266232E+00 a      2476     1    18     2    16
  1.2437773757941206E+00 a      2477     1    18     2    17
  4.8361514430531150E-01 a      2478     1    18     2    18
  9.0324296797396852E-01 a      2479     1    18     2    19
  7.0734609218973044E-01 a      2480     1    18     2    20
 -2.1251389298584895E+00 a      2481     1    18     2    21
 -1.7811622842552295E+00 a      2482     1    18     2    22
  2.2974726543232924E+00 a      2483     1    18     2    23
  4.5263318953168363E-01 a      2484     1    18     2    24
  2.7366696651735922E-01 a      2485     1    18     2    25
  8.3921843172371835E-01 a      2486     1    18     2    26
  3.2501523977934883E+00 a      2487     1    18     2    27
 -2.5718894253540752E+00 a      2488     1    18     2    28
  1.4378292782325910E+00 a      2489     1    18     2    29
 -5.1346832331613501E-01 a      2490     1    18     2    30
 -5.3216097460963907E-01 a      2491     1    19     2     1
  1.1486610397723902E+00 a      2492     1    19     2     2
  2.2473720525609783E-01 a      2493     1    19     2     3
 -1.5633432100830735E-01 a      2494     1    19     2     4
 -5.9495955735828843E-01 a      2495     1    19     2     5
  4.2913583367568531E-01 a      2496     1    19     2     6
 -3.5069482537595376E-01 a      2497     1    19     2     7
  1.0867845157696829E+00 a      2498     1    19     2     8
 -3.1899180636633695E-01 a      2499     1    19     2     9
 -3.3442576361543720E-02 a      2500     1    19     2    10
  1.3481453308314122E+00 a      2501     1    19     2    11
  1.7534866932795579E+00 a      2502     1    19     2    12
  1.2992185392110787E+00 a      2503     1    19     2    13
 -5.8293980161752834E-01 a      2504     1    19     2    14
 -2.8580899907166457E+00 a      2505     1    19     2    15
  1.1331626542198705E+00 a      2506     1    19     2    16
  2.7942754584549347E-02 a      2507     1    19     2    17
 -1.8922911864090761E+00 a      2508     1    19     2    18
  4.4062604107200071E-01 a      2509     1    19     2    19
  2.6491425799761609E-01 a      2510     1    19     2    20
  1.8191207963242856E-01 a      2511     1    19     2    21
 -6.8887447778391553E-01 a      2512     1    19     2    22
 -3.4021230915041039E+00 a      2513     1    19     2    23
  4.7251355227598080E-01 a      2514     1    19     2    24
  1.2504511137141332E+00 a      2515     1    19     2    25
  8.6029407379903389E-01 a      2516     1    19     2    26
 -1.2454010679075440E+00 a      2517     1    19     2    27
 -3.3371244652147736E-01 a      2518     1    19     2    28
 -1.8291820814412485E+00 a      2519     1    19     2    29
  1.0716535692993017E+00 a      2520     1    19     2    30
  1.7726555046599541E+00 a      2521     1    20     2     1
 -9.6154871628844907E-01 a      2522     1    20     2     2
 -1.9603903433942036E+00 a      2523     1    20     2     3
  2.9305043032009359E-01 a      2524     1    20     2     4
 -3.6982839390979222E-01 a      2525     1    20     2     5
 -2.7296126360109185E-01 a      2526     1    20     2     6
  5.9040766398978171E-02 a      2527     1    20     2     7
  4.7181746065153962E-01 a      2528     1    20     2     8
  7.6868630977238261E-01 a      2529     1    20     2     9
 -1.8166322289372818E+00 a      2530     1    20     2    10
  1.7993593547923381E+00 a      2531     1    20     2    11
 -1.3454279102307845E-01 a      2532     1    20     2    12
  8.4006161463161366E-02 a      2533     1    20     2    13
  1.6981900025369965E+00 a      2534     1    20     2    14
  2.4325978143246489E+00 a      2535     1    20     2    15
  2.4268423218202709E-01 a      2536     1    20     2    16
  3.0271860852958438E-01 a      2537     1    20     2    17
  1.4347083443140041E-01 a      2538     1    20     2    18
  1.4358065583797059E+00 a      2539     1    20     2    19
 -1.1663821228081614E+00 a      2540     1    20     2    20
  2.4618519332454349E+00 a      2541     1    20     2    21
  1.9088782630586346E-02 a      2542     1    20     2    22
  2.8940405947979492E-01 a      2543     1    20     2    23
  1.2546361327552640E+00 a      2544     1    20     2    24
 -1.4394867270186342E+00 a      2545     1    20     2    25
 -1.4126886965629344E+00 a      2546     1    20     2    26
  9.4460897142902156E-01 a      2547     1    20     2    27
  3.7697594853670642E-02 a      2548     1    20     2    28
 -1.2192063759338119E+00 a      2549     1    20     2    29
  1.6588788061207564E+00 a      2550     1    20     2    30
 -1.2319921267881639E+00 a      2551     1    21     2     1
 -2.1216787112444271E+00 a      2552     1    21     2     2
  3.6514281706816554E-01 a      2553     1    21     2     3
 -2.4545732471103410E+00 a      2554     1    21     2     4
  9.8970875840437245E-01 a      2555     1    21     2     5
  4.7493872731531245E-02 a      2556     1    21     2     6
 -1.8482138902632705E+00 a      2557     1    21     2     7
  2.0537854565334066E+00 a      2558     1    21     2     8
  1.6623739626213834E+00 a      2559     1    21     2     9
  1.0675269821515307E+00 a      2560     1    21     2    10
  4.7626949495012161E-01 a      2561     1    21     2    11
 -2.4668827886982903E+00 a      2562     1    21     2    12
  8.9859964823453276E-01 a      2563     1    21     2    13
  8.5488000442206058E-01 a      2564     1    21     2    14
  3.9608502038339050E-01 a      2565     1    21     2    15
 -1.6675749779988097E-01 a      2566     1    21     2    16
 -7.5618651145853955E-01 a      2567     1    21     2    17
 -3.0398024225154718E+00 a      2568     1    21     2    18
  3.2708630832554181E-01 a      2569     1    21     2    19
 -1.7705084521854910E+00 a      2570     1    21     2    20
 -1.4135699890827309E+00 a      2571     1    21     2    21
 -1.3317114172667137E+00 a      2572     1    21     2    22
 -1.5558786316634421E+00 a      2573     1    21     2    23
  2.5081585182838273E+00 a      2574     1    21     2    24
  6.5711827570093972E-01 a      2575     1    21     2    25
  1.5667701878050000E+00 a      2576     1    21     2    26
 -9.8729084548550039E-01 a      2577     1    21     2    27
 -9.2092143622419509E-01 a      2578     1    21     2    28
  1.7953234106064617E+00 a      2579     1    21     2    29
  5.7680469269432388E-01 a      2580     1    21     2    30
 -8.0382745059036520E-01 a      2581     1    22     2     1
  4.8461159836154311E-01 a      2582     1    22     2     2
 -1.9581543760907089E-01 a      2583     1    22     2     3
 -1.4008122311868771E+00 a      2584     1    22     2     4
  7.6073888973247972E-01 a      2585     1    22     2     5
 -1.2425484657410892E+00 a      2586     1    22     2     6
 -1.6859758368965401E+00 a      2587     1    22     2     7
 -1.1280377667185906E-01 a      2588     1    22     2     8
  2.9837320067605044E-01 a      2589     1    22     2     9
  9.2031782428224240E-01 a      2590     1    22     2    10
  4.9822961708739405E-01 a      2591     1    22     2    11
 -4.1402681977948047E-01 a      2592     1    22     2    12
 -5.5917125967255776E-01 a      2593     1    22     2    13
  1.4194850658012963E+00 a      2594     1    22     2    14
 -1.9879974912189302E+00 a      2595     1    22     2    15
  1.8336525468534026E-01 a      2596     1    22     2    16
 -1.1228836555452999E+00 a      2597     1    22     2    17
 -8.1231946905543273E-01 a      2598     1    22     2    18
  4.4126017263021028E-01 a      2599     1    22     2    19
 -9.1849704440603241E-01 a      2600     1    22     2    20
  6.3271211063572175E-01 a      2601     1    22     2    21
 -1.7126259023928159E+00 a      2602     1    22     2    22
  5.5788065719568392E-01 a      2603     1    22     2    23
 -2.9512798975524429E-01 a      2604     1    22     2    24
 -1.7130111770290116E-02 a      2605     1    22     2    25
 -1.0282014460098261E+00 a      2606     1    22     2    26
 -4.2302072482016678E-01 a      2607     1    22     2    27
  4.8305881098534398E-01 a      2608     1    22     2    28
  7.6905135864951513E-02 a      2609     1    22     2    29
  2.1459328494158225E-01 a      2610     1    22     2    30
  2.8732488399422984E-01 a      2611     1    23     2     1
 -1.1652173754505482E+00 a      2612     1    23     2     2
  6.2140028912666323E-01 a      2613     1    23     2     3
 -1.3911242663189689E+00 a      2614     1    23     2     4
 -2.5676994473216108E-01 a      2615     1    23     2     5
 -4.8465868969165687E-01 a      2616     1    23     2     6
 -3.8365746633349657E-01 a      2617     1    23     2     7
 -9.9182316443524776E-01 a      2618     1    23     2     8
  1.0606907960731344E+00 a      2619     1    23     2     9
  1.0840028838356495E+00 a      2620     1    23     2    10
 -2.6497305227150707E+00 a      2621     1    23     2    11
  5.3182719907809839E-01 a      2622     1    23     2    12
 -9.1414827199906246E-01 a      2623     1    23     2    13
  2.9060644635304816E-01 a      2624     1    23     2    14
 -4.9321665639090678E-01 a      2625     1    23     2    15
 -3.5193744454260864E-02 a      2626     1    23     2    16
 -1.6400713181231781E+00 a      2627     1    23     2    17
  1.9254924988629065E+00 a      2628     1    23     2    18
  1.0846856926872228E+00 a      2629     1    23     2    19
  1.3027448965431814E+00 a      2630     1    23     2    20
 -1.9236303637161871E+00 a      2631     1    23     2    21
 -1.3967942450777715E+00 a      2632     1    23     2    22
  7.7110396864738140E-01 a      2633     1    23     2    23
  3.0870703181866321E-01 a      2634     1    23     2    24
 -3.9419272970240821E-01 a      2635     1    23     2    25
 -7.3870669469302708E-01 a      2636     1    23     2    26
  7.8539896296860467E-01 a      2637     1    23     2    27
 -7.7346643340318499E-01 a      2638     1    23     2    28
  6.8900904187744871E-01 a      2639     1    23     2    29
  3.2772871164005934E-01 a      2640     1    23     2    30
  2.2707518750744893E-01 a      2641     1    24     2     1
 -1.0395438029710102E+00 a      2642     1    24     2     2
 -1.3338369043152360E+00 a      2643     1    24     2     3
  1.2480904596492401E+00 a      2644     1    24     2     4
 -2.2354450268467893E-01 a      2645     1    24     2     5
  4.2771892451313048E-01 a      2646     1    24     2     6
 -3.4994078630363697E-02 a      2647     1    24     2     7
  6.0349148716513160E-03 a      2648     1    24     2     8
 -4.6459243902886199E-01 a      2649     1    24     2     9
 -2.7956399599835474E-01 a      2650     1    24     2    10
  6.2817160642603442E-01 a      2651     1    24     2    11
 -1.5861415145593083E+00 a      2652     1    24     2    12
 -6.6754946694644512E-01 a      2653     1    24     2    13
 -7.1531148012533974E-01 a      2654     1    24     2    14
 -6.1346694039778782E-01 a      2655     1    24     2    15
  1.0469544422853634E+00 a      2656     1    24     2    16
 -6.7756602430593726E-02 a      2657     1    24     2    17
 -1.6164867508736407E+00 a      2658     1    24     2    18
  4.8066351677662822E-01 a      2659     1    24     2    19
 -9.7371261283548061E-01 a      2660     1    24     2    20
  1.0473754089831642E+00 a      2661     1    24     2    21
  1.4905446745454515E-01 a      2662     1    24     2    22
 -1.6415463759512996E+00 a      2663     1    24     2    23
 -6.0243918274934152E-02 a      2664     1    24     2    24
 -3.1708349906866146E-01 a      2665     1    24     2    25
  4.5230648304760579E-01 a      2666     1    24     2    26
 -1.5798524838700925E+00 a      2667     1    24     2    27
 -1.1819808174348188E+00 a      2668     1    24     2    28
  1.5580332126602411E-01 a      2669     1    24     2    29
 -8.5167790191181858E-01 a      2670     1    24     2    30
 -1.4677052824760728E+00 a      2671     1    25     2     1
  1.5360399374829632E+00 a      2672     1    25     2     2
 -1.3585395436202208E-01 a      2673     1    25     2     3
 -9.6710855155551101E-01 a      2674     1    25     2     4
 -1.2261862009919959E+00 a      2675     1    25     2     5
  5.7291847594623768E-01 a      2676     1    25     2     6
  8.1593347802849514E-01 a      2677     1    25     2     7
  2.1160523803804027E-01 a      2678     1    25     2     8
  9.5263565854949961E-01 a      2679     1    25     2     9
  9.8637336332655856E-01 a      2680     1    25     2    10
  4.1090861056084858E-02 a      2681     1    25     2    11
 -6.9772413001175249E-01 a      2682     1    25     2    12
  2.1132640509955101E+00 a      2683     1    25     2    13
  9.7118271495137243E-01 a      2684     1    25     2    14
  2.4348785097222223E-01 a      2685     1    25     2    15
  9.0003822654943899E-01 a      2686     1    25     2    16
 -1.9523984748529601E+00 a      2687     1    25     2    17
  6.3938871902664940E-01 a      2688     1    25     2    18
 -5.5224512805182191E-01 a      2689     1    25     2    19
  6.8956782925831273E-01 a      2690     1    25     2    20
  2.4261309822529800E+00 a      2691     1    25     2    21
  2.3902884423292319E+00 a      2692     1    25     2    22
 -7.5494029842785682E-01 a      2693     1    25     2    23
  1.2947275940858367E+00 a      2694     1    25     2    24
 -5.3178857377139044E-01 a      2695     1    25     2    25
  5.0294598618623410E-01 a      2696     1    25     2    26
 -1.6045745086338090E-01 a      2697     1    25     2    27
 -9.8277233782055584E-01 a      2698     1    25     2    28
 -1.1509768681492125E-01 a      2699     1    25     2    29
  1.3902052344738653E+00 a      2700     1    25     2    30
  5.9430856579978542E-01 a      2701     1    26     2     1
 -3.2361740381453119E-01 a      2702     1    26     2     2
 -2.8248868860349929E-01 a      2703     1    26     2     3
 -1.6933140115930415E-01 a      2704     1    26     2     4
  5.7602169869891617E-01 a      2705     1    26     2     5
  5.4020586168916995E-01 a      2706     1    26     2     6
 -4.7885843548995728E-02 a      2707     1    26     2     7
 -5.6959144664150918E-01 a      2708     1    26     2     8
 -4.2203682276143038E-02 a      2709     1    26     2     9
 -1.1166066182862020E+00 a      2710     1    26     2    10
 -2.0391667995688620E+00 a      2711     1    26     2    11
 -1.6118824847394611E+00 a      2712     1    26     2    12
  9.1202610790400485E-01 a      2713     1    26     2    13
  1.2076837144123018E+00 a      2714     1    26     2    14
 -2.3890775996648923E+00 a      2715     1    26     2    15
 -1.8063473135883903E-01 a      2716     1    26     2    16
 -1.3683810452639615E+00 a      2717     1    26     2    17
 -7.1762171067534597E-01 a      2718     1    26     2    18
  1.3952616559300588E+00 a      2719     1    26     2    19
 -1.6733932496409900E+00 a      2720     1    26     2    20
  1.4839692061400731E+00 a      2721     1    26     2    21
 -1.4777676883442181E+00 a      2722     1    26     2    22
  9.3720777338119199E-01 a      2723     1    26     2    23
 -2.7991328754111616E-01 a      2724     1    26     2    24
  1.2013980693187563E-01 a      2725     1    26     2    25
  1.1708520471142412E+00 a      2726     1    26     2    26
 -1.7371429243914218E+00 a      2727     1    26     2    27
 -5.3572652126006193E-01 a      2728     1    26     2    28
 -1.7939595371326587E+00 a      2729     1    26     2    29
  2.0356754365221881E+00 a      2730     1    26     2    30
  7.2475461258300533E-01 a      2731     1    27     2     1
  2.8025262563145864E-01 a      2732     1    27     2     2
 -1.8637234755407319E+00 a      2733     1    27     2     3
  1.0985147818086578E+00 a      2734     1    27     2     4
  7.1493116665088796E-01 a      2735     1    27     2     5
 -1.5617938314431143E+00 a      2736     1    27     2     6
 -9.5540411216760046E-02 a      2737     1    27     2     7
 -7.8948189059247442E-01 a      2738     1    27     2     8
  1.0436736485274085E+00 a      2739     1    27     2     9
  1.7311066315529948E+00 a      2740     1    27     2    10
 -3.3761944931400728E-01 a      2741     1    27     2    11
  6.3899986997416769E-01 a      2742     1    27     2    12
 -1.4382023677645481E+00 a      2743     1    27     2    13
 -1.6177827461535697E+00 a      2744     1    27     2    14
 -3.8498556620023988E-01 a      2745     1    27     2    15
 -1.7748418133292809E+00 a      2746     1    27     2    16
  1.6875433730618232E+00 a      2747     1    27     2    17
  1.3144643525533982E-02 a      2748     1    27     2    18
 -6.0738776866667732E-01 a      2749     1    27     2    19
 -1.2084297272649044E-01 a      2750     1    27     2    20
 -7.4253393146587587E-01 a      2751     1    27     2    21
  7.3998371003453944E-01 a      2752     1    27     2    22
 -1.7313872340547811E+00 a      2753     1    27     2    23
 -5.8065494338535598E-02 a      2754     1    27     2    24
 -1.8849218896902883E-01 a      2755     1    27     2    25
  1.2883342535218498E+00 a      2756     1    27     2    26
 -2.5939331165553436E-01 a      2757     1    27     2    27
  1.7607332441586362E-01 a      2758     1    27     2    28
  4.2653939788979933E-01 a      2759     1    27     2    29
 -6.2062356589987067E-01 a      2760     1    27     2    30
  2.6224777225960447E+00 a      2761     1    28     2     1
  1.1984789609828563E+00 a      2762     1    28     2     2
 -1.3269799777855731E+00 a      2763     1    28     2     3
  2.7701760789413254E-01 a      2764     1    28     2     4
  1.3043150166032342E+00 a      2765     1    28     2     5
  2.0702434771736486E+00 a      2766     1    28     2     6
  2.5774235430139569E+00 a      2767     1    28     2     7
  1.0181562084270710E+00 a      2768     1    28     2     8
  4.4396215849026016E-01 a      2769     1    28     2     9
  1.1106845722749097E+00 a      2770     1    28     2    10
 -5.8083320220147101E+00 a      2771     1    28     2    11
  2.3185420820271601E+00 a      2772     1    28     2    12
  4.1479090574482791E-01 a      2773     1    28     2    13
  7.9837282032483614E-01 a      2774     1    28     2    14
 -7.6471521725048752E-01 a      2775     1    28     2    15
  1.4317271104536440E+00 a      2776     1    28     2    16
  3.0616197402408329E-01 a      2777     1    28     2    17
  2.9771578842124411E+00 a      2778     1    28     2    18
 -1.0681383449974600E+00 a      2779     1    28     2    19
  5.4608748786818251E-01 a      2780     1    28     2    20
 -8.4808559249082938E-01 a      2781     1    28     2    21
  1.5365325522238140E+00 a      2782     1    28     2    22
 -1.0440334777741783E-02 a      2783     1    28     2    23
  1.4395074200324598E-01 a      2784     1    28     2    24
 -7.3271818104046138E-01 a      2785     1    28     2    25
  8.1693358194401045E-01 a      2786     1    28     2    26
  8.6697689424493030E-01 a      2787     1    28     2    27
 -4.8906286724713377E-01 a      2788     1    28     2    28
 -9.6392133285944059E-01 a      2789     1    28     2    29
  2.8164194204288051E-01 a      2790     1    28     2    30
 -2.7922813305822175E-01 a      2791     1    29     2     1
  2.5137585660963961E-02 a      2792     1    29     2     2
 -1.6955241721219154E+00 a      2793     1    29     2     3
 -1.2944658108603582E+00 a      2794     1    29     2     4
  4.7373010774727553E-01 a      2795     1    29     2     5
  8.7374646294205230E-02 a      2796     1    29     2     6
 -8.2863173027585679E-01 a      2797     1    29     2     7
  1.0099055153880111E-01 a      2798     1    29     2     8
  2.8375538096285891E-01 a      2799     1    29     2     9
 -1.9254143598168829E+00 a      2800     1    29     2    10
 -1.6258112900290376E+00 a      2801     1    29     2    11
 -8.2418898430824739E-01 a      2802     1    29     2    12
  1.6081282158555121E-01 a      2803     1    29     2    13
  5.4669235620442247E-01 a      2804     1    29     2    14
 -2.1171838808357344E+00 a      2805     1    29     2    15
  6.6842075751269903E-01 a      2806     1    29     2    16
 -9.2106625940245945E-01 a      2807     1    29     2    17
  8.5869913621252159E-01 a      2808     1    29     2    18
 -3.2906875826089849E-01 a      2809     1    29     2    19
 -4.3360196517301142E-01 a      2810     1    29     2    20
  3.2187801348899164E-01 a      2811     1    29     2    21
  5.4724981118699612E-01 a      2812     1    29     2    22
  6.0125459109330293E-01 a      2813     1    29     2    23
  2.7178170043364430E-01 a      2814     1    29     2    24
  9.2507853945803653E-01 a      2815     1    29     2    25
 -4.2726642854640930E-02 a      2816     1    29     2    26
 -5.4138610781779906E-01 a      2817     1    29     2    27
 -1.7412776304093676E+00 a      2818     1    29     2    28
  1.3639094720128159E-01 a      2819     1    29     2    29
  2.2339093016882519E+00 a      2820     1    29     2    30
  4.6701095503608786E-01 a      2821     1    30     2     1
  5.9678572587539513E-01 a      2822     1    30     2     2
 -8.4918402926519143E-01 a      2823     1    30     2     3
  6.0623929895926187E-01 a      2824     1    30     2     4
 -1.1575382532435233E-01 a      2825     1    30     2     5
 -1.9954894550437621E+00 a      2826     1    30     2     6
 -7.3616857710750794E-01 a      2827     1    30     2     7
  1.5016259473593887E+00 a      2828     1    30     2     8
  5.1134184334092370E-01 a      2829     1    30     2     9
  2.1545032608304786E+00 a      2830     1    30     2    10
 -1.6226709816540213E-01 a      2831     1    30     2    11
  1.2156329577476805E+00 a      2832     1    30     2    12
 -3.8579073114189844E-01 a      2833     1    30     2    13
  1.5161119908861742E+00 a      2834     1    30     2    14
  1.2247056312105555E+00 a      2835     1    30     2    15
  1.0832484017381381E+00 a      2836     1    30     2    16
  1.1004369951686890E+00 a      2837     1    30     2    17
 -2.9005351560524590E+00 a      2838     1    30     2    18
 -1.0833897106258743E+00 a      2839     1    30     2    19
 -6.8474431242293177E-01 a      2840     1    30     2    20
 -4.6425641689239711E-01 a      2841     1    30     2    21
 -6.6686114818142528E-01 a      2842     1    30     2    22
 -3.5290437993424073E-01 a      2843     1    30     2    23
  5.1793658258518693E-01 a      2844     1    30     2    24
  2.3388786395126243E-01 a      2845     1    30     2    25
 -1.7174512918954150E+00 a      2846     1    30     2    26
  1.2120249389370906E-01 a      2847     1    30     2    27
  7.1667885106530271E-01 a      2848     1    30     2    28
  3.1214941847354105E-01 a      2849     1    30     2    29
 -8.8573820037768425E-01 a      2850     1    30     2    30
  5.6785380556672056E+00 b      2851     2     1
 -6.4527261441870165E-01 b      2852     2     2
  7.0789245983088085E+00 b      2853     2     3
  8.2345970853439585E+00 b      2854     2     4
 -2.9486099033010498E+00 b      2855     2     5
 -6.4608574204314024E+00 b      2856     2     6
  4.1968238317976647E-01 b      2857     2     7
 -1.0522420121884437E+01 b      2858     2     8
  3.8510982149623789E+00 b      2859     2     9
  4.5441173657989264E-01 b      2860     2    10
  5.3167141380386687E+00 b      2861     2    11
 -3.8513184596677119E+00 b      2862     2    12
  2.1020031551541432E+00 b      2863     2    13
 -2.2709683432471803E+00 b      2864     2    14
  1.8891074036978066E+00 b      2865     2    15
  7.2426121748239201E+00 b      2866     2    16
 -4.7471952556230077E+00 b      2867     2    17
  3.7933691748750866E+00 b      2868     2    18
  7.3672705372030423E-01 b      2869     2    19
 -1.3960974422712207E+00 b      2870     2    20
 -8.0655503640829274E+00 b      2871     2    21
 -5.4388258373506493E-01 b      2872     2    22
 -5.1309235144737082E+00 b      2873     2    23
 -6.2447126223317833E+00 b      2874     2    24
 -1.0339080840536750E+00 b      2875     2    25
 -4.0302401731836879E+00 b      2876     2    26
  3.3068724809340657E+00 b      2877     2    27
  7.2663396199790908E-01 b      2878     2    28
 -1.4345791454602979E+00 b      2879     2    29
 -5.2926748659675589E+00 b      2880     2    30
 -2.2162891840115266E-02 a      2881     2     1     3     1
 -1.7879812346752250E-01 a      2882     2     2     3     1
 -2.6907207558542326E-02 a      2883     2     3     3     1
  5.9510954009894132E-02 a      2884     2     4     3     1
  9.1811115930267667E-02 a      2885     2     5     3     1
  4.8338525225386585E-02 a      2886     2     6     3     1
 -1.4954300313449417E-01 a      2887     2     7     3     1
  2.5878174886723337E-02 a      2888     2     8     3     1
 -1.3507206530347744E-04 a      2889     2     9     3     1
 -3.2530980912671245E-02 a      2890     2    10     3     1
  4.6309504647917082E-02 a      2891     2    11     3     1
  1.9224278952102748E-02 a      2892     2    12     3     1
 -1.1491642778027555E-01 a      2893     2    13     3     1
  8.1187619188922734E-03 a      2894     2    14     3     1
  2.9214634920070811E-02 a      2895     2    15     3     1
 -5.5343154669883911E-02 a      2896     2    16     3     1
  7.6875637134003416E-02 a      2897     2    17     3     1
 -2.4251433434492969E-02 a      2898     2    18     3     1
  5.2235176977570422E-02 a      2899     2    19     3     1
  1.4137804383974457E-02 a      2900     2    20     3     1
 -3.1381057854997174E-02 a      2901     2    21     3     1
 -2.5207256641992004E-01 a      2902     2    22     3     1
  7.0571263397701450E-02 a      2903     2    23     3     1
 -4.7908153239030428E-03 a      2904     2    24     3     1
  1.1223774921373639E-01 a      2905     2    25     3     1
  1.7907573253025805E-01 a      2906     2    26     3     1
 -2.3385317850061208E-02 a      2907     2    27     3     1
 -1.7052415024158002E-01 a      2908     2    28     3     1
 -1.3400179676332616E-01 a      2909     2    29     3     1
 -5.8637351060482762E-02 a      2910     2    30     3     1
 -1.6614846112730375E-01 b      2911     3     1
