################################################################################
# Neural network connection values (weights and biases).
################################################################################
# Col  Name       Description
################################################################################
# 1    connection Neural network connection value.
# 2    t          Connection type (a = weight, b = bias).
# 3    index      Index enumerating weights.
# 4    l_s        Starting point layer (end point layer for biases).
# 5    n_s        Starting point neuron in starting layer (end point neuron for biases).
# 6    l_e        End point layer.
# 7    n_e        End point neuron in end layer.
################################################################################
#                      1 2         3     4     5     6     7
#             connection t     index   l_s   n_s   l_e   n_e
############################################################
 -4.3148524303675062E-01 a         1     0     1     1     1
 -2.8936386038125850E+00 a         2     0     1     1     2
 -3.1612838755866912E-01 a         3     0     1     1     3
  3.8701570355928387E+00 a         4     0     1     1     4
 -9.5113297283776266E+00 a         5     0     1     1     5
  8.6820916821393979E-01 a         6     0     1     1     6
 -1.0122534612761012E+00 a         7     0     1     1     7
  6.7097717160136501E+00 a         8     0     1     1     8
 -9.9579818410578524E-01 a         9     0     1     1     9
  6.4112841299721728E+00 a        10     0     1     1    10
 -5.0794798107538464E-01 a        11     0     1     1    11
  4.6105980261447295E+00 a        12     0     1     1    12
  6.0320005119102182E+00 a        13     0     1     1    13
  3.9643705482282159E+00 a        14     0     1     1    14
 -9.5403343944777885E-01 a        15     0     1     1    15
  9.7608352350190746E+00 a        16     0     1     1    16
  6.0905566425084317E+00 a        17     0     1     1    17
 -4.7777275288762402E+00 a        18     0     1     1    18
 -8.0711169678995542E+00 a        19     0     1     1    19
 -3.2685805751918542E+00 a        20     0     1     1    20
  4.5340873228485084E+00 a        21     0     1     1    21
 -3.3897779100643390E+00 a        22     0     1     1    22
 -1.5245290277402969E+01 a        23     0     1     1    23
  3.3965238208067499E+00 a        24     0     1     1    24
  1.0562084012614392E+01 a        25     0     1     1    25
  6.8257681041761966E+00 a        26     0     1     1    26
 -1.9046053663165941E+00 a        27     0     1     1    27
  5.9152437487293632E+00 a        28     0     1     1    28
  1.0445516066028784E+00 a        29     0     1     1    29
 -3.5120617203865434E+00 a        30     0     1     1    30
  6.5361141321527061E+00 a        31     0     2     1     1
  6.5816128704309540E-01 a        32     0     2     1     2
  7.5967584375424648E+00 a        33     0     2     1     3
 -1.4728024821270440E+01 a        34     0     2     1     4
 -8.6473730541097833E+00 a        35     0     2     1     5
 -4.0080446785909514E+00 a        36     0     2     1     6
  9.5677120979693129E+00 a        37     0     2     1     7
 -1.2515107476422631E+00 a        38     0     2     1     8
  7.6199569373476397E+00 a        39     0     2     1     9
 -9.9664363058078269E+00 a        40     0     2     1    10
 -6.1183000479657723E-01 a        41     0     2     1    11
  8.5895938782225869E+00 a        42     0     2     1    12
  8.9467952853625743E+00 a        43     0     2     1    13
  8.8308249505650860E+00 a        44     0     2     1    14
 -5.4801357510905673E+00 a        45     0     2     1    15
 -1.9184696594675756E+01 a        46     0     2     1    16
 -1.2000809487867770E+01 a        47     0     2     1    17
 -3.7801655486036108E+00 a        48     0     2     1    18
 -5.0666404790606523E-01 a        49     0     2     1    19
  6.9427930952786254E-01 a        50     0     2     1    20
 -9.4830621233630952E-01 a        51     0     2     1    21
  4.0374307902471624E+00 a        52     0     2     1    22
 -1.0443934297699148E+01 a        53     0     2     1    23
  5.4623666268715008E+00 a        54     0     2     1    24
 -7.7092541110367163E+00 a        55     0     2     1    25
  1.7597864969460122E+01 a        56     0     2     1    26
 -4.0659942164039231E-01 a        57     0     2     1    27
  7.2073446949960509E+00 a        58     0     2     1    28
  3.1196542567154726E+00 a        59     0     2     1    29
  3.6822893430961652E+00 a        60     0     2     1    30
 -9.0769928769478292E-01 a        61     0     3     1     1
  7.4625090474095934E-02 a        62     0     3     1     2
  6.0188638362696101E-01 a        63     0     3     1     3
 -3.6456510312913593E-01 a        64     0     3     1     4
 -4.3367869759602220E+00 a        65     0     3     1     5
 -7.1553396617986103E+00 a        66     0     3     1     6
  1.7625321067483913E+01 a        67     0     3     1     7
  1.2930717768566501E+01 a        68     0     3     1     8
  5.6810894923607664E+00 a        69     0     3     1     9
 -2.5155178070825430E+00 a        70     0     3     1    10
  4.2523972632335241E+00 a        71     0     3     1    11
 -1.0758472726235375E+00 a        72     0     3     1    12
 -3.6654961766891496E+00 a        73     0     3     1    13
 -5.0181399965122298E+00 a        74     0     3     1    14
  2.3317364693856391E+00 a        75     0     3     1    15
  2.5019030283863857E+00 a        76     0     3     1    16
  2.3144697259744484E+00 a        77     0     3     1    17
  7.1425750819142042E-01 a        78     0     3     1    18
 -3.0786590878407347E+00 a        79     0     3     1    19
 -5.8001343988112497E+00 a        80     0     3     1    20
  1.2880061487821864E-01 a        81     0     3     1    21
  1.2898766104923847E+00 a        82     0     3     1    22
 -5.5964908217373344E+00 a        83     0     3     1    23
 -3.2207010565798808E+00 a        84     0     3     1    24
 -1.3354824912745029E+01 a        85     0     3     1    25
  3.7203888543060635E+00 a        86     0     3     1    26
  5.7067683016320609E+00 a        87     0     3     1    27
  2.5980712666133288E-01 a        88     0     3     1    28
 -6.7353971047169914E+00 a        89     0     3     1    29
 -2.4940149248938137E-01 a        90     0     3     1    30
  2.7239283328876622E+00 a        91     0     4     1     1
  3.7344610587593037E+00 a        92     0     4     1     2
  1.6726376142240604E+00 a        93     0     4     1     3
  2.8668830938077305E+00 a        94     0     4     1     4
  5.3543137801868133E+00 a        95     0     4     1     5
  8.6842271440229784E+00 a        96     0     4     1     6
 -1.4927185406583970E+01 a        97     0     4     1     7
 -1.2319115622443473E+01 a        98     0     4     1     8
 -5.6757669671625104E+00 a        99     0     4     1     9
  2.9977305062757220E+00 a       100     0     4     1    10
  1.6093090136467012E+00 a       101     0     4     1    11
  3.0730926830663701E+00 a       102     0     4     1    12
  2.1532650887090138E-03 a       103     0     4     1    13
  2.6968215326055427E+00 a       104     0     4     1    14
  1.4321794132607266E+00 a       105     0     4     1    15
 -5.8937832677301651E+00 a       106     0     4     1    16
  4.0333395366009146E+00 a       107     0     4     1    17
  1.6241495440241545E+00 a       108     0     4     1    18
  4.9763065821202552E+00 a       109     0     4     1    19
  3.5055595139975657E+00 a       110     0     4     1    20
  2.1956533826303177E+00 a       111     0     4     1    21
  1.4082757473109059E-01 a       112     0     4     1    22
  7.0862238934362054E+00 a       113     0     4     1    23
 -3.6385296257816808E+00 a       114     0     4     1    24
  1.3424207381449687E+01 a       115     0     4     1    25
 -4.0847438924657746E+00 a       116     0     4     1    26
 -6.5613977026835024E-01 a       117     0     4     1    27
 -5.1137354529504702E+00 a       118     0     4     1    28
 -1.5361719939792076E+00 a       119     0     4     1    29
 -1.9089103156716813E+00 a       120     0     4     1    30
 -3.2288231604846032E+00 a       121     0     5     1     1
 -6.1725874537050224E-02 a       122     0     5     1     2
  1.5096677451970619E+00 a       123     0     5     1     3
 -3.4955983894799338E+00 a       124     0     5     1     4
  2.5906990773249272E+00 a       125     0     5     1     5
 -1.0266069172700742E+00 a       126     0     5     1     6
 -2.8134837330990969E-01 a       127     0     5     1     7
  6.3325616278964836E-01 a       128     0     5     1     8
 -4.7765183322699514E+00 a       129     0     5     1     9
 -2.8283026201335746E+00 a       130     0     5     1    10
 -7.7562505150518435E-01 a       131     0     5     1    11
 -4.0110086306613608E+00 a       132     0     5     1    12
 -5.1916530482587717E+00 a       133     0     5     1    13
 -1.1487401770623504E+00 a       134     0     5     1    14
  1.0590601541227852E-01 a       135     0     5     1    15
 -1.7662149177304245E+00 a       136     0     5     1    16
 -8.7493706372954616E-01 a       137     0     5     1    17
  5.8720543888677463E+00 a       138     0     5     1    18
  1.3135518356318681E+00 a       139     0     5     1    19
  2.1414020754788270E+00 a       140     0     5     1    20
  3.9360872142818226E+00 a       141     0     5     1    21
  2.7868998449460252E+00 a       142     0     5     1    22
  2.2069840847669320E+00 a       143     0     5     1    23
 -6.8271410011917135E+00 a       144     0     5     1    24
 -2.2110351277652911E+00 a       145     0     5     1    25
 -3.1961941494882944E+00 a       146     0     5     1    26
  1.5875169637801301E-01 a       147     0     5     1    27
 -3.6482812084765954E+00 a       148     0     5     1    28
 -4.7327020573254188E+00 a       149     0     5     1    29
  6.1404978326617616E+00 a       150     0     5     1    30
  5.7557236055136771E+00 a       151     0     6     1     1
 -3.8925087728513946E-01 a       152     0     6     1     2
 -4.5791417637070371E+00 a       153     0     6     1     3
 -2.4995409248091245E+00 a       154     0     6     1     4
 -2.9645958311937601E+00 a       155     0     6     1     5
  3.9184803354366133E+00 a       156     0     6     1     6
  6.0566157469551021E+00 a       157     0     6     1     7
  7.1060969995760992E+00 a       158     0     6     1     8
  3.2218468637438149E+00 a       159     0     6     1     9
 -1.3792569932109102E+00 a       160     0     6     1    10
  1.5651133817965803E+00 a       161     0     6     1    11
  4.1915099283591708E+00 a       162     0     6     1    12
  1.5529238909070681E+01 a       163     0     6     1    13
 -2.8652742226829702E+00 a       164     0     6     1    14
 -1.4329271505811763E+00 a       165     0     6     1    15
 -3.2113215139659395E+00 a       166     0     6     1    16
 -3.4725878562823813E+00 a       167     0     6     1    17
 -5.1674152961322148E+00 a       168     0     6     1    18
  5.8044074320867423E-01 a       169     0     6     1    19
 -5.2764789743464204E+00 a       170     0     6     1    20
 -1.6655347907014335E+00 a       171     0     6     1    21
  1.7597128513808236E-02 a       172     0     6     1    22
 -7.9237410517004108E+00 a       173     0     6     1    23
  1.3746325831281826E+01 a       174     0     6     1    24
 -9.0146410523610920E-01 a       175     0     6     1    25
  6.1567465056143504E+00 a       176     0     6     1    26
  2.9938249873511138E+00 a       177     0     6     1    27
  9.1922506174781873E+00 a       178     0     6     1    28
  1.4342772020565606E+00 a       179     0     6     1    29
 -1.1506898772099355E+01 a       180     0     6     1    30
 -1.5976739187766618E+00 a       181     0     7     1     1
  7.0895374752113520E+00 a       182     0     7     1     2
  3.8741938172283277E+00 a       183     0     7     1     3
 -9.5377668845119370E+00 a       184     0     7     1     4
  2.9735139166157420E+00 a       185     0     7     1     5
  3.8525880151552991E+00 a       186     0     7     1     6
  2.9611766573138407E+00 a       187     0     7     1     7
 -5.0027658354792788E+00 a       188     0     7     1     8
 -9.7878968362881935E-01 a       189     0     7     1     9
 -5.6608353554768129E+00 a       190     0     7     1    10
 -5.3286501234741623E-01 a       191     0     7     1    11
 -1.1282580495529833E+00 a       192     0     7     1    12
  9.1247367779455257E-01 a       193     0     7     1    13
  5.1512074495862263E+00 a       194     0     7     1    14
 -6.8900644950709138E+00 a       195     0     7     1    15
 -4.8801818945830231E+00 a       196     0     7     1    16
 -2.4096508686706390E+00 a       197     0     7     1    17
  2.5452244383130589E+00 a       198     0     7     1    18
  5.1472058592149192E+00 a       199     0     7     1    19
 -1.1359460309588660E+00 a       200     0     7     1    20
  3.8527326501267711E+00 a       201     0     7     1    21
 -1.6877867896868219E+00 a       202     0     7     1    22
 -5.5392620077152257E+00 a       203     0     7     1    23
 -2.9306394803154232E+00 a       204     0     7     1    24
 -4.0791487738929240E+00 a       205     0     7     1    25
 -1.5765181848399179E+00 a       206     0     7     1    26
 -3.4363579110481042E+00 a       207     0     7     1    27
 -9.4487761067513993E+00 a       208     0     7     1    28
 -3.0524119039435367E+00 a       209     0     7     1    29
  6.3741328167104125E+00 a       210     0     7     1    30
 -2.1136404406133824E+00 a       211     0     8     1     1
 -4.4813513867020074E+00 a       212     0     8     1     2
 -9.1885321407003140E-01 a       213     0     8     1     3
  4.9300413998234944E+00 a       214     0     8     1     4
  7.9144281118384283E+00 a       215     0     8     1     5
  4.5266148801660568E+00 a       216     0     8     1     6
 -8.0410886620660413E+00 a       217     0     8     1     7
 -1.1099359726261431E+00 a       218     0     8     1     8
  5.3910434847384252E+00 a       219     0     8     1     9
 -1.0652430843623639E+01 a       220     0     8     1    10
  4.2255947067122577E+00 a       221     0     8     1    11
  2.3436042821314467E+00 a       222     0     8     1    12
  3.4449222765680920E+00 a       223     0     8     1    13
 -9.9148125253083244E+00 a       224     0     8     1    14
  6.4198817857292463E+00 a       225     0     8     1    15
  4.8695572310890789E+00 a       226     0     8     1    16
  2.2414811728357185E+00 a       227     0     8     1    17
 -1.0273398243380878E+00 a       228     0     8     1    18
 -1.0248626729147702E+01 a       229     0     8     1    19
  1.0910449206583008E+01 a       230     0     8     1    20
 -1.5224187880907127E+01 a       231     0     8     1    21
  2.4861240726407106E+00 a       232     0     8     1    22
  1.1933094203926402E+01 a       233     0     8     1    23
  1.5245757733961551E+00 a       234     0     8     1    24
  5.8081076296789069E+00 a       235     0     8     1    25
 -2.0472771016173449E-01 a       236     0     8     1    26
  1.2782503218280723E+00 a       237     0     8     1    27
  3.3261707023322384E+00 a       238     0     8     1    28
  2.4255957696800818E+00 a       239     0     8     1    29
  1.8523332662055694E+00 a       240     0     8     1    30
 -1.4185039872731027E+00 a       241     0     9     1     1
  3.1136632030119107E+00 a       242     0     9     1     2
 -1.9550578789373025E+00 a       243     0     9     1     3
  1.0091408883305957E+00 a       244     0     9     1     4
  1.5897011479084094E-01 a       245     0     9     1     5
  6.2582940173773185E+00 a       246     0     9     1     6
 -6.5188636617716682E+00 a       247     0     9     1     7
  4.2163790435869082E+00 a       248     0     9     1     8
  5.0716998594374418E-01 a       249     0     9     1     9
 -1.2719653311085721E+00 a       250     0     9     1    10
 -1.1060681205668612E+00 a       251     0     9     1    11
 -3.3466811785278971E-01 a       252     0     9     1    12
 -2.5085167960318313E+00 a       253     0     9     1    13
  2.1281590460448281E+00 a       254     0     9     1    14
  5.2991622459041485E+00 a       255     0     9     1    15
 -5.2291820840646572E+00 a       256     0     9     1    16
 -1.0549354321685962E+00 a       257     0     9     1    17
  1.2024451824783402E+00 a       258     0     9     1    18
 -4.4787948061053546E+00 a       259     0     9     1    19
 -3.5818862771868871E+00 a       260     0     9     1    20
 -1.3176217791605447E+00 a       261     0     9     1    21
  1.1974962507991349E+00 a       262     0     9     1    22
 -5.4568921145661697E-01 a       263     0     9     1    23
 -1.8475372327741697E+00 a       264     0     9     1    24
  1.5833194822819512E+00 a       265     0     9     1    25
  1.6191003690792107E+00 a       266     0     9     1    26
  2.7484332193025252E-01 a       267     0     9     1    27
  1.6574959658955981E+00 a       268     0     9     1    28
  5.1313942376089443E+00 a       269     0     9     1    29
  4.8318781152069262E-01 a       270     0     9     1    30
 -2.1859895543274850E+00 a       271     0    10     1     1
 -2.7090031401244983E+00 a       272     0    10     1     2
  6.2299438736053092E-01 a       273     0    10     1     3
 -2.0655844693502359E+00 a       274     0    10     1     4
  7.3352235916486180E-02 a       275     0    10     1     5
 -2.2490096139264915E-01 a       276     0    10     1     6
 -1.2200885903079997E+00 a       277     0    10     1     7
 -2.3961623851899740E+00 a       278     0    10     1     8
 -2.2342056391930221E-01 a       279     0    10     1     9
 -1.2318629442742204E+00 a       280     0    10     1    10
 -7.4669002011899591E-02 a       281     0    10     1    11
 -1.4622783495844855E+00 a       282     0    10     1    12
 -3.4713752440675645E+00 a       283     0    10     1    13
  1.5144141643980706E+00 a       284     0    10     1    14
  2.2013731493501334E+00 a       285     0    10     1    15
  8.4842538819508900E-02 a       286     0    10     1    16
 -8.6229437103197282E-01 a       287     0    10     1    17
 -2.3819260960499400E+00 a       288     0    10     1    18
 -1.8411383413884055E+00 a       289     0    10     1    19
 -2.8725674979807658E-02 a       290     0    10     1    20
  4.8995160227843715E-01 a       291     0    10     1    21
 -6.5258474447230519E-01 a       292     0    10     1    22
  5.4758312583921609E-01 a       293     0    10     1    23
 -1.2739071180285781E+00 a       294     0    10     1    24
 -6.8402511933241594E-01 a       295     0    10     1    25
 -4.3891878212002116E+00 a       296     0    10     1    26
 -2.9037123331698043E+00 a       297     0    10     1    27
 -9.3997933953869883E-01 a       298     0    10     1    28
 -5.3466699989847530E+00 a       299     0    10     1    29
  1.2555662709250874E+00 a       300     0    10     1    30
  2.1930580636495751E+00 a       301     0    11     1     1
  4.0439115970737678E+00 a       302     0    11     1     2
 -2.9263248061184499E-01 a       303     0    11     1     3
  4.8456522905261723E-01 a       304     0    11     1     4
 -4.1743734626707214E+00 a       305     0    11     1     5
 -7.6529250533084703E+00 a       306     0    11     1     6
  2.5401267467351474E+00 a       307     0    11     1     7
 -9.0594987994822951E+00 a       308     0    11     1     8
  2.7289938731157246E+00 a       309     0    11     1     9
 -1.4627115321428139E+00 a       310     0    11     1    10
 -1.6929722181277407E+00 a       311     0    11     1    11
  2.2291574108770518E+00 a       312     0    11     1    12
  6.7767524337879559E+00 a       313     0    11     1    13
  4.3193050376545283E+00 a       314     0    11     1    14
  5.1306188033410232E+00 a       315     0    11     1    15
 -5.7746550424734719E+00 a       316     0    11     1    16
  9.1257639204501162E-01 a       317     0    11     1    17
 -4.8758213092364517E+00 a       318     0    11     1    18
 -4.6529852625667285E+00 a       319     0    11     1    19
  2.8668838721668033E-01 a       320     0    11     1    20
  4.6666706061228709E+00 a       321     0    11     1    21
  1.6743461742720317E-01 a       322     0    11     1    22
 -4.5932039090033800E+00 a       323     0    11     1    23
 -2.3939197709046263E+00 a       324     0    11     1    24
  2.3910407808502416E+00 a       325     0    11     1    25
 -2.6970017119903691E+00 a       326     0    11     1    26
 -1.2938936115416066E-01 a       327     0    11     1    27
  2.7051401740614014E+00 a       328     0    11     1    28
 -5.2532112742650821E+00 a       329     0    11     1    29
  2.7012188922243103E+00 a       330     0    11     1    30
  4.3679313955859760E+00 a       331     0    12     1     1
 -4.7038713713360725E-01 a       332     0    12     1     2
  1.8206287823464140E-01 a       333     0    12     1     3
  2.9078664776921528E+00 a       334     0    12     1     4
  4.3496330062399311E+00 a       335     0    12     1     5
  3.3319273690441531E-01 a       336     0    12     1     6
  8.3076489827086277E+00 a       337     0    12     1     7
  7.6988308844494417E+00 a       338     0    12     1     8
  1.4566601246804749E+00 a       339     0    12     1     9
  4.0013441534804759E+00 a       340     0    12     1    10
  3.4753308787327506E+00 a       341     0    12     1    11
  2.2156934601272762E+00 a       342     0    12     1    12
 -2.9989563213210629E-01 a       343     0    12     1    13
 -2.7638091571925933E+00 a       344     0    12     1    14
 -4.0500035844293940E+00 a       345     0    12     1    15
 -2.3361992077560325E+00 a       346     0    12     1    16
 -1.3984892602842136E-03 a       347     0    12     1    17
  1.4668356338749839E+00 a       348     0    12     1    18
  2.3922351913350810E+00 a       349     0    12     1    19
  1.7465334294483854E+00 a       350     0    12     1    20
 -2.3069313901850150E+00 a       351     0    12     1    21
  4.4337577266760930E-01 a       352     0    12     1    22
 -1.4692886702593437E+00 a       353     0    12     1    23
  1.3268762445489674E-01 a       354     0    12     1    24
 -1.3507961854921569E+00 a       355     0    12     1    25
  4.1132215198440294E+00 a       356     0    12     1    26
  1.9198995408555375E+00 a       357     0    12     1    27
  2.9434707854046200E+00 a       358     0    12     1    28
 -3.6464179784827799E-03 a       359     0    12     1    29
 -4.1592229584570815E+00 a       360     0    12     1    30
 -2.5498808045579091E+00 a       361     0    13     1     1
 -2.5102305407791272E+00 a       362     0    13     1     2
  6.0184349815679186E+00 a       363     0    13     1     3
  3.2316454890935784E+00 a       364     0    13     1     4
 -1.3280754825231542E+00 a       365     0    13     1     5
 -1.5084314385615363E+00 a       366     0    13     1     6
  2.7098200985207992E+00 a       367     0    13     1     7
  7.8354186757899242E+00 a       368     0    13     1     8
  8.3769005179103075E+00 a       369     0    13     1     9
  8.2199886930750541E+00 a       370     0    13     1    10
  8.7941747194971809E-01 a       371     0    13     1    11
 -1.9640781327548305E+00 a       372     0    13     1    12
 -1.0126858200166746E+01 a       373     0    13     1    13
 -3.3338441850159324E+00 a       374     0    13     1    14
  1.9780322049019938E+00 a       375     0    13     1    15
  4.3253692149712908E+00 a       376     0    13     1    16
  6.7517027247080783E+00 a       377     0    13     1    17
  6.2815546371494762E+00 a       378     0    13     1    18
 -7.6046116856997044E+00 a       379     0    13     1    19
  4.3913782061437825E+00 a       380     0    13     1    20
 -1.2034586277411687E+00 a       381     0    13     1    21
  3.8457151033382664E-01 a       382     0    13     1    22
  4.2653625214882567E+00 a       383     0    13     1    23
 -1.1299255921943574E+01 a       384     0    13     1    24
  2.7796729971517866E+00 a       385     0    13     1    25
 -4.2271297076919083E+00 a       386     0    13     1    26
 -3.3981317330199436E+00 a       387     0    13     1    27
  3.6082035125135796E+00 a       388     0    13     1    28
 -1.0699615634614967E-02 a       389     0    13     1    29
  7.5367346867131957E+00 a       390     0    13     1    30
  4.4161826386057816E+00 a       391     0    14     1     1
  1.9913285929352171E+00 a       392     0    14     1     2
  2.3051482651013719E+00 a       393     0    14     1     3
 -5.3348210930605315E+00 a       394     0    14     1     4
  7.3906736414735121E+00 a       395     0    14     1     5
  4.7884713240452390E+00 a       396     0    14     1     6
 -4.1418839376507621E-01 a       397     0    14     1     7
  1.0905010713569789E+00 a       398     0    14     1     8
  1.7227453985363206E+00 a       399     0    14     1     9
 -4.0001044065281919E+00 a       400     0    14     1    10
 -2.7213474304653422E+00 a       401     0    14     1    11
 -1.5949185589430833E+01 a       402     0    14     1    12
  3.5267233969921898E+00 a       403     0    14     1    13
 -8.2233111679445026E-01 a       404     0    14     1    14
 -5.8132003109191759E+00 a       405     0    14     1    15
 -7.9980335785755585E+00 a       406     0    14     1    16
  4.3622637512287463E+00 a       407     0    14     1    17
 -5.7251831483209259E-01 a       408     0    14     1    18
  8.9879447410893132E+00 a       409     0    14     1    19
 -3.6391729811011784E+00 a       410     0    14     1    20
  9.4711461776414723E+00 a       411     0    14     1    21
  8.8180342267073115E+00 a       412     0    14     1    22
  1.5559392754536154E+00 a       413     0    14     1    23
  7.8607378091093749E-01 a       414     0    14     1    24
 -4.0890627103582098E+00 a       415     0    14     1    25
 -5.5194185876976940E+00 a       416     0    14     1    26
  4.0380512494596248E+00 a       417     0    14     1    27
 -1.2016173115921948E+01 a       418     0    14     1    28
 -4.3952950908064032E+00 a       419     0    14     1    29
  4.2556045528793511E+00 a       420     0    14     1    30
 -2.7786388678142786E+00 a       421     0    15     1     1
 -3.4316832220144602E+00 a       422     0    15     1     2
 -4.8339559223935469E+00 a       423     0    15     1     3
  1.0163478209553283E+01 a       424     0    15     1     4
  7.4422280947311679E+00 a       425     0    15     1     5
  3.5386282874153769E+00 a       426     0    15     1     6
 -4.1116800093061103E+00 a       427     0    15     1     7
  3.8505222747204244E+00 a       428     0    15     1     8
 -5.7521698761321911E+00 a       429     0    15     1     9
  6.4541891062112402E+00 a       430     0    15     1    10
  1.4517928622013365E+00 a       431     0    15     1    11
 -2.4825070266032516E+00 a       432     0    15     1    12
 -4.3279083963947942E+00 a       433     0    15     1    13
 -4.5013270821187907E+00 a       434     0    15     1    14
  4.3123503835492700E+00 a       435     0    15     1    15
  4.5799714554706723E+00 a       436     0    15     1    16
  1.1156607698396499E+01 a       437     0    15     1    17
  5.2881966470145496E+00 a       438     0    15     1    18
 -1.3139751884380348E+00 a       439     0    15     1    19
 -7.6022827544833593E-01 a       440     0    15     1    20
  2.9520651493008097E+00 a       441     0    15     1    21
 -3.9777863745469486E+00 a       442     0    15     1    22
  4.9235095910109985E+00 a       443     0    15     1    23
  4.0552753649074830E-01 a       444     0    15     1    24
  2.7014256524737013E-01 a       445     0    15     1    25
 -1.8203041369058361E+01 a       446     0    15     1    26
 -7.2050908663767244E+00 a       447     0    15     1    27
 -5.3906994768016370E-01 a       448     0    15     1    28
 -4.6149709282571094E-01 a       449     0    15     1    29
 -6.7919397142038243E+00 a       450     0    15     1    30
  3.4607165758833101E+00 a       451     0    16     1     1
 -3.1140479069805371E+00 a       452     0    16     1     2
 -5.2950847934069785E+00 a       453     0    16     1     3
 -1.4106298273730907E+01 a       454     0    16     1     4
  6.7854329132562785E-02 a       455     0    16     1     5
 -4.2992365633819567E+00 a       456     0    16     1     6
  3.5292382278003909E+00 a       457     0    16     1     7
 -2.4952436953764705E+00 a       458     0    16     1     8
  7.6015760202936198E+00 a       459     0    16     1     9
 -3.2943991471844081E+00 a       460     0    16     1    10
 -3.1101333771297530E+00 a       461     0    16     1    11
  8.1098480951132301E-01 a       462     0    16     1    12
  8.0145811434849570E+00 a       463     0    16     1    13
 -1.2515543359626231E+00 a       464     0    16     1    14
 -8.0585406448191250E+00 a       465     0    16     1    15
 -1.1038207539835831E+01 a       466     0    16     1    16
 -9.4930021685932733E+00 a       467     0    16     1    17
 -7.9221274888238451E+00 a       468     0    16     1    18
  1.6995135628942428E+00 a       469     0    16     1    19
  4.1202939659550326E+00 a       470     0    16     1    20
 -1.4974733391974244E+00 a       471     0    16     1    21
  5.3769560452977383E-01 a       472     0    16     1    22
 -8.9583638927934324E+00 a       473     0    16     1    23
 -3.1527993814024251E+00 a       474     0    16     1    24
 -4.6693555357398147E+00 a       475     0    16     1    25
  6.7076765073098947E+00 a       476     0    16     1    26
 -4.9989692873218070E+00 a       477     0    16     1    27
  4.8038323714106941E+00 a       478     0    16     1    28
  4.3026470518667610E+00 a       479     0    16     1    29
 -2.4939606507894556E+00 a       480     0    16     1    30
 -8.9801905768653203E+00 a       481     0    17     1     1
 -1.3754798619381225E-02 a       482     0    17     1     2
 -8.9131581568709084E+00 a       483     0    17     1     3
  3.4171768763472374E+00 a       484     0    17     1     4
 -3.2516283626516764E+00 a       485     0    17     1     5
 -2.8630476100131030E+00 a       486     0    17     1     6
  7.9460837957137886E-01 a       487     0    17     1     7
  2.8231239748053478E+00 a       488     0    17     1     8
  1.2382002612596057E+00 a       489     0    17     1     9
  4.9712331608974463E+00 a       490     0    17     1    10
  9.4416846346729439E+00 a       491     0    17     1    11
  8.2465061413722331E+00 a       492     0    17     1    12
 -7.7382234349485923E+00 a       493     0    17     1    13
  5.3059679509148250E-01 a       494     0    17     1    14
  4.2338515599164390E+00 a       495     0    17     1    15
  8.5016813129306250E+00 a       496     0    17     1    16
  2.5409999037755018E+00 a       497     0    17     1    17
  6.4979269007881362E+00 a       498     0    17     1    18
 -3.2668964988939582E+00 a       499     0    17     1    19
  1.7194610509411374E+00 a       500     0    17     1    20
 -6.2287943115484401E+00 a       501     0    17     1    21
 -2.4082481632276131E+00 a       502     0    17     1    22
 -2.9600617573024524E+00 a       503     0    17     1    23
  5.2768852668877440E+00 a       504     0    17     1    24
 -2.6424905730954009E+00 a       505     0    17     1    25
  7.6507646782588505E+00 a       506     0    17     1    26
 -4.5170563554127057E+00 a       507     0    17     1    27
  4.9381577040288951E+00 a       508     0    17     1    28
 -1.8674851666200190E+00 a       509     0    17     1    29
 -5.6351554051704147E+00 a       510     0    17     1    30
 -6.1820872881965521E+00 a       511     0    18     1     1
 -5.1846535309580819E+00 a       512     0    18     1     2
 -6.5319091269083218E+00 a       513     0    18     1     3
  1.7172369483227785E+00 a       514     0    18     1     4
  9.2538398993800730E-01 a       515     0    18     1     5
  5.0658940904934449E+00 a       516     0    18     1     6
 -1.3441752269613580E+00 a       517     0    18     1     7
 -3.4170688190292431E+00 a       518     0    18     1     8
  9.4722610957114206E-03 a       519     0    18     1     9
  2.8455180976946384E+00 a       520     0    18     1    10
  8.6929015958544333E+00 a       521     0    18     1    11
  1.4854358403230452E+00 a       522     0    18     1    12
 -2.9846614118016617E+00 a       523     0    18     1    13
  1.8417616729061497E+00 a       524     0    18     1    14
 -5.6502879564692510E+00 a       525     0    18     1    15
 -1.6628208318426172E+00 a       526     0    18     1    16
 -3.5790621418558426E+00 a       527     0    18     1    17
  3.3709562556070414E+00 a       528     0    18     1    18
  1.5005148355235716E+00 a       529     0    18     1    19
 -2.5255902386050479E+00 a       530     0    18     1    20
 -2.6900746844201286E+00 a       531     0    18     1    21
 -4.2173891203497416E-01 a       532     0    18     1    22
 -4.6240363139267737E+00 a       533     0    18     1    23
 -3.0443511289709191E+00 a       534     0    18     1    24
  5.8008154655357407E-02 a       535     0    18     1    25
  4.7479605020051574E+00 a       536     0    18     1    26
 -3.9388854760533598E+00 a       537     0    18     1    27
 -4.2735371023595405E+00 a       538     0    18     1    28
  3.8890062221565529E+00 a       539     0    18     1    29
  6.0227616988964003E+00 a       540     0    18     1    30
  6.9539825104297603E-01 a       541     0    19     1     1
  5.8609636533457472E+00 a       542     0    19     1     2
  3.3108477828940064E+00 a       543     0    19     1     3
 -1.4155516233191938E+00 a       544     0    19     1     4
  1.1199542931656317E+00 a       545     0    19     1     5
  9.4990561421181710E+00 a       546     0    19     1     6
 -5.5139642765429295E+00 a       547     0    19     1     7
  1.9557389365753002E+00 a       548     0    19     1     8
  3.7650687307262198E+00 a       549     0    19     1     9
  4.4185275438784888E-01 a       550     0    19     1    10
 -1.2302110924897423E+01 a       551     0    19     1    11
  3.5382306046648404E+00 a       552     0    19     1    12
 -1.3529235877607129E+00 a       553     0    19     1    13
  4.4299933902840971E+00 a       554     0    19     1    14
 -8.8624759865887608E+00 a       555     0    19     1    15
 -5.3167057182178645E+00 a       556     0    19     1    16
 -1.5973149042255284E+00 a       557     0    19     1    17
  1.8109488473478863E-01 a       558     0    19     1    18
 -4.5597183633124805E-01 a       559     0    19     1    19
 -1.4941705487790130E-01 a       560     0    19     1    20
  1.4778892510832222E+01 a       561     0    19     1    21
  1.0647179319414781E+00 a       562     0    19     1    22
 -3.3776733083770574E+00 a       563     0    19     1    23
 -9.6874296291884865E-01 a       564     0    19     1    24
 -1.0761646782411185E+00 a       565     0    19     1    25
 -2.6548625794709309E+00 a       566     0    19     1    26
  4.7639202853266847E+00 a       567     0    19     1    27
  2.4716720579667175E+00 a       568     0    19     1    28
  3.1997268896774695E+00 a       569     0    19     1    29
  5.2237690572210935E+00 a       570     0    19     1    30
  4.2908562262378300E+00 a       571     0    20     1     1
  5.9054925736380537E-01 a       572     0    20     1     2
  8.5791116219295276E+00 a       573     0    20     1     3
 -3.5660432508971662E-01 a       574     0    20     1     4
 -3.3294762493688266E+00 a       575     0    20     1     5
  5.2315131349378152E+00 a       576     0    20     1     6
  4.6206863081999670E+00 a       577     0    20     1     7
 -4.1149068388697421E+00 a       578     0    20     1     8
  4.5935236684668563E+00 a       579     0    20     1     9
  1.1115460987924546E+00 a       580     0    20     1    10
 -2.9903464965793125E+00 a       581     0    20     1    11
  1.1122149718478047E+00 a       582     0    20     1    12
 -6.1078445604981493E+00 a       583     0    20     1    13
  6.8182489361395744E+00 a       584     0    20     1    14
  4.2796644055782531E+00 a       585     0    20     1    15
  1.4622514950278966E+01 a       586     0    20     1    16
  2.8128349462546303E+00 a       587     0    20     1    17
 -3.6009814893132175E+00 a       588     0    20     1    18
 -6.3993043198670021E+00 a       589     0    20     1    19
 -5.9407377976853413E+00 a       590     0    20     1    20
  3.8790491337557564E+00 a       591     0    20     1    21
 -4.2287150466103105E+00 a       592     0    20     1    22
 -3.1104496902263379E+00 a       593     0    20     1    23
 -4.0475559992526540E+00 a       594     0    20     1    24
 -5.5556826421790895E+00 a       595     0    20     1    25
 -3.1756341559254347E-01 a       596     0    20     1    26
  1.0089528533853622E+01 a       597     0    20     1    27
 -9.6157126510548920E+00 a       598     0    20     1    28
  1.9772914081981843E+00 a       599     0    20     1    29
 -1.0807794476345389E+01 a       600     0    20     1    30
  3.0224834387839883E-01 a       601     0    21     1     1
  8.7753003589637473E+00 a       602     0    21     1     2
 -1.8794315447066245E+00 a       603     0    21     1     3
  1.6330113516873523E+00 a       604     0    21     1     4
  1.9655483219666567E+00 a       605     0    21     1     5
  7.2762077589488383E+00 a       606     0    21     1     6
 -1.1097011264404554E+01 a       607     0    21     1     7
 -5.6000891054112438E+00 a       608     0    21     1     8
 -4.6489165298032518E+00 a       609     0    21     1     9
 -1.7028998404931879E+00 a       610     0    21     1    10
 -1.9057854630302673E-01 a       611     0    21     1    11
  2.3730686272162900E+00 a       612     0    21     1    12
  2.0488896057441526E+00 a       613     0    21     1    13
  7.5370179794179526E+00 a       614     0    21     1    14
  1.0178104242147642E+01 a       615     0    21     1    15
 -9.9735968610104564E+00 a       616     0    21     1    16
  2.6960825179674819E+00 a       617     0    21     1    17
 -2.8409313360067179E+00 a       618     0    21     1    18
  7.7702326183051049E+00 a       619     0    21     1    19
  6.2148564622972264E+00 a       620     0    21     1    20
 -2.1708865641626147E+00 a       621     0    21     1    21
  1.0637500089617037E+01 a       622     0    21     1    22
 -8.7023316066274532E+00 a       623     0    21     1    23
 -2.2026204161886440E+00 a       624     0    21     1    24
  7.2420159942091225E+00 a       625     0    21     1    25
 -5.5068663387243688E-01 a       626     0    21     1    26
 -1.0720646602500251E+01 a       627     0    21     1    27
 -5.0612308138807078E+00 a       628     0    21     1    28
  1.5404502173918377E+00 a       629     0    21     1    29
  1.0161586747810931E+00 a       630     0    21     1    30
  3.0490619806111017E+00 a       631     0    22     1     1
 -2.1658334887914537E+00 a       632     0    22     1     2
  4.1642942111286914E+00 a       633     0    22     1     3
  1.0130808869038903E+01 a       634     0    22     1     4
  3.7039548512568929E+00 a       635     0    22     1     5
  3.5592368390096913E+00 a       636     0    22     1     6
 -5.8406108088607258E+00 a       637     0    22     1     7
  7.9754612475385125E+00 a       638     0    22     1     8
 -7.2820730377831072E-02 a       639     0    22     1     9
 -4.3683090476543107E+00 a       640     0    22     1    10
 -7.2648220522224465E+00 a       641     0    22     1    11
  5.0109337336263140E+00 a       642     0    22     1    12
 -4.7121120336842290E+00 a       643     0    22     1    13
  2.6204562016025696E+00 a       644     0    22     1    14
  3.9063767100263309E+00 a       645     0    22     1    15
  3.8701008452777086E+00 a       646     0    22     1    16
  7.5268783746629699E+00 a       647     0    22     1    17
  4.4622742342145061E-01 a       648     0    22     1    18
  4.3241406940417928E+00 a       649     0    22     1    19
 -1.1051950855539680E+01 a       650     0    22     1    20
  7.8734008539553957E-01 a       651     0    22     1    21
 -1.0030059322085879E+01 a       652     0    22     1    22
  8.5936115525073706E+00 a       653     0    22     1    23
 -1.1040908924300794E-01 a       654     0    22     1    24
  2.7159272649324460E+00 a       655     0    22     1    25
 -2.0298610084350921E+00 a       656     0    22     1    26
 -1.3699309718049941E+00 a       657     0    22     1    27
 -5.7667554949337161E+00 a       658     0    22     1    28
  6.0890578856761675E+00 a       659     0    22     1    29
  1.3526768117578360E+01 a       660     0    22     1    30
  2.3991166953275411E+00 a       661     0    23     1     1
  3.4276593346052469E+00 a       662     0    23     1     2
 -5.6211885116091258E+00 a       663     0    23     1     3
 -6.7144635891304560E-01 a       664     0    23     1     4
 -1.3482212718713278E+00 a       665     0    23     1     5
 -3.3560439688476249E+00 a       666     0    23     1     6
  3.4232434034694812E+00 a       667     0    23     1     7
  2.7608510877799084E+00 a       668     0    23     1     8
  5.0277823226921479E+00 a       669     0    23     1     9
 -8.2190604125495845E+00 a       670     0    23     1    10
  3.7003238827052343E+00 a       671     0    23     1    11
  2.4706103803757715E+00 a       672     0    23     1    12
  1.4272943767246971E+00 a       673     0    23     1    13
 -2.4962486701317705E+00 a       674     0    23     1    14
  7.8831221682710133E+00 a       675     0    23     1    15
  9.5950696704108207E+00 a       676     0    23     1    16
 -1.7153522444663198E+00 a       677     0    23     1    17
  5.3528005234932596E+00 a       678     0    23     1    18
 -1.7039389303471972E+00 a       679     0    23     1    19
  7.8329772553323374E-01 a       680     0    23     1    20
  5.0349782668949672E-01 a       681     0    23     1    21
 -7.9479247655584784E+00 a       682     0    23     1    22
 -1.0395909128141827E+00 a       683     0    23     1    23
  4.0223153661888063E+00 a       684     0    23     1    24
  1.6131951230294741E+00 a       685     0    23     1    25
 -2.0573298974512522E+00 a       686     0    23     1    26
  4.8672741178129346E+00 a       687     0    23     1    27
  5.9286159986221856E+00 a       688     0    23     1    28
 -1.4983477999225514E+00 a       689     0    23     1    29
 -9.9135463494183784E-01 a       690     0    23     1    30
 -6.0066704286862027E+00 a       691     0    24     1     1
  2.7669701772874484E+00 a       692     0    24     1     2
 -5.9759858358260463E+00 a       693     0    24     1     3
  6.1465547393475706E-01 a       694     0    24     1     4
 -3.5647251257134207E+00 a       695     0    24     1     5
 -4.1440074059265397E+00 a       696     0    24     1     6
  5.2640870851447223E+00 a       697     0    24     1     7
 -4.2130969559516167E+00 a       698     0    24     1     8
 -4.6473371110761184E+00 a       699     0    24     1     9
  3.7300605876571247E+00 a       700     0    24     1    10
  2.0879674636873706E+00 a       701     0    24     1    11
  2.4755793911340569E+00 a       702     0    24     1    12
  4.7865577825970833E+00 a       703     0    24     1    13
  4.0048609835237565E+00 a       704     0    24     1    14
  9.0310630191377470E+00 a       705     0    24     1    15
  6.5759682108479520E+00 a       706     0    24     1    16
 -9.2924529442185533E-01 a       707     0    24     1    17
 -7.8393660577644892E+00 a       708     0    24     1    18
  3.8066406221572846E+00 a       709     0    24     1    19
  3.4245416441804268E+00 a       710     0    24     1    20
  3.4329101308702958E-01 a       711     0    24     1    21
 -4.6162045014965010E+00 a       712     0    24     1    22
 -4.0018008489275338E+00 a       713     0    24     1    23
 -9.4114731349803549E-01 a       714     0    24     1    24
  7.4073913473377679E+00 a       715     0    24     1    25
 -3.2512995861394285E+00 a       716     0    24     1    26
 -1.4375243142262666E+00 a       717     0    24     1    27
  5.6367791973202797E-01 a       718     0    24     1    28
 -6.5872736970635399E+00 a       719     0    24     1    29
  6.3477416559362867E+00 a       720     0    24     1    30
  1.4658857322590316E+01 a       721     0    25     1     1
 -9.5108667934577404E+00 a       722     0    25     1     2
 -7.2968859317117909E+00 a       723     0    25     1     3
 -1.9306278923914266E+00 a       724     0    25     1     4
  3.0251900057559151E+00 a       725     0    25     1     5
 -9.7109926710087557E-01 a       726     0    25     1     6
  7.3438748660165727E+00 a       727     0    25     1     7
  7.4797762827991683E+00 a       728     0    25     1     8
 -3.5406674314369990E+00 a       729     0    25     1     9
  1.7995666560112911E+00 a       730     0    25     1    10
  9.5859183100920511E+00 a       731     0    25     1    11
 -3.6713834483221932E+00 a       732     0    25     1    12
 -1.7995753037406315E+00 a       733     0    25     1    13
 -1.1773496041572664E+00 a       734     0    25     1    14
 -6.0771780419984349E+00 a       735     0    25     1    15
  1.3964535110140641E+00 a       736     0    25     1    16
 -1.9449873807000042E+00 a       737     0    25     1    17
 -2.4666356581933319E-01 a       738     0    25     1    18
 -6.4256129637917270E-01 a       739     0    25     1    19
 -2.1314587714290059E+00 a       740     0    25     1    20
 -1.5288656277218726E+00 a       741     0    25     1    21
  1.2118466212776843E+01 a       742     0    25     1    22
 -6.9753847577558838E+00 a       743     0    25     1    23
  2.6856257650041169E+00 a       744     0    25     1    24
 -7.8339223040170758E+00 a       745     0    25     1    25
  3.9215716935561278E+00 a       746     0    25     1    26
 -4.5584251478538990E-01 a       747     0    25     1    27
  6.2817608902061925E+00 a       748     0    25     1    28
 -4.0287056867869859E+00 a       749     0    25     1    29
  7.2836124646873870E+00 a       750     0    25     1    30
  3.2327312060226174E+00 a       751     0    26     1     1
  8.0787519937636958E+00 a       752     0    26     1     2
  3.8275654109810318E+00 a       753     0    26     1     3
 -3.4350854735977818E+00 a       754     0    26     1     4
 -2.2503227975978235E+00 a       755     0    26     1     5
 -1.8183677203476141E+00 a       756     0    26     1     6
  6.1075767201319320E-01 a       757     0    26     1     7
  2.3631300586551212E+00 a       758     0    26     1     8
  5.0982751203263570E+00 a       759     0    26     1     9
  2.9075741473787735E+00 a       760     0    26     1    10
 -9.1087510927192756E+00 a       761     0    26     1    11
 -6.9590389965929678E+00 a       762     0    26     1    12
 -4.5087192099937290E-01 a       763     0    26     1    13
  3.9518016042826054E-01 a       764     0    26     1    14
 -4.0307306613125304E-01 a       765     0    26     1    15
  2.2465877373940651E-01 a       766     0    26     1    16
  6.1710234938071826E+00 a       767     0    26     1    17
 -6.7330099703662389E+00 a       768     0    26     1    18
 -8.7033169597686957E+00 a       769     0    26     1    19
  9.9581142927086230E-01 a       770     0    26     1    20
  3.9806896429565155E+00 a       771     0    26     1    21
 -1.1913175159509417E+00 a       772     0    26     1    22
  3.1118786104164666E+00 a       773     0    26     1    23
 -4.0317796249163100E+00 a       774     0    26     1    24
 -1.6777954733074625E+00 a       775     0    26     1    25
  8.4222238005735500E-02 a       776     0    26     1    26
  8.3226054724249443E-01 a       777     0    26     1    27
 -3.5368334317860306E+00 a       778     0    26     1    28
 -8.0907662070362392E+00 a       779     0    26     1    29
 -4.3986657368727151E+00 a       780     0    26     1    30
 -2.7290236905347358E+00 a       781     0    27     1     1
 -2.5251394892747250E+00 a       782     0    27     1     2
  4.7729524844566145E+00 a       783     0    27     1     3
 -3.3893022033093922E+00 a       784     0    27     1     4
  5.8616942040535260E+00 a       785     0    27     1     5
 -1.5982254766590263E+00 a       786     0    27     1     6
 -6.9540368305047897E+00 a       787     0    27     1     7
  2.9356224598852103E+00 a       788     0    27     1     8
 -1.8202113604355075E-01 a       789     0    27     1     9
 -7.3533062002615646E+00 a       790     0    27     1    10
  6.4465109081229977E-01 a       791     0    27     1    11
  5.6574101604772951E+00 a       792     0    27     1    12
  6.7325557807034517E+00 a       793     0    27     1    13
 -1.9847948848679025E+00 a       794     0    27     1    14
  5.0232306661934949E+00 a       795     0    27     1    15
 -1.9490657297976060E+01 a       796     0    27     1    16
 -5.7534980009108567E+00 a       797     0    27     1    17
  7.3267290712588773E-01 a       798     0    27     1    18
  5.4301170559952299E+00 a       799     0    27     1    19
  1.1918411384108950E+01 a       800     0    27     1    20
 -2.1158267475534243E+00 a       801     0    27     1    21
  9.4811375358553884E-01 a       802     0    27     1    22
  1.0387671230947062E+01 a       803     0    27     1    23
  5.2169258427766287E+00 a       804     0    27     1    24
  8.6096053286821572E+00 a       805     0    27     1    25
 -1.3976593949410832E-01 a       806     0    27     1    26
 -4.8321499034073936E+00 a       807     0    27     1    27
  7.9042606757442453E+00 a       808     0    27     1    28
  4.7716212751359013E+00 a       809     0    27     1    29
  7.8697268335988255E+00 a       810     0    27     1    30
 -1.7479817093949146E+00 a       811     0    28     1     1
 -1.6117796877437747E+00 a       812     0    28     1     2
  2.6251744366813421E+00 a       813     0    28     1     3
  7.8501041225686685E-02 a       814     0    28     1     4
 -3.0108913104804826E+00 a       815     0    28     1     5
 -6.8510626346590895E+00 a       816     0    28     1     6
  2.4815303637976083E+00 a       817     0    28     1     7
 -8.1840378284396635E+00 a       818     0    28     1     8
  6.2173747911226818E-01 a       819     0    28     1     9
  5.4182761569406166E+00 a       820     0    28     1    10
  1.4132879078215401E+00 a       821     0    28     1    11
  4.5773803329117857E-01 a       822     0    28     1    12
  1.3160913092859741E+00 a       823     0    28     1    13
 -2.4692594290035954E+00 a       824     0    28     1    14
 -9.9171346869467278E+00 a       825     0    28     1    15
  9.3171428456602168E-01 a       826     0    28     1    16
 -4.9640075856820465E+00 a       827     0    28     1    17
 -4.0563810046180535E+00 a       828     0    28     1    18
 -7.2226823952283397E+00 a       829     0    28     1    19
  3.5607449206164414E+00 a       830     0    28     1    20
  4.3593805798689287E+00 a       831     0    28     1    21
  6.9473168439612953E+00 a       832     0    28     1    22
  1.4993679467667782E+00 a       833     0    28     1    23
  9.9183991209705735E-01 a       834     0    28     1    24
 -3.6946718677823114E+00 a       835     0    28     1    25
  3.4429334761346198E+00 a       836     0    28     1    26
  5.4689395709682849E+00 a       837     0    28     1    27
  3.8594482189172115E+00 a       838     0    28     1    28
 -7.2624345213259174E+00 a       839     0    28     1    29
 -8.6952939184825766E+00 a       840     0    28     1    30
 -8.1721885013197149E+00 a       841     0    29     1     1
  1.4729625123945436E+00 a       842     0    29     1     2
  7.3523864038249052E+00 a       843     0    29     1     3
 -3.1889682468985914E-01 a       844     0    29     1     4
 -3.9784336060823864E+00 a       845     0    29     1     5
 -3.8204020929539237E+00 a       846     0    29     1     6
 -4.5757548528894372E+00 a       847     0    29     1     7
 -5.6343017345232491E+00 a       848     0    29     1     8
  2.8174397251102858E+00 a       849     0    29     1     9
  4.3630558595629978E+00 a       850     0    29     1    10
 -3.6665834666970536E+00 a       851     0    29     1    11
 -1.8739569811367993E+00 a       852     0    29     1    12
  7.7364578131821347E+00 a       853     0    29     1    13
  8.3283277884467677E-01 a       854     0    29     1    14
 -5.1184332268671859E+00 a       855     0    29     1    15
 -3.4170494291940665E+00 a       856     0    29     1    16
  1.1322711068656920E-01 a       857     0    29     1    17
 -2.8250471900013657E-01 a       858     0    29     1    18
 -4.2306242482770200E+00 a       859     0    29     1    19
  9.5102724151667895E-01 a       860     0    29     1    20
  6.3988969710019212E+00 a       861     0    29     1    21
 -6.8882574089668953E+00 a       862     0    29     1    22
  1.7569884311522948E+01 a       863     0    29     1    23
 -5.7114064894869108E+00 a       864     0    29     1    24
 -2.4169067004279005E-01 a       865     0    29     1    25
  1.7113596341655533E+00 a       866     0    29     1    26
  1.7970557844925223E+00 a       867     0    29     1    27
 -1.1325587822909295E+00 a       868     0    29     1    28
  2.6008673233683872E+00 a       869     0    29     1    29
 -7.4499194406144087E-01 a       870     0    29     1    30
  7.1203489297407581E+00 a       871     0    30     1     1
 -2.9344272967518457E+00 a       872     0    30     1     2
  2.9185229032227551E+00 a       873     0    30     1     3
  2.4912952824938426E+00 a       874     0    30     1     4
  5.4025727697401189E+00 a       875     0    30     1     5
 -5.7153786439225396E-01 a       876     0    30     1     6
 -1.4373115776015881E+01 a       877     0    30     1     7
  5.6284867856668019E-01 a       878     0    30     1     8
 -4.7505173718057820E+00 a       879     0    30     1     9
 -3.0186514310028905E+00 a       880     0    30     1    10
  1.2228943682801217E+01 a       881     0    30     1    11
  5.0528321662759346E-01 a       882     0    30     1    12
  7.9576127916303676E+00 a       883     0    30     1    13
  8.4650637245853799E-01 a       884     0    30     1    14
  1.8690888509840223E-01 a       885     0    30     1    15
  6.7751650788219839E+00 a       886     0    30     1    16
 -6.5275634305171142E+00 a       887     0    30     1    17
 -1.3296492029988929E-01 a       888     0    30     1    18
  6.0406685870452961E+00 a       889     0    30     1    19
 -1.2221703881639666E+01 a       890     0    30     1    20
 -7.0441961020048316E+00 a       891     0    30     1    21
 -1.6575861772395661E+00 a       892     0    30     1    22
  9.9088988870247730E-01 a       893     0    30     1    23
  2.2163579014157273E+00 a       894     0    30     1    24
  1.3328153257267714E+00 a       895     0    30     1    25
  8.7084415492761504E+00 a       896     0    30     1    26
  6.4322058565971991E+00 a       897     0    30     1    27
 -3.4246713167207687E+00 a       898     0    30     1    28
  9.8165792978455269E+00 a       899     0    30     1    29
  4.9789199826644062E+00 a       900     0    30     1    30
 -3.9256814928510686E-01 a       901     0    31     1     1
 -1.7305103759832572E+00 a       902     0    31     1     2
 -2.3759351624760310E+00 a       903     0    31     1     3
  6.7785337787533795E+00 a       904     0    31     1     4
  3.1070319476872714E+00 a       905     0    31     1     5
  6.1141427607973586E+00 a       906     0    31     1     6
 -2.8224976904094414E+00 a       907     0    31     1     7
  9.1127857429284518E+00 a       908     0    31     1     8
 -9.6313564863160228E-03 a       909     0    31     1     9
 -2.0388120480721619E+00 a       910     0    31     1    10
  1.8776963188818532E+00 a       911     0    31     1    11
 -8.9670201117840040E+00 a       912     0    31     1    12
  1.3986479437699033E+00 a       913     0    31     1    13
  7.8976739153591309E+00 a       914     0    31     1    14
  5.7580012639393301E+00 a       915     0    31     1    15
 -4.9837964000171526E+00 a       916     0    31     1    16
 -6.0496028512749564E+00 a       917     0    31     1    17
  1.6054295914668857E+00 a       918     0    31     1    18
  6.9250239374198532E+00 a       919     0    31     1    19
 -4.0007709235031008E+00 a       920     0    31     1    20
  4.7272114459936931E+00 a       921     0    31     1    21
  4.6580725817169810E+00 a       922     0    31     1    22
  3.6561760197302622E+00 a       923     0    31     1    23
  7.4238138342049997E-01 a       924     0    31     1    24
 -1.1573746731812462E-01 a       925     0    31     1    25
 -9.7965685295141403E-01 a       926     0    31     1    26
  6.4521080845811500E+00 a       927     0    31     1    27
  1.7100699494238905E+00 a       928     0    31     1    28
  2.7647992812247653E+00 a       929     0    31     1    29
  8.9845447895369617E+00 a       930     0    31     1    30
  1.4874161664855934E+00 a       931     0    32     1     1
 -3.5387548336105112E-01 a       932     0    32     1     2
 -2.1768752748406639E+00 a       933     0    32     1     3
  2.1408547847296906E+00 a       934     0    32     1     4
 -1.5447363466003043E+00 a       935     0    32     1     5
 -6.3796827075186311E+00 a       936     0    32     1     6
  3.5210813508576344E-01 a       937     0    32     1     7
 -2.7199224940992717E+00 a       938     0    32     1     8
  4.5887191240326626E+00 a       939     0    32     1     9
  5.8893145581580066E+00 a       940     0    32     1    10
 -7.4629276791199656E-02 a       941     0    32     1    11
  3.5093617126010884E-01 a       942     0    32     1    12
  1.9328240031247732E+00 a       943     0    32     1    13
 -1.2066788554959622E+00 a       944     0    32     1    14
 -5.3697922086898497E+00 a       945     0    32     1    15
  4.2458177091446601E+00 a       946     0    32     1    16
 -1.9680992610313333E+00 a       947     0    32     1    17
  8.6044998569675180E+00 a       948     0    32     1    18
  6.4754786767674730E+00 a       949     0    32     1    19
  1.4897038610728268E+00 a       950     0    32     1    20
  4.2067397086943679E+00 a       951     0    32     1    21
 -7.2573866407122916E+00 a       952     0    32     1    22
 -6.5002056961994299E+00 a       953     0    32     1    23
 -3.4422259962799115E+00 a       954     0    32     1    24
  3.5643726873686910E+00 a       955     0    32     1    25
  2.2996598123293288E-01 a       956     0    32     1    26
  2.8049429153951988E+00 a       957     0    32     1    27
  5.6387280712258625E-02 a       958     0    32     1    28
 -5.0324941182395797E+00 a       959     0    32     1    29
 -1.6076250396966014E+00 a       960     0    32     1    30
 -2.4788658359469595E+00 a       961     0    33     1     1
 -3.1757780393243071E+00 a       962     0    33     1     2
  4.4582465815569190E+00 a       963     0    33     1     3
  1.1572946239701954E+01 a       964     0    33     1     4
  3.4810739529850516E+00 a       965     0    33     1     5
 -4.0850293784589340E+00 a       966     0    33     1     6
  8.4905356022320411E-02 a       967     0    33     1     7
 -3.0187971335951662E+00 a       968     0    33     1     8
 -2.9713094508579094E+00 a       969     0    33     1     9
  2.6223793838794296E+00 a       970     0    33     1    10
  2.9108136698316716E+00 a       971     0    33     1    11
  4.1096158618271428E+00 a       972     0    33     1    12
 -2.2422770485374892E+00 a       973     0    33     1    13
  3.2544471840925371E+00 a       974     0    33     1    14
  6.6989372414223283E+00 a       975     0    33     1    15
 -4.2380094245182836E+00 a       976     0    33     1    16
 -1.5484027029722234E+00 a       977     0    33     1    17
 -4.5905978554822457E+00 a       978     0    33     1    18
 -5.9082872117805918E+00 a       979     0    33     1    19
 -6.8642278137954467E+00 a       980     0    33     1    20
 -1.9085749311975891E-01 a       981     0    33     1    21
  4.0657371978343821E+00 a       982     0    33     1    22
  7.4937717803761998E+00 a       983     0    33     1    23
 -3.3965071993654412E+00 a       984     0    33     1    24
 -1.2254225537357714E+01 a       985     0    33     1    25
  1.2648657749778830E-01 a       986     0    33     1    26
  5.4856714930826822E+00 a       987     0    33     1    27
  1.2161301369453067E+01 a       988     0    33     1    28
 -9.7241700644058540E+00 a       989     0    33     1    29
  6.5510735351895546E+00 a       990     0    33     1    30
 -2.6882728594749544E-01 a       991     0    34     1     1
 -1.1380510902372309E+00 a       992     0    34     1     2
  4.2814245949869676E+00 a       993     0    34     1     3
 -1.0716453771009769E+01 a       994     0    34     1     4
 -1.9006209513558616E+00 a       995     0    34     1     5
  4.1866285676003292E+00 a       996     0    34     1     6
 -3.3237495522792460E-01 a       997     0    34     1     7
 -2.9264440218535501E+00 a       998     0    34     1     8
  8.6419542017681605E-01 a       999     0    34     1     9
  4.0570460560043617E+00 a      1000     0    34     1    10
 -1.7859876641245748E-01 a      1001     0    34     1    11
 -5.4461435359303312E-01 a      1002     0    34     1    12
 -8.7682169140647765E+00 a      1003     0    34     1    13
 -3.6304654099180467E-01 a      1004     0    34     1    14
  2.3248900863979327E+00 a      1005     0    34     1    15
  3.8481381864329678E+00 a      1006     0    34     1    16
  2.1946925034443301E+00 a      1007     0    34     1    17
  1.4137654195438356E+00 a      1008     0    34     1    18
  1.6521290775663646E+00 a      1009     0    34     1    19
  9.2646335893970277E-01 a      1010     0    34     1    20
  4.6191246008462770E+00 a      1011     0    34     1    21
  2.4803559238501096E+00 a      1012     0    34     1    22
 -1.4310871692293015E+00 a      1013     0    34     1    23
  2.2498335566338579E+00 a      1014     0    34     1    24
  7.5624725403733750E-01 a      1015     0    34     1    25
  5.6260902466568883E+00 a      1016     0    34     1    26
 -3.4642388753860955E+00 a      1017     0    34     1    27
  5.8365793765347291E+00 a      1018     0    34     1    28
 -1.2274498694392566E+00 a      1019     0    34     1    29
  2.6557535957280756E+00 a      1020     0    34     1    30
  9.7607385156597160E-01 a      1021     0    35     1     1
  2.4765517287614696E+00 a      1022     0    35     1     2
 -4.7160730013682892E+00 a      1023     0    35     1     3
 -4.8553330989721086E+00 a      1024     0    35     1     4
 -3.9846133307633744E+00 a      1025     0    35     1     5
  1.3090908388764220E+00 a      1026     0    35     1     6
 -2.5475479405428731E+00 a      1027     0    35     1     7
 -4.4800677720936495E+00 a      1028     0    35     1     8
  8.5273199270342392E-01 a      1029     0    35     1     9
 -3.4323964132793452E+00 a      1030     0    35     1    10
 -2.8852206353006213E+00 a      1031     0    35     1    11
 -6.7852946080122019E+00 a      1032     0    35     1    12
 -2.4013205950366645E+00 a      1033     0    35     1    13
 -3.0524361243210580E+00 a      1034     0    35     1    14
 -1.0738129407387678E+01 a      1035     0    35     1    15
  7.6347322378865834E-01 a      1036     0    35     1    16
  5.1795665139116054E-01 a      1037     0    35     1    17
 -1.4263016529547343E+00 a      1038     0    35     1    18
  1.9534588128230174E-01 a      1039     0    35     1    19
 -2.2710043759066747E+00 a      1040     0    35     1    20
 -1.4344003183772349E+00 a      1041     0    35     1    21
  3.3049539672330552E-01 a      1042     0    35     1    22
  9.8838435737705144E-01 a      1043     0    35     1    23
  4.5445326467674096E+00 a      1044     0    35     1    24
  3.2406344629657178E+00 a      1045     0    35     1    25
 -8.2415943588637286E-01 a      1046     0    35     1    26
  1.1295599431598806E+00 a      1047     0    35     1    27
 -6.6443021536477147E+00 a      1048     0    35     1    28
  3.9995382836602742E+00 a      1049     0    35     1    29
 -7.7811645576130841E+00 a      1050     0    35     1    30
  2.4668566194203168E+00 a      1051     0    36     1     1
 -1.5297547016594035E+00 a      1052     0    36     1     2
 -2.3442757281929207E+00 a      1053     0    36     1     3
  6.1234001447774391E+00 a      1054     0    36     1     4
 -1.5306838998715031E+00 a      1055     0    36     1     5
  3.5867618481925749E+00 a      1056     0    36     1     6
 -5.9038098179281349E+00 a      1057     0    36     1     7
  3.9341439430451590E+00 a      1058     0    36     1     8
 -5.4917502286008864E+00 a      1059     0    36     1     9
  2.0422695903615016E+00 a      1060     0    36     1    10
 -1.4994584253728629E+00 a      1061     0    36     1    11
 -6.1844005476012276E-01 a      1062     0    36     1    12
  8.1615574393811696E-01 a      1063     0    36     1    13
 -1.1497782239476444E+00 a      1064     0    36     1    14
 -2.0116359343166552E+00 a      1065     0    36     1    15
 -5.3894601433479288E+00 a      1066     0    36     1    16
 -5.4975141598894171E+00 a      1067     0    36     1    17
  6.1924097524734290E-01 a      1068     0    36     1    18
 -3.5460474044351908E+00 a      1069     0    36     1    19
 -7.5527780480344102E+00 a      1070     0    36     1    20
 -7.0090385956679935E+00 a      1071     0    36     1    21
 -3.9114648514021124E+00 a      1072     0    36     1    22
  1.6913478976337855E+00 a      1073     0    36     1    23
  5.6094625669205493E+00 a      1074     0    36     1    24
  2.4616045644071773E+00 a      1075     0    36     1    25
 -1.1773559397179283E+00 a      1076     0    36     1    26
 -7.6145610051942336E-01 a      1077     0    36     1    27
 -3.8898690079483162E+00 a      1078     0    36     1    28
  3.1680105265987120E+00 a      1079     0    36     1    29
 -7.7398882472423036E+00 a      1080     0    36     1    30
  6.0361361230169253E-01 a      1081     0    37     1     1
  2.0596012717183463E+00 a      1082     0    37     1     2
 -1.2367534468960135E+00 a      1083     0    37     1     3
  2.9662866066661278E+00 a      1084     0    37     1     4
  3.0112447961662752E+00 a      1085     0    37     1     5
 -5.4899680044653634E+00 a      1086     0    37     1     6
  4.6037291506364380E+00 a      1087     0    37     1     7
  4.4934962549530608E+00 a      1088     0    37     1     8
 -7.1121509046137732E-01 a      1089     0    37     1     9
 -1.1762606395021389E+00 a      1090     0    37     1    10
 -2.0508623204668477E+00 a      1091     0    37     1    11
  1.8589314830907511E-01 a      1092     0    37     1    12
  5.0044144849761674E+00 a      1093     0    37     1    13
 -1.3349730572873442E-01 a      1094     0    37     1    14
 -7.4165158429939089E+00 a      1095     0    37     1    15
 -2.8005694378462564E+00 a      1096     0    37     1    16
  1.1279887441872540E+00 a      1097     0    37     1    17
  6.2158574203012007E-01 a      1098     0    37     1    18
 -1.1792509188453149E-02 a      1099     0    37     1    19
  1.2880329290564965E+00 a      1100     0    37     1    20
 -1.0193817248951478E+00 a      1101     0    37     1    21
  1.7848907475754319E+00 a      1102     0    37     1    22
  2.3875749157213799E-02 a      1103     0    37     1    23
 -9.1837581601616662E+00 a      1104     0    37     1    24
 -1.9209826969166961E+00 a      1105     0    37     1    25
  1.4322201741891435E-01 a      1106     0    37     1    26
  1.9577391156311222E-01 a      1107     0    37     1    27
  1.8427527205816219E+00 a      1108     0    37     1    28
  2.9551470158667708E+00 a      1109     0    37     1    29
  8.2830489237760698E+00 a      1110     0    37     1    30
 -3.5184074895579487E+00 a      1111     0    38     1     1
  3.6299505582680802E+00 a      1112     0    38     1     2
  1.9809550313325280E-01 a      1113     0    38     1     3
 -9.8471132823330123E+00 a      1114     0    38     1     4
  2.8317733402597494E+00 a      1115     0    38     1     5
  1.7892107406275642E-01 a      1116     0    38     1     6
  3.7644063764436972E+00 a      1117     0    38     1     7
 -1.0209643605474261E+01 a      1118     0    38     1     8
  5.2258153271952450E+00 a      1119     0    38     1     9
 -4.2094074234243388E+00 a      1120     0    38     1    10
 -3.3583126688401022E+00 a      1121     0    38     1    11
  5.7855430525027298E+00 a      1122     0    38     1    12
  2.0886937325753911E+00 a      1123     0    38     1    13
 -2.4484438904857275E+00 a      1124     0    38     1    14
 -9.1707876246015143E+00 a      1125     0    38     1    15
  5.4034501196253091E+00 a      1126     0    38     1    16
  4.8375704154445707E+00 a      1127     0    38     1    17
 -7.1253775605309411E+00 a      1128     0    38     1    18
  2.1009119029894956E+00 a      1129     0    38     1    19
  8.9521023755369082E+00 a      1130     0    38     1    20
  4.9429779433463823E+00 a      1131     0    38     1    21
  5.8117900069897921E-01 a      1132     0    38     1    22
 -5.6507070477414088E+00 a      1133     0    38     1    23
 -4.4012794887621585E+00 a      1134     0    38     1    24
  6.6009625449010985E+00 a      1135     0    38     1    25
 -2.5424257926354250E+00 a      1136     0    38     1    26
 -3.6968225024558339E+00 a      1137     0    38     1    27
 -5.6109543488535962E+00 a      1138     0    38     1    28
 -1.3148199032898827E-01 a      1139     0    38     1    29
  3.2989363193950281E+00 a      1140     0    38     1    30
 -7.9637760895810610E+00 a      1141     0    39     1     1
 -1.6574612226260341E+00 a      1142     0    39     1     2
 -2.2168810136319754E+00 a      1143     0    39     1     3
  4.0095358807935009E+00 a      1144     0    39     1     4
  3.7686798751673609E+00 a      1145     0    39     1     5
  2.2999895626918803E+00 a      1146     0    39     1     6
 -2.7647576457601470E+00 a      1147     0    39     1     7
 -4.7867257619179284E+00 a      1148     0    39     1     8
 -1.3934028502773126E+00 a      1149     0    39     1     9
 -1.7727964720396154E+00 a      1150     0    39     1    10
  3.7653251079743355E+00 a      1151     0    39     1    11
 -2.7903040318570693E-01 a      1152     0    39     1    12
 -5.1504641492852421E-01 a      1153     0    39     1    13
  9.2219865312550340E+00 a      1154     0    39     1    14
 -9.5919804314078991E+00 a      1155     0    39     1    15
  1.1691745072497763E+00 a      1156     0    39     1    16
  3.7661318620473305E+00 a      1157     0    39     1    17
 -1.4689719867058071E+00 a      1158     0    39     1    18
  4.7276030418114718E+00 a      1159     0    39     1    19
  2.5291590720223192E+00 a      1160     0    39     1    20
 -7.8395536355171362E+00 a      1161     0    39     1    21
  4.6328765661898696E+00 a      1162     0    39     1    22
  4.8781249259467181E+00 a      1163     0    39     1    23
 -9.9568524731583015E+00 a      1164     0    39     1    24
  3.7234757388610937E+00 a      1165     0    39     1    25
 -6.7693220285244422E+00 a      1166     0    39     1    26
  2.4779966570408858E+00 a      1167     0    39     1    27
 -1.1719656689248220E+01 a      1168     0    39     1    28
  7.5580260938269275E+00 a      1169     0    39     1    29
 -9.0735088641669890E+00 a      1170     0    39     1    30
 -3.2083885962035947E+00 a      1171     0    40     1     1
 -7.4421471943122131E-01 a      1172     0    40     1     2
  1.6689621787269548E+00 a      1173     0    40     1     3
  1.2628670104209951E+01 a      1174     0    40     1     4
 -4.6416731222614835E+00 a      1175     0    40     1     5
 -1.5998621164621992E+01 a      1176     0    40     1     6
  1.7897589379317511E+00 a      1177     0    40     1     7
 -8.7145569651048387E+00 a      1178     0    40     1     8
 -3.7414895923771896E-01 a      1179     0    40     1     9
 -3.7403402650939261E+00 a      1180     0    40     1    10
  3.5631210082825743E-01 a      1181     0    40     1    11
  5.9650405865141076E+00 a      1182     0    40     1    12
 -1.4845943877534649E+00 a      1183     0    40     1    13
  3.0198661179251434E+00 a      1184     0    40     1    14
  7.6775211342110730E+00 a      1185     0    40     1    15
  2.4991734191466151E+00 a      1186     0    40     1    16
 -2.2738648889958393E+00 a      1187     0    40     1    17
 -6.7504470039175555E+00 a      1188     0    40     1    18
 -1.0977633143088477E+00 a      1189     0    40     1    19
 -3.6548121848135690E-01 a      1190     0    40     1    20
  3.4846091209914842E+00 a      1191     0    40     1    21
 -1.1642309273661002E+01 a      1192     0    40     1    22
  3.9563394624490273E+00 a      1193     0    40     1    23
  4.4342873557623408E+00 a      1194     0    40     1    24
 -6.5891014863477011E+00 a      1195     0    40     1    25
  1.7519966276254357E+00 a      1196     0    40     1    26
 -1.1510285800939000E+01 a      1197     0    40     1    27
  4.7291481051693349E+00 a      1198     0    40     1    28
  5.8566825852378113E+00 a      1199     0    40     1    29
 -1.0447162501919721E+01 a      1200     0    40     1    30
  1.0118367075024692E+00 a      1201     0    41     1     1
 -1.7572259363840854E+00 a      1202     0    41     1     2
 -8.9500608659805039E+00 a      1203     0    41     1     3
 -1.2282039240913374E+01 a      1204     0    41     1     4
 -7.5780279035374276E-01 a      1205     0    41     1     5
  7.4353065607484892E+00 a      1206     0    41     1     6
  2.0973425209984002E+00 a      1207     0    41     1     7
 -5.2164827383441006E+00 a      1208     0    41     1     8
 -7.6071515910866483E-01 a      1209     0    41     1     9
 -2.4621890145769934E+00 a      1210     0    41     1    10
 -5.4185189711765303E-01 a      1211     0    41     1    11
 -1.1960557387029191E+01 a      1212     0    41     1    12
  4.0484183341337676E+00 a      1213     0    41     1    13
 -4.5382377841193327E+00 a      1214     0    41     1    14
  3.4706914221403848E+00 a      1215     0    41     1    15
  3.9910674222279168E+00 a      1216     0    41     1    16
  1.1706824640546071E+01 a      1217     0    41     1    17
 -3.3070924740438623E-01 a      1218     0    41     1    18
 -9.3007716122522488E-01 a      1219     0    41     1    19
  4.9471762787746512E+00 a      1220     0    41     1    20
 -1.7856185342598654E+00 a      1221     0    41     1    21
 -3.4838697927155859E+00 a      1222     0    41     1    22
  4.8478127561660225E+00 a      1223     0    41     1    23
 -2.3300777515116597E+00 a      1224     0    41     1    24
  4.1306322563972069E+00 a      1225     0    41     1    25
  9.5697527696997806E+00 a      1226     0    41     1    26
  5.1043642941156753E-01 a      1227     0    41     1    27
  1.5612242003555770E+00 a      1228     0    41     1    28
  4.2166180705698091E+00 a      1229     0    41     1    29
  2.0403452601547389E+00 a      1230     0    41     1    30
 -8.4831207895504974E+00 a      1231     0    42     1     1
  3.4563712247431666E+00 a      1232     0    42     1     2
  6.0608335677216489E+00 a      1233     0    42     1     3
  1.1847487245194971E+01 a      1234     0    42     1     4
  9.5191487497707894E-01 a      1235     0    42     1     5
 -5.7678371038634080E-01 a      1236     0    42     1     6
 -8.1460891382885432E+00 a      1237     0    42     1     7
  5.8118833492883590E+00 a      1238     0    42     1     8
 -1.1217019911118108E+01 a      1239     0    42     1     9
  4.3105599136528046E+00 a      1240     0    42     1    10
 -6.5296636686348251E+00 a      1241     0    42     1    11
 -4.4576189441831335E+00 a      1242     0    42     1    12
  6.0993322130936196E+00 a      1243     0    42     1    13
 -2.6961231179416973E+00 a      1244     0    42     1    14
 -5.5329264886622926E+00 a      1245     0    42     1    15
  4.2904713952164117E+00 a      1246     0    42     1    16
  1.7619554678507656E+00 a      1247     0    42     1    17
 -2.2521223194626856E+00 a      1248     0    42     1    18
  1.4355716003017363E+00 a      1249     0    42     1    19
 -4.2810388053997963E+00 a      1250     0    42     1    20
  2.5916174664146849E+00 a      1251     0    42     1    21
 -3.6416029651713915E+00 a      1252     0    42     1    22
 -2.4294063663017842E+00 a      1253     0    42     1    23
  8.7869511826523858E+00 a      1254     0    42     1    24
  3.5234283186065287E+00 a      1255     0    42     1    25
  7.6477614989507661E+00 a      1256     0    42     1    26
  2.2474600621031802E+00 a      1257     0    42     1    27
 -4.6072658125595929E+00 a      1258     0    42     1    28
 -2.8312188264520768E+00 a      1259     0    42     1    29
  2.5942671061007072E+00 a      1260     0    42     1    30
  5.4483264392244806E+00 a      1261     0    43     1     1
  1.3914877348378021E+00 a      1262     0    43     1     2
  4.9973905437686579E+00 a      1263     0    43     1     3
 -1.0165084368210318E+01 a      1264     0    43     1     4
 -6.1877714584406434E+00 a      1265     0    43     1     5
  4.5309526316820277E+00 a      1266     0    43     1     6
 -1.3266046845800986E+01 a      1267     0    43     1     7
 -3.7267034209078087E+00 a      1268     0    43     1     8
 -2.0045347838306649E+00 a      1269     0    43     1     9
  8.3854064933859060E+00 a      1270     0    43     1    10
 -1.2573993471568998E+00 a      1271     0    43     1    11
 -1.3584743227243785E+00 a      1272     0    43     1    12
  5.9309678764319393E+00 a      1273     0    43     1    13
  1.0606350046313430E+01 a      1274     0    43     1    14
  8.9998889487523215E-01 a      1275     0    43     1    15
  5.1823580355465282E+00 a      1276     0    43     1    16
  2.4638644548236588E+00 a      1277     0    43     1    17
 -8.0019347962976184E-01 a      1278     0    43     1    18
 -8.5618929498367926E+00 a      1279     0    43     1    19
 -2.3718157832939664E+00 a      1280     0    43     1    20
  2.8642754742136778E+00 a      1281     0    43     1    21
 -2.6818560455810792E+00 a      1282     0    43     1    22
 -3.5609812697932117E+00 a      1283     0    43     1    23
  8.2843492639541036E+00 a      1284     0    43     1    24
  5.9502989790201353E+00 a      1285     0    43     1    25
  3.6415218788792956E+00 a      1286     0    43     1    26
  1.7027590246827080E+00 a      1287     0    43     1    27
 -3.3287408098860984E+00 a      1288     0    43     1    28
 -4.0884269860042819E+00 a      1289     0    43     1    29
  7.8579971862895661E+00 a      1290     0    43     1    30
 -3.0147119976182895E+00 a      1291     0    44     1     1
  8.2254379890425078E+00 a      1292     0    44     1     2
 -6.9808008839569116E+00 a      1293     0    44     1     3
 -1.1067999068410808E+01 a      1294     0    44     1     4
  3.5287463654231117E+00 a      1295     0    44     1     5
  4.1940043898411394E+00 a      1296     0    44     1     6
 -4.9227676232482533E+00 a      1297     0    44     1     7
 -5.7336060202281969E+00 a      1298     0    44     1     8
  5.8517534433422504E+00 a      1299     0    44     1     9
  2.3346219426012155E-01 a      1300     0    44     1    10
 -5.2246619147858917E+00 a      1301     0    44     1    11
  4.5244072411162497E+00 a      1302     0    44     1    12
 -2.4508049186580743E+00 a      1303     0    44     1    13
 -2.1318739992929912E+00 a      1304     0    44     1    14
  2.1016429284394078E-01 a      1305     0    44     1    15
 -4.5682436936732473E-01 a      1306     0    44     1    16
 -1.9107370591663664E+00 a      1307     0    44     1    17
 -3.3319162880796798E+00 a      1308     0    44     1    18
  4.1646878870763739E+00 a      1309     0    44     1    19
 -1.1196053357421249E+01 a      1310     0    44     1    20
 -4.2064404810198903E+00 a      1311     0    44     1    21
  7.2061422020142674E+00 a      1312     0    44     1    22
 -3.4680923873196816E+00 a      1313     0    44     1    23
 -1.6539233525436239E+00 a      1314     0    44     1    24
  1.0207712497613024E+01 a      1315     0    44     1    25
 -1.0980068109015145E+01 a      1316     0    44     1    26
  3.4090608050199926E+00 a      1317     0    44     1    27
  4.2400368246692084E+00 a      1318     0    44     1    28
  4.3370519239809067E+00 a      1319     0    44     1    29
  6.1213596252892035E+00 a      1320     0    44     1    30
  5.7560189923946998E+00 a      1321     0    45     1     1
 -5.7439322655647214E+00 a      1322     0    45     1     2
  7.3111465617156068E-01 a      1323     0    45     1     3
 -4.0916974451037658E-01 a      1324     0    45     1     4
 -3.6053267719726336E+00 a      1325     0    45     1     5
 -4.1657703677950462E+00 a      1326     0    45     1     6
  9.5174767432378644E+00 a      1327     0    45     1     7
 -5.9081739972403247E+00 a      1328     0    45     1     8
  5.1620119251286125E+00 a      1329     0    45     1     9
 -2.3753948731751562E+00 a      1330     0    45     1    10
 -5.7480405773383012E+00 a      1331     0    45     1    11
  8.4193914002037396E+00 a      1332     0    45     1    12
 -3.4806535053686365E+00 a      1333     0    45     1    13
  3.0924621436476207E-01 a      1334     0    45     1    14
  2.3776035317903639E+00 a      1335     0    45     1    15
  8.0249551581075362E-01 a      1336     0    45     1    16
 -2.9913443962639832E+00 a      1337     0    45     1    17
 -1.8280236149707230E+00 a      1338     0    45     1    18
  1.0142356706252176E+00 a      1339     0    45     1    19
  4.3754064466235487E-01 a      1340     0    45     1    20
 -5.4148896603504282E-01 a      1341     0    45     1    21
  2.0629944369893356E+00 a      1342     0    45     1    22
 -3.9135555314396551E+00 a      1343     0    45     1    23
 -6.0904721059294982E+00 a      1344     0    45     1    24
 -5.7638649285209969E+00 a      1345     0    45     1    25
 -7.9822489446622793E+00 a      1346     0    45     1    26
  4.7821684356939977E+00 a      1347     0    45     1    27
 -6.7864987124721665E+00 a      1348     0    45     1    28
  5.0244999902214671E+00 a      1349     0    45     1    29
 -1.3087705329577675E+00 a      1350     0    45     1    30
 -5.9396934545839377E+00 a      1351     0    46     1     1
 -3.4435259345383380E+00 a      1352     0    46     1     2
 -4.1753756236725055E+00 a      1353     0    46     1     3
  2.0493283117686168E+01 a      1354     0    46     1     4
  2.1695180497827047E+00 a      1355     0    46     1     5
  2.2974563217115351E+00 a      1356     0    46     1     6
 -1.2886988907898993E+00 a      1357     0    46     1     7
  4.9358448946334708E+00 a      1358     0    46     1     8
  5.4000861058188860E+00 a      1359     0    46     1     9
 -1.4502413456375263E+00 a      1360     0    46     1    10
 -8.5147642612970298E-01 a      1361     0    46     1    11
  4.5562454668500161E+00 a      1362     0    46     1    12
  2.0849045541481086E+00 a      1363     0    46     1    13
 -1.8585090099846391E+00 a      1364     0    46     1    14
  7.4407318833415683E+00 a      1365     0    46     1    15
 -1.5381367079847159E+00 a      1366     0    46     1    16
 -3.3596875665574997E+00 a      1367     0    46     1    17
 -5.9095156990247466E-01 a      1368     0    46     1    18
  2.0544261738687433E+00 a      1369     0    46     1    19
 -2.3598307735115669E+00 a      1370     0    46     1    20
  3.2002992810116559E+00 a      1371     0    46     1    21
  1.4197352687538239E-01 a      1372     0    46     1    22
  2.0811117873334197E+00 a      1373     0    46     1    23
  5.9805350508857424E+00 a      1374     0    46     1    24
 -2.8324031815778850E+00 a      1375     0    46     1    25
  1.5880089667796996E+01 a      1376     0    46     1    26
  3.7694287205327401E+00 a      1377     0    46     1    27
 -3.4559154148125439E+00 a      1378     0    46     1    28
 -3.7216843003960096E+00 a      1379     0    46     1    29
 -5.4975240283323750E+00 a      1380     0    46     1    30
  7.1767205076027372E+00 a      1381     0    47     1     1
 -2.9852785773311026E+00 a      1382     0    47     1     2
  2.7477866979381846E+00 a      1383     0    47     1     3
  6.9618204891917426E+00 a      1384     0    47     1     4
  8.3022810684961836E+00 a      1385     0    47     1     5
 -1.4421773316317474E+00 a      1386     0    47     1     6
  7.2697981844866684E+00 a      1387     0    47     1     7
 -5.8587720763477180E-01 a      1388     0    47     1     8
 -1.0860459376115244E+01 a      1389     0    47     1     9
  6.7996810631754592E+00 a      1390     0    47     1    10
 -2.9161065702497524E-01 a      1391     0    47     1    11
 -1.0009515196628362E+01 a      1392     0    47     1    12
 -7.6543821022493432E+00 a      1393     0    47     1    13
 -7.3623178085117882E+00 a      1394     0    47     1    14
  3.5929858469607994E+00 a      1395     0    47     1    15
 -8.8519148648193688E+00 a      1396     0    47     1    16
 -6.8098699908451916E+00 a      1397     0    47     1    17
 -4.0540046357492097E+00 a      1398     0    47     1    18
  2.4979179399342408E+00 a      1399     0    47     1    19
  4.9413526872449403E+00 a      1400     0    47     1    20
 -3.8451603936046812E+00 a      1401     0    47     1    21
  3.5079308574384038E+00 a      1402     0    47     1    22
 -5.4435542991727690E+00 a      1403     0    47     1    23
 -2.3467261448906327E+00 a      1404     0    47     1    24
 -1.5360179966150408E+01 a      1405     0    47     1    25
 -5.8969472633742877E+00 a      1406     0    47     1    26
  7.4219332022715481E+00 a      1407     0    47     1    27
 -3.4194732931669067E+00 a      1408     0    47     1    28
  2.4249437095727955E+00 a      1409     0    47     1    29
  6.5828388240367852E+00 a      1410     0    47     1    30
  1.1979627480706696E+01 a      1411     0    48     1     1
  2.3111370297027389E+00 a      1412     0    48     1     2
 -1.3222186785679095E+00 a      1413     0    48     1     3
 -3.9672697601977434E+00 a      1414     0    48     1     4
  4.0672667452338072E+00 a      1415     0    48     1     5
 -1.1430135245873229E+01 a      1416     0    48     1     6
 -2.2278312620208398E+00 a      1417     0    48     1     7
  9.1412731977921844E+00 a      1418     0    48     1     8
 -3.8436919483205574E+00 a      1419     0    48     1     9
  4.0240704126407776E+00 a      1420     0    48     1    10
  8.3045869738921247E+00 a      1421     0    48     1    11
  8.6544573069226320E+00 a      1422     0    48     1    12
 -1.9137519463105040E+01 a      1423     0    48     1    13
 -1.7592694926096786E+00 a      1424     0    48     1    14
  2.6738923776661978E+00 a      1425     0    48     1    15
  1.3018155121935608E+00 a      1426     0    48     1    16
 -6.1858147773426300E+00 a      1427     0    48     1    17
  1.0837143711313473E+01 a      1428     0    48     1    18
 -2.3767100206890359E+00 a      1429     0    48     1    19
 -3.6743874708208444E+00 a      1430     0    48     1    20
 -6.9018079962286694E-01 a      1431     0    48     1    21
  3.7432949688202619E+00 a      1432     0    48     1    22
 -3.4552613499552565E-01 a      1433     0    48     1    23
  7.7120227432256732E+00 a      1434     0    48     1    24
 -9.4673282216576471E+00 a      1435     0    48     1    25
 -4.0925699523859906E+00 a      1436     0    48     1    26
  8.2857333959863197E+00 a      1437     0    48     1    27
  6.4959027804046388E-02 a      1438     0    48     1    28
 -7.4929868471302292E+00 a      1439     0    48     1    29
  1.5341007086516365E+00 a      1440     0    48     1    30
  4.6089422233732291E+00 a      1441     0    49     1     1
 -2.2460950670635902E+00 a      1442     0    49     1     2
  6.5337655794725160E+00 a      1443     0    49     1     3
  9.3204874309113137E+00 a      1444     0    49     1     4
 -5.6305721009651446E+00 a      1445     0    49     1     5
 -2.7810649604173654E-01 a      1446     0    49     1     6
  3.8462247421384230E+00 a      1447     0    49     1     7
 -5.2296570999297236E+00 a      1448     0    49     1     8
  6.2039479574736420E+00 a      1449     0    49     1     9
 -1.0194537490067375E+00 a      1450     0    49     1    10
  9.1950687421885413E-01 a      1451     0    49     1    11
  3.1452241479738987E+00 a      1452     0    49     1    12
  5.9504626492960053E+00 a      1453     0    49     1    13
  1.8131886679909952E+00 a      1454     0    49     1    14
  1.4358559745159096E+00 a      1455     0    49     1    15
 -1.1143333615132644E+01 a      1456     0    49     1    16
 -3.6893773779531847E+00 a      1457     0    49     1    17
 -1.9927888071772135E+00 a      1458     0    49     1    18
  5.6600528227962599E-01 a      1459     0    49     1    19
  2.1452103455759870E+00 a      1460     0    49     1    20
 -3.7547110240078938E+00 a      1461     0    49     1    21
  3.2937231275234060E+00 a      1462     0    49     1    22
  6.1896607026980877E-01 a      1463     0    49     1    23
  3.8747741578142936E+00 a      1464     0    49     1    24
 -2.2124042780238677E+00 a      1465     0    49     1    25
  7.6323853750187887E-01 a      1466     0    49     1    26
 -7.1044702692918271E+00 a      1467     0    49     1    27
  4.3972948916795325E+00 a      1468     0    49     1    28
 -4.8804487704466881E+00 a      1469     0    49     1    29
 -4.3672896078376819E+00 a      1470     0    49     1    30
 -5.9704392105800466E+00 a      1471     0    50     1     1
  7.1953191688595570E+00 a      1472     0    50     1     2
 -9.3172458980833195E+00 a      1473     0    50     1     3
 -1.1061207599134422E+01 a      1474     0    50     1     4
 -4.3855778653825761E-01 a      1475     0    50     1     5
  2.3054923794263029E+00 a      1476     0    50     1     6
 -9.2891543223697894E+00 a      1477     0    50     1     7
  1.0007351907791454E+01 a      1478     0    50     1     8
 -8.7885541365357724E+00 a      1479     0    50     1     9
  4.8971702581024779E-01 a      1480     0    50     1    10
  5.6228919784896059E+00 a      1481     0    50     1    11
 -1.1831519096766391E+01 a      1482     0    50     1    12
 -9.8866139386128438E-01 a      1483     0    50     1    13
 -3.7326033374210592E+00 a      1484     0    50     1    14
 -2.7287221141756963E+00 a      1485     0    50     1    15
 -8.0403910720497862E-01 a      1486     0    50     1    16
  2.4888575845810053E+00 a      1487     0    50     1    17
  2.5057516216763256E+00 a      1488     0    50     1    18
 -3.3315657711764519E+00 a      1489     0    50     1    19
 -4.0388543045236119E-02 a      1490     0    50     1    20
 -6.6315040679871706E-01 a      1491     0    50     1    21
 -4.3904758877199574E+00 a      1492     0    50     1    22
  5.4370081487544670E+00 a      1493     0    50     1    23
  1.6232318715076657E+00 a      1494     0    50     1    24
  6.7850971788046435E+00 a      1495     0    50     1    25
  5.1294062790753463E+00 a      1496     0    50     1    26
 -1.0201391108621021E+01 a      1497     0    50     1    27
  7.5800530641093706E+00 a      1498     0    50     1    28
 -4.8639685359524236E+00 a      1499     0    50     1    29
 -2.0770900605944025E+00 a      1500     0    50     1    30
  7.2137866247462918E+00 a      1501     0    51     1     1
  3.9435184382309276E+00 a      1502     0    51     1     2
 -4.2023460393107097E+00 a      1503     0    51     1     3
 -6.8205246184799737E+00 a      1504     0    51     1     4
  3.6165704878322771E+00 a      1505     0    51     1     5
  8.0995835956984958E+00 a      1506     0    51     1     6
  2.8450884543298036E+00 a      1507     0    51     1     7
  5.2338173677314384E+00 a      1508     0    51     1     8
  1.2525834673025655E+00 a      1509     0    51     1     9
 -6.1788126724825680E+00 a      1510     0    51     1    10
 -7.6105234694652744E+00 a      1511     0    51     1    11
  6.5259658163063357E+00 a      1512     0    51     1    12
 -1.9305753832168393E+00 a      1513     0    51     1    13
 -4.1778523940469370E+00 a      1514     0    51     1    14
 -6.9281353848635252E+00 a      1515     0    51     1    15
  2.3538245010915357E+00 a      1516     0    51     1    16
 -1.0010564412843108E-01 a      1517     0    51     1    17
  4.9202826757979778E+00 a      1518     0    51     1    18
  5.3458000176590623E+00 a      1519     0    51     1    19
  6.7950631700840622E+00 a      1520     0    51     1    20
  4.0074531246900541E-01 a      1521     0    51     1    21
  3.5703802205162760E-01 a      1522     0    51     1    22
  1.8026465774327896E+01 a      1523     0    51     1    23
 -3.3841444130521423E+00 a      1524     0    51     1    24
  6.3536640328832856E+00 a      1525     0    51     1    25
  1.4964155662433909E+00 a      1526     0    51     1    26
 -1.5145778632942830E+00 a      1527     0    51     1    27
  4.5660096885829873E+00 a      1528     0    51     1    28
  2.7180740862019110E+00 a      1529     0    51     1    29
 -3.7255756442211361E+00 a      1530     0    51     1    30
  5.0334212648615173E+00 a      1531     0    52     1     1
 -1.0766716856109653E+00 a      1532     0    52     1     2
  2.1804568787336889E+00 a      1533     0    52     1     3
 -2.8172216134332428E+00 a      1534     0    52     1     4
 -4.7334222148375993E+00 a      1535     0    52     1     5
 -2.1588635173180468E+00 a      1536     0    52     1     6
  1.1590056853118313E+01 a      1537     0    52     1     7
  5.9847526621066782E+00 a      1538     0    52     1     8
  3.6715054025462011E+00 a      1539     0    52     1     9
 -2.1598281397277650E+00 a      1540     0    52     1    10
  2.5572746293586435E+00 a      1541     0    52     1    11
  2.5459228356699237E-01 a      1542     0    52     1    12
 -7.0352195329108866E+00 a      1543     0    52     1    13
 -9.7955128501658777E+00 a      1544     0    52     1    14
  1.3968955110370760E+00 a      1545     0    52     1    15
 -2.0531629649759302E+00 a      1546     0    52     1    16
 -6.1500548264011750E+00 a      1547     0    52     1    17
  7.0834255710397303E+00 a      1548     0    52     1    18
  4.4888515443128592E+00 a      1549     0    52     1    19
 -2.7331501313549191E+00 a      1550     0    52     1    20
 -5.5773528305349007E+00 a      1551     0    52     1    21
 -3.0860446610176262E-01 a      1552     0    52     1    22
 -5.3085049832860474E+00 a      1553     0    52     1    23
  4.4662620489763816E-01 a      1554     0    52     1    24
  1.6942202733101157E+00 a      1555     0    52     1    25
 -4.8000694445017339E-01 a      1556     0    52     1    26
 -7.4788279935623225E-01 a      1557     0    52     1    27
 -1.1026909341784963E-02 a      1558     0    52     1    28
  3.8674513347311161E+00 a      1559     0    52     1    29
 -8.2400790879949728E+00 a      1560     0    52     1    30
 -1.6615047885055194E+00 a      1561     0    53     1     1
  4.7436804822655390E+00 a      1562     0    53     1     2
  1.8812862711128100E+00 a      1563     0    53     1     3
 -4.6725420693206914E+00 a      1564     0    53     1     4
 -4.7531029493154593E+00 a      1565     0    53     1     5
 -6.0653285305765641E+00 a      1566     0    53     1     6
  1.6577899713853499E+00 a      1567     0    53     1     7
  1.5426747635964499E+00 a      1568     0    53     1     8
  1.9723393337522108E+00 a      1569     0    53     1     9
 -4.2675215471124259E+00 a      1570     0    53     1    10
 -6.6799393058902776E+00 a      1571     0    53     1    11
  7.3535122015593011E+00 a      1572     0    53     1    12
  7.5145800915462955E+00 a      1573     0    53     1    13
  5.2017568288282823E-01 a      1574     0    53     1    14
 -1.7025443439385226E+00 a      1575     0    53     1    15
 -3.9587237110749123E+00 a      1576     0    53     1    16
 -6.0348798491634419E+00 a      1577     0    53     1    17
  7.0316096385894014E+00 a      1578     0    53     1    18
  5.4867377266718034E+00 a      1579     0    53     1    19
  2.2739186099068376E+00 a      1580     0    53     1    20
  5.8820910590041517E+00 a      1581     0    53     1    21
  3.1653779031220708E+00 a      1582     0    53     1    22
  1.0402633277166705E+01 a      1583     0    53     1    23
 -3.1481722206184477E+00 a      1584     0    53     1    24
  1.9814116928643029E+00 a      1585     0    53     1    25
 -2.4089761618237149E+00 a      1586     0    53     1    26
  5.6742013222671250E-02 a      1587     0    53     1    27
  1.0373831038939647E+01 a      1588     0    53     1    28
 -4.4307208563613152E+00 a      1589     0    53     1    29
 -4.1377032185797189E+00 a      1590     0    53     1    30
 -9.9069749345136966E+00 a      1591     0    54     1     1
  4.1797358618222162E+00 a      1592     0    54     1     2
  8.1863268559967384E-01 a      1593     0    54     1     3
 -3.5681848149541859E+00 a      1594     0    54     1     4
  1.4092941822726921E+00 a      1595     0    54     1     5
  1.4183584843893133E+01 a      1596     0    54     1     6
  5.0339556263920278E+00 a      1597     0    54     1     7
 -7.9669212901804984E+00 a      1598     0    54     1     8
  1.9886133858099764E+00 a      1599     0    54     1     9
  4.4594631029268141E+00 a      1600     0    54     1    10
  2.0213421323774585E+00 a      1601     0    54     1    11
 -1.8220492375988586E+00 a      1602     0    54     1    12
  3.3813429748661368E+00 a      1603     0    54     1    13
  6.8290502360827698E-01 a      1604     0    54     1    14
  2.3623566182128428E+00 a      1605     0    54     1    15
  1.0303507165802541E+01 a      1606     0    54     1    16
 -4.6190994383410433E-01 a      1607     0    54     1    17
 -2.7298013881590957E+00 a      1608     0    54     1    18
  6.0303078832231289E+00 a      1609     0    54     1    19
  2.3928139148835124E+00 a      1610     0    54     1    20
  2.0652158362657378E+00 a      1611     0    54     1    21
 -8.2849075203520748E+00 a      1612     0    54     1    22
 -4.1079515392446488E+00 a      1613     0    54     1    23
 -6.8401991591532054E+00 a      1614     0    54     1    24
 -3.8474844626325133E+00 a      1615     0    54     1    25
 -5.2256253079097226E+00 a      1616     0    54     1    26
 -3.4748268141418617E+00 a      1617     0    54     1    27
 -7.1214473769208757E+00 a      1618     0    54     1    28
  1.0218784033371794E+01 a      1619     0    54     1    29
  2.6226855710830490E+00 a      1620     0    54     1    30
  4.9712127674378701E+00 a      1621     0    55     1     1
 -1.8084159617186848E+00 a      1622     0    55     1     2
  6.0037311088124472E+00 a      1623     0    55     1     3
  3.1936394354025186E+00 a      1624     0    55     1     4
  2.0148671550023844E+00 a      1625     0    55     1     5
 -8.0846345160653481E+00 a      1626     0    55     1     6
  1.3434120238988660E+00 a      1627     0    55     1     7
 -6.2871656168440992E+00 a      1628     0    55     1     8
  5.5341152679246586E-01 a      1629     0    55     1     9
 -5.8809363081033199E+00 a      1630     0    55     1    10
  3.6745264368824029E+00 a      1631     0    55     1    11
  3.1932960594312441E+00 a      1632     0    55     1    12
  1.9800607303921209E+00 a      1633     0    55     1    13
  6.2201203824767779E+00 a      1634     0    55     1    14
 -5.7105546630760728E-03 a      1635     0    55     1    15
  1.3530853159785143E+00 a      1636     0    55     1    16
  5.6032967687353852E-01 a      1637     0    55     1    17
 -2.8035420131602575E+00 a      1638     0    55     1    18
  5.4021494894226203E+00 a      1639     0    55     1    19
 -1.4190358281887279E+00 a      1640     0    55     1    20
  1.3233533068335704E-02 a      1641     0    55     1    21
  2.6834456063686511E+00 a      1642     0    55     1    22
  4.5591039159471309E+00 a      1643     0    55     1    23
 -4.1763107006452680E+00 a      1644     0    55     1    24
 -2.1230324687056710E+00 a      1645     0    55     1    25
 -8.1836114258861958E-01 a      1646     0    55     1    26
  7.1087649470716761E+00 a      1647     0    55     1    27
 -7.8852713077435344E-01 a      1648     0    55     1    28
  5.0383534069276541E+00 a      1649     0    55     1    29
  4.3634305011549941E+00 a      1650     0    55     1    30
 -2.5787523147649849E+00 a      1651     0    56     1     1
 -2.0584609485030653E-01 a      1652     0    56     1     2
  3.8738480834537157E+00 a      1653     0    56     1     3
 -4.7941696967440075E+00 a      1654     0    56     1     4
 -8.1587284219295615E+00 a      1655     0    56     1     5
 -9.6239937999438059E+00 a      1656     0    56     1     6
  9.4189894432414381E+00 a      1657     0    56     1     7
 -1.2479487095780271E+00 a      1658     0    56     1     8
 -3.1859305508630413E+00 a      1659     0    56     1     9
  3.8401427505504815E+00 a      1660     0    56     1    10
  1.0341087291805126E+01 a      1661     0    56     1    11
 -1.0068234918916364E+01 a      1662     0    56     1    12
  4.9967372981950531E-03 a      1663     0    56     1    13
  4.4586202861819011E+00 a      1664     0    56     1    14
  3.0925471382203149E+00 a      1665     0    56     1    15
 -2.9953584843343082E+00 a      1666     0    56     1    16
 -2.1018044998188221E-01 a      1667     0    56     1    17
  1.7434403517904449E+00 a      1668     0    56     1    18
 -2.3340542922040139E+00 a      1669     0    56     1    19
  3.2669023896496570E+00 a      1670     0    56     1    20
  6.5180614032770086E+00 a      1671     0    56     1    21
  2.3478622161007072E+00 a      1672     0    56     1    22
 -7.9164311221317227E+00 a      1673     0    56     1    23
 -2.9819697455067318E+00 a      1674     0    56     1    24
 -6.7425117366424878E+00 a      1675     0    56     1    25
 -8.1166120445479457E+00 a      1676     0    56     1    26
 -4.6559869624430856E+00 a      1677     0    56     1    27
 -3.1104529223838555E+00 a      1678     0    56     1    28
 -4.8158231841134622E+00 a      1679     0    56     1    29
  1.1514466034183299E+00 a      1680     0    56     1    30
  3.7565092200529340E+00 a      1681     0    57     1     1
 -3.5871457771185606E+00 a      1682     0    57     1     2
 -9.5106514007455445E+00 a      1683     0    57     1     3
 -2.1774654273392389E+00 a      1684     0    57     1     4
 -3.1216977674944096E-01 a      1685     0    57     1     5
 -6.4160755517420363E+00 a      1686     0    57     1     6
 -3.7784672000376642E+00 a      1687     0    57     1     7
  6.1370032052241168E+00 a      1688     0    57     1     8
 -6.5379103735928270E+00 a      1689     0    57     1     9
  5.8274266269274850E+00 a      1690     0    57     1    10
  4.3310080175781573E-01 a      1691     0    57     1    11
 -6.5327294400902609E+00 a      1692     0    57     1    12
 -9.6173257840496316E+00 a      1693     0    57     1    13
  2.2227929201345882E+00 a      1694     0    57     1    14
 -6.8516126889370126E+00 a      1695     0    57     1    15
 -2.8792504208612901E+00 a      1696     0    57     1    16
  5.9610842976808440E+00 a      1697     0    57     1    17
 -3.0717989263000485E+00 a      1698     0    57     1    18
 -6.6551447850390746E+00 a      1699     0    57     1    19
 -4.3299010412297205E+00 a      1700     0    57     1    20
 -1.4634489272959286E+00 a      1701     0    57     1    21
  2.4687389789181067E+00 a      1702     0    57     1    22
 -3.9524471306301487E+00 a      1703     0    57     1    23
  1.9786985923075124E+00 a      1704     0    57     1    24
  2.0016849096524965E+00 a      1705     0    57     1    25
  7.0956693024026496E+00 a      1706     0    57     1    26
 -3.1554185863403097E+00 a      1707     0    57     1    27
  3.0441917142462049E+00 a      1708     0    57     1    28
 -2.1281941790727101E+00 a      1709     0    57     1    29
 -9.5642276123370507E-02 a      1710     0    57     1    30
  4.1539489150784545E+00 a      1711     0    58     1     1
 -4.0881469292603141E+00 a      1712     0    58     1     2
 -1.4630845003503039E+00 a      1713     0    58     1     3
  7.0179281901477761E+00 a      1714     0    58     1     4
  1.1837043580140527E+00 a      1715     0    58     1     5
  7.1195923385077839E-02 a      1716     0    58     1     6
 -2.3421339022998164E-01 a      1717     0    58     1     7
  4.3962430530797469E+00 a      1718     0    58     1     8
  2.6644404219051987E+00 a      1719     0    58     1     9
  1.3648527467818479E+00 a      1720     0    58     1    10
 -6.5618326937401887E+00 a      1721     0    58     1    11
  6.4524743910337614E+00 a      1722     0    58     1    12
 -1.7573585535449627E+00 a      1723     0    58     1    13
 -4.0674807251502605E+00 a      1724     0    58     1    14
  4.4265084926412017E+00 a      1725     0    58     1    15
 -3.7756439422638493E+00 a      1726     0    58     1    16
 -2.0820183479943517E+00 a      1727     0    58     1    17
  5.9129125031208929E+00 a      1728     0    58     1    18
 -8.4251116321461090E+00 a      1729     0    58     1    19
  1.5238997497928126E+00 a      1730     0    58     1    20
  2.5859662269540502E+00 a      1731     0    58     1    21
  3.7788532684164911E+00 a      1732     0    58     1    22
 -8.4078688986265906E+00 a      1733     0    58     1    23
  5.9198252230285888E+00 a      1734     0    58     1    24
 -2.8237149194252149E+00 a      1735     0    58     1    25
 -2.2627090354784185E+00 a      1736     0    58     1    26
  5.5657934426123212E+00 a      1737     0    58     1    27
 -4.1535770415595614E+00 a      1738     0    58     1    28
 -3.9073689435168566E+00 a      1739     0    58     1    29
 -8.4786943246901025E-01 a      1740     0    58     1    30
 -2.3728892120900449E+00 a      1741     0    59     1     1
 -4.8533790815265014E+00 a      1742     0    59     1     2
  8.9310094444654031E-01 a      1743     0    59     1     3
  9.8983389784933828E-01 a      1744     0    59     1     4
  6.0444348307498341E+00 a      1745     0    59     1     5
  5.9726593787327364E-01 a      1746     0    59     1     6
 -1.5082479240474571E+00 a      1747     0    59     1     7
 -8.4233195814208965E+00 a      1748     0    59     1     8
 -5.4615447783556270E+00 a      1749     0    59     1     9
 -2.7297623898939176E+00 a      1750     0    59     1    10
  4.9355135726457799E+00 a      1751     0    59     1    11
 -3.8711074589295591E+00 a      1752     0    59     1    12
  1.5360183952955409E-01 a      1753     0    59     1    13
  4.6968898853500557E-01 a      1754     0    59     1    14
 -6.7178901380761680E+00 a      1755     0    59     1    15
 -6.3489744476683221E+00 a      1756     0    59     1    16
 -5.2826104383433332E+00 a      1757     0    59     1    17
  1.3659970144144091E+00 a      1758     0    59     1    18
  2.1197772253355818E+00 a      1759     0    59     1    19
  4.4412703718460387E+00 a      1760     0    59     1    20
 -1.0935630301879520E+01 a      1761     0    59     1    21
  2.9635298758783826E+00 a      1762     0    59     1    22
 -3.7003830063810494E+00 a      1763     0    59     1    23
  1.0189744054874614E+00 a      1764     0    59     1    24
 -1.3702130272272139E+00 a      1765     0    59     1    25
  2.9777483410257255E+00 a      1766     0    59     1    26
 -2.7112256676310071E+00 a      1767     0    59     1    27
  8.9961245344625596E+00 a      1768     0    59     1    28
 -2.9929302079399700E-01 a      1769     0    59     1    29
 -2.7395381200851605E+00 a      1770     0    59     1    30
 -1.1506221994961889E+01 a      1771     0    60     1     1
  8.0779270490207034E-01 a      1772     0    60     1     2
  1.8180214258349157E+00 a      1773     0    60     1     3
 -2.4440548118530963E+00 a      1774     0    60     1     4
 -1.7757214233773957E+00 a      1775     0    60     1     5
  2.8952990580864224E-01 a      1776     0    60     1     6
  8.8427296986938657E+00 a      1777     0    60     1     7
  1.0743885542065914E+00 a      1778     0    60     1     8
  4.7991699971930435E-01 a      1779     0    60     1     9
 -3.5841768073832667E+00 a      1780     0    60     1    10
 -6.0506879120604147E+00 a      1781     0    60     1    11
  5.2854305874461120E+00 a      1782     0    60     1    12
  1.1446204000238183E+00 a      1783     0    60     1    13
 -5.3957518713322958E+00 a      1784     0    60     1    14
 -6.3850244730708461E+00 a      1785     0    60     1    15
  3.7900002675064290E+00 a      1786     0    60     1    16
 -7.9554635027952072E+00 a      1787     0    60     1    17
  4.9908390452088103E+00 a      1788     0    60     1    18
  4.3462473800207198E+00 a      1789     0    60     1    19
 -5.2573732340094947E+00 a      1790     0    60     1    20
 -2.4161977810025639E+00 a      1791     0    60     1    21
 -1.2235348786290180E+01 a      1792     0    60     1    22
  2.4506690950528403E+00 a      1793     0    60     1    23
 -3.4956945804958295E+00 a      1794     0    60     1    24
  5.4925965287482059E+00 a      1795     0    60     1    25
  1.9838909234500464E+00 a      1796     0    60     1    26
  1.7979119781835688E+00 a      1797     0    60     1    27
  2.9255791684701156E+00 a      1798     0    60     1    28
 -3.3371220362766740E+00 a      1799     0    60     1    29
 -1.9995726891653516E+00 a      1800     0    60     1    30
  1.1187525408195078E+00 a      1801     0    61     1     1
 -2.9601087111248381E+00 a      1802     0    61     1     2
  1.1508221816316804E+00 a      1803     0    61     1     3
 -3.0667767748107408E+00 a      1804     0    61     1     4
 -7.9957982779456571E-01 a      1805     0    61     1     5
  1.2231154226417618E+00 a      1806     0    61     1     6
 -1.8376623206360243E+00 a      1807     0    61     1     7
  2.9988691215377439E-01 a      1808     0    61     1     8
  1.2802429536309430E+00 a      1809     0    61     1     9
 -1.4511973759480798E+00 a      1810     0    61     1    10
  5.6922098960692216E+00 a      1811     0    61     1    11
  6.3527943564390208E+00 a      1812     0    61     1    12
 -9.5067698392071538E+00 a      1813     0    61     1    13
 -7.0413795894971676E+00 a      1814     0    61     1    14
  5.9796567345973228E+00 a      1815     0    61     1    15
  1.2475601260633802E+01 a      1816     0    61     1    16
  1.0233854871286093E+01 a      1817     0    61     1    17
  1.9322657128752454E+00 a      1818     0    61     1    18
  2.9976110114148500E+00 a      1819     0    61     1    19
 -1.2894484675183762E+00 a      1820     0    61     1    20
 -7.0230306948834798E-01 a      1821     0    61     1    21
 -2.4648833473103240E+00 a      1822     0    61     1    22
  4.4341726611688204E+00 a      1823     0    61     1    23
  1.6637973648038916E+01 a      1824     0    61     1    24
  1.8844975404823145E+00 a      1825     0    61     1    25
 -2.8438721618378100E+00 a      1826     0    61     1    26
 -9.3390345092300464E+00 a      1827     0    61     1    27
 -1.4533973827139759E+01 a      1828     0    61     1    28
  2.3904334392867446E+00 a      1829     0    61     1    29
 -6.8247998989676883E+00 a      1830     0    61     1    30
  1.0302447790313805E+00 a      1831     0    62     1     1
  4.1250840605021342E+00 a      1832     0    62     1     2
 -2.6355905066984624E+00 a      1833     0    62     1     3
  1.9894724710637874E+00 a      1834     0    62     1     4
 -1.9296119523275732E+00 a      1835     0    62     1     5
  2.9051246105724067E+00 a      1836     0    62     1     6
 -3.0323231540395390E-01 a      1837     0    62     1     7
  1.8794463101591643E+00 a      1838     0    62     1     8
  6.3584785088110340E+00 a      1839     0    62     1     9
 -5.6276928778609081E+00 a      1840     0    62     1    10
 -7.4657309903598419E+00 a      1841     0    62     1    11
  3.8256442862626932E+00 a      1842     0    62     1    12
  1.0823591162264266E+01 a      1843     0    62     1    13
 -1.4013417967874675E+00 a      1844     0    62     1    14
  3.6255839510779975E-01 a      1845     0    62     1    15
 -4.1034175972735465E+00 a      1846     0    62     1    16
 -5.1962635850187011E-01 a      1847     0    62     1    17
  2.1143388704976362E+00 a      1848     0    62     1    18
 -2.1939133769788381E+00 a      1849     0    62     1    19
  9.5291224495721116E-01 a      1850     0    62     1    20
 -2.9971688474865705E+00 a      1851     0    62     1    21
 -5.1790576545119853E+00 a      1852     0    62     1    22
 -4.2786571084983356E+00 a      1853     0    62     1    23
 -7.3664658786693260E-01 a      1854     0    62     1    24
  1.4822263853154418E+00 a      1855     0    62     1    25
  5.8590606939842971E-01 a      1856     0    62     1    26
 -4.4469822411977045E-01 a      1857     0    62     1    27
 -4.8643972395632948E+00 a      1858     0    62     1    28
 -2.9107649681221570E+00 a      1859     0    62     1    29
 -2.5918586545602986E+00 a      1860     0    62     1    30
 -4.6588497104014328E+00 a      1861     0    63     1     1
 -9.8369737013114433E-01 a      1862     0    63     1     2
  3.9319903594319343E+00 a      1863     0    63     1     3
  3.5278098860015544E-01 a      1864     0    63     1     4
 -2.2951982944569091E+00 a      1865     0    63     1     5
  7.5652120703339252E+00 a      1866     0    63     1     6
 -1.7425673809311422E+00 a      1867     0    63     1     7
  3.5505607209112724E+00 a      1868     0    63     1     8
 -3.2603084065535337E-01 a      1869     0    63     1     9
 -4.7038189484516577E+00 a      1870     0    63     1    10
 -8.7099289124897048E+00 a      1871     0    63     1    11
 -3.1295336547311363E+00 a      1872     0    63     1    12
 -7.0645052135625175E+00 a      1873     0    63     1    13
  5.1459651434650153E+00 a      1874     0    63     1    14
  3.6865867159122141E+00 a      1875     0    63     1    15
 -5.8832576858966457E+00 a      1876     0    63     1    16
  3.1462274854277226E+00 a      1877     0    63     1    17
 -7.7822300100465442E+00 a      1878     0    63     1    18
 -1.4571152504521327E+01 a      1879     0    63     1    19
  2.2939932506068490E+00 a      1880     0    63     1    20
 -1.1342797383015171E+00 a      1881     0    63     1    21
  9.3419020393032550E+00 a      1882     0    63     1    22
  9.8699615112981522E+00 a      1883     0    63     1    23
 -4.9583838013321369E-01 a      1884     0    63     1    24
  2.1612842785325284E+00 a      1885     0    63     1    25
  1.3847232324126368E+00 a      1886     0    63     1    26
  8.5100198126673576E-02 a      1887     0    63     1    27
  8.7506414381336945E+00 a      1888     0    63     1    28
  3.3689124661237564E+00 a      1889     0    63     1    29
 -2.9881026747768047E-01 a      1890     0    63     1    30
  1.4615426244239473E+00 a      1891     0    64     1     1
 -2.3704065456184789E+00 a      1892     0    64     1     2
 -8.8233041321740668E-01 a      1893     0    64     1     3
  5.9144370283467174E+00 a      1894     0    64     1     4
 -5.2473466848876882E-01 a      1895     0    64     1     5
  5.1027586064251098E+00 a      1896     0    64     1     6
  5.1286682669187176E+00 a      1897     0    64     1     7
 -1.7370504930505226E+00 a      1898     0    64     1     8
 -4.6602180141259844E+00 a      1899     0    64     1     9
  1.8915491873918355E+00 a      1900     0    64     1    10
  3.3321735430132282E-01 a      1901     0    64     1    11
 -1.1630851361437374E+01 a      1902     0    64     1    12
 -7.7157827017004514E+00 a      1903     0    64     1    13
 -6.2249117415908453E+00 a      1904     0    64     1    14
 -2.9847735982883843E+00 a      1905     0    64     1    15
 -7.0534706050390898E+00 a      1906     0    64     1    16
  3.7092521104430722E+00 a      1907     0    64     1    17
  5.9724389732816081E-02 a      1908     0    64     1    18
  6.5719694979279248E+00 a      1909     0    64     1    19
 -6.8656771404022066E-01 a      1910     0    64     1    20
 -4.5688863320247126E+00 a      1911     0    64     1    21
  8.4368221892133821E+00 a      1912     0    64     1    22
 -1.2540044855698291E+01 a      1913     0    64     1    23
 -1.6314450210490279E+00 a      1914     0    64     1    24
 -4.0357454966816437E+00 a      1915     0    64     1    25
 -5.3010710398664038E+00 a      1916     0    64     1    26
 -3.2622028801275382E+00 a      1917     0    64     1    27
 -7.9853718498100168E+00 a      1918     0    64     1    28
 -1.2909933986098276E+00 a      1919     0    64     1    29
 -3.9902817595448031E-01 a      1920     0    64     1    30
  1.0762899509301758E-01 b      1921     1     1
  7.3111851629252900E-01 b      1922     1     2
 -3.4416622420197629E+00 b      1923     1     3
 -2.8577516060877497E+00 b      1924     1     4
 -8.8310637226836119E-01 b      1925     1     5
  7.7511697420004666E-01 b      1926     1     6
 -3.7524072078438429E+00 b      1927     1     7
  9.9429364003014920E-01 b      1928     1     8
 -3.3753417700494126E-01 b      1929     1     9
 -1.5494834213681368E+00 b      1930     1    10
 -1.6700169619350427E+00 b      1931     1    11
  3.5784280900207590E+00 b      1932     1    12
 -1.5715842726287748E+00 b      1933     1    13
  3.4231550622877149E+00 b      1934     1    14
 -1.4515164314513536E+00 b      1935     1    15
  1.9473603827873276E+00 b      1936     1    16
 -3.7320891162507641E-01 b      1937     1    17
 -1.8315078775092336E-01 b      1938     1    18
  9.1317923111833676E-01 b      1939     1    19
 -1.7297310405244164E+00 b      1940     1    20
 -1.4939643766374899E+00 b      1941     1    21
  1.1482433602683293E+00 b      1942     1    22
 -2.2846134595271814E+00 b      1943     1    23
 -5.0742927332093970E+00 b      1944     1    24
  2.2413104838490474E+00 b      1945     1    25
  1.6616062783936147E+00 b      1946     1    26
 -1.8470291779175696E-01 b      1947     1    27
  3.4394355261886402E+00 b      1948     1    28
  4.4978277793140864E-01 b      1949     1    29
  3.2444173340990998E+00 b      1950     1    30
 -1.7605792982083419E+00 a      1951     1     1     2     1
  5.1616898387970900E-01 a      1952     1     1     2     2
  1.9058430566497579E+00 a      1953     1     1     2     3
 -7.2544191942701264E-01 a      1954     1     1     2     4
  5.7876442475414604E-02 a      1955     1     1     2     5
 -2.1371019186150519E+00 a      1956     1     1     2     6
  2.6365834647980120E+00 a      1957     1     1     2     7
  2.8233312499965981E+00 a      1958     1     1     2     8
 -4.7269692286574827E-01 a      1959     1     1     2     9
  3.8060765333821278E+00 a      1960     1     1     2    10
 -8.4199657872019773E-01 a      1961     1     1     2    11
 -1.0968152877266379E+00 a      1962     1     1     2    12
 -9.9731253851698121E-03 a      1963     1     1     2    13
  2.6764088497686128E-01 a      1964     1     1     2    14
 -2.1643997577370140E+00 a      1965     1     1     2    15
 -5.9273275924503999E-01 a      1966     1     1     2    16
  7.3876589335996135E-01 a      1967     1     1     2    17
  2.5345355872132957E+00 a      1968     1     1     2    18
  2.4642844247159254E-01 a      1969     1     1     2    19
 -6.7779665818036328E-01 a      1970     1     1     2    20
 -1.4803446836837284E+00 a      1971     1     1     2    21
  4.6214243059815336E+00 a      1972     1     1     2    22
 -2.9543926090286190E+00 a      1973     1     1     2    23
  3.5227226448669580E-01 a      1974     1     1     2    24
 -3.8485991899926859E-02 a      1975     1     1     2    25
  5.7799674587034771E+00 a      1976     1     1     2    26
  5.8465732871120960E-02 a      1977     1     1     2    27
  1.4724536877899674E-01 a      1978     1     1     2    28
 -1.5815384625119691E+00 a      1979     1     1     2    29
  3.6884977509939447E+00 a      1980     1     1     2    30
  1.3548281185520998E+00 a      1981     1     2     2     1
  1.5891362123152117E+00 a      1982     1     2     2     2
  9.8314199434702609E-01 a      1983     1     2     2     3
 -9.5933268163817176E-01 a      1984     1     2     2     4
 -3.9775569522854104E-01 a      1985     1     2     2     5
  3.5207311041809941E+00 a      1986     1     2     2     6
 -1.8337335960224921E+00 a      1987     1     2     2     7
  1.0933478544123523E-01 a      1988     1     2     2     8
  1.8149390774313994E+00 a      1989     1     2     2     9
 -3.2657299905530950E+00 a      1990     1     2     2    10
 -7.9336285490155445E-01 a      1991     1     2     2    11
  1.1319222060839174E+00 a      1992     1     2     2    12
  3.0914034596162021E+00 a      1993     1     2     2    13
  2.5922183628379880E+00 a      1994     1     2     2    14
 -7.2193132514225478E-01 a      1995     1     2     2    15
 -2.3495851455623118E+00 a      1996     1     2     2    16
 -9.3659756545861450E-01 a      1997     1     2     2    17
 -6.2251198554926868E-01 a      1998     1     2     2    18
 -7.6071052272183892E-01 a      1999     1     2     2    19
 -9.4930296954596471E-01 a      2000     1     2     2    20
  6.6412115257226567E-01 a      2001     1     2     2    21
  2.8810249467963273E-01 a      2002     1     2     2    22
  5.9603369557416397E-01 a      2003     1     2     2    23
 -5.2530554141941432E-01 a      2004     1     2     2    24
 -1.2128564666257069E+00 a      2005     1     2     2    25
  3.8663057003959239E-01 a      2006     1     2     2    26
  1.1241248658837097E+00 a      2007     1     2     2    27
 -8.4448442455783945E-01 a      2008     1     2     2    28
 -1.4449606790234243E-01 a      2009     1     2     2    29
 -1.1638200708135156E+00 a      2010     1     2     2    30
 -1.3389332237524136E+00 a      2011     1     3     2     1
  1.5040172461740815E+00 a      2012     1     3     2     2
 -2.5100348627151043E+00 a      2013     1     3     2     3
 -1.6299359892732384E+00 a      2014     1     3     2     4
  1.1595819258513735E+00 a      2015     1     3     2     5
 -5.5679180227897698E+00 a      2016     1     3     2     6
  2.7368348231522543E-01 a      2017     1     3     2     7
 -8.9083524527052305E-01 a      2018     1     3     2     8
  1.8055256574058628E-01 a      2019     1     3     2     9
  1.6190841697051992E+00 a      2020     1     3     2    10
  1.0827344397755659E-01 a      2021     1     3     2    11
 -6.2814926267206284E-01 a      2022     1     3     2    12
  9.3530209650034102E-01 a      2023     1     3     2    13
  2.2928219266674712E+00 a      2024     1     3     2    14
  3.1818960696845788E-01 a      2025     1     3     2    15
 -3.4527911679830843E+00 a      2026     1     3     2    16
  5.0625798770925434E-01 a      2027     1     3     2    17
  1.5848887458383820E+00 a      2028     1     3     2    18
 -5.1948240184152039E-01 a      2029     1     3     2    19
  1.1296347649154979E+00 a      2030     1     3     2    20
  2.2195720499679605E-01 a      2031     1     3     2    21
 -6.5617768936551121E-02 a      2032     1     3     2    22
 -2.7155333297536450E+00 a      2033     1     3     2    23
 -1.1906639241295649E+00 a      2034     1     3     2    24
  9.5440685200384345E-01 a      2035     1     3     2    25
 -1.4865081622112430E+00 a      2036     1     3     2    26
  5.6093772146258516E+00 a      2037     1     3     2    27
 -3.6706213916154473E-01 a      2038     1     3     2    28
 -8.4495475060447101E-01 a      2039     1     3     2    29
 -1.6301225731235998E+00 a      2040     1     3     2    30
  3.9614196403073099E-01 a      2041     1     4     2     1
  1.7610015955706143E-01 a      2042     1     4     2     2
  1.4191142848760341E+00 a      2043     1     4     2     3
 -5.5638378973405039E-02 a      2044     1     4     2     4
 -1.8104217524126816E+00 a      2045     1     4     2     5
  7.3606176894900122E-01 a      2046     1     4     2     6
 -9.5600678404084774E-02 a      2047     1     4     2     7
  2.1539328212668387E+00 a      2048     1     4     2     8
 -2.1380236733107831E+00 a      2049     1     4     2     9
 -9.5533536652386664E-01 a      2050     1     4     2    10
 -1.0117747041269620E+00 a      2051     1     4     2    11
 -8.8667453623298265E-01 a      2052     1     4     2    12
 -2.5812455451180520E+00 a      2053     1     4     2    13
 -2.1336551224907145E+00 a      2054     1     4     2    14
 -1.8292122859378335E+00 a      2055     1     4     2    15
  3.8222321049606602E+00 a      2056     1     4     2    16
 -1.4366714467278476E+00 a      2057     1     4     2    17
 -1.0511322884878051E-01 a      2058     1     4     2    18
  1.9885182113485098E+00 a      2059     1     4     2    19
  1.6090992723683097E+00 a      2060     1     4     2    20
 -2.8400747626800951E+00 a      2061     1     4     2    21
 -2.0813830763914862E+00 a      2062     1     4     2    22
  4.3044082493920011E-01 a      2063     1     4     2    23
 -3.5691811265980369E+00 a      2064     1     4     2    24
 -2.1381835032906671E+00 a      2065     1     4     2    25
 -3.3649783829516404E+00 a      2066     1     4     2    26
  1.8337376296630357E+00 a      2067     1     4     2    27
 -5.4443909684192935E+00 a      2068     1     4     2    28
  1.9469518866372246E+00 a      2069     1     4     2    29
  7.9477087142322134E-01 a      2070     1     4     2    30
 -3.3049364246479271E+00 a      2071     1     5     2     1
  2.5236592618358011E-01 a      2072     1     5     2     2
 -1.4331323449493358E-01 a      2073     1     5     2     3
 -5.3244225266467737E-01 a      2074     1     5     2     4
  7.2050588778488078E-01 a      2075     1     5     2     5
 -1.5912105388736415E+00 a      2076     1     5     2     6
  6.0035134168671600E-01 a      2077     1     5     2     7
 -1.0768914266290890E+00 a      2078     1     5     2     8
  1.5220304385161270E+00 a      2079     1     5     2     9
  1.4170948777594401E+00 a      2080     1     5     2    10
 -5.7932692811728137E-01 a      2081     1     5     2    11
  6.9195790460614348E-01 a      2082     1     5     2    12
 -1.0888542076493990E+00 a      2083     1     5     2    13
 -1.6016563416296801E+00 a      2084     1     5     2    14
 -1.8182107023539429E+00 a      2085     1     5     2    15
 -4.4280738574519241E-01 a      2086     1     5     2    16
  1.9634345853581128E+00 a      2087     1     5     2    17
 -3.3604355180206973E+00 a      2088     1     5     2    18
 -2.4148664582290202E-01 a      2089     1     5     2    19
  4.0811712844644710E-01 a      2090     1     5     2    20
  2.7630025331581169E+00 a      2091     1     5     2    21
 -3.4141703646706421E+00 a      2092     1     5     2    22
 -1.7812418939139756E+00 a      2093     1     5     2    23
 -4.8228520342733450E-01 a      2094     1     5     2    24
  3.1862365314933444E-02 a      2095     1     5     2    25
  9.5567939337486274E-01 a      2096     1     5     2    26
 -1.8112594292488132E-01 a      2097     1     5     2    27
 -8.6300430874695644E-01 a      2098     1     5     2    28
 -2.2883452423021979E+00 a      2099     1     5     2    29
  3.8538923618871357E-01 a      2100     1     5     2    30
  3.2380225518526051E-01 a      2101     1     6     2     1
 -2.9696879107868668E-01 a      2102     1     6     2     2
  9.7391380611471101E-01 a      2103     1     6     2     3
 -3.0799211392895414E+00 a      2104     1     6     2     4
  1.7924241299924810E+00 a      2105     1     6     2     5
 -7.3255608444879050E-03 a      2106     1     6     2     6
  1.3126159777365947E+00 a      2107     1     6     2     7
  2.8741030927459468E+00 a      2108     1     6     2     8
  2.9832908051109044E+00 a      2109     1     6     2     9
  1.3693241485384964E+00 a      2110     1     6     2    10
  6.9793750397331156E-01 a      2111     1     6     2    11
  5.9866113361057915E-01 a      2112     1     6     2    12
 -9.5555683633334410E-01 a      2113     1     6     2    13
 -3.2571615457816200E-01 a      2114     1     6     2    14
 -1.8447656549423406E+00 a      2115     1     6     2    15
 -4.1281192641879336E+00 a      2116     1     6     2    16
  2.7020644085143930E+00 a      2117     1     6     2    17
 -1.3515544816202381E+00 a      2118     1     6     2    18
 -8.2245282379150630E-01 a      2119     1     6     2    19
 -1.3926362008263757E+00 a      2120     1     6     2    20
 -2.0662313010978379E+00 a      2121     1     6     2    21
  3.5574987493694850E+00 a      2122     1     6     2    22
  1.4502737352898309E+00 a      2123     1     6     2    23
  2.3738701690401878E+00 a      2124     1     6     2    24
 -1.3072265496880270E-01 a      2125     1     6     2    25
 -4.8478738155268103E-01 a      2126     1     6     2    26
 -2.8776469499693005E+00 a      2127     1     6     2    27
  7.4749599473896327E+00 a      2128     1     6     2    28
  5.7040939949945644E+00 a      2129     1     6     2    29
  4.6217344416283335E-01 a      2130     1     6     2    30
 -3.3308313261869302E+00 a      2131     1     7     2     1
 -1.8186246435071578E+00 a      2132     1     7     2     2
  2.2291526395657986E+00 a      2133     1     7     2     3
  7.9634975424073773E-01 a      2134     1     7     2     4
  1.7772639891252258E+00 a      2135     1     7     2     5
 -5.7342052294329928E+00 a      2136     1     7     2     6
  2.0556710822115057E-01 a      2137     1     7     2     7
  6.1711654508506708E-01 a      2138     1     7     2     8
 -2.0216729281591110E+00 a      2139     1     7     2     9
  3.6505088853179815E+00 a      2140     1     7     2    10
  4.2724342219699363E+00 a      2141     1     7     2    11
 -2.9846888540890748E-01 a      2142     1     7     2    12
  1.5461796284575049E+00 a      2143     1     7     2    13
  3.7593102823686586E-01 a      2144     1     7     2    14
  2.8468934809575850E+00 a      2145     1     7     2    15
 -1.5370431819774852E+00 a      2146     1     7     2    16
 -4.4824670726019894E-01 a      2147     1     7     2    17
 -2.4886535515058403E+00 a      2148     1     7     2    18
 -4.9280572167982006E-01 a      2149     1     7     2    19
 -2.3519444322447036E+00 a      2150     1     7     2    20
 -3.3363116403602908E+00 a      2151     1     7     2    21
 -3.2149099942994348E+00 a      2152     1     7     2    22
 -5.6428461880393332E-01 a      2153     1     7     2    23
  3.5448042929054135E-01 a      2154     1     7     2    24
 -1.0225419079752776E+00 a      2155     1     7     2    25
 -1.8792322675002184E+00 a      2156     1     7     2    26
 -2.7555069022444396E+00 a      2157     1     7     2    27
  3.1379400459796303E+00 a      2158     1     7     2    28
  1.9583536772648258E+00 a      2159     1     7     2    29
  5.1795201889877823E-02 a      2160     1     7     2    30
 -1.4037134203453561E+00 a      2161     1     8     2     1
 -2.1493556771818048E+00 a      2162     1     8     2     2
 -1.0495060406137835E+00 a      2163     1     8     2     3
  5.5193887922999429E-01 a      2164     1     8     2     4
  2.8222561640153976E-01 a      2165     1     8     2     5
  5.8471872324450180E-01 a      2166     1     8     2     6
 -1.9105547817335127E+00 a      2167     1     8     2     7
  2.5708491311511950E-01 a      2168     1     8     2     8
  5.0389324398766910E-01 a      2169     1     8     2     9
 -3.1464659921197331E+00 a      2170     1     8     2    10
  2.5521090981562367E+00 a      2171     1     8     2    11
  6.8076627918760868E-01 a      2172     1     8     2    12
 -3.1590458285006533E+00 a      2173     1     8     2    13
  2.7378753126344202E-01 a      2174     1     8     2    14
 -1.7075480584149163E+00 a      2175     1     8     2    15
 -4.3600126587158723E+00 a      2176     1     8     2    16
  1.2642305431301968E+00 a      2177     1     8     2    17
 -3.8467321642629831E-01 a      2178     1     8     2    18
 -3.8118892453409436E-01 a      2179     1     8     2    19
 -7.8604437970208829E-01 a      2180     1     8     2    20
  1.4141047284240521E-01 a      2181     1     8     2    21
  4.8114018649706858E-01 a      2182     1     8     2    22
  2.7033165219439641E+00 a      2183     1     8     2    23
  1.5601393085393167E+00 a      2184     1     8     2    24
  5.5644153462732959E-01 a      2185     1     8     2    25
  2.9533425977359973E-01 a      2186     1     8     2    26
  1.1506169759635352E+00 a      2187     1     8     2    27
 -3.4306901777773646E+00 a      2188     1     8     2    28
 -1.4938945591017962E+00 a      2189     1     8     2    29
 -5.4978752627311893E+00 a      2190     1     8     2    30
 -6.1643993598602687E-01 a      2191     1     9     2     1
 -2.9144035722887318E-01 a      2192     1     9     2     2
  3.5688072957438224E+00 a      2193     1     9     2     3
 -5.3055724455166253E-01 a      2194     1     9     2     4
 -3.6317743233328931E-01 a      2195     1     9     2     5
  6.5637151073834465E-01 a      2196     1     9     2     6
  3.1672509517579156E-01 a      2197     1     9     2     7
 -2.5596230358135887E+00 a      2198     1     9     2     8
 -2.9343603889765273E+00 a      2199     1     9     2     9
  4.3608557884340904E-01 a      2200     1     9     2    10
  1.2908094835769464E+00 a      2201     1     9     2    11
  2.0861028243624552E-01 a      2202     1     9     2    12
  1.4806000369757881E+00 a      2203     1     9     2    13
  7.0775245260727182E-01 a      2204     1     9     2    14
  2.7788326738347795E+00 a      2205     1     9     2    15
  1.0153738875296767E+00 a      2206     1     9     2    16
 -2.5391512269290741E+00 a      2207     1     9     2    17
  2.9050713109689443E+00 a      2208     1     9     2    18
  1.8710729206938495E+00 a      2209     1     9     2    19
  1.7995980196663781E+00 a      2210     1     9     2    20
 -1.3597246327015526E+00 a      2211     1     9     2    21
  1.4389998573580270E-01 a      2212     1     9     2    22
 -7.2290237393231027E-01 a      2213     1     9     2    23
  7.1389490391476385E-01 a      2214     1     9     2    24
  8.7053801223782334E-01 a      2215     1     9     2    25
  2.7055304131727982E+00 a      2216     1     9     2    26
 -1.1550809201614849E+00 a      2217     1     9     2    27
 -8.6364061459000148E+00 a      2218     1     9     2    28
 -1.6782114616073485E+00 a      2219     1     9     2    29
  4.7781511188252934E-01 a      2220     1     9     2    30
  5.7137032601781279E-01 a      2221     1    10     2     1
  1.2087693156248855E+00 a      2222     1    10     2     2
  1.6484794129265308E+00 a      2223     1    10     2     3
  1.8661862573889640E+00 a      2224     1    10     2     4
 -2.3073498043822687E+00 a      2225     1    10     2     5
 -8.8062684258364976E-01 a      2226     1    10     2     6
  2.6872446689065127E-01 a      2227     1    10     2     7
  7.0019078883381902E-01 a      2228     1    10     2     8
  3.9237848438322196E+00 a      2229     1    10     2     9
  3.4908937338502946E+00 a      2230     1    10     2    10
 -1.9478535213453345E+00 a      2231     1    10     2    11
 -1.2841323751148312E+00 a      2232     1    10     2    12
 -1.4550202465964759E+00 a      2233     1    10     2    13
 -6.8491141824377999E-01 a      2234     1    10     2    14
 -1.2803296034300338E-01 a      2235     1    10     2    15
  1.9034296370612713E+00 a      2236     1    10     2    16
 -5.2773791101757228E-01 a      2237     1    10     2    17
  4.2748824116009860E+00 a      2238     1    10     2    18
  4.6948769774677079E-01 a      2239     1    10     2    19
  1.6795121736359514E-01 a      2240     1    10     2    20
  2.1454856145970327E+00 a      2241     1    10     2    21
  2.8160249121338894E+00 a      2242     1    10     2    22
  3.2260999606087815E+00 a      2243     1    10     2    23
  7.4341270306477636E-01 a      2244     1    10     2    24
  3.8344355426617716E-01 a      2245     1    10     2    25
 -1.9689562634638584E+00 a      2246     1    10     2    26
  8.5843815111600663E-01 a      2247     1    10     2    27
  3.2592803097187528E+00 a      2248     1    10     2    28
  5.0237849894837856E+00 a      2249     1    10     2    29
  1.3188576378429835E+00 a      2250     1    10     2    30
  3.1305792098725056E+00 a      2251     1    11     2     1
 -2.5674148692540286E+00 a      2252     1    11     2     2
 -3.9293219500504445E-01 a      2253     1    11     2     3
  1.8474975801165622E-01 a      2254     1    11     2     4
  3.5414185065590487E-01 a      2255     1    11     2     5
  3.3780799740971288E+00 a      2256     1    11     2     6
 -4.8522661900350572E-01 a      2257     1    11     2     7
  8.6713351508049685E-01 a      2258     1    11     2     8
 -8.1180132811433525E-01 a      2259     1    11     2     9
  1.4264873364665369E+00 a      2260     1    11     2    10
  5.2184310086254759E-01 a      2261     1    11     2    11
 -7.6099172610412402E-01 a      2262     1    11     2    12
 -2.8698313560261357E+00 a      2263     1    11     2    13
 -3.8437682397089783E+00 a      2264     1    11     2    14
 -2.1654682682360757E+00 a      2265     1    11     2    15
 -1.2698072162815046E+00 a      2266     1    11     2    16
 -1.6092271153654708E-01 a      2267     1    11     2    17
  1.4486684827527534E+00 a      2268     1    11     2    18
 -1.7844910778669443E+00 a      2269     1    11     2    19
 -1.1516220184609278E+00 a      2270     1    11     2    20
 -5.5359556201181348E-01 a      2271     1    11     2    21
 -4.2867210507986657E+00 a      2272     1    11     2    22
 -2.3161815969030459E+00 a      2273     1    11     2    23
  1.8326440881521169E+00 a      2274     1    11     2    24
  5.9547670746913195E-02 a      2275     1    11     2    25
 -1.6616846766225990E+00 a      2276     1    11     2    26
  1.1700741087308733E+00 a      2277     1    11     2    27
 -5.6720203291862958E+00 a      2278     1    11     2    28
  1.2712763684623174E+00 a      2279     1    11     2    29
  8.3917113150501810E-01 a      2280     1    11     2    30
 -3.8390647105350926E+00 a      2281     1    12     2     1
  1.3548147885571465E-01 a      2282     1    12     2     2
 -1.1106120479683446E+00 a      2283     1    12     2     3
  2.1695879346722173E+00 a      2284     1    12     2     4
 -2.3933651959907046E-02 a      2285     1    12     2     5
  1.1547030018266433E+00 a      2286     1    12     2     6
  1.8794390144839479E+00 a      2287     1    12     2     7
 -1.7255400906431726E+00 a      2288     1    12     2     8
  1.4670402843569115E+00 a      2289     1    12     2     9
 -1.8884196320844053E+00 a      2290     1    12     2    10
 -1.6649353323805225E+00 a      2291     1    12     2    11
  1.0985661278446401E-01 a      2292     1    12     2    12
 -1.0238043155195360E+00 a      2293     1    12     2    13
 -3.2990887450898898E-01 a      2294     1    12     2    14
 -3.9714006654595257E-01 a      2295     1    12     2    15
  3.1145742567614643E+00 a      2296     1    12     2    16
 -1.3597989971490321E+00 a      2297     1    12     2    17
  5.9275710327897135E-01 a      2298     1    12     2    18
  5.1346575927883520E-01 a      2299     1    12     2    19
  2.1330138817544473E+00 a      2300     1    12     2    20
 -4.5358356314432657E-01 a      2301     1    12     2    21
 -2.2571523500427593E+00 a      2302     1    12     2    22
 -8.8086048848232101E-01 a      2303     1    12     2    23
 -2.1285616544727443E-01 a      2304     1    12     2    24
  1.0861426868237452E+00 a      2305     1    12     2    25
 -2.0434926091770191E+00 a      2306     1    12     2    26
 -1.2362158409789146E+00 a      2307     1    12     2    27
 -3.0830388519761329E+00 a      2308     1    12     2    28
  1.3543350873368911E+00 a      2309     1    12     2    29
  1.4870752576603230E+00 a      2310     1    12     2    30
  2.2373297438060615E+00 a      2311     1    13     2     1
 -5.3861705503741708E-01 a      2312     1    13     2     2
 -3.2793788163381909E-01 a      2313     1    13     2     3
  1.3439185597232570E+00 a      2314     1    13     2     4
  5.8635429524381533E-01 a      2315     1    13     2     5
  2.2868674307424421E+00 a      2316     1    13     2     6
  1.2343214124447208E+00 a      2317     1    13     2     7
 -1.8338934086763716E+00 a      2318     1    13     2     8
  2.7796678727813569E+00 a      2319     1    13     2     9
 -1.0173130211448695E+00 a      2320     1    13     2    10
  1.2656916088634114E+00 a      2321     1    13     2    11
  1.1200212348591878E+00 a      2322     1    13     2    12
 -9.6622819465797138E-01 a      2323     1    13     2    13
 -1.7141390700572616E+00 a      2324     1    13     2    14
  2.7973166930376512E+00 a      2325     1    13     2    15
 -9.6386509594806680E-01 a      2326     1    13     2    16
  7.6988894791658768E-01 a      2327     1    13     2    17
  9.8907161837627733E-01 a      2328     1    13     2    18
  2.9870127545985148E+00 a      2329     1    13     2    19
 -2.9965335764906764E-01 a      2330     1    13     2    20
 -6.5027798677963533E-01 a      2331     1    13     2    21
 -3.0534238752244898E+00 a      2332     1    13     2    22
 -2.5976314188597303E+00 a      2333     1    13     2    23
 -5.3041156495056736E+00 a      2334     1    13     2    24
  1.7993361309820364E+00 a      2335     1    13     2    25
 -3.8299469314225537E-01 a      2336     1    13     2    26
 -4.9159080655040981E+00 a      2337     1    13     2    27
 -1.1385663061003091E+00 a      2338     1    13     2    28
  1.7759643464466088E+00 a      2339     1    13     2    29
  4.3512210981316501E-01 a      2340     1    13     2    30
  1.0584361176428396E+00 a      2341     1    14     2     1
  1.6588594349900252E+00 a      2342     1    14     2     2
  6.1108481710966145E-01 a      2343     1    14     2     3
  1.4007178499518393E+00 a      2344     1    14     2     4
 -1.6039049801767078E+00 a      2345     1    14     2     5
  1.4330478168592273E+00 a      2346     1    14     2     6
 -6.1028486030288387E-01 a      2347     1    14     2     7
 -1.3195927823361138E+00 a      2348     1    14     2     8
  2.3244785889180055E+00 a      2349     1    14     2     9
  1.3876726676831150E+00 a      2350     1    14     2    10
  3.4606904865134702E-01 a      2351     1    14     2    11
  1.6566549716263486E+00 a      2352     1    14     2    12
  8.8095620075393732E-01 a      2353     1    14     2    13
  5.4667530153375676E-01 a      2354     1    14     2    14
  8.7684571898803720E-01 a      2355     1    14     2    15
  1.1595969631077669E+00 a      2356     1    14     2    16
 -7.3604322585065135E-02 a      2357     1    14     2    17
  2.8060117979174573E+00 a      2358     1    14     2    18
 -1.2607196151740059E+00 a      2359     1    14     2    19
  1.2998152017412854E+00 a      2360     1    14     2    20
 -1.5311221416569509E-01 a      2361     1    14     2    21
  1.0500303876783359E+00 a      2362     1    14     2    22
  1.9218447280254680E+00 a      2363     1    14     2    23
  1.5829961531788816E-01 a      2364     1    14     2    24
 -1.0550237690327735E+00 a      2365     1    14     2    25
 -3.6726567748896505E-01 a      2366     1    14     2    26
  1.4145592284698721E-02 a      2367     1    14     2    27
 -1.2564325667584120E-01 a      2368     1    14     2    28
 -2.5634838494637777E+00 a      2369     1    14     2    29
 -3.3944178431178678E+00 a      2370     1    14     2    30
  2.7287851927194744E+00 a      2371     1    15     2     1
 -3.6507116781162768E-01 a      2372     1    15     2     2
 -1.9651886171864452E+00 a      2373     1    15     2     3
 -4.5963780552623383E+00 a      2374     1    15     2     4
  9.0467330402471346E-01 a      2375     1    15     2     5
 -4.8494868402430704E+00 a      2376     1    15     2     6
  9.1099836044968119E-01 a      2377     1    15     2     7
  6.2690771114373236E+00 a      2378     1    15     2     8
  9.1243656152606711E-01 a      2379     1    15     2     9
 -5.7497072525557265E+00 a      2380     1    15     2    10
 -4.2329965833690517E+00 a      2381     1    15     2    11
 -3.5432565067851827E+00 a      2382     1    15     2    12
  2.2103813931169207E+00 a      2383     1    15     2    13
  1.9111832686577430E+00 a      2384     1    15     2    14
 -2.7497955642309582E+00 a      2385     1    15     2    15
  2.4010665800386812E+00 a      2386     1    15     2    16
  1.1170144644494000E+00 a      2387     1    15     2    17
 -6.1201178682901836E-01 a      2388     1    15     2    18
  3.1773375572727112E+00 a      2389     1    15     2    19
  2.8081880916231796E+00 a      2390     1    15     2    20
  2.0639139546018570E+00 a      2391     1    15     2    21
 -8.8065398663070282E-01 a      2392     1    15     2    22
  3.1777436576063139E-01 a      2393     1    15     2    23
  4.1231267725400595E+00 a      2394     1    15     2    24
  2.4893624171924680E+00 a      2395     1    15     2    25
 -2.1203055773029544E+00 a      2396     1    15     2    26
  4.3500899960610964E+00 a      2397     1    15     2    27
  9.9492728885053694E-01 a      2398     1    15     2    28
  4.5434841745133054E+00 a      2399     1    15     2    29
  1.5202222855684173E+00 a      2400     1    15     2    30
 -1.4633049888289279E-01 a      2401     1    16     2     1
  9.4813294961447248E-02 a      2402     1    16     2     2
 -8.4360261129216074E-01 a      2403     1    16     2     3
  4.0882898620541939E+00 a      2404     1    16     2     4
  4.7298363962636969E-01 a      2405     1    16     2     5
 -5.8304090725432278E+00 a      2406     1    16     2     6
 -3.1025628898606494E+00 a      2407     1    16     2     7
 -1.4836866442082033E+00 a      2408     1    16     2     8
 -2.1122469130979988E+00 a      2409     1    16     2     9
  3.8962578047523028E-01 a      2410     1    16     2    10
 -3.8761450374557044E-01 a      2411     1    16     2    11
 -1.8837229558926791E+00 a      2412     1    16     2    12
  7.2660691653074916E-01 a      2413     1    16     2    13
 -7.0450057680363187E-01 a      2414     1    16     2    14
  1.0243579928572624E+00 a      2415     1    16     2    15
 -2.8425785311822236E+00 a      2416     1    16     2    16
  1.4815242022671502E+00 a      2417     1    16     2    17
 -1.4724250255686446E+00 a      2418     1    16     2    18
 -1.5316008722513057E+00 a      2419     1    16     2    19
 -7.0405524700553712E-01 a      2420     1    16     2    20
 -3.0270686501368527E+00 a      2421     1    16     2    21
  2.7963649645398608E-01 a      2422     1    16     2    22
  1.6897613745392576E-01 a      2423     1    16     2    23
 -2.2801859508679181E+00 a      2424     1    16     2    24
 -5.4602835337179723E-01 a      2425     1    16     2    25
 -6.8716513047335779E+00 a      2426     1    16     2    26
 -6.7070256642543902E-01 a      2427     1    16     2    27
  8.1792318062105340E-01 a      2428     1    16     2    28
 -9.6004492167375197E+00 a      2429     1    16     2    29
 -1.3918125199704281E+00 a      2430     1    16     2    30
  1.9228811970739874E+00 a      2431     1    17     2     1
  1.4721106466896183E+00 a      2432     1    17     2     2
 -3.4170951082162451E+00 a      2433     1    17     2     3
  1.0370064297269714E-01 a      2434     1    17     2     4
 -2.8338857838218510E+00 a      2435     1    17     2     5
 -3.0602299731603981E+00 a      2436     1    17     2     6
 -3.1393672874940495E+00 a      2437     1    17     2     7
 -3.8120325718920491E+00 a      2438     1    17     2     8
  2.5836925689210199E-01 a      2439     1    17     2     9
 -4.7125035302011131E+00 a      2440     1    17     2    10
 -1.8167583531800258E+00 a      2441     1    17     2    11
  2.7843063107685726E+00 a      2442     1    17     2    12
  1.2425602613689632E+00 a      2443     1    17     2    13
  1.8449712878447322E+00 a      2444     1    17     2    14
 -9.9760014495392535E-01 a      2445     1    17     2    15
  6.2777062352843975E+00 a      2446     1    17     2    16
 -2.0861345099568487E+00 a      2447     1    17     2    17
 -1.0409395648795474E+00 a      2448     1    17     2    18
  8.5253163133074605E-01 a      2449     1    17     2    19
 -1.4450731877000447E+00 a      2450     1    17     2    20
 -1.5546407348698454E+00 a      2451     1    17     2    21
  1.7327874081975416E+00 a      2452     1    17     2    22
  9.1764656465339423E-01 a      2453     1    17     2    23
  2.9446668188791980E+00 a      2454     1    17     2    24
 -5.5678932210758636E-01 a      2455     1    17     2    25
 -9.3099289523799267E-01 a      2456     1    17     2    26
  1.3244898933321623E+00 a      2457     1    17     2    27
  2.7864758759162425E+00 a      2458     1    17     2    28
 -1.7261546072647411E+00 a      2459     1    17     2    29
 -1.1046539305226177E+00 a      2460     1    17     2    30
  3.1936178806095081E+00 a      2461     1    18     2     1
 -2.0145589021574342E+00 a      2462     1    18     2     2
 -3.4770755548803831E+00 a      2463     1    18     2     3
 -3.8622410446879463E+00 a      2464     1    18     2     4
  6.0763190833956787E-02 a      2465     1    18     2     5
  1.8757217396738715E+00 a      2466     1    18     2     6
 -1.3723466841184786E+00 a      2467     1    18     2     7
 -2.0155658649346671E+00 a      2468     1    18     2     8
 -2.0213733298735694E+00 a      2469     1    18     2     9
 -7.8641785995511770E-01 a      2470     1    18     2    10
 -6.5940469971775655E-03 a      2471     1    18     2    11
 -1.5444967203442721E+00 a      2472     1    18     2    12
  1.8030780574193319E+00 a      2473     1    18     2    13
 -2.4974477484758406E+00 a      2474     1    18     2    14
 -1.6717404573429215E+00 a      2475     1    18     2    15
  9.4312698745037071E-01 a      2476     1    18     2    16
 -5.4168297384751452E-01 a      2477     1    18     2    17
 -3.6634800083663057E+00 a      2478     1    18     2    18
  9.3324124221225790E-01 a      2479     1    18     2    19
 -6.1349463026512552E-01 a      2480     1    18     2    20
  8.8777046412477723E-01 a      2481     1    18     2    21
 -7.2522095192459057E-01 a      2482     1    18     2    22
 -4.0859510194652549E+00 a      2483     1    18     2    23
  4.6707975499564807E+00 a      2484     1    18     2    24
 -1.7148568983446244E-01 a      2485     1    18     2    25
 -3.3536696933820718E+00 a      2486     1    18     2    26
 -1.4322895190374469E+00 a      2487     1    18     2    27
 -5.2514386233310417E-01 a      2488     1    18     2    28
  1.8872994332160198E-01 a      2489     1    18     2    29
 -6.6623960756811595E-01 a      2490     1    18     2    30
  1.2323153676274907E+00 a      2491     1    19     2     1
 -4.2487609383059155E+00 a      2492     1    19     2     2
 -1.1658150814196275E+00 a      2493     1    19     2     3
  1.7374274442467685E+00 a      2494     1    19     2     4
  1.8569897276370684E+00 a      2495     1    19     2     5
  3.8435033857583671E+00 a      2496     1    19     2     6
 -2.3211159646307911E-01 a      2497     1    19     2     7
  6.4292976352078823E-01 a      2498     1    19     2     8
 -1.8784767322996780E+00 a      2499     1    19     2     9
  3.2338070632961868E-01 a      2500     1    19     2    10
 -5.0055427360765892E-01 a      2501     1    19     2    11
 -1.4419694953129789E+00 a      2502     1    19     2    12
  1.1907897223471566E+00 a      2503     1    19     2    13
  6.3291053138735387E-01 a      2504     1    19     2    14
  1.3074233809973373E-01 a      2505     1    19     2    15
 -1.4263295591772391E+00 a      2506     1    19     2    16
 -1.0540832573517986E+00 a      2507     1    19     2    17
 -2.4335781655159905E+00 a      2508     1    19     2    18
 -4.2291758738522960E+00 a      2509     1    19     2    19
 -3.6855860829776466E-01 a      2510     1    19     2    20
 -5.8786800813517948E-01 a      2511     1    19     2    21
  7.6678076964723541E-01 a      2512     1    19     2    22
 -2.4969480261577619E+00 a      2513     1    19     2    23
 -4.3929834016236073E+00 a      2514     1    19     2    24
  2.4525316016260856E-01 a      2515     1    19     2    25
  1.6146349905674560E+00 a      2516     1    19     2    26
  3.3975671218057095E+00 a      2517     1    19     2    27
 -2.2895977294908003E+00 a      2518     1    19     2    28
 -7.5266007879539352E+00 a      2519     1    19     2    29
 -1.1737983226076811E+00 a      2520     1    19     2    30
  1.6785566530879747E-01 a      2521     1    20     2     1
  2.2037016834764871E+00 a      2522     1    20     2     2
  1.6428165246472937E+00 a      2523     1    20     2     3
 -2.8752518429749208E-01 a      2524     1    20     2     4
 -6.8286991209962100E-01 a      2525     1    20     2     5
 -1.2393704652211541E+00 a      2526     1    20     2     6
  1.4707867196114695E+00 a      2527     1    20     2     7
 -2.1966363621885505E+00 a      2528     1    20     2     8
 -4.2347986690680300E-01 a      2529     1    20     2     9
 -1.5012644188110711E+00 a      2530     1    20     2    10
 -2.8068990041127324E+00 a      2531     1    20     2    11
  1.3929270795605462E+00 a      2532     1    20     2    12
 -1.0471023955732149E-01 a      2533     1    20     2    13
 -8.0462154629900917E-01 a      2534     1    20     2    14
  3.6688045609373434E+00 a      2535     1    20     2    15
  3.7316144054591280E+00 a      2536     1    20     2    16
 -9.8964712656795306E-01 a      2537     1    20     2    17
  3.9547635335838022E-01 a      2538     1    20     2    18
  2.4578354521591232E+00 a      2539     1    20     2    19
 -1.2810147891126520E+00 a      2540     1    20     2    20
  9.0337505436213250E-01 a      2541     1    20     2    21
  3.2007258509763377E+00 a      2542     1    20     2    22
  1.7762952629661781E+00 a      2543     1    20     2    23
 -1.2871721411248225E+00 a      2544     1    20     2    24
  3.2471987271954911E-02 a      2545     1    20     2    25
  4.5023071033759745E+00 a      2546     1    20     2    26
 -2.8091253389576272E+00 a      2547     1    20     2    27
  3.0136797391996364E+00 a      2548     1    20     2    28
  8.9228319261992983E-01 a      2549     1    20     2    29
  1.6316397197128014E+00 a      2550     1    20     2    30
  7.7400312335230892E-01 a      2551     1    21     2     1
 -1.4634342684670346E-01 a      2552     1    21     2     2
  1.3672137757626655E+00 a      2553     1    21     2     3
  1.4015012201919136E-01 a      2554     1    21     2     4
 -1.7507491685161563E+00 a      2555     1    21     2     5
 -6.4882076773449326E-01 a      2556     1    21     2     6
 -5.4620172371073252E+00 a      2557     1    21     2     7
  2.3291717747555776E+00 a      2558     1    21     2     8
  7.9137318095026921E-01 a      2559     1    21     2     9
  1.1366837591418505E-01 a      2560     1    21     2    10
  3.7068740803445266E-01 a      2561     1    21     2    11
  8.8779392881877273E-01 a      2562     1    21     2    12
  3.4101849745912149E-01 a      2563     1    21     2    13
 -4.2275303741781250E-01 a      2564     1    21     2    14
  1.5821752867579841E+00 a      2565     1    21     2    15
  1.1462872654022831E+00 a      2566     1    21     2    16
 -4.6045957058294829E-01 a      2567     1    21     2    17
  2.7294999706561520E+00 a      2568     1    21     2    18
  1.6737825593611659E+00 a      2569     1    21     2    19
  1.1797835603123978E+00 a      2570     1    21     2    20
 -1.2046144495770970E+00 a      2571     1    21     2    21
  2.1197688561754284E+00 a      2572     1    21     2    22
  2.2093815360229434E+00 a      2573     1    21     2    23
  2.0376782066404955E+00 a      2574     1    21     2    24
  2.8916484524727637E-01 a      2575     1    21     2    25
  1.4797132197046918E+00 a      2576     1    21     2    26
  3.5721623994393759E+00 a      2577     1    21     2    27
  1.6284705467109173E+00 a      2578     1    21     2    28
  1.2339223199021991E+00 a      2579     1    21     2    29
  2.1050445117147873E+00 a      2580     1    21     2    30
 -1.9829883193345164E+00 a      2581     1    22     2     1
  3.1870234302527920E+00 a      2582     1    22     2     2
 -3.0122820422185465E-01 a      2583     1    22     2     3
  1.1157933736694177E+00 a      2584     1    22     2     4
 -8.6483041771340741E-01 a      2585     1    22     2     5
  3.4798009308937650E-01 a      2586     1    22     2     6
 -1.3363744040860714E+00 a      2587     1    22     2     7
  1.2633124838367273E+00 a      2588     1    22     2     8
 -7.4724302296766227E+00 a      2589     1    22     2     9
  2.5549916105210080E-01 a      2590     1    22     2    10
  1.9982310455526342E+00 a      2591     1    22     2    11
  6.3043381893820893E-01 a      2592     1    22     2    12
 -1.8863863509730421E+00 a      2593     1    22     2    13
  3.1138796945905611E-01 a      2594     1    22     2    14
 -3.2705748679982105E-01 a      2595     1    22     2    15
  3.4933516190171338E-01 a      2596     1    22     2    16
  2.9628128639766209E+00 a      2597     1    22     2    17
 -9.8367498820381150E-01 a      2598     1    22     2    18
  8.8951671950298697E-03 a      2599     1    22     2    19
 -6.6177152983915832E-01 a      2600     1    22     2    20
 -1.4327292416805379E+00 a      2601     1    22     2    21
 -1.2981723263973992E+00 a      2602     1    22     2    22
  5.7320710371420880E-01 a      2603     1    22     2    23
  2.8348861643747986E-01 a      2604     1    22     2    24
  3.5281201740549342E-02 a      2605     1    22     2    25
  1.5271105408542254E+00 a      2606     1    22     2    26
  1.7991795508893196E+00 a      2607     1    22     2    27
  4.2219065924478305E-01 a      2608     1    22     2    28
 -1.2011590409327435E+00 a      2609     1    22     2    29
  3.1224594851057230E-01 a      2610     1    22     2    30
  2.6425304006896670E+00 a      2611     1    23     2     1
  3.2179601002784795E+00 a      2612     1    23     2     2
  5.8925039398222934E-01 a      2613     1    23     2     3
 -4.1545107116774611E+00 a      2614     1    23     2     4
  2.4429594869253785E-01 a      2615     1    23     2     5
 -3.0753902430752902E+00 a      2616     1    23     2     6
  3.4975612872438226E+00 a      2617     1    23     2     7
 -1.1061368004710075E+00 a      2618     1    23     2     8
 -2.5323355532609613E+00 a      2619     1    23     2     9
 -1.5412344526935018E+00 a      2620     1    23     2    10
  3.0269450530053401E+00 a      2621     1    23     2    11
  3.3230318326534974E-01 a      2622     1    23     2    12
  4.7790033140880694E-01 a      2623     1    23     2    13
 -4.6443441780153882E-01 a      2624     1    23     2    14
 -2.4853211804284063E+00 a      2625     1    23     2    15
 -1.9697825952952701E+00 a      2626     1    23     2    16
  3.2827046255387691E+00 a      2627     1    23     2    17
 -4.1604891258466836E-01 a      2628     1    23     2    18
  3.8959020259438852E+00 a      2629     1    23     2    19
 -2.4707076067756617E-01 a      2630     1    23     2    20
  2.8397678757993159E+00 a      2631     1    23     2    21
 -8.9445997906048280E-01 a      2632     1    23     2    22
  2.6671697781965413E+00 a      2633     1    23     2    23
  2.4805676387249314E+00 a      2634     1    23     2    24
  1.5157604844970001E+00 a      2635     1    23     2    25
 -5.2537183097539275E+00 a      2636     1    23     2    26
 -2.6849821743802602E+00 a      2637     1    23     2    27
  7.6826354651396467E-01 a      2638     1    23     2    28
  7.7739610824037764E-01 a      2639     1    23     2    29
 -2.1561987396268743E+00 a      2640     1    23     2    30
 -2.1339922977725840E+00 a      2641     1    24     2     1
 -2.4022796128201742E+00 a      2642     1    24     2     2
  4.8392296378532113E-01 a      2643     1    24     2     3
 -3.0186111262796245E+00 a      2644     1    24     2     4
  5.8641673092372260E-01 a      2645     1    24     2     5
  6.5878338924112283E+00 a      2646     1    24     2     6
  4.1892771983045494E-02 a      2647     1    24     2     7
 -9.8342365986126057E-01 a      2648     1    24     2     8
  3.9341024328739910E-01 a      2649     1    24     2     9
 -2.4611266607569333E+00 a      2650     1    24     2    10
  2.1694459867182121E+00 a      2651     1    24     2    11
  1.6481807128605583E+00 a      2652     1    24     2    12
 -2.6777243398090649E+00 a      2653     1    24     2    13
 -1.6642999116968802E+00 a      2654     1    24     2    14
 -7.5187865841485590E-01 a      2655     1    24     2    15
  3.5771846075750396E-01 a      2656     1    24     2    16
 -1.0441213121211774E+00 a      2657     1    24     2    17
 -3.4239930647280934E+00 a      2658     1    24     2    18
 -2.4779906162089982E+00 a      2659     1    24     2    19
 -2.6862201845260419E-01 a      2660     1    24     2    20
  2.3991381190577603E+00 a      2661     1    24     2    21
 -2.5361782881362638E-01 a      2662     1    24     2    22
 -3.8556350335473937E+00 a      2663     1    24     2    23
  7.5074021809975866E-01 a      2664     1    24     2    24
  9.5588739295786307E-01 a      2665     1    24     2    25
 -7.6592594185962026E-01 a      2666     1    24     2    26
  1.2820510991409675E-01 a      2667     1    24     2    27
 -2.5878240251341342E+00 a      2668     1    24     2    28
  2.1769302745069516E-01 a      2669     1    24     2    29
  8.7497801803607456E-01 a      2670     1    24     2    30
 -9.9203362019298746E-02 a      2671     1    25     2     1
 -1.6987234305420920E+00 a      2672     1    25     2     2
 -2.6151437423625663E+00 a      2673     1    25     2     3
  3.2010280814263230E+00 a      2674     1    25     2     4
  1.1237915597148191E+00 a      2675     1    25     2     5
  1.2884549940283045E+00 a      2676     1    25     2     6
 -2.6569941332461076E+00 a      2677     1    25     2     7
 -6.4568204311692878E-01 a      2678     1    25     2     8
 -2.5312711402656802E+00 a      2679     1    25     2     9
 -1.3303262337882114E+00 a      2680     1    25     2    10
 -3.0395071025293074E-01 a      2681     1    25     2    11
 -1.3203620423696121E+00 a      2682     1    25     2    12
  1.3710484902110072E+00 a      2683     1    25     2    13
  1.2684931688014540E+00 a      2684     1    25     2    14
  3.3172899428023028E-01 a      2685     1    25     2    15
 -4.0793257966063512E-01 a      2686     1    25     2    16
 -5.9728691648312626E-01 a      2687     1    25     2    17
 -1.2129661828945302E+00 a      2688     1    25     2    18
 -8.5250495976455420E-01 a      2689     1    25     2    19
  1.0098649083369698E-01 a      2690     1    25     2    20
  5.5575219085952410E-01 a      2691     1    25     2    21
  1.3236051585557957E+00 a      2692     1    25     2    22
  1.2554582028970396E+00 a      2693     1    25     2    23
 -1.9399517420439565E+00 a      2694     1    25     2    24
  1.2040705582898250E+00 a      2695     1    25     2    25
 -8.1271639833340226E-01 a      2696     1    25     2    26
 -1.8921957476178848E+00 a      2697     1    25     2    27
  2.6093535168032513E+00 a      2698     1    25     2    28
  8.2582100362374816E-02 a      2699     1    25     2    29
 -1.3476185510720611E+00 a      2700     1    25     2    30
 -1.7233397634471423E+00 a      2701     1    26     2     1
  1.3942759050758706E+00 a      2702     1    26     2     2
 -8.8327533309910033E-01 a      2703     1    26     2     3
  1.7923773980458546E+00 a      2704     1    26     2     4
  3.5833308140903913E-01 a      2705     1    26     2     5
 -5.5071378099506685E-01 a      2706     1    26     2     6
  1.4056639946176248E+00 a      2707     1    26     2     7
 -6.4074768242678840E-02 a      2708     1    26     2     8
  3.9386579251613756E+00 a      2709     1    26     2     9
  1.5512818448624124E+00 a      2710     1    26     2    10
 -2.0523025996417106E+00 a      2711     1    26     2    11
  6.2319780159591975E-01 a      2712     1    26     2    12
 -2.7791366153099508E+00 a      2713     1    26     2    13
  1.9944115582879871E+00 a      2714     1    26     2    14
  8.6955867105037132E-01 a      2715     1    26     2    15
  5.2529099713944705E+00 a      2716     1    26     2    16
  6.8547680343085315E-01 a      2717     1    26     2    17
 -1.5078662311345836E+00 a      2718     1    26     2    18
 -2.3458600147222713E-01 a      2719     1    26     2    19
  6.2015834882889653E-01 a      2720     1    26     2    20
  1.2264449569720004E+00 a      2721     1    26     2    21
 -1.1286156425373355E-01 a      2722     1    26     2    22
 -2.0782228466866912E+00 a      2723     1    26     2    23
 -4.9516175329672576E+00 a      2724     1    26     2    24
 -3.1444470982571249E-01 a      2725     1    26     2    25
 -1.8517462233264286E+00 a      2726     1    26     2    26
 -5.6516117536221822E-01 a      2727     1    26     2    27
  1.1619998506820017E+00 a      2728     1    26     2    28
 -4.5154001305514440E+00 a      2729     1    26     2    29
 -5.8340783686727082E-01 a      2730     1    26     2    30
 -3.8384480895814588E-01 a      2731     1    27     2     1
  2.7003896172201598E+00 a      2732     1    27     2     2
 -5.2859546296327853E-01 a      2733     1    27     2     3
  1.3527447519391349E+00 a      2734     1    27     2     4
 -1.0317572148855965E+00 a      2735     1    27     2     5
 -1.3563892157815696E+00 a      2736     1    27     2     6
 -4.0408609829543957E-01 a      2737     1    27     2     7
  4.5479096888080983E-01 a      2738     1    27     2     8
  1.1761374377242539E+00 a      2739     1    27     2     9
  1.5312236494213378E+00 a      2740     1    27     2    10
 -1.8536780158497181E+00 a      2741     1    27     2    11
  8.0959974298887893E-01 a      2742     1    27     2    12
  7.0537828681258763E-01 a      2743     1    27     2    13
 -2.5871533402618652E-01 a      2744     1    27     2    14
 -1.1391199817475606E+00 a      2745     1    27     2    15
 -9.8461753229302251E-01 a      2746     1    27     2    16
 -1.3412875760484693E+00 a      2747     1    27     2    17
  1.9288596852260242E+00 a      2748     1    27     2    18
 -2.9462512430131986E+00 a      2749     1    27     2    19
 -1.7498263053378071E+00 a      2750     1    27     2    20
  2.0486363314516085E+00 a      2751     1    27     2    21
  4.6976680260297377E-01 a      2752     1    27     2    22
 -7.1803011011923479E-01 a      2753     1    27     2    23
 -2.1636134768951920E+00 a      2754     1    27     2    24
 -1.5891351856534215E+00 a      2755     1    27     2    25
  2.2101506714848362E+00 a      2756     1    27     2    26
 -2.0905960015954976E+00 a      2757     1    27     2    27
  4.2453636157911456E-01 a      2758     1    27     2    28
  1.3114352996785639E+00 a      2759     1    27     2    29
 -7.1147747986031273E-01 a      2760     1    27     2    30
 -4.3402241682444731E-01 a      2761     1    28     2     1
  1.2113067940450708E+00 a      2762     1    28     2     2
  1.5671774719863811E+00 a      2763     1    28     2     3
 -2.9068637321304158E+00 a      2764     1    28     2     4
 -2.7502004786264289E-01 a      2765     1    28     2     5
  3.9826321604400278E-01 a      2766     1    28     2     6
 -2.7583699357390301E-01 a      2767     1    28     2     7
 -2.9293236553812502E-01 a      2768     1    28     2     8
 -7.8694787598669780E-01 a      2769     1    28     2     9
 -8.2763849777019316E-01 a      2770     1    28     2    10
 -2.0303810052485205E+00 a      2771     1    28     2    11
 -4.5601574649067733E-01 a      2772     1    28     2    12
 -1.7611039702695669E-01 a      2773     1    28     2    13
 -1.6082531351400535E+00 a      2774     1    28     2    14
 -2.5032799542896145E-01 a      2775     1    28     2    15
  1.8193536913688455E+00 a      2776     1    28     2    16
 -1.0056476044011249E+00 a      2777     1    28     2    17
 -7.6821157330365963E-01 a      2778     1    28     2    18
 -9.6996365245556404E-01 a      2779     1    28     2    19
 -1.3205592203056138E+00 a      2780     1    28     2    20
  1.0838055174890484E+00 a      2781     1    28     2    21
 -2.5852762515940211E+00 a      2782     1    28     2    22
 -9.9799966401739137E-01 a      2783     1    28     2    23
 -3.2357906204398634E-01 a      2784     1    28     2    24
 -2.0721808636871213E+00 a      2785     1    28     2    25
 -3.5727386936683878E+00 a      2786     1    28     2    26
 -1.4450018625510961E+00 a      2787     1    28     2    27
 -3.4992736860104299E+00 a      2788     1    28     2    28
 -3.8446388125434527E-01 a      2789     1    28     2    29
 -1.4087025153169128E+00 a      2790     1    28     2    30
  7.6981080359552512E-01 a      2791     1    29     2     1
 -1.6806750917048037E+00 a      2792     1    29     2     2
 -1.5860784201957636E+00 a      2793     1    29     2     3
  8.9642887808816729E-01 a      2794     1    29     2     4
 -7.1234398552898992E-01 a      2795     1    29     2     5
 -1.4185332395069417E+00 a      2796     1    29     2     6
 -5.0279915376240769E-02 a      2797     1    29     2     7
 -1.1839580614494809E+00 a      2798     1    29     2     8
 -2.5505958949197840E+00 a      2799     1    29     2     9
 -3.4419352983623859E+00 a      2800     1    29     2    10
  1.2779752040686576E+00 a      2801     1    29     2    11
 -1.4653912018463306E+00 a      2802     1    29     2    12
  1.9407524448535718E-02 a      2803     1    29     2    13
 -1.7558861214609917E-01 a      2804     1    29     2    14
  1.2554852866456894E+00 a      2805     1    29     2    15
 -1.6292522966765173E+00 a      2806     1    29     2    16
 -1.0118082811257048E+00 a      2807     1    29     2    17
  9.4286404890799380E-01 a      2808     1    29     2    18
 -1.1702657276084905E+00 a      2809     1    29     2    19
 -1.7953811697088620E+00 a      2810     1    29     2    20
 -9.3071388152078482E-01 a      2811     1    29     2    21
  3.4199682166758061E+00 a      2812     1    29     2    22
 -1.3942414990994292E+00 a      2813     1    29     2    23
 -3.8406565598251008E-01 a      2814     1    29     2    24
  4.4942755794026507E-01 a      2815     1    29     2    25
  4.6772889822566190E+00 a      2816     1    29     2    26
 -1.1468149345939984E+00 a      2817     1    29     2    27
 -6.1140037029297145E-01 a      2818     1    29     2    28
 -1.3270128235062715E+00 a      2819     1    29     2    29
  1.6877325473406635E+00 a      2820     1    29     2    30
 -1.6960267743468869E+00 a      2821     1    30     2     1
 -1.3751404973242731E+00 a      2822     1    30     2     2
  6.8150902157883553E-01 a      2823     1    30     2     3
  4.6951435934055280E-01 a      2824     1    30     2     4
 -7.9720495101520215E-03 a      2825     1    30     2     5
 -8.2269984630618775E-01 a      2826     1    30     2     6
  7.6404772357625028E-01 a      2827     1    30     2     7
 -7.0351889224495834E-01 a      2828     1    30     2     8
  2.5035138112628581E+00 a      2829     1    30     2     9
  4.1469017496691567E+00 a      2830     1    30     2    10
  6.9881888161137007E-01 a      2831     1    30     2    11
 -1.3005848476078261E+00 a      2832     1    30     2    12
  2.1554320466772152E+00 a      2833     1    30     2    13
 -5.8094414586973198E-01 a      2834     1    30     2    14
 -3.5725610138537356E-01 a      2835     1    30     2    15
 -2.3281356866789698E+00 a      2836     1    30     2    16
  1.9738423653916745E-01 a      2837     1    30     2    17
 -9.3167870484346738E-01 a      2838     1    30     2    18
 -3.7349773539199138E-01 a      2839     1    30     2    19
 -1.5429180992993448E+00 a      2840     1    30     2    20
  4.7146850495800701E+00 a      2841     1    30     2    21
 -8.4042862958688624E-01 a      2842     1    30     2    22
 -1.7877123889699302E+00 a      2843     1    30     2    23
  2.8931170299644617E+00 a      2844     1    30     2    24
  7.0296959309774387E-01 a      2845     1    30     2    25
  1.4567242079545231E+00 a      2846     1    30     2    26
 -3.0747655048090508E+00 a      2847     1    30     2    27
  2.2270255779050974E+00 a      2848     1    30     2    28
  1.1258269594974153E+00 a      2849     1    30     2    29
 -2.2717046022648774E-01 a      2850     1    30     2    30
  9.0237458868354636E+00 b      2851     2     1
 -6.7677616238657210E+00 b      2852     2     2
  2.9389759884198603E+00 b      2853     2     3
 -2.6166600994090866E-01 b      2854     2     4
  1.3342626938493658E+00 b      2855     2     5
  9.6035004210833588E+00 b      2856     2     6
  1.3646604641773697E+01 b      2857     2     7
  8.4693353012534960E+00 b      2858     2     8
  1.6037216633078251E+00 b      2859     2     9
  4.7197414063679384E+00 b      2860     2    10
 -2.6899052228840299E+00 b      2861     2    11
 -6.6572303790875031E-01 b      2862     2    12
  9.1433261496168028E-01 b      2863     2    13
  4.2059807963048943E+00 b      2864     2    14
  3.3269902276108820E+00 b      2865     2    15
 -1.0591897748090464E+01 b      2866     2    16
  3.0201015853018651E+00 b      2867     2    17
  5.0472113294758474E+00 b      2868     2    18
 -4.8609661377677238E+00 b      2869     2    19
  1.4541269937388510E+00 b      2870     2    20
 -1.2170349392343489E+00 b      2871     2    21
  2.7635332620598594E+00 b      2872     2    22
  7.5253457903189975E+00 b      2873     2    23
  1.9011047889604877E+00 b      2874     2    24
 -7.0620880776191397E+00 b      2875     2    25
  1.1649180421997011E+01 b      2876     2    26
  6.1226531751614210E+00 b      2877     2    27
  2.9324199549371293E+00 b      2878     2    28
  6.1140250756158609E+00 b      2879     2    29
 -3.1812346552484772E+00 b      2880     2    30
  5.9681147882868534E-03 a      2881     2     1     3     1
  4.0106950236564881E-02 a      2882     2     2     3     1
 -3.6210477004279874E-03 a      2883     2     3     3     1
 -1.0074122013831857E-02 a      2884     2     4     3     1
  2.9272606558652704E-02 a      2885     2     5     3     1
  7.6985943301360700E-03 a      2886     2     6     3     1
  3.9541672232091207E-02 a      2887     2     7     3     1
  2.2678185890884352E-03 a      2888     2     8     3     1
 -1.1666098311475815E-02 a      2889     2     9     3     1
 -4.9246707226930980E-03 a      2890     2    10     3     1
 -5.8040923927200278E-03 a      2891     2    11     3     1
  4.7464008995277689E-02 a      2892     2    12     3     1
 -1.8336511705993548E-02 a      2893     2    13     3     1
  4.4780497492042937E-02 a      2894     2    14     3     1
  5.5828260189103029E-02 a      2895     2    15     3     1
  2.8091580665609251E-03 a      2896     2    16     3     1
  1.8594988816214155E-02 a      2897     2    17     3     1
  2.7978317899887004E-02 a      2898     2    18     3     1
 -1.8450191056586764E-02 a      2899     2    19     3     1
  4.4685287769472892E-02 a      2900     2    20     3     1
  1.8757582173021287E-02 a      2901     2    21     3     1
 -2.1467651283893913E-02 a      2902     2    22     3     1
 -1.8148374628966495E-02 a      2903     2    23     3     1
 -1.0882702771076738E-02 a      2904     2    24     3     1
 -2.1795496435362438E-02 a      2905     2    25     3     1
  1.3728618309453870E-02 a      2906     2    26     3     1
  8.0981480410578961E-03 a      2907     2    27     3     1
  6.8375550247065523E-04 a      2908     2    28     3     1
  2.9003287932731065E-02 a      2909     2    29     3     1
 -2.9599999554934048E-02 a      2910     2    30     3     1
  2.9722940699751419E+00 b      2911     3     1
