################################################################################
# Neural network connection values (weights and biases).
################################################################################
# Col  Name       Description
################################################################################
# 1    connection Neural network connection value.
# 2    t          Connection type (a = weight, b = bias).
# 3    index      Index enumerating weights.
# 4    l_s        Starting point layer (end point layer for biases).
# 5    n_s        Starting point neuron in starting layer (end point neuron for biases).
# 6    l_e        End point layer.
# 7    n_e        End point neuron in end layer.
################################################################################
#                      1 2         3     4     5     6     7
#             connection t     index   l_s   n_s   l_e   n_e
############################################################
 -3.7057302042614229E+00 a         1     0     1     1     1
 -4.7093329257858008E+00 a         2     0     1     1     2
  1.0828378468077336E+01 a         3     0     1     1     3
 -1.4537111063247600E+01 a         4     0     1     1     4
 -1.1306069480364062E+01 a         5     0     1     1     5
 -6.8734599106147094E+00 a         6     0     1     1     6
 -1.3440680320625335E+01 a         7     0     1     1     7
  2.3594539034398732E+01 a         8     0     1     1     8
  3.3448566615000925E+00 a         9     0     1     1     9
  9.6479079492435993E+00 a        10     0     1     1    10
  1.7963619044434950E+01 a        11     0     1     1    11
 -2.3211441890640372E+00 a        12     0     1     1    12
 -3.0158037297558955E+01 a        13     0     1     1    13
  1.1873434080085795E+01 a        14     0     1     1    14
  8.1624711594725490E+00 a        15     0     1     1    15
 -1.0386623514661505E+01 a        16     0     1     1    16
  1.6495852457996254E+00 a        17     0     1     1    17
 -2.4365986625309044E+00 a        18     0     1     1    18
  8.8644711576992172E+00 a        19     0     1     1    19
 -8.3340342439033073E+00 a        20     0     1     1    20
 -3.2981936449290452E+00 a        21     0     1     1    21
 -9.8266645631820975E+00 a        22     0     1     1    22
  7.3731467343060695E+00 a        23     0     1     1    23
 -6.0680029517130283E+00 a        24     0     1     1    24
  1.2153712377376849E+00 a        25     0     1     1    25
 -1.9171377218010729E+01 a        26     0     1     1    26
  7.8386958704756022E+00 a        27     0     1     1    27
 -1.3480424433093239E+01 a        28     0     1     1    28
 -8.1281658839925197E-01 a        29     0     1     1    29
 -4.3121519430781188E+00 a        30     0     1     1    30
 -2.0094424473852946E+01 a        31     0     2     1     1
  5.4325249067262433E+00 a        32     0     2     1     2
 -3.0246151757090529E+00 a        33     0     2     1     3
 -1.4823308471196217E+01 a        34     0     2     1     4
 -5.3121738093022142E-01 a        35     0     2     1     5
 -2.2451106016697231E+01 a        36     0     2     1     6
  3.4001769662717560E+00 a        37     0     2     1     7
  1.0118036792314941E+01 a        38     0     2     1     8
 -3.0446949429935857E+00 a        39     0     2     1     9
 -1.4109947347944779E+01 a        40     0     2     1    10
 -1.6444930546427661E+00 a        41     0     2     1    11
  4.1944097702198579E+00 a        42     0     2     1    12
 -6.6452422873210759E-01 a        43     0     2     1    13
 -5.1200525789009470E+00 a        44     0     2     1    14
  7.7097723642979794E+00 a        45     0     2     1    15
 -7.8245205933045918E+00 a        46     0     2     1    16
  4.7740220477453823E+00 a        47     0     2     1    17
  3.2360672938408804E+01 a        48     0     2     1    18
  1.5550660348200129E+01 a        49     0     2     1    19
  1.7224957081659284E+01 a        50     0     2     1    20
  9.7495053743252189E+00 a        51     0     2     1    21
  1.4256521355990955E+01 a        52     0     2     1    22
  1.2777204761801690E+01 a        53     0     2     1    23
 -9.2040683339067790E+00 a        54     0     2     1    24
 -1.5036154752895431E+01 a        55     0     2     1    25
  1.7566774787525802E+01 a        56     0     2     1    26
 -8.0167832704207900E+00 a        57     0     2     1    27
 -2.3744779477307860E+00 a        58     0     2     1    28
  4.5512061059724918E+00 a        59     0     2     1    29
  1.8765022228197861E+01 a        60     0     2     1    30
  2.3401764700517531E+00 a        61     0     3     1     1
  2.8121009964739390E+00 a        62     0     3     1     2
  5.8100356698754547E+00 a        63     0     3     1     3
  1.2510197974626227E+01 a        64     0     3     1     4
 -2.0525514494783224E+01 a        65     0     3     1     5
 -1.1732728704868749E+00 a        66     0     3     1     6
  2.6029434843521578E+01 a        67     0     3     1     7
 -1.1051186878055727E+01 a        68     0     3     1     8
 -4.0007955088864202E+00 a        69     0     3     1     9
 -1.8301364915975441E+01 a        70     0     3     1    10
 -2.7306095124135283E+00 a        71     0     3     1    11
  1.0766195046711323E+01 a        72     0     3     1    12
 -1.0299617570973743E+01 a        73     0     3     1    13
 -2.2827385026372813E+01 a        74     0     3     1    14
  7.1095414676930311E+00 a        75     0     3     1    15
 -8.1941535168821886E+00 a        76     0     3     1    16
  2.1654490688875145E+00 a        77     0     3     1    17
 -1.6274388922306937E+00 a        78     0     3     1    18
 -1.5623125963540625E+01 a        79     0     3     1    19
 -4.4677213688990980E+00 a        80     0     3     1    20
  1.4875704954378165E+01 a        81     0     3     1    21
 -1.0790547974828275E+01 a        82     0     3     1    22
 -4.0330292772526954E+00 a        83     0     3     1    23
  3.6026099293491498E+00 a        84     0     3     1    24
  2.2650789209681594E+00 a        85     0     3     1    25
 -1.3101374411875033E+01 a        86     0     3     1    26
 -5.6836663800770495E+00 a        87     0     3     1    27
 -1.0508731597391579E+01 a        88     0     3     1    28
  1.4307687463604118E+01 a        89     0     3     1    29
 -1.9557692239410251E+01 a        90     0     3     1    30
 -7.3066289757666008E+00 a        91     0     4     1     1
  1.8742726613485738E+00 a        92     0     4     1     2
 -5.9411047351430328E+00 a        93     0     4     1     3
 -9.1229541528208618E+00 a        94     0     4     1     4
  1.8725359878583511E+01 a        95     0     4     1     5
  1.4046530359965978E+01 a        96     0     4     1     6
 -1.8997391559946585E+01 a        97     0     4     1     7
  9.1927559306054398E+00 a        98     0     4     1     8
  7.6536178539073640E+00 a        99     0     4     1     9
  1.0216637418903328E+01 a       100     0     4     1    10
  8.4485281783592221E+00 a       101     0     4     1    11
 -1.0502341462483985E+01 a       102     0     4     1    12
  1.6133061680916306E+01 a       103     0     4     1    13
  2.0192605790343890E+01 a       104     0     4     1    14
 -5.9272148082039298E+00 a       105     0     4     1    15
  1.7326848338797287E+01 a       106     0     4     1    16
 -1.4192928331866561E+01 a       107     0     4     1    17
 -3.6156225371656672E+00 a       108     0     4     1    18
  1.6295145862305553E+01 a       109     0     4     1    19
 -6.9635312122570736E-01 a       110     0     4     1    20
 -1.1485971167786957E+01 a       111     0     4     1    21
  5.7663147456370591E+00 a       112     0     4     1    22
  6.2485720485664400E+00 a       113     0     4     1    23
 -8.6322004962788910E+00 a       114     0     4     1    24
  2.3472370234326938E+00 a       115     0     4     1    25
  1.4150894302889039E+01 a       116     0     4     1    26
 -6.1162838463471847E-01 a       117     0     4     1    27
  1.5100795777091742E+01 a       118     0     4     1    28
 -1.5772673006026929E+01 a       119     0     4     1    29
  1.2520559028743765E+01 a       120     0     4     1    30
 -9.9834263045007141E+00 a       121     0     5     1     1
 -8.9618144610060035E-01 a       122     0     5     1     2
  1.8820455759010593E+00 a       123     0     5     1     3
 -6.1536948192938778E+00 a       124     0     5     1     4
 -1.5289917296876807E+00 a       125     0     5     1     5
  2.7089145665062495E+00 a       126     0     5     1     6
 -4.7397429648560303E+00 a       127     0     5     1     7
 -9.2602988164926039E+00 a       128     0     5     1     8
  8.8190677784848437E-01 a       129     0     5     1     9
 -3.3377894382233220E+00 a       130     0     5     1    10
 -5.1230977366457733E+00 a       131     0     5     1    11
  7.3114891819926990E+00 a       132     0     5     1    12
 -7.0990062450136957E+00 a       133     0     5     1    13
  3.3672442251927615E-01 a       134     0     5     1    14
  1.9521392637059314E+00 a       135     0     5     1    15
 -5.9643833038506964E+00 a       136     0     5     1    16
 -3.6077704035418301E+00 a       137     0     5     1    17
  8.7932212943418779E+00 a       138     0     5     1    18
 -1.0078770983581215E+01 a       139     0     5     1    19
  6.5106358935900381E+00 a       140     0     5     1    20
  2.3074236738233180E+00 a       141     0     5     1    21
 -2.8695597334857572E+00 a       142     0     5     1    22
 -1.1305420196682572E+00 a       143     0     5     1    23
 -4.4716074131138734E+00 a       144     0     5     1    24
 -4.3179238849831153E-01 a       145     0     5     1    25
  7.6823578251436961E+00 a       146     0     5     1    26
  3.1984326109693426E+00 a       147     0     5     1    27
 -2.9547419294816968E+00 a       148     0     5     1    28
 -1.1491626366598382E+01 a       149     0     5     1    29
 -1.6443831579339667E+00 a       150     0     5     1    30
  1.1173610579282199E+01 a       151     0     6     1     1
  3.9119222217304879E+00 a       152     0     6     1     2
  1.2405466123145452E+00 a       153     0     6     1     3
  2.4175386359411196E+01 a       154     0     6     1     4
 -1.3127477530664189E+01 a       155     0     6     1     5
  2.7457561592858659E+00 a       156     0     6     1     6
  1.4927039270537177E+01 a       157     0     6     1     7
  9.8506290978526803E+00 a       158     0     6     1     8
  2.0538039504115435E+00 a       159     0     6     1     9
 -2.9525323444033371E+00 a       160     0     6     1    10
  6.4220347371613595E+00 a       161     0     6     1    11
 -2.1618100311538040E+01 a       162     0     6     1    12
  5.9047718789635528E+00 a       163     0     6     1    13
 -1.3627312548145558E+00 a       164     0     6     1    14
 -2.2729572812584109E+01 a       165     0     6     1    15
  1.2690116410013484E+01 a       166     0     6     1    16
 -1.2104954166256037E+00 a       167     0     6     1    17
 -4.3985176183326313E+00 a       168     0     6     1    18
 -1.0806070964756711E+00 a       169     0     6     1    19
 -6.6273133214808331E+00 a       170     0     6     1    20
 -1.0443445147352638E-01 a       171     0     6     1    21
  1.3212427693298043E+01 a       172     0     6     1    22
 -1.3885729149795267E+01 a       173     0     6     1    23
  5.8958984098184208E+00 a       174     0     6     1    24
 -3.1233676920866604E+00 a       175     0     6     1    25
 -6.5111117131147624E+00 a       176     0     6     1    26
 -2.7831842294499314E+00 a       177     0     6     1    27
  1.7139267499674926E+01 a       178     0     6     1    28
  2.4532376388382783E+01 a       179     0     6     1    29
  2.1465315479734421E+00 a       180     0     6     1    30
 -5.8203451953182892E+00 a       181     0     7     1     1
 -3.2858505391065257E-01 a       182     0     7     1     2
  2.1596900624990329E+00 a       183     0     7     1     3
  7.4242559148564204E+00 a       184     0     7     1     4
 -9.1108154751824877E+00 a       185     0     7     1     5
  2.7709971240992534E+01 a       186     0     7     1     6
  1.5108025833936603E+01 a       187     0     7     1     7
 -2.0959950358828390E+01 a       188     0     7     1     8
  1.3387191446161438E+01 a       189     0     7     1     9
 -1.3087807824423885E+01 a       190     0     7     1    10
 -1.3142852474339454E+01 a       191     0     7     1    11
 -6.4812945673373950E+00 a       192     0     7     1    12
 -4.8126655659450035E-01 a       193     0     7     1    13
 -9.6227182446943704E+00 a       194     0     7     1    14
 -9.8303338463540175E+00 a       195     0     7     1    15
  1.1314575767660500E+01 a       196     0     7     1    16
  3.2817414112218124E-01 a       197     0     7     1    17
  5.1044973117697872E+00 a       198     0     7     1    18
 -2.1043059178314586E+01 a       199     0     7     1    19
  1.6520958578038464E+01 a       200     0     7     1    20
  7.5544970924463515E+00 a       201     0     7     1    21
  2.3617759997011998E+00 a       202     0     7     1    22
 -9.4830731913703250E+00 a       203     0     7     1    23
 -3.0091563941538855E+00 a       204     0     7     1    24
 -1.7722386857891742E-01 a       205     0     7     1    25
  6.3515911265956868E+00 a       206     0     7     1    26
 -6.8708799805111678E+00 a       207     0     7     1    27
  6.2257897781554767E+00 a       208     0     7     1    28
  4.5473537173120695E+00 a       209     0     7     1    29
  1.3259193309772204E+01 a       210     0     7     1    30
 -1.0621398412960634E+01 a       211     0     8     1     1
 -2.0856987630640231E-01 a       212     0     8     1     2
 -1.1839469993178259E+01 a       213     0     8     1     3
  3.5453775899135040E+00 a       214     0     8     1     4
  1.5472382707552182E+01 a       215     0     8     1     5
 -1.6318836417913733E+01 a       216     0     8     1     6
  2.2486875158795709E+01 a       217     0     8     1     7
 -4.2666410369184709E+00 a       218     0     8     1     8
 -1.1002641470964907E+01 a       219     0     8     1     9
 -3.5163475164857445E+01 a       220     0     8     1    10
  2.3119775011881480E+00 a       221     0     8     1    11
  2.6878152480173596E+00 a       222     0     8     1    12
  2.2478883039309714E+01 a       223     0     8     1    13
 -1.0894739626172470E+01 a       224     0     8     1    14
 -5.9423995645505412E-01 a       225     0     8     1    15
  6.8025499522682331E+00 a       226     0     8     1    16
  1.3272314823168738E+01 a       227     0     8     1    17
  3.3155950372306155E+00 a       228     0     8     1    18
  1.4294102730745859E+01 a       229     0     8     1    19
  1.9941758800719672E+01 a       230     0     8     1    20
  4.3382499937786649E+00 a       231     0     8     1    21
  7.1816276992076142E+00 a       232     0     8     1    22
 -6.4673856806039769E+00 a       233     0     8     1    23
  1.5335763376938914E+01 a       234     0     8     1    24
  7.4389503013669656E-01 a       235     0     8     1    25
  6.2755463940894725E+00 a       236     0     8     1    26
 -2.9409291414638346E+01 a       237     0     8     1    27
 -6.6175064815657425E+00 a       238     0     8     1    28
  8.8881048670131086E+00 a       239     0     8     1    29
  2.4680540031524472E+00 a       240     0     8     1    30
 -6.8361984718398094E+00 a       241     0     9     1     1
  6.2992560272507143E+00 a       242     0     9     1     2
  1.5596965864567851E+01 a       243     0     9     1     3
 -2.5705089208495959E+01 a       244     0     9     1     4
  7.1387755947647644E+00 a       245     0     9     1     5
  1.7122083917392210E+01 a       246     0     9     1     6
  3.9448584792230981E+00 a       247     0     9     1     7
  7.4377166116113642E+00 a       248     0     9     1     8
  9.6369583675170301E+00 a       249     0     9     1     9
  4.3970062106039123E+00 a       250     0     9     1    10
  1.8632710301715409E+01 a       251     0     9     1    11
  2.0652467040020635E+01 a       252     0     9     1    12
  5.6709493205502470E+00 a       253     0     9     1    13
  9.5166766041088078E+00 a       254     0     9     1    14
  2.0956402628315274E-02 a       255     0     9     1    15
 -9.8886121721549589E+00 a       256     0     9     1    16
 -6.1779729744666323E+00 a       257     0     9     1    17
  5.9037046339687000E+00 a       258     0     9     1    18
 -1.4639084209591069E+00 a       259     0     9     1    19
 -5.3552390217205694E+00 a       260     0     9     1    20
 -1.5185887685221180E+01 a       261     0     9     1    21
  9.9954397882360979E+00 a       262     0     9     1    22
 -2.5478744224967786E+00 a       263     0     9     1    23
  5.5926221659591091E+00 a       264     0     9     1    24
  5.8771969700571551E+00 a       265     0     9     1    25
 -8.0330180855224658E+00 a       266     0     9     1    26
  1.0668962254642520E+00 a       267     0     9     1    27
 -8.4990365285659686E-01 a       268     0     9     1    28
 -5.5671878028640327E+00 a       269     0     9     1    29
  8.1044358871115492E+00 a       270     0     9     1    30
 -9.0643260321101433E+00 a       271     0    10     1     1
  3.4481887096697199E+00 a       272     0    10     1     2
 -1.9916321097969096E+00 a       273     0    10     1     3
 -4.3798204711232582E+00 a       274     0    10     1     4
 -1.2656052454982503E+00 a       275     0    10     1     5
  3.3607893588064508E-01 a       276     0    10     1     6
 -7.9879257469158542E+00 a       277     0    10     1     7
  1.6711881756778948E+00 a       278     0    10     1     8
  2.7618532651666250E+00 a       279     0    10     1     9
  2.3618924029483734E+00 a       280     0    10     1    10
 -2.5534258336496620E+00 a       281     0    10     1    11
 -6.5261116082694623E-02 a       282     0    10     1    12
 -6.7896453488149489E-01 a       283     0    10     1    13
 -3.7183792460442628E+00 a       284     0    10     1    14
 -3.1046730163059792E+00 a       285     0    10     1    15
 -8.8926660297792814E+00 a       286     0    10     1    16
  1.8768275687392373E+00 a       287     0    10     1    17
  5.0407982542313974E+00 a       288     0    10     1    18
 -4.8208844924642600E+00 a       289     0    10     1    19
  2.6411481990949657E+00 a       290     0    10     1    20
  5.2585812269915344E+00 a       291     0    10     1    21
 -2.1004168110630013E+00 a       292     0    10     1    22
 -1.3020638948305892E+00 a       293     0    10     1    23
 -4.3422353067712374E+00 a       294     0    10     1    24
 -4.0522612201120607E+00 a       295     0    10     1    25
 -1.5962831308059067E+00 a       296     0    10     1    26
 -4.7497366940649555E-01 a       297     0    10     1    27
  2.4985716090200039E-01 a       298     0    10     1    28
 -5.7309479558007581E+00 a       299     0    10     1    29
 -1.5291873894197776E+00 a       300     0    10     1    30
  8.9056851401011432E+00 a       301     0    11     1     1
  2.7976765087294307E+01 a       302     0    11     1     2
  1.4209521339782832E+01 a       303     0    11     1     3
 -1.3521160689691603E+00 a       304     0    11     1     4
  1.4738640830137651E+01 a       305     0    11     1     5
  1.3029999415110700E+01 a       306     0    11     1     6
 -1.6797771250784621E+01 a       307     0    11     1     7
 -1.0147813614786223E+01 a       308     0    11     1     8
  9.9288165460870506E+00 a       309     0    11     1     9
 -3.4540902298904101E+01 a       310     0    11     1    10
 -2.1524875391785525E-01 a       311     0    11     1    11
  1.8369990353379151E+01 a       312     0    11     1    12
 -2.1373642452186541E+00 a       313     0    11     1    13
  1.8417463543908404E+01 a       314     0    11     1    14
  6.0873754641370557E+00 a       315     0    11     1    15
 -8.1225972786359844E+00 a       316     0    11     1    16
  1.7986869142035391E+00 a       317     0    11     1    17
  8.1960552932167907E+00 a       318     0    11     1    18
  1.0604382978701027E+01 a       319     0    11     1    19
  1.2717114343435801E+01 a       320     0    11     1    20
  2.2661778277460360E+00 a       321     0    11     1    21
  7.7129565096453039E+00 a       322     0    11     1    22
 -1.5040797382557438E+00 a       323     0    11     1    23
 -7.4978252705189998E+00 a       324     0    11     1    24
 -2.0242374135832993E+01 a       325     0    11     1    25
  3.1035742535211081E-01 a       326     0    11     1    26
  6.1227427372354839E+00 a       327     0    11     1    27
  2.4218044370155312E+01 a       328     0    11     1    28
  1.8881887245298421E+00 a       329     0    11     1    29
  6.1326157661639584E+00 a       330     0    11     1    30
  6.8986331585007035E+00 a       331     0    12     1     1
 -5.7439268516067328E+00 a       332     0    12     1     2
 -2.9661073724961526E+00 a       333     0    12     1     3
  9.8564657528669064E-01 a       334     0    12     1     4
  6.7550133681552349E-01 a       335     0    12     1     5
 -2.1511534319089329E+00 a       336     0    12     1     6
  1.0818563963178185E+01 a       337     0    12     1     7
 -4.8724126802592824E+00 a       338     0    12     1     8
 -6.3061877699612703E+00 a       339     0    12     1     9
 -3.1306536905785545E+00 a       340     0    12     1    10
  3.4175862442928331E+00 a       341     0    12     1    11
 -4.7328504169005461E+00 a       342     0    12     1    12
  1.5960894068973472E+00 a       343     0    12     1    13
  1.4474427721992187E+00 a       344     0    12     1    14
  3.3039449922889137E+00 a       345     0    12     1    15
  5.5240305023948766E+00 a       346     0    12     1    16
 -4.0714022987654923E+00 a       347     0    12     1    17
 -5.2437321608240950E+00 a       348     0    12     1    18
  4.6311794853476451E-01 a       349     0    12     1    19
 -6.9587677609181178E+00 a       350     0    12     1    20
 -6.7931134837551612E+00 a       351     0    12     1    21
  4.1664535597330117E+00 a       352     0    12     1    22
 -5.4436290324870420E+00 a       353     0    12     1    23
  8.7432989834783403E-01 a       354     0    12     1    24
  3.5859364444720629E+00 a       355     0    12     1    25
  1.4795070945531069E-01 a       356     0    12     1    26
  4.7921927727111013E-01 a       357     0    12     1    27
 -2.0496368322601324E+00 a       358     0    12     1    28
  2.4407651447391756E+00 a       359     0    12     1    29
  2.6639436485552177E+00 a       360     0    12     1    30
 -4.9643412022853282E+00 a       361     0    13     1     1
 -1.2830767467490661E+01 a       362     0    13     1     2
  2.1050895232868339E+00 a       363     0    13     1     3
 -2.6858878537955945E+01 a       364     0    13     1     4
  1.2243115270985330E+01 a       365     0    13     1     5
 -1.8423755963976298E+01 a       366     0    13     1     6
 -1.5708804179994660E+01 a       367     0    13     1     7
 -3.3708608872564807E+00 a       368     0    13     1     8
 -1.9731190590727451E+01 a       369     0    13     1     9
  3.0322943092630117E-01 a       370     0    13     1    10
  6.2433087589151572E+00 a       371     0    13     1    11
  2.6414633896210407E+01 a       372     0    13     1    12
 -1.4947882950949868E+01 a       373     0    13     1    13
  1.9629657246932030E+01 a       374     0    13     1    14
  3.7686319091055182E+01 a       375     0    13     1    15
 -1.0231751821655788E+01 a       376     0    13     1    16
  7.1038196605306485E+00 a       377     0    13     1    17
  4.8755930562039520E+00 a       378     0    13     1    18
  1.2617919965363956E+01 a       379     0    13     1    19
 -1.2551426571050504E+01 a       380     0    13     1    20
 -8.4819421920642704E+00 a       381     0    13     1    21
 -1.5605473293683602E+01 a       382     0    13     1    22
  2.1151423371027910E+01 a       383     0    13     1    23
 -2.4321482168554458E+00 a       384     0    13     1    24
  6.0419024757702049E+00 a       385     0    13     1    25
 -2.6764857101275781E+00 a       386     0    13     1    26
  5.0589217502410317E+00 a       387     0    13     1    27
 -1.8888490022976196E+01 a       388     0    13     1    28
 -3.0328824152793672E+01 a       389     0    13     1    29
 -7.3639218180555792E+00 a       390     0    13     1    30
 -2.5189213664994959E+01 a       391     0    14     1     1
 -1.8581064330407660E+01 a       392     0    14     1     2
  8.4350318263671653E+00 a       393     0    14     1     3
  7.4230283632918432E+00 a       394     0    14     1     4
 -3.0902640424660475E+00 a       395     0    14     1     5
  2.5618352514571086E+01 a       396     0    14     1     6
  8.1820788565095501E+00 a       397     0    14     1     7
 -9.7170476853116767E+00 a       398     0    14     1     8
  9.4534168420064919E+00 a       399     0    14     1     9
  1.9938500213060944E+01 a       400     0    14     1    10
 -1.3462090976489806E+01 a       401     0    14     1    11
  6.8389031419298618E+00 a       402     0    14     1    12
 -1.7010196042373217E+01 a       403     0    14     1    13
  1.2140385781490957E+01 a       404     0    14     1    14
  8.7507614226941204E+00 a       405     0    14     1    15
  2.3616937165301088E+01 a       406     0    14     1    16
  1.3116350531437813E+00 a       407     0    14     1    17
  2.3509133026959197E+00 a       408     0    14     1    18
  6.2623002561520114E-01 a       409     0    14     1    19
 -1.0641992716965641E+01 a       410     0    14     1    20
 -3.4433425664590565E+00 a       411     0    14     1    21
 -6.5353549422673582E+00 a       412     0    14     1    22
 -5.9067352381205662E-01 a       413     0    14     1    23
 -2.7546728418919386E+01 a       414     0    14     1    24
  1.0899163118295332E+01 a       415     0    14     1    25
 -1.6743023550364494E+01 a       416     0    14     1    26
  9.8501454057247990E+00 a       417     0    14     1    27
  5.7155648791924758E+00 a       418     0    14     1    28
 -2.3512783660784096E+00 a       419     0    14     1    29
  4.0689789832765966E+00 a       420     0    14     1    30
  1.2776206095053050E+01 a       421     0    15     1     1
  1.1278460715910949E+01 a       422     0    15     1     2
  6.4162064233730707E+00 a       423     0    15     1     3
 -8.4661240191327138E+00 a       424     0    15     1     4
  6.3226883326357397E+00 a       425     0    15     1     5
  3.7050994213320294E+00 a       426     0    15     1     6
  2.1942362391829531E+00 a       427     0    15     1     7
 -2.2353012812452051E+00 a       428     0    15     1     8
  5.0081541980964550E+00 a       429     0    15     1     9
 -5.4975498347518448E+00 a       430     0    15     1    10
  1.2340161568402859E+01 a       431     0    15     1    11
  1.4771109296168888E+01 a       432     0    15     1    12
 -1.4100261973023050E+01 a       433     0    15     1    13
  1.5662159329078760E+01 a       434     0    15     1    14
  7.5409237797081485E-01 a       435     0    15     1    15
 -8.0573239561479415E+00 a       436     0    15     1    16
  4.6870302144595000E+00 a       437     0    15     1    17
 -8.6607564028513657E+00 a       438     0    15     1    18
 -6.4771847812006360E+00 a       439     0    15     1    19
  1.0638528826168749E+00 a       440     0    15     1    20
 -2.0448778526780984E+01 a       441     0    15     1    21
  1.9019867134773412E+00 a       442     0    15     1    22
 -1.3243181400658255E+01 a       443     0    15     1    23
  9.3520262241197969E+00 a       444     0    15     1    24
  1.6611779268384005E+01 a       445     0    15     1    25
 -9.7191448987843609E-01 a       446     0    15     1    26
  5.5483008940126943E+00 a       447     0    15     1    27
  5.2148384822105305E+00 a       448     0    15     1    28
  8.4570840937381275E-01 a       449     0    15     1    29
  2.5667704897236203E+00 a       450     0    15     1    30
  4.7601046587649076E+00 a       451     0    16     1     1
  1.6349361581472099E+00 a       452     0    16     1     2
 -1.3606280985963187E+01 a       453     0    16     1     3
 -2.8745028673046931E+00 a       454     0    16     1     4
 -1.2484851606577512E+00 a       455     0    16     1     5
 -3.3494276990493397E+01 a       456     0    16     1     6
 -5.4514622417204794E+00 a       457     0    16     1     7
  4.4260177262659557E+00 a       458     0    16     1     8
 -1.0696620752601032E+01 a       459     0    16     1     9
 -2.5474485764408589E-01 a       460     0    16     1    10
 -1.5379496220897195E+01 a       461     0    16     1    11
 -1.2123372143721550E+01 a       462     0    16     1    12
 -1.6191121416833056E+01 a       463     0    16     1    13
  2.7555067941517852E+00 a       464     0    16     1    14
  4.3964031350119361E+00 a       465     0    16     1    15
 -8.7175538539349517E+00 a       466     0    16     1    16
  1.1478268555575095E+01 a       467     0    16     1    17
  1.5918564992071106E+01 a       468     0    16     1    18
  2.6104825393485860E+00 a       469     0    16     1    19
  1.9832134022697513E+01 a       470     0    16     1    20
  1.0596527968390684E-01 a       471     0    16     1    21
  1.1153414762791879E+01 a       472     0    16     1    22
  3.3341589567926051E+00 a       473     0    16     1    23
 -4.4579252836265537E+00 a       474     0    16     1    24
 -7.8066089280282460E+00 a       475     0    16     1    25
  1.7017007373195487E+01 a       476     0    16     1    26
 -8.1595176377535195E-01 a       477     0    16     1    27
 -1.0137787524032678E+00 a       478     0    16     1    28
  1.1262091734108148E+01 a       479     0    16     1    29
  1.8110060306358218E+01 a       480     0    16     1    30
  1.5134652835091169E+01 a       481     0    17     1     1
 -1.9930639325236179E+01 a       482     0    17     1     2
  3.3571434405061935E+00 a       483     0    17     1     3
  1.7879322687709426E+01 a       484     0    17     1     4
  1.0279929684369311E+01 a       485     0    17     1     5
 -6.7278658655521397E+00 a       486     0    17     1     6
  1.7863257592796753E+01 a       487     0    17     1     7
  1.0523775476909726E+01 a       488     0    17     1     8
 -4.2343019676660152E+00 a       489     0    17     1     9
  1.1629666796489957E+01 a       490     0    17     1    10
  2.3814255650028649E+01 a       491     0    17     1    11
 -1.5446916316512032E+01 a       492     0    17     1    12
  1.1812992337897725E+01 a       493     0    17     1    13
 -2.8203927844654095E+00 a       494     0    17     1    14
 -2.8878685723559574E+00 a       495     0    17     1    15
  1.5089661300485615E+01 a       496     0    17     1    16
 -8.8611214982889628E+00 a       497     0    17     1    17
  9.3300010777127032E+00 a       498     0    17     1    18
 -2.8986268414545091E+01 a       499     0    17     1    19
  1.3632780853539950E+01 a       500     0    17     1    20
  2.2901020976349837E+01 a       501     0    17     1    21
  7.6577368008176103E+00 a       502     0    17     1    22
  3.8235113755350429E+00 a       503     0    17     1    23
  2.3163836741698103E+00 a       504     0    17     1    24
  3.0715855703711679E+01 a       505     0    17     1    25
  9.5182544218468177E+00 a       506     0    17     1    26
  4.8536993376025430E+00 a       507     0    17     1    27
  4.2111284652418295E+00 a       508     0    17     1    28
  7.3759938836362435E+00 a       509     0    17     1    29
 -1.6416514027039260E+00 a       510     0    17     1    30
 -8.2242884321830717E-02 a       511     0    18     1     1
 -1.5781009827334868E+01 a       512     0    18     1     2
 -3.2176957113412898E+00 a       513     0    18     1     3
  3.5790426982840033E+00 a       514     0    18     1     4
  4.0109634727672407E+00 a       515     0    18     1     5
  3.4866652494289503E+00 a       516     0    18     1     6
  4.2309307989687053E+00 a       517     0    18     1     7
  1.0301783545662305E+01 a       518     0    18     1     8
 -2.4273117211745254E-01 a       519     0    18     1     9
 -4.6636137532248076E+00 a       520     0    18     1    10
 -1.8829117070432488E+00 a       521     0    18     1    11
 -3.5695596547610253E-01 a       522     0    18     1    12
 -6.4922671475411180E+00 a       523     0    18     1    13
 -2.1034289524542127E-01 a       524     0    18     1    14
  2.0322973457686357E+00 a       525     0    18     1    15
  6.6569718722376203E-01 a       526     0    18     1    16
 -1.0525753920151031E+01 a       527     0    18     1    17
 -1.3060028956142366E+01 a       528     0    18     1    18
  1.2198647873516784E+00 a       529     0    18     1    19
 -1.7167083814071258E+00 a       530     0    18     1    20
 -3.5529598340298683E+00 a       531     0    18     1    21
 -2.5280369837764858E+00 a       532     0    18     1    22
  4.8701110529891558E+00 a       533     0    18     1    23
  4.9556454632699892E-01 a       534     0    18     1    24
 -2.0030162014154200E+00 a       535     0    18     1    25
 -1.7594752470169713E+01 a       536     0    18     1    26
  4.4358576990481673E+00 a       537     0    18     1    27
  7.2034976095784407E+00 a       538     0    18     1    28
 -5.3636779154816372E-01 a       539     0    18     1    29
  2.2693532725021906E-02 a       540     0    18     1    30
 -7.3824906873475085E+00 a       541     0    19     1     1
 -6.6326741131270284E+00 a       542     0    19     1     2
 -3.4783255972856577E+00 a       543     0    19     1     3
 -1.5159172941165219E+01 a       544     0    19     1     4
 -2.3540732901624800E+01 a       545     0    19     1     5
 -4.8852578985255968E-01 a       546     0    19     1     6
 -1.1654352872757178E+01 a       547     0    19     1     7
  1.0265928648324511E+01 a       548     0    19     1     8
 -1.3579861456518522E+01 a       549     0    19     1     9
  8.5848089057663710E+00 a       550     0    19     1    10
 -7.1975901606006882E+00 a       551     0    19     1    11
 -4.1217765277944594E+01 a       552     0    19     1    12
 -1.2195524502118838E+01 a       553     0    19     1    13
 -5.4580745275132783E+00 a       554     0    19     1    14
  1.5153505948658559E+01 a       555     0    19     1    15
 -1.2185964472026791E+01 a       556     0    19     1    16
  8.7623420458187269E+00 a       557     0    19     1    17
 -1.8482195453776960E+01 a       558     0    19     1    18
  9.3629701144515334E+00 a       559     0    19     1    19
 -9.9671047184601118E+00 a       560     0    19     1    20
  1.5691218760391654E+00 a       561     0    19     1    21
  2.2342254090344968E+00 a       562     0    19     1    22
  8.1489553760608384E+00 a       563     0    19     1    23
  1.4728637768506845E+01 a       564     0    19     1    24
 -7.3133470063380877E+00 a       565     0    19     1    25
 -7.4244289420315903E+00 a       566     0    19     1    26
 -1.5521696565195029E+01 a       567     0    19     1    27
 -7.4088220895273089E+00 a       568     0    19     1    28
 -2.5010753030996948E+01 a       569     0    19     1    29
 -8.2406683400640528E+00 a       570     0    19     1    30
 -2.7245057127613990E+00 a       571     0    20     1     1
  1.7252968322909961E+01 a       572     0    20     1     2
  1.4910402644361406E+01 a       573     0    20     1     3
 -2.8525237660555227E+00 a       574     0    20     1     4
 -6.8457788641203949E+00 a       575     0    20     1     5
 -8.8368140443775314E+00 a       576     0    20     1     6
  2.6649548140517066E+01 a       577     0    20     1     7
 -1.6616342184540184E+01 a       578     0    20     1     8
  1.7688307630986078E+01 a       579     0    20     1     9
  1.4377409151761041E+01 a       580     0    20     1    10
  2.4379429611091434E+00 a       581     0    20     1    11
 -3.1554498084820262E+00 a       582     0    20     1    12
 -1.2198171823644444E+01 a       583     0    20     1    13
  7.6093059096448421E+00 a       584     0    20     1    14
 -2.3077318609678464E+01 a       585     0    20     1    15
 -2.0723743602106097E+01 a       586     0    20     1    16
  1.1717087192227428E+01 a       587     0    20     1    17
  2.2358573154639942E+01 a       588     0    20     1    18
 -7.9947467742975222E+00 a       589     0    20     1    19
 -2.8793579809964545E+00 a       590     0    20     1    20
 -6.5028793549563915E+00 a       591     0    20     1    21
 -3.2117337392338552E+00 a       592     0    20     1    22
  1.9837186552107917E+00 a       593     0    20     1    23
 -8.6079855525600202E+00 a       594     0    20     1    24
 -2.1545003308259441E+00 a       595     0    20     1    25
  1.4688327058301443E+01 a       596     0    20     1    26
 -4.2235317224990609E+00 a       597     0    20     1    27
 -1.1806601632025505E+01 a       598     0    20     1    28
  2.4560548150399195E+00 a       599     0    20     1    29
 -2.0261963214242670E+01 a       600     0    20     1    30
  4.5113208120566624E+00 a       601     0    21     1     1
 -1.1887428856214909E+01 a       602     0    21     1     2
 -1.3074236116950899E-01 a       603     0    21     1     3
 -7.3977031277715239E+00 a       604     0    21     1     4
 -1.5210531196044013E+01 a       605     0    21     1     5
  1.6379831399500024E+01 a       606     0    21     1     6
  6.4705772295811421E+00 a       607     0    21     1     7
 -3.2619601204696846E+00 a       608     0    21     1     8
 -2.8141504433137510E-01 a       609     0    21     1     9
  1.5874496540935337E-01 a       610     0    21     1    10
 -1.1032307034421390E+01 a       611     0    21     1    11
 -5.7130674565957866E+00 a       612     0    21     1    12
  3.3007723896059254E+01 a       613     0    21     1    13
 -8.3649884854764043E+00 a       614     0    21     1    14
 -6.6647192197284486E+00 a       615     0    21     1    15
  3.1782486782415020E+01 a       616     0    21     1    16
 -4.7877702459904095E+00 a       617     0    21     1    17
 -2.7037818243709824E+00 a       618     0    21     1    18
 -1.6734168025118683E+00 a       619     0    21     1    19
  9.4839609786067633E+00 a       620     0    21     1    20
 -1.7032850953866554E+01 a       621     0    21     1    21
 -1.2909157011910249E+01 a       622     0    21     1    22
  2.4430559481844018E+01 a       623     0    21     1    23
  1.8479659881655689E+01 a       624     0    21     1    24
 -1.5448924715203326E+01 a       625     0    21     1    25
  3.9850501613373083E+01 a       626     0    21     1    26
 -8.5807027734965846E+00 a       627     0    21     1    27
  9.5740423535615093E+00 a       628     0    21     1    28
  1.8932887861142128E-01 a       629     0    21     1    29
 -9.6950380744498350E+00 a       630     0    21     1    30
  3.5886201439941607E+00 a       631     0    22     1     1
  9.3019169404283275E+00 a       632     0    22     1     2
 -2.1468033722945641E+01 a       633     0    22     1     3
 -9.9971692838136739E-01 a       634     0    22     1     4
 -9.1683815595387621E+00 a       635     0    22     1     5
  5.0396910737006877E+00 a       636     0    22     1     6
 -1.0570753833333795E+01 a       637     0    22     1     7
  6.0565684306584524E+00 a       638     0    22     1     8
 -1.1158099878353706E-01 a       639     0    22     1     9
 -1.9389930265906738E+01 a       640     0    22     1    10
  1.3947737662082327E+01 a       641     0    22     1    11
  1.5345445616889535E+01 a       642     0    22     1    12
 -5.3422432162625508E+00 a       643     0    22     1    13
  9.0276592813888055E+00 a       644     0    22     1    14
  2.1465958184864053E+00 a       645     0    22     1    15
 -5.0626271357753225E+00 a       646     0    22     1    16
 -1.5098391958241226E+00 a       647     0    22     1    17
 -4.0208842830729115E+00 a       648     0    22     1    18
 -2.3769650792000380E+01 a       649     0    22     1    19
  1.5173390989245755E+01 a       650     0    22     1    20
 -1.3163265400489529E+01 a       651     0    22     1    21
 -9.8803635911407977E+00 a       652     0    22     1    22
 -3.2159891614454454E+00 a       653     0    22     1    23
  1.9988317882271275E+01 a       654     0    22     1    24
 -5.9388092006617192E+00 a       655     0    22     1    25
  1.2886922413088676E+01 a       656     0    22     1    26
 -1.0579398192719788E+01 a       657     0    22     1    27
 -1.5573243528226874E+00 a       658     0    22     1    28
  2.4406612195562731E+00 a       659     0    22     1    29
  1.1295163409272494E+01 a       660     0    22     1    30
  5.1567399636168521E+00 a       661     0    23     1     1
 -3.7998650739636397E+00 a       662     0    23     1     2
 -4.4596716664533842E+00 a       663     0    23     1     3
 -4.6819782554656202E+00 a       664     0    23     1     4
  7.9915137365612789E+00 a       665     0    23     1     5
 -8.5893599248596164E+00 a       666     0    23     1     6
 -1.0805260350489599E+01 a       667     0    23     1     7
 -1.4038658325376359E+00 a       668     0    23     1     8
  2.2905348407105954E+00 a       669     0    23     1     9
 -1.4211001895964667E+01 a       670     0    23     1    10
  3.6813640483219952E+00 a       671     0    23     1    11
  2.7082728126803928E+00 a       672     0    23     1    12
 -9.1413831870663348E-02 a       673     0    23     1    13
 -2.7113403856982963E+00 a       674     0    23     1    14
  2.4831664202532249E+01 a       675     0    23     1    15
  1.8373638113710545E+01 a       676     0    23     1    16
  4.2570243407976580E+00 a       677     0    23     1    17
 -1.5620263442829820E+01 a       678     0    23     1    18
  4.9764831313874662E+00 a       679     0    23     1    19
 -1.2476307171848603E+01 a       680     0    23     1    20
  1.4744310094092652E+01 a       681     0    23     1    21
  2.0177600796920103E+01 a       682     0    23     1    22
  6.6068649685711606E-02 a       683     0    23     1    23
  8.2473680976165689E+00 a       684     0    23     1    24
  1.7154408899953706E+00 a       685     0    23     1    25
 -1.9526826472559886E+01 a       686     0    23     1    26
  6.0665943087786642E+00 a       687     0    23     1    27
  1.4590316685642174E+01 a       688     0    23     1    28
 -8.8225032048787391E+00 a       689     0    23     1    29
  2.4943994698452801E+01 a       690     0    23     1    30
 -1.1890363885617681E+01 a       691     0    24     1     1
  1.4169475847046238E+01 a       692     0    24     1     2
 -2.2659322493238211E+01 a       693     0    24     1     3
 -2.0206116261672708E+01 a       694     0    24     1     4
 -7.2595151464983898E+00 a       695     0    24     1     5
  2.9108402184040911E+00 a       696     0    24     1     6
  1.4092570079383220E+01 a       697     0    24     1     7
 -1.5359625325319550E+01 a       698     0    24     1     8
  2.0772029893065334E+01 a       699     0    24     1     9
 -1.8407598348610200E+01 a       700     0    24     1    10
  6.8076170904707887E+00 a       701     0    24     1    11
 -1.1958842360745803E+00 a       702     0    24     1    12
  1.5963412084453849E-01 a       703     0    24     1    13
 -1.1088835035600294E+01 a       704     0    24     1    14
  9.8396723495420879E+00 a       705     0    24     1    15
 -1.1239133734855895E+00 a       706     0    24     1    16
  1.0824179648910105E+01 a       707     0    24     1    17
 -1.1321419312742377E+01 a       708     0    24     1    18
  6.6356953332539694E+00 a       709     0    24     1    19
  1.5189506866226242E+01 a       710     0    24     1    20
 -9.2591083270508676E+00 a       711     0    24     1    21
 -8.3672693395850892E+00 a       712     0    24     1    22
  2.7314950889120500E+00 a       713     0    24     1    23
 -6.0385308554297428E+00 a       714     0    24     1    24
 -1.3606179574480532E+01 a       715     0    24     1    25
  9.3209020945248007E+00 a       716     0    24     1    26
  8.5520878732047692E+00 a       717     0    24     1    27
 -3.1533637480906727E+00 a       718     0    24     1    28
  1.5049779381946172E+01 a       719     0    24     1    29
  1.3550639189756465E+01 a       720     0    24     1    30
 -6.8833686809545895E+00 a       721     0    25     1     1
 -4.3472822748116098E+00 a       722     0    25     1     2
 -1.5357290205041954E+01 a       723     0    25     1     3
  1.1375468120573228E+01 a       724     0    25     1     4
  1.7109266478615051E+01 a       725     0    25     1     5
  2.0427823406789587E+00 a       726     0    25     1     6
 -2.0396180643422220E+01 a       727     0    25     1     7
  2.7522143559884270E+01 a       728     0    25     1     8
 -1.0621829621280831E+01 a       729     0    25     1     9
  1.1442400460744141E+01 a       730     0    25     1    10
  2.9709584947740129E+00 a       731     0    25     1    11
  1.8431165999083885E+00 a       732     0    25     1    12
 -1.0359925786671200E+01 a       733     0    25     1    13
 -1.3600940535246744E+01 a       734     0    25     1    14
  5.4348541435731716E+00 a       735     0    25     1    15
 -1.7429286550758526E+01 a       736     0    25     1    16
 -1.0924821837921549E+01 a       737     0    25     1    17
 -2.5790622995392617E+01 a       738     0    25     1    18
  1.7496700876303805E+01 a       739     0    25     1    19
  2.9237234769377136E+00 a       740     0    25     1    20
 -5.4001018272724721E+00 a       741     0    25     1    21
  2.3177448735886270E+00 a       742     0    25     1    22
 -9.2620628844169772E+00 a       743     0    25     1    23
 -3.2411140202048585E+01 a       744     0    25     1    24
  3.5084269057813145E+01 a       745     0    25     1    25
 -2.2644346654179230E+01 a       746     0    25     1    26
  2.1132872653812123E+00 a       747     0    25     1    27
 -9.6028974299121312E+00 a       748     0    25     1    28
  1.0900303090118967E+01 a       749     0    25     1    29
  2.3276822153947027E+01 a       750     0    25     1    30
  5.5495685723068169E+00 a       751     0    26     1     1
  1.8045222387176569E+01 a       752     0    26     1     2
  3.9653874528223505E+00 a       753     0    26     1     3
 -2.0666531011128438E+01 a       754     0    26     1     4
  4.7382128030339130E+00 a       755     0    26     1     5
  1.0299332557172573E+01 a       756     0    26     1     6
 -7.3635640463472587E+00 a       757     0    26     1     7
 -8.2803638932937638E+00 a       758     0    26     1     8
  3.0224384733213494E+00 a       759     0    26     1     9
  6.9059000917535167E+00 a       760     0    26     1    10
  6.7613175719696423E+00 a       761     0    26     1    11
  3.1802413060773747E+00 a       762     0    26     1    12
  2.9492584731835829E+00 a       763     0    26     1    13
  9.2417108560613954E+00 a       764     0    26     1    14
  1.8039208275632275E+00 a       765     0    26     1    15
 -6.9616170331830751E-01 a       766     0    26     1    16
  8.8593127959149314E+00 a       767     0    26     1    17
  8.7136795220527148E+00 a       768     0    26     1    18
  4.5451694535966629E+00 a       769     0    26     1    19
  3.9661112228615263E+00 a       770     0    26     1    20
 -6.8152057998309434E+00 a       771     0    26     1    21
 -8.0155614634349254E-02 a       772     0    26     1    22
 -8.1848544364438460E+00 a       773     0    26     1    23
  5.3459033769473696E-01 a       774     0    26     1    24
  8.1519888495768704E+00 a       775     0    26     1    25
  1.0227612649083296E+01 a       776     0    26     1    26
 -2.1735314830784507E+00 a       777     0    26     1    27
 -4.9723752349226933E+00 a       778     0    26     1    28
  2.1838170633260914E+00 a       779     0    26     1    29
  8.8309448748708022E+00 a       780     0    26     1    30
 -1.5467059165232625E+01 a       781     0    27     1     1
 -5.7890160512137996E+00 a       782     0    27     1     2
  3.4540870172954676E+00 a       783     0    27     1     3
  1.5698114859962581E+01 a       784     0    27     1     4
 -2.2053070426318691E+01 a       785     0    27     1     5
 -3.0306376401940898E+00 a       786     0    27     1     6
 -5.4997918084649360E+00 a       787     0    27     1     7
  2.1824544151790866E+00 a       788     0    27     1     8
 -2.0903389074572416E+01 a       789     0    27     1     9
  4.8474296610285368E+00 a       790     0    27     1    10
 -1.1234517419548231E+01 a       791     0    27     1    11
 -5.9971533369912056E+00 a       792     0    27     1    12
  2.2491734887648551E+01 a       793     0    27     1    13
 -1.4684327647563379E+01 a       794     0    27     1    14
 -9.7354488977847566E+00 a       795     0    27     1    15
  1.5644720231328000E+01 a       796     0    27     1    16
 -9.9541424524278579E+00 a       797     0    27     1    17
 -5.2814783113127248E+00 a       798     0    27     1    18
 -5.5017797573615717E+00 a       799     0    27     1    19
  9.6185401030031912E+00 a       800     0    27     1    20
  5.8269377245895733E+00 a       801     0    27     1    21
 -1.2560549776176870E+01 a       802     0    27     1    22
  4.1856435625708022E+00 a       803     0    27     1    23
 -8.4520390124911859E+00 a       804     0    27     1    24
  5.3325961590349529E+00 a       805     0    27     1    25
  2.0434245678579313E+01 a       806     0    27     1    26
  3.6787963625082045E+00 a       807     0    27     1    27
 -3.1185949927032199E+00 a       808     0    27     1    28
  9.5409716625007572E+00 a       809     0    27     1    29
 -6.3573501745856440E+00 a       810     0    27     1    30
  1.2593564116388729E+01 a       811     0    28     1     1
  5.6257906326774920E-01 a       812     0    28     1     2
  2.8226416788225681E+01 a       813     0    28     1     3
  1.6764686093116982E+01 a       814     0    28     1     4
  1.6868157104580309E+01 a       815     0    28     1     5
  1.2217610996878288E-01 a       816     0    28     1     6
  7.7265658078516086E+00 a       817     0    28     1     7
  2.6974322356226754E+01 a       818     0    28     1     8
 -5.9286553476718487E+00 a       819     0    28     1     9
  2.1480533149376058E+00 a       820     0    28     1    10
  1.2210351671342080E+01 a       821     0    28     1    11
 -4.1910094202390171E+00 a       822     0    28     1    12
  3.8171625534265599E+00 a       823     0    28     1    13
 -2.7928213682295561E-01 a       824     0    28     1    14
  3.2947886437013718E+00 a       825     0    28     1    15
  2.5912684345284336E+00 a       826     0    28     1    16
 -9.6612310824824217E+00 a       827     0    28     1    17
  2.1065774464756092E+01 a       828     0    28     1    18
  2.2773394980324198E+01 a       829     0    28     1    19
 -1.1714149052804496E+01 a       830     0    28     1    20
  3.8351903395080904E+00 a       831     0    28     1    21
  8.1415934938881502E+00 a       832     0    28     1    22
 -2.3384622307136618E+00 a       833     0    28     1    23
 -1.9515745512417261E+01 a       834     0    28     1    24
  1.1751440524117291E+01 a       835     0    28     1    25
 -5.0126086959523448E+00 a       836     0    28     1    26
 -5.1015483081200728E+00 a       837     0    28     1    27
 -1.1768492914493800E+01 a       838     0    28     1    28
 -2.5628538033043773E+00 a       839     0    28     1    29
 -4.1119772216036496E+00 a       840     0    28     1    30
  1.4115818425166237E+01 a       841     0    29     1     1
  1.1770068167223882E-01 a       842     0    29     1     2
 -2.7789149695848998E+00 a       843     0    29     1     3
 -2.4096701440561428E+00 a       844     0    29     1     4
 -1.5305183826515972E+01 a       845     0    29     1     5
  1.5663683755768522E+01 a       846     0    29     1     6
  9.8721885409851726E+00 a       847     0    29     1     7
 -4.5216661497355304E+00 a       848     0    29     1     8
  7.8829197748270303E+00 a       849     0    29     1     9
 -9.0859270390784364E+00 a       850     0    29     1    10
 -4.5303563406629999E-01 a       851     0    29     1    11
  1.4979388337911914E+00 a       852     0    29     1    12
 -1.0745612950015326E+00 a       853     0    29     1    13
  1.5481887083531815E+01 a       854     0    29     1    14
  4.3477028147753022E-01 a       855     0    29     1    15
 -1.1744801688209552E+00 a       856     0    29     1    16
  9.1808703521352228E+00 a       857     0    29     1    17
  1.1427239181842127E+01 a       858     0    29     1    18
  6.3986004530005269E+00 a       859     0    29     1    19
 -9.6863149568871805E+00 a       860     0    29     1    20
 -2.3346088753519001E+00 a       861     0    29     1    21
 -6.3049280888224954E+00 a       862     0    29     1    22
 -1.5761873378396988E+01 a       863     0    29     1    23
  2.3276236662817794E+01 a       864     0    29     1    24
 -1.5312083800237094E+01 a       865     0    29     1    25
  6.9810496849123780E+00 a       866     0    29     1    26
 -1.1925243755220383E+00 a       867     0    29     1    27
 -3.5586429654087990E+00 a       868     0    29     1    28
 -5.1849726063074097E+00 a       869     0    29     1    29
 -9.3470678064947421E+00 a       870     0    29     1    30
 -2.3654719607706738E+01 a       871     0    30     1     1
 -2.2524869911439616E+01 a       872     0    30     1     2
 -4.7041999843511419E+00 a       873     0    30     1     3
  2.0204263123624379E+01 a       874     0    30     1     4
 -1.8202190177387127E+01 a       875     0    30     1     5
 -7.2191064566425487E+00 a       876     0    30     1     6
 -8.6591087724215754E+00 a       877     0    30     1     7
  1.0279105444248392E+01 a       878     0    30     1     8
 -5.4589749287119123E+00 a       879     0    30     1     9
 -7.4210608704312966E+00 a       880     0    30     1    10
 -1.7236288015092828E+01 a       881     0    30     1    11
 -7.5968186440935508E+00 a       882     0    30     1    12
  5.2259484816678174E+00 a       883     0    30     1    13
 -8.2172149020954777E+00 a       884     0    30     1    14
 -8.9586908832109895E+00 a       885     0    30     1    15
 -6.9738738727442060E+00 a       886     0    30     1    16
 -4.0978690987743969E+00 a       887     0    30     1    17
  9.2889317964922435E-01 a       888     0    30     1    18
 -3.3472086135413357E+00 a       889     0    30     1    19
 -8.3078616555698677E+00 a       890     0    30     1    20
  1.4561768344376633E+01 a       891     0    30     1    21
  2.6827247597125199E+00 a       892     0    30     1    22
 -2.2076478413819567E+00 a       893     0    30     1    23
  3.5902346614807817E-01 a       894     0    30     1    24
 -3.0418324435241818E+01 a       895     0    30     1    25
 -1.5538313732614531E+01 a       896     0    30     1    26
 -6.1518223159459762E+00 a       897     0    30     1    27
 -7.5458484936067300E+00 a       898     0    30     1    28
 -1.6516346369840274E+01 a       899     0    30     1    29
 -3.9162970327958426E+00 a       900     0    30     1    30
  9.2574279758607791E-01 a       901     0    31     1     1
 -9.2158734854716666E+00 a       902     0    31     1     2
  1.6165859315157154E+00 a       903     0    31     1     3
  3.4287188232603465E+00 a       904     0    31     1     4
 -2.4000231634562335E+00 a       905     0    31     1     5
 -1.2734747666701418E+01 a       906     0    31     1     6
 -1.0376826958177553E+01 a       907     0    31     1     7
 -1.4203222595079195E+01 a       908     0    31     1     8
  1.8121624457075594E+00 a       909     0    31     1     9
  1.6263768216960504E+01 a       910     0    31     1    10
 -2.2557731163997232E+00 a       911     0    31     1    11
 -3.7778011163254543E+00 a       912     0    31     1    12
 -6.2696301830079033E+00 a       913     0    31     1    13
 -8.3156459924246011E+00 a       914     0    31     1    14
 -1.1049655851588657E+01 a       915     0    31     1    15
 -6.0632807859806670E+00 a       916     0    31     1    16
 -7.9991986271809745E+00 a       917     0    31     1    17
 -1.5441633299286757E+01 a       918     0    31     1    18
  1.1036428722201425E+01 a       919     0    31     1    19
 -2.2989644523964909E+01 a       920     0    31     1    20
 -1.1727497551362239E+01 a       921     0    31     1    21
  7.5701289295206842E-01 a       922     0    31     1    22
  8.4867008364562952E+00 a       923     0    31     1    23
  2.3070760258023779E+00 a       924     0    31     1    24
 -2.5946571154981669E+01 a       925     0    31     1    25
 -5.8435635872366918E+00 a       926     0    31     1    26
  1.6228779452736679E+00 a       927     0    31     1    27
  2.1148207939984250E+01 a       928     0    31     1    28
 -2.7397446292586305E+00 a       929     0    31     1    29
 -1.1917099597987205E+01 a       930     0    31     1    30
  1.5718965078964715E+01 a       931     0    32     1     1
 -2.4081899838379464E+01 a       932     0    32     1     2
 -1.2360180787836295E+01 a       933     0    32     1     3
  1.8086406088830675E+01 a       934     0    32     1     4
  1.9800582999002445E+00 a       935     0    32     1     5
 -3.4696878842964338E+00 a       936     0    32     1     6
  1.6844852151369105E+00 a       937     0    32     1     7
  1.0464666108059546E+00 a       938     0    32     1     8
 -7.0252788035063434E+00 a       939     0    32     1     9
  1.3405407056520303E+01 a       940     0    32     1    10
 -9.2598795093902053E-01 a       941     0    32     1    11
 -9.4566873349105904E+00 a       942     0    32     1    12
 -3.0306421215717116E-01 a       943     0    32     1    13
 -4.9238179440702767E+00 a       944     0    32     1    14
 -9.5986775622225089E+00 a       945     0    32     1    15
  7.3938417414477708E+00 a       946     0    32     1    16
  2.9251527094408649E+00 a       947     0    32     1    17
  8.9499859976805958E+00 a       948     0    32     1    18
 -2.0513278271026884E+01 a       949     0    32     1    19
  2.9549266369099425E+00 a       950     0    32     1    20
  1.5498413341150648E+01 a       951     0    32     1    21
 -9.9127503056644581E+00 a       952     0    32     1    22
  4.3861299683942763E+00 a       953     0    32     1    23
 -1.7878463223275116E+01 a       954     0    32     1    24
  2.6716855312717755E+00 a       955     0    32     1    25
  1.7173090810002641E+01 a       956     0    32     1    26
  1.1280297160025704E+01 a       957     0    32     1    27
 -2.5769569711347753E+01 a       958     0    32     1    28
  2.8742775436816532E+00 a       959     0    32     1    29
  6.4740249248681012E+00 a       960     0    32     1    30
  5.5581338889422387E+00 a       961     0    33     1     1
  1.9869493524053002E+01 a       962     0    33     1     2
  1.8781303887095660E+01 a       963     0    33     1     3
  2.5400021658266647E+00 a       964     0    33     1     4
  1.3083531983134420E+00 a       965     0    33     1     5
  7.4866839226417632E+00 a       966     0    33     1     6
  3.7534893415549595E+00 a       967     0    33     1     7
  6.8296684997846420E+00 a       968     0    33     1     8
 -8.8891567621940339E+00 a       969     0    33     1     9
 -7.6028837681770680E+00 a       970     0    33     1    10
  4.8532748419213929E+00 a       971     0    33     1    11
  6.1097542722226041E+00 a       972     0    33     1    12
  8.5775317197169887E+00 a       973     0    33     1    13
  1.4856152571852533E+01 a       974     0    33     1    14
  3.2562851353921381E+01 a       975     0    33     1    15
  3.0725403893345669E+00 a       976     0    33     1    16
 -1.3410809145715692E+01 a       977     0    33     1    17
  1.8975676569234402E+01 a       978     0    33     1    18
 -2.9021022339167080E-01 a       979     0    33     1    19
  1.0392298185947273E+00 a       980     0    33     1    20
  1.6526217946543387E+01 a       981     0    33     1    21
  1.9536183645141953E+00 a       982     0    33     1    22
 -3.3213113270319785E+00 a       983     0    33     1    23
  7.4440641813188808E+00 a       984     0    33     1    24
  5.0844325076317567E+00 a       985     0    33     1    25
 -1.3622326541563659E+01 a       986     0    33     1    26
  4.4444429763217439E+00 a       987     0    33     1    27
 -1.7708537871725478E+00 a       988     0    33     1    28
 -1.4604504096568434E+01 a       989     0    33     1    29
  3.5874471085576363E+00 a       990     0    33     1    30
  5.0078869798021870E+00 a       991     0    34     1     1
  2.0635386704702295E+01 a       992     0    34     1     2
  1.2096795324770868E+01 a       993     0    34     1     3
 -8.9552216011531414E+00 a       994     0    34     1     4
 -8.3829320021331064E+00 a       995     0    34     1     5
  9.9306527007675083E+00 a       996     0    34     1     6
 -6.6726860668642649E+00 a       997     0    34     1     7
  1.1685386966877946E+01 a       998     0    34     1     8
  9.5183266384019571E+00 a       999     0    34     1     9
 -1.9904329034526569E+01 a      1000     0    34     1    10
  4.6665412989335309E+00 a      1001     0    34     1    11
 -6.1591496320692460E+00 a      1002     0    34     1    12
 -1.7678158030590365E+00 a      1003     0    34     1    13
  1.0069715490017268E+01 a      1004     0    34     1    14
  1.1193833277971155E+01 a      1005     0    34     1    15
 -2.3830537744218862E+01 a      1006     0    34     1    16
  3.6169895107264236E+00 a      1007     0    34     1    17
  6.8509317336466022E+00 a      1008     0    34     1    18
  2.5986037409475124E+01 a      1009     0    34     1    19
  9.6839476533653261E+00 a      1010     0    34     1    20
  5.8606674941419250E+00 a      1011     0    34     1    21
  1.1271195432493341E+01 a      1012     0    34     1    22
  7.0847392360049866E-01 a      1013     0    34     1    23
  1.3247982590817282E+01 a      1014     0    34     1    24
 -2.3758203953216785E+01 a      1015     0    34     1    25
 -4.6858266719639827E+00 a      1016     0    34     1    26
  1.5013013888696691E+00 a      1017     0    34     1    27
  1.0072716772011264E+01 a      1018     0    34     1    28
 -4.7126073675858517E+00 a      1019     0    34     1    29
 -5.0038006497075127E-01 a      1020     0    34     1    30
 -1.8432618111795552E+01 a      1021     0    35     1     1
 -2.1355191621453837E+01 a      1022     0    35     1     2
  4.2129253650867149E-01 a      1023     0    35     1     3
 -1.2605826098105338E+01 a      1024     0    35     1     4
  8.3201320582443294E+00 a      1025     0    35     1     5
  3.5559295426353996E+00 a      1026     0    35     1     6
 -1.8632827493970520E+01 a      1027     0    35     1     7
 -3.3457954387742417E+00 a      1028     0    35     1     8
 -1.2681496871981276E+01 a      1029     0    35     1     9
  4.1448274635889932E+00 a      1030     0    35     1    10
  1.5340515304300210E+01 a      1031     0    35     1    11
 -3.5510979423596636E+00 a      1032     0    35     1    12
 -9.3193287104376203E+00 a      1033     0    35     1    13
 -4.2810633113646626E+00 a      1034     0    35     1    14
 -8.6898263937255873E+00 a      1035     0    35     1    15
  2.8485431612748169E+00 a      1036     0    35     1    16
 -5.6609323328994137E+00 a      1037     0    35     1    17
 -5.7910311932050795E-01 a      1038     0    35     1    18
  1.4279334708389539E+01 a      1039     0    35     1    19
 -1.7785802464332317E+01 a      1040     0    35     1    20
 -1.1760072100178784E+01 a      1041     0    35     1    21
  3.5890077370818387E+00 a      1042     0    35     1    22
  4.4415091292165760E+00 a      1043     0    35     1    23
  8.5781176503247938E+00 a      1044     0    35     1    24
  3.0658952748976493E+01 a      1045     0    35     1    25
  4.9992204218422570E-02 a      1046     0    35     1    26
 -8.8673939650599731E+00 a      1047     0    35     1    27
  7.5208853859899101E+00 a      1048     0    35     1    28
  8.6470008302874817E+00 a      1049     0    35     1    29
 -1.2422922002709397E+01 a      1050     0    35     1    30
  1.5923292100698689E+01 a      1051     0    36     1     1
 -7.9022401165308782E+00 a      1052     0    36     1     2
 -9.4319086684339624E+00 a      1053     0    36     1     3
 -4.1232902889423233E+00 a      1054     0    36     1     4
 -9.8419555339414053E+00 a      1055     0    36     1     5
  1.6952575425154389E+01 a      1056     0    36     1     6
  8.9749673029105903E+00 a      1057     0    36     1     7
  1.2186918893303873E+00 a      1058     0    36     1     8
  1.7742818694910103E+01 a      1059     0    36     1     9
  5.3157365571550201E+00 a      1060     0    36     1    10
 -4.7616506774886265E+00 a      1061     0    36     1    11
  1.7955848848545855E+01 a      1062     0    36     1    12
  8.8503543838345937E+00 a      1063     0    36     1    13
  1.1186560630233553E+00 a      1064     0    36     1    14
  4.6294112864601304E+00 a      1065     0    36     1    15
 -1.5590272170734225E+00 a      1066     0    36     1    16
 -1.3521580171979435E+01 a      1067     0    36     1    17
 -1.0305602497819839E+00 a      1068     0    36     1    18
 -5.7330628525513605E+00 a      1069     0    36     1    19
 -1.2134369276685119E+01 a      1070     0    36     1    20
  8.4051835443188274E+00 a      1071     0    36     1    21
 -1.1021195487190864E+01 a      1072     0    36     1    22
  9.4822439143604100E+00 a      1073     0    36     1    23
  1.3189426072417088E+01 a      1074     0    36     1    24
 -3.0651704119936554E+01 a      1075     0    36     1    25
 -1.5398855511446509E+01 a      1076     0    36     1    26
 -5.4829515675464471E+00 a      1077     0    36     1    27
  1.1380851605256965E+00 a      1078     0    36     1    28
  1.6862923244770185E+00 a      1079     0    36     1    29
  3.5355909858232417E+00 a      1080     0    36     1    30
 -1.0240401132640280E+01 a      1081     0    37     1     1
  3.6204501147299126E+00 a      1082     0    37     1     2
  3.2247714451212872E-01 a      1083     0    37     1     3
  4.5413202383743432E+00 a      1084     0    37     1     4
 -7.7931508730799529E-02 a      1085     0    37     1     5
 -1.1313333719213736E+01 a      1086     0    37     1     6
  5.4674985648818196E-02 a      1087     0    37     1     7
 -4.8341253236064441E+00 a      1088     0    37     1     8
 -1.2478948198626291E+01 a      1089     0    37     1     9
  4.5704094448474279E+00 a      1090     0    37     1    10
 -5.1098660631237962E+00 a      1091     0    37     1    11
 -5.0542839280489797E+00 a      1092     0    37     1    12
  1.3407396853007261E+00 a      1093     0    37     1    13
 -1.1445174980826771E+01 a      1094     0    37     1    14
 -7.5101777430956522E+00 a      1095     0    37     1    15
  1.0095735301211361E+01 a      1096     0    37     1    16
  9.9438885870543849E+00 a      1097     0    37     1    17
 -6.4422246110608130E+00 a      1098     0    37     1    18
 -9.3519512638269244E+00 a      1099     0    37     1    19
 -5.3277809597860659E-02 a      1100     0    37     1    20
 -8.7798836919366590E+00 a      1101     0    37     1    21
  3.8301005475927083E+00 a      1102     0    37     1    22
 -8.7869723232242034E+00 a      1103     0    37     1    23
 -1.5943899085645931E+01 a      1104     0    37     1    24
  1.7292119064634324E+01 a      1105     0    37     1    25
  6.7136733380243809E+00 a      1106     0    37     1    26
  5.2471947179429081E+00 a      1107     0    37     1    27
  2.2318893067463197E+00 a      1108     0    37     1    28
 -5.9139306387659163E-01 a      1109     0    37     1    29
 -3.7586765730880987E+00 a      1110     0    37     1    30
 -7.7314128737400623E-01 a      1111     0    38     1     1
  1.3042200036572947E+01 a      1112     0    38     1     2
 -1.1284139753463638E+01 a      1113     0    38     1     3
  6.0991981629186984E+00 a      1114     0    38     1     4
  6.3500293601098665E+00 a      1115     0    38     1     5
 -1.3215514174278436E+01 a      1116     0    38     1     6
  1.6922324026471927E+01 a      1117     0    38     1     7
  1.4978362566013532E+00 a      1118     0    38     1     8
  9.0959257052229550E+00 a      1119     0    38     1     9
 -1.4130128800317854E+01 a      1120     0    38     1    10
 -1.4585933026406551E+01 a      1121     0    38     1    11
 -7.7160347519448820E+00 a      1122     0    38     1    12
  1.4846596359076885E+00 a      1123     0    38     1    13
  2.7067261462778105E+00 a      1124     0    38     1    14
 -1.5439760313277288E+01 a      1125     0    38     1    15
  3.5892403382809634E+00 a      1126     0    38     1    16
  1.4238477661328277E+01 a      1127     0    38     1    17
 -8.4893827286689341E+00 a      1128     0    38     1    18
 -1.3388576310610022E+01 a      1129     0    38     1    19
  2.8117474342481476E+01 a      1130     0    38     1    20
 -1.0128711712467400E+01 a      1131     0    38     1    21
  7.7587260030334304E-01 a      1132     0    38     1    22
 -9.3586137308501431E+00 a      1133     0    38     1    23
 -2.1513215747000451E+01 a      1134     0    38     1    24
  5.6546558941242777E+00 a      1135     0    38     1    25
  1.4626942269209644E+01 a      1136     0    38     1    26
  1.8634781453010056E+00 a      1137     0    38     1    27
 -6.1799272490924730E+00 a      1138     0    38     1    28
  4.0407222075313785E+00 a      1139     0    38     1    29
  1.0012045725318673E+01 a      1140     0    38     1    30
  1.4356056691029059E+01 a      1141     0    39     1     1
  4.4540276225597806E+00 a      1142     0    39     1     2
  8.6597764728565814E+00 a      1143     0    39     1     3
  2.1754146988204507E+01 a      1144     0    39     1     4
  1.3984707151687978E+01 a      1145     0    39     1     5
 -2.7536335188915203E+01 a      1146     0    39     1     6
 -2.2209014521303434E+01 a      1147     0    39     1     7
 -2.0918067249417536E+01 a      1148     0    39     1     8
  6.0932126720650990E+00 a      1149     0    39     1     9
 -3.3469516922066935E+00 a      1150     0    39     1    10
  1.0299992146491428E+01 a      1151     0    39     1    11
  2.7330686969101674E+01 a      1152     0    39     1    12
  3.6471046516856838E+01 a      1153     0    39     1    13
 -1.4295770515358277E+00 a      1154     0    39     1    14
 -2.0136520435322765E+01 a      1155     0    39     1    15
  1.1355780095179702E+00 a      1156     0    39     1    16
 -8.1728820349772917E+00 a      1157     0    39     1    17
 -4.7484212328628912E+00 a      1158     0    39     1    18
 -1.1709626594245011E+01 a      1159     0    39     1    19
  9.2232033056386822E+00 a      1160     0    39     1    20
  8.9170000590965355E+00 a      1161     0    39     1    21
 -2.7347685721352924E+01 a      1162     0    39     1    22
  3.0337375257711830E+01 a      1163     0    39     1    23
  7.6131106730091549E+00 a      1164     0    39     1    24
 -1.9337165956783906E+01 a      1165     0    39     1    25
 -3.2124073506549626E+00 a      1166     0    39     1    26
  1.7385348876197009E+00 a      1167     0    39     1    27
 -8.2461427199968558E+00 a      1168     0    39     1    28
  1.5265993239218828E+01 a      1169     0    39     1    29
 -4.6095398308398012E+00 a      1170     0    39     1    30
  8.3823906436527729E+00 a      1171     0    40     1     1
  9.7073859583381683E+00 a      1172     0    40     1     2
 -1.9401083975638372E+01 a      1173     0    40     1     3
 -3.1140336611553305E+00 a      1174     0    40     1     4
 -6.6680773131756395E+00 a      1175     0    40     1     5
  9.8293881831603152E+00 a      1176     0    40     1     6
 -3.2596987464355549E+00 a      1177     0    40     1     7
  3.5740948962235890E+01 a      1178     0    40     1     8
  1.8007133609673172E+01 a      1179     0    40     1     9
  1.0882857233692928E+01 a      1180     0    40     1    10
 -2.3384682853974887E+01 a      1181     0    40     1    11
 -2.5662113734245079E+01 a      1182     0    40     1    12
  7.7235137669385150E+00 a      1183     0    40     1    13
 -2.9479895376815062E+01 a      1184     0    40     1    14
  1.9589739340661410E+01 a      1185     0    40     1    15
 -1.2898985472138209E+01 a      1186     0    40     1    16
  7.2081047033621539E+00 a      1187     0    40     1    17
 -1.4307407790746074E+01 a      1188     0    40     1    18
  2.9250228405714132E+01 a      1189     0    40     1    19
  6.7982218784058492E+00 a      1190     0    40     1    20
 -1.6634377333665007E+00 a      1191     0    40     1    21
  8.8580066318216168E+00 a      1192     0    40     1    22
 -1.4127071240591816E+01 a      1193     0    40     1    23
 -4.4863396181546733E+00 a      1194     0    40     1    24
  7.9451099327689807E+00 a      1195     0    40     1    25
 -1.1926859726914419E+01 a      1196     0    40     1    26
 -3.1767191135517695E+01 a      1197     0    40     1    27
 -4.3921090339428099E+00 a      1198     0    40     1    28
  4.9559016655378967E+00 a      1199     0    40     1    29
  2.0582414355910142E+01 a      1200     0    40     1    30
 -8.6489322053881903E+00 a      1201     0    41     1     1
  1.3211083026313679E+01 a      1202     0    41     1     2
 -1.7009249370674063E+01 a      1203     0    41     1     3
 -6.2130437699188423E+00 a      1204     0    41     1     4
  2.2046620237723928E+00 a      1205     0    41     1     5
  8.3652124729670128E+00 a      1206     0    41     1     6
 -3.0105631303917662E+00 a      1207     0    41     1     7
  6.6734618246945878E+00 a      1208     0    41     1     8
  1.2187680084478036E+00 a      1209     0    41     1     9
  5.9955760279221177E+00 a      1210     0    41     1    10
 -6.4397598156832103E+00 a      1211     0    41     1    11
 -2.9603666601040612E+00 a      1212     0    41     1    12
 -2.1174291178926111E+01 a      1213     0    41     1    13
 -1.9125417762382305E+01 a      1214     0    41     1    14
  1.0952630941426920E+01 a      1215     0    41     1    15
 -1.2354414296139362E+01 a      1216     0    41     1    16
  9.2023724799647102E+00 a      1217     0    41     1    17
 -9.0088352012201920E+00 a      1218     0    41     1    18
  5.2738658408680222E-02 a      1219     0    41     1    19
  1.3726924627764456E+01 a      1220     0    41     1    20
 -4.1729040774363133E+00 a      1221     0    41     1    21
  3.3791149963413512E+00 a      1222     0    41     1    22
 -8.5091204648945258E+00 a      1223     0    41     1    23
 -5.8579645435432184E+00 a      1224     0    41     1    24
  9.7031434970742758E+00 a      1225     0    41     1    25
  1.4663485509564939E+01 a      1226     0    41     1    26
 -7.7290201197867647E+00 a      1227     0    41     1    27
 -2.0920421608698284E+01 a      1228     0    41     1    28
 -5.4138694228560809E+00 a      1229     0    41     1    29
  6.3111252489339966E+00 a      1230     0    41     1    30
  5.2308715696495600E+00 a      1231     0    42     1     1
 -6.2561671338477751E+00 a      1232     0    42     1     2
  1.3276524961460739E+01 a      1233     0    42     1     3
  2.0219744636099275E+00 a      1234     0    42     1     4
 -2.7919672195563385E+00 a      1235     0    42     1     5
 -6.2283909754752678E+00 a      1236     0    42     1     6
  1.3729915254997801E+01 a      1237     0    42     1     7
 -2.9055989370623911E+00 a      1238     0    42     1     8
 -1.6343321808348859E+00 a      1239     0    42     1     9
  1.4406973174014097E+00 a      1240     0    42     1    10
  1.0372758223130969E+01 a      1241     0    42     1    11
 -1.4912836284164889E+01 a      1242     0    42     1    12
  4.2222861158229419E+00 a      1243     0    42     1    13
  1.5414372813880435E+01 a      1244     0    42     1    14
  9.8666308803312319E-01 a      1245     0    42     1    15
  3.1505380910603332E+01 a      1246     0    42     1    16
  2.2584193815808988E+00 a      1247     0    42     1    17
 -9.8988912267759410E+00 a      1248     0    42     1    18
  1.8779712001699028E+01 a      1249     0    42     1    19
 -1.1747449862992450E+00 a      1250     0    42     1    20
 -1.1588111925235218E+01 a      1251     0    42     1    21
  1.5684059172269961E+01 a      1252     0    42     1    22
  1.2679981757466470E+01 a      1253     0    42     1    23
 -7.2397700186869729E+00 a      1254     0    42     1    24
  9.1861338935987136E-01 a      1255     0    42     1    25
  3.6611435122224898E+00 a      1256     0    42     1    26
  9.2971624112807287E+00 a      1257     0    42     1    27
  2.0431485203335107E+01 a      1258     0    42     1    28
 -5.6095902732522218E-01 a      1259     0    42     1    29
 -3.4747042657635605E+00 a      1260     0    42     1    30
  2.3668964720352372E+00 a      1261     0    43     1     1
  3.5070405614524520E+00 a      1262     0    43     1     2
  2.2899129735858025E+01 a      1263     0    43     1     3
 -1.0713938665221650E+00 a      1264     0    43     1     4
  1.2972323926463154E+00 a      1265     0    43     1     5
  8.2887634992194101E+00 a      1266     0    43     1     6
  1.9687906048498942E+01 a      1267     0    43     1     7
  4.2779330482941145E+00 a      1268     0    43     1     8
 -2.3623466784532738E+01 a      1269     0    43     1     9
 -1.1596927119389537E+01 a      1270     0    43     1    10
  2.9218448578152891E+00 a      1271     0    43     1    11
  1.1442624947694142E+00 a      1272     0    43     1    12
 -3.0783653289811923E+00 a      1273     0    43     1    13
  5.0935195471588344E+00 a      1274     0    43     1    14
 -8.4162884841406616E+00 a      1275     0    43     1    15
  8.4228584465381768E+00 a      1276     0    43     1    16
  1.3625242641074903E+01 a      1277     0    43     1    17
  3.4090163700691392E+00 a      1278     0    43     1    18
  7.6162513690536873E+00 a      1279     0    43     1    19
 -1.5975017035089877E+01 a      1280     0    43     1    20
 -1.4497122566241769E+00 a      1281     0    43     1    21
  1.3249399062358304E+01 a      1282     0    43     1    22
  8.7113219580911032E+00 a      1283     0    43     1    23
  4.2632994515210321E+00 a      1284     0    43     1    24
  4.0993470460419612E-01 a      1285     0    43     1    25
 -1.9352366048574986E+01 a      1286     0    43     1    26
  2.1874339808193959E+01 a      1287     0    43     1    27
  1.2016127179888500E+01 a      1288     0    43     1    28
  2.3885287545937029E+01 a      1289     0    43     1    29
 -7.7420110009880823E+00 a      1290     0    43     1    30
 -1.9580131547516068E+01 a      1291     0    44     1     1
 -1.6978380847783384E+01 a      1292     0    44     1     2
  1.2387478476650260E+01 a      1293     0    44     1     3
  1.6320632067890912E+01 a      1294     0    44     1     4
 -1.8752062345188720E+00 a      1295     0    44     1     5
  5.0674560006459730E+00 a      1296     0    44     1     6
 -2.9087927762656429E+00 a      1297     0    44     1     7
 -4.2036914313286928E+00 a      1298     0    44     1     8
  1.6021148410717164E+01 a      1299     0    44     1     9
  1.6092714989624010E+01 a      1300     0    44     1    10
  1.6787907574131570E+01 a      1301     0    44     1    11
  3.3957294243805890E+01 a      1302     0    44     1    12
 -3.9893602338397840E+00 a      1303     0    44     1    13
  2.0466183133940714E+01 a      1304     0    44     1    14
 -1.4081109300755575E+01 a      1305     0    44     1    15
  1.1620706171252360E+00 a      1306     0    44     1    16
 -1.7722904186661872E+01 a      1307     0    44     1    17
  1.2123119833317737E+01 a      1308     0    44     1    18
  4.9464486957865992E+00 a      1309     0    44     1    19
  5.1769747765652974E-01 a      1310     0    44     1    20
  1.2453060426420608E+01 a      1311     0    44     1    21
 -1.7395217281374343E+01 a      1312     0    44     1    22
  7.6649807439638753E+00 a      1313     0    44     1    23
  7.7347706156490945E+00 a      1314     0    44     1    24
  2.9031644573855022E+00 a      1315     0    44     1    25
  2.5234817396012154E+01 a      1316     0    44     1    26
  1.4856588702801535E+01 a      1317     0    44     1    27
  5.1267730967131637E+00 a      1318     0    44     1    28
 -3.0532130725432253E+01 a      1319     0    44     1    29
 -1.4264509674163852E+01 a      1320     0    44     1    30
  5.4620955271127301E+00 a      1321     0    45     1     1
 -2.9177060064480718E+00 a      1322     0    45     1     2
  5.1957169265040379E+00 a      1323     0    45     1     3
  8.2569412029625298E+00 a      1324     0    45     1     4
  1.4653296569663892E+00 a      1325     0    45     1     5
 -6.2247918631330545E+00 a      1326     0    45     1     6
 -3.3615170676653610E+00 a      1327     0    45     1     7
  6.1585453659994434E+00 a      1328     0    45     1     8
 -1.3795477146087636E+00 a      1329     0    45     1     9
  4.0953193869115241E+00 a      1330     0    45     1    10
 -1.0071807949678679E+01 a      1331     0    45     1    11
  6.7507910762132930E+00 a      1332     0    45     1    12
  1.2659267969503677E+01 a      1333     0    45     1    13
 -1.0998473154831716E+01 a      1334     0    45     1    14
 -1.4519844535552444E+00 a      1335     0    45     1    15
 -7.9531630318268220E-01 a      1336     0    45     1    16
 -1.0457804798647399E+00 a      1337     0    45     1    17
  4.0406516463849549E+00 a      1338     0    45     1    18
 -1.2083909379664487E+01 a      1339     0    45     1    19
 -4.5168742947276286E+00 a      1340     0    45     1    20
 -2.9000589916064623E+00 a      1341     0    45     1    21
 -1.2720134821136410E+01 a      1342     0    45     1    22
 -4.7331664868250201E+00 a      1343     0    45     1    23
 -2.1704039138746514E-01 a      1344     0    45     1    24
 -2.2643551042967771E+00 a      1345     0    45     1    25
  1.5983017952975627E+00 a      1346     0    45     1    26
 -4.5397241738012584E+00 a      1347     0    45     1    27
 -1.7665231279758498E+01 a      1348     0    45     1    28
 -4.4594836765387802E+00 a      1349     0    45     1    29
  2.7405469696196745E+00 a      1350     0    45     1    30
  1.0173904025524241E+01 a      1351     0    46     1     1
  1.2696767438169964E+01 a      1352     0    46     1     2
 -2.5497990477314854E+01 a      1353     0    46     1     3
 -2.5402577698289399E+01 a      1354     0    46     1     4
  9.2041606194028454E+00 a      1355     0    46     1     5
 -5.6848926420083290E-01 a      1356     0    46     1     6
 -1.5539986486493550E+01 a      1357     0    46     1     7
  3.7203203343709177E+00 a      1358     0    46     1     8
 -9.0593781093384944E+00 a      1359     0    46     1     9
 -1.0898139000561395E+01 a      1360     0    46     1    10
 -6.0193525605272828E+00 a      1361     0    46     1    11
 -3.8205205288652579E+01 a      1362     0    46     1    12
  1.9202880377461138E+00 a      1363     0    46     1    13
 -1.0972059788033885E+01 a      1364     0    46     1    14
  1.8879747729750182E+01 a      1365     0    46     1    15
  7.8376029640675271E-01 a      1366     0    46     1    16
  5.5600184396884229E+00 a      1367     0    46     1    17
 -5.3550198874518227E+00 a      1368     0    46     1    18
 -2.1036375941367631E+01 a      1369     0    46     1    19
  2.0692026368501889E+01 a      1370     0    46     1    20
 -1.2274260474150411E+01 a      1371     0    46     1    21
 -3.1066543917343448E+00 a      1372     0    46     1    22
 -4.2683484158568401E+00 a      1373     0    46     1    23
  5.1044760237756048E-01 a      1374     0    46     1    24
 -7.8594132647077020E+00 a      1375     0    46     1    25
 -1.2832184180270824E+01 a      1376     0    46     1    26
 -2.6624998424099910E+01 a      1377     0    46     1    27
 -1.6512115248185587E+01 a      1378     0    46     1    28
  1.2936107897280920E+01 a      1379     0    46     1    29
  5.0264500573406021E+00 a      1380     0    46     1    30
 -1.9130956961004348E+01 a      1381     0    47     1     1
 -2.2507519572786534E+00 a      1382     0    47     1     2
 -1.9231763576485555E+01 a      1383     0    47     1     3
 -1.8884186714937535E+01 a      1384     0    47     1     4
  2.7181485506060450E+00 a      1385     0    47     1     5
  2.0424354483248518E+01 a      1386     0    47     1     6
  1.7021201145057528E+01 a      1387     0    47     1     7
 -3.4417965988554018E+00 a      1388     0    47     1     8
 -1.2518118168792132E+00 a      1389     0    47     1     9
  1.6556349343434885E+01 a      1390     0    47     1    10
  5.0650892919873236E+00 a      1391     0    47     1    11
 -1.7999869302490023E+01 a      1392     0    47     1    12
 -1.2816180411654759E+01 a      1393     0    47     1    13
  7.2425860704192999E+00 a      1394     0    47     1    14
  1.2890472945078397E+00 a      1395     0    47     1    15
  2.6333470844994378E+00 a      1396     0    47     1    16
 -4.0643706544223193E+00 a      1397     0    47     1    17
 -1.4187883661259539E+01 a      1398     0    47     1    18
 -1.2184803393672224E+01 a      1399     0    47     1    19
 -7.4171841856731495E+00 a      1400     0    47     1    20
  9.3283560336653739E+00 a      1401     0    47     1    21
  2.5268796479007264E+01 a      1402     0    47     1    22
 -1.8663310743183651E+01 a      1403     0    47     1    23
 -2.2103947421306774E+01 a      1404     0    47     1    24
  7.0454797728434144E+00 a      1405     0    47     1    25
  1.5435328812420346E+01 a      1406     0    47     1    26
  1.9593664483820358E+01 a      1407     0    47     1    27
  2.1142761774004619E+01 a      1408     0    47     1    28
 -3.6096138979442567E+00 a      1409     0    47     1    29
 -4.3852016980471973E+00 a      1410     0    47     1    30
 -1.8754247190696822E+00 a      1411     0    48     1     1
 -5.5541578684710524E+00 a      1412     0    48     1     2
  2.0141429848266359E+01 a      1413     0    48     1     3
  1.4999080524398316E+00 a      1414     0    48     1     4
  8.6790800281448455E-01 a      1415     0    48     1     5
  1.4657489953842604E+00 a      1416     0    48     1     6
  1.5607560353629440E+01 a      1417     0    48     1     7
  2.0249154166667950E+01 a      1418     0    48     1     8
  1.1525036953103344E+01 a      1419     0    48     1     9
  3.7217447942285062E+00 a      1420     0    48     1    10
 -3.8551380348535513E+00 a      1421     0    48     1    11
  1.8730443308814066E+00 a      1422     0    48     1    12
  1.5701803262280627E+01 a      1423     0    48     1    13
  1.6540051203866277E+01 a      1424     0    48     1    14
 -1.3076236052542093E+01 a      1425     0    48     1    15
 -6.7833827333104848E+00 a      1426     0    48     1    16
 -2.4226648346011150E+00 a      1427     0    48     1    17
  2.7094165288972452E+01 a      1428     0    48     1    18
  4.4042959532636345E+00 a      1429     0    48     1    19
 -2.7270562422075781E+01 a      1430     0    48     1    20
  7.1362455862533625E-01 a      1431     0    48     1    21
  4.0900022367834890E+00 a      1432     0    48     1    22
 -1.5634462065108616E+00 a      1433     0    48     1    23
  1.5611378559384457E+01 a      1434     0    48     1    24
  4.6049718833935254E+00 a      1435     0    48     1    25
  7.5241121587561990E+00 a      1436     0    48     1    26
  8.7687785780871810E+00 a      1437     0    48     1    27
  1.7420934984766234E+01 a      1438     0    48     1    28
  3.8009049804254134E+00 a      1439     0    48     1    29
 -6.7199452324086231E+00 a      1440     0    48     1    30
  8.2176675646966668E+00 a      1441     0    49     1     1
 -2.8718755775393096E-01 a      1442     0    49     1     2
 -1.2791301646340488E+01 a      1443     0    49     1     3
 -5.3983141949631996E-03 a      1444     0    49     1     4
 -6.1734425113258062E+00 a      1445     0    49     1     5
 -9.3916684346223001E+00 a      1446     0    49     1     6
 -1.5974076103039222E+01 a      1447     0    49     1     7
 -2.5146777641742258E+01 a      1448     0    49     1     8
 -1.9036020587236238E+00 a      1449     0    49     1     9
  5.3094844596303192E-01 a      1450     0    49     1    10
 -8.8689751032172044E+00 a      1451     0    49     1    11
  4.6656836312171652E+00 a      1452     0    49     1    12
  9.2105722652944220E+00 a      1453     0    49     1    13
 -1.8568458263796607E+01 a      1454     0    49     1    14
  1.3316574734329627E+01 a      1455     0    49     1    15
 -1.9868178198860257E+01 a      1456     0    49     1    16
 -2.1350852049418347E+00 a      1457     0    49     1    17
 -7.8615175236641810E-01 a      1458     0    49     1    18
  6.0909867543107667E+00 a      1459     0    49     1    19
  3.6449714034814713E+00 a      1460     0    49     1    20
  1.5945466448925819E+01 a      1461     0    49     1    21
 -1.3799300676357731E+01 a      1462     0    49     1    22
 -1.3654194270985192E+01 a      1463     0    49     1    23
 -3.2674837413553828E+00 a      1464     0    49     1    24
 -1.2716009496313044E+01 a      1465     0    49     1    25
 -1.6709722573561717E+01 a      1466     0    49     1    26
  3.8443349535185523E-01 a      1467     0    49     1    27
  4.1667692933964293E+00 a      1468     0    49     1    28
  9.6503408859650031E-01 a      1469     0    49     1    29
 -2.9782058657542936E+00 a      1470     0    49     1    30
 -1.6247383658381271E+01 a      1471     0    50     1     1
  5.6150519476965046E+00 a      1472     0    50     1     2
 -1.4599464551569501E+01 a      1473     0    50     1     3
 -1.2510876813458674E+01 a      1474     0    50     1     4
 -7.5398972543324463E-02 a      1475     0    50     1     5
  1.5765407180806921E+01 a      1476     0    50     1     6
 -4.2505123758952912E-01 a      1477     0    50     1     7
  3.8498959388655072E+00 a      1478     0    50     1     8
  3.0311361462803439E+00 a      1479     0    50     1     9
 -1.4177897661546071E+01 a      1480     0    50     1    10
  1.2490334887441465E+01 a      1481     0    50     1    11
  2.4884407658228255E-01 a      1482     0    50     1    12
 -2.9278415844091175E+01 a      1483     0    50     1    13
  1.6950811244336833E+01 a      1484     0    50     1    14
 -8.8393621388302570E+00 a      1485     0    50     1    15
 -8.0789303168411379E+00 a      1486     0    50     1    16
  1.2462922579961597E+00 a      1487     0    50     1    17
  5.0482228413502863E+00 a      1488     0    50     1    18
  1.7698829697918774E+00 a      1489     0    50     1    19
  1.0513417691481699E+01 a      1490     0    50     1    20
  9.6441472214759401E+00 a      1491     0    50     1    21
  1.4209539980394243E+01 a      1492     0    50     1    22
 -1.1407470049467607E+00 a      1493     0    50     1    23
  1.0304514803999524E+01 a      1494     0    50     1    24
  5.7204062643061810E+00 a      1495     0    50     1    25
 -6.1684385811131870E-01 a      1496     0    50     1    26
  7.2972095745362324E+00 a      1497     0    50     1    27
  1.9380586273445664E+00 a      1498     0    50     1    28
  9.3177400563839949E+00 a      1499     0    50     1    29
  1.3213900603873374E-01 a      1500     0    50     1    30
  4.0586203159685450E+00 a      1501     0    51     1     1
 -2.2609618631495813E+01 a      1502     0    51     1     2
 -3.3220839110837517E+00 a      1503     0    51     1     3
  6.3349172024909945E+00 a      1504     0    51     1     4
  1.0223208637492265E+01 a      1505     0    51     1     5
 -1.0177375667548487E+01 a      1506     0    51     1     6
 -1.6872116872317033E+01 a      1507     0    51     1     7
 -2.2475066672900610E+01 a      1508     0    51     1     8
 -7.8506475750915508E+00 a      1509     0    51     1     9
  1.0737335785065728E+01 a      1510     0    51     1    10
 -4.8018491142050470E+00 a      1511     0    51     1    11
  2.9307164546519580E+01 a      1512     0    51     1    12
  6.0648509313657595E-01 a      1513     0    51     1    13
  9.6540517040659211E+00 a      1514     0    51     1    14
 -2.1110083967384917E+01 a      1515     0    51     1    15
  5.1818829985624397E+00 a      1516     0    51     1    16
 -1.0774813044954525E+01 a      1517     0    51     1    17
  1.0422637937509748E+01 a      1518     0    51     1    18
 -3.3983002232348362E+01 a      1519     0    51     1    19
  1.2752440226295324E+01 a      1520     0    51     1    20
  1.9615536136615708E-02 a      1521     0    51     1    21
 -5.7253503062808733E+00 a      1522     0    51     1    22
 -3.9318473399390084E+00 a      1523     0    51     1    23
  1.0571400374539808E+01 a      1524     0    51     1    24
 -8.8403813471779735E-01 a      1525     0    51     1    25
 -2.6362812029751628E+00 a      1526     0    51     1    26
  1.7415062884879910E+00 a      1527     0    51     1    27
  1.9316907310860945E+00 a      1528     0    51     1    28
 -2.1150627961463502E+00 a      1529     0    51     1    29
  5.7082406089215407E+00 a      1530     0    51     1    30
  3.0105545056363564E+01 a      1531     0    52     1     1
  2.6505386263108761E+01 a      1532     0    52     1     2
  1.8434571364450548E+01 a      1533     0    52     1     3
 -7.9461278866002605E-01 a      1534     0    52     1     4
 -6.0350906769434687E+00 a      1535     0    52     1     5
 -1.6250216114388177E+01 a      1536     0    52     1     6
 -9.7915447285630144E+00 a      1537     0    52     1     7
  6.5532996206005816E+00 a      1538     0    52     1     8
 -7.6736069227513166E+00 a      1539     0    52     1     9
  2.5051921197413511E+00 a      1540     0    52     1    10
 -1.0680687158186691E+01 a      1541     0    52     1    11
  1.0048793428322412E+01 a      1542     0    52     1    12
  1.4796286348321335E+01 a      1543     0    52     1    13
 -1.0482526985954875E+01 a      1544     0    52     1    14
 -1.9420491676870181E+01 a      1545     0    52     1    15
 -1.6371180339700466E+01 a      1546     0    52     1    16
 -7.9431096698313244E+00 a      1547     0    52     1    17
  9.8651183254248060E+00 a      1548     0    52     1    18
  1.1216231786650654E+01 a      1549     0    52     1    19
 -3.4971085390371101E+01 a      1550     0    52     1    20
 -2.0654506100276070E+01 a      1551     0    52     1    21
 -1.4061461381548988E+01 a      1552     0    52     1    22
  6.6358497239402414E+00 a      1553     0    52     1    23
  1.5203477478631664E+01 a      1554     0    52     1    24
 -1.3737334825977570E+01 a      1555     0    52     1    25
  1.1562903106427717E+01 a      1556     0    52     1    26
 -4.8150927607788461E+00 a      1557     0    52     1    27
 -2.5972598061009659E+01 a      1558     0    52     1    28
 -1.8674258370515828E+00 a      1559     0    52     1    29
 -2.3782843088475758E+01 a      1560     0    52     1    30
  1.7208837012948624E+01 a      1561     0    53     1     1
 -3.4692166866250351E-01 a      1562     0    53     1     2
 -8.2633596930423163E+00 a      1563     0    53     1     3
  1.6191848514114348E+01 a      1564     0    53     1     4
 -1.6363960581819427E+01 a      1565     0    53     1     5
 -2.6433838750635008E+00 a      1566     0    53     1     6
 -2.0180865768473048E+01 a      1567     0    53     1     7
 -1.4747373459153609E+01 a      1568     0    53     1     8
 -1.3843652082679187E+01 a      1569     0    53     1     9
  8.6360763610902715E+00 a      1570     0    53     1    10
 -1.3861824848019131E+00 a      1571     0    53     1    11
 -1.3211173016081016E+01 a      1572     0    53     1    12
  3.6570541181422360E+00 a      1573     0    53     1    13
 -8.2802874240448787E+00 a      1574     0    53     1    14
  3.0491117826330258E+00 a      1575     0    53     1    15
  5.4824971232419024E+00 a      1576     0    53     1    16
 -4.5930517004271021E+00 a      1577     0    53     1    17
 -8.0434326330389858E+00 a      1578     0    53     1    18
 -1.7944037930624521E+01 a      1579     0    53     1    19
  1.0978585716857884E+01 a      1580     0    53     1    20
 -5.9693806381837247E+00 a      1581     0    53     1    21
 -1.5814906012507126E+00 a      1582     0    53     1    22
 -3.0434085724013658E+00 a      1583     0    53     1    23
  7.5145259198003274E+00 a      1584     0    53     1    24
  1.0350821165948543E+00 a      1585     0    53     1    25
  9.9728569442511255E+00 a      1586     0    53     1    26
  5.8003025086308568E+00 a      1587     0    53     1    27
 -5.4295404651258217E-01 a      1588     0    53     1    28
 -1.0085959546086958E+01 a      1589     0    53     1    29
  4.2685513805392183E+00 a      1590     0    53     1    30
 -1.6594610130250427E+01 a      1591     0    54     1     1
  1.0285676340126146E+00 a      1592     0    54     1     2
  7.4657265738651981E+00 a      1593     0    54     1     3
  1.5168533387048147E-01 a      1594     0    54     1     4
  6.5194233651964666E+00 a      1595     0    54     1     5
  3.8956106339391452E+00 a      1596     0    54     1     6
  9.0882318521428598E+00 a      1597     0    54     1     7
  9.5471190645940336E+00 a      1598     0    54     1     8
 -1.2177310353219609E+01 a      1599     0    54     1     9
  1.0658993097322178E+00 a      1600     0    54     1    10
  7.6336853229466162E-01 a      1601     0    54     1    11
 -3.6005312394914921E+00 a      1602     0    54     1    12
 -2.0459530788051811E+01 a      1603     0    54     1    13
  5.0569283874240281E+00 a      1604     0    54     1    14
 -1.9959656345619276E+01 a      1605     0    54     1    15
  2.4978691555913286E+01 a      1606     0    54     1    16
 -3.6658274820183938E+00 a      1607     0    54     1    17
 -2.5104147025394945E+00 a      1608     0    54     1    18
 -2.5395820073800827E+01 a      1609     0    54     1    19
 -5.8419605083392501E+00 a      1610     0    54     1    20
 -8.1236221754597295E+00 a      1611     0    54     1    21
  1.4050668292729975E+01 a      1612     0    54     1    22
  1.2097054864768822E+01 a      1613     0    54     1    23
 -5.5285689115909813E+00 a      1614     0    54     1    24
  5.2283332335409467E+00 a      1615     0    54     1    25
  2.9115263627825989E+00 a      1616     0    54     1    26
 -1.4900843772732154E+01 a      1617     0    54     1    27
 -1.3376618203582636E+01 a      1618     0    54     1    28
 -9.0383474701506952E+00 a      1619     0    54     1    29
 -4.3374005578526935E+00 a      1620     0    54     1    30
  1.7925204911289310E+01 a      1621     0    55     1     1
  2.2816005961289054E+00 a      1622     0    55     1     2
  1.9556421883693854E+01 a      1623     0    55     1     3
  7.8221317363653586E+00 a      1624     0    55     1     4
 -4.3861274297055584E+00 a      1625     0    55     1     5
 -9.5336859507619547E+00 a      1626     0    55     1     6
  1.5011518325738449E+00 a      1627     0    55     1     7
  5.0939339712576963E+00 a      1628     0    55     1     8
 -7.6571368744839612E+00 a      1629     0    55     1     9
  7.6549681078676928E+00 a      1630     0    55     1    10
 -5.8565058270006141E+00 a      1631     0    55     1    11
  2.6257209880995580E+00 a      1632     0    55     1    12
  2.2073147380980387E+01 a      1633     0    55     1    13
  3.3210121262422376E+00 a      1634     0    55     1    14
  1.4324080454656613E+01 a      1635     0    55     1    15
  6.2902988308488785E+00 a      1636     0    55     1    16
  2.3705290525997484E+00 a      1637     0    55     1    17
 -7.8307023994195495E+00 a      1638     0    55     1    18
  1.3688494689436856E+00 a      1639     0    55     1    19
 -7.4178624960727459E+00 a      1640     0    55     1    20
 -1.6960260549819971E+01 a      1641     0    55     1    21
 -1.0646052932523030E+01 a      1642     0    55     1    22
  1.0862276314487961E+01 a      1643     0    55     1    23
 -1.2702252092086365E+01 a      1644     0    55     1    24
 -6.9733073155674258E-02 a      1645     0    55     1    25
 -3.1636673790709540E+00 a      1646     0    55     1    26
  3.3441053546620005E+00 a      1647     0    55     1    27
  1.5917095263018885E+01 a      1648     0    55     1    28
 -7.3032848760384423E+00 a      1649     0    55     1    29
  2.3926028220323725E+00 a      1650     0    55     1    30
 -9.2808115611020572E+00 a      1651     0    56     1     1
  8.1472884576171261E+00 a      1652     0    56     1     2
  5.0489343206878328E+00 a      1653     0    56     1     3
  2.0451513462666650E+01 a      1654     0    56     1     4
 -1.2744849281801484E+01 a      1655     0    56     1     5
  1.5330188187654057E+00 a      1656     0    56     1     6
  2.2660969550730709E+01 a      1657     0    56     1     7
  4.5377909282505309E+00 a      1658     0    56     1     8
  1.8314130634313745E+01 a      1659     0    56     1     9
  2.9373911202590941E+00 a      1660     0    56     1    10
  7.3820565038242227E+00 a      1661     0    56     1    11
  7.7413838223184683E+00 a      1662     0    56     1    12
 -9.0168475620516411E+00 a      1663     0    56     1    13
 -1.3758013477045310E+00 a      1664     0    56     1    14
  9.6688243632328401E+00 a      1665     0    56     1    15
 -1.0884759168421958E+01 a      1666     0    56     1    16
  5.3396660817278878E+00 a      1667     0    56     1    17
  3.3824207437800968E+00 a      1668     0    56     1    18
  3.8752965315935327E+01 a      1669     0    56     1    19
 -2.0893607912102986E+01 a      1670     0    56     1    20
  1.0339781987413360E+01 a      1671     0    56     1    21
  1.2715656941794281E+01 a      1672     0    56     1    22
  4.0836531275260173E+00 a      1673     0    56     1    23
 -1.0144002755850623E+01 a      1674     0    56     1    24
  3.5221906229377757E+00 a      1675     0    56     1    25
  8.3358383538529992E+00 a      1676     0    56     1    26
  1.8686334870462645E+01 a      1677     0    56     1    27
  1.1566181515131040E+01 a      1678     0    56     1    28
 -1.0859997326420979E+01 a      1679     0    56     1    29
 -2.7809168615896227E+00 a      1680     0    56     1    30
  8.5323819535204937E+00 a      1681     0    57     1     1
 -2.6707099471793692E+00 a      1682     0    57     1     2
 -4.1697698990782470E+00 a      1683     0    57     1     3
 -2.0830595316308930E+01 a      1684     0    57     1     4
  1.0692186098023809E+01 a      1685     0    57     1     5
 -2.6126104621200985E-01 a      1686     0    57     1     6
 -1.7449618916886351E+00 a      1687     0    57     1     7
  1.5563732053351034E+01 a      1688     0    57     1     8
  9.2039536928208410E+00 a      1689     0    57     1     9
 -1.1585907812308834E+01 a      1690     0    57     1    10
  6.3060007669161147E+00 a      1691     0    57     1    11
  1.1180879673166391E+01 a      1692     0    57     1    12
  1.3072074418148928E+01 a      1693     0    57     1    13
 -3.1024376067567694E+00 a      1694     0    57     1    14
  1.2591142414119584E+01 a      1695     0    57     1    15
 -3.1743050187763036E+01 a      1696     0    57     1    16
 -1.4662852053231670E+00 a      1697     0    57     1    17
 -3.7242636818573041E+00 a      1698     0    57     1    18
  2.6066214259396304E+01 a      1699     0    57     1    19
  3.6027493686838929E+00 a      1700     0    57     1    20
  5.2880589037918977E+00 a      1701     0    57     1    21
 -1.4774370174464583E+01 a      1702     0    57     1    22
 -3.8350029866301543E+00 a      1703     0    57     1    23
  3.7302671628015402E+00 a      1704     0    57     1    24
 -3.0003261392270142E+00 a      1705     0    57     1    25
 -1.0632405450106225E+01 a      1706     0    57     1    26
 -1.7806647155418645E-01 a      1707     0    57     1    27
  2.0258066491946174E+00 a      1708     0    57     1    28
  1.7624709136691813E+01 a      1709     0    57     1    29
  4.3693181565771564E+00 a      1710     0    57     1    30
 -4.2977720021011416E+00 a      1711     0    58     1     1
 -9.5388696204004617E+00 a      1712     0    58     1     2
 -2.3524586465242688E+01 a      1713     0    58     1     3
  1.8072537749563455E+00 a      1714     0    58     1     4
 -9.0909537411272296E+00 a      1715     0    58     1     5
  6.3706829383442836E+00 a      1716     0    58     1     6
  3.6254031393010577E+00 a      1717     0    58     1     7
 -1.4393979300873124E+01 a      1718     0    58     1     8
  1.4837207554187581E+01 a      1719     0    58     1     9
  5.7287660316006841E+00 a      1720     0    58     1    10
  1.9269751974536613E+00 a      1721     0    58     1    11
 -6.4277633428565819E+00 a      1722     0    58     1    12
 -4.2278719225978767E+00 a      1723     0    58     1    13
 -1.5991717677202876E+01 a      1724     0    58     1    14
 -9.7990797416336406E+00 a      1725     0    58     1    15
 -2.8327853739523423E-01 a      1726     0    58     1    16
  3.0546025568846353E+00 a      1727     0    58     1    17
  2.8987719693024423E+00 a      1728     0    58     1    18
  1.9490434041220400E+01 a      1729     0    58     1    19
  3.6477025732794135E+00 a      1730     0    58     1    20
  1.3221199162129023E+01 a      1731     0    58     1    21
 -3.8115437279659575E-02 a      1732     0    58     1    22
 -1.2056457813588109E+01 a      1733     0    58     1    23
  1.6069961816545305E+01 a      1734     0    58     1    24
 -2.6085649364050285E+00 a      1735     0    58     1    25
  2.0123341560588571E+01 a      1736     0    58     1    26
 -5.0951465730181527E+00 a      1737     0    58     1    27
 -2.3071884826323746E+01 a      1738     0    58     1    28
  6.9987814594516546E+00 a      1739     0    58     1    29
  5.1932134890552359E-03 a      1740     0    58     1    30
  1.5570510099926716E+01 a      1741     0    59     1     1
 -5.7887862064567575E+00 a      1742     0    59     1     2
  1.0697456221470063E+01 a      1743     0    59     1     3
 -9.8805568300686559E+00 a      1744     0    59     1     4
  1.9276093557008139E+01 a      1745     0    59     1     5
 -1.6811174199466617E+01 a      1746     0    59     1     6
 -5.9708892617413456E+00 a      1747     0    59     1     7
 -1.3143946871322903E+01 a      1748     0    59     1     8
 -8.4239190572705649E+00 a      1749     0    59     1     9
  1.3940167113388997E+01 a      1750     0    59     1    10
 -2.3814560622056657E+01 a      1751     0    59     1    11
 -8.9473144501507473E+00 a      1752     0    59     1    12
  1.2485631668521991E+01 a      1753     0    59     1    13
 -6.3698569591200913E+00 a      1754     0    59     1    14
 -1.4219596946750348E+01 a      1755     0    59     1    15
  1.0108585780625104E+01 a      1756     0    59     1    16
 -2.8394189980341555E+00 a      1757     0    59     1    17
  6.6613681803682718E+00 a      1758     0    59     1    18
 -1.3367593297378765E+01 a      1759     0    59     1    19
  4.6405726578355839E+00 a      1760     0    59     1    20
  2.8622737552796953E+00 a      1761     0    59     1    21
 -1.6101604107551333E+00 a      1762     0    59     1    22
  1.2352027502697336E+00 a      1763     0    59     1    23
 -9.0340086470813752E+00 a      1764     0    59     1    24
  2.2110483752147791E-01 a      1765     0    59     1    25
 -1.2215017413859693E+01 a      1766     0    59     1    26
  8.0410544585876824E+00 a      1767     0    59     1    27
  2.2053656793697751E+00 a      1768     0    59     1    28
  1.6498691131760459E+01 a      1769     0    59     1    29
  3.4354082237351596E-01 a      1770     0    59     1    30
 -6.8430428391385378E+00 a      1771     0    60     1     1
  1.8623403276283138E+01 a      1772     0    60     1     2
  2.5107107740543487E+01 a      1773     0    60     1     3
  3.3647620738538593E+00 a      1774     0    60     1     4
  8.8650044919350961E+00 a      1775     0    60     1     5
 -2.3235615668888823E+01 a      1776     0    60     1     6
 -8.1157231322063677E+00 a      1777     0    60     1     7
 -1.5951477491246514E+01 a      1778     0    60     1     8
 -1.0601251753100719E+01 a      1779     0    60     1     9
  4.3970136220349776E-01 a      1780     0    60     1    10
 -8.3085908249375695E-01 a      1781     0    60     1    11
  7.1421983509765952E-01 a      1782     0    60     1    12
 -2.8334843266756774E+01 a      1783     0    60     1    13
  2.6797380867309101E+01 a      1784     0    60     1    14
  1.1931641231633265E+01 a      1785     0    60     1    15
 -3.1619707163695026E+00 a      1786     0    60     1    16
  3.2190970016002955E+00 a      1787     0    60     1    17
  1.9810897563833873E+01 a      1788     0    60     1    18
 -3.5184158716526731E+01 a      1789     0    60     1    19
 -2.4507628312937766E+00 a      1790     0    60     1    20
  9.9020655575124756E+00 a      1791     0    60     1    21
  2.5283460130285022E+01 a      1792     0    60     1    22
 -4.8988994348008665E+00 a      1793     0    60     1    23
 -1.3973625162335644E+01 a      1794     0    60     1    24
 -5.0623592377493267E+00 a      1795     0    60     1    25
 -3.7033083686686354E+01 a      1796     0    60     1    26
  9.7874928580500793E+00 a      1797     0    60     1    27
  2.3198558234967720E+01 a      1798     0    60     1    28
 -1.5161308882518197E+01 a      1799     0    60     1    29
 -3.7226957943363619E+00 a      1800     0    60     1    30
 -2.2467709141394806E+01 a      1801     0    61     1     1
 -1.4343441449505102E+01 a      1802     0    61     1     2
 -1.8519443939814405E+01 a      1803     0    61     1     3
 -8.8018761396425695E+00 a      1804     0    61     1     4
 -1.2208489647902205E+01 a      1805     0    61     1     5
  9.6774783610461625E+00 a      1806     0    61     1     6
  1.0370916883554225E+01 a      1807     0    61     1     7
 -5.9032387765015948E-01 a      1808     0    61     1     8
 -4.0101858951414400E+00 a      1809     0    61     1     9
 -1.0082981201880155E+01 a      1810     0    61     1    10
  1.0674648442554883E+01 a      1811     0    61     1    11
  5.6616243517069487E-01 a      1812     0    61     1    12
  1.3040324979274727E+01 a      1813     0    61     1    13
 -7.0334608258311118E+00 a      1814     0    61     1    14
  3.6381420219022274E+00 a      1815     0    61     1    15
  1.2011154165921575E+01 a      1816     0    61     1    16
 -2.2469355510439148E-01 a      1817     0    61     1    17
  3.2587178870999409E+00 a      1818     0    61     1    18
 -8.1906985984876535E+00 a      1819     0    61     1    19
  1.5792406661807473E+01 a      1820     0    61     1    20
  1.7576069803149817E+01 a      1821     0    61     1    21
 -3.4272331210863411E+00 a      1822     0    61     1    22
  8.4782762158567202E+00 a      1823     0    61     1    23
  6.4817638369884589E+00 a      1824     0    61     1    24
  9.7378517797239610E+00 a      1825     0    61     1    25
  2.0370424329263974E+00 a      1826     0    61     1    26
 -9.8563037031181366E+00 a      1827     0    61     1    27
 -3.0403775432867937E+00 a      1828     0    61     1    28
 -5.4235013729740720E+00 a      1829     0    61     1    29
 -8.2037437515554199E+00 a      1830     0    61     1    30
 -1.5194862841858177E+01 a      1831     0    62     1     1
  6.2132863164951271E+00 a      1832     0    62     1     2
 -3.6498407991722526E+00 a      1833     0    62     1     3
  7.8708337989832282E+00 a      1834     0    62     1     4
  5.4878527014440994E+00 a      1835     0    62     1     5
  3.7980721492159408E+00 a      1836     0    62     1     6
 -2.3434911178479232E+00 a      1837     0    62     1     7
 -7.1441575631602268E+00 a      1838     0    62     1     8
  1.5472590335203574E+01 a      1839     0    62     1     9
  1.0997796945327176E+00 a      1840     0    62     1    10
 -1.2593756201507835E+01 a      1841     0    62     1    11
  1.2792611015751909E+01 a      1842     0    62     1    12
 -1.7020610160257547E+01 a      1843     0    62     1    13
  8.6260572081897617E+00 a      1844     0    62     1    14
 -6.0902674893993360E+00 a      1845     0    62     1    15
  9.4448544281510411E+00 a      1846     0    62     1    16
  1.3404808658927328E+01 a      1847     0    62     1    17
 -1.1268472362442848E+01 a      1848     0    62     1    18
  1.7524338881149089E+00 a      1849     0    62     1    19
  6.7438663261015499E+00 a      1850     0    62     1    20
 -1.5433679527027518E+01 a      1851     0    62     1    21
 -7.8632850413971598E+00 a      1852     0    62     1    22
 -7.1221403166449502E+00 a      1853     0    62     1    23
  1.9031160185365645E+00 a      1854     0    62     1    24
  1.0491535331188604E+01 a      1855     0    62     1    25
  8.8117266569132564E+00 a      1856     0    62     1    26
 -3.2730773044960930E+00 a      1857     0    62     1    27
 -8.8536803078363828E+00 a      1858     0    62     1    28
  7.0835940834178217E+00 a      1859     0    62     1    29
  2.1170185668780949E+01 a      1860     0    62     1    30
  9.0654211244137297E+00 a      1861     0    63     1     1
  1.3494107443087506E+01 a      1862     0    63     1     2
  6.2047646204725169E+00 a      1863     0    63     1     3
 -2.4054188529604385E+01 a      1864     0    63     1     4
  1.1489438139324564E+01 a      1865     0    63     1     5
  6.8739470895548500E+00 a      1866     0    63     1     6
  6.8543924754137642E+00 a      1867     0    63     1     7
 -4.7194935316286406E+00 a      1868     0    63     1     8
 -9.5351674032113376E+00 a      1869     0    63     1     9
  1.1457296674068500E+01 a      1870     0    63     1    10
  7.2222337153806189E+00 a      1871     0    63     1    11
  1.1584480989620120E+01 a      1872     0    63     1    12
  2.4780445654526182E+00 a      1873     0    63     1    13
  6.5414784124949001E+00 a      1874     0    63     1    14
  1.7229010690760980E+01 a      1875     0    63     1    15
  6.8710275499756372E+00 a      1876     0    63     1    16
 -5.4432166749765418E+00 a      1877     0    63     1    17
 -1.7014685522941955E+00 a      1878     0    63     1    18
  3.6302646282179523E+00 a      1879     0    63     1    19
 -8.4272526520186961E+00 a      1880     0    63     1    20
 -9.7696756860921479E+00 a      1881     0    63     1    21
  1.4251118352416603E+00 a      1882     0    63     1    22
  3.4598594318808389E+00 a      1883     0    63     1    23
  1.1006417232306966E+01 a      1884     0    63     1    24
  2.9992814618246847E+01 a      1885     0    63     1    25
 -1.4298717872417921E+01 a      1886     0    63     1    26
 -6.1981543743282970E+00 a      1887     0    63     1    27
  1.8689444263925296E+01 a      1888     0    63     1    28
  1.0158452591676152E+01 a      1889     0    63     1    29
 -1.5149192317331087E+01 a      1890     0    63     1    30
  1.4238381461369334E+00 a      1891     0    64     1     1
 -8.8360314369816972E+00 a      1892     0    64     1     2
 -4.4307465530148695E+00 a      1893     0    64     1     3
  7.1812629695842523E+00 a      1894     0    64     1     4
  1.2880897915077313E+01 a      1895     0    64     1     5
  1.5869043940040808E+00 a      1896     0    64     1     6
  1.4756392559480289E+00 a      1897     0    64     1     7
  3.1888804313087347E+00 a      1898     0    64     1     8
  1.3373779266814786E-01 a      1899     0    64     1     9
  4.8667322342967729E+00 a      1900     0    64     1    10
  1.6931224660145350E+00 a      1901     0    64     1    11
  4.8501570630909372E+00 a      1902     0    64     1    12
 -1.7202304894093785E+01 a      1903     0    64     1    13
  2.1756926687224709E+00 a      1904     0    64     1    14
  1.1690063138202058E+00 a      1905     0    64     1    15
  3.3823496992859514E+00 a      1906     0    64     1    16
 -1.3332015246548079E+00 a      1907     0    64     1    17
  7.9990047363285643E-01 a      1908     0    64     1    18
  8.9129004604941175E-01 a      1909     0    64     1    19
  4.3135693987602695E+00 a      1910     0    64     1    20
 -6.8148521969577471E+00 a      1911     0    64     1    21
  3.7693786838326537E+00 a      1912     0    64     1    22
  9.7299337298542667E+00 a      1913     0    64     1    23
 -1.2800523482799973E+00 a      1914     0    64     1    24
  1.9334427873402575E+00 a      1915     0    64     1    25
 -4.3497506710559639E+00 a      1916     0    64     1    26
 -9.4316164301072885E+00 a      1917     0    64     1    27
  2.8108468310567583E+00 a      1918     0    64     1    28
 -2.0042277740587431E+00 a      1919     0    64     1    29
 -9.6793059320932837E+00 a      1920     0    64     1    30
 -1.1168162801514541E+00 b      1921     1     1
  3.7472160882162253E+00 b      1922     1     2
 -5.1813394800756631E+00 b      1923     1     3
 -1.5387424545138599E+00 b      1924     1     4
 -3.7711461116026781E+00 b      1925     1     5
  1.2728552085904552E+00 b      1926     1     6
 -2.0661051050811294E+00 b      1927     1     7
  2.2325883855042790E+00 b      1928     1     8
  8.3239852391740743E-01 b      1929     1     9
 -4.5563269906552835E+00 b      1930     1    10
 -6.6519482451743950E-01 b      1931     1    11
  2.2163029840903756E+00 b      1932     1    12
 -1.6872030369136115E+00 b      1933     1    13
 -9.0804359347634833E-01 b      1934     1    14
  1.8345787223506786E+00 b      1935     1    15
 -1.5780679682910037E+00 b      1936     1    16
 -3.6360266231865315E+00 b      1937     1    17
 -2.0483098528065198E+00 b      1938     1    18
 -6.8252085084135572E-01 b      1939     1    19
  1.2097214217294121E+00 b      1940     1    20
  5.7024935476387772E-01 b      1941     1    21
  1.3684826018541143E+00 b      1942     1    22
 -5.7549282264370527E+00 b      1943     1    23
  1.0214652371187676E+00 b      1944     1    24
  3.9164822424525156E+00 b      1945     1    25
  1.5197401436584865E-01 b      1946     1    26
 -4.3964094964613398E+00 b      1947     1    27
 -3.6140012990445780E+00 b      1948     1    28
 -3.8070276857571357E+00 b      1949     1    29
 -1.3786708857043546E+00 b      1950     1    30
 -2.4778286753860699E+00 a      1951     1     1     2     1
  1.1026120988455589E-01 a      1952     1     1     2     2
 -1.9627793835302956E+00 a      1953     1     1     2     3
 -5.7665022527603815E-01 a      1954     1     1     2     4
  3.6302963952473224E+00 a      1955     1     1     2     5
  5.3690905156792201E-01 a      1956     1     1     2     6
 -2.4205129430329126E+00 a      1957     1     1     2     7
 -9.5586528302791185E-02 a      1958     1     1     2     8
  1.1369054258131472E+00 a      1959     1     1     2     9
 -2.0016970525895128E+00 a      1960     1     1     2    10
 -1.6397739055650058E+00 a      1961     1     1     2    11
  1.0004355227830858E-01 a      1962     1     1     2    12
 -4.3538107526893626E+00 a      1963     1     1     2    13
  3.3288034512820546E+00 a      1964     1     1     2    14
 -1.6982178779370649E+00 a      1965     1     1     2    15
 -2.8644652671870259E+00 a      1966     1     1     2    16
 -7.6684695624032857E+00 a      1967     1     1     2    17
 -1.6769397052868582E+00 a      1968     1     1     2    18
 -6.4821821932876911E-01 a      1969     1     1     2    19
 -1.1688176272332680E+00 a      1970     1     1     2    20
 -2.3689722691454871E+00 a      1971     1     1     2    21
  9.2269022020268643E-01 a      1972     1     1     2    22
 -2.5946092897144997E+00 a      1973     1     1     2    23
 -7.1093296873965106E-01 a      1974     1     1     2    24
 -2.3132184076574056E+00 a      1975     1     1     2    25
  4.9731255381964647E+00 a      1976     1     1     2    26
  4.4958022870926428E-01 a      1977     1     1     2    27
 -1.6943544320234671E-01 a      1978     1     1     2    28
 -2.1473643863277312E+00 a      1979     1     1     2    29
 -1.2317632039222728E+00 a      1980     1     1     2    30
  1.2498654819223218E+00 a      1981     1     2     2     1
  9.9022287453715530E-01 a      1982     1     2     2     2
 -5.5672814815346054E+00 a      1983     1     2     2     3
 -2.2210215551444272E+00 a      1984     1     2     2     4
 -9.6201108674043923E-01 a      1985     1     2     2     5
 -2.2178212394989187E+00 a      1986     1     2     2     6
 -6.0083304751522180E+00 a      1987     1     2     2     7
 -4.4953345311319328E+00 a      1988     1     2     2     8
  3.5765935472429601E-02 a      1989     1     2     2     9
  9.7438631410734244E-01 a      1990     1     2     2    10
 -4.3327808622944142E+00 a      1991     1     2     2    11
 -1.3068001090266248E+00 a      1992     1     2     2    12
 -5.3789427541778834E-01 a      1993     1     2     2    13
 -2.0542161809191589E-01 a      1994     1     2     2    14
 -2.3324859236569409E+00 a      1995     1     2     2    15
  7.6980736303316477E-02 a      1996     1     2     2    16
 -1.2221599456100722E+00 a      1997     1     2     2    17
  3.0006361408304616E-01 a      1998     1     2     2    18
  2.2342770007040196E+00 a      1999     1     2     2    19
  3.8853097551501126E-02 a      2000     1     2     2    20
  2.8929001410513550E-02 a      2001     1     2     2    21
 -1.1853802046925008E+00 a      2002     1     2     2    22
 -6.6747979844642580E-01 a      2003     1     2     2    23
  2.2110235021472094E-01 a      2004     1     2     2    24
 -7.5815962483195676E-01 a      2005     1     2     2    25
 -5.2956738808118083E-02 a      2006     1     2     2    26
  7.8122659025200025E-01 a      2007     1     2     2    27
 -5.5677441218465362E-01 a      2008     1     2     2    28
 -6.6573755611172147E-01 a      2009     1     2     2    29
 -2.3616693192089784E+00 a      2010     1     2     2    30
 -5.7754667876801535E-01 a      2011     1     3     2     1
 -9.7862713335151608E-01 a      2012     1     3     2     2
 -4.1740325460910919E+00 a      2013     1     3     2     3
 -7.6371408520369677E-01 a      2014     1     3     2     4
  8.4129186055931058E+00 a      2015     1     3     2     5
  5.4192257413108038E+00 a      2016     1     3     2     6
  4.6414031537932745E+00 a      2017     1     3     2     7
 -1.2389269899725301E+00 a      2018     1     3     2     8
  2.9509491958968201E+00 a      2019     1     3     2     9
  2.1683213931574326E+00 a      2020     1     3     2    10
  4.2939055353621891E-01 a      2021     1     3     2    11
 -2.0535124244497882E-01 a      2022     1     3     2    12
  9.2513571563547725E-01 a      2023     1     3     2    13
  4.6467376699862335E+00 a      2024     1     3     2    14
  6.1070263279780446E-01 a      2025     1     3     2    15
  9.5648780690285240E-01 a      2026     1     3     2    16
  1.9587613426138570E+00 a      2027     1     3     2    17
 -3.0860422139923780E+00 a      2028     1     3     2    18
  1.3153638678004738E+00 a      2029     1     3     2    19
 -4.1753500898484885E-01 a      2030     1     3     2    20
  1.4065338716519984E+00 a      2031     1     3     2    21
 -1.3310614492100068E+00 a      2032     1     3     2    22
 -9.5025546564707375E-01 a      2033     1     3     2    23
 -2.0936445353787279E+00 a      2034     1     3     2    24
  1.1239002138645232E-01 a      2035     1     3     2    25
 -4.9571986854054781E+00 a      2036     1     3     2    26
  1.7782238325152711E-01 a      2037     1     3     2    27
  2.3196011712245934E-01 a      2038     1     3     2    28
  5.6957797406771216E-01 a      2039     1     3     2    29
 -1.1399585208894178E+00 a      2040     1     3     2    30
 -6.6389910132796315E-01 a      2041     1     4     2     1
 -1.8563484725960389E+00 a      2042     1     4     2     2
  4.2054470317386883E-01 a      2043     1     4     2     3
  1.2010607190189315E-01 a      2044     1     4     2     4
  5.2621446956543920E+00 a      2045     1     4     2     5
 -3.6850665353217321E-01 a      2046     1     4     2     6
  3.3703363643482240E+00 a      2047     1     4     2     7
  8.5817012169744478E-01 a      2048     1     4     2     8
 -1.3684698467596246E+00 a      2049     1     4     2     9
 -5.1043258394393942E-01 a      2050     1     4     2    10
  2.8783998840262401E+00 a      2051     1     4     2    11
  5.5503159557740611E+00 a      2052     1     4     2    12
  7.0388131435963774E-01 a      2053     1     4     2    13
 -6.0255090406797684E-01 a      2054     1     4     2    14
  9.8719985031244251E-01 a      2055     1     4     2    15
  1.1839027339870418E+00 a      2056     1     4     2    16
  1.2308430323801750E-01 a      2057     1     4     2    17
 -1.9980099301807182E+00 a      2058     1     4     2    18
  1.6581141223913525E+00 a      2059     1     4     2    19
  2.2220890608068261E-01 a      2060     1     4     2    20
 -6.2924967887255956E-01 a      2061     1     4     2    21
 -1.5257115034979283E+00 a      2062     1     4     2    22
  1.3813684977901222E+00 a      2063     1     4     2    23
  3.5542607500584522E-01 a      2064     1     4     2    24
  1.9696284947349025E+00 a      2065     1     4     2    25
 -1.0481214716185461E+00 a      2066     1     4     2    26
 -1.8547474763521183E+00 a      2067     1     4     2    27
  9.5483732015799672E-01 a      2068     1     4     2    28
  3.3107958726187530E+00 a      2069     1     4     2    29
  4.7653531332977644E-01 a      2070     1     4     2    30
  1.8419465727920608E+00 a      2071     1     5     2     1
  4.4313779951922765E+00 a      2072     1     5     2     2
  2.0123536174232854E+00 a      2073     1     5     2     3
 -1.3364808094198473E+00 a      2074     1     5     2     4
  3.1593057917190825E-01 a      2075     1     5     2     5
 -1.7133960676415638E+00 a      2076     1     5     2     6
 -2.3895915906015843E+00 a      2077     1     5     2     7
 -2.3939210604923811E+00 a      2078     1     5     2     8
  1.7708420444176456E+00 a      2079     1     5     2     9
 -5.8687096703737729E-01 a      2080     1     5     2    10
  2.4530591005142686E+00 a      2081     1     5     2    11
 -2.7412412795421655E+00 a      2082     1     5     2    12
  3.9752855942996383E+00 a      2083     1     5     2    13
  6.0245860088306347E-01 a      2084     1     5     2    14
 -1.6615918968522989E-01 a      2085     1     5     2    15
 -1.6630249262379797E+00 a      2086     1     5     2    16
  1.9865110991671999E+00 a      2087     1     5     2    17
  7.4949376973796822E-01 a      2088     1     5     2    18
  4.6682847714557516E+00 a      2089     1     5     2    19
  7.8436102839550659E-02 a      2090     1     5     2    20
  1.3727206511695520E+00 a      2091     1     5     2    21
 -1.5759533459515496E+00 a      2092     1     5     2    22
 -1.7126934461476593E+00 a      2093     1     5     2    23
  1.1386172566872010E+00 a      2094     1     5     2    24
 -1.3756463331808759E+00 a      2095     1     5     2    25
  3.3464562128965829E+00 a      2096     1     5     2    26
  3.7218601961533961E+00 a      2097     1     5     2    27
 -1.6553896951593357E+00 a      2098     1     5     2    28
 -1.4595278341487532E+00 a      2099     1     5     2    29
  1.5397733451205629E+00 a      2100     1     5     2    30
 -6.5633278624280866E-02 a      2101     1     6     2     1
 -1.1552619409064233E+00 a      2102     1     6     2     2
 -2.3575483638286174E+00 a      2103     1     6     2     3
 -8.8305500910764856E-01 a      2104     1     6     2     4
  3.2356516792898988E+00 a      2105     1     6     2     5
  1.5439317824192238E+00 a      2106     1     6     2     6
 -7.3746507373069137E-01 a      2107     1     6     2     7
 -2.4768907050141489E-01 a      2108     1     6     2     8
 -7.0127326923234590E-01 a      2109     1     6     2     9
  1.7056115055655001E+00 a      2110     1     6     2    10
  2.8814454309225274E-01 a      2111     1     6     2    11
  1.0330002971078724E+00 a      2112     1     6     2    12
 -2.0383636095271531E+00 a      2113     1     6     2    13
  1.1425364950918966E+00 a      2114     1     6     2    14
  5.4110967500652118E-01 a      2115     1     6     2    15
 -1.1132377786788808E-01 a      2116     1     6     2    16
 -1.7421462544384059E-01 a      2117     1     6     2    17
 -1.1721852240115203E+00 a      2118     1     6     2    18
  3.8726118331199921E-01 a      2119     1     6     2    19
 -1.5098569443870467E+00 a      2120     1     6     2    20
 -7.6357458023743063E-01 a      2121     1     6     2    21
 -9.9547515571788625E-01 a      2122     1     6     2    22
  2.7336496500675550E-01 a      2123     1     6     2    23
 -1.3232622757371937E+00 a      2124     1     6     2    24
 -3.7417199651864957E-01 a      2125     1     6     2    25
 -5.4979121821161847E+00 a      2126     1     6     2    26
  8.4638610818053306E-01 a      2127     1     6     2    27
 -8.7802003104172488E-01 a      2128     1     6     2    28
 -4.5833534886869509E-01 a      2129     1     6     2    29
 -2.4664331173453853E+00 a      2130     1     6     2    30
 -8.0196123346453130E-01 a      2131     1     7     2     1
  4.4997611131551789E+00 a      2132     1     7     2     2
 -2.3039736946570679E+00 a      2133     1     7     2     3
 -1.1061701411440392E+00 a      2134     1     7     2     4
 -6.0235805936848550E+00 a      2135     1     7     2     5
 -1.7505624974963998E+00 a      2136     1     7     2     6
 -4.7753149340164400E+00 a      2137     1     7     2     7
 -3.0477694380379066E+00 a      2138     1     7     2     8
 -4.0557197159289373E+00 a      2139     1     7     2     9
 -1.7757483954077791E+00 a      2140     1     7     2    10
 -6.0991841167828653E-01 a      2141     1     7     2    11
 -8.0985246747027662E-01 a      2142     1     7     2    12
  2.1241547723457490E+00 a      2143     1     7     2    13
  2.8985019527529693E-01 a      2144     1     7     2    14
  4.9719425996857997E-01 a      2145     1     7     2    15
 -4.6049519760103869E-01 a      2146     1     7     2    16
  2.1052605198579699E-01 a      2147     1     7     2    17
  9.2577930249183249E-01 a      2148     1     7     2    18
 -5.8010163456032613E+00 a      2149     1     7     2    19
  2.5763644148461945E-01 a      2150     1     7     2    20
 -3.3427916669412894E+00 a      2151     1     7     2    21
  1.1191200076722307E+00 a      2152     1     7     2    22
  1.8665533066945204E+00 a      2153     1     7     2    23
 -2.3805727653011806E+00 a      2154     1     7     2    24
  6.2761885037541720E-01 a      2155     1     7     2    25
  6.2016670287315634E+00 a      2156     1     7     2    26
  2.1968270368694758E+00 a      2157     1     7     2    27
  1.2403559651322764E+00 a      2158     1     7     2    28
 -3.4952127750796647E-01 a      2159     1     7     2    29
  1.6567851838313219E-01 a      2160     1     7     2    30
 -1.6815695686619783E+00 a      2161     1     8     2     1
 -2.9718279155751777E+00 a      2162     1     8     2     2
 -7.6761391938656254E-01 a      2163     1     8     2     3
 -5.6542652206493638E-01 a      2164     1     8     2     4
 -9.3001056057358700E-01 a      2165     1     8     2     5
  1.3418881112374894E+00 a      2166     1     8     2     6
 -2.3898802503470917E+00 a      2167     1     8     2     7
 -4.8293274007576679E-02 a      2168     1     8     2     8
 -1.7408317161059497E+00 a      2169     1     8     2     9
 -6.3912326288149690E-01 a      2170     1     8     2    10
 -3.0156919924358379E+00 a      2171     1     8     2    11
 -1.5455703993968852E+00 a      2172     1     8     2    12
 -4.5913362991403117E-01 a      2173     1     8     2    13
  1.7118856357169425E+00 a      2174     1     8     2    14
 -4.1444698588493495E-01 a      2175     1     8     2    15
 -3.0379959677262600E+00 a      2176     1     8     2    16
 -2.6617289348069377E+00 a      2177     1     8     2    17
 -1.6308184711666625E+00 a      2178     1     8     2    18
 -7.0493309503750023E-01 a      2179     1     8     2    19
 -1.3467866373210247E+00 a      2180     1     8     2    20
 -2.4602787828495715E-01 a      2181     1     8     2    21
  1.2532911539665090E+00 a      2182     1     8     2    22
  3.1297999400894079E+00 a      2183     1     8     2    23
  3.3721882760148608E-01 a      2184     1     8     2    24
  1.9871127628601237E+00 a      2185     1     8     2    25
  4.1904180844243921E+00 a      2186     1     8     2    26
  2.7929518076651196E+00 a      2187     1     8     2    27
  3.9889177088625372E-01 a      2188     1     8     2    28
  7.8781351835215896E-02 a      2189     1     8     2    29
 -1.3584321728714126E+00 a      2190     1     8     2    30
  1.1123487965086822E-01 a      2191     1     9     2     1
 -1.3640192312465496E+00 a      2192     1     9     2     2
 -2.2239128078498469E+00 a      2193     1     9     2     3
  1.4218083077419201E+00 a      2194     1     9     2     4
 -1.6519183475505761E+00 a      2195     1     9     2     5
  2.8890286497500330E-02 a      2196     1     9     2     6
  4.9605491840208565E-01 a      2197     1     9     2     7
  3.5259440659311370E+00 a      2198     1     9     2     8
  1.4311976844509327E+00 a      2199     1     9     2     9
  9.1516245011567210E-01 a      2200     1     9     2    10
 -8.8516519202357113E-01 a      2201     1     9     2    11
  1.1246964858510391E+00 a      2202     1     9     2    12
 -8.4379599038120690E-01 a      2203     1     9     2    13
 -1.4663236351980926E+00 a      2204     1     9     2    14
  5.8595216190698574E-01 a      2205     1     9     2    15
  6.5028238629784563E-01 a      2206     1     9     2    16
  1.5454383454105829E+00 a      2207     1     9     2    17
  1.2491474187902574E+00 a      2208     1     9     2    18
 -5.5340324436808617E+00 a      2209     1     9     2    19
  2.5047885499008510E-01 a      2210     1     9     2    20
  7.8218696284864442E-01 a      2211     1     9     2    21
  1.9884577036103768E+00 a      2212     1     9     2    22
  7.1839619486483719E-01 a      2213     1     9     2    23
 -1.2796631980238327E+00 a      2214     1     9     2    24
  2.9852656208524464E-01 a      2215     1     9     2    25
 -4.4600487724386211E+00 a      2216     1     9     2    26
 -3.0467941228505097E-01 a      2217     1     9     2    27
  1.0466813233724290E+00 a      2218     1     9     2    28
  2.1537794841500792E+00 a      2219     1     9     2    29
  2.0023911531071787E+00 a      2220     1     9     2    30
 -9.0880444941457639E-01 a      2221     1    10     2     1
  6.5138177179425372E-01 a      2222     1    10     2     2
 -3.0888813467131784E+00 a      2223     1    10     2     3
  9.8007170557547951E-01 a      2224     1    10     2     4
 -5.3244487526494177E+00 a      2225     1    10     2     5
  9.8508619122078173E-02 a      2226     1    10     2     6
 -4.8760509391110700E+00 a      2227     1    10     2     7
 -4.2767468751224440E+00 a      2228     1    10     2     8
 -7.6701834520848144E-01 a      2229     1    10     2     9
  1.6965767384881554E+00 a      2230     1    10     2    10
  1.4720094039258187E+00 a      2231     1    10     2    11
 -1.7000779254915859E+00 a      2232     1    10     2    12
  1.5087529572164975E+00 a      2233     1    10     2    13
  2.3394583550887738E-01 a      2234     1    10     2    14
 -9.1631872372699197E-01 a      2235     1    10     2    15
 -4.4386547601736859E-01 a      2236     1    10     2    16
  2.3951736425217631E+00 a      2237     1    10     2    17
  2.3587304840109354E-03 a      2238     1    10     2    18
 -1.3175977493650992E-01 a      2239     1    10     2    19
  1.2286228857326449E+00 a      2240     1    10     2    20
 -1.2222835817538154E+00 a      2241     1    10     2    21
 -1.0226935072359027E+00 a      2242     1    10     2    22
 -3.0249270766806380E-01 a      2243     1    10     2    23
  2.1927498280698092E+00 a      2244     1    10     2    24
  2.0218512708033898E+00 a      2245     1    10     2    25
  3.7156031579910946E+00 a      2246     1    10     2    26
 -2.4119704151484074E+00 a      2247     1    10     2    27
  4.4113721782364695E-01 a      2248     1    10     2    28
 -2.4982870295760349E+00 a      2249     1    10     2    29
  1.2041323400288779E+00 a      2250     1    10     2    30
  2.6850336144134701E+00 a      2251     1    11     2     1
  1.8054714679631620E+00 a      2252     1    11     2     2
  3.5261168464298169E+00 a      2253     1    11     2     3
  1.9058856146568559E+00 a      2254     1    11     2     4
  8.4385070449620549E+00 a      2255     1    11     2     5
  6.0277482023081885E-01 a      2256     1    11     2     6
  9.1567060875949107E+00 a      2257     1    11     2     7
  1.1368117624890288E+00 a      2258     1    11     2     8
  1.5086206353869824E+00 a      2259     1    11     2     9
 -6.2981630407765299E-01 a      2260     1    11     2    10
  4.7646738010346761E+00 a      2261     1    11     2    11
  3.7098282928192634E+00 a      2262     1    11     2    12
  2.6727030012721409E+00 a      2263     1    11     2    13
  4.3256116763142840E+00 a      2264     1    11     2    14
 -7.6027200025442765E-01 a      2265     1    11     2    15
  5.6551938206881376E+00 a      2266     1    11     2    16
  2.8327094675781992E+00 a      2267     1    11     2    17
 -2.6536549036100894E+00 a      2268     1    11     2    18
  4.9844178677858103E-01 a      2269     1    11     2    19
 -9.5876925531948698E-01 a      2270     1    11     2    20
 -3.8397395931443651E-01 a      2271     1    11     2    21
 -1.4813910138615378E+00 a      2272     1    11     2    22
  9.8550386411440138E-01 a      2273     1    11     2    23
 -3.2662584620970531E-01 a      2274     1    11     2    24
  4.8623046290979968E+00 a      2275     1    11     2    25
 -9.6928325448643733E+00 a      2276     1    11     2    26
  7.6004958477057971E-01 a      2277     1    11     2    27
 -6.7003935072703791E-01 a      2278     1    11     2    28
  4.2388756619545873E+00 a      2279     1    11     2    29
 -4.4323521676496412E-02 a      2280     1    11     2    30
  6.0776788170925267E-01 a      2281     1    12     2     1
  1.7420870390996921E+00 a      2282     1    12     2     2
 -4.3887476102062060E+00 a      2283     1    12     2     3
  3.2000029745979031E-01 a      2284     1    12     2     4
  5.5100096093668585E+00 a      2285     1    12     2     5
  2.0455887363043401E+00 a      2286     1    12     2     6
  2.8234737152303597E+00 a      2287     1    12     2     7
 -1.7938573715155637E+00 a      2288     1    12     2     8
  6.5385646074122394E-01 a      2289     1    12     2     9
 -1.0064900411019531E+00 a      2290     1    12     2    10
 -3.6919490632845192E-01 a      2291     1    12     2    11
 -3.8844184021603319E+00 a      2292     1    12     2    12
 -4.2499293594085663E-01 a      2293     1    12     2    13
  1.4641682367584794E+00 a      2294     1    12     2    14
 -1.5342528436728287E+00 a      2295     1    12     2    15
 -1.1057001900643175E+00 a      2296     1    12     2    16
 -2.5033789093871621E+00 a      2297     1    12     2    17
 -4.5610675755633612E-01 a      2298     1    12     2    18
 -3.2784389868540487E+00 a      2299     1    12     2    19
  7.1121064402204559E-01 a      2300     1    12     2    20
  5.5198301492117230E-01 a      2301     1    12     2    21
 -9.7487718902026932E-01 a      2302     1    12     2    22
 -5.3822853253901781E-01 a      2303     1    12     2    23
 -3.1327801321694775E+00 a      2304     1    12     2    24
  8.8733413592798438E-01 a      2305     1    12     2    25
 -5.5684623768693531E-01 a      2306     1    12     2    26
  4.0918319427696170E-01 a      2307     1    12     2    27
 -1.6258416843909882E+00 a      2308     1    12     2    28
 -3.1616608478219725E+00 a      2309     1    12     2    29
 -3.6799908925136262E+00 a      2310     1    12     2    30
 -2.5182209794141014E-01 a      2311     1    13     2     1
  2.0749679761113455E+00 a      2312     1    13     2     2
  1.5812492094458344E+00 a      2313     1    13     2     3
  2.4712566184777310E-01 a      2314     1    13     2     4
 -7.1574633077234635E+00 a      2315     1    13     2     5
 -2.0835971801315893E+00 a      2316     1    13     2     6
 -2.6653343898018278E+00 a      2317     1    13     2     7
  1.6589228086453296E+00 a      2318     1    13     2     8
 -7.0648590572056422E+00 a      2319     1    13     2     9
  2.9080710398141044E-02 a      2320     1    13     2    10
 -3.0509799566943565E+00 a      2321     1    13     2    11
 -3.5562400807290344E+00 a      2322     1    13     2    12
 -1.6207364480393336E+00 a      2323     1    13     2    13
 -1.3280931206311089E-01 a      2324     1    13     2    14
  7.5311247308443718E-01 a      2325     1    13     2    15
  8.9750519758970893E-01 a      2326     1    13     2    16
 -2.1612208853870123E+00 a      2327     1    13     2    17
  7.4143566040706377E-02 a      2328     1    13     2    18
  7.0942464840741071E-01 a      2329     1    13     2    19
 -5.8860979414830072E-01 a      2330     1    13     2    20
 -2.7598341869611454E+00 a      2331     1    13     2    21
  1.6394087987161927E+00 a      2332     1    13     2    22
 -8.5863245432690094E-01 a      2333     1    13     2    23
 -7.0532128708927988E-01 a      2334     1    13     2    24
 -4.3086369287332432E-01 a      2335     1    13     2    25
 -3.4337533635264972E+00 a      2336     1    13     2    26
 -1.4493280460599081E+00 a      2337     1    13     2    27
 -5.5095345754759571E-02 a      2338     1    13     2    28
  2.6959394224294519E+00 a      2339     1    13     2    29
  1.0425293213525735E+00 a      2340     1    13     2    30
 -1.4097379504846275E+00 a      2341     1    14     2     1
 -1.1368182560902642E+00 a      2342     1    14     2     2
 -1.0924571171238691E+00 a      2343     1    14     2     3
 -2.5958128078554390E+00 a      2344     1    14     2     4
 -4.7620678398348630E+00 a      2345     1    14     2     5
  3.1247672382449326E-01 a      2346     1    14     2     6
 -6.1461228709409754E+00 a      2347     1    14     2     7
  1.3951702926468328E+00 a      2348     1    14     2     8
  1.8403500693353989E+00 a      2349     1    14     2     9
 -3.7534009357151255E-01 a      2350     1    14     2    10
 -1.0006567289296779E+00 a      2351     1    14     2    11
  4.2308146416285854E+00 a      2352     1    14     2    12
  3.5909922993524401E-01 a      2353     1    14     2    13
 -1.2112287654347600E+00 a      2354     1    14     2    14
  9.3187537341259674E-02 a      2355     1    14     2    15
 -3.0527660833889017E+00 a      2356     1    14     2    16
 -6.4057614459733800E+00 a      2357     1    14     2    17
  1.1852588309954311E+00 a      2358     1    14     2    18
 -1.3334645000261616E+00 a      2359     1    14     2    19
  3.6495394605579740E-02 a      2360     1    14     2    20
  2.2836655861715331E+00 a      2361     1    14     2    21
  6.2472173711601586E-01 a      2362     1    14     2    22
  2.4172058128587981E+00 a      2363     1    14     2    23
 -5.0918576810534155E-01 a      2364     1    14     2    24
  5.1919442824976925E-01 a      2365     1    14     2    25
  2.1654395881604231E+00 a      2366     1    14     2    26
  1.5824705352239605E+00 a      2367     1    14     2    27
  8.9588459927957176E-01 a      2368     1    14     2    28
 -1.3141263990442549E+00 a      2369     1    14     2    29
 -3.5822915328706091E+00 a      2370     1    14     2    30
 -4.4091634698512010E-02 a      2371     1    15     2     1
  2.1975494084886154E+00 a      2372     1    15     2     2
 -2.6037056301338604E+00 a      2373     1    15     2     3
 -4.0041971974092611E-01 a      2374     1    15     2     4
  3.5578164996987494E-01 a      2375     1    15     2     5
 -9.5378987038568275E-01 a      2376     1    15     2     6
  1.0777276528342563E+00 a      2377     1    15     2     7
  9.3657720576777376E-02 a      2378     1    15     2     8
 -3.1104637693972115E+00 a      2379     1    15     2     9
  3.4240915666967884E+00 a      2380     1    15     2    10
 -3.5145165870931888E-01 a      2381     1    15     2    11
 -1.5352652600347094E+00 a      2382     1    15     2    12
 -1.2862417751195234E+00 a      2383     1    15     2    13
 -4.5056887192676589E+00 a      2384     1    15     2    14
  3.9838527330149948E-01 a      2385     1    15     2    15
  6.2370817329553663E-01 a      2386     1    15     2    16
  4.2488528189874425E-01 a      2387     1    15     2    17
  1.9495280691506400E-01 a      2388     1    15     2    18
  1.1463598066617281E-02 a      2389     1    15     2    19
 -9.2629136883249841E-01 a      2390     1    15     2    20
 -2.8973811507609035E+00 a      2391     1    15     2    21
  3.1954570210861011E+00 a      2392     1    15     2    22
  7.5326593372621709E-01 a      2393     1    15     2    23
 -2.7965220001819326E+00 a      2394     1    15     2    24
 -2.1678344783261969E+00 a      2395     1    15     2    25
 -3.0411451104133529E+00 a      2396     1    15     2    26
  4.4742042380387428E+00 a      2397     1    15     2    27
 -2.1287814849390605E+00 a      2398     1    15     2    28
  2.6406325628011560E+00 a      2399     1    15     2    29
 -9.2174990822024427E-01 a      2400     1    15     2    30
  7.4168235394593207E-01 a      2401     1    16     2     1
 -3.1950841641846930E+00 a      2402     1    16     2     2
  2.3867093476641399E+00 a      2403     1    16     2     3
  1.1057143868093331E+00 a      2404     1    16     2     4
 -5.7185669163926605E+00 a      2405     1    16     2     5
  1.9829681765032367E-01 a      2406     1    16     2     6
 -1.0898344671610400E+00 a      2407     1    16     2     7
  1.9720461902638688E+00 a      2408     1    16     2     8
  1.0275149622163464E+00 a      2409     1    16     2     9
 -1.6363345780238765E+00 a      2410     1    16     2    10
 -2.2851965614420626E+00 a      2411     1    16     2    11
 -2.7709159017597189E+00 a      2412     1    16     2    12
 -1.9947891548863647E-01 a      2413     1    16     2    13
 -2.9249500721711046E+00 a      2414     1    16     2    14
 -1.8254243546575346E+00 a      2415     1    16     2    15
 -7.6404221209326706E-01 a      2416     1    16     2    16
 -1.0683686864475712E+00 a      2417     1    16     2    17
 -1.5805290460242916E+00 a      2418     1    16     2    18
  1.7610790031408061E-01 a      2419     1    16     2    19
  3.7723060723216023E-01 a      2420     1    16     2    20
  3.8914342383593139E+00 a      2421     1    16     2    21
  5.0355337842920228E-03 a      2422     1    16     2    22
 -1.2955910146471081E+00 a      2423     1    16     2    23
  6.6064184984371610E-01 a      2424     1    16     2    24
  2.4370332788023958E+00 a      2425     1    16     2    25
  1.0767555655152933E-01 a      2426     1    16     2    26
 -2.4936441978023969E+00 a      2427     1    16     2    27
 -2.8354613147277036E-01 a      2428     1    16     2    28
 -4.9266930762725668E-02 a      2429     1    16     2    29
  2.6715037121751588E+00 a      2430     1    16     2    30
  7.0427503526423546E-02 a      2431     1    17     2     1
 -3.0381801929107302E+00 a      2432     1    17     2     2
  1.6774347811873644E+00 a      2433     1    17     2     3
  6.1075835076757068E-01 a      2434     1    17     2     4
  1.8276052013604069E+00 a      2435     1    17     2     5
  1.4741749701717135E+00 a      2436     1    17     2     6
  5.0808381523711716E+00 a      2437     1    17     2     7
 -2.1561734870331795E-01 a      2438     1    17     2     8
 -1.5397053577444060E+00 a      2439     1    17     2     9
 -3.9067169576849897E-01 a      2440     1    17     2    10
  1.6293666286562065E+00 a      2441     1    17     2    11
  2.8325146332427726E+00 a      2442     1    17     2    12
  4.0339819640186265E+00 a      2443     1    17     2    13
  2.7111595224436886E+00 a      2444     1    17     2    14
  1.2299998840980624E+00 a      2445     1    17     2    15
  1.2729296732011681E+00 a      2446     1    17     2    16
  4.2464521762706386E-01 a      2447     1    17     2    17
 -5.4106811436077838E-02 a      2448     1    17     2    18
 -3.0599646695076677E-01 a      2449     1    17     2    19
  3.3151419445974667E-01 a      2450     1    17     2    20
  1.1811680618037790E+00 a      2451     1    17     2    21
 -1.4223891442900045E+00 a      2452     1    17     2    22
  5.3451668086862331E-02 a      2453     1    17     2    23
  1.6216554628014366E+00 a      2454     1    17     2    24
  7.8537148127520084E-01 a      2455     1    17     2    25
  5.2605915673164168E+00 a      2456     1    17     2    26
 -2.9142747301320657E+00 a      2457     1    17     2    27
 -7.0269540885645609E-01 a      2458     1    17     2    28
  1.1847451602342851E+00 a      2459     1    17     2    29
  1.1106178386750050E-01 a      2460     1    17     2    30
  1.2214331134542844E+00 a      2461     1    18     2     1
  1.4173923241344486E+00 a      2462     1    18     2     2
 -5.9371397700341477E+00 a      2463     1    18     2     3
  1.6171105107465097E-01 a      2464     1    18     2     4
 -4.1836548672821916E+00 a      2465     1    18     2     5
 -9.8877682026396585E-01 a      2466     1    18     2     6
 -5.4131609015281183E-02 a      2467     1    18     2     7
 -1.2693481144295005E+00 a      2468     1    18     2     8
  2.5251889785162209E+00 a      2469     1    18     2     9
  7.8869588137533764E-01 a      2470     1    18     2    10
 -3.4318988273022284E+00 a      2471     1    18     2    11
  9.7708123861920027E-01 a      2472     1    18     2    12
 -2.5323520427309271E-01 a      2473     1    18     2    13
 -3.7973790636833025E+00 a      2474     1    18     2    14
  1.8635984709644518E-01 a      2475     1    18     2    15
 -1.9687819714022992E+00 a      2476     1    18     2    16
 -1.8239329210668881E-01 a      2477     1    18     2    17
  1.0450545118057597E+00 a      2478     1    18     2    18
  1.2956087333515378E+00 a      2479     1    18     2    19
  9.4781781818963917E-01 a      2480     1    18     2    20
  1.2171846368064496E-01 a      2481     1    18     2    21
 -1.0680439780513749E+00 a      2482     1    18     2    22
 -4.1802961094541446E+00 a      2483     1    18     2    23
 -1.8947418107824121E+00 a      2484     1    18     2    24
  6.0550834982061985E-01 a      2485     1    18     2    25
 -1.3369787625024452E+00 a      2486     1    18     2    26
  4.6711251019984740E-01 a      2487     1    18     2    27
  1.2182635712360517E+00 a      2488     1    18     2    28
 -2.6214384411399330E+00 a      2489     1    18     2    29
  2.7520456823045536E+00 a      2490     1    18     2    30
  1.8579198158695942E-01 a      2491     1    19     2     1
 -2.6423756033658150E+00 a      2492     1    19     2     2
 -2.1801399306153861E+00 a      2493     1    19     2     3
  9.6569061357912711E-02 a      2494     1    19     2     4
 -4.4845879152502759E+00 a      2495     1    19     2     5
 -2.0272249807609613E-01 a      2496     1    19     2     6
 -1.0841377740270530E+00 a      2497     1    19     2     7
  5.8070885200092537E-01 a      2498     1    19     2     8
  1.5052451300124550E+00 a      2499     1    19     2     9
  2.3689001262010190E+00 a      2500     1    19     2    10
 -7.1823761036879963E-01 a      2501     1    19     2    11
  4.2846346689118797E-01 a      2502     1    19     2    12
  1.0753530575679284E+00 a      2503     1    19     2    13
 -6.8742543985463611E-01 a      2504     1    19     2    14
  1.0218438440143489E+00 a      2505     1    19     2    15
  4.6100655015839453E-01 a      2506     1    19     2    16
 -1.1330274202929840E+00 a      2507     1    19     2    17
 -3.1442770682820620E-01 a      2508     1    19     2    18
  1.8047046756326235E+00 a      2509     1    19     2    19
 -2.0338596883822779E+00 a      2510     1    19     2    20
 -1.8149510944032504E-01 a      2511     1    19     2    21
  1.5251271505608677E+00 a      2512     1    19     2    22
 -2.0414801340630812E-01 a      2513     1    19     2    23
 -2.3527332476715415E-01 a      2514     1    19     2    24
 -4.0070343936234689E+00 a      2515     1    19     2    25
 -2.1218015902260423E-01 a      2516     1    19     2    26
  2.4677275617926842E-01 a      2517     1    19     2    27
 -7.7789090978128287E-03 a      2518     1    19     2    28
 -1.0859442573922362E+00 a      2519     1    19     2    29
 -2.5016963576514923E+00 a      2520     1    19     2    30
 -9.7956857432850086E-01 a      2521     1    20     2     1
  2.0182350974090393E+00 a      2522     1    20     2     2
  8.3515753703062963E+00 a      2523     1    20     2     3
 -4.8197514406629602E-02 a      2524     1    20     2     4
  1.3342963817137570E+00 a      2525     1    20     2     5
  2.7621423554440354E-02 a      2526     1    20     2     6
  1.3122707729698664E+00 a      2527     1    20     2     7
 -7.8553254067237532E-01 a      2528     1    20     2     8
 -1.1429345120596559E+00 a      2529     1    20     2     9
 -7.6243597131058127E-01 a      2530     1    20     2    10
 -3.9103291804040063E-01 a      2531     1    20     2    11
 -1.2711963276004590E-01 a      2532     1    20     2    12
 -1.6347060848038972E+00 a      2533     1    20     2    13
 -1.2568490169289868E+00 a      2534     1    20     2    14
  6.9394953354628253E-01 a      2535     1    20     2    15
  8.2431386673082796E-01 a      2536     1    20     2    16
  5.9151188710371026E-02 a      2537     1    20     2    17
 -1.9660703770160186E+00 a      2538     1    20     2    18
  1.4533864732528397E+00 a      2539     1    20     2    19
 -1.4208772768182676E+00 a      2540     1    20     2    20
  2.5833754668094282E+00 a      2541     1    20     2    21
  3.1530448434036638E+00 a      2542     1    20     2    22
 -1.8982195358386100E+00 a      2543     1    20     2    23
  6.7043197953223754E-01 a      2544     1    20     2    24
 -1.5738138931003909E+00 a      2545     1    20     2    25
  2.5887242176305563E+00 a      2546     1    20     2    26
  6.0554702071365485E-01 a      2547     1    20     2    27
 -2.2745167171716671E+00 a      2548     1    20     2    28
  1.3496808294348523E+00 a      2549     1    20     2    29
 -6.1493669805981033E-01 a      2550     1    20     2    30
 -7.2731004571227253E-01 a      2551     1    21     2     1
  8.8820576862214773E-01 a      2552     1    21     2     2
 -3.7815848100420335E+00 a      2553     1    21     2     3
 -1.4794349209655452E-01 a      2554     1    21     2     4
 -3.3362718489398224E+00 a      2555     1    21     2     5
 -1.7922594379901713E+00 a      2556     1    21     2     6
  4.3562899221686822E+00 a      2557     1    21     2     7
  2.6099991962498801E+00 a      2558     1    21     2     8
 -7.0978213727571839E+00 a      2559     1    21     2     9
 -4.2690471652567119E+00 a      2560     1    21     2    10
  4.5873733795890521E+00 a      2561     1    21     2    11
  2.7806691315874650E+00 a      2562     1    21     2    12
  3.0102794463384414E-01 a      2563     1    21     2    13
 -4.6605831040804213E-01 a      2564     1    21     2    14
 -1.0976276617045284E+00 a      2565     1    21     2    15
  3.4389781395049884E-01 a      2566     1    21     2    16
  2.7672938569445016E+00 a      2567     1    21     2    17
 -1.8073227123908802E+00 a      2568     1    21     2    18
  2.2868260678108436E+00 a      2569     1    21     2    19
  1.5566473503471496E+00 a      2570     1    21     2    20
 -2.6041285937135856E+00 a      2571     1    21     2    21
 -1.5285793700702466E+00 a      2572     1    21     2    22
 -6.8848573671964786E-02 a      2573     1    21     2    23
 -4.9732776382710775E-01 a      2574     1    21     2    24
  6.6607817168265027E-01 a      2575     1    21     2    25
  4.3562883409038156E+00 a      2576     1    21     2    26
 -3.0738641902520469E+00 a      2577     1    21     2    27
 -6.8663559834891514E-03 a      2578     1    21     2    28
  1.8429651633150559E+00 a      2579     1    21     2    29
 -2.8714835151449813E+00 a      2580     1    21     2    30
 -1.3497935260318084E+00 a      2581     1    22     2     1
  1.8882087607802260E+00 a      2582     1    22     2     2
  4.5829447587209557E+00 a      2583     1    22     2     3
 -2.1572842858309684E+00 a      2584     1    22     2     4
  1.7467339615806561E+00 a      2585     1    22     2     5
  1.6949153707417659E+00 a      2586     1    22     2     6
  5.4839370782575592E-01 a      2587     1    22     2     7
  6.5043902528907682E-02 a      2588     1    22     2     8
  4.7211324215239703E+00 a      2589     1    22     2     9
 -2.0776997144632690E+00 a      2590     1    22     2    10
  1.3530929008579475E+00 a      2591     1    22     2    11
 -7.5119890481150220E-01 a      2592     1    22     2    12
 -2.8833244515693264E+00 a      2593     1    22     2    13
  1.3984741485981731E+00 a      2594     1    22     2    14
  2.0528299173765978E+00 a      2595     1    22     2    15
 -1.2151019850788394E+00 a      2596     1    22     2    16
 -9.4030611192389657E-01 a      2597     1    22     2    17
  8.2753450914803761E-01 a      2598     1    22     2    18
 -9.8221371658678891E-01 a      2599     1    22     2    19
  1.0828167833531508E+00 a      2600     1    22     2    20
  5.3859530375553071E+00 a      2601     1    22     2    21
 -6.2477835298595041E-01 a      2602     1    22     2    22
  5.5179038877171360E-01 a      2603     1    22     2    23
  4.7214303723312517E-01 a      2604     1    22     2    24
 -1.1045294693654781E+00 a      2605     1    22     2    25
  1.9510534229644099E+00 a      2606     1    22     2    26
 -6.9219103355674312E+00 a      2607     1    22     2    27
 -1.7499864983933526E+00 a      2608     1    22     2    28
 -1.3235392376608843E+00 a      2609     1    22     2    29
  1.5923467850901056E+00 a      2610     1    22     2    30
 -4.5107920856231154E-01 a      2611     1    23     2     1
 -2.7870464083557527E-02 a      2612     1    23     2     2
  5.0746612936240965E-01 a      2613     1    23     2     3
  2.5856198537589936E-01 a      2614     1    23     2     4
 -2.1394139895976561E+00 a      2615     1    23     2     5
  2.4480460684556640E+00 a      2616     1    23     2     6
  4.4625327565155909E-01 a      2617     1    23     2     7
 -1.8192493365808593E+00 a      2618     1    23     2     8
 -1.0574449885753747E+00 a      2619     1    23     2     9
 -1.6643109609973552E+00 a      2620     1    23     2    10
  4.0886208471698042E+00 a      2621     1    23     2    11
 -3.1649358403660666E-01 a      2622     1    23     2    12
  5.7696546106860271E+00 a      2623     1    23     2    13
  6.5002102314344390E-01 a      2624     1    23     2    14
  5.8903240495738074E-01 a      2625     1    23     2    15
  1.5562308366268223E+00 a      2626     1    23     2    16
  7.4601796889735432E+00 a      2627     1    23     2    17
  1.4773485013909742E+00 a      2628     1    23     2    18
  1.9115563872170647E-02 a      2629     1    23     2    19
  1.9605162584306095E+00 a      2630     1    23     2    20
  1.5040182443914152E+00 a      2631     1    23     2    21
 -1.4344783370620795E+00 a      2632     1    23     2    22
  1.9853973258765441E+00 a      2633     1    23     2    23
  1.1661161752409077E+00 a      2634     1    23     2    24
  9.7844224804035484E-01 a      2635     1    23     2    25
 -9.8068084760566931E-01 a      2636     1    23     2    26
 -5.8245255290304199E+00 a      2637     1    23     2    27
  2.9015509669570800E+00 a      2638     1    23     2    28
 -3.4124138280809153E+00 a      2639     1    23     2    29
 -4.5713943109467232E+00 a      2640     1    23     2    30
  1.4598917794748005E+00 a      2641     1    24     2     1
 -1.7858147612983457E+00 a      2642     1    24     2     2
 -1.8626337972715088E+00 a      2643     1    24     2     3
 -3.6348613961782678E-01 a      2644     1    24     2     4
 -1.6535002857561920E+00 a      2645     1    24     2     5
 -1.6913717882919577E+00 a      2646     1    24     2     6
 -5.3538550370239113E+00 a      2647     1    24     2     7
  9.6158700106690242E-01 a      2648     1    24     2     8
 -1.5650936524721698E-01 a      2649     1    24     2     9
  1.3579227775015879E+00 a      2650     1    24     2    10
 -6.5306504557896412E+00 a      2651     1    24     2    11
 -5.9988472161785245E+00 a      2652     1    24     2    12
 -1.0347666417839563E-02 a      2653     1    24     2    13
 -7.4633206440908650E-02 a      2654     1    24     2    14
 -1.1540275608611487E-01 a      2655     1    24     2    15
 -2.4499857627393471E+00 a      2656     1    24     2    16
 -2.5240048035641709E+00 a      2657     1    24     2    17
  1.0321666234145637E+00 a      2658     1    24     2    18
 -4.5773327554155721E+00 a      2659     1    24     2    19
 -3.0138030886215037E+00 a      2660     1    24     2    20
 -1.7984043032050305E+00 a      2661     1    24     2    21
  9.4538422851763848E-01 a      2662     1    24     2    22
 -2.2773657496480340E+00 a      2663     1    24     2    23
  3.7299048771860108E+00 a      2664     1    24     2    24
 -2.4286250966439695E+00 a      2665     1    24     2    25
 -7.6992691606171872E+00 a      2666     1    24     2    26
 -4.5998826719363963E+00 a      2667     1    24     2    27
  1.1740053115151230E+00 a      2668     1    24     2    28
 -1.3937852280718421E+00 a      2669     1    24     2    29
  9.2568059930257396E-01 a      2670     1    24     2    30
 -8.5814777529826269E-01 a      2671     1    25     2     1
 -6.0275496951849510E+00 a      2672     1    25     2     2
  6.0990969454194832E-01 a      2673     1    25     2     3
  3.0783540390687959E-02 a      2674     1    25     2     4
 -3.0868858082994612E+00 a      2675     1    25     2     5
 -5.7848286959755135E-01 a      2676     1    25     2     6
  8.9357590725297509E-01 a      2677     1    25     2     7
 -2.7024092277079839E+00 a      2678     1    25     2     8
 -3.1089936194656143E+00 a      2679     1    25     2     9
  1.3409449537194249E+00 a      2680     1    25     2    10
  3.9588967283604060E+00 a      2681     1    25     2    11
  1.3588501386392697E+00 a      2682     1    25     2    12
 -1.8067818725160238E+00 a      2683     1    25     2    13
  8.7490841477504300E-01 a      2684     1    25     2    14
  1.5926642570303970E+00 a      2685     1    25     2    15
  2.3045521815828613E+00 a      2686     1    25     2    16
 -1.2680558976456717E+00 a      2687     1    25     2    17
 -3.4800308803295810E+00 a      2688     1    25     2    18
  1.8938078207859348E+00 a      2689     1    25     2    19
  2.1188202957924447E+00 a      2690     1    25     2    20
 -1.3248483370435757E+00 a      2691     1    25     2    21
 -2.1774073522889554E+00 a      2692     1    25     2    22
  1.6429394425271684E+00 a      2693     1    25     2    23
  5.1259240247538396E-01 a      2694     1    25     2    24
  1.8594788601410366E+00 a      2695     1    25     2    25
 -3.6906142004059315E+00 a      2696     1    25     2    26
 -5.1281381492470244E+00 a      2697     1    25     2    27
  5.4667269251385719E-01 a      2698     1    25     2    28
  4.0946389359136021E-01 a      2699     1    25     2    29
  4.8090932192552499E-01 a      2700     1    25     2    30
 -6.7764916803481401E-01 a      2701     1    26     2     1
 -3.3962676069910747E+00 a      2702     1    26     2     2
  3.7360766914036625E+00 a      2703     1    26     2     3
 -2.9580517980855414E+00 a      2704     1    26     2     4
 -1.3506126842474484E+00 a      2705     1    26     2     5
  8.4365138595039557E-01 a      2706     1    26     2     6
 -1.3407900165257320E+00 a      2707     1    26     2     7
  7.4313338404530926E-01 a      2708     1    26     2     8
  4.5793124114543599E-01 a      2709     1    26     2     9
  9.5488986359104522E-01 a      2710     1    26     2    10
  1.0496430220159352E+00 a      2711     1    26     2    11
  1.3369861346454852E+00 a      2712     1    26     2    12
 -1.1608419704389221E+00 a      2713     1    26     2    13
  3.8163955701792234E+00 a      2714     1    26     2    14
 -7.2991085899299168E-01 a      2715     1    26     2    15
 -1.5117016265539969E+00 a      2716     1    26     2    16
  1.1696011772380546E+00 a      2717     1    26     2    17
  1.2126532782014960E+00 a      2718     1    26     2    18
 -3.7024865015595271E-01 a      2719     1    26     2    19
 -5.0605470368469130E-01 a      2720     1    26     2    20
  1.7140801077820249E+00 a      2721     1    26     2    21
  2.9251450108532553E+00 a      2722     1    26     2    22
  5.3051854427538669E-01 a      2723     1    26     2    23
  2.4003534494441037E+00 a      2724     1    26     2    24
  1.6653302432291344E+00 a      2725     1    26     2    25
  7.1719036134259850E-01 a      2726     1    26     2    26
  4.2251220773306015E-02 a      2727     1    26     2    27
 -5.3884568698124446E-01 a      2728     1    26     2    28
 -1.7099121956419565E+00 a      2729     1    26     2    29
  6.1320564307001879E-01 a      2730     1    26     2    30
  1.0871072525131622E+00 a      2731     1    27     2     1
 -2.1233780990386806E+00 a      2732     1    27     2     2
 -9.0186614519832142E-01 a      2733     1    27     2     3
  1.1664585695471883E+00 a      2734     1    27     2     4
  4.3309259728641436E+00 a      2735     1    27     2     5
 -3.0354595128129751E+00 a      2736     1    27     2     6
  4.7810298539298737E+00 a      2737     1    27     2     7
 -1.2656805948047101E+00 a      2738     1    27     2     8
 -9.2285917088205915E-01 a      2739     1    27     2     9
  1.3938328344958546E+00 a      2740     1    27     2    10
  2.1611671060728757E+00 a      2741     1    27     2    11
 -1.1601282648608011E+00 a      2742     1    27     2    12
 -1.5984539139015737E+00 a      2743     1    27     2    13
  1.7380679730003556E-01 a      2744     1    27     2    14
 -2.6835210648381735E-01 a      2745     1    27     2    15
  7.1573378665132650E-02 a      2746     1    27     2    16
  1.7695770163603144E+00 a      2747     1    27     2    17
  2.7733637275867817E-01 a      2748     1    27     2    18
  4.9552933403858451E-01 a      2749     1    27     2    19
  1.4826709272468772E+00 a      2750     1    27     2    20
 -1.2573780639698706E-01 a      2751     1    27     2    21
 -9.4599619121153533E-01 a      2752     1    27     2    22
 -5.6493888813593829E-01 a      2753     1    27     2    23
 -1.2971849163674600E+00 a      2754     1    27     2    24
 -2.7066080672066972E+00 a      2755     1    27     2    25
  1.7283267513560921E-01 a      2756     1    27     2    26
  4.9443278488047145E-02 a      2757     1    27     2    27
  8.6427988024423030E-01 a      2758     1    27     2    28
  1.4962393980134925E+00 a      2759     1    27     2    29
  5.6955620610221236E-01 a      2760     1    27     2    30
  1.4188080843539299E+00 a      2761     1    28     2     1
  2.8596909401698714E+00 a      2762     1    28     2     2
  4.6629451307140588E+00 a      2763     1    28     2     3
 -4.1986526769288597E+00 a      2764     1    28     2     4
  7.8026887164690018E-01 a      2765     1    28     2     5
 -4.4088695694898700E-01 a      2766     1    28     2     6
  2.4785274652293823E+00 a      2767     1    28     2     7
  6.0733821872037486E-01 a      2768     1    28     2     8
  1.8937286778564335E+00 a      2769     1    28     2     9
 -2.4648462759467469E+00 a      2770     1    28     2    10
 -1.7354831017160464E+00 a      2771     1    28     2    11
 -2.2305577804810800E-01 a      2772     1    28     2    12
  1.9687202196429150E+00 a      2773     1    28     2    13
 -1.0511594298938172E+00 a      2774     1    28     2    14
  1.2017400592730438E+00 a      2775     1    28     2    15
 -4.6722807162799383E-02 a      2776     1    28     2    16
  5.6052209890028759E-01 a      2777     1    28     2    17
  5.6956009259773781E-02 a      2778     1    28     2    18
  2.8436075238367287E+00 a      2779     1    28     2    19
 -1.1325076511385936E-01 a      2780     1    28     2    20
 -1.9041991938531764E+00 a      2781     1    28     2    21
  2.6406479069197348E+00 a      2782     1    28     2    22
 -7.2357432394506904E-01 a      2783     1    28     2    23
  2.4567141281261573E-01 a      2784     1    28     2    24
  1.2865297617905560E+00 a      2785     1    28     2    25
  1.7836208160811433E+00 a      2786     1    28     2    26
  2.5649757537615030E+00 a      2787     1    28     2    27
  2.5962029300046935E-01 a      2788     1    28     2    28
  3.4419552728028986E+00 a      2789     1    28     2    29
  2.5813389320634275E+00 a      2790     1    28     2    30
  2.5044905741991204E+00 a      2791     1    29     2     1
  2.9245819492861043E+00 a      2792     1    29     2     2
  1.0017570639365316E+00 a      2793     1    29     2     3
  1.4601589043258472E+00 a      2794     1    29     2     4
 -1.9471091783240695E+00 a      2795     1    29     2     5
 -3.5571723180640320E+00 a      2796     1    29     2     6
 -7.6626629821013192E-01 a      2797     1    29     2     7
  7.0633628427913797E-01 a      2798     1    29     2     8
 -3.8157189153866627E-01 a      2799     1    29     2     9
  5.2602112350463781E-01 a      2800     1    29     2    10
 -3.1202926842194545E+00 a      2801     1    29     2    11
  3.1559635723916348E+00 a      2802     1    29     2    12
  1.1794246933308297E+00 a      2803     1    29     2    13
 -2.6135855326236914E+00 a      2804     1    29     2    14
 -1.8457063799412228E+00 a      2805     1    29     2    15
  1.3375127943191800E+00 a      2806     1    29     2    16
  3.3340705548760070E+00 a      2807     1    29     2    17
 -5.2644543347218242E-02 a      2808     1    29     2    18
 -1.7410470203591952E+00 a      2809     1    29     2    19
 -5.0537938692959061E-01 a      2810     1    29     2    20
  3.1747997780536225E-01 a      2811     1    29     2    21
 -1.2629621624660456E+00 a      2812     1    29     2    22
  8.1631494143037386E-01 a      2813     1    29     2    23
 -2.0226020131072788E+00 a      2814     1    29     2    24
  1.3778659784036007E+00 a      2815     1    29     2    25
 -4.2873742518443958E+00 a      2816     1    29     2    26
  3.5049544515791546E+00 a      2817     1    29     2    27
 -1.5449632333450380E+00 a      2818     1    29     2    28
  3.8049099472283392E+00 a      2819     1    29     2    29
  3.9386635516736503E+00 a      2820     1    29     2    30
  3.8888541202172480E+00 a      2821     1    30     2     1
  6.3414803481552928E+00 a      2822     1    30     2     2
  8.1868359607239238E+00 a      2823     1    30     2     3
  1.8808578036332797E+00 a      2824     1    30     2     4
  2.4285343875603331E+00 a      2825     1    30     2     5
 -2.7342852044265991E+00 a      2826     1    30     2     6
  9.1503874487143104E+00 a      2827     1    30     2     7
  3.0298307285546624E+00 a      2828     1    30     2     8
  2.9193154153860146E+00 a      2829     1    30     2     9
  2.6741805268975954E-01 a      2830     1    30     2    10
  4.2081275698551357E+00 a      2831     1    30     2    11
 -5.2256001524399331E-01 a      2832     1    30     2    12
  3.1097168039889169E+00 a      2833     1    30     2    13
 -1.2388444618240528E+00 a      2834     1    30     2    14
  4.1586786194196561E+00 a      2835     1    30     2    15
  1.5272838249047376E+00 a      2836     1    30     2    16
  9.2424823921010812E-01 a      2837     1    30     2    17
  3.6026510268375928E-01 a      2838     1    30     2    18
  1.8810170656570049E+00 a      2839     1    30     2    19
  9.8210155108900787E-01 a      2840     1    30     2    20
 -2.3197519649685852E+00 a      2841     1    30     2    21
  1.7094278941191301E+00 a      2842     1    30     2    22
  2.5446638991169555E+00 a      2843     1    30     2    23
  1.9305690645273572E+00 a      2844     1    30     2    24
  3.1814671102109555E+00 a      2845     1    30     2    25
 -3.8123847939916105E+00 a      2846     1    30     2    26
  3.1944192119594197E+00 a      2847     1    30     2    27
  5.3856087359560700E-01 a      2848     1    30     2    28
  4.4608357198792250E+00 a      2849     1    30     2    29
  2.7441894711281836E+00 a      2850     1    30     2    30
 -4.4562013123821504E+00 b      2851     2     1
 -1.0389170814689688E+01 b      2852     2     2
  8.1322476366936094E+00 b      2853     2     3
 -3.7244322988123679E+00 b      2854     2     4
 -1.4494306369299350E+01 b      2855     2     5
  4.4213199667317511E+00 b      2856     2     6
 -1.5987447969844288E+01 b      2857     2     7
 -5.6463179320814516E-01 b      2858     2     8
 -1.0177916006767258E+00 b      2859     2     9
  3.0459177239688633E+00 b      2860     2    10
 -1.1113056298562345E+01 b      2861     2    11
 -3.9559662533242417E+00 b      2862     2    12
  6.5507491514107894E+00 b      2863     2    13
 -1.4342217673294513E+01 b      2864     2    14
 -4.0471047999697314E+00 b      2865     2    15
  1.9172169555816532E+00 b      2866     2    16
  1.2686219448368046E+01 b      2867     2    17
  1.6719231982514554E+01 b      2868     2    18
 -7.4966443395718535E-02 b      2869     2    19
 -3.2931066037662915E+00 b      2870     2    20
 -2.8734427538875553E+00 b      2871     2    21
  4.3935457688582851E+00 b      2872     2    22
 -9.8502295842047705E+00 b      2873     2    23
  7.3149436978230140E+00 b      2874     2    24
 -1.0427029084106296E+01 b      2875     2    25
  9.9662557808261774E+00 b      2876     2    26
 -4.5746618164626192E+00 b      2877     2    27
 -8.2892792400152504E-01 b      2878     2    28
 -1.6833814076857671E+01 b      2879     2    29
 -4.6116906342948699E-01 b      2880     2    30
 -1.0046924058077382E-01 a      2881     2     1     3     1
  1.7603849948700661E-02 a      2882     2     2     3     1
  1.0585232333683024E-02 a      2883     2     3     3     1
  6.4759588838588372E-02 a      2884     2     4     3     1
 -7.4724413204550295E-03 a      2885     2     5     3     1
  6.8065282104342331E-02 a      2886     2     6     3     1
  2.7018932685835235E-02 a      2887     2     7     3     1
  8.6185455445426343E-02 a      2888     2     8     3     1
 -6.2250770673652834E-03 a      2889     2     9     3     1
  5.3698568214242327E-02 a      2890     2    10     3     1
 -6.7884030488928743E-02 a      2891     2    11     3     1
 -3.2139736201981454E-02 a      2892     2    12     3     1
 -3.1899255021640375E-03 a      2893     2    13     3     1
 -3.0146012613042825E-02 a      2894     2    14     3     1
 -1.6049718404341745E-03 a      2895     2    15     3     1
  5.4792301701521350E-02 a      2896     2    16     3     1
  1.1703873163091898E-02 a      2897     2    17     3     1
 -7.4908375258184043E-02 a      2898     2    18     3     1
  3.1225603710676744E-02 a      2899     2    19     3     1
  3.4485275989904411E-02 a      2900     2    20     3     1
 -2.1909748375532143E-02 a      2901     2    21     3     1
 -3.8466895642929488E-02 a      2902     2    22     3     1
  3.5859053430108916E-02 a      2903     2    23     3     1
  6.2686161098389329E-02 a      2904     2    24     3     1
 -2.4331580865323225E-02 a      2905     2    25     3     1
 -1.0480379671284205E-02 a      2906     2    26     3     1
  1.4966339932580971E-02 a      2907     2    27     3     1
 -2.0409728338804171E-02 a      2908     2    28     3     1
  5.6360460441439602E-04 a      2909     2    29     3     1
  8.0572004570066743E-03 a      2910     2    30     3     1
  8.5894114728822113E-01 b      2911     3     1
