################################################################################
# Neural network connection values (weights and biases).
################################################################################
# Col  Name       Description
################################################################################
# 1    connection Neural network connection value.
# 2    t          Connection type (a = weight, b = bias).
# 3    index      Index enumerating weights.
# 4    l_s        Starting point layer (end point layer for biases).
# 5    n_s        Starting point neuron in starting layer (end point neuron for biases).
# 6    l_e        End point layer.
# 7    n_e        End point neuron in end layer.
################################################################################
#                      1 2         3     4     5     6     7
#             connection t     index   l_s   n_s   l_e   n_e
############################################################
 -2.4760498166199993E-01 a         1     0     1     1     1
 -6.4614345330839331E+00 a         2     0     1     1     2
  1.0124638235453730E+01 a         3     0     1     1     3
  7.2738914433942199E+00 a         4     0     1     1     4
 -1.0315980632167284E+01 a         5     0     1     1     5
 -1.5262533876285330E+01 a         6     0     1     1     6
  1.7605068174460587E+00 a         7     0     1     1     7
 -1.3161055389932311E+01 a         8     0     1     1     8
  1.1812197479878879E+01 a         9     0     1     1     9
 -2.8252112055923058E+00 a        10     0     1     1    10
 -7.0585147609992738E-01 a        11     0     1     1    11
  1.1697269754725085E+01 a        12     0     1     1    12
  4.1692416296683437E+00 a        13     0     1     1    13
 -1.7249992864901440E+00 a        14     0     1     1    14
  3.9036608261947219E+00 a        15     0     1     1    15
 -6.4325868450952589E-02 a        16     0     1     1    16
 -6.3526406493682179E+00 a        17     0     1     1    17
 -5.2734852057755237E+00 a        18     0     1     1    18
 -5.6557459046342329E+00 a        19     0     1     1    19
  5.0870706577588107E+00 a        20     0     1     1    20
 -7.4007367141207041E+00 a        21     0     1     1    21
  1.2357684987697214E+01 a        22     0     1     1    22
  7.4692927962350391E+00 a        23     0     1     1    23
 -6.6583619881081919E+00 a        24     0     1     1    24
 -5.3461834807002173E-02 a        25     0     1     1    25
 -5.6529972561061594E+00 a        26     0     1     1    26
  3.8562842890739097E+00 a        27     0     1     1    27
  3.8088723689482924E+00 a        28     0     1     1    28
  5.2344965215503123E+00 a        29     0     1     1    29
  7.7221714843588485E+00 a        30     0     1     1    30
 -5.1175959299072122E+00 a        31     0     2     1     1
 -1.1671475176074994E+01 a        32     0     2     1     2
 -1.2570788011329768E+01 a        33     0     2     1     3
  1.5651598278929210E+01 a        34     0     2     1     4
 -3.4140394822923881E+00 a        35     0     2     1     5
 -6.9636794655184060E+00 a        36     0     2     1     6
  6.3129092456699185E+00 a        37     0     2     1     7
  1.2652317187739040E+01 a        38     0     2     1     8
  4.6629716396841028E+00 a        39     0     2     1     9
 -1.2042999424082172E+01 a        40     0     2     1    10
 -4.4313120413672968E-02 a        41     0     2     1    11
  4.6992955342877130E-01 a        42     0     2     1    12
  1.0706782221484126E+01 a        43     0     2     1    13
 -6.6539731989855859E+00 a        44     0     2     1    14
  1.0230446755647031E+00 a        45     0     2     1    15
 -2.3439181238669442E+00 a        46     0     2     1    16
  6.0564910079848622E-01 a        47     0     2     1    17
 -7.3437915994800926E+00 a        48     0     2     1    18
 -7.2872373599963618E+00 a        49     0     2     1    19
  8.2957623500380553E+00 a        50     0     2     1    20
 -1.9649410698687127E+01 a        51     0     2     1    21
 -2.3683056072394173E+00 a        52     0     2     1    22
 -8.6209065346630496E+00 a        53     0     2     1    23
 -6.1987997205918797E+00 a        54     0     2     1    24
 -3.7842868968213246E+00 a        55     0     2     1    25
  2.8167119997120897E+00 a        56     0     2     1    26
 -2.5055004174309158E+01 a        57     0     2     1    27
  5.2588555824631174E+00 a        58     0     2     1    28
 -1.8786470570390588E+00 a        59     0     2     1    29
 -6.5052258194714625E+00 a        60     0     2     1    30
  4.3051789012930164E-01 a        61     0     3     1     1
  2.5531458959462663E+00 a        62     0     3     1     2
  1.5752107879409565E+00 a        63     0     3     1     3
 -4.2667425914227026E+00 a        64     0     3     1     4
 -9.0390463369513818E-01 a        65     0     3     1     5
 -7.8329409432383246E-01 a        66     0     3     1     6
  6.4567505287971896E+00 a        67     0     3     1     7
 -6.5469920301685383E+00 a        68     0     3     1     8
  1.7455682037100298E-01 a        69     0     3     1     9
 -2.6383101767768578E+00 a        70     0     3     1    10
  4.1854734503361071E+00 a        71     0     3     1    11
  4.1488465596564765E+00 a        72     0     3     1    12
 -9.9977161920965401E+00 a        73     0     3     1    13
 -1.0550219645934115E+01 a        74     0     3     1    14
 -6.9622197965503370E+00 a        75     0     3     1    15
  3.7889577282970910E+00 a        76     0     3     1    16
 -2.8558600094543483E+00 a        77     0     3     1    17
  7.0132311954302002E+00 a        78     0     3     1    18
 -1.0421146420498152E+01 a        79     0     3     1    19
  4.9511660268897089E+00 a        80     0     3     1    20
  2.5449552652188996E+00 a        81     0     3     1    21
 -3.1526263179943506E+00 a        82     0     3     1    22
  8.3047489419501179E+00 a        83     0     3     1    23
 -5.0742589396754689E-01 a        84     0     3     1    24
  2.9071773420014257E-01 a        85     0     3     1    25
  4.4593309799940970E+00 a        86     0     3     1    26
  7.4049200497619942E+00 a        87     0     3     1    27
  2.8036549728828373E+00 a        88     0     3     1    28
  1.3241949357909260E+00 a        89     0     3     1    29
 -3.2176667548036981E+00 a        90     0     3     1    30
 -3.1280961073433584E+00 a        91     0     4     1     1
  6.4740029160481143E+00 a        92     0     4     1     2
 -3.3666054776810086E+01 a        93     0     4     1     3
  1.1738890673180517E+01 a        94     0     4     1     4
 -2.2983954414435839E+01 a        95     0     4     1     5
 -2.7921128018500028E+01 a        96     0     4     1     6
 -1.8866155727069409E+00 a        97     0     4     1     7
 -1.3783965784029361E+01 a        98     0     4     1     8
  4.7561743489801671E+00 a        99     0     4     1     9
  2.8151584662228046E+01 a       100     0     4     1    10
  1.3425387869219545E+01 a       101     0     4     1    11
  6.8477817627386015E+00 a       102     0     4     1    12
 -4.9742113562794854E+00 a       103     0     4     1    13
 -4.6511911838435417E+01 a       104     0     4     1    14
  1.2755849694816426E+01 a       105     0     4     1    15
 -1.7725542520429421E+01 a       106     0     4     1    16
  9.3012105405296879E+00 a       107     0     4     1    17
 -4.6258506665536991E+00 a       108     0     4     1    18
 -7.9404990044084061E+00 a       109     0     4     1    19
 -8.2798460510116776E+00 a       110     0     4     1    20
  9.7801760476965818E+00 a       111     0     4     1    21
  6.2001329110532577E+00 a       112     0     4     1    22
 -1.6365259780308460E+01 a       113     0     4     1    23
  1.5799050301261383E+01 a       114     0     4     1    24
 -2.0885472973297240E+01 a       115     0     4     1    25
  4.0985160198309366E+01 a       116     0     4     1    26
 -2.9400590462793655E+01 a       117     0     4     1    27
  3.6884775114604061E+01 a       118     0     4     1    28
 -4.2788836846647831E+00 a       119     0     4     1    29
  5.5979770076370645E+00 a       120     0     4     1    30
 -2.4209179564735108E+00 a       121     0     5     1     1
  6.9404923118481063E+00 a       122     0     5     1     2
  5.0730287759121904E+00 a       123     0     5     1     3
 -2.2611320502550858E+00 a       124     0     5     1     4
  5.0562746200524709E+00 a       125     0     5     1     5
  7.7559134257037456E+00 a       126     0     5     1     6
 -1.6090504479229131E+00 a       127     0     5     1     7
 -2.7354208543904810E+00 a       128     0     5     1     8
 -1.9657467788167246E-01 a       129     0     5     1     9
 -5.5049297241777833E+00 a       130     0     5     1    10
  2.3465062488027644E+00 a       131     0     5     1    11
 -4.9819940184832614E+00 a       132     0     5     1    12
  8.9511764211511202E-01 a       133     0     5     1    13
 -3.5514643265288734E+00 a       134     0     5     1    14
 -1.3465388145647308E+00 a       135     0     5     1    15
  2.7894650939576238E-01 a       136     0     5     1    16
  4.9960925260154232E+00 a       137     0     5     1    17
  5.7579555511822766E+00 a       138     0     5     1    18
 -4.2509213087740436E+00 a       139     0     5     1    19
 -2.1565314720339250E+00 a       140     0     5     1    20
  1.2018535347859813E+00 a       141     0     5     1    21
  7.8596787457083261E-01 a       142     0     5     1    22
  1.2864686925327604E+00 a       143     0     5     1    23
  2.2539504627228024E+00 a       144     0     5     1    24
  6.6283985473781526E-01 a       145     0     5     1    25
  8.2797694505049027E+00 a       146     0     5     1    26
 -3.0593893701573643E-01 a       147     0     5     1    27
  2.0197647617031178E-01 a       148     0     5     1    28
  2.7319281175113099E+00 a       149     0     5     1    29
 -2.1123194823006466E-01 a       150     0     5     1    30
  5.1501715255828504E+00 a       151     0     6     1     1
 -7.6509818912179783E+00 a       152     0     6     1     2
  8.5622037185309381E+00 a       153     0     6     1     3
  6.2560308659180182E+00 a       154     0     6     1     4
 -2.7218154711861073E+00 a       155     0     6     1     5
 -7.9105985976552464E+00 a       156     0     6     1     6
 -3.8476086434435528E+00 a       157     0     6     1     7
 -4.8279626302634098E+00 a       158     0     6     1     8
  5.8405262570592509E+00 a       159     0     6     1     9
  9.9337154823436453E+00 a       160     0     6     1    10
 -7.7282584861044858E+00 a       161     0     6     1    11
  4.3530991356135287E+00 a       162     0     6     1    12
 -1.0798207970028708E+00 a       163     0     6     1    13
  5.1807696107364904E+00 a       164     0     6     1    14
 -6.7335578556155706E-01 a       165     0     6     1    15
 -1.0571194198448004E+00 a       166     0     6     1    16
  6.6286607658361374E-01 a       167     0     6     1    17
 -7.0073818548121363E+00 a       168     0     6     1    18
  3.5282936195812669E+00 a       169     0     6     1    19
  5.6332173610400185E+00 a       170     0     6     1    20
 -6.2221685247072296E+00 a       171     0     6     1    21
  9.0717540758392587E+00 a       172     0     6     1    22
  3.6632266029734475E+00 a       173     0     6     1    23
 -4.9033273387058172E+00 a       174     0     6     1    24
  3.1099647530391792E+00 a       175     0     6     1    25
 -2.7716172160982073E+00 a       176     0     6     1    26
 -5.2478125906213791E-01 a       177     0     6     1    27
  7.2869409681750386E-01 a       178     0     6     1    28
  5.2728045331648890E+00 a       179     0     6     1    29
  4.8935033556525278E+00 a       180     0     6     1    30
 -6.7420084269060627E+00 a       181     0     7     1     1
  1.7856576731832202E+01 a       182     0     7     1     2
  4.1679620345320760E+00 a       183     0     7     1     3
 -5.0154121913155087E+00 a       184     0     7     1     4
  3.0974144398353309E+00 a       185     0     7     1     5
  5.9042349394468268E+00 a       186     0     7     1     6
 -2.2628342293679049E+00 a       187     0     7     1     7
 -7.4254946005010272E+00 a       188     0     7     1     8
  2.3911024926818834E+00 a       189     0     7     1     9
  6.5842360703787932E+00 a       190     0     7     1    10
  7.3731251726240987E-01 a       191     0     7     1    11
 -7.1747307123612840E+00 a       192     0     7     1    12
  1.7894230926976042E+00 a       193     0     7     1    13
 -2.9563055448512870E-01 a       194     0     7     1    14
 -6.3718916902033262E-01 a       195     0     7     1    15
 -4.9242004950020393E+00 a       196     0     7     1    16
  9.9324720856321669E+00 a       197     0     7     1    17
  1.2426682685023174E+01 a       198     0     7     1    18
 -2.4972333281311849E+00 a       199     0     7     1    19
 -2.8339346675882746E+00 a       200     0     7     1    20
  8.6856323967461631E+00 a       201     0     7     1    21
 -2.5734798618011570E+00 a       202     0     7     1    22
 -9.7760997211094018E+00 a       203     0     7     1    23
  2.8178383401586768E+00 a       204     0     7     1    24
 -1.9951092679404678E+00 a       205     0     7     1    25
  8.2432113769936048E+00 a       206     0     7     1    26
  2.4186904462784096E+00 a       207     0     7     1    27
 -5.9641039447385777E+00 a       208     0     7     1    28
  2.4059858981850999E+00 a       209     0     7     1    29
 -7.0911617974916323E+00 a       210     0     7     1    30
  2.1139831976510930E+00 a       211     0     8     1     1
  6.8772537656020729E+00 a       212     0     8     1     2
 -7.4483812191450394E+00 a       213     0     8     1     3
 -4.5118798793774841E+00 a       214     0     8     1     4
  1.6517733322398989E+01 a       215     0     8     1     5
  2.2381859663551452E+01 a       216     0     8     1     6
 -5.5742715014335555E+00 a       217     0     8     1     7
  1.0091157445715828E+01 a       218     0     8     1     8
 -9.3585307678253251E+00 a       219     0     8     1     9
  4.6670511917215105E+00 a       220     0     8     1    10
 -2.8477302181986204E+00 a       221     0     8     1    11
 -8.7469641010404864E+00 a       222     0     8     1    12
  5.1904728324381111E-01 a       223     0     8     1    13
  7.7450296283072202E+00 a       224     0     8     1    14
 -5.8191081035178147E+00 a       225     0     8     1    15
  3.7901334462221246E+00 a       226     0     8     1    16
  1.0248555853289970E+01 a       227     0     8     1    17
  6.0766735941520604E+00 a       228     0     8     1    18
  1.1789503934882008E+01 a       229     0     8     1    19
 -2.2801866415754093E+00 a       230     0     8     1    20
  1.1436530179525574E+01 a       231     0     8     1    21
 -9.8019496853629011E+00 a       232     0     8     1    22
 -4.2688790920719244E+00 a       233     0     8     1    23
  3.0009731100628927E+00 a       234     0     8     1    24
  3.5010861924080836E+00 a       235     0     8     1    25
  2.3814770677263146E+00 a       236     0     8     1    26
  4.2693520701151968E+00 a       237     0     8     1    27
 -8.8113564343046491E+00 a       238     0     8     1    28
 -5.3963389775778792E-01 a       239     0     8     1    29
 -9.7527050225065626E+00 a       240     0     8     1    30
 -1.9574327277696124E+00 a       241     0     9     1     1
  4.9956882731050589E+00 a       242     0     9     1     2
  2.9110345575927717E+01 a       243     0     9     1     3
 -2.1647117022709721E+00 a       244     0     9     1     4
 -2.6494034726333737E+01 a       245     0     9     1     5
 -9.2845527192660242E+00 a       246     0     9     1     6
 -2.1181355555691317E+00 a       247     0     9     1     7
 -8.8354733780071246E+00 a       248     0     9     1     8
  1.8608900655285545E+01 a       249     0     9     1     9
  1.1289214639836977E+01 a       250     0     9     1    10
  4.0630913152346961E+00 a       251     0     9     1    11
  2.5730542365439040E+00 a       252     0     9     1    12
  6.3766579399922945E+00 a       253     0     9     1    13
  6.5358156830893872E+00 a       254     0     9     1    14
 -6.0015227935906135E-01 a       255     0     9     1    15
 -7.1986436422258180E+00 a       256     0     9     1    16
 -1.7097244908793357E+01 a       257     0     9     1    17
 -9.9856927980558314E+00 a       258     0     9     1    18
 -2.7691794736047459E+00 a       259     0     9     1    19
 -9.9378796695722169E+00 a       260     0     9     1    20
  9.8887006406252347E+00 a       261     0     9     1    21
  2.0543288741385677E+00 a       262     0     9     1    22
  2.5861168332539783E+00 a       263     0     9     1    23
  1.2581994074179303E+00 a       264     0     9     1    24
  5.2687414502957219E+00 a       265     0     9     1    25
  4.8225952872434563E+00 a       266     0     9     1    26
  4.0324757764696759E+00 a       267     0     9     1    27
  1.0772743096835646E+00 a       268     0     9     1    28
  1.4881096100926573E+01 a       269     0     9     1    29
  8.2380834862597805E+00 a       270     0     9     1    30
  2.0460840173525550E+00 a       271     0    10     1     1
  3.6306095336096265E+00 a       272     0    10     1     2
 -1.1335424637178080E+00 a       273     0    10     1     3
  1.2127291842507384E+00 a       274     0    10     1     4
  5.0430948987273438E-01 a       275     0    10     1     5
 -1.2924640202306248E+00 a       276     0    10     1     6
  4.8915352759928306E+00 a       277     0    10     1     7
  8.2133299967655382E-01 a       278     0    10     1     8
  2.0896360102569700E+00 a       279     0    10     1     9
 -3.3083512814837444E+00 a       280     0    10     1    10
  3.5211247395611247E+00 a       281     0    10     1    11
  2.3545826938924193E+00 a       282     0    10     1    12
 -1.2210723871389240E+00 a       283     0    10     1    13
 -3.6404378687878309E+00 a       284     0    10     1    14
 -7.3342750558543557E-01 a       285     0    10     1    15
  3.0928062490166832E+00 a       286     0    10     1    16
  2.8457278165876754E-01 a       287     0    10     1    17
  2.4607258095638224E-01 a       288     0    10     1    18
  2.3100099515199107E-01 a       289     0    10     1    19
 -9.9833047790535789E-01 a       290     0    10     1    20
  2.2289670135159426E-01 a       291     0    10     1    21
 -5.2204463575665727E-01 a       292     0    10     1    22
 -2.6242215817946053E+00 a       293     0    10     1    23
  1.6542858705423182E+00 a       294     0    10     1    24
  5.5255232878009508E+00 a       295     0    10     1    25
  1.8518302838605449E-01 a       296     0    10     1    26
 -6.9385118690646855E-02 a       297     0    10     1    27
 -4.0763731932578878E-01 a       298     0    10     1    28
  4.4023272059699332E+00 a       299     0    10     1    29
 -9.7399729706270688E-01 a       300     0    10     1    30
  2.4231575154536256E-01 a       301     0    11     1     1
 -2.5073177797626482E+00 a       302     0    11     1     2
  5.5765145845172341E+00 a       303     0    11     1     3
  1.2629738444028220E+00 a       304     0    11     1     4
 -1.5139843861585172E+00 a       305     0    11     1     5
 -1.0976425529311047E+00 a       306     0    11     1     6
 -4.9628825535773435E+00 a       307     0    11     1     7
  2.1448877397458568E-01 a       308     0    11     1     8
  2.0814242305932305E+00 a       309     0    11     1     9
  5.7241148494163134E+00 a       310     0    11     1    10
 -6.6572722121112538E+00 a       311     0    11     1    11
  1.2710704766504768E+00 a       312     0    11     1    12
 -4.4404298294199291E+00 a       313     0    11     1    13
  1.6171023670018878E+00 a       314     0    11     1    14
 -3.2257451174369915E+00 a       315     0    11     1    15
 -2.8554052415528906E-02 a       316     0    11     1    16
 -1.8713915815353950E+00 a       317     0    11     1    17
 -7.2086204861808225E+00 a       318     0    11     1    18
 -2.0939201824480744E-01 a       319     0    11     1    19
  8.2779960523784535E+00 a       320     0    11     1    20
 -4.4818123156523750E+00 a       321     0    11     1    21
 -2.0934866722626344E+00 a       322     0    11     1    22
  1.4113227032570690E+00 a       323     0    11     1    23
 -9.0585649314396477E-01 a       324     0    11     1    24
 -5.0756024222858462E+00 a       325     0    11     1    25
  2.4956431880510581E+00 a       326     0    11     1    26
 -2.2083365694646617E+00 a       327     0    11     1    27
  3.7783983305044339E-01 a       328     0    11     1    28
 -1.7991935094904297E+00 a       329     0    11     1    29
 -2.3351154054576866E+00 a       330     0    11     1    30
 -3.5014827292275883E+00 a       331     0    12     1     1
 -3.3030172028783364E+00 a       332     0    12     1     2
  5.9358034064094651E+00 a       333     0    12     1     3
 -1.8056478353712599E+01 a       334     0    12     1     4
  1.8243077941240546E+00 a       335     0    12     1     5
 -5.0404098423626049E+00 a       336     0    12     1     6
 -5.6531600786444605E+00 a       337     0    12     1     7
 -1.3361007366862315E+01 a       338     0    12     1     8
 -3.7628643535114197E+00 a       339     0    12     1     9
  4.7809229914160269E+00 a       340     0    12     1    10
 -4.7925187772235534E+00 a       341     0    12     1    11
 -4.3389725895492504E+00 a       342     0    12     1    12
 -4.7636701572480860E+00 a       343     0    12     1    13
 -3.2908826206313577E+00 a       344     0    12     1    14
  6.1011354151157571E+00 a       345     0    12     1    15
  2.0219182299117606E+00 a       346     0    12     1    16
  3.1477601755041356E+00 a       347     0    12     1    17
 -8.7093635495347710E-02 a       348     0    12     1    18
  1.1980076214046028E+01 a       349     0    12     1    19
  3.3305565028316155E+00 a       350     0    12     1    20
 -8.0661548158574148E-01 a       351     0    12     1    21
 -5.4960937250920283E+00 a       352     0    12     1    22
 -9.1739548958800494E+00 a       353     0    12     1    23
  3.4371831494115059E+00 a       354     0    12     1    24
  9.0962143730705805E+00 a       355     0    12     1    25
 -6.6930945721483033E+00 a       356     0    12     1    26
  9.6182134198683915E+00 a       357     0    12     1    27
 -7.7579390672886728E+00 a       358     0    12     1    28
 -1.3329714660791369E+01 a       359     0    12     1    29
 -1.7168903613117203E+00 a       360     0    12     1    30
  1.1324870975753035E+01 a       361     0    13     1     1
  3.8149571901296291E+00 a       362     0    13     1     2
  1.5197713190397693E+01 a       363     0    13     1     3
 -9.2697301393839062E+00 a       364     0    13     1     4
  3.3349139058433728E+01 a       365     0    13     1     5
  1.3788453141804853E+01 a       366     0    13     1     6
  3.7856718578947754E+00 a       367     0    13     1     7
  1.2347716793311802E+01 a       368     0    13     1     8
 -5.2139944547513259E+00 a       369     0    13     1     9
 -2.5246435010136430E+01 a       370     0    13     1    10
  5.7033052424820241E+00 a       371     0    13     1    11
 -2.6902294432448571E+01 a       372     0    13     1    12
  2.5256078820889916E+00 a       373     0    13     1    13
  3.2179392356998960E+01 a       374     0    13     1    14
 -8.4460357957847894E+00 a       375     0    13     1    15
  1.1186450376001433E+01 a       376     0    13     1    16
  2.5038944748081377E+01 a       377     0    13     1    17
  5.2690882471643850E+00 a       378     0    13     1    18
  2.1862285023364606E+01 a       379     0    13     1    19
 -6.7599532285061201E+00 a       380     0    13     1    20
 -4.5308746951631118E+00 a       381     0    13     1    21
  1.9254810959156718E+00 a       382     0    13     1    22
 -4.9441358366872148E+00 a       383     0    13     1    23
 -3.1503870481216736E+00 a       384     0    13     1    24
  1.4342896893472155E+01 a       385     0    13     1    25
 -2.9725813424218504E+01 a       386     0    13     1    26
 -5.7468656086741667E+00 a       387     0    13     1    27
 -1.6596016026964126E+01 a       388     0    13     1    28
 -4.7946038965191731E+00 a       389     0    13     1    29
  1.1441837135153032E+00 a       390     0    13     1    30
  1.6071210653275187E+01 a       391     0    14     1     1
  1.1975901286300015E+01 a       392     0    14     1     2
  9.6136882076570398E+00 a       393     0    14     1     3
  1.8702377607061084E+01 a       394     0    14     1     4
  9.6120342168942141E+00 a       395     0    14     1     5
  1.0584694725244400E+01 a       396     0    14     1     6
  3.9973591262989583E+00 a       397     0    14     1     7
  8.9202705324877112E+00 a       398     0    14     1     8
  1.2549992726196139E+01 a       399     0    14     1     9
 -3.7892180635991721E+00 a       400     0    14     1    10
  1.0515267105550103E+01 a       401     0    14     1    11
 -1.5161123441132038E-01 a       402     0    14     1    12
 -3.9830669801796468E+00 a       403     0    14     1    13
  2.6029315758109494E+01 a       404     0    14     1    14
 -2.9984542282383050E+01 a       405     0    14     1    15
  9.1692504239810235E-01 a       406     0    14     1    16
  5.0261680387616519E+00 a       407     0    14     1    17
  4.3732171250619496E+00 a       408     0    14     1    18
 -3.5484027689051709E+00 a       409     0    14     1    19
 -1.2418348472725272E+01 a       410     0    14     1    20
  2.6506961719445144E+01 a       411     0    14     1    21
  1.7909360561876326E+01 a       412     0    14     1    22
  3.7512622603878185E+01 a       413     0    14     1    23
  3.3103826395793079E+00 a       414     0    14     1    24
 -6.5306370942030441E+00 a       415     0    14     1    25
  3.5824354271424141E-01 a       416     0    14     1    26
  1.2377003813764347E+01 a       417     0    14     1    27
 -9.3701432890426108E+00 a       418     0    14     1    28
  3.5069892143062127E+01 a       419     0    14     1    29
  8.0823548262183156E+00 a       420     0    14     1    30
  2.1961560195732655E+01 a       421     0    15     1     1
  2.5547211563584934E+01 a       422     0    15     1     2
  1.0724728010981542E+01 a       423     0    15     1     3
  2.5407464873366248E+01 a       424     0    15     1     4
  2.2125370777552600E+01 a       425     0    15     1     5
  9.0935205275875184E+00 a       426     0    15     1     6
  3.5078754447680033E-01 a       427     0    15     1     7
 -3.0535139479939266E+00 a       428     0    15     1     8
  7.1172518298081542E+00 a       429     0    15     1     9
  1.2104245714789388E+00 a       430     0    15     1    10
  1.1265864198545952E+01 a       431     0    15     1    11
  1.2182907095391864E+00 a       432     0    15     1    12
 -6.4580529905827184E+00 a       433     0    15     1    13
  3.8944950997445362E+00 a       434     0    15     1    14
 -3.0965410401336804E+01 a       435     0    15     1    15
  6.2059930160661061E+00 a       436     0    15     1    16
 -4.2606267425398894E+00 a       437     0    15     1    17
 -1.0070591444091303E+01 a       438     0    15     1    18
 -2.0175590898849919E+01 a       439     0    15     1    19
 -1.7734964326153602E+01 a       440     0    15     1    20
  2.8882834442197847E+01 a       441     0    15     1    21
  1.5648389320117397E+01 a       442     0    15     1    22
  3.9602697012200210E+01 a       443     0    15     1    23
 -5.9603838020637632E+00 a       444     0    15     1    24
 -1.6986379241452202E+01 a       445     0    15     1    25
  5.4600486261074606E+00 a       446     0    15     1    26
  1.7246941964668210E+01 a       447     0    15     1    27
  1.3890980761613411E+01 a       448     0    15     1    28
  4.3662909630809189E+01 a       449     0    15     1    29
  2.2090684891792886E+01 a       450     0    15     1    30
 -1.0290137457627988E+01 a       451     0    16     1     1
 -2.0939019811478865E+01 a       452     0    16     1     2
 -1.6753709946420738E+01 a       453     0    16     1     3
 -3.6056150272123206E+00 a       454     0    16     1     4
 -9.7478179062091730E+00 a       455     0    16     1     5
  6.5319391226645174E-01 a       456     0    16     1     6
 -6.9081183327455453E-01 a       457     0    16     1     7
  1.6278326578345709E+01 a       458     0    16     1     8
 -5.6441267298567128E+00 a       459     0    16     1     9
 -9.4632357920559373E-01 a       460     0    16     1    10
 -3.9928188570659850E+00 a       461     0    16     1    11
 -8.3253048756185759E+00 a       462     0    16     1    12
  8.5323482591779758E+00 a       463     0    16     1    13
  1.0811850031552325E+01 a       464     0    16     1    14
  1.0585373984897506E+01 a       465     0    16     1    15
 -1.0266033974788854E+01 a       466     0    16     1    16
  5.3018435103388324E+00 a       467     0    16     1    17
  8.5581822227436288E-01 a       468     0    16     1    18
  1.7465292300916634E+01 a       469     0    16     1    19
  1.0881385070559522E+00 a       470     0    16     1    20
 -1.4139548038943774E+01 a       471     0    16     1    21
 -1.1121968785775116E+00 a       472     0    16     1    22
 -2.1818467807501833E+01 a       473     0    16     1    23
  6.2615421198276389E+00 a       474     0    16     1    24
  4.4629448332230837E+00 a       475     0    16     1    25
 -4.1334644269599332E+00 a       476     0    16     1    26
 -2.0334120258996887E+01 a       477     0    16     1    27
 -1.0074515544681745E+01 a       478     0    16     1    28
 -2.2449363480644401E+01 a       479     0    16     1    29
 -1.2868605207170397E+01 a       480     0    16     1    30
  5.0338464870504026E+01 a       481     0    17     1     1
 -1.3167101404744821E+01 a       482     0    17     1     2
  1.4197594986878013E+00 a       483     0    17     1     3
 -1.9165008333936530E+01 a       484     0    17     1     4
 -1.2169074718979505E+00 a       485     0    17     1     5
  1.8647591570349697E+01 a       486     0    17     1     6
  1.6243183937357230E+01 a       487     0    17     1     7
 -2.9853448571380252E+01 a       488     0    17     1     8
 -7.8675018527336125E+00 a       489     0    17     1     9
  9.2609706430687933E+00 a       490     0    17     1    10
 -2.3849949464768194E+01 a       491     0    17     1    11
  1.0179587667465066E+01 a       492     0    17     1    12
 -1.4762516764303202E+01 a       493     0    17     1    13
 -2.7968151780633036E+01 a       494     0    17     1    14
  4.1146338328195185E+01 a       495     0    17     1    15
 -4.2602771090527369E+00 a       496     0    17     1    16
 -2.0964615603563562E+01 a       497     0    17     1    17
 -1.1478259040953295E+01 a       498     0    17     1    18
 -4.0182529132578345E+01 a       499     0    17     1    19
 -1.0292452754046529E+01 a       500     0    17     1    20
 -1.8831110324483067E+01 a       501     0    17     1    21
 -7.0356116123343666E+00 a       502     0    17     1    22
  2.1728525856030394E+01 a       503     0    17     1    23
  6.0015800464024043E+00 a       504     0    17     1    24
 -2.3645126505356022E+00 a       505     0    17     1    25
  1.2240572225457095E+01 a       506     0    17     1    26
  1.5403672618092072E+01 a       507     0    17     1    27
 -1.2355783739262499E+01 a       508     0    17     1    28
  2.1121419257667672E+01 a       509     0    17     1    29
 -6.3078037562972810E+01 a       510     0    17     1    30
 -4.7603144222164381E+01 a       511     0    18     1     1
  1.0275302919621804E+01 a       512     0    18     1     2
 -2.8450103687885431E+01 a       513     0    18     1     3
  8.9415335184723759E+00 a       514     0    18     1     4
  2.8975479263827904E+01 a       515     0    18     1     5
 -5.3071602515379020E+01 a       516     0    18     1     6
 -1.3399010689672179E+01 a       517     0    18     1     7
  1.8392522355834412E+01 a       518     0    18     1     8
  4.6653834558262846E+00 a       519     0    18     1     9
 -9.7285601703578445E-02 a       520     0    18     1    10
  2.8337738818043078E+01 a       521     0    18     1    11
  7.8051068872840164E+00 a       522     0    18     1    12
  2.0902841536258631E+01 a       523     0    18     1    13
  1.1030294373470801E+01 a       524     0    18     1    14
 -2.0582661884552166E+01 a       525     0    18     1    15
 -1.8045628645509439E+01 a       526     0    18     1    16
  4.9392186685053998E+00 a       527     0    18     1    17
  2.7676386409631998E+01 a       528     0    18     1    18
 -9.6757726236640291E+00 a       529     0    18     1    19
 -7.0758999106175091E+00 a       530     0    18     1    20
  1.5544433045086961E+01 a       531     0    18     1    21
 -5.4914379918390264E+00 a       532     0    18     1    22
 -6.7831199802262274E+00 a       533     0    18     1    23
 -3.2337299958027877E+01 a       534     0    18     1    24
 -3.0891681333977072E+01 a       535     0    18     1    25
  8.5232801790711434E+00 a       536     0    18     1    26
 -1.0063113566773463E+01 a       537     0    18     1    27
 -5.6534492142529977E+00 a       538     0    18     1    28
 -6.4273838167194386E+00 a       539     0    18     1    29
  2.1240377376511020E+01 a       540     0    18     1    30
 -7.5835323984918834E-01 a       541     0    19     1     1
  1.6536764090249367E+01 a       542     0    19     1     2
 -2.9285385628185679E+01 a       543     0    19     1     3
  2.2361299053902563E+01 a       544     0    19     1     4
  1.2909491091942241E+01 a       545     0    19     1     5
  2.7075179320770899E+00 a       546     0    19     1     6
 -2.4489318246111289E+01 a       547     0    19     1     7
  8.1488515470295404E+00 a       548     0    19     1     8
  3.0661745999722917E-01 a       549     0    19     1     9
  5.9897383474803636E+00 a       550     0    19     1    10
  2.7901895812728581E+00 a       551     0    19     1    11
 -2.1039265027330645E+00 a       552     0    19     1    12
 -3.5857107013759624E+01 a       553     0    19     1    13
  2.7684398341347173E+01 a       554     0    19     1    14
  9.7337663718999927E+00 a       555     0    19     1    15
 -3.5440714900763119E+01 a       556     0    19     1    16
  8.9588620181350453E+00 a       557     0    19     1    17
 -1.4852201104950730E+01 a       558     0    19     1    18
 -1.6367337002224655E+01 a       559     0    19     1    19
 -1.7633680792207386E+01 a       560     0    19     1    20
  3.7934160609301797E+00 a       561     0    19     1    21
 -8.8146239656399157E+00 a       562     0    19     1    22
 -2.5017656112343815E+01 a       563     0    19     1    23
  2.0086578233464561E+01 a       564     0    19     1    24
 -1.4837475580559092E+01 a       565     0    19     1    25
  7.9526582933796881E+00 a       566     0    19     1    26
  1.3800583706770297E+01 a       567     0    19     1    27
  9.7974034671927179E-01 a       568     0    19     1    28
  2.2461494618948972E+01 a       569     0    19     1    29
 -1.0032214967990072E+01 a       570     0    19     1    30
  2.1223607781197764E+01 a       571     0    20     1     1
 -7.9586989502345791E+00 a       572     0    20     1     2
  1.7159084069894821E+01 a       573     0    20     1     3
 -1.5741469184056454E+01 a       574     0    20     1     4
  2.1111668823012062E+00 a       575     0    20     1     5
  3.3309857478931200E+00 a       576     0    20     1     6
 -1.7651315629532771E+01 a       577     0    20     1     7
  3.3758591691065498E-01 a       578     0    20     1     8
 -4.8645808313337433E+00 a       579     0    20     1     9
 -7.8677241019673954E+00 a       580     0    20     1    10
  4.0443135826109582E+01 a       581     0    20     1    11
 -1.2378677717580716E+01 a       582     0    20     1    12
 -1.6257853973004270E+01 a       583     0    20     1    13
  1.1461674787476127E+01 a       584     0    20     1    14
 -1.7873503233104774E+01 a       585     0    20     1    15
 -2.6843566919481223E+01 a       586     0    20     1    16
  9.1547962591526453E+00 a       587     0    20     1    17
 -4.8912480927987207E+00 a       588     0    20     1    18
 -3.0108388777561746E+01 a       589     0    20     1    19
 -3.0314708737121889E+00 a       590     0    20     1    20
  1.6959542362044250E+01 a       591     0    20     1    21
 -9.3190517235183741E+00 a       592     0    20     1    22
  2.2294921818454803E+01 a       593     0    20     1    23
  3.6163047505328578E+01 a       594     0    20     1    24
 -1.0480248724341175E+01 a       595     0    20     1    25
  1.1021450063611292E+01 a       596     0    20     1    26
 -1.9548906271958330E+01 a       597     0    20     1    27
  1.6851124469295112E+01 a       598     0    20     1    28
 -1.1106292768887467E+01 a       599     0    20     1    29
 -2.3565828526552622E+01 a       600     0    20     1    30
  5.8536864655460918E-01 a       601     0    21     1     1
 -1.1596169037395251E+01 a       602     0    21     1     2
 -2.1394871916917952E+00 a       603     0    21     1     3
 -4.6221795265135137E+00 a       604     0    21     1     4
  1.8714015387654040E+01 a       605     0    21     1     5
 -1.2547954646358525E+01 a       606     0    21     1     6
  8.4184238661488831E+00 a       607     0    21     1     7
  1.4146946828837700E+01 a       608     0    21     1     8
 -9.2006958345874779E+00 a       609     0    21     1     9
  1.3671712718258487E+01 a       610     0    21     1    10
  7.1559249477258193E+00 a       611     0    21     1    11
 -6.5140374182613590E+00 a       612     0    21     1    12
  1.0674434514971596E+01 a       613     0    21     1    13
  6.8136823289751121E+00 a       614     0    21     1    14
 -1.9898605182522019E+01 a       615     0    21     1    15
  1.7845051509182241E+01 a       616     0    21     1    16
  1.5716996129131006E+01 a       617     0    21     1    17
  2.7960372973685614E+00 a       618     0    21     1    18
  4.9185394009107091E+00 a       619     0    21     1    19
  4.4837779552219370E-01 a       620     0    21     1    20
 -1.7983936155276368E+01 a       621     0    21     1    21
 -2.0655539016008162E+00 a       622     0    21     1    22
  1.7135962151560911E+01 a       623     0    21     1    23
  1.3568127808747214E+01 a       624     0    21     1    24
  1.6958831260437268E+01 a       625     0    21     1    25
 -9.8918927172515514E-01 a       626     0    21     1    26
 -3.6718250236008465E+01 a       627     0    21     1    27
  1.7943425624748905E+01 a       628     0    21     1    28
 -3.8836497614122423E+00 a       629     0    21     1    29
 -1.7862808931563578E+01 a       630     0    21     1    30
 -5.8111895307834587E+00 a       631     0    22     1     1
  2.7820363827329846E+00 a       632     0    22     1     2
  1.6480925804905777E+01 a       633     0    22     1     3
  1.4205050048384198E+01 a       634     0    22     1     4
 -6.5858642565013437E-01 a       635     0    22     1     5
 -2.6076294312819890E+01 a       636     0    22     1     6
  1.7582907071953105E+01 a       637     0    22     1     7
  4.5375718993545085E+01 a       638     0    22     1     8
  5.0627265296795258E+01 a       639     0    22     1     9
 -2.6728471615332154E+01 a       640     0    22     1    10
  1.3386738607722508E+01 a       641     0    22     1    11
  6.1521905597307622E+00 a       642     0    22     1    12
  6.9709613853614911E+01 a       643     0    22     1    13
  6.2514288945484381E+01 a       644     0    22     1    14
  3.6227111633990594E+00 a       645     0    22     1    15
  1.8931384704880769E+00 a       646     0    22     1    16
  3.2183182390924109E+01 a       647     0    22     1    17
 -5.0231076886395009E+01 a       648     0    22     1    18
 -2.6043441990561050E+01 a       649     0    22     1    19
 -4.9956541311098803E+00 a       650     0    22     1    20
 -3.8784856261995286E+00 a       651     0    22     1    21
 -3.2807882707593472E+00 a       652     0    22     1    22
  2.7023835624452211E+01 a       653     0    22     1    23
 -1.7023906000875254E+01 a       654     0    22     1    24
  9.0441920028815947E-01 a       655     0    22     1    25
  5.9888327495620842E+01 a       656     0    22     1    26
 -3.8392859467441482E+01 a       657     0    22     1    27
  3.7371267278031567E+01 a       658     0    22     1    28
  5.5816838618651561E+00 a       659     0    22     1    29
  3.9056417671225489E+01 a       660     0    22     1    30
 -8.2147052555081874E+00 a       661     0    23     1     1
  6.4096134575430792E+00 a       662     0    23     1     2
  3.8105106949853848E+01 a       663     0    23     1     3
 -1.2297633566347526E+01 a       664     0    23     1     4
 -1.1174347489012662E+00 a       665     0    23     1     5
 -1.0078290978617941E+00 a       666     0    23     1     6
  1.4327721719975992E+01 a       667     0    23     1     7
  5.2742939487063127E+00 a       668     0    23     1     8
 -2.8693840356873867E+01 a       669     0    23     1     9
  2.6059183383087003E+01 a       670     0    23     1    10
  4.6415311218111164E+00 a       671     0    23     1    11
  9.6201275343812380E+00 a       672     0    23     1    12
 -9.4338076557724015E-01 a       673     0    23     1    13
 -5.0291356859754259E+01 a       674     0    23     1    14
 -1.8593349844397547E+01 a       675     0    23     1    15
  1.0788662100442599E+01 a       676     0    23     1    16
 -1.5472507625271586E+01 a       677     0    23     1    17
  3.3689255399910799E+01 a       678     0    23     1    18
  1.6819736722445860E+01 a       679     0    23     1    19
  4.2304255364246750E+01 a       680     0    23     1    20
  7.7237440317267569E-01 a       681     0    23     1    21
  5.5399478779316746E+00 a       682     0    23     1    22
 -6.9682949798504623E+00 a       683     0    23     1    23
 -5.8226852861500844E-01 a       684     0    23     1    24
  9.4139698312123361E+00 a       685     0    23     1    25
 -6.0719122680509741E+01 a       686     0    23     1    26
 -1.4814275959932370E+01 a       687     0    23     1    27
 -1.6707061739551801E+01 a       688     0    23     1    28
 -2.1195288242607635E+00 a       689     0    23     1    29
 -2.4217402591052046E+01 a       690     0    23     1    30
  1.1957206493920083E+01 a       691     0    24     1     1
  5.3083028122698721E+00 a       692     0    24     1     2
 -2.2346073062029048E+00 a       693     0    24     1     3
 -3.7091359148147558E+00 a       694     0    24     1     4
 -2.6824956813225167E+01 a       695     0    24     1     5
  2.1049916404613999E+01 a       696     0    24     1     6
 -6.4735344182389021E+00 a       697     0    24     1     7
 -1.2580866253740712E+01 a       698     0    24     1     8
  1.0280273195844710E+01 a       699     0    24     1     9
 -4.2254192986310017E+01 a       700     0    24     1    10
 -6.9319600414756604E+00 a       701     0    24     1    11
  1.1236680965995772E+01 a       702     0    24     1    12
 -1.3993837082178002E+01 a       703     0    24     1    13
 -5.5351668938351386E+00 a       704     0    24     1    14
  2.4888101034617641E+01 a       705     0    24     1    15
 -2.0485266367952502E+01 a       706     0    24     1    16
 -2.8516054648324793E+01 a       707     0    24     1    17
  4.6368128655411223E-01 a       708     0    24     1    18
 -8.4104779928556255E+00 a       709     0    24     1    19
 -9.2824016215447891E+00 a       710     0    24     1    20
  2.1561092792320288E+01 a       711     0    24     1    21
  4.4274049722557072E+00 a       712     0    24     1    22
 -1.0415405371992838E+01 a       713     0    24     1    23
 -2.7864828167026513E+01 a       714     0    24     1    24
 -1.5099809082820949E+01 a       715     0    24     1    25
  1.0021804364374148E+01 a       716     0    24     1    26
  5.4090759335428736E+01 a       717     0    24     1    27
 -2.2215798173037456E+01 a       718     0    24     1    28
 -2.6704954137981933E+00 a       719     0    24     1    29
  3.4748970707341876E+01 a       720     0    24     1    30
 -2.1916086047099512E+01 a       721     0    25     1     1
 -1.3829625282287543E+01 a       722     0    25     1     2
  8.9183961103121021E+00 a       723     0    25     1     3
 -3.2823090951394991E+00 a       724     0    25     1     4
 -3.0304562711151497E+01 a       725     0    25     1     5
 -9.5419636945672215E-01 a       726     0    25     1     6
  9.7995884205815074E+00 a       727     0    25     1     7
 -2.3279377938098925E+01 a       728     0    25     1     8
 -1.2471575814710620E+00 a       729     0    25     1     9
 -2.1640410469137574E+01 a       730     0    25     1    10
 -5.5115591009308339E+01 a       731     0    25     1    11
 -6.7592515217531686E+00 a       732     0    25     1    12
  9.8662297534864596E-01 a       733     0    25     1    13
  1.4891688018285807E+01 a       734     0    25     1    14
  1.5704307659298825E+01 a       735     0    25     1    15
  2.2636655655274666E+01 a       736     0    25     1    16
 -3.5644027720552356E+00 a       737     0    25     1    17
 -1.3590062523088450E+01 a       738     0    25     1    18
  4.7745924114616635E+01 a       739     0    25     1    19
 -9.5310699511779564E+00 a       740     0    25     1    20
  1.3745868790950276E+01 a       741     0    25     1    21
  2.3589936746303032E+01 a       742     0    25     1    22
 -3.0537996749164027E+01 a       743     0    25     1    23
 -3.8916399898505880E+01 a       744     0    25     1    24
  3.3687276554256829E+00 a       745     0    25     1    25
 -1.5999204956680664E+01 a       746     0    25     1    26
 -6.6733918388629441E+00 a       747     0    25     1    27
 -2.2299469663234014E+01 a       748     0    25     1    28
  2.2183353306435652E+01 a       749     0    25     1    29
  4.8400850881753612E+01 a       750     0    25     1    30
 -6.6842416517511598E+00 a       751     0    26     1     1
 -1.4879875404730370E+01 a       752     0    26     1     2
 -1.0825924719462375E+01 a       753     0    26     1     3
  2.8730233591861285E+01 a       754     0    26     1     4
 -2.3776288855304585E+01 a       755     0    26     1     5
  4.2267467956494059E+01 a       756     0    26     1     6
 -2.7523701605432855E+01 a       757     0    26     1     7
  8.0783347152294755E+00 a       758     0    26     1     8
  1.4300471726265492E+01 a       759     0    26     1     9
 -2.9422433140743102E+01 a       760     0    26     1    10
 -2.0606044649380426E+01 a       761     0    26     1    11
  3.5022100610883262E+00 a       762     0    26     1    12
 -8.4370360527323083E+00 a       763     0    26     1    13
 -1.8699962065581218E+01 a       764     0    26     1    14
 -1.7619795556809592E+01 a       765     0    26     1    15
  1.6907727748508176E+01 a       766     0    26     1    16
 -2.9197580373313567E+01 a       767     0    26     1    17
  1.3459258125618803E+00 a       768     0    26     1    18
  1.0177602938778657E+01 a       769     0    26     1    19
  2.3229791427594524E+01 a       770     0    26     1    20
  8.5841021764777263E+00 a       771     0    26     1    21
  8.1589792380692536E+00 a       772     0    26     1    22
 -1.3556339085885531E+01 a       773     0    26     1    23
 -1.0888798526430284E+01 a       774     0    26     1    24
  1.5607730990503741E+01 a       775     0    26     1    25
 -2.6364040977106786E+01 a       776     0    26     1    26
 -1.0496593875883921E+01 a       777     0    26     1    27
 -1.3558235396456903E+01 a       778     0    26     1    28
 -6.7907280287750205E-01 a       779     0    26     1    29
  6.1651620097764583E+00 a       780     0    26     1    30
  2.2403077302539433E+01 a       781     0    27     1     1
 -2.4001859935896281E+01 a       782     0    27     1     2
 -1.7218640111226325E+01 a       783     0    27     1     3
 -8.9084480238967589E-02 a       784     0    27     1     4
  1.9004859729687074E+00 a       785     0    27     1     5
  1.2867983776644063E+01 a       786     0    27     1     6
  1.9032815479971827E+01 a       787     0    27     1     7
 -6.2692673991736285E+00 a       788     0    27     1     8
  8.2822278119505821E+00 a       789     0    27     1     9
  1.5344021049975556E+01 a       790     0    27     1    10
 -7.2821083145795384E+00 a       791     0    27     1    11
  1.4839048769907635E+01 a       792     0    27     1    12
  2.9043477793869059E+01 a       793     0    27     1    13
 -7.2423736191240282E+00 a       794     0    27     1    14
 -1.0843634733776108E+01 a       795     0    27     1    15
 -7.2839774890777165E-01 a       796     0    27     1    16
 -1.0578527956543295E+01 a       797     0    27     1    17
 -2.7444209591168843E+01 a       798     0    27     1    18
 -1.2009657582151304E+01 a       799     0    27     1    19
  1.3555011921089410E+01 a       800     0    27     1    20
 -1.9187910168776301E+00 a       801     0    27     1    21
  2.2504918204806117E+01 a       802     0    27     1    22
  5.3116987671003688E+00 a       803     0    27     1    23
  1.5630145938114779E+01 a       804     0    27     1    24
 -5.8274609539693163E+00 a       805     0    27     1    25
  1.5667256108690744E+01 a       806     0    27     1    26
  1.2485638433184241E+00 a       807     0    27     1    27
  1.5062459974342305E+01 a       808     0    27     1    28
 -2.7657721638533288E+00 a       809     0    27     1    29
  2.3698916939464038E+01 a       810     0    27     1    30
 -2.6946553554920062E+01 a       811     0    28     1     1
  3.2632597260011096E+01 a       812     0    28     1     2
  1.2198478098860899E+00 a       813     0    28     1     3
 -1.1003258525671393E+01 a       814     0    28     1     4
 -2.6866406103619539E+01 a       815     0    28     1     5
 -3.0621050357147446E+01 a       816     0    28     1     6
 -1.3983588700687699E+01 a       817     0    28     1     7
  3.3598586809977135E+01 a       818     0    28     1     8
 -1.0408658608917277E+01 a       819     0    28     1     9
 -6.3742318986275071E-01 a       820     0    28     1    10
  2.9067152523208506E+01 a       821     0    28     1    11
  6.1467986548258589E+00 a       822     0    28     1    12
 -5.4589902079454369E+00 a       823     0    28     1    13
  2.4537240583775869E+01 a       824     0    28     1    14
 -2.0636951115310702E+00 a       825     0    28     1    15
  1.1046034296651918E+01 a       826     0    28     1    16
  1.6067439251459529E+01 a       827     0    28     1    17
 -3.9303636242513401E-01 a       828     0    28     1    18
 -3.0512437810291495E+01 a       829     0    28     1    19
 -3.4500109449318145E+01 a       830     0    28     1    20
 -4.5441912928555517E-01 a       831     0    28     1    21
 -1.3837974703924537E+01 a       832     0    28     1    22
  4.2752735341727430E+01 a       833     0    28     1    23
 -6.6193207331811283E+00 a       834     0    28     1    24
 -7.4990258965977752E+00 a       835     0    28     1    25
  3.0084651938626831E+01 a       836     0    28     1    26
 -5.2797988990444455E+00 a       837     0    28     1    27
 -2.8475748672288126E+00 a       838     0    28     1    28
  1.0694104663782946E+01 a       839     0    28     1    29
 -6.2035825233880146E+01 a       840     0    28     1    30
 -3.1998345613421870E+00 a       841     0    29     1     1
 -6.3243211837366911E+00 a       842     0    29     1     2
 -5.3676668804462118E+00 a       843     0    29     1     3
 -5.1686889953181145E+00 a       844     0    29     1     4
  1.6669885438605547E+01 a       845     0    29     1     5
 -1.5069763153980681E+01 a       846     0    29     1     6
  6.0093137345558425E+00 a       847     0    29     1     7
 -2.2193631115170755E+00 a       848     0    29     1     8
  6.1101275425274180E+00 a       849     0    29     1     9
  1.9559474895814805E+01 a       850     0    29     1    10
 -3.4289252485307198E-01 a       851     0    29     1    11
 -5.2965396529540625E+00 a       852     0    29     1    12
  2.1053842830021885E+01 a       853     0    29     1    13
  1.0520750110600874E+01 a       854     0    29     1    14
  3.7995613180170200E+00 a       855     0    29     1    15
  2.3595496340191232E+01 a       856     0    29     1    16
  1.2412578521406795E+01 a       857     0    29     1    17
 -7.5778174445098738E+00 a       858     0    29     1    18
  6.4910490251000299E+00 a       859     0    29     1    19
  4.4166668794040351E+00 a       860     0    29     1    20
 -7.7202469536512828E+00 a       861     0    29     1    21
 -8.8952201830137962E+00 a       862     0    29     1    22
  6.6523303761433616E-01 a       863     0    29     1    23
  1.6178803110439929E+01 a       864     0    29     1    24
  9.6123169646624795E+00 a       865     0    29     1    25
 -5.0038213613383542E+00 a       866     0    29     1    26
 -4.1522064550966327E+01 a       867     0    29     1    27
  6.8540739375289927E+00 a       868     0    29     1    28
  1.0798392775217798E+00 a       869     0    29     1    29
  2.1134848819728327E+00 a       870     0    29     1    30
  5.6022461696023544E+00 a       871     0    30     1     1
  1.0818163947987241E+01 a       872     0    30     1     2
  3.2340023785595953E+01 a       873     0    30     1     3
 -7.4395111077457345E+00 a       874     0    30     1     4
 -1.1979659631834330E+01 a       875     0    30     1     5
 -3.8073195908622708E+01 a       876     0    30     1     6
  1.8871586824712384E+01 a       877     0    30     1     7
 -2.6563372181825141E+01 a       878     0    30     1     8
 -1.0990296300227527E+01 a       879     0    30     1     9
  1.5707088563904025E+01 a       880     0    30     1    10
  3.0436011886506439E+01 a       881     0    30     1    11
 -1.4310082020019749E+01 a       882     0    30     1    12
  5.5520447390119649E+00 a       883     0    30     1    13
  4.0626499396469796E+01 a       884     0    30     1    14
  2.8289660758688053E+00 a       885     0    30     1    15
 -9.2685702999734101E+00 a       886     0    30     1    16
  1.3932792790339541E+01 a       887     0    30     1    17
  7.8379834346359400E+00 a       888     0    30     1    18
  1.4604706552849640E+01 a       889     0    30     1    19
  1.3575695410982352E+01 a       890     0    30     1    20
  3.3502639775470733E+01 a       891     0    30     1    21
  1.8426719407300855E+01 a       892     0    30     1    22
  1.7898181239575162E+01 a       893     0    30     1    23
  4.1037111674057973E+00 a       894     0    30     1    24
 -2.7138274771380875E+00 a       895     0    30     1    25
 -2.8649189875712118E+00 a       896     0    30     1    26
 -1.0674337807692721E+01 a       897     0    30     1    27
  1.3281527362051373E+01 a       898     0    30     1    28
  1.8995546668577713E+01 a       899     0    30     1    29
  1.4395432416772802E+01 a       900     0    30     1    30
 -4.4429061383086488E+00 a       901     0    31     1     1
  1.9243076169463617E+01 a       902     0    31     1     2
  9.4982232135732882E+00 a       903     0    31     1     3
 -1.2574344686336477E+01 a       904     0    31     1     4
  1.8824845147961891E+01 a       905     0    31     1     5
  1.4526270281120357E+00 a       906     0    31     1     6
  1.1779588767432210E+00 a       907     0    31     1     7
  1.5556817730010536E+01 a       908     0    31     1     8
 -4.1238536623440154E+01 a       909     0    31     1     9
  2.0459403072163560E+01 a       910     0    31     1    10
  1.9738932145172807E+01 a       911     0    31     1    11
 -5.7224056446651970E+00 a       912     0    31     1    12
  1.8750718470004122E+00 a       913     0    31     1    13
 -7.5181855824545236E+00 a       914     0    31     1    14
 -2.0067582580589081E+00 a       915     0    31     1    15
 -6.1111549009011812E+00 a       916     0    31     1    16
 -1.2511134547633590E-01 a       917     0    31     1    17
  1.3395965302907882E+01 a       918     0    31     1    18
  1.3442068252968554E+01 a       919     0    31     1    19
 -2.6557018008192951E+01 a       920     0    31     1    20
 -2.7356169252840520E+01 a       921     0    31     1    21
 -1.6666214142705570E+01 a       922     0    31     1    22
 -2.2237502935308910E+01 a       923     0    31     1    23
  3.4410679873917345E+00 a       924     0    31     1    24
 -1.4660076588568152E+00 a       925     0    31     1    25
 -7.6789906247171462E+00 a       926     0    31     1    26
 -2.8435273110090256E+00 a       927     0    31     1    27
  1.3091543041243952E+01 a       928     0    31     1    28
 -1.7890918534895079E+01 a       929     0    31     1    29
 -1.2703198285637336E+01 a       930     0    31     1    30
  1.1031864345540168E+00 a       931     0    32     1     1
  1.0979120741240866E+01 a       932     0    32     1     2
  8.5637726474741314E+00 a       933     0    32     1     3
  4.4791963309318550E-01 a       934     0    32     1     4
 -9.8945919454591866E+00 a       935     0    32     1     5
  1.2472895159690955E+01 a       936     0    32     1     6
 -2.5267082375926297E+00 a       937     0    32     1     7
  1.1885585117782499E+01 a       938     0    32     1     8
 -1.4143661648306848E+01 a       939     0    32     1     9
 -4.5531407239658952E+00 a       940     0    32     1    10
  4.3952793226416240E+00 a       941     0    32     1    11
  4.7684213224079425E-03 a       942     0    32     1    12
 -2.8553466290892331E+00 a       943     0    32     1    13
  2.4219691541751871E+00 a       944     0    32     1    14
 -8.4130956682530176E+00 a       945     0    32     1    15
 -4.5638504282545709E+00 a       946     0    32     1    16
  4.9927237264932769E+00 a       947     0    32     1    17
 -2.5162488345837932E+00 a       948     0    32     1    18
 -1.4489044929004109E+01 a       949     0    32     1    19
 -1.5531034855977087E+01 a       950     0    32     1    20
 -6.3563151584382069E+00 a       951     0    32     1    21
  1.4800705822879368E+00 a       952     0    32     1    22
  8.1904698361613071E-01 a       953     0    32     1    23
 -5.2030927013702639E+00 a       954     0    32     1    24
 -4.4634003193415719E+00 a       955     0    32     1    25
  1.4544700260203612E+01 a       956     0    32     1    26
  1.2841732068708739E+01 a       957     0    32     1    27
  1.1979486874233469E+01 a       958     0    32     1    28
 -7.5337376313837556E-01 a       959     0    32     1    29
 -1.2805015799862616E+01 a       960     0    32     1    30
 -4.5299924016575819E+00 a       961     0    33     1     1
 -9.7946031240519620E+00 a       962     0    33     1     2
 -9.2194630438844161E-01 a       963     0    33     1     3
 -1.7024815074745021E+00 a       964     0    33     1     4
 -1.7269169952094700E+01 a       965     0    33     1     5
  2.1107298116532803E+01 a       966     0    33     1     6
 -2.1505138044650661E+01 a       967     0    33     1     7
  2.3849518672103784E+01 a       968     0    33     1     8
  2.0385076543738336E+01 a       969     0    33     1     9
 -1.6033181269107104E+01 a       970     0    33     1    10
 -3.8163133046603015E+01 a       971     0    33     1    11
  1.2972637858907246E+00 a       972     0    33     1    12
 -1.7660225159292242E+00 a       973     0    33     1    13
 -2.4892493258535215E+01 a       974     0    33     1    14
  3.5753788243295310E+00 a       975     0    33     1    15
  1.0228709434049334E+01 a       976     0    33     1    16
 -2.5895552891806393E+00 a       977     0    33     1    17
 -2.8237181869226614E+01 a       978     0    33     1    18
 -4.1066313426645188E+01 a       979     0    33     1    19
 -5.1374722528365764E+00 a       980     0    33     1    20
 -2.9800635567543178E+01 a       981     0    33     1    21
 -2.3991774910621029E+01 a       982     0    33     1    22
 -1.0245269367165319E+01 a       983     0    33     1    23
  4.0762090873250472E+00 a       984     0    33     1    24
 -9.9039668530200409E+00 a       985     0    33     1    25
  2.4610453084046554E+01 a       986     0    33     1    26
  9.1720003390840237E+00 a       987     0    33     1    27
  7.9342742731752667E+00 a       988     0    33     1    28
  1.6459539040029718E+01 a       989     0    33     1    29
 -1.2692056269496822E+01 a       990     0    33     1    30
 -1.2243894013787960E+01 a       991     0    34     1     1
  8.4044585321422852E-02 a       992     0    34     1     2
  7.9043254320672354E+00 a       993     0    34     1     3
  1.7182744029926614E+01 a       994     0    34     1     4
 -1.0306155223778433E+00 a       995     0    34     1     5
  1.5592681891170066E+01 a       996     0    34     1     6
  1.1184140926955587E+01 a       997     0    34     1     7
  4.0827649733858644E+00 a       998     0    34     1     8
  1.2005717326919680E+01 a       999     0    34     1     9
 -2.0814720536785525E+00 a      1000     0    34     1    10
 -1.8028608789208977E+01 a      1001     0    34     1    11
 -1.4023012936933319E+00 a      1002     0    34     1    12
  3.3064272443719112E+01 a      1003     0    34     1    13
  2.2330056191873599E+01 a      1004     0    34     1    14
  1.9140922968330814E+00 a      1005     0    34     1    15
 -2.2741317351078649E+00 a      1006     0    34     1    16
  1.7583660354264694E+01 a      1007     0    34     1    17
 -3.3469447938651811E+01 a      1008     0    34     1    18
 -1.1304356828842373E+01 a      1009     0    34     1    19
  1.4738803370293838E+00 a      1010     0    34     1    20
 -1.7997409786007342E+01 a      1011     0    34     1    21
  2.4222126141720963E+00 a      1012     0    34     1    22
  2.6657063302250759E+00 a      1013     0    34     1    23
  1.0430495302485538E+00 a      1014     0    34     1    24
  6.2587639829942372E+00 a      1015     0    34     1    25
  4.7398592968589108E+00 a      1016     0    34     1    26
  1.2272061407689366E+01 a      1017     0    34     1    27
  2.5203164291106233E+01 a      1018     0    34     1    28
  1.1531995676680905E+01 a      1019     0    34     1    29
  1.4547246424552190E+01 a      1020     0    34     1    30
 -1.1268415661226728E+01 a      1021     0    35     1     1
  1.2167364135570528E+01 a      1022     0    35     1     2
 -2.2423248963278855E+01 a      1023     0    35     1     3
 -8.5335968234768522E+00 a      1024     0    35     1     4
  2.1912841759982896E+01 a      1025     0    35     1     5
  6.3095065558382881E+00 a      1026     0    35     1     6
  2.5052981066135338E-01 a      1027     0    35     1     7
 -5.7277942804399222E+00 a      1028     0    35     1     8
 -7.3311498614138397E+00 a      1029     0    35     1     9
 -1.2738371226344231E+01 a      1030     0    35     1    10
  1.3449673349773570E+00 a      1031     0    35     1    11
 -6.7580617924702202E-01 a      1032     0    35     1    12
  1.6095148184950631E+01 a      1033     0    35     1    13
  2.7086822352263944E+00 a      1034     0    35     1    14
  2.1973553954707935E+01 a      1035     0    35     1    15
 -4.1939176224951051E+00 a      1036     0    35     1    16
  7.0735344876554684E+00 a      1037     0    35     1    17
 -1.1501844789610686E+01 a      1038     0    35     1    18
  1.6819227902094788E+01 a      1039     0    35     1    19
 -2.0281919540302084E+01 a      1040     0    35     1    20
 -1.8138363189003247E+01 a      1041     0    35     1    21
 -8.1856171341434010E+00 a      1042     0    35     1    22
  6.3642801772223772E+00 a      1043     0    35     1    23
 -2.7203313439175719E+01 a      1044     0    35     1    24
 -6.6182649096225639E+00 a      1045     0    35     1    25
 -3.1183554498039342E+01 a      1046     0    35     1    26
 -1.6320475500048730E+01 a      1047     0    35     1    27
 -3.1439962978987051E+01 a      1048     0    35     1    28
 -3.6055770488295117E+01 a      1049     0    35     1    29
 -3.3519227822936507E+01 a      1050     0    35     1    30
  4.8404379287135244E-02 a      1051     0    36     1     1
 -1.3219022531810625E+01 a      1052     0    36     1     2
 -1.4163102140582393E+00 a      1053     0    36     1     3
 -1.8286762349573912E+01 a      1054     0    36     1     4
 -1.8483419995236677E+01 a      1055     0    36     1     5
 -2.6524164985441585E+00 a      1056     0    36     1     6
 -1.2336197391859390E+01 a      1057     0    36     1     7
  4.1709945215330629E-01 a      1058     0    36     1     8
 -1.3058436900871918E+01 a      1059     0    36     1     9
  3.1273196200026079E+00 a      1060     0    36     1    10
  2.3228485452545556E+01 a      1061     0    36     1    11
  2.6033716370636579E+00 a      1062     0    36     1    12
 -3.9157971446281508E+01 a      1063     0    36     1    13
 -1.7138406177549001E+01 a      1064     0    36     1    14
  2.5021439270923984E-02 a      1065     0    36     1    15
  3.9070589162102691E+00 a      1066     0    36     1    16
 -2.5886835542500805E+01 a      1067     0    36     1    17
  2.0767283779644522E+01 a      1068     0    36     1    18
  4.9503523009671397E+00 a      1069     0    36     1    19
 -1.9262265420457432E+00 a      1070     0    36     1    20
  2.3497777007259970E+01 a      1071     0    36     1    21
 -1.0830789671826505E+01 a      1072     0    36     1    22
 -3.2765589017915211E+00 a      1073     0    36     1    23
  6.0841664202794856E+00 a      1074     0    36     1    24
 -1.5322093248019408E+01 a      1075     0    36     1    25
 -1.9359510219412230E+00 a      1076     0    36     1    26
 -2.0555281264810809E+01 a      1077     0    36     1    27
 -3.1941285576986090E+01 a      1078     0    36     1    28
 -1.2571857882111834E+01 a      1079     0    36     1    29
 -1.2504330097554920E+01 a      1080     0    36     1    30
  1.7911751569635406E+01 a      1081     0    37     1     1
  1.6417871229958926E+01 a      1082     0    37     1     2
  5.5947040179011616E+00 a      1083     0    37     1     3
  1.3827005439160855E+01 a      1084     0    37     1     4
  1.3964778014068971E+01 a      1085     0    37     1     5
 -4.1673960151709686E+00 a      1086     0    37     1     6
  1.2058285583494692E+01 a      1087     0    37     1     7
  1.3022201779619584E+01 a      1088     0    37     1     8
  1.8785505819056038E+01 a      1089     0    37     1     9
  2.9236187756640173E+00 a      1090     0    37     1    10
 -1.4531620589428700E+01 a      1091     0    37     1    11
  7.1751302929393708E+00 a      1092     0    37     1    12
  2.8264908372850524E+01 a      1093     0    37     1    13
  1.5733058540377010E+01 a      1094     0    37     1    14
 -1.3563383045015904E+01 a      1095     0    37     1    15
  1.2171083089680825E+00 a      1096     0    37     1    16
  3.6355018546958405E+01 a      1097     0    37     1    17
  1.6824544863065893E+00 a      1098     0    37     1    18
  2.6195754043579833E-01 a      1099     0    37     1    19
  8.9655049170054593E+00 a      1100     0    37     1    20
 -1.9971840194688689E+01 a      1101     0    37     1    21
  1.5280256031211696E+01 a      1102     0    37     1    22
 -9.9133954931389412E-01 a      1103     0    37     1    23
  5.3424161367177481E-02 a      1104     0    37     1    24
  1.3524150521363158E+01 a      1105     0    37     1    25
  8.9488514779813340E+00 a      1106     0    37     1    26
  2.0334892417150847E+01 a      1107     0    37     1    27
  4.1787038133426158E+01 a      1108     0    37     1    28
  1.6826357086686372E+01 a      1109     0    37     1    29
  2.0758426673504754E+01 a      1110     0    37     1    30
  1.5458499818763393E+01 a      1111     0    38     1     1
 -2.4356621680065739E+01 a      1112     0    38     1     2
  6.5797655559605497E+00 a      1113     0    38     1     3
  3.7705750882537781E+00 a      1114     0    38     1     4
 -3.1041527228892600E+00 a      1115     0    38     1     5
  2.5600212137323541E-01 a      1116     0    38     1     6
  4.1721717100872402E+00 a      1117     0    38     1     7
  3.1483444681530383E+01 a      1118     0    38     1     8
  2.8035942084105874E+00 a      1119     0    38     1     9
  2.6777427484153634E+01 a      1120     0    38     1    10
  2.9882220777818758E-01 a      1121     0    38     1    11
  7.5595238213719131E+00 a      1122     0    38     1    12
 -4.4543699227848649E+01 a      1123     0    38     1    13
  1.7590898336572597E+01 a      1124     0    38     1    14
 -5.9118729933900438E+00 a      1125     0    38     1    15
  2.7088098360306234E+00 a      1126     0    38     1    16
  1.2528387093954228E+01 a      1127     0    38     1    17
  1.8309567620126248E+01 a      1128     0    38     1    18
  1.4482102320074407E+01 a      1129     0    38     1    19
 -1.6934542398271297E+01 a      1130     0    38     1    20
  2.8943931645955425E+00 a      1131     0    38     1    21
  1.0193750798878934E+01 a      1132     0    38     1    22
 -7.6471579872870095E+00 a      1133     0    38     1    23
  2.7278165326763034E+01 a      1134     0    38     1    24
  1.8487878416329643E+01 a      1135     0    38     1    25
 -7.0910698618447232E-01 a      1136     0    38     1    26
 -1.3656187024486508E+01 a      1137     0    38     1    27
  2.7308178680178610E+01 a      1138     0    38     1    28
 -1.3075409363349664E+01 a      1139     0    38     1    29
  6.3011440612108643E+01 a      1140     0    38     1    30
 -6.2927227869209030E+00 a      1141     0    39     1     1
  1.5319302759395034E+01 a      1142     0    39     1     2
 -6.9511648568017410E+00 a      1143     0    39     1     3
 -5.1757880073221552E-01 a      1144     0    39     1     4
  7.8022095279513293E+00 a      1145     0    39     1     5
 -2.3296621009174090E+00 a      1146     0    39     1     6
  5.7822617177455529E+00 a      1147     0    39     1     7
 -1.1411312239559586E+00 a      1148     0    39     1     8
 -3.3641024390653449E+00 a      1149     0    39     1     9
 -7.5590813399197279E+00 a      1150     0    39     1    10
  1.4216963213682405E+01 a      1151     0    39     1    11
  3.7540078046588621E-01 a      1152     0    39     1    12
  2.0332234505499461E+01 a      1153     0    39     1    13
 -7.4334209264238345E+00 a      1154     0    39     1    14
  1.2354337083665174E+00 a      1155     0    39     1    15
 -3.3527299893512121E+00 a      1156     0    39     1    16
 -3.2408996084020689E+00 a      1157     0    39     1    17
  3.8079263815439988E+00 a      1158     0    39     1    18
  6.2124006293171989E+00 a      1159     0    39     1    19
  1.1936463499264006E+01 a      1160     0    39     1    20
  2.4363969933984659E+00 a      1161     0    39     1    21
  3.5137842825722920E+00 a      1162     0    39     1    22
  4.4849414248520105E+00 a      1163     0    39     1    23
 -3.2118738955017605E+01 a      1164     0    39     1    24
 -1.0697833853458503E+01 a      1165     0    39     1    25
 -9.9525473857129558E+00 a      1166     0    39     1    26
  6.9611090346709084E+00 a      1167     0    39     1    27
 -1.4854790491124538E+01 a      1168     0    39     1    28
 -1.0982392128238969E+00 a      1169     0    39     1    29
 -2.3526640260858532E+01 a      1170     0    39     1    30
 -1.5267318003789864E+01 a      1171     0    40     1     1
 -5.9225847023753808E-01 a      1172     0    40     1     2
  8.0075038803051446E-01 a      1173     0    40     1     3
 -3.3099305848022115E-01 a      1174     0    40     1     4
  5.4118810026556776E+00 a      1175     0    40     1     5
 -4.1748806407478503E+00 a      1176     0    40     1     6
 -5.6014726817555669E+00 a      1177     0    40     1     7
 -4.4400505705382436E+01 a      1178     0    40     1     8
 -8.7708948736786443E+00 a      1179     0    40     1     9
 -1.2450599792601231E+01 a      1180     0    40     1    10
  1.5638246428493270E+00 a      1181     0    40     1    11
 -6.5569887163345966E+00 a      1182     0    40     1    12
  1.3673698001960403E+01 a      1183     0    40     1    13
 -1.5116388633590459E+01 a      1184     0    40     1    14
  9.5853755375970646E+00 a      1185     0    40     1    15
 -5.3607201175461929E+00 a      1186     0    40     1    16
 -2.2140478457535401E+01 a      1187     0    40     1    17
 -1.0116494687053498E+01 a      1188     0    40     1    18
 -1.6874374133287223E+01 a      1189     0    40     1    19
  9.4177339165173226E+00 a      1190     0    40     1    20
  1.3688616013357585E+01 a      1191     0    40     1    21
 -1.2240207225441717E+01 a      1192     0    40     1    22
  2.9447175527274059E+00 a      1193     0    40     1    23
  1.6443990088533916E+01 a      1194     0    40     1    24
  3.2312388285036233E+00 a      1195     0    40     1    25
  1.4926481310915863E+01 a      1196     0    40     1    26
  8.5715856241957304E+00 a      1197     0    40     1    27
 -2.0147030970857660E+01 a      1198     0    40     1    28
  1.0158246299506020E+01 a      1199     0    40     1    29
 -2.9647242260563594E+01 a      1200     0    40     1    30
 -5.9506621099087740E+00 a      1201     0    41     1     1
 -7.6351253947318343E+00 a      1202     0    41     1     2
 -9.5332104309384803E+01 a      1203     0    41     1     3
 -8.6678757633978361E+00 a      1204     0    41     1     4
  9.4814043668386052E+00 a      1205     0    41     1     5
 -3.7968102669056421E+01 a      1206     0    41     1     6
  5.6858232780112864E+01 a      1207     0    41     1     7
  5.3177867517924202E+00 a      1208     0    41     1     8
 -1.3118692965492452E+01 a      1209     0    41     1     9
  7.3272217351103519E+00 a      1210     0    41     1    10
  2.4567640780743748E+01 a      1211     0    41     1    11
  1.1308211247246953E+00 a      1212     0    41     1    12
 -1.4739509265321875E+01 a      1213     0    41     1    13
 -1.3683755921114804E+01 a      1214     0    41     1    14
 -3.7215103843365981E+01 a      1215     0    41     1    15
  4.3239990780317328E+01 a      1216     0    41     1    16
 -2.4436526002932514E+01 a      1217     0    41     1    17
 -2.3874778797054699E+01 a      1218     0    41     1    18
  6.9964244083645566E+00 a      1219     0    41     1    19
  2.3862489101887046E+00 a      1220     0    41     1    20
  1.2900799763464921E+01 a      1221     0    41     1    21
 -8.1821859527538479E+00 a      1222     0    41     1    22
  1.7326729541781727E+00 a      1223     0    41     1    23
  3.7525186278630940E+01 a      1224     0    41     1    24
 -3.2262180798424417E+01 a      1225     0    41     1    25
 -4.5045671043783287E+01 a      1226     0    41     1    26
  2.8147998315021809E+01 a      1227     0    41     1    27
 -9.3088341865660968E+00 a      1228     0    41     1    28
  1.2809644952050521E+00 a      1229     0    41     1    29
 -5.2125310239514331E+00 a      1230     0    41     1    30
  3.2049181252151087E+00 a      1231     0    42     1     1
 -5.8990922292961230E+00 a      1232     0    42     1     2
  3.5059085638776125E+01 a      1233     0    42     1     3
 -1.5493212581989011E+00 a      1234     0    42     1     4
 -1.4138683409501015E+01 a      1235     0    42     1     5
  2.1463290049683827E+01 a      1236     0    42     1     6
 -1.8933358760680672E+01 a      1237     0    42     1     7
 -1.9507595961992639E+01 a      1238     0    42     1     8
 -7.3127149364958477E+00 a      1239     0    42     1     9
  5.6472117393446131E-01 a      1240     0    42     1    10
 -1.2246316505418733E+01 a      1241     0    42     1    11
 -2.6286884913888886E-01 a      1242     0    42     1    12
  4.0207956111332717E+00 a      1243     0    42     1    13
  2.1817741921842675E+01 a      1244     0    42     1    14
  3.6489140525833513E+01 a      1245     0    42     1    15
 -3.0619215047867030E+01 a      1246     0    42     1    16
  1.1929501552634589E+01 a      1247     0    42     1    17
  3.3259403242192974E+01 a      1248     0    42     1    18
  1.7635745850908656E+01 a      1249     0    42     1    19
 -2.1842724507168818E+01 a      1250     0    42     1    20
 -1.8946367713131153E+01 a      1251     0    42     1    21
  1.4733747860992354E+00 a      1252     0    42     1    22
 -3.7720448428127973E+01 a      1253     0    42     1    23
 -3.8040582283560518E+01 a      1254     0    42     1    24
  2.0685998097083228E+01 a      1255     0    42     1    25
  1.2340606183088265E+00 a      1256     0    42     1    26
  3.5041227455748465E+00 a      1257     0    42     1    27
  1.0550008683614848E+01 a      1258     0    42     1    28
 -4.2087405530001236E+00 a      1259     0    42     1    29
  9.0947760792769667E+00 a      1260     0    42     1    30
 -7.0115759079054714E+00 a      1261     0    43     1     1
 -8.5874979957101072E+00 a      1262     0    43     1     2
  4.5928314168861370E+01 a      1263     0    43     1     3
  2.3359271602896041E+00 a      1264     0    43     1     4
  1.5593342666262804E+00 a      1265     0    43     1     5
  1.0167885784268222E+01 a      1266     0    43     1     6
 -1.7718433596700503E+01 a      1267     0    43     1     7
  9.4300613779717879E-01 a      1268     0    43     1     8
 -1.0776210882168238E+01 a      1269     0    43     1     9
 -3.0018889859375864E+01 a      1270     0    43     1    10
 -2.8499829492750339E+00 a      1271     0    43     1    11
  7.6369879466907724E+00 a      1272     0    43     1    12
  7.3941255019156085E+00 a      1273     0    43     1    13
  6.1045791031901926E+00 a      1274     0    43     1    14
  2.5439274624582531E+01 a      1275     0    43     1    15
 -1.3892515717900752E+01 a      1276     0    43     1    16
 -2.2943637084335784E+01 a      1277     0    43     1    17
  5.9012286231399598E+00 a      1278     0    43     1    18
  1.8043697180081583E+01 a      1279     0    43     1    19
  3.3023247967781990E+00 a      1280     0    43     1    20
 -3.4502550512117452E+01 a      1281     0    43     1    21
  9.2856731027860995E-01 a      1282     0    43     1    22
  1.2733606809627267E+00 a      1283     0    43     1    23
 -1.6813221537591083E+01 a      1284     0    43     1    24
  7.5851232113692968E-01 a      1285     0    43     1    25
  2.4579253823551067E+01 a      1286     0    43     1    26
 -6.2663409051765315E+00 a      1287     0    43     1    27
  5.0357851407614307E+00 a      1288     0    43     1    28
 -5.3716697723071682E+00 a      1289     0    43     1    29
  1.8464973848209944E+01 a      1290     0    43     1    30
  6.7425675679677957E+00 a      1291     0    44     1     1
  7.2457470515551599E+00 a      1292     0    44     1     2
 -1.0802183443160418E+01 a      1293     0    44     1     3
 -1.4211583405745251E-01 a      1294     0    44     1     4
  9.8872939929467289E+00 a      1295     0    44     1     5
  1.5305221058962935E+01 a      1296     0    44     1     6
  1.5155324289424215E+01 a      1297     0    44     1     7
 -1.8025581382404376E+01 a      1298     0    44     1     8
  1.0572891684530401E+01 a      1299     0    44     1     9
  5.2210594310337362E+00 a      1300     0    44     1    10
 -8.6581788097318366E+00 a      1301     0    44     1    11
 -1.4644606099482010E+01 a      1302     0    44     1    12
  5.0683976519483320E-01 a      1303     0    44     1    13
 -1.4120992341395906E+01 a      1304     0    44     1    14
 -2.2927750353002466E+01 a      1305     0    44     1    15
  1.4414999463991354E+01 a      1306     0    44     1    16
  2.8351358551842583E+01 a      1307     0    44     1    17
  4.6973844220945571E+00 a      1308     0    44     1    18
 -1.5297048675056088E+01 a      1309     0    44     1    19
  5.7934709274317153E-02 a      1310     0    44     1    20
  3.1720764188244829E+01 a      1311     0    44     1    21
 -1.4446618834998462E+01 a      1312     0    44     1    22
 -2.1515734451374470E+01 a      1313     0    44     1    23
 -5.6933993018962292E+00 a      1314     0    44     1    24
 -8.6387655657624123E+00 a      1315     0    44     1    25
 -9.8140294871314158E+00 a      1316     0    44     1    26
  1.3562182462548483E+01 a      1317     0    44     1    27
 -6.5550545117873975E+00 a      1318     0    44     1    28
  5.8203272310204412E-01 a      1319     0    44     1    29
 -1.8824872701499284E+00 a      1320     0    44     1    30
 -1.4877789679857832E+01 a      1321     0    45     1     1
 -7.0749398325570168E+00 a      1322     0    45     1     2
 -1.7157377513147818E+01 a      1323     0    45     1     3
 -3.6733836293883947E+01 a      1324     0    45     1     4
 -1.0670215132050004E+01 a      1325     0    45     1     5
 -5.1709573356320115E+00 a      1326     0    45     1     6
 -1.5090850985593971E+01 a      1327     0    45     1     7
  1.9990030597762804E+01 a      1328     0    45     1     8
 -4.6831829827943672E+00 a      1329     0    45     1     9
 -1.0284497816934746E+01 a      1330     0    45     1    10
  2.6334324505323679E+00 a      1331     0    45     1    11
 -3.8823154307634771E+00 a      1332     0    45     1    12
 -1.1198417008883233E+01 a      1333     0    45     1    13
  2.9929010733137272E+01 a      1334     0    45     1    14
  4.3333261442457616E+00 a      1335     0    45     1    15
  7.0527242768734828E+00 a      1336     0    45     1    16
 -1.1442327630017878E+01 a      1337     0    45     1    17
 -7.2688803845520988E+00 a      1338     0    45     1    18
 -2.3086850094816338E+00 a      1339     0    45     1    19
 -1.4370191470021913E+01 a      1340     0    45     1    20
 -4.0360127837849156E+01 a      1341     0    45     1    21
 -2.9178347113775388E+01 a      1342     0    45     1    22
  1.6129245992599458E+01 a      1343     0    45     1    23
  9.1473243004310838E+00 a      1344     0    45     1    24
  1.5241599533802348E+00 a      1345     0    45     1    25
 -2.0227874268567525E+01 a      1346     0    45     1    26
 -3.4801606378123473E+01 a      1347     0    45     1    27
 -1.7976050976285546E+01 a      1348     0    45     1    28
  3.5448718374098098E-01 a      1349     0    45     1    29
  1.5194351672621897E-01 a      1350     0    45     1    30
 -5.2968189301506481E+00 a      1351     0    46     1     1
 -3.2937302086570519E-01 a      1352     0    46     1     2
  1.8616837451496277E+01 a      1353     0    46     1     3
 -7.3028255514502414E+00 a      1354     0    46     1     4
  3.0907495288479350E+01 a      1355     0    46     1     5
  1.8688408005174772E+01 a      1356     0    46     1     6
 -2.3626316399196824E+01 a      1357     0    46     1     7
  1.9673803677475483E+00 a      1358     0    46     1     8
 -1.0064853807172648E+01 a      1359     0    46     1     9
 -2.5815579661634057E+01 a      1360     0    46     1    10
 -1.0924218833273383E+01 a      1361     0    46     1    11
  5.4408719526930893E-01 a      1362     0    46     1    12
  1.2043570614723823E+01 a      1363     0    46     1    13
  2.2773279355909995E+01 a      1364     0    46     1    14
 -1.3610036420834037E+01 a      1365     0    46     1    15
 -1.9323998806731449E+01 a      1366     0    46     1    16
  1.8020320537554419E+01 a      1367     0    46     1    17
 -5.4552211537954829E+00 a      1368     0    46     1    18
 -2.9632832483102593E+01 a      1369     0    46     1    19
  7.4169881518450973E+00 a      1370     0    46     1    20
  2.9097352983005546E+01 a      1371     0    46     1    21
  2.3866861051475777E+01 a      1372     0    46     1    22
  5.6464948511864137E+01 a      1373     0    46     1    23
 -2.2311138730475126E+00 a      1374     0    46     1    24
 -4.4888235229131617E+01 a      1375     0    46     1    25
 -1.2264282114489159E+01 a      1376     0    46     1    26
 -5.2148912843634054E+00 a      1377     0    46     1    27
  2.1954127652771747E+00 a      1378     0    46     1    28
 -1.2783096774331435E+01 a      1379     0    46     1    29
  6.1100818387629188E+00 a      1380     0    46     1    30
  4.7843622185989663E+00 a      1381     0    47     1     1
 -5.6404376766415893E+00 a      1382     0    47     1     2
  4.0124388754581901E+01 a      1383     0    47     1     3
  1.2091607085819822E+01 a      1384     0    47     1     4
 -1.2415835696012074E+01 a      1385     0    47     1     5
  2.6271955107494893E+01 a      1386     0    47     1     6
 -4.5924279472578391E+01 a      1387     0    47     1     7
  2.1807655626162280E+01 a      1388     0    47     1     8
  1.8390114622607182E+01 a      1389     0    47     1     9
 -1.2225772994335252E+01 a      1390     0    47     1    10
 -1.5210272971597192E+01 a      1391     0    47     1    11
 -9.3836400131715472E+00 a      1392     0    47     1    12
  7.0733139906120863E+00 a      1393     0    47     1    13
 -2.9595915349744635E+00 a      1394     0    47     1    14
  1.7683011894750294E+01 a      1395     0    47     1    15
 -2.8595966296006278E+01 a      1396     0    47     1    16
  1.8288862211232338E+01 a      1397     0    47     1    17
 -1.2005015609619678E+01 a      1398     0    47     1    18
 -2.5918754253267405E+01 a      1399     0    47     1    19
  8.3603158255442445E+00 a      1400     0    47     1    20
  1.8340747931681094E+01 a      1401     0    47     1    21
 -9.9068665431776495E+00 a      1402     0    47     1    22
  2.9141998465961748E+01 a      1403     0    47     1    23
 -3.7264730816890212E+00 a      1404     0    47     1    24
  2.2322248694209062E+01 a      1405     0    47     1    25
  2.9017583059481634E+01 a      1406     0    47     1    26
 -4.5641954534187498E+01 a      1407     0    47     1    27
  4.5486832962422650E+00 a      1408     0    47     1    28
 -9.2463963720837814E+00 a      1409     0    47     1    29
 -7.8927350701694641E+00 a      1410     0    47     1    30
 -1.3257309316838352E+01 a      1411     0    48     1     1
 -2.0826934052200454E+00 a      1412     0    48     1     2
 -7.4752184734057366E+01 a      1413     0    48     1     3
  7.5390461305868683E+00 a      1414     0    48     1     4
 -2.8855686590282241E+00 a      1415     0    48     1     5
 -3.2665932244954782E+01 a      1416     0    48     1     6
  2.3958917676473835E+01 a      1417     0    48     1     7
  2.0145012658348133E+01 a      1418     0    48     1     8
  3.4491089701934470E+01 a      1419     0    48     1     9
  9.7582405231228346E+00 a      1420     0    48     1    10
  4.7036361744872700E+01 a      1421     0    48     1    11
 -3.6615519860354722E+00 a      1422     0    48     1    12
  1.6230324847204503E+01 a      1423     0    48     1    13
 -2.4336831271207885E+01 a      1424     0    48     1    14
 -5.9508437013492497E+00 a      1425     0    48     1    15
  1.6899130941914450E+01 a      1426     0    48     1    16
 -4.0552030477044703E+00 a      1427     0    48     1    17
  2.4761928293721660E+01 a      1428     0    48     1    18
  1.8134532186556459E+01 a      1429     0    48     1    19
 -2.4611335389357560E+01 a      1430     0    48     1    20
  9.1851766027400856E+00 a      1431     0    48     1    21
 -1.0205071298271026E+01 a      1432     0    48     1    22
 -2.3746881705971688E+01 a      1433     0    48     1    23
  2.5248531261740787E+01 a      1434     0    48     1    24
  4.3668490751057227E+01 a      1435     0    48     1    25
 -7.4755919350997422E+00 a      1436     0    48     1    26
 -6.4840697775016221E-01 a      1437     0    48     1    27
  2.7825137400658654E+01 a      1438     0    48     1    28
 -2.4689441821677608E+01 a      1439     0    48     1    29
  1.8637309123703847E+01 a      1440     0    48     1    30
  1.3216406153906581E+01 a      1441     0    49     1     1
  3.6287638601370067E+00 a      1442     0    49     1     2
  2.4128071079833557E+01 a      1443     0    49     1     3
  5.9144079749787728E+01 a      1444     0    49     1     4
  1.8026931403423563E+00 a      1445     0    49     1     5
 -8.4994394237185471E+00 a      1446     0    49     1     6
  7.0494260387078924E+00 a      1447     0    49     1     7
 -2.4780055415707736E+01 a      1448     0    49     1     8
  6.0342415027288583E+00 a      1449     0    49     1     9
  9.7111903170954932E+00 a      1450     0    49     1    10
 -1.8232686299002381E+00 a      1451     0    49     1    11
  1.8654028115710148E+01 a      1452     0    49     1    12
  2.6244912269493096E+01 a      1453     0    49     1    13
 -5.1069298024426118E+01 a      1454     0    49     1    14
 -6.0666796138211443E-01 a      1455     0    49     1    15
 -3.1166239853144955E+01 a      1456     0    49     1    16
  1.4582607962070302E+00 a      1457     0    49     1    17
  1.3109876217871372E+01 a      1458     0    49     1    18
  9.3702126810507771E+00 a      1459     0    49     1    19
  1.4306585737031568E+01 a      1460     0    49     1    20
  4.6659963055499283E+01 a      1461     0    49     1    21
  6.1197382969996283E+01 a      1462     0    49     1    22
 -1.3771427748085012E+01 a      1463     0    49     1    23
 -1.2802413917802530E+01 a      1464     0    49     1    24
 -3.5250122885178570E+00 a      1465     0    49     1    25
  3.1911223118387877E+01 a      1466     0    49     1    26
  4.7313438405768693E+01 a      1467     0    49     1    27
  3.1736415801835445E+01 a      1468     0    49     1    28
  1.5166955956651829E-01 a      1469     0    49     1    29
 -1.7007067578399667E+01 a      1470     0    49     1    30
  9.8296197000966590E+00 a      1471     0    50     1     1
  5.4866698130084286E+00 a      1472     0    50     1     2
 -6.4736519433397488E+00 a      1473     0    50     1     3
  6.7214731616331491E+00 a      1474     0    50     1     4
 -4.6447402578891435E+01 a      1475     0    50     1     5
 -5.4864976637366114E-01 a      1476     0    50     1     6
  2.7072028102965849E+01 a      1477     0    50     1     7
 -6.7444665408978981E+00 a      1478     0    50     1     8
  6.7561138771141191E+00 a      1479     0    50     1     9
  2.8837089350155818E+01 a      1480     0    50     1    10
 -1.8503467939760899E+01 a      1481     0    50     1    11
 -6.1184740893557326E+00 a      1482     0    50     1    12
 -3.0511733114891815E+00 a      1483     0    50     1    13
 -1.5135084271057055E+01 a      1484     0    50     1    14
  3.1013041770917152E+01 a      1485     0    50     1    15
  3.1736949501230388E+01 a      1486     0    50     1    16
 -5.8210897605912688E+00 a      1487     0    50     1    17
 -7.2305090306983164E+00 a      1488     0    50     1    18
  3.5998586272592775E+01 a      1489     0    50     1    19
  1.8964250195109509E+00 a      1490     0    50     1    20
 -3.7490713042652864E+01 a      1491     0    50     1    21
 -2.3486437348853705E+01 a      1492     0    50     1    22
 -6.0524995158808622E+01 a      1493     0    50     1    23
  3.5332575851617452E+00 a      1494     0    50     1    24
  5.1360123371704312E+01 a      1495     0    50     1    25
  1.8067891371794708E+01 a      1496     0    50     1    26
  1.5102623106220452E+01 a      1497     0    50     1    27
 -3.7356892066328257E+01 a      1498     0    50     1    28
  5.0186111267188892E+01 a      1499     0    50     1    29
 -8.8289754843295487E+00 a      1500     0    50     1    30
  1.6731685570946652E+01 a      1501     0    51     1     1
  2.5048696429473982E+00 a      1502     0    51     1     2
  2.7666381035054677E+01 a      1503     0    51     1     3
 -4.0617290959153332E+00 a      1504     0    51     1     4
  2.5499620731593200E+01 a      1505     0    51     1     5
 -3.5833337385146020E+00 a      1506     0    51     1     6
  4.1071827806120389E+00 a      1507     0    51     1     7
  5.8638740462288581E+00 a      1508     0    51     1     8
 -3.5413825237001497E+01 a      1509     0    51     1     9
 -6.3241951049235734E+00 a      1510     0    51     1    10
 -2.3957180798054796E+00 a      1511     0    51     1    11
  1.5627784972293423E+01 a      1512     0    51     1    12
 -1.0195975503968164E+01 a      1513     0    51     1    13
 -9.6031799279226977E+00 a      1514     0    51     1    14
 -3.1060164481057711E+01 a      1515     0    51     1    15
  1.4752480437590627E+01 a      1516     0    51     1    16
 -2.8822550011508799E+01 a      1517     0    51     1    17
 -2.3518103822153456E+01 a      1518     0    51     1    18
 -3.9568652380187672E+01 a      1519     0    51     1    19
  3.3976914381360423E+01 a      1520     0    51     1    20
 -3.4087264267775361E+00 a      1521     0    51     1    21
  3.8970827220325810E+00 a      1522     0    51     1    22
  5.1352612046088396E+01 a      1523     0    51     1    23
  5.2990643879446493E+00 a      1524     0    51     1    24
 -6.0571048775302437E+01 a      1525     0    51     1    25
  1.2643037651556369E+01 a      1526     0    51     1    26
  1.3241224212183106E-01 a      1527     0    51     1    27
 -1.9290560286973442E+01 a      1528     0    51     1    28
  1.2088540897769654E+01 a      1529     0    51     1    29
 -3.7053695160636508E+01 a      1530     0    51     1    30
  1.8328720484231282E+00 a      1531     0    52     1     1
  6.6097624224072238E+00 a      1532     0    52     1     2
 -2.9336894791251771E+00 a      1533     0    52     1     3
 -8.4394001762527253E+00 a      1534     0    52     1     4
 -1.1303151918025657E+01 a      1535     0    52     1     5
 -1.8874997032122973E+01 a      1536     0    52     1     6
  6.1796421186858828E+00 a      1537     0    52     1     7
  2.2934162131708472E+01 a      1538     0    52     1     8
  1.1846496255596988E+00 a      1539     0    52     1     9
  3.4105341886556211E+01 a      1540     0    52     1    10
  1.8051180986268054E+01 a      1541     0    52     1    11
  1.4975835420349648E+01 a      1542     0    52     1    12
 -1.6164350812314296E+01 a      1543     0    52     1    13
  2.6693277911484806E+01 a      1544     0    52     1    14
  1.8943272956177580E+01 a      1545     0    52     1    15
 -3.7354143528027572E+00 a      1546     0    52     1    16
 -2.8770955465601027E+00 a      1547     0    52     1    17
 -1.9425256119732268E+01 a      1548     0    52     1    18
  5.6366389173359437E+00 a      1549     0    52     1    19
 -2.5597110546776225E+00 a      1550     0    52     1    20
 -3.7697283176855639E-01 a      1551     0    52     1    21
  1.0950324134877388E+01 a      1552     0    52     1    22
  2.4337733917523547E+01 a      1553     0    52     1    23
  2.5019758573170193E+01 a      1554     0    52     1    24
  2.0400600958235898E+01 a      1555     0    52     1    25
 -1.2170978676902614E+01 a      1556     0    52     1    26
 -2.5049306398852707E+01 a      1557     0    52     1    27
  5.6698951462372564E+00 a      1558     0    52     1    28
  1.0013609657536330E+01 a      1559     0    52     1    29
 -5.1727320224650857E+00 a      1560     0    52     1    30
  2.4145164138132609E+00 a      1561     0    53     1     1
 -3.2390542522560586E+00 a      1562     0    53     1     2
 -8.9080188364675887E+00 a      1563     0    53     1     3
 -2.6552048647389256E+01 a      1564     0    53     1     4
  1.3799440432608224E+01 a      1565     0    53     1     5
  1.8507297327603471E+01 a      1566     0    53     1     6
 -1.8466202722944085E+00 a      1567     0    53     1     7
  1.0941891520733144E+01 a      1568     0    53     1     8
 -5.8109116827865410E+00 a      1569     0    53     1     9
 -2.0891825190504861E+01 a      1570     0    53     1    10
 -4.8709548392964246E+00 a      1571     0    53     1    11
 -2.5895116107211930E+01 a      1572     0    53     1    12
 -1.7843828491026382E+01 a      1573     0    53     1    13
  2.4199667093880734E+01 a      1574     0    53     1    14
 -9.3031081108788598E+00 a      1575     0    53     1    15
  3.0901837125826844E+01 a      1576     0    53     1    16
  1.0647088709417876E+00 a      1577     0    53     1    17
 -1.0240059682890472E+01 a      1578     0    53     1    18
 -7.2302616538312332E+00 a      1579     0    53     1    19
 -3.9454998437723937E-01 a      1580     0    53     1    20
 -2.6231341227958794E+01 a      1581     0    53     1    21
 -3.6392263414070712E+01 a      1582     0    53     1    22
 -3.1515246855043824E+00 a      1583     0    53     1    23
 -5.7543251698426285E+00 a      1584     0    53     1    24
 -1.2280382004328692E+00 a      1585     0    53     1    25
 -2.6198204755312653E+00 a      1586     0    53     1    26
 -1.9160413467341296E+01 a      1587     0    53     1    27
 -1.6560968804596833E+01 a      1588     0    53     1    28
 -6.9267406690410924E+00 a      1589     0    53     1    29
  2.8506944997065190E+01 a      1590     0    53     1    30
 -6.1828762829976611E+00 a      1591     0    54     1     1
 -5.1360938729405632E+00 a      1592     0    54     1     2
  2.5500416193764021E+01 a      1593     0    54     1     3
 -5.8574356282340634E-01 a      1594     0    54     1     4
  2.1185593047601166E+01 a      1595     0    54     1     5
 -5.5884861211299048E+00 a      1596     0    54     1     6
 -1.1436277863318617E+01 a      1597     0    54     1     7
 -8.8665149414667095E+00 a      1598     0    54     1     8
 -5.1078007915163850E+00 a      1599     0    54     1     9
 -9.9627189899609530E+00 a      1600     0    54     1    10
  7.3835287306002044E+00 a      1601     0    54     1    11
  6.3175812937031433E+00 a      1602     0    54     1    12
 -2.6696320710638449E+01 a      1603     0    54     1    13
  8.5375467331812125E+00 a      1604     0    54     1    14
 -9.6117569927932056E+00 a      1605     0    54     1    15
 -3.5942077139854419E+01 a      1606     0    54     1    16
 -5.6501181384978256E+00 a      1607     0    54     1    17
  2.7550429117393849E+00 a      1608     0    54     1    18
 -1.1250376623311102E+01 a      1609     0    54     1    19
 -1.2964516249389111E+00 a      1610     0    54     1    20
  1.9890048571780031E+01 a      1611     0    54     1    21
  1.4175642645804437E+01 a      1612     0    54     1    22
  1.8370682403983732E+01 a      1613     0    54     1    23
 -3.9509757021141252E+00 a      1614     0    54     1    24
 -1.7217151900998676E+01 a      1615     0    54     1    25
 -1.0271965377011783E+01 a      1616     0    54     1    26
 -4.6286442862666712E+00 a      1617     0    54     1    27
  2.8432775574902191E+01 a      1618     0    54     1    28
 -4.1008565221414564E+01 a      1619     0    54     1    29
  7.5056390299353231E+00 a      1620     0    54     1    30
 -2.4015133817835210E+01 a      1621     0    55     1     1
  1.2348590986414305E+01 a      1622     0    55     1     2
  5.4203648157979742E+00 a      1623     0    55     1     3
  1.3414313853658850E+01 a      1624     0    55     1     4
 -2.5878227527906947E+00 a      1625     0    55     1     5
 -1.0743876250761007E+01 a      1626     0    55     1     6
  3.4128435145190728E+01 a      1627     0    55     1     7
 -1.0536400212568919E+01 a      1628     0    55     1     8
  4.8768405037743392E+00 a      1629     0    55     1     9
  1.1922940712808389E+01 a      1630     0    55     1    10
  8.7808073652333611E+00 a      1631     0    55     1    11
 -1.5515954233290673E+01 a      1632     0    55     1    12
 -1.3460918430172629E+01 a      1633     0    55     1    13
  6.7869769261183750E+00 a      1634     0    55     1    14
 -4.3486977581310819E+00 a      1635     0    55     1    15
  1.9699665964858280E+01 a      1636     0    55     1    16
 -6.0000323307071852E+00 a      1637     0    55     1    17
  5.7121874133832229E+00 a      1638     0    55     1    18
  5.1622420309738182E+01 a      1639     0    55     1    19
 -4.6377829794535348E+00 a      1640     0    55     1    20
 -2.4636153680641822E+01 a      1641     0    55     1    21
  2.4610419125626809E+01 a      1642     0    55     1    22
 -2.8948269649706997E+01 a      1643     0    55     1    23
  4.5375076838491948E+00 a      1644     0    55     1    24
  3.3219930195893532E+01 a      1645     0    55     1    25
 -2.0647545285745405E+01 a      1646     0    55     1    26
  2.5900483346181854E+01 a      1647     0    55     1    27
  1.1146164240278155E+01 a      1648     0    55     1    28
 -2.2533134218886236E+01 a      1649     0    55     1    29
  5.0613960533606907E+01 a      1650     0    55     1    30
  3.5911241854006706E+00 a      1651     0    56     1     1
 -7.4572308555842959E+00 a      1652     0    56     1     2
 -2.0844080853986252E+01 a      1653     0    56     1     3
  6.8514663853347839E+00 a      1654     0    56     1     4
  2.1841022879596490E+01 a      1655     0    56     1     5
 -1.9384154811435710E+01 a      1656     0    56     1     6
 -8.4843534187796372E+00 a      1657     0    56     1     7
 -1.7900482603632732E+01 a      1658     0    56     1     8
 -3.5834164773729626E+01 a      1659     0    56     1     9
  2.8406995401452568E+00 a      1660     0    56     1    10
 -3.3583379879828875E+01 a      1661     0    56     1    11
  1.6532113317606026E+01 a      1662     0    56     1    12
 -3.5107000151144909E+00 a      1663     0    56     1    13
 -1.3015067912572301E+01 a      1664     0    56     1    14
 -2.0591031597856610E+01 a      1665     0    56     1    15
  2.3958807977037544E+01 a      1666     0    56     1    16
  4.3573151421678054E+00 a      1667     0    56     1    17
  4.8682029103487203E+01 a      1668     0    56     1    18
 -1.8767513606181705E+01 a      1669     0    56     1    19
  5.1930700631203033E+00 a      1670     0    56     1    20
 -2.1958950025929127E+01 a      1671     0    56     1    21
  8.9586755763609833E+00 a      1672     0    56     1    22
 -2.1696213067283971E+01 a      1673     0    56     1    23
 -5.2849949635447322E+00 a      1674     0    56     1    24
 -6.5869783004445575E+00 a      1675     0    56     1    25
 -2.9417132729701983E+01 a      1676     0    56     1    26
  3.7952201350858353E+01 a      1677     0    56     1    27
 -4.8565500003363526E+00 a      1678     0    56     1    28
 -1.2182229587621349E+00 a      1679     0    56     1    29
 -1.7439701262759524E+01 a      1680     0    56     1    30
  2.2809678532822577E+01 a      1681     0    57     1     1
 -1.2871614735533335E+01 a      1682     0    57     1     2
  3.0946943227070118E+00 a      1683     0    57     1     3
 -2.7865464647023469E+01 a      1684     0    57     1     4
 -3.4789207666108560E+01 a      1685     0    57     1     5
  3.1461413975976757E+01 a      1686     0    57     1     6
 -4.0030185888358261E+01 a      1687     0    57     1     7
  6.4675664705202429E+00 a      1688     0    57     1     8
  1.0150769660615232E+01 a      1689     0    57     1     9
 -2.3013246216041047E+01 a      1690     0    57     1    10
 -3.1146655712831393E+01 a      1691     0    57     1    11
 -5.9247474605979833E-01 a      1692     0    57     1    12
  9.5501416869209788E+00 a      1693     0    57     1    13
  2.0833743230524473E+01 a      1694     0    57     1    14
  2.0626677549301327E+01 a      1695     0    57     1    15
 -1.4212691013351392E+01 a      1696     0    57     1    16
  4.3217818521976149E+01 a      1697     0    57     1    17
 -2.0981803224760370E+01 a      1698     0    57     1    18
 -8.6505559650378032E+00 a      1699     0    57     1    19
 -5.6457363012059876E+00 a      1700     0    57     1    20
  1.2610812259682428E+01 a      1701     0    57     1    21
 -2.3294323453933856E+01 a      1702     0    57     1    22
 -4.3129876784152303E+00 a      1703     0    57     1    23
 -1.7527559132763091E+01 a      1704     0    57     1    24
  3.6650046535278418E+00 a      1705     0    57     1    25
 -4.3301548240890462E+00 a      1706     0    57     1    26
 -3.5658158961851399E+01 a      1707     0    57     1    27
 -1.0216946846520399E+01 a      1708     0    57     1    28
  2.9783536562391475E+01 a      1709     0    57     1    29
 -1.1121616176315310E+01 a      1710     0    57     1    30
 -1.2155672999574755E+01 a      1711     0    58     1     1
 -1.8559528208347992E+01 a      1712     0    58     1     2
  6.8520705661792149E+00 a      1713     0    58     1     3
 -6.8067848488314233E+00 a      1714     0    58     1     4
 -2.4904612008106135E+01 a      1715     0    58     1     5
  1.2279188480790035E+01 a      1716     0    58     1     6
  7.0323313881771981E+00 a      1717     0    58     1     7
 -1.5899923183435583E+01 a      1718     0    58     1     8
  2.7961849304715184E+01 a      1719     0    58     1     9
 -1.9414714681445997E+01 a      1720     0    58     1    10
  1.8477348110945366E+00 a      1721     0    58     1    11
 -3.3848312509277569E+01 a      1722     0    58     1    12
  1.4892402604794050E+01 a      1723     0    58     1    13
 -2.1257266349238861E+01 a      1724     0    58     1    14
 -1.2119608083078594E+01 a      1725     0    58     1    15
 -1.0083990222510943E+01 a      1726     0    58     1    16
 -2.2332586449726865E+01 a      1727     0    58     1    17
 -1.5228113225761325E+01 a      1728     0    58     1    18
  2.3112668713779421E+01 a      1729     0    58     1    19
 -9.4199380891856865E+00 a      1730     0    58     1    20
 -1.4642000430503552E+00 a      1731     0    58     1    21
  8.7071340248673206E+00 a      1732     0    58     1    22
  2.5968582954396869E+01 a      1733     0    58     1    23
 -2.7932502941897873E+01 a      1734     0    58     1    24
 -5.3633128536410775E+00 a      1735     0    58     1    25
  2.9125568948819783E+01 a      1736     0    58     1    26
  2.1451548170938409E-01 a      1737     0    58     1    27
  1.7086479080834618E+00 a      1738     0    58     1    28
 -2.3402393647717034E+01 a      1739     0    58     1    29
  1.9775223762526586E+01 a      1740     0    58     1    30
 -3.6162461759386706E+00 a      1741     0    59     1     1
  1.3793181959270942E+01 a      1742     0    59     1     2
  9.9011003235656980E-01 a      1743     0    59     1     3
  1.7734310407838688E+01 a      1744     0    59     1     4
 -1.6555718924017908E+00 a      1745     0    59     1     5
 -5.0470024859179619E+00 a      1746     0    59     1     6
  6.6504894474299070E-01 a      1747     0    59     1     7
 -6.2436333976962146E+00 a      1748     0    59     1     8
 -2.1154291521982027E+00 a      1749     0    59     1     9
  7.5912114181962895E+00 a      1750     0    59     1    10
  1.3169678269880136E+00 a      1751     0    59     1    11
  2.0303273941624514E+01 a      1752     0    59     1    12
  1.2313790791339156E+00 a      1753     0    59     1    13
 -6.6586430632621649E+00 a      1754     0    59     1    14
  1.0797493149924067E+01 a      1755     0    59     1    15
 -1.4629107002662485E+01 a      1756     0    59     1    16
  6.2274662199446205E+00 a      1757     0    59     1    17
  1.1458036873824661E+01 a      1758     0    59     1    18
 -4.0469524029908527E-02 a      1759     0    59     1    19
  5.1435687181013163E+00 a      1760     0    59     1    20
  1.2445635347095910E+01 a      1761     0    59     1    21
  6.1682737640122749E+00 a      1762     0    59     1    22
 -1.2767927265961919E+01 a      1763     0    59     1    23
  1.1367398482931756E+01 a      1764     0    59     1    24
 -5.1050582128964299E+00 a      1765     0    59     1    25
 -1.0812378915773195E+01 a      1766     0    59     1    26
  1.3968643743212388E+01 a      1767     0    59     1    27
 -1.6014945255013543E-01 a      1768     0    59     1    28
  1.1971491459869466E+01 a      1769     0    59     1    29
 -2.6396911400124029E+01 a      1770     0    59     1    30
 -7.8504510192265151E+00 a      1771     0    60     1     1
  1.4409813128903147E+01 a      1772     0    60     1     2
 -2.5191189551162939E+01 a      1773     0    60     1     3
  1.9835091900045825E+01 a      1774     0    60     1     4
  9.3111281084560797E+00 a      1775     0    60     1     5
 -1.8203860698465249E+01 a      1776     0    60     1     6
  2.3353252603481405E+01 a      1777     0    60     1     7
  1.8410752397432546E+01 a      1778     0    60     1     8
  2.3388431216698509E+00 a      1779     0    60     1     9
  3.4120177607778466E+01 a      1780     0    60     1    10
  1.2972396514160822E+01 a      1781     0    60     1    11
  5.9148184713415279E+00 a      1782     0    60     1    12
  3.2937606646959587E+01 a      1783     0    60     1    13
 -1.6307541454743095E+01 a      1784     0    60     1    14
 -1.6229396436241998E+01 a      1785     0    60     1    15
  3.6141572065578664E+01 a      1786     0    60     1    16
 -3.3343113998667903E+01 a      1787     0    60     1    17
  7.9304903573975833E+00 a      1788     0    60     1    18
  2.1678700727998854E+00 a      1789     0    60     1    19
 -7.6158356929938851E+00 a      1790     0    60     1    20
 -2.4829172335802074E+01 a      1791     0    60     1    21
  1.2559622448672487E+01 a      1792     0    60     1    22
 -2.3092885874543518E+00 a      1793     0    60     1    23
 -6.7915283325947771E+00 a      1794     0    60     1    24
  8.8851384349371507E+00 a      1795     0    60     1    25
  1.7737104107132442E+01 a      1796     0    60     1    26
  2.1079408554308529E+01 a      1797     0    60     1    27
 -1.0103551436302146E+01 a      1798     0    60     1    28
  2.6052020128055940E+01 a      1799     0    60     1    29
  1.0950573178920433E+01 a      1800     0    60     1    30
  7.0409767209419085E+00 a      1801     0    61     1     1
 -4.5152475601241082E-01 a      1802     0    61     1     2
  1.2803871382096187E+01 a      1803     0    61     1     3
  2.0581244585517894E+01 a      1804     0    61     1     4
  2.0413237511452817E+01 a      1805     0    61     1     5
  4.8711748838566621E+01 a      1806     0    61     1     6
  8.0305576743237896E+00 a      1807     0    61     1     7
 -2.1828794808881348E+01 a      1808     0    61     1     8
 -2.0118125214736772E+01 a      1809     0    61     1     9
 -1.2369270088426125E+01 a      1810     0    61     1    10
 -2.6301827136013717E+01 a      1811     0    61     1    11
 -3.9849160107735981E+00 a      1812     0    61     1    12
 -3.9056572942540527E+01 a      1813     0    61     1    13
 -2.4879692315218009E+01 a      1814     0    61     1    14
  2.8061930686539387E+01 a      1815     0    61     1    15
 -3.6019876180635131E+00 a      1816     0    61     1    16
  6.0393838875182428E+00 a      1817     0    61     1    17
  1.9653699719265830E+01 a      1818     0    61     1    18
  6.3826072719388982E+00 a      1819     0    61     1    19
  4.0034322977162660E+01 a      1820     0    61     1    20
 -2.4310644708996147E+01 a      1821     0    61     1    21
 -2.9683157359889364E+01 a      1822     0    61     1    22
 -1.6175912791005413E+01 a      1823     0    61     1    23
  2.0766989402765564E+01 a      1824     0    61     1    24
  1.0600860477864689E+01 a      1825     0    61     1    25
 -2.8551968004248391E+01 a      1826     0    61     1    26
  3.3025721327126902E+01 a      1827     0    61     1    27
 -2.7862268504590229E+00 a      1828     0    61     1    28
 -3.0640741092089595E+01 a      1829     0    61     1    29
 -3.1417265353908590E+01 a      1830     0    61     1    30
  1.9170604130688556E+01 a      1831     0    62     1     1
  1.3813803215756773E+01 a      1832     0    62     1     2
 -5.3661624726986554E+00 a      1833     0    62     1     3
 -4.0087396860716238E+00 a      1834     0    62     1     4
  2.1036638762377365E+01 a      1835     0    62     1     5
 -1.6651600696589066E+00 a      1836     0    62     1     6
 -1.9385263111370769E+01 a      1837     0    62     1     7
  8.1209275334870323E+00 a      1838     0    62     1     8
  1.5297221800299351E+01 a      1839     0    62     1     9
  5.2871816422549669E+00 a      1840     0    62     1    10
  1.6237250418312030E+01 a      1841     0    62     1    11
  9.2653231318284615E+00 a      1842     0    62     1    12
  1.4123289851513908E+01 a      1843     0    62     1    13
 -7.0091656547093129E+00 a      1844     0    62     1    14
  2.3546480193315482E+01 a      1845     0    62     1    15
 -1.9160027364873702E+01 a      1846     0    62     1    16
  1.5809780097648668E+01 a      1847     0    62     1    17
  2.4203300789841795E+00 a      1848     0    62     1    18
 -3.2560515064742788E+00 a      1849     0    62     1    19
  9.5313849662993722E+00 a      1850     0    62     1    20
  4.6492868230144309E+00 a      1851     0    62     1    21
 -8.7015973847538621E+00 a      1852     0    62     1    22
  4.1666150408392904E+00 a      1853     0    62     1    23
  6.3327091731298317E+00 a      1854     0    62     1    24
  4.0321282456041940E+00 a      1855     0    62     1    25
 -1.8765426755156142E+01 a      1856     0    62     1    26
 -1.4441692952802716E+01 a      1857     0    62     1    27
  5.0449037196245934E+00 a      1858     0    62     1    28
 -1.6085926256244466E+01 a      1859     0    62     1    29
 -1.0002531486553444E+01 a      1860     0    62     1    30
  3.0531169581848290E+00 a      1861     0    63     1     1
 -1.7460281883702287E+01 a      1862     0    63     1     2
 -2.4407211082074710E+01 a      1863     0    63     1     3
 -8.5962216451380016E+00 a      1864     0    63     1     4
  4.4535138978827753E+00 a      1865     0    63     1     5
  1.9579322835321644E-01 a      1866     0    63     1     6
 -4.4180921077347115E+00 a      1867     0    63     1     7
 -3.8991128559817653E+01 a      1868     0    63     1     8
  1.8000405840798752E+01 a      1869     0    63     1     9
 -1.2158745387039360E-01 a      1870     0    63     1    10
 -1.4029822338020336E+01 a      1871     0    63     1    11
  3.1520017916115934E+00 a      1872     0    63     1    12
 -2.2065046415778959E+01 a      1873     0    63     1    13
 -7.5914660771229840E+00 a      1874     0    63     1    14
  1.4977324755310059E+01 a      1875     0    63     1    15
  4.2958867496846134E+00 a      1876     0    63     1    16
 -3.4852888777858331E+00 a      1877     0    63     1    17
  4.7091478854106130E+00 a      1878     0    63     1    18
  1.6875711537847724E+01 a      1879     0    63     1    19
  2.2045856241009972E+01 a      1880     0    63     1    20
  2.7633553340732902E+01 a      1881     0    63     1    21
  1.3164564984434639E+01 a      1882     0    63     1    22
  5.1300667560349673E+00 a      1883     0    63     1    23
  4.0536466912730518E+00 a      1884     0    63     1    24
 -1.5807710987004844E+00 a      1885     0    63     1    25
 -8.6473998300518620E+00 a      1886     0    63     1    26
  2.2308251797707889E+01 a      1887     0    63     1    27
 -2.3151132244358159E+01 a      1888     0    63     1    28
  9.7198783120136500E-01 a      1889     0    63     1    29
  1.9808963215188999E+01 a      1890     0    63     1    30
  1.1964567696804522E+01 a      1891     0    64     1     1
 -1.4898009909603834E+01 a      1892     0    64     1     2
 -5.6095505963636993E-01 a      1893     0    64     1     3
  4.7619789563049348E+00 a      1894     0    64     1     4
  1.2541006606754230E+01 a      1895     0    64     1     5
 -2.1982604003906845E+00 a      1896     0    64     1     6
  2.0977806922375057E+00 a      1897     0    64     1     7
 -1.9605382223563449E+01 a      1898     0    64     1     8
 -3.7893131717948485E+00 a      1899     0    64     1     9
  8.8718718988411762E+00 a      1900     0    64     1    10
 -9.0236093077688011E+00 a      1901     0    64     1    11
 -4.4202421636537386E+00 a      1902     0    64     1    12
 -3.1957859544533502E+01 a      1903     0    64     1    13
 -2.6368982842625833E+01 a      1904     0    64     1    14
 -1.9714624574038549E+01 a      1905     0    64     1    15
 -3.4067357944623047E+00 a      1906     0    64     1    16
 -2.7734414539673978E+01 a      1907     0    64     1    17
  3.0958982434094558E+01 a      1908     0    64     1    18
  1.3882173152076343E+01 a      1909     0    64     1    19
  9.6821894392647909E+00 a      1910     0    64     1    20
  8.2530533710549765E+00 a      1911     0    64     1    21
  3.4419263298433616E+00 a      1912     0    64     1    22
 -2.4248659484054421E+01 a      1913     0    64     1    23
 -4.4614675700155866E+00 a      1914     0    64     1    24
  8.8501689315152809E-01 a      1915     0    64     1    25
 -5.1338676640192524E+00 a      1916     0    64     1    26
  1.6044219866594453E+01 a      1917     0    64     1    27
 -9.9366564477135935E+00 a      1918     0    64     1    28
 -1.8011121117937052E+00 a      1919     0    64     1    29
  3.1589322066973811E+01 a      1920     0    64     1    30
 -3.0281347917744199E+00 b      1921     1     1
 -5.8075210911287456E-01 b      1922     1     2
 -1.3096280067068409E+00 b      1923     1     3
  7.5794676100539748E-01 b      1924     1     4
  1.6189410660611363E+00 b      1925     1     5
  1.7671553936310891E-01 b      1926     1     6
 -1.6181748312958186E-01 b      1927     1     7
 -2.7885717548767803E+00 b      1928     1     8
 -1.4556105032552153E+00 b      1929     1     9
  1.6950806614414365E-01 b      1930     1    10
 -2.0825921091052169E-01 b      1931     1    11
 -9.7349123687459405E-01 b      1932     1    12
 -4.7786376302368250E-01 b      1933     1    13
 -1.3976193171175944E-01 b      1934     1    14
 -1.5774536380310691E+00 b      1935     1    15
  2.7569027809546185E+00 b      1936     1    16
 -2.4659654656924861E+00 b      1937     1    17
  1.1022389489367916E+00 b      1938     1    18
 -4.6808780463965954E-01 b      1939     1    19
 -9.0501005235594428E-02 b      1940     1    20
  8.7563868092458830E-01 b      1941     1    21
 -4.6063641894903888E+00 b      1942     1    22
 -1.1005978747101002E+00 b      1943     1    23
 -3.9110924083398588E+00 b      1944     1    24
 -1.8710201330709666E+00 b      1945     1    25
  1.7723890040152770E+00 b      1946     1    26
 -4.8572750962078171E-01 b      1947     1    27
  1.4646140575543811E+00 b      1948     1    28
 -5.3840891015975423E-01 b      1949     1    29
  3.4503581586881982E-01 b      1950     1    30
  1.3307788814627677E+00 a      1951     1     1     2     1
 -2.7768058207177351E+00 a      1952     1     1     2     2
 -2.5209327390514813E-01 a      1953     1     1     2     3
  1.1295082156930776E+00 a      1954     1     1     2     4
 -1.0540947213383018E+00 a      1955     1     1     2     5
 -5.7699582720906795E-01 a      1956     1     1     2     6
 -1.4418705997553323E+00 a      1957     1     1     2     7
  2.4347737706571393E+00 a      1958     1     1     2     8
 -4.8597466723649618E-01 a      1959     1     1     2     9
 -1.0095377172691298E+00 a      1960     1     1     2    10
 -4.8462289789189894E-01 a      1961     1     1     2    11
 -2.4452840371652496E+00 a      1962     1     1     2    12
 -1.5190108972211387E+00 a      1963     1     1     2    13
 -1.0190814085261231E-01 a      1964     1     1     2    14
  1.5306702151590659E+00 a      1965     1     1     2    15
  3.3632175366260229E+00 a      1966     1     1     2    16
  1.7976062321233865E+00 a      1967     1     1     2    17
  1.4585980723425538E+00 a      1968     1     1     2    18
 -3.6445473725786637E+00 a      1969     1     1     2    19
  8.2923995869699374E-01 a      1970     1     1     2    20
 -5.2850398520075281E-01 a      1971     1     1     2    21
 -4.3236397359913177E+00 a      1972     1     1     2    22
  3.4627273247103800E+00 a      1973     1     1     2    23
  1.6787479190486883E+00 a      1974     1     1     2    24
  4.1614492875169951E-01 a      1975     1     1     2    25
 -8.2593206098127130E-03 a      1976     1     1     2    26
 -1.2541110046183941E+00 a      1977     1     1     2    27
  1.8928276260465837E+00 a      1978     1     1     2    28
 -1.3024439822102727E+00 a      1979     1     1     2    29
 -5.4855091099139497E-01 a      1980     1     1     2    30
  7.2579747618157275E-01 a      1981     1     2     2     1
 -2.3879116647643390E+00 a      1982     1     2     2     2
  2.9583658596887310E+00 a      1983     1     2     2     3
  5.6548728829712036E-01 a      1984     1     2     2     4
 -4.0901733444416601E+00 a      1985     1     2     2     5
 -1.2008544830707935E+00 a      1986     1     2     2     6
 -1.8885684528795829E-01 a      1987     1     2     2     7
  1.9556756834882891E-01 a      1988     1     2     2     8
  9.7184981389366620E-01 a      1989     1     2     2     9
  1.0678799735880433E+00 a      1990     1     2     2    10
 -2.1151810496868704E+00 a      1991     1     2     2    11
 -1.4287277102741955E+00 a      1992     1     2     2    12
 -2.0368992126401850E+00 a      1993     1     2     2    13
 -3.1854275965380147E-01 a      1994     1     2     2    14
 -2.5384201197130820E+00 a      1995     1     2     2    15
 -3.8535767974615758E+00 a      1996     1     2     2    16
 -3.1499087294630059E+00 a      1997     1     2     2    17
 -1.4457318738402924E-02 a      1998     1     2     2    18
 -1.5761208789803942E+00 a      1999     1     2     2    19
  9.9402699116203463E-01 a      2000     1     2     2    20
 -1.7706344010483945E+00 a      2001     1     2     2    21
  1.7295388586871782E-01 a      2002     1     2     2    22
 -1.7262035425664588E+00 a      2003     1     2     2    23
 -3.8250867019902386E+00 a      2004     1     2     2    24
  1.0512240267995363E+00 a      2005     1     2     2    25
 -2.1827077962105159E+00 a      2006     1     2     2    26
  1.1708385164846313E+00 a      2007     1     2     2    27
 -2.0134550637951669E+00 a      2008     1     2     2    28
 -2.2694613901040095E-01 a      2009     1     2     2    29
 -4.6573922947550424E+00 a      2010     1     2     2    30
 -4.8811688191761959E+00 a      2011     1     3     2     1
  1.4562954562630683E+00 a      2012     1     3     2     2
 -1.1010842025665796E-01 a      2013     1     3     2     3
 -4.0399675143058161E-01 a      2014     1     3     2     4
  8.7393932067116642E-01 a      2015     1     3     2     5
 -6.4993629127273567E-01 a      2016     1     3     2     6
 -1.6120877644722453E-01 a      2017     1     3     2     7
  1.9392030374337496E-01 a      2018     1     3     2     8
 -1.2569242039630402E+00 a      2019     1     3     2     9
  1.8742175478958537E-01 a      2020     1     3     2    10
  1.8306511980155404E+00 a      2021     1     3     2    11
  1.2784552210488287E+00 a      2022     1     3     2    12
 -8.4076596005527127E-01 a      2023     1     3     2    13
  8.4272085520261797E-01 a      2024     1     3     2    14
 -1.1421482629058585E-01 a      2025     1     3     2    15
 -5.2664663744718843E-02 a      2026     1     3     2    16
  7.6737123928462261E-03 a      2027     1     3     2    17
 -1.6355243983896242E+00 a      2028     1     3     2    18
 -8.9536020741106881E-01 a      2029     1     3     2    19
  2.9320158118093115E-01 a      2030     1     3     2    20
  1.7177537036155224E+00 a      2031     1     3     2    21
 -3.8823408337390966E+00 a      2032     1     3     2    22
 -2.1038424336665043E+00 a      2033     1     3     2    23
  7.5620814077008913E-01 a      2034     1     3     2    24
 -2.7844101241385760E-01 a      2035     1     3     2    25
 -1.1423198891713457E+00 a      2036     1     3     2    26
 -9.7736186690891691E-01 a      2037     1     3     2    27
 -2.0426361017990313E+00 a      2038     1     3     2    28
  4.2959228775611963E-01 a      2039     1     3     2    29
  2.9439940942442788E-01 a      2040     1     3     2    30
 -7.4228477131660719E-01 a      2041     1     4     2     1
  1.0761513985710054E+00 a      2042     1     4     2     2
 -3.7690734827252363E+00 a      2043     1     4     2     3
 -7.8134966412860496E-01 a      2044     1     4     2     4
 -1.1069539753425219E+00 a      2045     1     4     2     5
  3.5842151571831471E-01 a      2046     1     4     2     6
 -1.4674864041878795E+00 a      2047     1     4     2     7
 -3.3787011506373144E-01 a      2048     1     4     2     8
 -1.5997536620306399E-01 a      2049     1     4     2     9
  8.2429515255725694E-01 a      2050     1     4     2    10
 -1.2787752541094994E+00 a      2051     1     4     2    11
 -2.1511878476693180E+00 a      2052     1     4     2    12
 -2.5674276223983670E+00 a      2053     1     4     2    13
  1.8272054341845304E-01 a      2054     1     4     2    14
  8.1876485356146134E-01 a      2055     1     4     2    15
  7.9604270283626810E-01 a      2056     1     4     2    16
  3.1598202865323279E+00 a      2057     1     4     2    17
  9.3906359919507354E-01 a      2058     1     4     2    18
  1.0153117197804222E+00 a      2059     1     4     2    19
  2.6781818797429097E-01 a      2060     1     4     2    20
  1.7077226411676174E+00 a      2061     1     4     2    21
 -5.4644105172110158E-01 a      2062     1     4     2    22
  2.4012221486061982E+00 a      2063     1     4     2    23
  1.8307852423592191E-01 a      2064     1     4     2    24
  7.9528900030382121E-01 a      2065     1     4     2    25
 -5.6045085544386630E-01 a      2066     1     4     2    26
 -1.4703340221336865E+00 a      2067     1     4     2    27
 -2.8016500296260988E-01 a      2068     1     4     2    28
  2.2137520242870825E+00 a      2069     1     4     2    29
 -9.3583987484840747E-01 a      2070     1     4     2    30
 -8.9434446722667382E-01 a      2071     1     5     2     1
 -2.2088793304556558E+00 a      2072     1     5     2     2
 -3.2503640319066385E+00 a      2073     1     5     2     3
 -1.5083547478373611E+00 a      2074     1     5     2     4
  1.0170733620493182E-01 a      2075     1     5     2     5
 -1.0720881309638564E+00 a      2076     1     5     2     6
 -3.2414601156781353E-01 a      2077     1     5     2     7
  2.2602219566359644E-01 a      2078     1     5     2     8
 -1.0428615131725192E+00 a      2079     1     5     2     9
 -2.3360222758759526E+00 a      2080     1     5     2    10
  2.6285099277679369E+00 a      2081     1     5     2    11
  1.2479623674185221E+00 a      2082     1     5     2    12
 -1.3714491616676598E+00 a      2083     1     5     2    13
  5.2249571492438607E-01 a      2084     1     5     2    14
 -2.2389782768255788E+00 a      2085     1     5     2    15
 -3.1434841741120506E-01 a      2086     1     5     2    16
  4.3983096039034125E-01 a      2087     1     5     2    17
 -1.1852370622257677E+00 a      2088     1     5     2    18
  3.0438440434451547E-01 a      2089     1     5     2    19
  1.0357252606436673E+00 a      2090     1     5     2    20
 -1.3723064326861958E+00 a      2091     1     5     2    21
  6.9083058421768684E-01 a      2092     1     5     2    22
 -8.7561845849755260E-01 a      2093     1     5     2    23
 -2.2961899820992513E+00 a      2094     1     5     2    24
 -2.0890847214325503E+00 a      2095     1     5     2    25
 -9.2162990497293318E-01 a      2096     1     5     2    26
 -5.7507049872192884E-01 a      2097     1     5     2    27
 -2.4120398054377241E+00 a      2098     1     5     2    28
 -1.8001176775648009E+00 a      2099     1     5     2    29
 -2.2426432777479235E+00 a      2100     1     5     2    30
 -2.7627351955759942E+00 a      2101     1     6     2     1
  1.1933353372343379E-02 a      2102     1     6     2     2
 -3.5997704701493030E+00 a      2103     1     6     2     3
 -1.2174580107702069E+00 a      2104     1     6     2     4
  1.2516553286062163E-01 a      2105     1     6     2     5
  1.0462596721474411E-01 a      2106     1     6     2     6
 -8.3544889758327334E-01 a      2107     1     6     2     7
  1.3659081177350074E-01 a      2108     1     6     2     8
 -1.7840235794361623E+00 a      2109     1     6     2     9
 -5.7744144372604200E-01 a      2110     1     6     2    10
  3.2367136753160493E+00 a      2111     1     6     2    11
 -4.0832750559635036E+00 a      2112     1     6     2    12
 -1.1807485447049451E+00 a      2113     1     6     2    13
  2.6225620339639821E-01 a      2114     1     6     2    14
 -4.3793963226092270E-01 a      2115     1     6     2    15
  1.5035555779666421E+00 a      2116     1     6     2    16
 -6.0835893550946651E-01 a      2117     1     6     2    17
  1.0703811626768407E+00 a      2118     1     6     2    18
 -1.9029615691309103E+00 a      2119     1     6     2    19
 -1.8494022265223883E-01 a      2120     1     6     2    20
  3.8185953941278838E+00 a      2121     1     6     2    21
  2.6767827912023074E+00 a      2122     1     6     2    22
 -1.7975474910129117E+00 a      2123     1     6     2    23
  1.5623955457988528E+00 a      2124     1     6     2    24
 -8.7065715901572349E-01 a      2125     1     6     2    25
 -1.7817757991855188E-01 a      2126     1     6     2    26
 -1.2412744359542132E+00 a      2127     1     6     2    27
  1.9744667872076784E+00 a      2128     1     6     2    28
  7.6236353111356148E-01 a      2129     1     6     2    29
 -2.3385533611590632E+00 a      2130     1     6     2    30
  5.2145215830787528E-01 a      2131     1     7     2     1
  1.8930144742740749E+00 a      2132     1     7     2     2
 -3.7461237424482272E+00 a      2133     1     7     2     3
  9.4468962800073009E-01 a      2134     1     7     2     4
 -4.8872047512232522E+00 a      2135     1     7     2     5
 -7.4121885103895935E-01 a      2136     1     7     2     6
  8.7277976024753928E-02 a      2137     1     7     2     7
 -4.5658718671577301E+00 a      2138     1     7     2     8
  5.5539368947130574E-01 a      2139     1     7     2     9
  8.1341892763624413E-02 a      2140     1     7     2    10
  1.3287006434781996E+00 a      2141     1     7     2    11
  2.4455965684831513E+00 a      2142     1     7     2    12
  1.3918703625341760E+00 a      2143     1     7     2    13
 -1.6125235025839377E+00 a      2144     1     7     2    14
 -6.2274277173248394E-01 a      2145     1     7     2    15
  3.9837506713099893E-02 a      2146     1     7     2    16
 -1.5292414284934819E+00 a      2147     1     7     2    17
  4.9922680902103556E-01 a      2148     1     7     2    18
 -7.6047993578738551E-02 a      2149     1     7     2    19
 -1.6369140555722672E+00 a      2150     1     7     2    20
 -5.3858114295908488E-01 a      2151     1     7     2    21
  8.7735700727692478E-01 a      2152     1     7     2    22
  2.5732638323542822E+00 a      2153     1     7     2    23
  2.6458910915970795E+00 a      2154     1     7     2    24
 -2.7122088523740645E-01 a      2155     1     7     2    25
  2.9176048166803609E-01 a      2156     1     7     2    26
 -2.5078586351661003E+00 a      2157     1     7     2    27
 -1.9304728190099193E-01 a      2158     1     7     2    28
  6.4112812889432746E-01 a      2159     1     7     2    29
 -9.5265082991596195E-02 a      2160     1     7     2    30
 -3.0699842748849333E+00 a      2161     1     8     2     1
 -5.5856076060234061E-01 a      2162     1     8     2     2
  3.7080563736939949E+00 a      2163     1     8     2     3
  1.5399726204328529E-01 a      2164     1     8     2     4
  4.3446938186336359E-01 a      2165     1     8     2     5
  2.8194170194821169E+00 a      2166     1     8     2     6
 -4.2525925825768041E-01 a      2167     1     8     2     7
  2.3392877477909439E+00 a      2168     1     8     2     8
 -3.3352306133817451E+00 a      2169     1     8     2     9
 -1.7209462098293100E+00 a      2170     1     8     2    10
  4.2389740876212267E-01 a      2171     1     8     2    11
 -1.3161082692375099E+00 a      2172     1     8     2    12
 -4.8438239918427124E+00 a      2173     1     8     2    13
  1.0947987473798302E+00 a      2174     1     8     2    14
 -1.1996054263250475E+00 a      2175     1     8     2    15
  2.0222796473854361E+00 a      2176     1     8     2    16
  1.3557951904088976E+00 a      2177     1     8     2    17
  3.2712494735956490E+00 a      2178     1     8     2    18
  1.8009545272376393E+00 a      2179     1     8     2    19
 -1.6428435822077185E+00 a      2180     1     8     2    20
 -3.4290823907860374E-01 a      2181     1     8     2    21
 -1.5755215531751838E+00 a      2182     1     8     2    22
 -1.0085864675760743E+00 a      2183     1     8     2    23
 -4.4496753529396251E+00 a      2184     1     8     2    24
 -1.7261845001649218E-01 a      2185     1     8     2    25
 -2.4478246416685416E+00 a      2186     1     8     2    26
 -1.1821080899652893E-01 a      2187     1     8     2    27
 -2.0731432130839242E-01 a      2188     1     8     2    28
 -1.0034751552564292E-01 a      2189     1     8     2    29
  3.7616374909234218E+00 a      2190     1     8     2    30
 -4.0793267853731074E-01 a      2191     1     9     2     1
  1.0721731929590195E+00 a      2192     1     9     2     2
 -1.2713217136702359E+00 a      2193     1     9     2     3
 -1.5412665375666732E+00 a      2194     1     9     2     4
  1.3157917748411849E+00 a      2195     1     9     2     5
  1.0573787964882386E+00 a      2196     1     9     2     6
  9.5666082216044135E-01 a      2197     1     9     2     7
  1.4785622805455199E+00 a      2198     1     9     2     8
 -2.5868777730194936E-01 a      2199     1     9     2     9
 -1.0233293898524300E+00 a      2200     1     9     2    10
  3.1853837068357760E+00 a      2201     1     9     2    11
  1.9402306448608624E+00 a      2202     1     9     2    12
  2.3357949674608478E+00 a      2203     1     9     2    13
 -1.5354797975430428E+00 a      2204     1     9     2    14
 -2.2667355044469241E-03 a      2205     1     9     2    15
  1.0884870105293916E+00 a      2206     1     9     2    16
  3.7789635952041545E+00 a      2207     1     9     2    17
 -7.1417199910465679E-01 a      2208     1     9     2    18
 -1.4368478282028803E+00 a      2209     1     9     2    19
  3.0239371480209398E-02 a      2210     1     9     2    20
 -2.2902401064670399E+00 a      2211     1     9     2    21
  1.9137540067362899E+00 a      2212     1     9     2    22
  1.5686294736841995E+00 a      2213     1     9     2    23
  3.0285128151551093E+00 a      2214     1     9     2    24
 -1.8588791328253766E+00 a      2215     1     9     2    25
  7.4466866779347951E-01 a      2216     1     9     2    26
  1.5354501235861945E-01 a      2217     1     9     2    27
 -7.4096593845042347E-01 a      2218     1     9     2    28
 -8.9907965256259881E-01 a      2219     1     9     2    29
 -7.0941894237316960E+00 a      2220     1     9     2    30
 -9.7384192082931709E-01 a      2221     1    10     2     1
 -6.2416209419439328E-01 a      2222     1    10     2     2
 -1.3402941921915329E-01 a      2223     1    10     2     3
  3.0608681722117004E-01 a      2224     1    10     2     4
  1.4602600668438299E+00 a      2225     1    10     2     5
 -2.3779572299090561E+00 a      2226     1    10     2     6
 -2.8749417761387019E-01 a      2227     1    10     2     7
  6.1403371590517764E-01 a      2228     1    10     2     8
  1.9793476285080274E+00 a      2229     1    10     2     9
 -1.0757487378776451E+00 a      2230     1    10     2    10
 -1.3479555718382534E+00 a      2231     1    10     2    11
  5.8769763080623338E-01 a      2232     1    10     2    12
 -4.6134096638744628E+00 a      2233     1    10     2    13
 -1.7994513074697415E-02 a      2234     1    10     2    14
 -4.6519816385874826E+00 a      2235     1    10     2    15
  6.6744763909851224E-01 a      2236     1    10     2    16
 -1.3571218996069239E+00 a      2237     1    10     2    17
  6.4740947361498546E-01 a      2238     1    10     2    18
 -2.2857581075392108E+00 a      2239     1    10     2    19
  2.6874409340748534E-01 a      2240     1    10     2    20
  1.1901532755518129E+00 a      2241     1    10     2    21
 -1.0216216851998803E+00 a      2242     1    10     2    22
  1.4052544298057112E-01 a      2243     1    10     2    23
  7.7723151771854226E-01 a      2244     1    10     2    24
 -6.3756558763235394E-01 a      2245     1    10     2    25
  4.2556124036381648E-01 a      2246     1    10     2    26
  4.3275447662094807E-01 a      2247     1    10     2    27
  2.6637121720304846E-01 a      2248     1    10     2    28
  6.6532889249632021E-02 a      2249     1    10     2    29
  1.3663963302927911E+00 a      2250     1    10     2    30
 -5.2330861199307754E-01 a      2251     1    11     2     1
  9.9410663540445887E-01 a      2252     1    11     2     2
 -4.0787577312256323E-01 a      2253     1    11     2     3
  2.5308001324752749E-01 a      2254     1    11     2     4
 -3.0941079205917998E+00 a      2255     1    11     2     5
 -1.1572079742341994E+00 a      2256     1    11     2     6
  1.0625122320998530E+00 a      2257     1    11     2     7
 -1.4699642905639154E+00 a      2258     1    11     2     8
  2.7050237197137728E+00 a      2259     1    11     2     9
 -1.4737240505140325E+00 a      2260     1    11     2    10
 -3.3872307199899505E+00 a      2261     1    11     2    11
  3.1079158252399148E+00 a      2262     1    11     2    12
  6.5103555080017073E-01 a      2263     1    11     2    13
 -7.7315748487611091E-01 a      2264     1    11     2    14
 -1.8813211976678283E+00 a      2265     1    11     2    15
 -1.7944917652947729E+00 a      2266     1    11     2    16
 -1.7498976079223083E+00 a      2267     1    11     2    17
 -6.4043945650650014E-01 a      2268     1    11     2    18
  6.0452198321910355E-01 a      2269     1    11     2    19
 -1.2785867236456989E+00 a      2270     1    11     2    20
 -8.2678181509003756E-01 a      2271     1    11     2    21
 -9.8687222868091762E-01 a      2272     1    11     2    22
 -4.3480754558040113E-01 a      2273     1    11     2    23
 -8.1171277726997437E-01 a      2274     1    11     2    24
 -2.1823520519449545E-02 a      2275     1    11     2    25
  3.5307364124961366E-01 a      2276     1    11     2    26
 -6.8167045285757588E-01 a      2277     1    11     2    27
 -1.6377943949597282E+00 a      2278     1    11     2    28
  1.0950068172816894E+00 a      2279     1    11     2    29
 -3.5719003762167962E+00 a      2280     1    11     2    30
  1.7754054058436191E+00 a      2281     1    12     2     1
 -1.2376998375739610E+00 a      2282     1    12     2     2
 -2.6326436707005967E+00 a      2283     1    12     2     3
  2.2562502994828225E-02 a      2284     1    12     2     4
 -8.5367845810813914E-01 a      2285     1    12     2     5
 -1.7584201121120351E+00 a      2286     1    12     2     6
  7.9714889307266823E-01 a      2287     1    12     2     7
 -3.6244027276256965E+00 a      2288     1    12     2     8
 -1.3900194955507832E+00 a      2289     1    12     2     9
  1.1080928158633752E+00 a      2290     1    12     2    10
  2.5199552737727808E+00 a      2291     1    12     2    11
  9.1477828773548719E-01 a      2292     1    12     2    12
  7.3228677818201726E-01 a      2293     1    12     2    13
  2.1434797771964904E+00 a      2294     1    12     2    14
 -2.1785026404990244E+00 a      2295     1    12     2    15
 -3.8954143245492507E+00 a      2296     1    12     2    16
 -4.8320904294894280E+00 a      2297     1    12     2    17
 -2.8303680108623652E+00 a      2298     1    12     2    18
 -5.5879805122014614E-01 a      2299     1    12     2    19
  1.4649891324455933E+00 a      2300     1    12     2    20
 -6.1519691313341207E-01 a      2301     1    12     2    21
 -1.3005888994418395E+00 a      2302     1    12     2    22
 -1.8221452399600311E+00 a      2303     1    12     2    23
 -1.1078154743712547E+00 a      2304     1    12     2    24
  7.2658028186159185E-01 a      2305     1    12     2    25
 -3.2837213799667858E-01 a      2306     1    12     2    26
  6.2387050053940996E-01 a      2307     1    12     2    27
 -3.2716386424391932E+00 a      2308     1    12     2    28
 -1.9933968922029828E+00 a      2309     1    12     2    29
  1.7245167836968105E+00 a      2310     1    12     2    30
  2.8540469625432650E+00 a      2311     1    13     2     1
 -1.5809598617033762E+00 a      2312     1    13     2     2
  7.0841192567319389E-01 a      2313     1    13     2     3
 -1.5121597534836380E+00 a      2314     1    13     2     4
 -2.0105061151433374E+00 a      2315     1    13     2     5
 -9.9895902096937317E-01 a      2316     1    13     2     6
  1.8447297129689408E+00 a      2317     1    13     2     7
 -3.3771039321154994E+00 a      2318     1    13     2     8
  1.2390473919109102E+00 a      2319     1    13     2     9
  3.3138284922032207E-01 a      2320     1    13     2    10
 -5.0350637308804802E-01 a      2321     1    13     2    11
 -1.3850273593236269E+00 a      2322     1    13     2    12
 -8.2043650661327272E-01 a      2323     1    13     2    13
  1.9495279061811480E-02 a      2324     1    13     2    14
  3.3463415503165170E+00 a      2325     1    13     2    15
  9.3677487222751044E-01 a      2326     1    13     2    16
 -3.0503325435788770E-01 a      2327     1    13     2    17
  1.5577406808837702E+00 a      2328     1    13     2    18
  2.0508638035082933E+00 a      2329     1    13     2    19
  3.2915796354955695E-01 a      2330     1    13     2    20
  6.1114719169116510E-02 a      2331     1    13     2    21
 -2.3303084051066530E-01 a      2332     1    13     2    22
  2.4126438746640333E+00 a      2333     1    13     2    23
 -2.0212035054098795E-01 a      2334     1    13     2    24
  4.0128658103393979E+00 a      2335     1    13     2    25
  1.1033365500720860E+00 a      2336     1    13     2    26
 -6.6162091079392193E-01 a      2337     1    13     2    27
 -2.4568692697464996E+00 a      2338     1    13     2    28
 -1.0143481723958757E-01 a      2339     1    13     2    29
  6.2099284278601132E+00 a      2340     1    13     2    30
 -1.0616218840138871E+00 a      2341     1    14     2     1
  4.7922258850932647E-01 a      2342     1    14     2     2
  1.2582498844437885E-02 a      2343     1    14     2     3
 -1.6678532955778345E+00 a      2344     1    14     2     4
  3.0610763182024681E-01 a      2345     1    14     2     5
  9.5792035966523104E-01 a      2346     1    14     2     6
  4.2297577776498951E-01 a      2347     1    14     2     7
  2.6661863427942065E+00 a      2348     1    14     2     8
  7.1555656725432681E-01 a      2349     1    14     2     9
  4.2441087651421339E-01 a      2350     1    14     2    10
 -2.0044422915195494E+00 a      2351     1    14     2    11
 -1.4976197684598334E+00 a      2352     1    14     2    12
 -1.5094454090998606E+00 a      2353     1    14     2    13
  6.8368943146873784E-01 a      2354     1    14     2    14
 -5.2047077530322339E-01 a      2355     1    14     2    15
 -1.5449099329878815E+00 a      2356     1    14     2    16
  6.6267340609876590E-01 a      2357     1    14     2    17
  2.8658571821632099E+00 a      2358     1    14     2    18
 -1.2719121314686328E+00 a      2359     1    14     2    19
 -9.3780218339295240E-01 a      2360     1    14     2    20
 -1.3822762351156805E+00 a      2361     1    14     2    21
  1.9280252988727204E+00 a      2362     1    14     2    22
 -2.1056761738789596E+00 a      2363     1    14     2    23
 -1.8873174062340063E+00 a      2364     1    14     2    24
 -4.4786809077418843E-01 a      2365     1    14     2    25
  1.6835241316159040E+00 a      2366     1    14     2    26
  2.4617298514598427E+00 a      2367     1    14     2    27
  2.9541780811521461E+00 a      2368     1    14     2    28
 -2.4096462106504632E+00 a      2369     1    14     2    29
 -1.5289758716424264E+00 a      2370     1    14     2    30
 -2.4825377681641476E+00 a      2371     1    15     2     1
 -9.9442389097170369E-01 a      2372     1    15     2     2
 -3.2418160954769530E+00 a      2373     1    15     2     3
  6.9181375265785539E-01 a      2374     1    15     2     4
  7.1265782542251366E-01 a      2375     1    15     2     5
  5.7846419713185082E-01 a      2376     1    15     2     6
 -1.8338428929373816E+00 a      2377     1    15     2     7
 -1.2949519882066431E+00 a      2378     1    15     2     8
  8.3987198387924667E-03 a      2379     1    15     2     9
 -3.6388784698271155E+00 a      2380     1    15     2    10
  1.2583099090676711E-01 a      2381     1    15     2    11
 -2.4210708293968426E+00 a      2382     1    15     2    12
 -2.8706501412265797E+00 a      2383     1    15     2    13
  1.8777711878221885E+00 a      2384     1    15     2    14
 -1.3421125306810944E+00 a      2385     1    15     2    15
  1.3223302055763364E+00 a      2386     1    15     2    16
  9.3839074485705043E-01 a      2387     1    15     2    17
  4.6635389766050905E-01 a      2388     1    15     2    18
 -2.3504037174790901E-01 a      2389     1    15     2    19
 -1.5036236920836801E+00 a      2390     1    15     2    20
  1.6558911915858594E+00 a      2391     1    15     2    21
 -6.5334863740623872E-01 a      2392     1    15     2    22
  1.3822257941909337E+00 a      2393     1    15     2    23
  2.9763049244598760E+00 a      2394     1    15     2    24
 -1.3750309982439963E+00 a      2395     1    15     2    25
  1.5681273165877749E-01 a      2396     1    15     2    26
  3.3566567404592901E-01 a      2397     1    15     2    27
  1.0039254804867757E+00 a      2398     1    15     2    28
 -2.9182624348581827E+00 a      2399     1    15     2    29
  3.1323819079037891E+00 a      2400     1    15     2    30
 -5.1164809142177159E-01 a      2401     1    16     2     1
  1.5456104021501771E+00 a      2402     1    16     2     2
  1.8816584913879724E+00 a      2403     1    16     2     3
 -7.1098823043805814E-01 a      2404     1    16     2     4
 -1.9916640213972749E+00 a      2405     1    16     2     5
  1.0384826237648375E+00 a      2406     1    16     2     6
  6.0960157701576412E-01 a      2407     1    16     2     7
 -4.8725534974612578E-01 a      2408     1    16     2     8
 -1.8828678110522055E+00 a      2409     1    16     2     9
 -4.4436392744928606E+00 a      2410     1    16     2    10
 -2.5915295906948868E+00 a      2411     1    16     2    11
  3.0352873154945552E+00 a      2412     1    16     2    12
 -1.4508829463839992E-02 a      2413     1    16     2    13
  6.1603017566034435E-01 a      2414     1    16     2    14
  9.8241819214927861E-01 a      2415     1    16     2    15
  6.8443970857943259E-01 a      2416     1    16     2    16
  2.0747376269952261E-01 a      2417     1    16     2    17
  3.2561415576605085E-01 a      2418     1    16     2    18
 -7.2578974831182896E-01 a      2419     1    16     2    19
  1.3139427096327365E+00 a      2420     1    16     2    20
 -1.3450090815293136E+00 a      2421     1    16     2    21
  5.6495734106029938E-01 a      2422     1    16     2    22
 -4.4042768865320534E+00 a      2423     1    16     2    23
  8.6100962021008998E-01 a      2424     1    16     2    24
  6.0302522819484983E-01 a      2425     1    16     2    25
  1.8633874575143949E+00 a      2426     1    16     2    26
  2.2604795159709878E+00 a      2427     1    16     2    27
 -1.1214861417888706E+00 a      2428     1    16     2    28
 -4.5740972523949939E+00 a      2429     1    16     2    29
 -8.3334996051559640E-01 a      2430     1    16     2    30
  1.3041954915542533E+00 a      2431     1    17     2     1
  2.0621269759347114E+00 a      2432     1    17     2     2
 -1.8548526491758321E+00 a      2433     1    17     2     3
  1.4474535112157021E+00 a      2434     1    17     2     4
  4.1615642222731342E-01 a      2435     1    17     2     5
  3.4815966537393441E+00 a      2436     1    17     2     6
 -9.9705589481390400E-01 a      2437     1    17     2     7
 -5.2215415126321547E+00 a      2438     1    17     2     8
  1.2891014830244785E+00 a      2439     1    17     2     9
  5.0199764470355533E-02 a      2440     1    17     2    10
 -1.2292502372963880E+00 a      2441     1    17     2    11
 -2.0736093775361240E+00 a      2442     1    17     2    12
 -4.8098926842134127E-01 a      2443     1    17     2    13
 -9.9179156143564362E-01 a      2444     1    17     2    14
  2.5988727580386901E+00 a      2445     1    17     2    15
 -1.1822887904516068E+00 a      2446     1    17     2    16
 -2.3697501554676013E+00 a      2447     1    17     2    17
  7.1210499819489204E-01 a      2448     1    17     2    18
  1.3825279560406389E+00 a      2449     1    17     2    19
 -3.7016007812408980E-01 a      2450     1    17     2    20
 -2.8596291475776585E+00 a      2451     1    17     2    21
 -5.5974795928444920E-01 a      2452     1    17     2    22
  3.3979665931882974E+00 a      2453     1    17     2    23
  1.5487331173885874E+00 a      2454     1    17     2    24
  4.2374330214717676E-01 a      2455     1    17     2    25
 -1.0754739137672040E+00 a      2456     1    17     2    26
  4.7421686897370507E-01 a      2457     1    17     2    27
  2.3674729207307519E+00 a      2458     1    17     2    28
  1.8770638353979623E+00 a      2459     1    17     2    29
  1.8803727581006906E+00 a      2460     1    17     2    30
 -1.9239880809878029E+00 a      2461     1    18     2     1
  6.0018030312770176E-01 a      2462     1    18     2     2
  3.3939589761830796E-01 a      2463     1    18     2     3
  5.8385156466773658E-01 a      2464     1    18     2     4
  2.1696442914778533E+00 a      2465     1    18     2     5
  1.2292365220058108E+00 a      2466     1    18     2     6
  1.7328818303874657E-01 a      2467     1    18     2     7
  7.2975027212029431E-01 a      2468     1    18     2     8
 -3.4380988555623229E+00 a      2469     1    18     2     9
 -1.8502678490967965E+00 a      2470     1    18     2    10
 -1.8053622615283471E+00 a      2471     1    18     2    11
  1.0238774131017834E+00 a      2472     1    18     2    12
 -3.2811887146089140E+00 a      2473     1    18     2    13
  7.2187319934472005E-01 a      2474     1    18     2    14
 -3.3372219416255144E+00 a      2475     1    18     2    15
 -1.4505573365438869E+00 a      2476     1    18     2    16
  5.6737506754242228E-01 a      2477     1    18     2    17
  1.1526985847825755E+00 a      2478     1    18     2    18
 -1.7432207466648513E+00 a      2479     1    18     2    19
  6.5214341752743898E-01 a      2480     1    18     2    20
 -4.7730632592462030E-01 a      2481     1    18     2    21
 -1.8491678122763794E-01 a      2482     1    18     2    22
 -8.0109330361981557E-01 a      2483     1    18     2    23
 -1.2425275899048855E+00 a      2484     1    18     2    24
 -1.7316903662226062E+00 a      2485     1    18     2    25
 -1.3661904223945220E+00 a      2486     1    18     2    26
  1.1416636428137046E+00 a      2487     1    18     2    27
 -2.1131237981458768E+00 a      2488     1    18     2    28
 -7.3447268435296253E-01 a      2489     1    18     2    29
 -2.6058985411741578E+00 a      2490     1    18     2    30
 -3.3800788377693719E-01 a      2491     1    19     2     1
 -1.7233818549765993E+00 a      2492     1    19     2     2
  3.4805569075879514E+00 a      2493     1    19     2     3
 -1.1379657758528132E+00 a      2494     1    19     2     4
  1.9945721343998607E-02 a      2495     1    19     2     5
 -1.6257394562821486E+00 a      2496     1    19     2     6
 -9.6833720023847147E-01 a      2497     1    19     2     7
  2.7390682721888537E+00 a      2498     1    19     2     8
  1.0414131227825278E+00 a      2499     1    19     2     9
 -1.9594595968320472E+00 a      2500     1    19     2    10
 -1.5804874804175111E+00 a      2501     1    19     2    11
 -2.7218168319645235E+00 a      2502     1    19     2    12
 -2.0027070380299823E+00 a      2503     1    19     2    13
 -3.3211284911420269E-01 a      2504     1    19     2    14
 -1.3336287176648363E+00 a      2505     1    19     2    15
  1.7514312456062278E+00 a      2506     1    19     2    16
 -1.0105324956066442E+00 a      2507     1    19     2    17
  1.5429827077811036E+00 a      2508     1    19     2    18
 -1.7260976805810566E+00 a      2509     1    19     2    19
  7.4379277087951001E-01 a      2510     1    19     2    20
  1.0904804945435436E+00 a      2511     1    19     2    21
  8.7335579066049773E-01 a      2512     1    19     2    22
 -7.0763745165823649E-02 a      2513     1    19     2    23
 -2.5932715809884259E+00 a      2514     1    19     2    24
 -1.5436913298236452E+00 a      2515     1    19     2    25
 -4.3213319040398659E+00 a      2516     1    19     2    26
 -1.0812447734296260E-01 a      2517     1    19     2    27
 -1.7018320192545306E+00 a      2518     1    19     2    28
  2.6866695744155145E+00 a      2519     1    19     2    29
  7.8257166549342738E-01 a      2520     1    19     2    30
  1.1886281066560128E-01 a      2521     1    20     2     1
  5.6581111201019019E-01 a      2522     1    20     2     2
  3.2408929704696221E-01 a      2523     1    20     2     3
  8.6240899878973576E-01 a      2524     1    20     2     4
 -3.0836408656308127E+00 a      2525     1    20     2     5
 -2.0372263318128492E+00 a      2526     1    20     2     6
 -1.0918587113382785E+00 a      2527     1    20     2     7
  2.3149253635394104E-01 a      2528     1    20     2     8
  1.8565099690850242E+00 a      2529     1    20     2     9
  1.0004690808712551E+00 a      2530     1    20     2    10
 -2.0281790617460564E+00 a      2531     1    20     2    11
 -6.9945103707279666E-01 a      2532     1    20     2    12
  2.8145838777061587E+00 a      2533     1    20     2    13
 -2.1874733820820505E-01 a      2534     1    20     2    14
  7.4193429628498686E-01 a      2535     1    20     2    15
  2.5747040760448170E-01 a      2536     1    20     2    16
 -5.3574904441675808E-01 a      2537     1    20     2    17
  2.7246946032211172E-02 a      2538     1    20     2    18
  1.5061407961171933E+00 a      2539     1    20     2    19
 -2.0099876426331753E+00 a      2540     1    20     2    20
 -5.9939944887463181E-02 a      2541     1    20     2    21
 -1.2713436346403211E+00 a      2542     1    20     2    22
  1.4827339722609874E+00 a      2543     1    20     2    23
 -3.2222314803725594E+00 a      2544     1    20     2    24
 -4.5692799898048431E-01 a      2545     1    20     2    25
  5.6471248477959257E-01 a      2546     1    20     2    26
 -1.4444211210065012E+00 a      2547     1    20     2    27
  9.3593878353010762E-01 a      2548     1    20     2    28
 -2.3289346714074024E+00 a      2549     1    20     2    29
 -1.1994984290289565E+00 a      2550     1    20     2    30
 -1.3519015753989168E+00 a      2551     1    21     2     1
 -1.5831675769290701E+00 a      2552     1    21     2     2
 -1.3032529884834989E+00 a      2553     1    21     2     3
 -1.7597471709571910E+00 a      2554     1    21     2     4
 -1.8376618439703001E+00 a      2555     1    21     2     5
  2.2688482936809131E+00 a      2556     1    21     2     6
  1.6688432280194465E+00 a      2557     1    21     2     7
 -2.0574764667981440E+00 a      2558     1    21     2     8
 -3.1285535912894273E+00 a      2559     1    21     2     9
 -7.7509482736652591E-01 a      2560     1    21     2    10
  1.2590764699114148E+00 a      2561     1    21     2    11
 -3.1160781034616492E-01 a      2562     1    21     2    12
  1.5033800699770006E+00 a      2563     1    21     2    13
 -1.1793630419520837E-01 a      2564     1    21     2    14
  2.8529780285523274E+00 a      2565     1    21     2    15
  1.2039763775375500E+00 a      2566     1    21     2    16
  2.7610120973365421E-01 a      2567     1    21     2    17
 -6.6042906371683530E-01 a      2568     1    21     2    18
 -1.1571859532139286E+00 a      2569     1    21     2    19
 -5.6460519789012398E-01 a      2570     1    21     2    20
  1.1266755215901503E+00 a      2571     1    21     2    21
 -6.0649802762061555E-01 a      2572     1    21     2    22
 -1.2073037790327952E-01 a      2573     1    21     2    23
  1.1415541245836931E+00 a      2574     1    21     2    24
 -1.5747785086158921E+00 a      2575     1    21     2    25
 -4.9109895523099500E-01 a      2576     1    21     2    26
 -1.0345100486400307E+00 a      2577     1    21     2    27
  7.7919872878695517E-01 a      2578     1    21     2    28
 -3.6326786947016226E-01 a      2579     1    21     2    29
  6.7922800832745189E-01 a      2580     1    21     2    30
  2.5281041747879778E+00 a      2581     1    22     2     1
  2.9902414417127847E+00 a      2582     1    22     2     2
  2.3719249155599167E+00 a      2583     1    22     2     3
 -1.1715443035294315E+00 a      2584     1    22     2     4
 -1.7575217282167696E-02 a      2585     1    22     2     5
  4.6111180151429326E-01 a      2586     1    22     2     6
 -1.2050110147198492E+00 a      2587     1    22     2     7
  1.8994534974706305E+00 a      2588     1    22     2     8
  3.0188445930676339E-01 a      2589     1    22     2     9
  1.2092643099634208E-01 a      2590     1    22     2    10
  2.1278258038886837E+00 a      2591     1    22     2    11
 -2.1445885585189908E+00 a      2592     1    22     2    12
  4.0304927861307521E-01 a      2593     1    22     2    13
  2.0194040758335721E+00 a      2594     1    22     2    14
  1.8564536191428521E-01 a      2595     1    22     2    15
  2.5255187287105829E-01 a      2596     1    22     2    16
  3.6795652201900488E-02 a      2597     1    22     2    17
  9.4771564084967827E-02 a      2598     1    22     2    18
 -2.2311844503772188E-01 a      2599     1    22     2    19
  1.5263003324292501E-01 a      2600     1    22     2    20
 -1.4061149541419313E+00 a      2601     1    22     2    21
 -1.2814763920057122E+00 a      2602     1    22     2    22
 -3.6121920319750802E+00 a      2603     1    22     2    23
 -1.4502619375213375E+00 a      2604     1    22     2    24
 -5.3094986824516621E-01 a      2605     1    22     2    25
  9.6227695525535184E-01 a      2606     1    22     2    26
  1.8767421702657499E+00 a      2607     1    22     2    27
 -4.5687502911440925E-01 a      2608     1    22     2    28
 -1.3974026495724403E+00 a      2609     1    22     2    29
 -2.8259766671352970E+00 a      2610     1    22     2    30
 -9.1136025055573733E-01 a      2611     1    23     2     1
  9.7653267938104582E-01 a      2612     1    23     2     2
 -1.5274423838129700E+00 a      2613     1    23     2     3
  1.5741218506398484E+00 a      2614     1    23     2     4
  1.1720410078280923E+00 a      2615     1    23     2     5
 -2.6495584544405721E+00 a      2616     1    23     2     6
  2.8506970917359969E-02 a      2617     1    23     2     7
 -3.5077121919791782E-01 a      2618     1    23     2     8
 -2.7402651875905906E+00 a      2619     1    23     2     9
  1.4857973670518057E+00 a      2620     1    23     2    10
 -8.6375656728064243E-01 a      2621     1    23     2    11
  4.1213946368267065E+00 a      2622     1    23     2    12
  1.2136144594730682E+00 a      2623     1    23     2    13
 -2.3270572935104066E+00 a      2624     1    23     2    14
  2.3046683875647106E-01 a      2625     1    23     2    15
 -1.9300286976846659E+00 a      2626     1    23     2    16
 -2.7113656690871197E+00 a      2627     1    23     2    17
 -1.8609039236967515E+00 a      2628     1    23     2    18
 -3.0501170304681802E+00 a      2629     1    23     2    19
  1.5366194974933605E+00 a      2630     1    23     2    20
 -1.2385461725819658E+00 a      2631     1    23     2    21
  4.0127929537671891E-01 a      2632     1    23     2    22
  3.2842300354445291E+00 a      2633     1    23     2    23
 -2.1882902974584115E+00 a      2634     1    23     2    24
  2.4720103807084932E+00 a      2635     1    23     2    25
 -2.0314372788752526E+00 a      2636     1    23     2    26
 -1.3359925119848157E+00 a      2637     1    23     2    27
 -4.1006376985587352E+00 a      2638     1    23     2    28
  1.1317481128126341E+00 a      2639     1    23     2    29
 -3.9229393425353103E+00 a      2640     1    23     2    30
 -3.3724369558566814E-01 a      2641     1    24     2     1
  1.4375271807963756E+00 a      2642     1    24     2     2
  3.2144150854546165E+00 a      2643     1    24     2     3
 -8.3664941349815725E-01 a      2644     1    24     2     4
  2.2747806769444501E+00 a      2645     1    24     2     5
 -5.5109478911519995E-02 a      2646     1    24     2     6
  9.9681356536365662E-01 a      2647     1    24     2     7
  1.3990555177214965E+00 a      2648     1    24     2     8
 -1.6586680236821183E+00 a      2649     1    24     2     9
  1.2214752396465647E+00 a      2650     1    24     2    10
  5.4307395127830282E-01 a      2651     1    24     2    11
  2.5560601140455690E+00 a      2652     1    24     2    12
  5.3795444141978621E-01 a      2653     1    24     2    13
  1.4481192252983139E+00 a      2654     1    24     2    14
  1.0887337673277453E+00 a      2655     1    24     2    15
 -3.3070531123519937E+00 a      2656     1    24     2    16
  2.8220374374942869E+00 a      2657     1    24     2    17
 -1.4539729447763885E+00 a      2658     1    24     2    18
 -1.0293539698494254E+00 a      2659     1    24     2    19
  1.5462794823831372E+00 a      2660     1    24     2    20
  2.0901878485507388E+00 a      2661     1    24     2    21
  5.8453923862495021E+00 a      2662     1    24     2    22
 -2.0003069937146623E+00 a      2663     1    24     2    23
  1.0233384913079426E+00 a      2664     1    24     2    24
  9.1890029853620570E-01 a      2665     1    24     2    25
  1.3850111190608545E-02 a      2666     1    24     2    26
  1.9052995621741653E+00 a      2667     1    24     2    27
 -1.1203712569447963E+00 a      2668     1    24     2    28
 -1.2338399996167090E-01 a      2669     1    24     2    29
 -1.1063234455666902E+00 a      2670     1    24     2    30
  1.2579805586190851E+00 a      2671     1    25     2     1
 -1.9754688086897938E+00 a      2672     1    25     2     2
  3.5245798462032868E-01 a      2673     1    25     2     3
 -8.8671163464476188E-01 a      2674     1    25     2     4
 -3.5661963501659588E-01 a      2675     1    25     2     5
 -9.4428363454736852E-01 a      2676     1    25     2     6
 -9.9152720600089658E-02 a      2677     1    25     2     7
  7.5169293161588724E-01 a      2678     1    25     2     8
  2.0940002620170284E+00 a      2679     1    25     2     9
  2.1000849858139770E+00 a      2680     1    25     2    10
  5.0361493383228306E-01 a      2681     1    25     2    11
 -2.8935237144806094E+00 a      2682     1    25     2    12
  1.0257548813715978E+00 a      2683     1    25     2    13
  1.5422122435631151E+00 a      2684     1    25     2    14
  1.5736750304640651E-01 a      2685     1    25     2    15
 -3.4211761620905606E-01 a      2686     1    25     2    16
  1.6903683522421484E+00 a      2687     1    25     2    17
 -2.7187886673402556E-01 a      2688     1    25     2    18
 -2.3475547405669701E+00 a      2689     1    25     2    19
  1.9596673025121571E+00 a      2690     1    25     2    20
 -9.4124710302485648E-01 a      2691     1    25     2    21
 -6.8481356948468064E-01 a      2692     1    25     2    22
 -3.7221712773646165E+00 a      2693     1    25     2    23
 -3.8008179860833669E+00 a      2694     1    25     2    24
  5.7373309405731232E-01 a      2695     1    25     2    25
 -5.0639456662323612E-01 a      2696     1    25     2    26
  2.9312033295907192E+00 a      2697     1    25     2    27
 -1.0695161712896843E+00 a      2698     1    25     2    28
 -6.2603681675906531E-01 a      2699     1    25     2    29
  1.8916125722420891E+00 a      2700     1    25     2    30
  8.1111774879109511E-01 a      2701     1    26     2     1
 -2.2557301133027554E+00 a      2702     1    26     2     2
  1.4429518852201828E+00 a      2703     1    26     2     3
  1.1924314700343790E-01 a      2704     1    26     2     4
  2.2005700138693240E-01 a      2705     1    26     2     5
  1.3739395709130646E+00 a      2706     1    26     2     6
 -6.2679783113224002E-02 a      2707     1    26     2     7
 -2.1913677835334298E+00 a      2708     1    26     2     8
  9.2197361654386360E-03 a      2709     1    26     2     9
 -1.6533879199871184E+00 a      2710     1    26     2    10
 -1.8089912233478584E+00 a      2711     1    26     2    11
 -1.9193038750744904E+00 a      2712     1    26     2    12
 -9.3707607981619689E-01 a      2713     1    26     2    13
  6.4559538819829787E-02 a      2714     1    26     2    14
  5.7773692699810042E-01 a      2715     1    26     2    15
 -1.9678687153509407E+00 a      2716     1    26     2    16
  2.1237929102036550E+00 a      2717     1    26     2    17
 -1.5182527158235792E+00 a      2718     1    26     2    18
 -1.0631862081356231E+00 a      2719     1    26     2    19
 -3.6804679382477845E-01 a      2720     1    26     2    20
  8.1222180738514849E-01 a      2721     1    26     2    21
 -3.2458588332914613E+00 a      2722     1    26     2    22
 -7.8871736571010675E-01 a      2723     1    26     2    23
  8.7963954945274550E-02 a      2724     1    26     2    24
 -3.2748139599368947E-01 a      2725     1    26     2    25
  5.2594953245394571E-01 a      2726     1    26     2    26
  2.5497486274249335E+00 a      2727     1    26     2    27
 -2.8190237027324323E+00 a      2728     1    26     2    28
 -4.0825489836248258E-02 a      2729     1    26     2    29
  3.0618209595367479E-01 a      2730     1    26     2    30
  1.5316858358106167E+00 a      2731     1    27     2     1
  2.1676160858403887E-01 a      2732     1    27     2     2
 -1.0684357299257430E+00 a      2733     1    27     2     3
  8.9580069625151937E-01 a      2734     1    27     2     4
  1.2273955478495266E+00 a      2735     1    27     2     5
  4.8235676405841776E-01 a      2736     1    27     2     6
  5.2706365453379045E-01 a      2737     1    27     2     7
  3.5675402635575502E+00 a      2738     1    27     2     8
 -4.8395298552026247E-02 a      2739     1    27     2     9
  4.1201172113226932E+00 a      2740     1    27     2    10
  7.5122181737054428E-01 a      2741     1    27     2    11
 -1.5349502902690493E-01 a      2742     1    27     2    12
 -2.1524331490012166E-01 a      2743     1    27     2    13
  9.5846640598054589E-01 a      2744     1    27     2    14
  2.8775178057613600E+00 a      2745     1    27     2    15
 -2.2168866489820177E-01 a      2746     1    27     2    16
  2.7448638664346996E+00 a      2747     1    27     2    17
 -8.2538193651418554E-02 a      2748     1    27     2    18
  1.3161794596052074E+00 a      2749     1    27     2    19
  3.1307778284853272E-01 a      2750     1    27     2    20
  2.1614095126496280E-01 a      2751     1    27     2    21
  1.7183996647100128E+00 a      2752     1    27     2    22
 -3.2834385653900777E-01 a      2753     1    27     2    23
  5.2549042543068081E-01 a      2754     1    27     2    24
  6.1922994322823022E-01 a      2755     1    27     2    25
  1.4664610523205299E+00 a      2756     1    27     2    26
 -1.8928374973514608E-01 a      2757     1    27     2    27
  2.3824280750038209E+00 a      2758     1    27     2    28
  3.2081189789335216E+00 a      2759     1    27     2    29
 -1.1992321500914462E+00 a      2760     1    27     2    30
 -2.4628433558923608E+00 a      2761     1    28     2     1
  7.1539410881940013E-01 a      2762     1    28     2     2
 -1.3618171852458596E+00 a      2763     1    28     2     3
 -6.3434984758661606E-01 a      2764     1    28     2     4
 -2.4862004297288891E+00 a      2765     1    28     2     5
  1.8465831916881841E+00 a      2766     1    28     2     6
 -1.8308941627505573E+00 a      2767     1    28     2     7
  1.9679854001095323E+00 a      2768     1    28     2     8
  1.9262918294613049E+00 a      2769     1    28     2     9
 -1.5467027331005259E-01 a      2770     1    28     2    10
 -2.5011553516753740E+00 a      2771     1    28     2    11
 -1.8630177545273860E+00 a      2772     1    28     2    12
  4.4905109209083287E+00 a      2773     1    28     2    13
 -8.7976252550465872E-01 a      2774     1    28     2    14
 -2.2836658857752288E+00 a      2775     1    28     2    15
 -1.2426434831136193E+00 a      2776     1    28     2    16
  4.4521394099107509E-01 a      2777     1    28     2    17
  1.0133897143680195E+00 a      2778     1    28     2    18
 -3.0073653049126198E-01 a      2779     1    28     2    19
 -1.4751884110228075E+00 a      2780     1    28     2    20
 -3.3389754303185701E+00 a      2781     1    28     2    21
  3.2376752588575475E-01 a      2782     1    28     2    22
  2.6139088474953738E+00 a      2783     1    28     2    23
 -4.0344120417374167E+00 a      2784     1    28     2    24
 -1.0407934072174800E+00 a      2785     1    28     2    25
  1.1275594918283753E+00 a      2786     1    28     2    26
 -2.5750359775467246E-01 a      2787     1    28     2    27
  4.2335235061455530E+00 a      2788     1    28     2    28
  7.0311236327785109E-01 a      2789     1    28     2    29
  8.2102524931638954E-01 a      2790     1    28     2    30
  7.9679103642155247E-01 a      2791     1    29     2     1
  2.2743852536520097E+00 a      2792     1    29     2     2
 -8.6946320238864967E+00 a      2793     1    29     2     3
  2.0729727793479666E+00 a      2794     1    29     2     4
  2.7656378794954426E+00 a      2795     1    29     2     5
 -4.0150587021171944E+00 a      2796     1    29     2     6
  1.1012055272697234E+00 a      2797     1    29     2     7
 -9.8969349522587313E-01 a      2798     1    29     2     8
  9.1448310888771089E-02 a      2799     1    29     2     9
  1.3435592988777795E-01 a      2800     1    29     2    10
  3.6288346022542712E+00 a      2801     1    29     2    11
  4.1870478213687408E+00 a      2802     1    29     2    12
  1.1862751897023129E+00 a      2803     1    29     2    13
 -1.6053691378601762E-01 a      2804     1    29     2    14
 -6.6880346645190247E-01 a      2805     1    29     2    15
  3.8223998414208421E-01 a      2806     1    29     2    16
  7.2292086827154445E-01 a      2807     1    29     2    17
 -1.2988981541759372E+00 a      2808     1    29     2    18
 -8.8228596986175023E-01 a      2809     1    29     2    19
 -5.0462934806277659E-01 a      2810     1    29     2    20
 -4.8242622460820639E-01 a      2811     1    29     2    21
 -4.0475146625717706E-01 a      2812     1    29     2    22
  3.5996548192641757E+00 a      2813     1    29     2    23
  7.2700934596735167E-01 a      2814     1    29     2    24
  1.1367864943072035E+00 a      2815     1    29     2    25
 -3.5857555748235320E-01 a      2816     1    29     2    26
 -6.0330713825228699E-01 a      2817     1    29     2    27
 -1.8022540429972930E-01 a      2818     1    29     2    28
  2.4314013080504376E-01 a      2819     1    29     2    29
  3.1955978180695759E+00 a      2820     1    29     2    30
 -5.0617158620670200E-01 a      2821     1    30     2     1
 -3.2485229905207108E-01 a      2822     1    30     2     2
 -2.0203949036939393E+00 a      2823     1    30     2     3
  6.4660562457891768E-01 a      2824     1    30     2     4
  4.2855807148734565E-01 a      2825     1    30     2     5
 -7.5499080601275526E-01 a      2826     1    30     2     6
  2.1624944527040271E-01 a      2827     1    30     2     7
 -7.0701811917745372E-01 a      2828     1    30     2     8
  1.7733332729390736E+00 a      2829     1    30     2     9
 -1.4743142893655936E+00 a      2830     1    30     2    10
 -1.1218927358497728E+00 a      2831     1    30     2    11
  4.1783735250106574E-01 a      2832     1    30     2    12
 -1.9877648155433327E+00 a      2833     1    30     2    13
 -1.0829441173614998E+00 a      2834     1    30     2    14
 -9.4904424893957939E-01 a      2835     1    30     2    15
  1.4322853143652365E+00 a      2836     1    30     2    16
 -2.5887527054026416E-01 a      2837     1    30     2    17
 -3.7153572107161653E-01 a      2838     1    30     2    18
  8.8102115795873914E-01 a      2839     1    30     2    19
 -1.6299257501006841E+00 a      2840     1    30     2    20
 -2.6486165268126277E-01 a      2841     1    30     2    21
  1.0247154605980355E-01 a      2842     1    30     2    22
 -2.6819361461207412E+00 a      2843     1    30     2    23
  2.1208742091741843E+00 a      2844     1    30     2    24
  9.9994423977295233E-01 a      2845     1    30     2    25
 -1.0773742058510378E+00 a      2846     1    30     2    26
  1.8886921477653504E-01 a      2847     1    30     2    27
 -8.8018273139831482E-01 a      2848     1    30     2    28
 -5.3845123631681445E-02 a      2849     1    30     2    29
  2.2827303337084972E+00 a      2850     1    30     2    30
  2.0521484037763173E+01 b      2851     2     1
  3.6835734538911327E+00 b      2852     2     2
  4.2542398923428593E+00 b      2853     2     3
  1.1309326000450140E-01 b      2854     2     4
  9.6935424890512181E+00 b      2855     2     5
 -2.2334685500831926E+00 b      2856     2     6
 -4.4652256758490898E+00 b      2857     2     7
 -2.4703678366138044E+00 b      2858     2     8
  8.2652415147484142E+00 b      2859     2     9
  1.5990605410651629E+01 b      2860     2    10
  1.4344678005687230E+01 b      2861     2    11
 -8.7808494606133074E+00 b      2862     2    12
  4.6892247804054374E+00 b      2863     2    13
 -4.1464764371123044E+00 b      2864     2    14
 -6.0917714540786356E+00 b      2865     2    15
 -4.3134815404956699E+00 b      2866     2    16
 -2.0103982215524237E+01 b      2867     2    17
 -6.7613663134913402E+00 b      2868     2    18
  2.5700250988756334E+01 b      2869     2    19
  2.2679798461946024E+00 b      2870     2    20
 -3.0154043127410928E+00 b      2871     2    21
  6.0817897641847463E+00 b      2872     2    22
  3.5938389658186107E+00 b      2873     2    23
  3.4736594789983140E+00 b      2874     2    24
  1.6079346583158274E+00 b      2875     2    25
  1.1323086925660755E+00 b      2876     2    26
 -6.0895945721103546E+00 b      2877     2    27
  1.7362315743020606E+01 b      2878     2    28
 -1.3911543006103353E+00 b      2879     2    29
 -1.7710227765782909E+00 b      2880     2    30
  2.8175028680179650E-02 a      2881     2     1     3     1
  5.8877217993188423E-03 a      2882     2     2     3     1
  2.8794202760088063E-02 a      2883     2     3     3     1
  1.7203619325913874E-01 a      2884     2     4     3     1
 -2.6189989119839975E-02 a      2885     2     5     3     1
  4.1602203095972623E-02 a      2886     2     6     3     1
 -2.5766257356757256E-02 a      2887     2     7     3     1
  5.4824988832810929E-02 a      2888     2     8     3     1
 -5.0516561535005736E-02 a      2889     2     9     3     1
 -1.2850443749045501E-02 a      2890     2    10     3     1
 -3.6888986039441185E-02 a      2891     2    11     3     1
 -2.2290987588839010E-02 a      2892     2    12     3     1
  3.1288263357609092E-02 a      2893     2    13     3     1
  4.2137799561034930E-02 a      2894     2    14     3     1
  8.5880740725808008E-02 a      2895     2    15     3     1
  2.8052536577867992E-02 a      2896     2    16     3     1
 -1.0807941534112688E-02 a      2897     2    17     3     1
 -5.5161564550397175E-02 a      2898     2    18     3     1
 -1.1761295141255538E-02 a      2899     2    19     3     1
  1.8552825891846406E-01 a      2900     2    20     3     1
  3.4642505564534916E-02 a      2901     2    21     3     1
  7.0255942338714295E-02 a      2902     2    22     3     1
 -2.2927607510086052E-02 a      2903     2    23     3     1
  1.0696522383803793E-02 a      2904     2    24     3     1
 -5.9263130461391540E-02 a      2905     2    25     3     1
  2.4974438885733759E-02 a      2906     2    26     3     1
 -9.8184213156413985E-02 a      2907     2    27     3     1
  2.6048836306507714E-02 a      2908     2    28     3     1
 -5.6174032778420986E-02 a      2909     2    29     3     1
  2.0032999487006518E-02 a      2910     2    30     3     1
 -6.0137978559031680E-01 b      2911     3     1
