################################################################################
# Neural network connection values (weights and biases).
################################################################################
# Col  Name       Description
################################################################################
# 1    connection Neural network connection value.
# 2    t          Connection type (a = weight, b = bias).
# 3    index      Index enumerating weights.
# 4    l_s        Starting point layer (end point layer for biases).
# 5    n_s        Starting point neuron in starting layer (end point neuron for biases).
# 6    l_e        End point layer.
# 7    n_e        End point neuron in end layer.
################################################################################
#                      1 2         3     4     5     6     7
#             connection t     index   l_s   n_s   l_e   n_e
############################################################
 -3.5486828171116285E+00 a         1     0     1     1     1
  4.7745228123924592E+00 a         2     0     1     1     2
 -2.8204557192093453E+00 a         3     0     1     1     3
  9.3431349076989245E-01 a         4     0     1     1     4
  7.0481553231071441E+00 a         5     0     1     1     5
 -2.4147784324220263E+00 a         6     0     1     1     6
 -3.7085579063899337E+00 a         7     0     1     1     7
  1.4740496832091092E+00 a         8     0     1     1     8
 -5.9531366838688919E+00 a         9     0     1     1     9
 -3.4101230749058105E+00 a        10     0     1     1    10
 -1.9787517878347297E-01 a        11     0     1     1    11
  4.2502526078702152E+00 a        12     0     1     1    12
  8.1922048729113506E-01 a        13     0     1     1    13
 -2.1872849513915027E-01 a        14     0     1     1    14
  1.1834222663157150E+00 a        15     0     1     1    15
  2.5070830996799138E+00 a        16     0     1     1    16
  5.0027619550363855E+00 a        17     0     1     1    17
  1.6120418727075743E+00 a        18     0     1     1    18
  3.7928966085739142E+00 a        19     0     1     1    19
  1.1987754833498236E+00 a        20     0     1     1    20
 -1.0566930500337415E+00 a        21     0     1     1    21
  8.5938117923086565E-01 a        22     0     1     1    22
  1.4123310598654509E-01 a        23     0     1     1    23
 -3.8228279925961854E+00 a        24     0     1     1    24
  3.8627425761788636E+00 a        25     0     1     1    25
 -1.4994333818972569E+00 a        26     0     1     1    26
  2.2532145749861519E+00 a        27     0     1     1    27
  9.3065362440452333E+00 a        28     0     1     1    28
 -3.1855556267181449E+00 a        29     0     1     1    29
  6.1331260198049513E+00 a        30     0     1     1    30
 -8.2530077743018515E-01 a        31     0     2     1     1
 -7.7320980446296705E-01 a        32     0     2     1     2
 -1.8724284510530591E+00 a        33     0     2     1     3
  5.7538618872865870E+00 a        34     0     2     1     4
 -7.3959110854294421E+00 a        35     0     2     1     5
  7.5905451223124718E+00 a        36     0     2     1     6
 -1.8512157438013093E+00 a        37     0     2     1     7
  1.1858938622580346E+00 a        38     0     2     1     8
  7.4470075857179285E+00 a        39     0     2     1     9
  2.1329423682888615E+00 a        40     0     2     1    10
 -3.1432830279952162E-01 a        41     0     2     1    11
  2.5243068222080045E+00 a        42     0     2     1    12
 -3.5530432317013600E+00 a        43     0     2     1    13
  7.9581532718713834E+00 a        44     0     2     1    14
 -4.3593633247399088E+00 a        45     0     2     1    15
 -5.5985963405569770E+00 a        46     0     2     1    16
 -3.1025898850814388E+00 a        47     0     2     1    17
 -4.2336288801783830E+00 a        48     0     2     1    18
 -6.5842468335564623E+00 a        49     0     2     1    19
 -1.6876833011174297E+00 a        50     0     2     1    20
  1.8486642573233811E+00 a        51     0     2     1    21
 -9.7683173743710539E-01 a        52     0     2     1    22
 -1.3838958011659892E+00 a        53     0     2     1    23
 -1.4780370449313927E+00 a        54     0     2     1    24
  2.6896168678728030E+00 a        55     0     2     1    25
  1.6639119601854666E+00 a        56     0     2     1    26
  3.2122741760539801E+00 a        57     0     2     1    27
 -9.1260633096925545E+00 a        58     0     2     1    28
  6.6992682720659014E+00 a        59     0     2     1    29
  3.2027180135014075E+00 a        60     0     2     1    30
  6.5601414342551745E-01 a        61     0     3     1     1
  1.0911681257187327E+01 a        62     0     3     1     2
  1.6420731726175322E+00 a        63     0     3     1     3
 -3.2204977589427384E+00 a        64     0     3     1     4
 -2.1249035877443800E-01 a        65     0     3     1     5
  8.9558953596998521E+00 a        66     0     3     1     6
 -1.9217853258787893E-01 a        67     0     3     1     7
  5.3629825792846058E+00 a        68     0     3     1     8
 -2.3060350594809345E+00 a        69     0     3     1     9
 -3.9220557018194588E+00 a        70     0     3     1    10
 -1.6388534061111675E+00 a        71     0     3     1    11
  3.7491221088322817E+00 a        72     0     3     1    12
 -3.0423077598053232E+00 a        73     0     3     1    13
  1.1434776279011276E+01 a        74     0     3     1    14
  3.2877879623646051E+00 a        75     0     3     1    15
  1.2215465927305096E+00 a        76     0     3     1    16
  4.2234933165191366E+00 a        77     0     3     1    17
 -6.2632830272884350E+00 a        78     0     3     1    18
  4.0862860305115269E+00 a        79     0     3     1    19
 -2.4982695391150243E+00 a        80     0     3     1    20
 -5.0100371842374711E+00 a        81     0     3     1    21
 -7.8056792890994497E-01 a        82     0     3     1    22
  7.9688536066647258E+00 a        83     0     3     1    23
 -6.1634827082734107E+00 a        84     0     3     1    24
  7.2090806551690427E+00 a        85     0     3     1    25
 -1.1534438341652553E+00 a        86     0     3     1    26
  3.3864903024808917E+00 a        87     0     3     1    27
  8.6171770737040916E+00 a        88     0     3     1    28
 -7.6734183789883428E+00 a        89     0     3     1    29
  1.9985159627027511E+00 a        90     0     3     1    30
  6.7793271576245462E-01 a        91     0     4     1     1
 -6.9028438056529833E+00 a        92     0     4     1     2
  4.6023028938680559E+00 a        93     0     4     1     3
  8.2104186423712004E+00 a        94     0     4     1     4
 -6.6719612234407508E+00 a        95     0     4     1     5
  3.7932190378076349E+00 a        96     0     4     1     6
  8.8403428628014402E-01 a        97     0     4     1     7
  1.5313551130902528E+01 a        98     0     4     1     8
  5.3584215658861662E+00 a        99     0     4     1     9
  2.0888161640354365E+01 a       100     0     4     1    10
 -1.0368352086641268E+01 a       101     0     4     1    11
  4.6591580250706571E-01 a       102     0     4     1    12
 -9.9100838491540255E+00 a       103     0     4     1    13
  2.3218135997581552E+01 a       104     0     4     1    14
 -2.0861241487139779E+01 a       105     0     4     1    15
  6.1012168694015836E+00 a       106     0     4     1    16
 -7.3916999299335808E+00 a       107     0     4     1    17
  3.2822364299591387E+00 a       108     0     4     1    18
 -4.7961779910089115E+00 a       109     0     4     1    19
  2.5344149818192845E+00 a       110     0     4     1    20
  7.5943900032497575E+00 a       111     0     4     1    21
  3.9936767967206271E-01 a       112     0     4     1    22
  1.8702627170287155E+01 a       113     0     4     1    23
 -7.4348914115003444E+00 a       114     0     4     1    24
  9.0676576923580257E+00 a       115     0     4     1    25
 -9.6290454625819883E+00 a       116     0     4     1    26
 -3.2109677574954616E+00 a       117     0     4     1    27
 -2.5969636501258258E+01 a       118     0     4     1    28
  6.9210286626318593E+00 a       119     0     4     1    29
 -1.9199351013735065E+01 a       120     0     4     1    30
  5.8377738346098091E+00 a       121     0     5     1     1
 -2.3842400522644482E+01 a       122     0     5     1     2
  8.8890653186098074E+00 a       123     0     5     1     3
  3.0483495205394590E-01 a       124     0     5     1     4
 -1.3092256210904247E+00 a       125     0     5     1     5
 -5.8512495650590406E+00 a       126     0     5     1     6
  1.2821335553240672E+01 a       127     0     5     1     7
  6.3932217235607727E+00 a       128     0     5     1     8
  9.1201196168402596E+00 a       129     0     5     1     9
  2.3533487663195231E+01 a       130     0     5     1    10
 -1.1452330105995761E+01 a       131     0     5     1    11
 -6.4113274659562816E+00 a       132     0     5     1    12
 -1.7267809125422108E+01 a       133     0     5     1    13
  7.0129625884498337E+00 a       134     0     5     1    14
 -2.4535709346254500E+01 a       135     0     5     1    15
 -9.5558269428929474E+00 a       136     0     5     1    16
 -2.1722074538082733E+01 a       137     0     5     1    17
  2.4139234831810448E+01 a       138     0     5     1    18
 -1.1781643725746063E+01 a       139     0     5     1    19
  6.1538297615612549E+00 a       140     0     5     1    20
  1.5885151808004787E+01 a       141     0     5     1    21
  5.5721838073667991E+00 a       142     0     5     1    22
  1.0867491370109791E+01 a       143     0     5     1    23
 -1.5380392824690137E+01 a       144     0     5     1    24
  5.6705189266140366E+00 a       145     0     5     1    25
  2.6830521525237310E+00 a       146     0     5     1    26
 -7.2268308195943529E+00 a       147     0     5     1    27
 -1.5967270855770213E+01 a       148     0     5     1    28
 -3.2727959266688287E+00 a       149     0     5     1    29
  3.2088256929828485E+00 a       150     0     5     1    30
 -2.9674050301158781E+00 a       151     0     6     1     1
 -9.1617269424193886E+00 a       152     0     6     1     2
 -1.2335021158309004E+01 a       153     0     6     1     3
 -3.2846411418815804E+00 a       154     0     6     1     4
  1.6577587555417097E+01 a       155     0     6     1     5
  2.0919524928851317E+01 a       156     0     6     1     6
  2.7927745371389754E+01 a       157     0     6     1     7
  2.7292803684083773E+00 a       158     0     6     1     8
 -2.1391197981732080E+00 a       159     0     6     1     9
  5.1874251789423145E+00 a       160     0     6     1    10
  5.9868831639635438E+00 a       161     0     6     1    11
 -1.9476823797599931E+01 a       162     0     6     1    12
  2.5698204248985430E+00 a       163     0     6     1    13
  2.3076595253353148E+01 a       164     0     6     1    14
  2.6765511307504411E+01 a       165     0     6     1    15
  2.3633954353052600E+00 a       166     0     6     1    16
  3.0192924707842002E+00 a       167     0     6     1    17
  1.8264322735132588E+00 a       168     0     6     1    18
 -7.2249088244255577E-01 a       169     0     6     1    19
  2.0737015706646527E+00 a       170     0     6     1    20
 -4.3109242161568435E+00 a       171     0     6     1    21
  1.2023476078118746E+01 a       172     0     6     1    22
  2.0283072432855271E+00 a       173     0     6     1    23
 -1.1189448359748308E-01 a       174     0     6     1    24
  8.7382307621452497E+00 a       175     0     6     1    25
 -1.4270306104948334E+01 a       176     0     6     1    26
 -2.9082818273771931E+00 a       177     0     6     1    27
  2.2577881228338153E+01 a       178     0     6     1    28
 -3.1999702865838540E+00 a       179     0     6     1    29
 -1.0805961225109522E+01 a       180     0     6     1    30
  7.5861385002458329E-02 a       181     0     7     1     1
  6.0773744369329723E+00 a       182     0     7     1     2
  3.9973432323009974E+00 a       183     0     7     1     3
  1.6849879801038337E+00 a       184     0     7     1     4
 -1.2074874645740545E+01 a       185     0     7     1     5
 -1.0823849079961620E+01 a       186     0     7     1     6
 -1.4471539542334551E+01 a       187     0     7     1     7
 -5.4764776836080398E-01 a       188     0     7     1     8
 -3.5097213122808371E+00 a       189     0     7     1     9
 -1.7175164743991951E+00 a       190     0     7     1    10
 -2.6525601020637142E+00 a       191     0     7     1    11
  4.2237784563291054E+00 a       192     0     7     1    12
 -4.8151615109613761E+00 a       193     0     7     1    13
 -8.2094882403700016E+00 a       194     0     7     1    14
 -1.4374043980412223E+01 a       195     0     7     1    15
  2.8761275566168368E-03 a       196     0     7     1    16
 -1.3766866835368707E+00 a       197     0     7     1    17
 -2.2500097457220458E-01 a       198     0     7     1    18
  5.5020512110303599E-01 a       199     0     7     1    19
  2.4740099567886603E-01 a       200     0     7     1    20
  1.1040120435566791E+00 a       201     0     7     1    21
 -8.0865098409883611E+00 a       202     0     7     1    22
 -3.8802841161083118E-01 a       203     0     7     1    23
  9.3765035767733251E-01 a       204     0     7     1    24
 -1.0853837413707350E+00 a       205     0     7     1    25
  4.4930703871726516E+00 a       206     0     7     1    26
 -9.8984842085773206E-01 a       207     0     7     1    27
 -6.9766780003530728E+00 a       208     0     7     1    28
  8.8750043706307524E-01 a       209     0     7     1    29
  7.5595341378004361E+00 a       210     0     7     1    30
 -2.2920341308597285E+00 a       211     0     8     1     1
  2.6320820070728859E+00 a       212     0     8     1     2
 -1.1758775190659920E+00 a       213     0     8     1     3
 -2.1652157504813081E+00 a       214     0     8     1     4
  4.6436208539219148E+00 a       215     0     8     1     5
 -2.9526659157050550E+00 a       216     0     8     1     6
 -2.9224694192497651E+00 a       217     0     8     1     7
 -7.2136004516468799E-01 a       218     0     8     1     8
 -5.8743305128688252E+00 a       219     0     8     1     9
 -5.3306554790691356E+00 a       220     0     8     1    10
 -1.0645084933140045E+00 a       221     0     8     1    11
  2.4179203684571231E+00 a       222     0     8     1    12
 -4.5780011645744895E-01 a       223     0     8     1    13
 -1.4300716768247321E+00 a       224     0     8     1    14
 -1.7260624293617306E+00 a       225     0     8     1    15
  3.9763598504118186E-01 a       226     0     8     1    16
  1.3213941244253185E+00 a       227     0     8     1    17
  3.2978412914797475E+00 a       228     0     8     1    18
  2.1084991195232745E+00 a       229     0     8     1    19
  3.2863092552604392E+00 a       230     0     8     1    20
 -1.5164247579137280E+00 a       231     0     8     1    21
 -2.5301759375720884E-01 a       232     0     8     1    22
 -2.1202229128091260E-01 a       233     0     8     1    23
 -1.6456969860273172E+00 a       234     0     8     1    24
  1.5116967858159469E+00 a       235     0     8     1    25
 -3.3696401795696334E+00 a       236     0     8     1    26
  1.4894676282746271E+00 a       237     0     8     1    27
  6.1651501550477974E+00 a       238     0     8     1    28
 -3.6718964369799028E+00 a       239     0     8     1    29
  1.5208110309138347E+00 a       240     0     8     1    30
  6.3132116833229973E-02 a       241     0     9     1     1
 -5.1390089662939022E+00 a       242     0     9     1     2
 -3.0296086470015617E+00 a       243     0     9     1     3
  1.0194963499149218E-01 a       244     0     9     1     4
 -6.0257783571607986E+00 a       245     0     9     1     5
  9.2569482937091276E+00 a       246     0     9     1     6
  3.7619871439039942E-01 a       247     0     9     1     7
 -2.3193835578464048E+00 a       248     0     9     1     8
  7.1767838748045101E+00 a       249     0     9     1     9
  2.3664749304356030E+00 a       250     0     9     1    10
 -5.0297644156584442E-01 a       251     0     9     1    11
 -1.4928732468358288E+00 a       252     0     9     1    12
 -1.8361242251384460E+00 a       253     0     9     1    13
 -4.4947940851795898E-01 a       254     0     9     1    14
 -6.5232091435351469E+00 a       255     0     9     1    15
 -4.5523112555927296E+00 a       256     0     9     1    16
 -1.4982120540590007E+00 a       257     0     9     1    17
 -7.6613385551783919E+00 a       258     0     9     1    18
 -2.5392800556495629E+00 a       259     0     9     1    19
 -3.3169984731662105E+00 a       260     0     9     1    20
 -1.4544414686091538E+00 a       261     0     9     1    21
 -3.8389375510878190E+00 a       262     0     9     1    22
  2.3612391258102905E+00 a       263     0     9     1    23
  1.4627091491750952E+00 a       264     0     9     1    24
 -2.2273833387579431E+00 a       265     0     9     1    25
  7.3228987398906586E-01 a       266     0     9     1    26
  4.4792597360126880E+00 a       267     0     9     1    27
 -3.9588642476212170E+00 a       268     0     9     1    28
  8.4207001047789265E-01 a       269     0     9     1    29
  1.7372052665761273E+00 a       270     0     9     1    30
 -1.0018793353304824E+01 a       271     0    10     1     1
  5.4346901311498579E+00 a       272     0    10     1     2
 -4.9141987735213490E+00 a       273     0    10     1     3
 -2.1188795054693919E+00 a       274     0    10     1     4
 -7.8248579627135086E+00 a       275     0    10     1     5
  8.6107994756207500E+00 a       276     0    10     1     6
  8.2161929867993289E-01 a       277     0    10     1     7
  1.1635305177783655E+00 a       278     0    10     1     8
 -9.0268308859236424E+00 a       279     0    10     1     9
 -1.3282890376082355E+00 a       280     0    10     1    10
  1.6586087295062024E-01 a       281     0    10     1    11
 -1.1995677238067926E+00 a       282     0    10     1    12
  2.6959653791929550E+00 a       283     0    10     1    13
  4.1872158499822182E-01 a       284     0    10     1    14
  7.8382623449372071E+00 a       285     0    10     1    15
 -4.5311911340352728E-01 a       286     0    10     1    16
  2.7782817020834281E+00 a       287     0    10     1    17
 -9.8504290421583587E+00 a       288     0    10     1    18
  3.0649473176674471E+00 a       289     0    10     1    19
 -1.6827000318987591E+00 a       290     0    10     1    20
 -5.0342298409247341E+00 a       291     0    10     1    21
 -7.6305017618679472E-01 a       292     0    10     1    22
  1.2289949593186962E+00 a       293     0    10     1    23
  5.9396329254510549E-01 a       294     0    10     1    24
 -3.2387421259992508E+00 a       295     0    10     1    25
 -7.3432014626804847E+00 a       296     0    10     1    26
 -2.7802635260517081E+00 a       297     0    10     1    27
  3.4121620725253408E+00 a       298     0    10     1    28
 -1.5693120210975300E+00 a       299     0    10     1    29
  5.2000934185474645E-01 a       300     0    10     1    30
  9.6299066284380928E+00 a       301     0    11     1     1
  1.1038014127447697E+01 a       302     0    11     1     2
  8.9224174649114616E+00 a       303     0    11     1     3
  7.2278006228123894E+00 a       304     0    11     1     4
  1.5426733242083630E+00 a       305     0    11     1     5
 -1.5012610277682223E+01 a       306     0    11     1     6
 -2.6298803500883800E+01 a       307     0    11     1     7
 -2.3334652367879229E+00 a       308     0    11     1     8
  1.1612370629297068E+01 a       309     0    11     1     9
 -7.2554038980808890E+00 a       310     0    11     1    10
 -3.1798204141695048E+00 a       311     0    11     1    11
  2.9145497915890594E+01 a       312     0    11     1    12
  6.3457399962034344E+00 a       313     0    11     1    13
 -1.7743524846987285E+01 a       314     0    11     1    14
 -1.8305296077382330E+01 a       315     0    11     1    15
 -6.9575544596362446E+00 a       316     0    11     1    16
  2.5128350432021707E+00 a       317     0    11     1    17
 -5.8429613275944723E+00 a       318     0    11     1    18
 -2.3652779635683885E+00 a       319     0    11     1    19
  6.1563520382385628E-01 a       320     0    11     1    20
 -2.1288966492968537E+00 a       321     0    11     1    21
 -3.7628601752594215E+00 a       322     0    11     1    22
 -3.9736676615322262E+00 a       323     0    11     1    23
  3.1456350453406459E+00 a       324     0    11     1    24
 -8.3709887887465850E+00 a       325     0    11     1    25
  1.8841691397601000E+01 a       326     0    11     1    26
  1.7080952035909885E+01 a       327     0    11     1    27
 -2.7263376870226157E+01 a       328     0    11     1    28
  2.4539712433332865E+00 a       329     0    11     1    29
  2.4025224165325776E+00 a       330     0    11     1    30
  4.0724741195830305E-01 a       331     0    12     1     1
 -2.7741115682638227E+00 a       332     0    12     1     2
  8.1639413525709012E-02 a       333     0    12     1     3
 -2.5561545622335785E-01 a       334     0    12     1     4
 -1.1363495240358936E+00 a       335     0    12     1     5
  1.6968796540892039E+00 a       336     0    12     1     6
 -2.4519578050323099E-01 a       337     0    12     1     7
  6.6301399589043697E-01 a       338     0    12     1     8
  1.7950585973405491E+00 a       339     0    12     1     9
 -2.2323986818482044E-01 a       340     0    12     1    10
 -2.0972285805569610E-01 a       341     0    12     1    11
 -9.5200828133437376E-01 a       342     0    12     1    12
  9.0426762502532565E-02 a       343     0    12     1    13
  2.5743709703154277E-01 a       344     0    12     1    14
 -2.0285411984886519E+00 a       345     0    12     1    15
 -1.6955603158620813E+00 a       346     0    12     1    16
  2.0886765094231455E-01 a       347     0    12     1    17
  7.3227955993378013E-01 a       348     0    12     1    18
  9.6683066058809985E-01 a       349     0    12     1    19
 -2.7470232449226564E+00 a       350     0    12     1    20
  3.6670897916774503E-01 a       351     0    12     1    21
 -3.3897698170957929E-01 a       352     0    12     1    22
 -1.3723125057221712E+00 a       353     0    12     1    23
  9.2094698795776375E-01 a       354     0    12     1    24
 -1.1159362775598289E+00 a       355     0    12     1    25
  1.3861042542550928E+00 a       356     0    12     1    26
  3.6180291102969309E-01 a       357     0    12     1    27
  5.6966843607717899E-01 a       358     0    12     1    28
  2.0385040070116451E+00 a       359     0    12     1    29
  2.1726226037462548E+00 a       360     0    12     1    30
 -9.3266481804853196E-01 a       361     0    13     1     1
  1.1222355249623701E+00 a       362     0    13     1     2
  8.0731000092123772E-01 a       363     0    13     1     3
  5.9744350096354371E-01 a       364     0    13     1     4
  1.6733469082240087E+00 a       365     0    13     1     5
 -3.1789802929631557E+00 a       366     0    13     1     6
  1.4174558708282148E+00 a       367     0    13     1     7
  1.9992676839508947E+00 a       368     0    13     1     8
 -5.5835387674454910E+00 a       369     0    13     1     9
 -3.5843188014107672E+00 a       370     0    13     1    10
 -1.6325446028231501E+00 a       371     0    13     1    11
  2.2557372534744946E+00 a       372     0    13     1    12
 -9.9690920155661347E-02 a       373     0    13     1    13
 -1.6232266293918399E-01 a       374     0    13     1    14
 -5.3436541821040712E-02 a       375     0    13     1    15
 -6.2305451800503542E-01 a       376     0    13     1    16
 -5.5314224930218547E-01 a       377     0    13     1    17
 -1.1135718313376943E+00 a       378     0    13     1    18
  1.8992627611172914E+00 a       379     0    13     1    19
  5.4256097120375166E+00 a       380     0    13     1    20
 -1.0524268999272550E+00 a       381     0    13     1    21
  2.3437514589346491E+00 a       382     0    13     1    22
  1.5687768861935742E+00 a       383     0    13     1    23
 -2.2351510850109413E-01 a       384     0    13     1    24
  6.3980009517678604E-01 a       385     0    13     1    25
 -2.2920374750491299E+00 a       386     0    13     1    26
 -3.1677700469438896E+00 a       387     0    13     1    27
  1.5995853319061608E+00 a       388     0    13     1    28
 -2.6274756931653114E+00 a       389     0    13     1    29
 -3.7309932600557465E+00 a       390     0    13     1    30
  5.7482024569799528E-01 a       391     0    14     1     1
 -9.3558256009218932E-01 a       392     0    14     1     2
  4.6894763591325056E-01 a       393     0    14     1     3
  1.4153846917890629E+00 a       394     0    14     1     4
 -5.9353925895011175E+00 a       395     0    14     1     5
  4.7711769934666499E+00 a       396     0    14     1     6
  3.3805194003703334E+00 a       397     0    14     1     7
  6.6933118557174243E-01 a       398     0    14     1     8
  4.6467525103735277E+00 a       399     0    14     1     9
  4.0718329231111419E+00 a       400     0    14     1    10
  8.5310176886401490E-01 a       401     0    14     1    11
 -5.0114850670572606E+00 a       402     0    14     1    12
 -5.5329990026308429E-01 a       403     0    14     1    13
 -8.0792157080106353E-01 a       404     0    14     1    14
 -2.6241718936813530E+00 a       405     0    14     1    15
 -1.1593672964063841E+00 a       406     0    14     1    16
  1.6872542356819240E-01 a       407     0    14     1    17
 -3.7476472694503604E+00 a       408     0    14     1    18
 -3.2018877683413351E+00 a       409     0    14     1    19
 -5.5487930838746680E-01 a       410     0    14     1    20
 -2.3578964131916302E-01 a       411     0    14     1    21
 -4.2541683835493354E+00 a       412     0    14     1    22
 -1.5810183929825052E+00 a       413     0    14     1    23
  1.4871358032682915E+00 a       414     0    14     1    24
 -1.0943830373181833E+00 a       415     0    14     1    25
  1.1107193730833751E+00 a       416     0    14     1    26
  1.6197269513647092E+00 a       417     0    14     1    27
 -2.4078470855476137E+00 a       418     0    14     1    28
  1.6780187883856598E-01 a       419     0    14     1    29
  3.0984286243679859E+00 a       420     0    14     1    30
  5.0059789412236890E+00 a       421     0    15     1     1
  2.8254621772964992E+01 a       422     0    15     1     2
 -7.1054142111473979E+00 a       423     0    15     1     3
 -9.8942950710606858E+00 a       424     0    15     1     4
 -5.4732967713318859E+00 a       425     0    15     1     5
 -5.5924507849866165E+00 a       426     0    15     1     6
 -7.4105685148838756E+00 a       427     0    15     1     7
 -8.8282291117449603E+00 a       428     0    15     1     8
  2.6134659168085408E+00 a       429     0    15     1     9
 -3.6518965449433963E+01 a       430     0    15     1    10
  1.1468754693647595E+01 a       431     0    15     1    11
 -2.5396457931633297E+01 a       432     0    15     1    12
  1.1713471471325034E+01 a       433     0    15     1    13
 -1.8734851202595536E+01 a       434     0    15     1    14
  3.0682270353910383E+01 a       435     0    15     1    15
  1.1304772886957191E+00 a       436     0    15     1    16
  2.0952999324407660E+01 a       437     0    15     1    17
  1.1361774507378286E+01 a       438     0    15     1    18
  1.3732382278675297E+01 a       439     0    15     1    19
 -1.1787668863100359E+01 a       440     0    15     1    20
 -5.5419048134480207E+00 a       441     0    15     1    21
  5.5946328190048140E+00 a       442     0    15     1    22
 -2.1803113725581542E+00 a       443     0    15     1    23
  1.8266399560979043E+01 a       444     0    15     1    24
  1.6550338897014383E+00 a       445     0    15     1    25
  2.8229540556487933E+00 a       446     0    15     1    26
 -2.0276221939371428E+00 a       447     0    15     1    27
  2.0409559363111921E+01 a       448     0    15     1    28
  4.3068057692086299E+00 a       449     0    15     1    29
  1.1441101013883904E+01 a       450     0    15     1    30
 -3.8875149495016532E+00 a       451     0    16     1     1
 -1.1752795611450834E+01 a       452     0    16     1     2
  6.0171010349144338E-01 a       453     0    16     1     3
 -1.2737262132490265E+01 a       454     0    16     1     4
 -2.3541483018898937E+01 a       455     0    16     1     5
  6.3561027676098174E+00 a       456     0    16     1     6
  1.8619916368098426E+01 a       457     0    16     1     7
  7.0652058326323175E+00 a       458     0    16     1     8
 -3.3409813046705903E+00 a       459     0    16     1     9
  9.2160425785598914E+00 a       460     0    16     1    10
 -8.2749620957941286E+00 a       461     0    16     1    11
 -3.0705750925342716E+01 a       462     0    16     1    12
 -1.8171893476087636E+01 a       463     0    16     1    13
  1.3656601013518992E+01 a       464     0    16     1    14
 -8.2962854785284161E+00 a       465     0    16     1    15
 -2.2916728648211537E-01 a       466     0    16     1    16
 -1.1118394967096817E+01 a       467     0    16     1    17
  1.6747796691523412E+01 a       468     0    16     1    18
 -1.4318435376096667E-01 a       469     0    16     1    19
  5.4404724645571015E-02 a       470     0    16     1    20
  1.4465961505634610E+01 a       471     0    16     1    21
  5.1786046937705681E+00 a       472     0    16     1    22
  1.8459252443163944E+01 a       473     0    16     1    23
 -1.3672364088092300E+01 a       474     0    16     1    24
  7.0419540303506718E+00 a       475     0    16     1    25
 -1.2264818553289393E+01 a       476     0    16     1    26
 -2.4391113722252243E+01 a       477     0    16     1    27
  5.6595959296810534E+00 a       478     0    16     1    28
 -8.4181507557606150E-01 a       479     0    16     1    29
  4.1278023995179192E+00 a       480     0    16     1    30
 -5.8372145810800307E+00 a       481     0    17     1     1
  9.8988803865240760E-01 a       482     0    17     1     2
 -1.2296036348985654E+01 a       483     0    17     1     3
  1.2472215846459344E+01 a       484     0    17     1     4
 -2.6502599412616568E+00 a       485     0    17     1     5
  8.1326592552250332E-01 a       486     0    17     1     6
  1.8677859629868949E+00 a       487     0    17     1     7
 -2.0321778495679478E+01 a       488     0    17     1     8
  3.5294276494006960E+00 a       489     0    17     1     9
 -2.0068705680340116E+01 a       490     0    17     1    10
  1.1578085162314244E+01 a       491     0    17     1    11
  3.8180721792985666E+00 a       492     0    17     1    12
 -9.1518987333272561E-01 a       493     0    17     1    13
 -1.3529796000191832E+01 a       494     0    17     1    14
  1.5756242701697962E+01 a       495     0    17     1    15
 -1.5322239484313569E+01 a       496     0    17     1    16
  2.6042933152858754E+00 a       497     0    17     1    17
  1.4305022155338003E+01 a       498     0    17     1    18
 -2.1253136892554490E+01 a       499     0    17     1    19
  1.7522348842623614E+01 a       500     0    17     1    20
 -3.2092429616114218E+00 a       501     0    17     1    21
  8.4135786555532803E+00 a       502     0    17     1    22
 -8.5370216540008670E+00 a       503     0    17     1    23
 -1.5090593481288892E+00 a       504     0    17     1    24
 -2.6971104323373579E-01 a       505     0    17     1    25
  1.3351087529701090E+01 a       506     0    17     1    26
 -4.0133749756976833E+00 a       507     0    17     1    27
 -4.7738870887670624E+00 a       508     0    17     1    28
  1.9938576698700455E+01 a       509     0    17     1    29
  2.1703076791980141E+01 a       510     0    17     1    30
 -2.3570681913319113E+01 a       511     0    18     1     1
  4.5625384913266300E+00 a       512     0    18     1     2
 -4.2412494614390617E-01 a       513     0    18     1     3
 -1.3018408873299281E+01 a       514     0    18     1     4
  5.2632566729249346E+00 a       515     0    18     1     5
  4.8300067518822072E+00 a       516     0    18     1     6
  2.3222339618089087E+00 a       517     0    18     1     7
  7.5261754684350801E-01 a       518     0    18     1     8
  1.2080252590123603E+01 a       519     0    18     1     9
  1.4589516121334375E+01 a       520     0    18     1    10
 -1.2529934733408888E+01 a       521     0    18     1    11
 -9.0999759566434535E-01 a       522     0    18     1    12
 -7.4044267492899332E+00 a       523     0    18     1    13
  1.2148807943192073E+01 a       524     0    18     1    14
 -4.9230332055318629E+00 a       525     0    18     1    15
 -5.7465678803899092E+00 a       526     0    18     1    16
 -2.1601072120116172E+01 a       527     0    18     1    17
 -3.4405033747476736E+01 a       528     0    18     1    18
 -2.8756725844998549E+01 a       529     0    18     1    19
  1.8735710101998826E-01 a       530     0    18     1    20
 -7.1145665931504380E+00 a       531     0    18     1    21
  6.8059703375432274E+00 a       532     0    18     1    22
  3.3763179812138948E+00 a       533     0    18     1    23
  5.8179266945468076E+00 a       534     0    18     1    24
  2.0625772179446489E+01 a       535     0    18     1    25
  8.4543301884627571E+00 a       536     0    18     1    26
  3.1317327571435754E+00 a       537     0    18     1    27
 -2.0162114984205690E+01 a       538     0    18     1    28
 -7.9753002371816528E+00 a       539     0    18     1    29
  1.7399096593535358E+01 a       540     0    18     1    30
  1.7132676453222455E+01 a       541     0    19     1     1
 -3.2113761339954422E+01 a       542     0    19     1     2
 -1.3394519978901325E+01 a       543     0    19     1     3
 -2.2069643938874974E+00 a       544     0    19     1     4
  5.1809392865760682E+00 a       545     0    19     1     5
  6.6852355091864979E+00 a       546     0    19     1     6
  4.5196505474033204E+00 a       547     0    19     1     7
  1.3922940808145297E+01 a       548     0    19     1     8
  1.2454361486035392E+01 a       549     0    19     1     9
  1.1167852609248241E+01 a       550     0    19     1    10
 -9.3036363004379230E-01 a       551     0    19     1    11
 -7.0437299398220938E+00 a       552     0    19     1    12
  2.8441839677918801E-01 a       553     0    19     1    13
  2.6377073820177042E+01 a       554     0    19     1    14
  1.2222197342202765E+00 a       555     0    19     1    15
  7.1556846111472519E+00 a       556     0    19     1    16
 -4.8948247583018469E+00 a       557     0    19     1    17
  1.6679622785938541E+01 a       558     0    19     1    18
  9.2347811145288912E+00 a       559     0    19     1    19
 -1.2960321066060752E+01 a       560     0    19     1    20
  1.0697243442442113E+01 a       561     0    19     1    21
  7.4407971470068563E+00 a       562     0    19     1    22
  1.2282389911418001E+01 a       563     0    19     1    23
  6.8082075168291274E+00 a       564     0    19     1    24
  2.6791956279666678E+01 a       565     0    19     1    25
 -2.3074218236539039E+00 a       566     0    19     1    26
  7.8911777611703053E+00 a       567     0    19     1    27
  4.1628818083254213E+00 a       568     0    19     1    28
 -4.0163169521730522E+00 a       569     0    19     1    29
 -2.1829851013440834E+01 a       570     0    19     1    30
 -2.1392377321239919E-01 a       571     0    20     1     1
  1.4407607894398277E+01 a       572     0    20     1     2
  7.0174087306800201E+00 a       573     0    20     1     3
 -2.1677664689416294E+00 a       574     0    20     1     4
 -3.4666508634977840E+00 a       575     0    20     1     5
 -6.7906266010019669E+00 a       576     0    20     1     6
  7.1752177352849635E+00 a       577     0    20     1     7
 -6.7591016346273767E+00 a       578     0    20     1     8
  1.4338913722778253E+00 a       579     0    20     1     9
 -9.7442648346128138E+00 a       580     0    20     1    10
 -8.1495332419966571E-01 a       581     0    20     1    11
 -6.0769187632276802E+00 a       582     0    20     1    12
  3.2985568173886066E+00 a       583     0    20     1    13
 -4.6151546271282777E+00 a       584     0    20     1    14
 -1.7148354563659358E+00 a       585     0    20     1    15
  8.3033620021730670E+00 a       586     0    20     1    16
 -7.2360273352025093E+00 a       587     0    20     1    17
  1.4201264877865862E+00 a       588     0    20     1    18
  1.4201945473649021E+01 a       589     0    20     1    19
  1.4884330477765182E+01 a       590     0    20     1    20
  4.4066938490169898E+00 a       591     0    20     1    21
  4.7201889792656653E+00 a       592     0    20     1    22
 -1.5627988269290146E+01 a       593     0    20     1    23
  1.2030547574124954E+01 a       594     0    20     1    24
 -1.6089524883888927E+01 a       595     0    20     1    25
  3.3343249479572936E+00 a       596     0    20     1    26
 -1.3079896186511004E+01 a       597     0    20     1    27
  2.3962019590248673E+01 a       598     0    20     1    28
  9.8194876584053716E+00 a       599     0    20     1    29
  4.4694878370374074E+00 a       600     0    20     1    30
  1.2086965591347520E+00 a       601     0    21     1     1
  2.2493181039294563E+00 a       602     0    21     1     2
 -2.2303040973401906E+01 a       603     0    21     1     3
  2.5458696215063984E+01 a       604     0    21     1     4
 -6.2615647907508247E+00 a       605     0    21     1     5
 -1.0187762645921659E+01 a       606     0    21     1     6
  1.9044844574133664E+00 a       607     0    21     1     7
  1.2193761539741834E+00 a       608     0    21     1     8
 -1.9809833742678329E+00 a       609     0    21     1     9
 -2.4256572502401634E+00 a       610     0    21     1    10
  3.5829027154959125E+00 a       611     0    21     1    11
  3.7483162527120877E+00 a       612     0    21     1    12
  1.2767337065100188E+01 a       613     0    21     1    13
 -3.3065046100117705E+01 a       614     0    21     1    14
  1.6105659406297484E+01 a       615     0    21     1    15
  7.6220331221788555E+00 a       616     0    21     1    16
  4.3417035412704728E+00 a       617     0    21     1    17
  1.3154979364157908E+01 a       618     0    21     1    18
  5.8060930005714795E+00 a       619     0    21     1    19
  1.0018788605065051E+01 a       620     0    21     1    20
  1.5556279228023099E+01 a       621     0    21     1    21
  2.2848119003429336E+01 a       622     0    21     1    22
 -1.9305631845828106E+01 a       623     0    21     1    23
  4.8903005818208172E+00 a       624     0    21     1    24
 -1.9204561968055589E+00 a       625     0    21     1    25
  6.5473497917832324E+00 a       626     0    21     1    26
 -1.0622073235303256E+01 a       627     0    21     1    27
  1.0866152316071108E+01 a       628     0    21     1    28
  2.8113369923226461E+01 a       629     0    21     1    29
  2.0001182650250623E+01 a       630     0    21     1    30
  2.3673836656166703E+01 a       631     0    22     1     1
 -3.3800899860175100E+01 a       632     0    22     1     2
 -1.8326235891143789E+01 a       633     0    22     1     3
 -3.3194661567326387E+00 a       634     0    22     1     4
 -3.0109043473882906E+00 a       635     0    22     1     5
 -1.6245224169700169E+01 a       636     0    22     1     6
 -2.5218790787192273E+01 a       637     0    22     1     7
  2.2653888554607406E+01 a       638     0    22     1     8
  2.3797112082067460E+00 a       639     0    22     1     9
 -1.4710235444478936E+01 a       640     0    22     1    10
  1.2175281022799664E+01 a       641     0    22     1    11
  2.8079119893518207E+00 a       642     0    22     1    12
 -5.5170517681962776E+00 a       643     0    22     1    13
  7.4439488737435888E-01 a       644     0    22     1    14
 -5.4170557745722805E+00 a       645     0    22     1    15
 -1.5842060263348170E+00 a       646     0    22     1    16
  2.2982407846841241E+01 a       647     0    22     1    17
  1.8711140478053075E+01 a       648     0    22     1    18
  5.2422580403894514E+00 a       649     0    22     1    19
 -5.6967752992324465E+00 a       650     0    22     1    20
  2.2717559016703661E+00 a       651     0    22     1    21
 -1.8985259759407963E+01 a       652     0    22     1    22
  2.5332514881375353E+01 a       653     0    22     1    23
 -1.8298632821487573E+01 a       654     0    22     1    24
  3.9490182172623256E+00 a       655     0    22     1    25
 -3.0941294024899832E+01 a       656     0    22     1    26
  1.4834856549535745E+01 a       657     0    22     1    27
 -3.6849937786904562E+01 a       658     0    22     1    28
 -2.0083651807334196E+01 a       659     0    22     1    29
 -3.1415851090027516E+01 a       660     0    22     1    30
 -7.4583614793585773E-01 a       661     0    23     1     1
  3.0216538255897213E+01 a       662     0    23     1     2
  3.3423503298442597E+01 a       663     0    23     1     3
 -2.4277097855891201E+00 a       664     0    23     1     4
 -6.2317084270003482E+00 a       665     0    23     1     5
 -1.6833929774684300E+00 a       666     0    23     1     6
  7.8490630398581258E+00 a       667     0    23     1     7
  1.0618153271873597E+01 a       668     0    23     1     8
 -1.4515804891863105E+01 a       669     0    23     1     9
  2.6276168712676963E+01 a       670     0    23     1    10
 -6.6442488952978271E+00 a       671     0    23     1    11
  2.0349430151525379E+01 a       672     0    23     1    12
 -4.0970985433884710E-01 a       673     0    23     1    13
 -6.8008835057831476E+00 a       674     0    23     1    14
  3.5339545287574996E+00 a       675     0    23     1    15
  2.6116291812234160E+00 a       676     0    23     1    16
  3.9172730511826459E+00 a       677     0    23     1    17
 -1.4175902251445168E+01 a       678     0    23     1    18
  2.8413173980033061E+01 a       679     0    23     1    19
 -6.5718933554922785E+00 a       680     0    23     1    20
 -1.0931412217944535E+01 a       681     0    23     1    21
  8.9267076581474969E-01 a       682     0    23     1    22
 -1.4725103503090081E+01 a       683     0    23     1    23
  2.2488378370975731E+01 a       684     0    23     1    24
 -1.8230639832692241E+01 a       685     0    23     1    25
 -6.2705885268698367E+00 a       686     0    23     1    26
  1.3379148329836180E+01 a       687     0    23     1    27
  2.7703979289925758E+00 a       688     0    23     1    28
 -6.0693282986037076E+00 a       689     0    23     1    29
  8.4161100913309728E+00 a       690     0    23     1    30
 -8.3546689114893669E-01 a       691     0    24     1     1
 -2.0993705509808738E+01 a       692     0    24     1     2
  7.6138248427480590E+00 a       693     0    24     1     3
 -3.7470283021880797E+00 a       694     0    24     1     4
  8.7106685321586994E+00 a       695     0    24     1     5
  2.0987753678445905E+01 a       696     0    24     1     6
  1.6898453723944753E+00 a       697     0    24     1     7
  1.7928028734784469E+01 a       698     0    24     1     8
  2.3212566798493954E+00 a       699     0    24     1     9
  1.0467510337365084E+01 a       700     0    24     1    10
 -2.0317097762748588E+00 a       701     0    24     1    11
 -1.7838355199887126E+00 a       702     0    24     1    12
 -1.3068669865702074E+00 a       703     0    24     1    13
  2.9717983661777165E+01 a       704     0    24     1    14
 -1.6035442887296323E+01 a       705     0    24     1    15
 -8.2934860255385701E+00 a       706     0    24     1    16
 -7.9201997351263991E+00 a       707     0    24     1    17
 -2.3155333879923596E+01 a       708     0    24     1    18
 -1.0371183391688103E+01 a       709     0    24     1    19
 -1.7294066724234074E+01 a       710     0    24     1    20
 -1.5033305241366319E+00 a       711     0    24     1    21
 -6.8324841367099278E+00 a       712     0    24     1    22
  3.5788127227034932E+00 a       713     0    24     1    23
 -2.1544711842700352E+01 a       714     0    24     1    24
 -7.8451975917700985E+00 a       715     0    24     1    25
 -2.3574061198120426E+00 a       716     0    24     1    26
  1.7511892099430740E-01 a       717     0    24     1    27
  1.0815244019620996E+01 a       718     0    24     1    28
 -2.9458668934860412E+01 a       719     0    24     1    29
 -1.1907379767048631E+01 a       720     0    24     1    30
 -8.1851116825203754E+00 a       721     0    25     1     1
  2.8738120275507868E+01 a       722     0    25     1     2
  1.6385372913342852E+01 a       723     0    25     1     3
  1.6596861061125745E+00 a       724     0    25     1     4
 -9.3467454595181962E+00 a       725     0    25     1     5
 -7.8301728788560681E+00 a       726     0    25     1     6
  4.0220953376574728E+00 a       727     0    25     1     7
 -1.6715017740809206E+01 a       728     0    25     1     8
 -3.1626432035472494E+00 a       729     0    25     1     9
 -1.7515428993933135E-01 a       730     0    25     1    10
  6.5603515619892487E+00 a       731     0    25     1    11
 -2.0418917212042167E+01 a       732     0    25     1    12
  9.7537562381523308E+00 a       733     0    25     1    13
 -2.4924148106355311E+01 a       734     0    25     1    14
  8.6475531893966853E+00 a       735     0    25     1    15
  1.5343255783591092E+01 a       736     0    25     1    16
 -2.2173450066961916E+01 a       737     0    25     1    17
  1.1175812869147240E+01 a       738     0    25     1    18
  6.0495656795301764E+00 a       739     0    25     1    19
  1.3608844191420395E+01 a       740     0    25     1    20
  9.3866433245388041E+00 a       741     0    25     1    21
  1.9452599352030695E+01 a       742     0    25     1    22
 -3.6261170481903427E+01 a       743     0    25     1    23
  2.4170386486636076E+01 a       744     0    25     1    24
 -1.8835292958838323E+01 a       745     0    25     1    25
  2.2959868904740990E+01 a       746     0    25     1    26
 -2.6901652137061408E+01 a       747     0    25     1    27
  4.8908364433419457E+01 a       748     0    25     1    28
  2.1858667159111711E+01 a       749     0    25     1    29
  2.8682438367384595E+01 a       750     0    25     1    30
 -1.6596236815882012E+01 a       751     0    26     1     1
  1.2941328238263209E+01 a       752     0    26     1     2
 -8.6548569755284941E+00 a       753     0    26     1     3
 -5.5205427819259665E+00 a       754     0    26     1     4
 -3.7227853665180559E+00 a       755     0    26     1     5
 -6.5267198589020747E+00 a       756     0    26     1     6
 -1.8153829383872711E+01 a       757     0    26     1     7
 -1.6963757675397961E+01 a       758     0    26     1     8
 -3.1415019734798064E+00 a       759     0    26     1     9
 -2.4005221600006280E+01 a       760     0    26     1    10
  2.6124513238546443E-01 a       761     0    26     1    11
  5.3575452367451124E+00 a       762     0    26     1    12
  8.0780784118723881E-01 a       763     0    26     1    13
 -1.5068466474742149E+01 a       764     0    26     1    14
 -6.2612412459306235E+00 a       765     0    26     1    15
  1.0203383852356852E+01 a       766     0    26     1    16
 -2.9734462961655579E+00 a       767     0    26     1    17
 -7.8137613500931904E+00 a       768     0    26     1    18
 -1.4667131509680388E+01 a       769     0    26     1    19
  1.9102545044682266E+01 a       770     0    26     1    20
 -7.8957134880549240E-01 a       771     0    26     1    21
 -8.3191429823596827E+00 a       772     0    26     1    22
  8.1049226605887648E-01 a       773     0    26     1    23
 -1.7308364560862163E+01 a       774     0    26     1    24
 -1.4599922050390962E+01 a       775     0    26     1    25
 -2.6854081613347187E+00 a       776     0    26     1    26
 -3.2479964120336007E+00 a       777     0    26     1    27
 -1.5120200684775668E+01 a       778     0    26     1    28
  1.0224328712652103E+01 a       779     0    26     1    29
  2.0623889596176497E+00 a       780     0    26     1    30
 -1.5185484294550259E+01 a       781     0    27     1     1
  3.0851592519257323E+00 a       782     0    27     1     2
 -8.8129945896041679E+00 a       783     0    27     1     3
  2.6311629665214524E+00 a       784     0    27     1     4
  6.6411881546690728E+00 a       785     0    27     1     5
  1.7463502841022095E+01 a       786     0    27     1     6
  1.1471182122049472E+01 a       787     0    27     1     7
 -8.7715345163693748E+00 a       788     0    27     1     8
 -8.0091299404316967E+00 a       789     0    27     1     9
  1.6304490381441202E+01 a       790     0    27     1    10
 -9.5216987016918537E+00 a       791     0    27     1    11
  1.3326846541049802E+01 a       792     0    27     1    12
 -9.6421932288083188E+00 a       793     0    27     1    13
  7.0718715143108275E+00 a       794     0    27     1    14
  4.8737867852659731E+00 a       795     0    27     1    15
 -1.9044350222793696E+01 a       796     0    27     1    16
  6.2052874353535268E+00 a       797     0    27     1    17
 -1.6125629724605073E+01 a       798     0    27     1    18
 -1.4130413798734208E+01 a       799     0    27     1    19
 -9.8067580263926004E+00 a       800     0    27     1    20
 -1.1470188314776404E+01 a       801     0    27     1    21
  4.7123951888675206E+00 a       802     0    27     1    22
  5.7267930950850729E+00 a       803     0    27     1    23
 -1.1354108203920051E+01 a       804     0    27     1    24
  1.8784330242644867E+01 a       805     0    27     1    25
  6.8063793449222825E+00 a       806     0    27     1    26
  9.7179075433188160E+00 a       807     0    27     1    27
 -9.3931579415995738E+00 a       808     0    27     1    28
 -2.6503302734474716E+00 a       809     0    27     1    29
  2.1273812889033370E+00 a       810     0    27     1    30
  8.5800668277560610E-01 a       811     0    28     1     1
 -2.1482295827850400E+01 a       812     0    28     1     2
  6.4349670185231762E+00 a       813     0    28     1     3
 -1.3781538759617021E+01 a       814     0    28     1     4
  9.5774863243935293E+00 a       815     0    28     1     5
  1.0968212005213953E+01 a       816     0    28     1     6
 -2.9041746763532612E+00 a       817     0    28     1     7
 -1.1748580018181034E+01 a       818     0    28     1     8
  2.0264044669012743E-01 a       819     0    28     1     9
 -1.3262548479171658E+01 a       820     0    28     1    10
  4.5861115418214169E+00 a       821     0    28     1    11
  5.8632685247101604E+00 a       822     0    28     1    12
 -1.4069845793658688E+01 a       823     0    28     1    13
  1.5140408132397029E+01 a       824     0    28     1    14
 -1.4365382121008983E+01 a       825     0    28     1    15
 -1.8471044120491236E+01 a       826     0    28     1    16
 -2.5667476386254862E-01 a       827     0    28     1    17
 -1.7195169703906405E+01 a       828     0    28     1    18
 -1.2464063564299074E+01 a       829     0    28     1    19
 -1.3170389267207736E+00 a       830     0    28     1    20
 -8.4548802241086456E+00 a       831     0    28     1    21
 -2.4351821972620279E+01 a       832     0    28     1    22
  2.9761216329219958E-01 a       833     0    28     1    23
 -1.2336637941187472E+01 a       834     0    28     1    24
 -3.5162252606769451E-01 a       835     0    28     1    25
 -9.5994301751031461E+00 a       836     0    28     1    26
  1.3173597645715494E+01 a       837     0    28     1    27
 -1.6412525064913403E+01 a       838     0    28     1    28
 -1.8553937705883879E+01 a       839     0    28     1    29
 -1.1483093970788410E+01 a       840     0    28     1    30
 -9.1872624842744504E+00 a       841     0    29     1     1
  1.1294810831974038E+00 a       842     0    29     1     2
 -1.7370008515910563E+01 a       843     0    29     1     3
  1.2630480617326992E+01 a       844     0    29     1     4
  4.4381814900017238E+00 a       845     0    29     1     5
 -4.5150063857373690E-02 a       846     0    29     1     6
  1.2875978370592524E+01 a       847     0    29     1     7
  1.0761835456535790E+01 a       848     0    29     1     8
 -5.0180289626394483E+00 a       849     0    29     1     9
  2.6435163907990862E+01 a       850     0    29     1    10
 -1.5901618297830357E+01 a       851     0    29     1    11
  3.8037190196575658E+01 a       852     0    29     1    12
  8.4106771037746029E+00 a       853     0    29     1    13
  1.6100490190085797E+01 a       854     0    29     1    14
  5.7816187617132293E+00 a       855     0    29     1    15
 -1.4330652459405195E+00 a       856     0    29     1    16
  1.6371523889444727E+01 a       857     0    29     1    17
 -2.3629343237592483E+01 a       858     0    29     1    18
  8.6652395298787575E+00 a       859     0    29     1    19
  4.5114804821939608E-01 a       860     0    29     1    20
 -1.1257203148715059E+01 a       861     0    29     1    21
 -1.0325151933149685E+00 a       862     0    29     1    22
  1.7322827716506414E+01 a       863     0    29     1    23
 -6.5681180992526418E+00 a       864     0    29     1    24
  1.2154082016384988E+01 a       865     0    29     1    25
 -3.9683626497700242E-01 a       866     0    29     1    26
  1.5484379747289339E+01 a       867     0    29     1    27
 -1.5864344105971004E+01 a       868     0    29     1    28
 -1.4970893484587666E+01 a       869     0    29     1    29
 -3.2885226440949058E+00 a       870     0    29     1    30
 -8.3914771509755468E+00 a       871     0    30     1     1
  2.3996544416388584E+01 a       872     0    30     1     2
  8.0212374688400931E+00 a       873     0    30     1     3
 -5.7068636529106476E+00 a       874     0    30     1     4
  2.2702517050110620E+00 a       875     0    30     1     5
  2.4620160041542523E+00 a       876     0    30     1     6
  1.7693725045269075E+00 a       877     0    30     1     7
 -4.4834053853415412E+00 a       878     0    30     1     8
 -1.1979331959784659E+01 a       879     0    30     1     9
 -5.3653671820289954E+00 a       880     0    30     1    10
 -3.6813274665566365E+00 a       881     0    30     1    11
  1.6529944471091110E+01 a       882     0    30     1    12
 -6.9812715453625787E+00 a       883     0    30     1    13
  1.4465775942687492E-01 a       884     0    30     1    14
  4.6914281773061157E+00 a       885     0    30     1    15
  7.4847180405434424E+00 a       886     0    30     1    16
 -5.4960346942215177E-01 a       887     0    30     1    17
 -1.3378238764507435E+01 a       888     0    30     1    18
  1.4291185577282205E+01 a       889     0    30     1    19
  4.4658032797610137E-01 a       890     0    30     1    20
 -1.7627343114879119E+00 a       891     0    30     1    21
 -8.8623802324320771E+00 a       892     0    30     1    22
 -4.1527111688691329E+00 a       893     0    30     1    23
  2.6225182244398869E+01 a       894     0    30     1    24
  9.4092692399447699E+00 a       895     0    30     1    25
  2.7684714901368954E+00 a       896     0    30     1    26
  7.5707020780426921E+00 a       897     0    30     1    27
 -2.2991681620533729E+01 a       898     0    30     1    28
  5.9295235419499281E+00 a       899     0    30     1    29
 -1.0892336631556934E+00 a       900     0    30     1    30
  6.2072650408687045E+00 a       901     0    31     1     1
 -9.6477576776516383E+00 a       902     0    31     1     2
 -2.4728460156403287E+01 a       903     0    31     1     3
  6.0313410478913347E+00 a       904     0    31     1     4
 -4.2054230050272832E+00 a       905     0    31     1     5
 -7.0643303364470187E+00 a       906     0    31     1     6
 -8.3741950366237088E+00 a       907     0    31     1     7
 -1.0657651476373548E+01 a       908     0    31     1     8
  6.7042623694640398E+00 a       909     0    31     1     9
  3.5596687328938370E+00 a       910     0    31     1    10
 -2.6637251304586895E-01 a       911     0    31     1    11
 -8.0719425734877936E-01 a       912     0    31     1    12
  9.0934523376328471E+00 a       913     0    31     1    13
 -7.0559572761598526E+00 a       914     0    31     1    14
 -3.2459844046206037E+00 a       915     0    31     1    15
  6.3936916086496698E+00 a       916     0    31     1    16
  6.2483276530012830E+00 a       917     0    31     1    17
  1.0694881421869786E+01 a       918     0    31     1    18
 -5.7569430035629656E+00 a       919     0    31     1    19
  1.2563135722306090E+01 a       920     0    31     1    20
  2.2762708775174284E-01 a       921     0    31     1    21
 -2.2388854361098844E+00 a       922     0    31     1    22
  7.1621302001854890E+00 a       923     0    31     1    23
 -2.4231493456786232E+01 a       924     0    31     1    24
  1.5042726814989063E+00 a       925     0    31     1    25
 -2.9221503552867243E+00 a       926     0    31     1    26
  3.4275060796057044E+00 a       927     0    31     1    27
  1.4235393981240017E+01 a       928     0    31     1    28
  9.8146810196408261E+00 a       929     0    31     1    29
 -9.9422207371606071E+00 a       930     0    31     1    30
  9.9778661217062936E+00 a       931     0    32     1     1
 -1.3210199348252186E+01 a       932     0    32     1     2
  9.5158620718652589E+00 a       933     0    32     1     3
 -4.5758754848348628E+00 a       934     0    32     1     4
 -7.6443626233652862E-01 a       935     0    32     1     5
 -5.2007716944851641E+00 a       936     0    32     1     6
 -1.2481208044302912E+01 a       937     0    32     1     7
  2.6014631351153370E+00 a       938     0    32     1     8
  2.1240961071843167E+00 a       939     0    32     1     9
 -1.6672566309327472E+01 a       940     0    32     1    10
  9.0915488953753130E+00 a       941     0    32     1    11
 -1.5286970311965083E+01 a       942     0    32     1    12
  3.4489701067233516E+00 a       943     0    32     1    13
 -1.7764473560775651E+00 a       944     0    32     1    14
 -5.6378805368734488E+00 a       945     0    32     1    15
  7.7995945598252447E+00 a       946     0    32     1    16
 -7.6053223181447587E+00 a       947     0    32     1    17
  8.7278250487103861E+00 a       948     0    32     1    18
  3.2421889464337625E+00 a       949     0    32     1    19
  3.0440453833752235E-01 a       950     0    32     1    20
  1.1835203219813341E+01 a       951     0    32     1    21
 -5.0708259645421938E+00 a       952     0    32     1    22
 -3.8017534597309273E+00 a       953     0    32     1    23
  7.6999251602290963E-01 a       954     0    32     1    24
 -9.3873369360607626E+00 a       955     0    32     1    25
 -4.7591170862493462E+00 a       956     0    32     1    26
 -2.5286580603780129E+00 a       957     0    32     1    27
  3.5055466807013431E+00 a       958     0    32     1    28
  5.6014032030977106E+00 a       959     0    32     1    29
 -3.2673593576911584E+00 a       960     0    32     1    30
  1.0566175217914466E+01 a       961     0    33     1     1
 -1.8953028787115862E+01 a       962     0    33     1     2
 -9.9906924758478048E+00 a       963     0    33     1     3
  1.2172707951195395E+01 a       964     0    33     1     4
  1.0310436298951702E+00 a       965     0    33     1     5
 -5.6864353902023241E+00 a       966     0    33     1     6
 -1.5354752129783737E+00 a       967     0    33     1     7
  5.8692596951409222E+00 a       968     0    33     1     8
  1.2190714878975609E+01 a       969     0    33     1     9
  1.0660531072470320E+01 a       970     0    33     1    10
  2.4251376945560006E+00 a       971     0    33     1    11
 -1.0189290186504101E+01 a       972     0    33     1    12
  1.8022271493466658E+01 a       973     0    33     1    13
  6.4625019029716357E+00 a       974     0    33     1    14
  6.3843504061989433E+00 a       975     0    33     1    15
 -1.1013373882455550E+00 a       976     0    33     1    16
  2.1820964667016858E+00 a       977     0    33     1    17
  7.1710716535692018E+00 a       978     0    33     1    18
 -6.1934557431672106E+00 a       979     0    33     1    19
  4.6905552387268088E+00 a       980     0    33     1    20
 -5.6848695760170793E+00 a       981     0    33     1    21
  1.4855336497783897E+01 a       982     0    33     1    22
  3.3155856218059504E-01 a       983     0    33     1    23
 -1.3776752248622211E+01 a       984     0    33     1    24
 -1.1759796588347514E+01 a       985     0    33     1    25
 -5.9697713445472891E+00 a       986     0    33     1    26
 -9.2888008653684100E+00 a       987     0    33     1    27
  2.3338423204418756E+01 a       988     0    33     1    28
 -9.3261601950775386E-01 a       989     0    33     1    29
  7.3246896490322504E+00 a       990     0    33     1    30
 -1.8422789360490260E+01 a       991     0    34     1     1
  3.1890161198330510E+01 a       992     0    34     1     2
  1.8697900795700566E+01 a       993     0    34     1     3
  1.0760732567510578E+01 a       994     0    34     1     4
 -1.4329296545599624E+01 a       995     0    34     1     5
  1.9317476800387478E+01 a       996     0    34     1     6
  2.2316718569248938E+01 a       997     0    34     1     7
 -9.4307458992291959E-01 a       998     0    34     1     8
  3.1143736642981401E-01 a       999     0    34     1     9
 -6.1600816923275232E+01 a      1000     0    34     1    10
  2.6390882321165016E+01 a      1001     0    34     1    11
 -3.5999841125742140E+00 a      1002     0    34     1    12
 -5.2618654440011412E+01 a      1003     0    34     1    13
 -1.5642393968977309E+01 a      1004     0    34     1    14
 -1.2546580094459221E+01 a      1005     0    34     1    15
 -1.2637986699049126E+01 a      1006     0    34     1    16
  2.3109290507881216E+01 a      1007     0    34     1    17
  2.7543386919165378E+01 a      1008     0    34     1    18
 -1.8470502760582296E+01 a      1009     0    34     1    19
 -2.5601268382750114E+01 a      1010     0    34     1    20
  3.5888260247162407E+01 a      1011     0    34     1    21
  2.7389419932529604E+00 a      1012     0    34     1    22
  2.3171846063004073E+00 a      1013     0    34     1    23
 -2.7522208016538148E+01 a      1014     0    34     1    24
 -2.8694705203010358E+00 a      1015     0    34     1    25
  1.1520519997613258E+01 a      1016     0    34     1    26
 -1.4083458509943394E+01 a      1017     0    34     1    27
 -4.3088602848032210E+01 a      1018     0    34     1    28
 -3.1617099427946233E+01 a      1019     0    34     1    29
 -1.3110005441284342E+01 a      1020     0    34     1    30
  7.1056055845866144E+00 a      1021     0    35     1     1
 -3.8276733457557031E+00 a      1022     0    35     1     2
  1.5860410149679893E+01 a      1023     0    35     1     3
  3.4233152532678539E+00 a      1024     0    35     1     4
 -2.1190508508082351E+00 a      1025     0    35     1     5
  2.9225295696554405E+00 a      1026     0    35     1     6
 -5.6647855111620977E+00 a      1027     0    35     1     7
  4.4252996271648630E+00 a      1028     0    35     1     8
  1.3796221825387400E+00 a      1029     0    35     1     9
  4.1668751421364746E+01 a      1030     0    35     1    10
 -1.4605505687851419E+01 a      1031     0    35     1    11
 -4.8813129185054372E+01 a      1032     0    35     1    12
  1.7704948868147987E+00 a      1033     0    35     1    13
  1.7094785457719684E+01 a      1034     0    35     1    14
  2.1544610164467231E+00 a      1035     0    35     1    15
  2.0057372244012068E+00 a      1036     0    35     1    16
 -5.0847086848313069E+01 a      1037     0    35     1    17
 -1.0123062207903221E+01 a      1038     0    35     1    18
  9.8694815627567980E+00 a      1039     0    35     1    19
  4.6960934378462609E+00 a      1040     0    35     1    20
  2.4044510600477400E+00 a      1041     0    35     1    21
 -1.8246613957914231E+01 a      1042     0    35     1    22
  1.9778744228873478E+01 a      1043     0    35     1    23
 -9.7416119860055073E+00 a      1044     0    35     1    24
 -1.6265675699723811E+01 a      1045     0    35     1    25
 -7.5891721208103800E+00 a      1046     0    35     1    26
  1.8226081215544227E+01 a      1047     0    35     1    27
 -5.6293461543544077E-01 a      1048     0    35     1    28
  1.9649551075885128E+01 a      1049     0    35     1    29
  6.9529065699308639E+00 a      1050     0    35     1    30
 -1.7705369986880954E+00 a      1051     0    36     1     1
  5.2065653104274423E+00 a      1052     0    36     1     2
 -2.8756733709870432E+00 a      1053     0    36     1     3
  3.3048546754306921E-02 a      1054     0    36     1     4
 -1.4835095822470015E+00 a      1055     0    36     1     5
  8.2062185579391258E+00 a      1056     0    36     1     6
  9.8700335468516993E+00 a      1057     0    36     1     7
 -6.7694747420170556E+00 a      1058     0    36     1     8
  6.8575325964007492E+00 a      1059     0    36     1     9
  8.7093379473257055E+00 a      1060     0    36     1    10
 -7.4056760558283168E+00 a      1061     0    36     1    11
  8.4270592098272452E+00 a      1062     0    36     1    12
  9.6150807324856014E-01 a      1063     0    36     1    13
  1.0636926092442863E+01 a      1064     0    36     1    14
  6.4332938265266577E+00 a      1065     0    36     1    15
 -4.5936938300983048E+00 a      1066     0    36     1    16
  1.2633720525704668E+00 a      1067     0    36     1    17
 -1.3763222069556083E+01 a      1068     0    36     1    18
 -4.4683551889856545E+00 a      1069     0    36     1    19
  4.1218057666783398E-01 a      1070     0    36     1    20
 -1.0889263238428370E+01 a      1071     0    36     1    21
  1.3921098629291020E+00 a      1072     0    36     1    22
  1.2057978783151807E+01 a      1073     0    36     1    23
 -4.5055464947786685E+00 a      1074     0    36     1    24
  9.1122424344986475E-01 a      1075     0    36     1    25
 -3.5238217175864310E+00 a      1076     0    36     1    26
 -5.7148967230664083E-01 a      1077     0    36     1    27
  3.4310062956223848E+00 a      1078     0    36     1    28
 -7.1698250404789547E+00 a      1079     0    36     1    29
  1.2377546486270365E+00 a      1080     0    36     1    30
  4.7714042212189023E+00 a      1081     0    37     1     1
 -5.2393240381124384E+00 a      1082     0    37     1     2
 -1.3379520619606039E+01 a      1083     0    37     1     3
 -1.7313466998929655E+01 a      1084     0    37     1     4
  6.1851172945491681E+00 a      1085     0    37     1     5
 -5.0277106073838951E+00 a      1086     0    37     1     6
  1.0645408319003562E+00 a      1087     0    37     1     7
  6.2296635992567460E+00 a      1088     0    37     1     8
  6.2703785107052123E-01 a      1089     0    37     1     9
 -5.5495631563410539E+00 a      1090     0    37     1    10
  8.0570847900667477E+00 a      1091     0    37     1    11
  2.7136064194954344E+01 a      1092     0    37     1    12
  5.9865323872997047E+00 a      1093     0    37     1    13
 -9.3663544465115436E+00 a      1094     0    37     1    14
  2.4024807682951170E+00 a      1095     0    37     1    15
 -1.5495668942943959E+00 a      1096     0    37     1    16
  2.0284282374776296E+01 a      1097     0    37     1    17
 -6.0772469145442942E+00 a      1098     0    37     1    18
 -7.7740988074381567E+00 a      1099     0    37     1    19
  5.9114302556017275E+00 a      1100     0    37     1    20
 -1.9411842790700252E+01 a      1101     0    37     1    21
 -2.0891511227039302E+01 a      1102     0    37     1    22
  7.5773418255154681E+00 a      1103     0    37     1    23
  3.8561159261409848E+00 a      1104     0    37     1    24
  5.7161651027732621E+00 a      1105     0    37     1    25
 -1.5717816366321886E+01 a      1106     0    37     1    26
  1.1344958069858222E+00 a      1107     0    37     1    27
 -3.6143635961246878E+00 a      1108     0    37     1    28
  3.6886982764566283E+00 a      1109     0    37     1    29
 -4.0448822229564447E+00 a      1110     0    37     1    30
  7.5871991149191578E+00 a      1111     0    38     1     1
  1.8980835923962862E+00 a      1112     0    38     1     2
 -1.1199772724225912E+01 a      1113     0    38     1     3
 -2.3686170191194984E+00 a      1114     0    38     1     4
  1.3189714323742837E+01 a      1115     0    38     1     5
 -1.0460046826305341E+01 a      1116     0    38     1     6
  8.2807760702472919E+00 a      1117     0    38     1     7
  7.8034607094700048E+00 a      1118     0    38     1     8
 -6.2645760073198016E+00 a      1119     0    38     1     9
  1.1824809556419890E+01 a      1120     0    38     1    10
 -2.5731853987076492E+00 a      1121     0    38     1    11
 -3.4949548188919275E+00 a      1122     0    38     1    12
  3.1462915403165863E+00 a      1123     0    38     1    13
 -3.1863051662997299E+00 a      1124     0    38     1    14
  8.4963847229401210E+00 a      1125     0    38     1    15
 -1.2213875505461672E+01 a      1126     0    38     1    16
 -2.6150763865612632E+00 a      1127     0    38     1    17
 -1.7093139661162713E+00 a      1128     0    38     1    18
  8.2772774062255934E+00 a      1129     0    38     1    19
  2.7473603059161258E+00 a      1130     0    38     1    20
 -1.4791130317742688E+01 a      1131     0    38     1    21
  2.7510651807620694E+00 a      1132     0    38     1    22
 -4.3719062611855239E+00 a      1133     0    38     1    23
  1.4725870566267276E+00 a      1134     0    38     1    24
  1.7950984456959720E+00 a      1135     0    38     1    25
  8.2461120315875149E+00 a      1136     0    38     1    26
  8.2600809947367931E-02 a      1137     0    38     1    27
  1.2550997855175416E+00 a      1138     0    38     1    28
 -1.4646912054733521E+01 a      1139     0    38     1    29
  2.5435354365339475E+00 a      1140     0    38     1    30
 -4.2466259812927785E+00 a      1141     0    39     1     1
 -1.8562351964765028E+01 a      1142     0    39     1     2
 -2.0472491580113537E+01 a      1143     0    39     1     3
  5.5373248914111253E+00 a      1144     0    39     1     4
 -7.4527590946910696E+00 a      1145     0    39     1     5
 -2.6332051348300308E+01 a      1146     0    39     1     6
 -2.4371044920147629E+01 a      1147     0    39     1     7
 -1.9644569479007099E+01 a      1148     0    39     1     8
  3.7125160962211998E+00 a      1149     0    39     1     9
 -4.4539999081973090E+00 a      1150     0    39     1    10
 -1.3347363897107520E+01 a      1151     0    39     1    11
  8.4403193253563149E+00 a      1152     0    39     1    12
  3.3122697021114526E+01 a      1153     0    39     1    13
  5.0590956292134329E+01 a      1154     0    39     1    14
  1.4276573839340232E+00 a      1155     0    39     1    15
 -1.3886723040218442E+01 a      1156     0    39     1    16
  1.5296071144784458E+01 a      1157     0    39     1    17
 -2.9835709721845426E+01 a      1158     0    39     1    18
  1.3549304397882061E+01 a      1159     0    39     1    19
 -1.2508536426966603E+00 a      1160     0    39     1    20
 -3.7591936496961438E+00 a      1161     0    39     1    21
  1.3552931972449182E+01 a      1162     0    39     1    22
  2.5680934809414182E+01 a      1163     0    39     1    23
 -2.6554886876810123E+01 a      1164     0    39     1    24
  3.6344940697704549E+00 a      1165     0    39     1    25
 -1.2683598800268525E+01 a      1166     0    39     1    26
 -4.6612041188703914E+00 a      1167     0    39     1    27
 -2.1439685170511402E+00 a      1168     0    39     1    28
 -4.6639398517913220E+00 a      1169     0    39     1    29
 -6.6562429311857656E+00 a      1170     0    39     1    30
 -4.3206157707876134E+00 a      1171     0    40     1     1
  3.7575091550162090E+00 a      1172     0    40     1     2
  9.1050980493111311E+00 a      1173     0    40     1     3
  3.3056354464143385E+00 a      1174     0    40     1     4
 -2.3024518336418986E+00 a      1175     0    40     1     5
  3.8426987478724191E+00 a      1176     0    40     1     6
 -4.5670251104058373E+01 a      1177     0    40     1     7
 -3.7167715824317469E+00 a      1178     0    40     1     8
  1.5787764137396506E+01 a      1179     0    40     1     9
 -1.0601425851836035E+01 a      1180     0    40     1    10
  5.4597860385502353E+00 a      1181     0    40     1    11
  2.5855071566368952E+00 a      1182     0    40     1    12
  1.2751812250548900E+01 a      1183     0    40     1    13
 -9.7831999687810551E+00 a      1184     0    40     1    14
  1.3258176636477295E+01 a      1185     0    40     1    15
  5.9308933311116752E+00 a      1186     0    40     1    16
  2.6174855395774063E+01 a      1187     0    40     1    17
 -4.6026622739847660E+00 a      1188     0    40     1    18
 -7.4963344909238989E+00 a      1189     0    40     1    19
  1.5835666409082002E+01 a      1190     0    40     1    20
  1.6620022761935740E+01 a      1191     0    40     1    21
 -3.6752102569112566E+00 a      1192     0    40     1    22
  8.5269870327801609E+00 a      1193     0    40     1    23
  1.4681969983004160E+01 a      1194     0    40     1    24
 -1.6389628784335002E+01 a      1195     0    40     1    25
  3.3488621879258940E+00 a      1196     0    40     1    26
 -1.2796353259080490E+01 a      1197     0    40     1    27
  2.3888612020923567E+01 a      1198     0    40     1    28
  3.0263639062803367E+01 a      1199     0    40     1    29
  9.8524674891567099E-01 a      1200     0    40     1    30
  4.2944775420192620E+00 a      1201     0    41     1     1
  6.9174959761940382E+00 a      1202     0    41     1     2
  2.1029040421857569E+01 a      1203     0    41     1     3
 -1.1396319947634858E+01 a      1204     0    41     1     4
  3.3872470290994086E+00 a      1205     0    41     1     5
  1.2261340734830666E+01 a      1206     0    41     1     6
  1.8050578093084997E+01 a      1207     0    41     1     7
  1.8955184629720634E+01 a      1208     0    41     1     8
 -7.1841694890531493E-01 a      1209     0    41     1     9
 -1.5469503286075664E-01 a      1210     0    41     1    10
  9.4463034122368068E+00 a      1211     0    41     1    11
 -7.0701600018445392E+00 a      1212     0    41     1    12
 -1.3117207730123202E+01 a      1213     0    41     1    13
 -2.5820613971444601E+01 a      1214     0    41     1    14
  1.0176506679349856E+01 a      1215     0    41     1    15
  7.0632078344876135E+00 a      1216     0    41     1    16
 -3.5283077252744390E+00 a      1217     0    41     1    17
  3.2866649922121432E+01 a      1218     0    41     1    18
  4.3493401405056584E+00 a      1219     0    41     1    19
 -3.8949966891248433E+00 a      1220     0    41     1    20
  1.1227593520750409E+01 a      1221     0    41     1    21
 -9.4269212799374049E+00 a      1222     0    41     1    22
 -1.2542040394002250E+01 a      1223     0    41     1    23
  2.4723327653514787E+01 a      1224     0    41     1    24
  3.2281718473476306E-01 a      1225     0    41     1    25
  1.5255312619451713E+01 a      1226     0    41     1    26
  6.1895176605134266E+00 a      1227     0    41     1    27
 -5.3271759360378192E+00 a      1228     0    41     1    28
  4.2926898203259709E+00 a      1229     0    41     1    29
  6.3432388892666269E+00 a      1230     0    41     1    30
 -2.8754635692217221E+00 a      1231     0    42     1     1
  1.2779994828152294E+01 a      1232     0    42     1     2
  1.8948004417315452E+01 a      1233     0    42     1     3
 -1.4735125304272918E+01 a      1234     0    42     1     4
  7.9556095488527223E+00 a      1235     0    42     1     5
  2.2282286441097607E+01 a      1236     0    42     1     6
  2.8227978543326625E+01 a      1237     0    42     1     7
  1.3217831097228686E+01 a      1238     0    42     1     8
  9.4912418480422573E+00 a      1239     0    42     1     9
 -3.6603865738152703E+00 a      1240     0    42     1    10
  5.4569583058643030E+00 a      1241     0    42     1    11
 -4.2168633369360515E+00 a      1242     0    42     1    12
 -2.2441528475062672E+01 a      1243     0    42     1    13
 -2.6637078644311547E+01 a      1244     0    42     1    14
  1.4779951357966032E+01 a      1245     0    42     1    15
  1.1818066176022303E-01 a      1246     0    42     1    16
 -5.2328576174083521E+00 a      1247     0    42     1    17
  1.5377914390275928E+01 a      1248     0    42     1    18
 -3.4581271429541294E-01 a      1249     0    42     1    19
 -8.1062703382870804E+00 a      1250     0    42     1    20
  4.2997811429345214E+00 a      1251     0    42     1    21
 -1.5430225993621207E+01 a      1252     0    42     1    22
 -5.1063851267226941E+00 a      1253     0    42     1    23
  2.7165743962211558E+01 a      1254     0    42     1    24
 -6.7897874873932089E+00 a      1255     0    42     1    25
  9.2266574988369605E+00 a      1256     0    42     1    26
  1.2970405382121747E+01 a      1257     0    42     1    27
 -4.3429999354900026E+00 a      1258     0    42     1    28
 -1.2287664408608736E+00 a      1259     0    42     1    29
  2.9484293363299180E-01 a      1260     0    42     1    30
  8.1488571080195022E+00 a      1261     0    43     1     1
 -8.8434255523336986E+00 a      1262     0    43     1     2
 -2.0274925654869822E+01 a      1263     0    43     1     3
  2.1402392087217816E+01 a      1264     0    43     1     4
 -2.1336032176144060E+00 a      1265     0    43     1     5
 -1.5399118330775297E+01 a      1266     0    43     1     6
 -2.0582371025910664E+01 a      1267     0    43     1     7
 -1.0919595357740549E+01 a      1268     0    43     1     8
 -1.1557249875289019E+01 a      1269     0    43     1     9
  7.4953893366205708E+00 a      1270     0    43     1    10
 -8.7524309399489142E-01 a      1271     0    43     1    11
  1.4350444246998739E+00 a      1272     0    43     1    12
  1.9679365579150767E+00 a      1273     0    43     1    13
  6.6945191681095197E+00 a      1274     0    43     1    14
 -1.9847338607056859E+01 a      1275     0    43     1    15
 -1.3268212879697598E+00 a      1276     0    43     1    16
 -2.2652936797309016E+00 a      1277     0    43     1    17
 -2.2944793806634387E+01 a      1278     0    43     1    18
 -1.2169199018635950E+01 a      1279     0    43     1    19
  1.0865277585120843E+01 a      1280     0    43     1    20
 -8.3198102959658193E+00 a      1281     0    43     1    21
  1.3417561400668195E+01 a      1282     0    43     1    22
 -2.9800828774298309E+00 a      1283     0    43     1    23
 -2.0481530697691746E+01 a      1284     0    43     1    24
 -4.1836307213858381E+00 a      1285     0    43     1    25
 -1.8801222819447236E+01 a      1286     0    43     1    26
 -1.2024285237248556E+01 a      1287     0    43     1    27
  9.2923497860728261E+00 a      1288     0    43     1    28
  1.2586405441444304E-01 a      1289     0    43     1    29
 -1.9204020277982252E+00 a      1290     0    43     1    30
 -1.0787405086282060E+00 a      1291     0    44     1     1
  4.1847060855699132E+00 a      1292     0    44     1     2
 -7.8984672620614580E+00 a      1293     0    44     1     3
 -1.1586663013912483E+01 a      1294     0    44     1     4
 -1.2161366264955751E+00 a      1295     0    44     1     5
 -3.3744853846636560E+00 a      1296     0    44     1     6
  8.5093823373365964E+00 a      1297     0    44     1     7
 -3.5884506685726727E+00 a      1298     0    44     1     8
 -1.0319267717730581E+01 a      1299     0    44     1     9
 -3.4848932635421914E-01 a      1300     0    44     1    10
 -2.2147499791808647E+00 a      1301     0    44     1    11
  9.4392525723408738E-01 a      1302     0    44     1    12
  4.3305799761267458E+00 a      1303     0    44     1    13
 -4.0277930350811164E-01 a      1304     0    44     1    14
  1.8034700812679665E+00 a      1305     0    44     1    15
 -2.8247976158587638E+00 a      1306     0    44     1    16
 -1.3091384744177592E+01 a      1307     0    44     1    17
  4.2665572545346935E+00 a      1308     0    44     1    18
  6.2860881600962406E+00 a      1309     0    44     1    19
 -3.0759561470241774E+00 a      1310     0    44     1    20
 -4.4577270106396005E+00 a      1311     0    44     1    21
 -7.5239327417328028E-02 a      1312     0    44     1    22
 -2.0579006750943790E+01 a      1313     0    44     1    23
  7.6940133153373331E+00 a      1314     0    44     1    24
  3.3979648008213372E+00 a      1315     0    44     1    25
  3.7203760633669778E+00 a      1316     0    44     1    26
  1.7208160487137111E+01 a      1317     0    44     1    27
 -6.9112870926223682E+00 a      1318     0    44     1    28
 -4.2031268678070335E+00 a      1319     0    44     1    29
  1.4278050925931801E+01 a      1320     0    44     1    30
  3.1715315845729108E+00 a      1321     0    45     1     1
 -4.6271391657264651E+00 a      1322     0    45     1     2
 -3.8494216626810731E+00 a      1323     0    45     1     3
 -4.1175505223767948E+00 a      1324     0    45     1     4
  9.7019657001149735E+00 a      1325     0    45     1     5
 -1.4100841794704809E+01 a      1326     0    45     1     6
 -6.8003783222203475E+00 a      1327     0    45     1     7
  1.1176295551655311E+01 a      1328     0    45     1     8
  8.3326303766275434E+00 a      1329     0    45     1     9
  5.1743820412208787E+00 a      1330     0    45     1    10
 -4.7227142863903522E+00 a      1331     0    45     1    11
  7.7223303662548597E+00 a      1332     0    45     1    12
  1.2336106582510675E+01 a      1333     0    45     1    13
  1.2904370470461101E+01 a      1334     0    45     1    14
  7.5006339635523309E+00 a      1335     0    45     1    15
  8.7775854480860949E-01 a      1336     0    45     1    16
 -1.3497810113031555E+01 a      1337     0    45     1    17
  4.7148749180457523E+00 a      1338     0    45     1    18
 -5.1762292898262325E+00 a      1339     0    45     1    19
  8.9133807960956837E+00 a      1340     0    45     1    20
  4.7911046722696087E+00 a      1341     0    45     1    21
  1.9906971647169890E+01 a      1342     0    45     1    22
 -3.4618630626313802E+00 a      1343     0    45     1    23
 -1.1224614430766724E+01 a      1344     0    45     1    24
  1.7596799664456523E+01 a      1345     0    45     1    25
  2.6744707410274291E+00 a      1346     0    45     1    26
 -6.6018642549115896E+00 a      1347     0    45     1    27
 -2.7274001574114187E-01 a      1348     0    45     1    28
  1.0675177962922639E+01 a      1349     0    45     1    29
 -1.1736610846894497E+01 a      1350     0    45     1    30
  6.8484466535959205E+00 a      1351     0    46     1     1
  5.5587335721633524E+00 a      1352     0    46     1     2
 -4.9762892341156357E+00 a      1353     0    46     1     3
 -1.0320926170206924E+01 a      1354     0    46     1     4
  1.2068042161581989E+01 a      1355     0    46     1     5
 -3.8515734330748059E+00 a      1356     0    46     1     6
 -1.9819157097786988E+01 a      1357     0    46     1     7
 -1.6873020748178053E+01 a      1358     0    46     1     8
 -3.6397481181256147E-01 a      1359     0    46     1     9
 -9.5062146123857492E+00 a      1360     0    46     1    10
  1.0308206790684467E+00 a      1361     0    46     1    11
  8.2484866752422352E+00 a      1362     0    46     1    12
 -4.0280590683551134E+00 a      1363     0    46     1    13
  1.1351530053137366E+00 a      1364     0    46     1    14
  1.4359231638652950E+01 a      1365     0    46     1    15
  8.6184877920618614E+00 a      1366     0    46     1    16
 -1.8158460749819309E+01 a      1367     0    46     1    17
 -4.0695486289603071E+00 a      1368     0    46     1    18
 -1.6549180497832847E+01 a      1369     0    46     1    19
 -1.2428473216029255E+01 a      1370     0    46     1    20
  3.4140017803898376E-01 a      1371     0    46     1    21
  7.6656342578447418E+00 a      1372     0    46     1    22
  1.8236913521555604E+01 a      1373     0    46     1    23
  5.3093554288628679E+00 a      1374     0    46     1    24
  5.4472735849794729E+00 a      1375     0    46     1    25
  9.7959167136725540E+00 a      1376     0    46     1    26
  6.4015418097189887E+00 a      1377     0    46     1    27
  1.3672877725753661E+01 a      1378     0    46     1    28
 -1.0495269741322973E+01 a      1379     0    46     1    29
  8.6556332906423226E+00 a      1380     0    46     1    30
  4.9259797590496551E-01 a      1381     0    47     1     1
 -5.9732414066993056E-01 a      1382     0    47     1     2
 -4.0776584970907184E+00 a      1383     0    47     1     3
  1.3323895869779019E+00 a      1384     0    47     1     4
 -5.1975410868088261E+00 a      1385     0    47     1     5
  5.0249787503295469E+00 a      1386     0    47     1     6
 -2.4620470511251749E+00 a      1387     0    47     1     7
  4.3825864352627653E+00 a      1388     0    47     1     8
 -5.1540271177145325E+00 a      1389     0    47     1     9
 -3.1646820209158988E+00 a      1390     0    47     1    10
  4.6952074989691255E+00 a      1391     0    47     1    11
  2.3681555569363715E+00 a      1392     0    47     1    12
 -7.5104436722853729E-01 a      1393     0    47     1    13
 -4.3591743883621650E+00 a      1394     0    47     1    14
 -1.6121065014300875E+00 a      1395     0    47     1    15
  1.1013742012496799E+00 a      1396     0    47     1    16
 -1.8981859648808665E+00 a      1397     0    47     1    17
  2.4718130401502694E+00 a      1398     0    47     1    18
 -7.1514794030489028E+00 a      1399     0    47     1    19
 -2.3858225951452052E+00 a      1400     0    47     1    20
  1.8585537039345272E+00 a      1401     0    47     1    21
  6.1891617201909694E+00 a      1402     0    47     1    22
  2.8557805240628844E+00 a      1403     0    47     1    23
 -2.9424035135341491E+00 a      1404     0    47     1    24
 -1.3908910519885861E-01 a      1405     0    47     1    25
  2.9698027129586868E+00 a      1406     0    47     1    26
 -4.2007195620526643E+00 a      1407     0    47     1    27
  6.8135685560707646E+00 a      1408     0    47     1    28
 -6.1522073325324973E+00 a      1409     0    47     1    29
  7.1830478896161445E+00 a      1410     0    47     1    30
 -1.9482217435194467E+01 a      1411     0    48     1     1
  8.3143779614822080E+00 a      1412     0    48     1     2
 -7.2324095042482588E+00 a      1413     0    48     1     3
 -1.2247995191318990E+01 a      1414     0    48     1     4
 -1.0740909896259261E+01 a      1415     0    48     1     5
 -7.7615980951797239E+00 a      1416     0    48     1     6
 -2.0727011796025328E+00 a      1417     0    48     1     7
 -8.2396881189919089E+00 a      1418     0    48     1     8
  2.4214825467269603E+00 a      1419     0    48     1     9
 -1.2883349093204032E+01 a      1420     0    48     1    10
 -4.4577656060595423E+00 a      1421     0    48     1    11
 -9.3897383411209745E+00 a      1422     0    48     1    12
 -6.0978587278376075E+00 a      1423     0    48     1    13
 -3.9261488693321427E+00 a      1424     0    48     1    14
  2.9211330264188358E+00 a      1425     0    48     1    15
  4.9663978944718332E+00 a      1426     0    48     1    16
 -7.4535142078663856E+00 a      1427     0    48     1    17
 -1.2082494411236116E+01 a      1428     0    48     1    18
 -1.8714290733056636E+01 a      1429     0    48     1    19
  1.2625091092688828E+01 a      1430     0    48     1    20
  8.0921356629555987E+00 a      1431     0    48     1    21
 -3.7964345052261126E+00 a      1432     0    48     1    22
 -5.6954560189733074E+00 a      1433     0    48     1    23
 -3.7292057334451906E-01 a      1434     0    48     1    24
  1.0180386630592142E+01 a      1435     0    48     1    25
  2.4131200171956366E+00 a      1436     0    48     1    26
 -6.7199914775658298E+00 a      1437     0    48     1    27
 -2.2378071893283664E+01 a      1438     0    48     1    28
 -1.8603862806335032E+00 a      1439     0    48     1    29
  1.0871393435222371E+01 a      1440     0    48     1    30
  1.3441482782933884E+01 a      1441     0    49     1     1
 -1.4340075893540488E+01 a      1442     0    49     1     2
  2.5266105943835981E+00 a      1443     0    49     1     3
  1.8768439286460481E+01 a      1444     0    49     1     4
 -2.5684244791498476E+00 a      1445     0    49     1     5
  1.5950798553038231E+01 a      1446     0    49     1     6
  1.1472895471026863E+01 a      1447     0    49     1     7
  1.1890846938676962E+01 a      1448     0    49     1     8
  7.8300198339675111E+00 a      1449     0    49     1     9
  3.4085019008525492E+01 a      1450     0    49     1    10
  2.9020200701941246E+00 a      1451     0    49     1    11
  8.3314142523123085E+00 a      1452     0    49     1    12
  7.1051591655001793E+00 a      1453     0    49     1    13
 -6.7562013455532561E+00 a      1454     0    49     1    14
 -2.2116477101096720E+01 a      1455     0    49     1    15
 -2.0135025176426589E+00 a      1456     0    49     1    16
  2.6493529164196289E+01 a      1457     0    49     1    17
  2.0770580033562148E+01 a      1458     0    49     1    18
  2.9450083428337539E+01 a      1459     0    49     1    19
 -6.9697450778488408E+00 a      1460     0    49     1    20
 -6.1170937257890889E+00 a      1461     0    49     1    21
 -9.9274515747040581E+00 a      1462     0    49     1    22
 -1.1013245845323059E+01 a      1463     0    49     1    23
 -5.6090107871279899E+00 a      1464     0    49     1    24
 -1.5792441166151749E+01 a      1465     0    49     1    25
 -6.9351637446045027E+00 a      1466     0    49     1    26
  1.1606273389193209E+01 a      1467     0    49     1    27
 -2.9188351398552141E+00 a      1468     0    49     1    28
  2.0775599391316614E+01 a      1469     0    49     1    29
 -2.0216956299414992E+01 a      1470     0    49     1    30
  1.9585408757031897E-01 a      1471     0    50     1     1
  1.6727390467961025E+00 a      1472     0    50     1     2
  5.3348898629204440E+00 a      1473     0    50     1     3
  1.1164239328043866E+01 a      1474     0    50     1     4
 -1.3315100721481732E+00 a      1475     0    50     1     5
  2.3814163554591223E+00 a      1476     0    50     1     6
  8.8517759664400995E+00 a      1477     0    50     1     7
  7.6213884251262298E+00 a      1478     0    50     1     8
  1.1105365920631982E+00 a      1479     0    50     1     9
  1.7602417077157451E+01 a      1480     0    50     1    10
  7.3979199521851635E+00 a      1481     0    50     1    11
  6.2742511518848998E+00 a      1482     0    50     1    12
  2.7476039443602480E+00 a      1483     0    50     1    13
 -1.1077725791047599E+00 a      1484     0    50     1    14
  8.8380447961024533E+00 a      1485     0    50     1    15
 -7.2630132963761609E+00 a      1486     0    50     1    16
  5.3341937508337995E+00 a      1487     0    50     1    17
  3.5873818307850294E+00 a      1488     0    50     1    18
  6.6989457028410193E+00 a      1489     0    50     1    19
 -7.9329452760139194E+00 a      1490     0    50     1    20
  1.5262732515715298E+00 a      1491     0    50     1    21
 -5.6446021195760521E+00 a      1492     0    50     1    22
 -9.1624558430326921E+00 a      1493     0    50     1    23
 -1.8769975001375558E+00 a      1494     0    50     1    24
 -1.4048615054505484E+00 a      1495     0    50     1    25
 -1.5797622823159052E+00 a      1496     0    50     1    26
  3.9435383549833039E+00 a      1497     0    50     1    27
 -1.0875681271765364E+01 a      1498     0    50     1    28
  5.3731432692227523E+00 a      1499     0    50     1    29
 -9.3151040815190917E+00 a      1500     0    50     1    30
 -6.3512858187015100E+00 a      1501     0    51     1     1
  4.4356846843440927E+00 a      1502     0    51     1     2
  8.9699122002343135E+00 a      1503     0    51     1     3
  2.1044997794242647E+01 a      1504     0    51     1     4
  9.1248183422333380E+00 a      1505     0    51     1     5
 -3.1490023297339795E+00 a      1506     0    51     1     6
  1.0356464134218426E+01 a      1507     0    51     1     7
 -1.3449900454136419E+01 a      1508     0    51     1     8
 -2.2288652508994273E+00 a      1509     0    51     1     9
  1.5189496955769179E+01 a      1510     0    51     1    10
 -2.0752679452362577E-01 a      1511     0    51     1    11
 -8.5040320270256871E+00 a      1512     0    51     1    12
 -2.6992273889115426E-01 a      1513     0    51     1    13
  6.6982218409406014E-01 a      1514     0    51     1    14
  3.5205218772066509E+00 a      1515     0    51     1    15
 -1.0940571794940116E+01 a      1516     0    51     1    16
  1.5364748768633815E+01 a      1517     0    51     1    17
 -1.3167279714753965E+01 a      1518     0    51     1    18
  1.6143459617662405E+01 a      1519     0    51     1    19
 -1.4987510656374972E+01 a      1520     0    51     1    20
 -5.8392292373436527E+00 a      1521     0    51     1    21
 -3.3012890956958842E+01 a      1522     0    51     1    22
 -1.2507931454427171E+01 a      1523     0    51     1    23
 -1.7820798854011264E+00 a      1524     0    51     1    24
 -1.2925628771904190E+01 a      1525     0    51     1    25
 -2.5405981863028186E+00 a      1526     0    51     1    26
  1.1899288141953525E+01 a      1527     0    51     1    27
 -3.3656215278511974E+00 a      1528     0    51     1    28
  9.5486507888386978E+00 a      1529     0    51     1    29
 -4.7937175133802432E+00 a      1530     0    51     1    30
  5.7517426446215936E+00 a      1531     0    52     1     1
  3.8213066088653220E+00 a      1532     0    52     1     2
  6.8841493969446599E-01 a      1533     0    52     1     3
 -2.3203226313983357E+01 a      1534     0    52     1     4
 -2.5483402565220349E+01 a      1535     0    52     1     5
  1.8281576171807714E+01 a      1536     0    52     1     6
 -6.3306498485482017E+00 a      1537     0    52     1     7
 -7.2174803658715270E+00 a      1538     0    52     1     8
 -1.4537076430871808E+01 a      1539     0    52     1     9
 -3.3110991400060350E+01 a      1540     0    52     1    10
  8.1787459907632734E+00 a      1541     0    52     1    11
 -1.5236505274579457E+01 a      1542     0    52     1    12
 -2.4737316305643244E+01 a      1543     0    52     1    13
 -1.4739608498163445E+01 a      1544     0    52     1    14
 -1.6118096725889373E+01 a      1545     0    52     1    15
  1.0853068678398726E+01 a      1546     0    52     1    16
  2.0751142294182041E+00 a      1547     0    52     1    17
  1.2983132405971133E+01 a      1548     0    52     1    18
 -1.2965261624955497E+01 a      1549     0    52     1    19
  1.5823180658319155E+01 a      1550     0    52     1    20
 -5.3198814433431583E+00 a      1551     0    52     1    21
  7.9748257962718085E+00 a      1552     0    52     1    22
  3.1476402686099913E+01 a      1553     0    52     1    23
  2.1559792803584070E+01 a      1554     0    52     1    24
 -1.8244387119761292E+01 a      1555     0    52     1    25
  5.5946189771803008E+00 a      1556     0    52     1    26
 -1.3067034286022119E+01 a      1557     0    52     1    27
  1.5276567669409996E+01 a      1558     0    52     1    28
 -2.5747049173869417E+01 a      1559     0    52     1    29
  1.9797549965011143E+01 a      1560     0    52     1    30
  9.9666013153093491E+00 a      1561     0    53     1     1
 -4.7985541152487539E+00 a      1562     0    53     1     2
  1.9481651418563345E+01 a      1563     0    53     1     3
  6.7161606744109310E+00 a      1564     0    53     1     4
  1.6957819009978920E+01 a      1565     0    53     1     5
  2.4577090183208887E+00 a      1566     0    53     1     6
  3.3040778103794910E+00 a      1567     0    53     1     7
  7.7038113977530083E+00 a      1568     0    53     1     8
 -5.1676505501455878E+00 a      1569     0    53     1     9
 -1.1467784179423786E+01 a      1570     0    53     1    10
  2.3540260145111751E+00 a      1571     0    53     1    11
 -4.7677146356791028E-01 a      1572     0    53     1    12
  8.2209878346069498E+00 a      1573     0    53     1    13
  1.7787938808987011E+01 a      1574     0    53     1    14
  8.8171447988264955E+00 a      1575     0    53     1    15
 -1.5096260128020591E+01 a      1576     0    53     1    16
  1.0163862625030054E-01 a      1577     0    53     1    17
  6.2838777063805571E+00 a      1578     0    53     1    18
  1.0630581918936791E+01 a      1579     0    53     1    19
 -1.2112309998912567E+01 a      1580     0    53     1    20
 -7.2951251641409325E+00 a      1581     0    53     1    21
  1.0421649746961682E+01 a      1582     0    53     1    22
  6.3594150714531015E+00 a      1583     0    53     1    23
 -3.6480767159002254E+00 a      1584     0    53     1    24
 -9.6280926204103832E+00 a      1585     0    53     1    25
  8.7992564529421891E-01 a      1586     0    53     1    26
 -3.6715009247954074E+00 a      1587     0    53     1    27
  2.8161800395115137E+01 a      1588     0    53     1    28
 -2.2969603243330363E+00 a      1589     0    53     1    29
 -3.7465368674564532E+00 a      1590     0    53     1    30
 -8.6423507878111607E+00 a      1591     0    54     1     1
  2.3342275780458692E+00 a      1592     0    54     1     2
  9.4348073225457474E-01 a      1593     0    54     1     3
 -3.3532360030997195E+00 a      1594     0    54     1     4
 -1.6905433083332714E+01 a      1595     0    54     1     5
 -7.0174727412228908E+00 a      1596     0    54     1     6
  1.5789817925386128E+01 a      1597     0    54     1     7
  1.5232515069925354E+01 a      1598     0    54     1     8
 -1.2028105137359685E+01 a      1599     0    54     1     9
 -2.4692597311134257E+01 a      1600     0    54     1    10
 -1.5953071862825995E+01 a      1601     0    54     1    11
 -1.6597210818439294E+01 a      1602     0    54     1    12
 -1.2662270989920210E-01 a      1603     0    54     1    13
  7.6735010848371346E+00 a      1604     0    54     1    14
 -4.3821495264470576E+00 a      1605     0    54     1    15
  7.1438241994869784E+00 a      1606     0    54     1    16
  6.7422304011694054E+00 a      1607     0    54     1    17
 -5.2449121362293178E+00 a      1608     0    54     1    18
  2.2025794150355389E+00 a      1609     0    54     1    19
  2.4215233019369943E+01 a      1610     0    54     1    20
  4.1090262681868905E+00 a      1611     0    54     1    21
  1.9142419700588789E+01 a      1612     0    54     1    22
 -1.1793354405108820E+01 a      1613     0    54     1    23
  1.4661402517555717E+00 a      1614     0    54     1    24
  7.3406340249882875E+00 a      1615     0    54     1    25
 -1.2577896778083682E+01 a      1616     0    54     1    26
 -3.3714271295934346E+01 a      1617     0    54     1    27
 -1.5359072027941753E+01 a      1618     0    54     1    28
 -8.1526248772830368E+00 a      1619     0    54     1    29
  8.3185203551876814E+00 a      1620     0    54     1    30
  4.7063674396194104E+00 a      1621     0    55     1     1
  4.1570477458977857E+00 a      1622     0    55     1     2
  2.6209070292906613E+00 a      1623     0    55     1     3
 -1.1246776582855533E+01 a      1624     0    55     1     4
  7.1578130322896776E+00 a      1625     0    55     1     5
 -4.2946607985105407E+00 a      1626     0    55     1     6
 -1.7103237945722898E+00 a      1627     0    55     1     7
  2.8267495988522549E+00 a      1628     0    55     1     8
  1.5037507720665669E+01 a      1629     0    55     1     9
  3.4560779841088114E+00 a      1630     0    55     1    10
 -1.9787681433649979E+01 a      1631     0    55     1    11
  2.6478329124852253E+00 a      1632     0    55     1    12
 -1.0417729098566351E+00 a      1633     0    55     1    13
  1.2208478464160425E+01 a      1634     0    55     1    14
 -4.2550982981206449E+00 a      1635     0    55     1    15
  1.0214685846601858E+01 a      1636     0    55     1    16
 -1.9299460952343428E+00 a      1637     0    55     1    17
  1.3526127019725166E+01 a      1638     0    55     1    18
  1.6637815585844510E+01 a      1639     0    55     1    19
  4.3328465681194182E+00 a      1640     0    55     1    20
  4.5801905586882725E+00 a      1641     0    55     1    21
  6.7668763897986208E+00 a      1642     0    55     1    22
 -4.9759899961129402E-02 a      1643     0    55     1    23
  1.1876110541353453E+01 a      1644     0    55     1    24
  1.0504230958078024E+01 a      1645     0    55     1    25
 -6.9640957508687995E+00 a      1646     0    55     1    26
  1.4129355025251598E+01 a      1647     0    55     1    27
 -1.5275516169912382E+01 a      1648     0    55     1    28
  6.8987929644984494E+00 a      1649     0    55     1    29
 -1.5258857617424480E+01 a      1650     0    55     1    30
 -1.9663468616591815E+00 a      1651     0    56     1     1
  4.5426393341131996E+00 a      1652     0    56     1     2
  7.4959976744985655E+00 a      1653     0    56     1     3
  3.6289376659769651E+01 a      1654     0    56     1     4
  2.1550237775462353E+01 a      1655     0    56     1     5
 -2.0565961709179902E+01 a      1656     0    56     1     6
  1.8543722301290156E+01 a      1657     0    56     1     7
  2.8099717276861473E+00 a      1658     0    56     1     8
 -2.7039204210521617E-01 a      1659     0    56     1     9
  2.7077717386394685E+01 a      1660     0    56     1    10
 -3.3011055966880122E+01 a      1661     0    56     1    11
  2.0475318669837681E+00 a      1662     0    56     1    12
  2.6387741502330570E+01 a      1663     0    56     1    13
 -1.0593186068991940E+01 a      1664     0    56     1    14
  5.2326227961590828E+00 a      1665     0    56     1    15
  4.2620764352099600E+00 a      1666     0    56     1    16
  8.8470347626566888E+00 a      1667     0    56     1    17
 -2.4728801677514434E+00 a      1668     0    56     1    18
  3.8586156225680583E+01 a      1669     0    56     1    19
 -1.1850109643078774E+01 a      1670     0    56     1    20
  1.0748468498594647E+01 a      1671     0    56     1    21
 -4.0032582874007430E+00 a      1672     0    56     1    22
 -3.4901316241020595E+01 a      1673     0    56     1    23
  2.9958397623912374E+00 a      1674     0    56     1    24
 -3.3383083614757242E-01 a      1675     0    56     1    25
 -8.2679965864733145E+00 a      1676     0    56     1    26
  6.0271808015446613E+00 a      1677     0    56     1    27
 -4.6484581928303905E+00 a      1678     0    56     1    28
  2.1136467156306932E+01 a      1679     0    56     1    29
 -1.5286228843712458E+01 a      1680     0    56     1    30
 -1.2321873124540383E+00 a      1681     0    57     1     1
 -2.4258050855626752E+01 a      1682     0    57     1     2
 -2.4039429586218699E+01 a      1683     0    57     1     3
 -3.4280253287559447E+01 a      1684     0    57     1     4
 -8.6879275892402568E+00 a      1685     0    57     1     5
  9.7533802859537637E+00 a      1686     0    57     1     6
 -2.1186300329245721E+01 a      1687     0    57     1     7
  6.6164578442649855E+00 a      1688     0    57     1     8
  3.1657939690549219E+00 a      1689     0    57     1     9
 -2.0783383927400742E+01 a      1690     0    57     1    10
  3.0871249452938041E+01 a      1691     0    57     1    11
  9.5033565809086777E+00 a      1692     0    57     1    12
 -2.4692072525158273E+00 a      1693     0    57     1    13
  5.1342728995989562E-01 a      1694     0    57     1    14
  8.1409324716608413E+00 a      1695     0    57     1    15
 -2.5139206676008657E-01 a      1696     0    57     1    16
 -2.2694395426323574E+01 a      1697     0    57     1    17
 -8.2412537768813798E-01 a      1698     0    57     1    18
 -5.2027236925651380E+01 a      1699     0    57     1    19
  1.2032304212023156E+01 a      1700     0    57     1    20
  5.9299454203293802E+00 a      1701     0    57     1    21
  1.4508152378989580E+01 a      1702     0    57     1    22
  1.6797106741517396E+01 a      1703     0    57     1    23
 -2.1404672368115268E+01 a      1704     0    57     1    24
  1.5432635703117674E+01 a      1705     0    57     1    25
  5.5227035465674517E+00 a      1706     0    57     1    26
 -8.6134767513879158E+00 a      1707     0    57     1    27
 -5.4090076685168729E+00 a      1708     0    57     1    28
 -1.2991929866847892E+01 a      1709     0    57     1    29
  1.2387942573165216E+01 a      1710     0    57     1    30
 -1.5987364201737766E+01 a      1711     0    58     1     1
  2.5040539096002746E+01 a      1712     0    58     1     2
 -2.2436420785519516E+01 a      1713     0    58     1     3
 -9.9098413241980516E+00 a      1714     0    58     1     4
  2.5178587781973079E+00 a      1715     0    58     1     5
 -3.3080945639063273E+01 a      1716     0    58     1     6
 -1.5035612254609124E+01 a      1717     0    58     1     7
 -1.7468902061781371E+01 a      1718     0    58     1     8
  8.4293909784340837E+00 a      1719     0    58     1     9
 -1.1100072862684540E+01 a      1720     0    58     1    10
  2.8193748921561159E+01 a      1721     0    58     1    11
  3.0089270715128436E+00 a      1722     0    58     1    12
 -1.6647760142448242E+01 a      1723     0    58     1    13
 -8.1767402417795214E+00 a      1724     0    58     1    14
  2.7702178220141047E+01 a      1725     0    58     1    15
 -4.8823764833516501E+00 a      1726     0    58     1    16
 -3.6106717410652365E+01 a      1727     0    58     1    17
 -2.3166789989953013E+01 a      1728     0    58     1    18
 -3.0497361585527717E+01 a      1729     0    58     1    19
  2.7168303831509153E+01 a      1730     0    58     1    20
  1.7273209449266915E+01 a      1731     0    58     1    21
 -2.6879038699434958E+00 a      1732     0    58     1    22
 -1.1467925664120704E+01 a      1733     0    58     1    23
  1.4437448405320678E+01 a      1734     0    58     1    24
  1.8896440898236118E+01 a      1735     0    58     1    25
  1.3604282966065895E+01 a      1736     0    58     1    26
  1.7852995132120341E+01 a      1737     0    58     1    27
 -1.1067553708098632E+00 a      1738     0    58     1    28
  7.2359458204842015E+00 a      1739     0    58     1    29
  1.4847444484966369E+01 a      1740     0    58     1    30
 -6.3648591185188499E+00 a      1741     0    59     1     1
 -9.7054585668341566E+00 a      1742     0    59     1     2
 -5.9705366102842605E+00 a      1743     0    59     1     3
 -5.9918964800251278E+00 a      1744     0    59     1     4
 -7.4944117194542059E+00 a      1745     0    59     1     5
  6.7491085497118428E+00 a      1746     0    59     1     6
  8.1978284645459298E-01 a      1747     0    59     1     7
  4.2329368574633648E+00 a      1748     0    59     1     8
  2.6130088090254384E+00 a      1749     0    59     1     9
  2.1636630544107845E+01 a      1750     0    59     1    10
 -1.1204605722564930E+01 a      1751     0    59     1    11
  7.3425238437385865E-01 a      1752     0    59     1    12
 -7.1464710912123475E-01 a      1753     0    59     1    13
 -1.0244836831688183E+01 a      1754     0    59     1    14
 -9.0905412334478868E+00 a      1755     0    59     1    15
  1.7947913208032883E+01 a      1756     0    59     1    16
  6.7726884019098375E+00 a      1757     0    59     1    17
 -1.5414679358241928E-01 a      1758     0    59     1    18
  2.0321691635076050E-01 a      1759     0    59     1    19
 -1.0670690062946360E+01 a      1760     0    59     1    20
 -6.2716588281949193E+00 a      1761     0    59     1    21
 -5.8794959368678743E+00 a      1762     0    59     1    22
  1.0388922240963261E+01 a      1763     0    59     1    23
  7.9468837935669701E-01 a      1764     0    59     1    24
  2.6754585277373528E+00 a      1765     0    59     1    25
 -9.4665258579125560E+00 a      1766     0    59     1    26
 -3.0068596881145178E+00 a      1767     0    59     1    27
 -2.3981298427475739E+01 a      1768     0    59     1    28
 -7.8630533843947363E+00 a      1769     0    59     1    29
 -2.0680526394116625E-01 a      1770     0    59     1    30
 -1.3072295359217345E+00 a      1771     0    60     1     1
 -1.4543898813883471E+01 a      1772     0    60     1     2
  8.8242026686371116E+00 a      1773     0    60     1     3
 -3.1550218939667467E+01 a      1774     0    60     1     4
  1.4635536607465625E+01 a      1775     0    60     1     5
 -7.8747189236874728E+00 a      1776     0    60     1     6
 -1.2471339913612020E+01 a      1777     0    60     1     7
 -1.7219707060704803E+01 a      1778     0    60     1     8
  8.7460381971744479E+00 a      1779     0    60     1     9
  7.5803941865292641E+00 a      1780     0    60     1    10
  8.6908737224508759E+00 a      1781     0    60     1    11
 -9.0186114853269483E+00 a      1782     0    60     1    12
 -7.9147013172168181E+00 a      1783     0    60     1    13
 -1.6105107128847312E+01 a      1784     0    60     1    14
 -7.5331974496371759E+00 a      1785     0    60     1    15
  7.2544297869276955E+00 a      1786     0    60     1    16
 -8.3067696398624467E+00 a      1787     0    60     1    17
 -3.1214839180236318E+00 a      1788     0    60     1    18
 -4.8800523028814595E+00 a      1789     0    60     1    19
 -8.5004625347747726E+00 a      1790     0    60     1    20
 -1.3417128052499358E+01 a      1791     0    60     1    21
 -2.9477812519390266E+01 a      1792     0    60     1    22
  1.1502474816305941E+01 a      1793     0    60     1    23
  4.7714062509834330E+00 a      1794     0    60     1    24
 -1.3360002566515062E+01 a      1795     0    60     1    25
 -1.2663497319668038E+00 a      1796     0    60     1    26
  1.5209064007352799E+01 a      1797     0    60     1    27
  9.9210644246945865E+00 a      1798     0    60     1    28
 -1.6583914693200189E+01 a      1799     0    60     1    29
 -1.7006816252878270E+01 a      1800     0    60     1    30
  3.4320736075590702E+01 a      1801     0    61     1     1
 -1.5914744938202938E+01 a      1802     0    61     1     2
  2.6671232361995362E+01 a      1803     0    61     1     3
  2.3481666235325399E+01 a      1804     0    61     1     4
  5.7628127884446707E+00 a      1805     0    61     1     5
  3.3592180460152406E+01 a      1806     0    61     1     6
  1.6426754756943762E+01 a      1807     0    61     1     7
 -2.4221522687961339E+00 a      1808     0    61     1     8
 -1.3396998797158039E+01 a      1809     0    61     1     9
  2.8654849107385436E+00 a      1810     0    61     1    10
 -8.7261660129588670E+00 a      1811     0    61     1    11
  2.6436251705565472E+00 a      1812     0    61     1    12
  2.2741446832656937E+01 a      1813     0    61     1    13
  7.5348670151242407E+00 a      1814     0    61     1    14
 -1.3804940577479377E+01 a      1815     0    61     1    15
 -1.0858083851770409E+01 a      1816     0    61     1    16
  3.4569993701458472E+01 a      1817     0    61     1    17
  3.3160034852102712E+01 a      1818     0    61     1    18
  3.7903892827739064E+01 a      1819     0    61     1    19
 -3.3159019103140658E+01 a      1820     0    61     1    20
 -6.8011426523953205E+00 a      1821     0    61     1    21
 -5.4512250417005976E+00 a      1822     0    61     1    22
  8.5011548374028791E+00 a      1823     0    61     1    23
 -1.5166950667123361E+01 a      1824     0    61     1    24
 -2.9695312718894929E+01 a      1825     0    61     1    25
 -3.4166727481892573E-01 a      1826     0    61     1    26
 -7.1768311932194984E-01 a      1827     0    61     1    27
  2.5313042358389698E+01 a      1828     0    61     1    28
  4.3129863964658997E+00 a      1829     0    61     1    29
 -2.5500189239579225E+01 a      1830     0    61     1    30
 -8.7496925361006905E+00 a      1831     0    62     1     1
  1.3024898366885875E+01 a      1832     0    62     1     2
  1.2698219712021787E+01 a      1833     0    62     1     3
  2.5251948989502527E+01 a      1834     0    62     1     4
 -8.9036684346687043E+00 a      1835     0    62     1     5
 -4.3819062010091256E+00 a      1836     0    62     1     6
  1.2784774420749720E+01 a      1837     0    62     1     7
 -9.0248913634643344E+00 a      1838     0    62     1     8
 -1.7932149399386876E+01 a      1839     0    62     1     9
  3.5446415010763066E-01 a      1840     0    62     1    10
  6.4708330953243847E+00 a      1841     0    62     1    11
 -1.0700741901624564E+00 a      1842     0    62     1    12
 -5.0786656051440304E-01 a      1843     0    62     1    13
 -2.2216188782491344E+01 a      1844     0    62     1    14
 -1.0207237588569116E+00 a      1845     0    62     1    15
 -1.7458463120940657E+01 a      1846     0    62     1    16
  1.4851742236505851E+01 a      1847     0    62     1    17
 -1.6834149760616715E+01 a      1848     0    62     1    18
  1.6114856445543213E-01 a      1849     0    62     1    19
 -2.4085752326408802E+00 a      1850     0    62     1    20
 -1.2839042839133361E+01 a      1851     0    62     1    21
 -1.1136085890143930E+01 a      1852     0    62     1    22
 -9.2163152886691702E+00 a      1853     0    62     1    23
  1.1236819295353284E+00 a      1854     0    62     1    24
 -2.3674505410959537E+01 a      1855     0    62     1    25
  8.5908614988049070E+00 a      1856     0    62     1    26
 -1.8942662706305690E+01 a      1857     0    62     1    27
  1.9343879893256798E+01 a      1858     0    62     1    28
  5.2173028210797423E-01 a      1859     0    62     1    29
  1.7599267658710687E+01 a      1860     0    62     1    30
  2.8018081193025801E+00 a      1861     0    63     1     1
 -5.6441564618646538E+00 a      1862     0    63     1     2
  7.5749209774228401E+00 a      1863     0    63     1     3
 -1.1673302082287229E+00 a      1864     0    63     1     4
  4.3391160196176797E+00 a      1865     0    63     1     5
  4.8751057869826591E+00 a      1866     0    63     1     6
  5.6161069204858727E+00 a      1867     0    63     1     7
  9.9526035827760317E+00 a      1868     0    63     1     8
  4.1667877126623717E-02 a      1869     0    63     1     9
 -4.3079091308847295E-01 a      1870     0    63     1    10
  4.4542194623461704E+00 a      1871     0    63     1    11
 -6.2455122430896592E+00 a      1872     0    63     1    12
 -2.8117730395223961E+00 a      1873     0    63     1    13
  6.6802529327878171E+00 a      1874     0    63     1    14
  6.5812902604699932E+00 a      1875     0    63     1    15
 -5.3012158084637111E+00 a      1876     0    63     1    16
  2.3748852709479480E+00 a      1877     0    63     1    17
 -9.2608540643447823E-01 a      1878     0    63     1    18
  3.8539067592235421E+00 a      1879     0    63     1    19
 -9.5437601970580257E+00 a      1880     0    63     1    20
 -1.5461824485611559E+00 a      1881     0    63     1    21
  6.5396109294726701E+00 a      1882     0    63     1    22
 -6.6939066018893270E+00 a      1883     0    63     1    23
  1.6872178741847108E+01 a      1884     0    63     1    24
  6.8336028578626351E+00 a      1885     0    63     1    25
  2.2240552119090631E+00 a      1886     0    63     1    26
 -4.7084925724311706E+00 a      1887     0    63     1    27
  6.0346270359599452E-01 a      1888     0    63     1    28
 -6.8171307429326449E+00 a      1889     0    63     1    29
  6.6484359871196368E+00 a      1890     0    63     1    30
  2.5057934460061118E+00 a      1891     0    64     1     1
  1.4901828248310371E+01 a      1892     0    64     1     2
  7.1413490348321575E+00 a      1893     0    64     1     3
 -4.9317672433449005E+00 a      1894     0    64     1     4
 -2.0652328851601892E-01 a      1895     0    64     1     5
  8.2322936789315229E+00 a      1896     0    64     1     6
 -1.2268282820431441E+01 a      1897     0    64     1     7
  3.7715404011122753E+00 a      1898     0    64     1     8
 -9.1111932008564818E+00 a      1899     0    64     1     9
 -1.1917814751614124E+01 a      1900     0    64     1    10
  1.2327158240870951E+01 a      1901     0    64     1    11
 -1.0803374242201421E+01 a      1902     0    64     1    12
 -1.4532154450493749E+01 a      1903     0    64     1    13
 -2.4119311638192709E+01 a      1904     0    64     1    14
 -9.1378089979962702E+00 a      1905     0    64     1    15
  1.0623920969339272E+01 a      1906     0    64     1    16
 -7.8857779422134309E+00 a      1907     0    64     1    17
  7.7385666623002516E+00 a      1908     0    64     1    18
 -4.9252709956354614E+00 a      1909     0    64     1    19
 -1.2683791698279716E+00 a      1910     0    64     1    20
  4.2784259561557825E+00 a      1911     0    64     1    21
 -1.3567543629102785E+00 a      1912     0    64     1    22
 -2.4775858181790117E+01 a      1913     0    64     1    23
  1.0764489613341405E+01 a      1914     0    64     1    24
 -3.1644640913810895E+00 a      1915     0    64     1    25
  2.5106680047785903E+00 a      1916     0    64     1    26
 -7.6079864943933229E-01 a      1917     0    64     1    27
  4.3623629661040573E+00 a      1918     0    64     1    28
  1.3301702229950415E+01 a      1919     0    64     1    29
 -5.0373005504138000E+00 a      1920     0    64     1    30
 -2.7755458583660708E+00 b      1921     1     1
 -1.8609115218607601E+00 b      1922     1     2
 -7.9406120941719593E-01 b      1923     1     3
 -6.4157086615983283E-01 b      1924     1     4
 -9.8422423768661593E-01 b      1925     1     5
 -5.3648380293245506E+00 b      1926     1     6
 -3.3470562095027356E-01 b      1927     1     7
 -1.5726270916786944E+00 b      1928     1     8
 -4.7938080499605382E+00 b      1929     1     9
 -1.8293352595176617E+00 b      1930     1    10
 -1.0220199681525652E+00 b      1931     1    11
 -1.0067313694398974E+00 b      1932     1    12
  7.0068250339235505E-01 b      1933     1    13
 -2.2338014498898353E+00 b      1934     1    14
 -2.2696276673669282E+00 b      1935     1    15
 -4.1723647962033183E+00 b      1936     1    16
  1.9401960228665890E-01 b      1937     1    17
 -2.8233516948694328E+00 b      1938     1    18
 -8.4505074799004626E-02 b      1939     1    19
  4.3421531603486557E-01 b      1940     1    20
  1.0598399496347275E+00 b      1941     1    21
  1.7650096088730751E+00 b      1942     1    22
 -4.2422015515281847E-01 b      1943     1    23
  4.7482063220891357E-01 b      1944     1    24
 -1.9388161792941914E+00 b      1945     1    25
 -1.8406632417823416E+00 b      1946     1    26
 -1.1530108105220809E+00 b      1947     1    27
 -3.0392600402705336E+00 b      1948     1    28
 -8.2039907389658417E-01 b      1949     1    29
 -2.2319791036163878E+00 b      1950     1    30
 -9.7438623515148060E-01 a      1951     1     1     2     1
 -8.2818063352808746E-01 a      1952     1     1     2     2
 -1.1053621771958855E+00 a      1953     1     1     2     3
  3.8628761326464323E-01 a      1954     1     1     2     4
 -2.0802344250364302E-01 a      1955     1     1     2     5
 -3.0308637579815473E-01 a      1956     1     1     2     6
 -3.0189374716037654E-01 a      1957     1     1     2     7
  3.3393380973824377E-01 a      1958     1     1     2     8
 -6.7205075413698678E-01 a      1959     1     1     2     9
  7.8310657358576252E-01 a      1960     1     1     2    10
  9.6368822603410076E-01 a      1961     1     1     2    11
  8.0356711367984307E-02 a      1962     1     1     2    12
  7.0795661644767582E-01 a      1963     1     1     2    13
 -1.3578314864877767E+00 a      1964     1     1     2    14
  7.1734211098925715E-01 a      1965     1     1     2    15
 -2.4762382600096908E-01 a      1966     1     1     2    16
  3.1375600498371542E-01 a      1967     1     1     2    17
  2.7166096365054104E-01 a      1968     1     1     2    18
  1.2555414227178463E+00 a      1969     1     1     2    19
  2.8561353168854362E+00 a      1970     1     1     2    20
 -2.1408040781837303E+00 a      1971     1     1     2    21
 -6.4176944160699079E-01 a      1972     1     1     2    22
  2.1265515011209707E-01 a      1973     1     1     2    23
 -9.2443125314161734E-01 a      1974     1     1     2    24
 -5.3550102691187829E-01 a      1975     1     1     2    25
 -1.4293257504108501E+00 a      1976     1     1     2    26
  1.9933067575063075E+00 a      1977     1     1     2    27
  1.1869656824227743E+00 a      1978     1     1     2    28
 -7.5690009504737010E-01 a      1979     1     1     2    29
 -3.6097201960046721E-01 a      1980     1     1     2    30
  1.7489054288973024E-01 a      1981     1     2     2     1
 -3.3144610954369991E-01 a      1982     1     2     2     2
 -1.3632193551620983E-01 a      1983     1     2     2     3
  3.4330934204467062E-01 a      1984     1     2     2     4
 -2.2014332223870611E-01 a      1985     1     2     2     5
  6.5337390201962120E-01 a      1986     1     2     2     6
 -2.1643776206420564E+00 a      1987     1     2     2     7
 -2.8703685263029035E+00 a      1988     1     2     2     8
  5.0952094727906339E-01 a      1989     1     2     2     9
 -4.3760090327967682E-01 a      1990     1     2     2    10
  1.3894129805069375E+00 a      1991     1     2     2    11
  1.3517339939269282E+00 a      1992     1     2     2    12
 -1.0534104717366279E-01 a      1993     1     2     2    13
 -1.3229243143920413E+00 a      1994     1     2     2    14
  2.1625408278738745E-01 a      1995     1     2     2    15
  3.9090090581407909E-02 a      1996     1     2     2    16
 -8.6221149954088461E-01 a      1997     1     2     2    17
  7.7708205569448141E-01 a      1998     1     2     2    18
  5.0759813868985648E-01 a      1999     1     2     2    19
 -6.7154725862375164E-01 a      2000     1     2     2    20
 -1.0085625022664859E+00 a      2001     1     2     2    21
  1.2597177333566769E+00 a      2002     1     2     2    22
 -1.6295444771547098E+00 a      2003     1     2     2    23
 -7.6596888037624400E-01 a      2004     1     2     2    24
 -3.4990938738495181E-02 a      2005     1     2     2    25
  1.3802175836855222E+00 a      2006     1     2     2    26
  1.1069308020153223E+00 a      2007     1     2     2    27
 -6.9456593454019400E-01 a      2008     1     2     2    28
  1.1502057998918902E+00 a      2009     1     2     2    29
 -1.1518042875677383E+00 a      2010     1     2     2    30
 -1.1237865664448461E+00 a      2011     1     3     2     1
 -1.5639542632198304E+00 a      2012     1     3     2     2
 -6.7427957748165523E-01 a      2013     1     3     2     3
 -4.4380971141650860E-01 a      2014     1     3     2     4
  3.0104644911462382E+00 a      2015     1     3     2     5
  3.1209934214727553E-01 a      2016     1     3     2     6
  5.0563899346899621E-01 a      2017     1     3     2     7
  1.8397099915310782E+00 a      2018     1     3     2     8
 -1.0510974159152464E+00 a      2019     1     3     2     9
  6.9805516843649829E-01 a      2020     1     3     2    10
 -3.5573412808825627E-01 a      2021     1     3     2    11
  4.9626174757467101E-01 a      2022     1     3     2    12
  2.1465960805017115E-01 a      2023     1     3     2    13
 -3.2229970939020296E-02 a      2024     1     3     2    14
 -1.5241652090234712E+00 a      2025     1     3     2    15
 -2.5814332638251458E-01 a      2026     1     3     2    16
  9.8522768914496228E-01 a      2027     1     3     2    17
  1.4935717276590241E+00 a      2028     1     3     2    18
 -1.7870261481509839E+00 a      2029     1     3     2    19
  8.8107202413612840E-01 a      2030     1     3     2    20
 -1.3309175480837305E+00 a      2031     1     3     2    21
 -1.0766527606538101E+00 a      2032     1     3     2    22
  8.8637769659144283E-01 a      2033     1     3     2    23
 -3.5950186707795079E-01 a      2034     1     3     2    24
  1.2063074592087555E+00 a      2035     1     3     2    25
 -8.8809160472159676E-01 a      2036     1     3     2    26
  2.9940857179300057E-01 a      2037     1     3     2    27
  1.0899305358499234E+00 a      2038     1     3     2    28
 -3.3583207998208362E+00 a      2039     1     3     2    29
 -2.1236843371320857E+00 a      2040     1     3     2    30
 -2.4609799261507885E+00 a      2041     1     4     2     1
 -2.6557533041559465E+00 a      2042     1     4     2     2
  4.1152585819331905E-01 a      2043     1     4     2     3
  5.6156615899871276E-01 a      2044     1     4     2     4
  8.1232314971603659E-02 a      2045     1     4     2     5
 -2.4480717771943277E+00 a      2046     1     4     2     6
 -1.1884520180951310E+00 a      2047     1     4     2     7
  2.7645054876651826E-01 a      2048     1     4     2     8
 -2.4560459948181146E-01 a      2049     1     4     2     9
 -6.7780750197888440E-01 a      2050     1     4     2    10
 -1.0574790240634109E+00 a      2051     1     4     2    11
 -1.3697732950799530E+00 a      2052     1     4     2    12
  1.2705112942645067E-01 a      2053     1     4     2    13
 -7.9556871792845173E-03 a      2054     1     4     2    14
 -1.0161714398726680E+00 a      2055     1     4     2    15
  1.8235431143256648E+00 a      2056     1     4     2    16
 -3.0955331011602472E-01 a      2057     1     4     2    17
  1.9314789804475425E+00 a      2058     1     4     2    18
  3.9355718262309175E-01 a      2059     1     4     2    19
 -1.0488322244744928E+00 a      2060     1     4     2    20
 -8.0755090940058183E-01 a      2061     1     4     2    21
 -2.6634340383706617E-01 a      2062     1     4     2    22
  7.9931521211842704E-01 a      2063     1     4     2    23
  1.2404733150285210E-01 a      2064     1     4     2    24
  1.0411293727495731E-01 a      2065     1     4     2    25
  3.8287219272536765E-01 a      2066     1     4     2    26
  1.5033192834961879E+00 a      2067     1     4     2    27
  8.9616692987302668E-02 a      2068     1     4     2    28
 -1.2707559170699534E+00 a      2069     1     4     2    29
 -9.9355277653845919E-01 a      2070     1     4     2    30
  2.8492775300922131E+00 a      2071     1     5     2     1
 -5.3075916552482392E+00 a      2072     1     5     2     2
  8.3709310194757441E-02 a      2073     1     5     2     3
 -3.4321670430242907E-01 a      2074     1     5     2     4
  1.4252122103381599E+00 a      2075     1     5     2     5
  1.8146850401530107E-01 a      2076     1     5     2     6
  1.7601123970786064E-01 a      2077     1     5     2     7
  6.8391236632777713E-02 a      2078     1     5     2     8
 -1.3017975880997730E+00 a      2079     1     5     2     9
  6.6714575373901008E-01 a      2080     1     5     2    10
 -6.4220508731042125E-01 a      2081     1     5     2    11
  2.5567382575266338E-02 a      2082     1     5     2    12
 -9.9783687933965748E-01 a      2083     1     5     2    13
  1.1395591395665199E+00 a      2084     1     5     2    14
  2.1748146726622575E+00 a      2085     1     5     2    15
 -2.5678373892792523E+00 a      2086     1     5     2    16
  7.0728483935801612E-01 a      2087     1     5     2    17
  1.0323851787395149E+00 a      2088     1     5     2    18
  1.0872860999363312E+00 a      2089     1     5     2    19
  1.5373719165387784E-01 a      2090     1     5     2    20
 -8.0153937511972706E-01 a      2091     1     5     2    21
  1.4075788668133498E+00 a      2092     1     5     2    22
  2.5105500312782216E+00 a      2093     1     5     2    23
  5.5907184428415813E-01 a      2094     1     5     2    24
  5.2148064957396913E-02 a      2095     1     5     2    25
  1.4102534291296076E+00 a      2096     1     5     2    26
 -5.5215000000839498E-01 a      2097     1     5     2    27
  3.7603658762217324E-01 a      2098     1     5     2    28
 -3.2422149709529933E+00 a      2099     1     5     2    29
 -5.6846045382509336E-01 a      2100     1     5     2    30
  5.7067871960685801E-02 a      2101     1     6     2     1
  6.9330032743050585E-01 a      2102     1     6     2     2
 -5.8209681005542890E-01 a      2103     1     6     2     3
  1.4916939673396514E+00 a      2104     1     6     2     4
  3.0783669367586752E-01 a      2105     1     6     2     5
 -8.1227206013645104E-01 a      2106     1     6     2     6
  3.0634846789351738E-01 a      2107     1     6     2     7
 -4.9018802220091828E-01 a      2108     1     6     2     8
 -1.7328837828209838E+00 a      2109     1     6     2     9
 -6.8575752995234041E-01 a      2110     1     6     2    10
 -8.4803691798901470E-01 a      2111     1     6     2    11
 -1.3396247557340107E-01 a      2112     1     6     2    12
  2.4755439320574220E+00 a      2113     1     6     2    13
 -1.7436077784705140E-01 a      2114     1     6     2    14
  8.7804799065037166E-03 a      2115     1     6     2    15
  2.8536757201191976E-01 a      2116     1     6     2    16
 -9.4474141651749455E-01 a      2117     1     6     2    17
  1.1514999815605874E-01 a      2118     1     6     2    18
  1.2974854762987742E-01 a      2119     1     6     2    19
  1.7008068158408647E+00 a      2120     1     6     2    20
 -3.7977169249454051E-01 a      2121     1     6     2    21
 -4.2908342501449864E-01 a      2122     1     6     2    22
  1.4478362216001905E+00 a      2123     1     6     2    23
  3.3926898501269587E-01 a      2124     1     6     2    24
  1.1317359204139659E+00 a      2125     1     6     2    25
 -1.5446574264813671E+00 a      2126     1     6     2    26
  3.6740341926098391E-01 a      2127     1     6     2    27
  8.3748630311921579E-01 a      2128     1     6     2    28
 -7.5472101139569836E-01 a      2129     1     6     2    29
  3.1618642055357879E-03 a      2130     1     6     2    30
  4.5963108939419622E-01 a      2131     1     7     2     1
  8.0510966687287666E-01 a      2132     1     7     2     2
  4.0247813303060563E-02 a      2133     1     7     2     3
  1.0785367992707988E+00 a      2134     1     7     2     4
 -5.8671920390340782E-01 a      2135     1     7     2     5
 -5.4611002549638199E-01 a      2136     1     7     2     6
  1.0742379758181946E+00 a      2137     1     7     2     7
 -2.4236854336574609E+00 a      2138     1     7     2     8
  1.7715535999969401E+00 a      2139     1     7     2     9
  1.1222774089373106E+00 a      2140     1     7     2    10
  4.8322246579717493E-01 a      2141     1     7     2    11
 -3.1101130179676445E-01 a      2142     1     7     2    12
 -7.1317180768505617E-01 a      2143     1     7     2    13
 -1.1255347291003794E+00 a      2144     1     7     2    14
 -6.3338480702301592E-01 a      2145     1     7     2    15
  1.7314248795649552E+00 a      2146     1     7     2    16
 -2.9101606891384137E+00 a      2147     1     7     2    17
 -2.9146172121289897E+00 a      2148     1     7     2    18
  5.1906378032794198E-01 a      2149     1     7     2    19
 -1.4872962344255507E+00 a      2150     1     7     2    20
  2.1103440089391654E-01 a      2151     1     7     2    21
  1.8673404459180434E-01 a      2152     1     7     2    22
 -9.5849048571269790E-01 a      2153     1     7     2    23
 -9.3404426346133607E-01 a      2154     1     7     2    24
  1.6440868547273695E+00 a      2155     1     7     2    25
  1.5397997241335049E-01 a      2156     1     7     2    26
  1.1266450428073611E+00 a      2157     1     7     2    27
 -4.4932699972055073E-01 a      2158     1     7     2    28
  5.6624800469166647E-01 a      2159     1     7     2    29
 -7.3903706243383951E-02 a      2160     1     7     2    30
  1.6265058810042765E+00 a      2161     1     8     2     1
  3.0502285202139762E-01 a      2162     1     8     2     2
  2.1824145082562207E-01 a      2163     1     8     2     3
  1.2919007181971216E+00 a      2164     1     8     2     4
 -7.9074897819140044E-01 a      2165     1     8     2     5
  1.6046477948681243E-01 a      2166     1     8     2     6
  1.0066513370087662E-01 a      2167     1     8     2     7
 -7.5154419696164421E-01 a      2168     1     8     2     8
  2.1308888219921300E+00 a      2169     1     8     2     9
  1.8005560918916622E-01 a      2170     1     8     2    10
  6.5610756262048286E-01 a      2171     1     8     2    11
  1.1304444188416871E+00 a      2172     1     8     2    12
 -7.5019890597481576E-01 a      2173     1     8     2    13
  4.4607636889874042E-01 a      2174     1     8     2    14
  2.9597831289265608E-01 a      2175     1     8     2    15
 -1.9478754553020088E+00 a      2176     1     8     2    16
  1.5654430525727090E+00 a      2177     1     8     2    17
  7.8074607826051551E-02 a      2178     1     8     2    18
 -3.9496364664779005E-01 a      2179     1     8     2    19
 -3.1159027440342482E+00 a      2180     1     8     2    20
  4.1571738691235655E-01 a      2181     1     8     2    21
  6.2587014751810055E-01 a      2182     1     8     2    22
 -1.1730625357386726E+00 a      2183     1     8     2    23
  7.1415249316929375E-01 a      2184     1     8     2    24
 -2.1126496766005759E-01 a      2185     1     8     2    25
 -2.2168644952610206E-01 a      2186     1     8     2    26
 -6.4792227383342127E-01 a      2187     1     8     2    27
 -8.0002549861590236E-02 a      2188     1     8     2    28
 -1.2919388514841930E+00 a      2189     1     8     2    29
  3.6506030928013535E+00 a      2190     1     8     2    30
  2.4941525825740427E-01 a      2191     1     9     2     1
  2.1327400825260474E-02 a      2192     1     9     2     2
 -3.4684934401305467E-01 a      2193     1     9     2     3
 -5.7974035326412954E-01 a      2194     1     9     2     4
 -5.7677228765451249E-01 a      2195     1     9     2     5
  6.5594288405834433E-01 a      2196     1     9     2     6
  3.2222987138042108E-01 a      2197     1     9     2     7
 -3.1018857629237284E-01 a      2198     1     9     2     8
 -9.8577957262705762E-01 a      2199     1     9     2     9
 -1.2219272506084564E+00 a      2200     1     9     2    10
 -6.1904023894216609E-01 a      2201     1     9     2    11
 -1.5618609739512943E+00 a      2202     1     9     2    12
  1.2298071300143694E+00 a      2203     1     9     2    13
 -5.5514816315491755E-01 a      2204     1     9     2    14
 -1.2947151864461945E+00 a      2205     1     9     2    15
  6.5102021599169690E-01 a      2206     1     9     2    16
  5.1243571541007094E-01 a      2207     1     9     2    17
 -1.8094623891795920E+00 a      2208     1     9     2    18
  3.8766796938879827E-01 a      2209     1     9     2    19
 -7.0855189683852571E-01 a      2210     1     9     2    20
 -3.8649637578135686E-02 a      2211     1     9     2    21
 -3.9467675957476428E-01 a      2212     1     9     2    22
 -3.0410272874627953E-01 a      2213     1     9     2    23
 -4.0559944524375108E-01 a      2214     1     9     2    24
  1.0310743215457106E-01 a      2215     1     9     2    25
 -1.7283812185386171E+00 a      2216     1     9     2    26
 -1.0887909325271348E+00 a      2217     1     9     2    27
 -3.7934232674519947E-01 a      2218     1     9     2    28
 -1.3690170810741182E+00 a      2219     1     9     2    29
  1.1456991986373497E+00 a      2220     1     9     2    30
  1.1608566442322268E+00 a      2221     1    10     2     1
  1.8853716794577557E+00 a      2222     1    10     2     2
  4.2125589726762203E-01 a      2223     1    10     2     3
 -1.4795322708444048E+00 a      2224     1    10     2     4
 -6.9762791387207101E-01 a      2225     1    10     2     5
  5.3938755309461539E-01 a      2226     1    10     2     6
  1.0472680251921205E+00 a      2227     1    10     2     7
  1.4349483710584293E-01 a      2228     1    10     2     8
 -6.4350019508708123E-01 a      2229     1    10     2     9
  1.3076033136905554E+00 a      2230     1    10     2    10
  4.5166393240446460E-02 a      2231     1    10     2    11
  4.5559835813841480E-02 a      2232     1    10     2    12
 -3.0032246801894674E-01 a      2233     1    10     2    13
  7.5823788351842192E-01 a      2234     1    10     2    14
  6.0825269599414677E-01 a      2235     1    10     2    15
 -9.7738300415609169E-01 a      2236     1    10     2    16
 -2.0158270984340003E+00 a      2237     1    10     2    17
 -3.1566074144573029E+00 a      2238     1    10     2    18
  9.7544377883598810E-01 a      2239     1    10     2    19
 -1.4716418430558555E+00 a      2240     1    10     2    20
 -5.9753089180201080E-01 a      2241     1    10     2    21
 -7.1962314943525463E-01 a      2242     1    10     2    22
  1.3733848064346771E-01 a      2243     1    10     2    23
  2.4451213896865898E-01 a      2244     1    10     2    24
  3.9464942490089211E-01 a      2245     1    10     2    25
 -1.3990362085671271E+00 a      2246     1    10     2    26
 -5.7371639111338335E-01 a      2247     1    10     2    27
 -9.8066283249013630E-01 a      2248     1    10     2    28
  4.3624863845380435E-01 a      2249     1    10     2    29
  1.5333229038587079E-01 a      2250     1    10     2    30
  4.1358244619203421E-01 a      2251     1    11     2     1
  2.1121716528153520E-01 a      2252     1    11     2     2
 -1.0096047041375413E+00 a      2253     1    11     2     3
  6.2209672153829965E-01 a      2254     1    11     2     4
 -3.2538377598537205E-01 a      2255     1    11     2     5
 -2.2344117488964013E-01 a      2256     1    11     2     6
  4.3193677953490930E+00 a      2257     1    11     2     7
 -4.8807257045350971E-01 a      2258     1    11     2     8
 -7.3318154790692547E-01 a      2259     1    11     2     9
  7.2095873280735323E-01 a      2260     1    11     2    10
 -9.2380101386357838E-01 a      2261     1    11     2    11
  4.2726507292735988E-01 a      2262     1    11     2    12
  1.4428816026699587E+00 a      2263     1    11     2    13
 -6.0244353067823286E-01 a      2264     1    11     2    14
  4.0807132830389264E-01 a      2265     1    11     2    15
  1.3055674714061472E+00 a      2266     1    11     2    16
  2.5069684834601747E-02 a      2267     1    11     2    17
  8.0686783494656733E-01 a      2268     1    11     2    18
 -7.3450133590276778E-01 a      2269     1    11     2    19
 -1.0525230926083367E+00 a      2270     1    11     2    20
  7.5797738205822118E-01 a      2271     1    11     2    21
 -4.3818451111645401E-01 a      2272     1    11     2    22
  7.3621211097829808E-01 a      2273     1    11     2    23
  4.4947393332165235E-02 a      2274     1    11     2    24
  1.7286011923888986E+00 a      2275     1    11     2    25
 -3.8733763653789048E+00 a      2276     1    11     2    26
  1.8385644752631438E+00 a      2277     1    11     2    27
  6.9481223663095604E-01 a      2278     1    11     2    28
 -2.4845356847457061E+00 a      2279     1    11     2    29
 -1.7552933990960597E+00 a      2280     1    11     2    30
 -9.4759976288194636E-01 a      2281     1    12     2     1
 -1.8412746523433745E+00 a      2282     1    12     2     2
 -2.2147982663524588E+00 a      2283     1    12     2     3
 -8.5685676650556708E-01 a      2284     1    12     2     4
  4.5688194272903923E-02 a      2285     1    12     2     5
  1.2614769570036275E+00 a      2286     1    12     2     6
 -4.0231895875802431E-01 a      2287     1    12     2     7
 -1.6927471906876173E+00 a      2288     1    12     2     8
 -5.3156113437538766E-01 a      2289     1    12     2     9
  2.6606420590902036E-01 a      2290     1    12     2    10
 -1.0698055623002189E+00 a      2291     1    12     2    11
 -1.3571508136336554E+00 a      2292     1    12     2    12
  4.2289052760110696E-01 a      2293     1    12     2    13
 -1.1244989988466711E+00 a      2294     1    12     2    14
 -3.9353238101980786E-01 a      2295     1    12     2    15
 -7.7042693355185876E-01 a      2296     1    12     2    16
  3.0717910912976748E-01 a      2297     1    12     2    17
 -1.9852374380425794E-01 a      2298     1    12     2    18
  5.0486401906961742E-01 a      2299     1    12     2    19
 -1.4032123546251030E+00 a      2300     1    12     2    20
 -1.1010411791474058E-01 a      2301     1    12     2    21
 -2.2481739923973358E+00 a      2302     1    12     2    22
 -7.5405960218263046E-01 a      2303     1    12     2    23
 -1.3449540329438914E+00 a      2304     1    12     2    24
  6.5131879205520882E-01 a      2305     1    12     2    25
 -2.5280967237290821E+00 a      2306     1    12     2    26
  2.2597486148597112E+00 a      2307     1    12     2    27
  7.8793036336811742E-03 a      2308     1    12     2    28
 -3.9521226213337011E+00 a      2309     1    12     2    29
 -2.4491985967755592E+00 a      2310     1    12     2    30
 -3.9453168090644480E-01 a      2311     1    13     2     1
 -1.7859458043032281E+00 a      2312     1    13     2     2
 -1.4335955982722686E+00 a      2313     1    13     2     3
  5.8127405863487969E-01 a      2314     1    13     2     4
 -2.9267920113136031E-01 a      2315     1    13     2     5
  8.8694265409072792E-01 a      2316     1    13     2     6
 -6.9038198146387284E+00 a      2317     1    13     2     7
 -1.3545946731215059E+00 a      2318     1    13     2     8
 -5.7371850111862122E-01 a      2319     1    13     2     9
 -2.5845392637199609E+00 a      2320     1    13     2    10
  1.4970266331876894E+00 a      2321     1    13     2    11
  5.7635024844425742E-01 a      2322     1    13     2    12
 -1.6640263448911599E+00 a      2323     1    13     2    13
  1.5728592905003467E+00 a      2324     1    13     2    14
  1.0285725922358503E-01 a      2325     1    13     2    15
 -1.5407577297100670E+00 a      2326     1    13     2    16
  1.0762967168486981E-02 a      2327     1    13     2    17
 -4.6597917779660591E-01 a      2328     1    13     2    18
 -1.6076834382467200E+00 a      2329     1    13     2    19
  1.0266592289815242E+00 a      2330     1    13     2    20
 -3.0586084003733605E-01 a      2331     1    13     2    21
  1.4901436336765959E+00 a      2332     1    13     2    22
 -1.7579170762735805E+00 a      2333     1    13     2    23
  1.0255689062825706E+00 a      2334     1    13     2    24
 -1.7326819431307594E+00 a      2335     1    13     2    25
  6.4108955775187515E-01 a      2336     1    13     2    26
 -3.6989924803069330E+00 a      2337     1    13     2    27
 -2.4337907822203600E-01 a      2338     1    13     2    28
  8.6432638977392495E-01 a      2339     1    13     2    29
  1.1635722477200201E+00 a      2340     1    13     2    30
 -1.4315106944793132E+00 a      2341     1    14     2     1
  3.5221200485346342E+00 a      2342     1    14     2     2
  1.9635310294180297E-01 a      2343     1    14     2     3
 -2.1331591903347782E+00 a      2344     1    14     2     4
  2.9325128937929673E-01 a      2345     1    14     2     5
  5.3014102019033449E-01 a      2346     1    14     2     6
 -7.8737989572635647E-01 a      2347     1    14     2     7
  1.3189643974181969E-02 a      2348     1    14     2     8
  1.2370459882301590E+00 a      2349     1    14     2     9
 -1.3351011882361532E+00 a      2350     1    14     2    10
 -1.4308880818194969E+00 a      2351     1    14     2    11
 -7.3181515502721595E-01 a      2352     1    14     2    12
 -2.9138115438554274E-01 a      2353     1    14     2    13
  7.9754390779535855E-01 a      2354     1    14     2    14
  1.0132124462121304E+00 a      2355     1    14     2    15
  1.1220930976412080E+00 a      2356     1    14     2    16
 -3.1217883588612320E-02 a      2357     1    14     2    17
  9.7756839681396479E-01 a      2358     1    14     2    18
  1.6601818707776045E-01 a      2359     1    14     2    19
 -2.3739231988138116E+00 a      2360     1    14     2    20
  4.9999464737504279E-01 a      2361     1    14     2    21
 -1.4173421167641092E+00 a      2362     1    14     2    22
 -6.3912172777547704E-01 a      2363     1    14     2    23
 -8.6011007660181785E-02 a      2364     1    14     2    24
 -5.3463179767530800E-01 a      2365     1    14     2    25
 -3.0362026606219047E-02 a      2366     1    14     2    26
 -2.1737398099351539E+00 a      2367     1    14     2    27
 -7.3637527335742736E-01 a      2368     1    14     2    28
  2.2098341546169356E+00 a      2369     1    14     2    29
 -8.7642613417501258E-01 a      2370     1    14     2    30
 -2.5023375427781227E+00 a      2371     1    15     2     1
  3.6536839821357520E-01 a      2372     1    15     2     2
  1.1269800575949040E+00 a      2373     1    15     2     3
 -6.4187950449271258E-01 a      2374     1    15     2     4
 -2.4046184893815933E-01 a      2375     1    15     2     5
 -5.3090731984503192E-01 a      2376     1    15     2     6
 -1.4226974615422809E+00 a      2377     1    15     2     7
 -2.4786149561693668E-01 a      2378     1    15     2     8
 -1.3744900033938115E-01 a      2379     1    15     2     9
 -1.8112348913826695E+00 a      2380     1    15     2    10
 -3.1271812019222911E-01 a      2381     1    15     2    11
 -5.2085865870346870E-01 a      2382     1    15     2    12
 -2.2934516511683156E-01 a      2383     1    15     2    13
 -1.0634631366817292E-01 a      2384     1    15     2    14
 -1.2343088373697459E+00 a      2385     1    15     2    15
 -1.0981051080615136E+00 a      2386     1    15     2    16
  7.6921655316923876E-01 a      2387     1    15     2    17
 -5.0370673538154187E-01 a      2388     1    15     2    18
 -4.9365934939767471E-03 a      2389     1    15     2    19
  1.7406860884420248E+00 a      2390     1    15     2    20
  5.4423594502104522E-01 a      2391     1    15     2    21
 -1.9960847845203580E+00 a      2392     1    15     2    22
  1.3511924918797040E+00 a      2393     1    15     2    23
  1.1264569774097306E+00 a      2394     1    15     2    24
 -1.8251442683140058E+00 a      2395     1    15     2    25
 -1.0760473028810471E+00 a      2396     1    15     2    26
  3.2772043466022016E-01 a      2397     1    15     2    27
 -3.9350112373489710E-01 a      2398     1    15     2    28
 -6.5873024555133486E-01 a      2399     1    15     2    29
 -2.0223728911586711E-01 a      2400     1    15     2    30
  3.7501877640993686E-01 a      2401     1    16     2     1
 -1.4054966544879184E+00 a      2402     1    16     2     2
  9.8348543817242384E-01 a      2403     1    16     2     3
 -1.1583691678049024E-01 a      2404     1    16     2     4
  7.2479421621687812E-01 a      2405     1    16     2     5
  7.7618949077656940E-01 a      2406     1    16     2     6
 -1.6625568584964168E+00 a      2407     1    16     2     7
 -4.7121642276976572E-01 a      2408     1    16     2     8
 -4.6311879239374026E-01 a      2409     1    16     2     9
  1.2610554060377022E+00 a      2410     1    16     2    10
  6.1943658926032028E-02 a      2411     1    16     2    11
  1.1110393313199212E+00 a      2412     1    16     2    12
  7.9189394702159421E-01 a      2413     1    16     2    13
 -1.2673529808209133E-01 a      2414     1    16     2    14
 -5.4242758249856826E-01 a      2415     1    16     2    15
  5.2902114145454904E-01 a      2416     1    16     2    16
 -2.4502343888385417E-01 a      2417     1    16     2    17
 -2.1213327490951223E-01 a      2418     1    16     2    18
 -2.0703422106392675E+00 a      2419     1    16     2    19
 -2.0177814044885700E-01 a      2420     1    16     2    20
 -9.1026141432835295E-01 a      2421     1    16     2    21
 -1.4737417217003583E+00 a      2422     1    16     2    22
 -1.3895108164702146E+00 a      2423     1    16     2    23
  1.5365106691650441E+00 a      2424     1    16     2    24
  8.1752577673540028E-01 a      2425     1    16     2    25
 -9.3494948855933799E+00 a      2426     1    16     2    26
 -6.9031634074735493E-01 a      2427     1    16     2    27
  3.7209179330045489E-01 a      2428     1    16     2    28
  9.0801210053952419E-01 a      2429     1    16     2    29
  2.3746745844984285E+00 a      2430     1    16     2    30
 -1.5143655828618074E+00 a      2431     1    17     2     1
  1.5399761359607023E+00 a      2432     1    17     2     2
 -4.2287753451553767E-01 a      2433     1    17     2     3
  7.3485874216667035E-01 a      2434     1    17     2     4
  1.0025470001752230E+00 a      2435     1    17     2     5
  5.0446132575949332E-01 a      2436     1    17     2     6
  7.6738937480883354E-02 a      2437     1    17     2     7
  4.5916844438096710E-01 a      2438     1    17     2     8
 -3.0237518864974350E-01 a      2439     1    17     2     9
  8.0739514827828507E-01 a      2440     1    17     2    10
 -3.7977389469192357E-01 a      2441     1    17     2    11
  1.3238265738822657E+00 a      2442     1    17     2    12
 -3.8901835152277298E-01 a      2443     1    17     2    13
  1.9891839763031043E+00 a      2444     1    17     2    14
  1.9664333881081553E+00 a      2445     1    17     2    15
 -7.0620723456658419E-01 a      2446     1    17     2    16
 -9.8217263711632363E-01 a      2447     1    17     2    17
  8.5685454799345129E-01 a      2448     1    17     2    18
 -5.1799662476862973E-01 a      2449     1    17     2    19
 -1.0212890957305030E+00 a      2450     1    17     2    20
  1.8276321786681388E-01 a      2451     1    17     2    21
 -1.1241105706454002E+00 a      2452     1    17     2    22
  1.0255298693993874E-01 a      2453     1    17     2    23
  6.6001558560800122E-01 a      2454     1    17     2    24
 -2.7400602983151373E-01 a      2455     1    17     2    25
  3.9885479770808135E-01 a      2456     1    17     2    26
 -2.6273085128534857E+00 a      2457     1    17     2    27
  7.7180699344756265E-01 a      2458     1    17     2    28
  1.1837605334863055E+00 a      2459     1    17     2    29
  8.0612254739278999E-01 a      2460     1    17     2    30
  5.2803352168993445E-01 a      2461     1    18     2     1
 -1.4349086932601718E+00 a      2462     1    18     2     2
  8.2378009972087340E-01 a      2463     1    18     2     3
  1.5127460583790142E+00 a      2464     1    18     2     4
  2.6476942683195261E-02 a      2465     1    18     2     5
  2.3346648752912008E-02 a      2466     1    18     2     6
 -6.6048332139567034E-01 a      2467     1    18     2     7
  2.8105364180983539E-01 a      2468     1    18     2     8
 -9.0388942459727450E-01 a      2469     1    18     2     9
 -4.3577765444292271E-01 a      2470     1    18     2    10
 -2.8718146455843885E-01 a      2471     1    18     2    11
 -1.7142693785337546E+00 a      2472     1    18     2    12
 -5.0048394478309299E-01 a      2473     1    18     2    13
  6.9333266431560026E-01 a      2474     1    18     2    14
 -3.1643304742800377E-01 a      2475     1    18     2    15
 -1.5428763049012287E-01 a      2476     1    18     2    16
  1.4500359619922090E+00 a      2477     1    18     2    17
 -1.3779636652548774E-01 a      2478     1    18     2    18
  1.0121376911616569E+00 a      2479     1    18     2    19
  2.8254243007667452E+00 a      2480     1    18     2    20
  1.5156752055598388E+00 a      2481     1    18     2    21
 -4.0625543808495140E-01 a      2482     1    18     2    22
  1.1568764860466985E+00 a      2483     1    18     2    23
  5.3559718960879232E-01 a      2484     1    18     2    24
  6.2896338332106574E-02 a      2485     1    18     2    25
  6.5156829826733531E-01 a      2486     1    18     2    26
 -1.1628083947159018E+00 a      2487     1    18     2    27
 -1.7974223767072847E-01 a      2488     1    18     2    28
 -1.8055743075767838E-01 a      2489     1    18     2    29
  2.0819966851411218E+00 a      2490     1    18     2    30
  3.2504889342880661E-01 a      2491     1    19     2     1
 -1.7645155483977781E+00 a      2492     1    19     2     2
 -1.8767495020916933E-02 a      2493     1    19     2     3
  5.6519812056866137E-01 a      2494     1    19     2     4
  8.7512870732757875E-01 a      2495     1    19     2     5
 -6.6644887466495484E-01 a      2496     1    19     2     6
 -2.1018113062011370E+00 a      2497     1    19     2     7
 -1.4011940566852529E-01 a      2498     1    19     2     8
  2.5536516650294427E-01 a      2499     1    19     2     9
 -1.6436353341580054E+00 a      2500     1    19     2    10
  1.4255320010760120E-01 a      2501     1    19     2    11
 -3.7228153073223835E-01 a      2502     1    19     2    12
  1.3530910416337836E+00 a      2503     1    19     2    13
 -3.8746739037554839E-01 a      2504     1    19     2    14
 -4.6838725982468626E-01 a      2505     1    19     2    15
  4.7193256914566739E-01 a      2506     1    19     2    16
  7.4133014591127322E-01 a      2507     1    19     2    17
  4.7686344975681133E-01 a      2508     1    19     2    18
 -5.9222332588191151E-01 a      2509     1    19     2    19
  2.3725691634215025E+00 a      2510     1    19     2    20
 -2.5799586534797355E-02 a      2511     1    19     2    21
  5.3123958921465431E-01 a      2512     1    19     2    22
  1.0378341731451133E+00 a      2513     1    19     2    23
  9.4729450144280178E-02 a      2514     1    19     2    24
 -5.8484052625316929E-01 a      2515     1    19     2    25
 -7.3334376227684850E-01 a      2516     1    19     2    26
  2.0567777041104645E+00 a      2517     1    19     2    27
 -1.2874110695535515E-01 a      2518     1    19     2    28
  4.0274036301839672E-01 a      2519     1    19     2    29
  3.8765013903652645E-01 a      2520     1    19     2    30
 -9.0675019307958105E-01 a      2521     1    20     2     1
 -3.1938679865371566E-01 a      2522     1    20     2     2
 -4.5801681579215492E-02 a      2523     1    20     2     3
 -6.4803489640052792E-01 a      2524     1    20     2     4
  5.1859712022167659E-02 a      2525     1    20     2     5
 -7.1282166461911844E-01 a      2526     1    20     2     6
  2.1586777358367444E+00 a      2527     1    20     2     7
  8.4455773964138600E-02 a      2528     1    20     2     8
 -4.5920311524180751E-01 a      2529     1    20     2     9
 -1.7954877471719861E+00 a      2530     1    20     2    10
 -9.5578521423724097E-02 a      2531     1    20     2    11
  5.6393634929233383E-02 a      2532     1    20     2    12
 -1.0150859661158140E+00 a      2533     1    20     2    13
 -3.5648735730280762E-01 a      2534     1    20     2    14
  9.4054012367739770E-01 a      2535     1    20     2    15
 -1.2257966518476726E+00 a      2536     1    20     2    16
 -7.6572024232520930E-01 a      2537     1    20     2    17
  1.3956547885091448E+00 a      2538     1    20     2    18
  6.8596037596861270E-01 a      2539     1    20     2    19
 -5.8653018270628166E-01 a      2540     1    20     2    20
  4.4342635283125564E-01 a      2541     1    20     2    21
  5.3641254861813448E-01 a      2542     1    20     2    22
  3.7087264927068198E-01 a      2543     1    20     2    23
 -9.8484509910696871E-01 a      2544     1    20     2    24
 -7.6224129220714121E-01 a      2545     1    20     2    25
 -2.7153519208571240E+00 a      2546     1    20     2    26
  1.6983806774698869E+00 a      2547     1    20     2    27
 -2.2169765670760655E-01 a      2548     1    20     2    28
 -3.0634950667023101E-02 a      2549     1    20     2    29
 -2.7522594564921516E+00 a      2550     1    20     2    30
 -1.2804929144691146E+00 a      2551     1    21     2     1
 -5.0155840415672359E-01 a      2552     1    21     2     2
 -5.1319760712270193E-02 a      2553     1    21     2     3
  1.6966325155282254E+00 a      2554     1    21     2     4
 -9.4332137112666692E-01 a      2555     1    21     2     5
 -1.3031606051876693E-01 a      2556     1    21     2     6
  1.4593727158936014E+00 a      2557     1    21     2     7
 -1.0749706981875333E+00 a      2558     1    21     2     8
 -2.0802005213227286E+00 a      2559     1    21     2     9
  8.9146410802770248E-01 a      2560     1    21     2    10
 -4.5429733811328943E-01 a      2561     1    21     2    11
 -6.5217160624536952E-01 a      2562     1    21     2    12
 -1.0303791362819461E+00 a      2563     1    21     2    13
  1.2101385210285667E+00 a      2564     1    21     2    14
  1.9237670586345634E+00 a      2565     1    21     2    15
 -8.2027193389994013E-01 a      2566     1    21     2    16
 -1.3158608007971568E+00 a      2567     1    21     2    17
  7.9698838273621098E-01 a      2568     1    21     2    18
  7.0948378207968033E-01 a      2569     1    21     2    19
 -1.0479473707206968E+00 a      2570     1    21     2    20
 -3.1630778690758682E-01 a      2571     1    21     2    21
  3.9711813121606010E-01 a      2572     1    21     2    22
 -1.6561869878988028E-01 a      2573     1    21     2    23
 -1.0146054344433898E-01 a      2574     1    21     2    24
  1.5018856450848805E+00 a      2575     1    21     2    25
 -2.0041691690806493E-01 a      2576     1    21     2    26
  1.7194239150064272E-01 a      2577     1    21     2    27
  7.9502339849480866E-02 a      2578     1    21     2    28
 -1.7029217930733314E+00 a      2579     1    21     2    29
 -2.1332663623216983E+00 a      2580     1    21     2    30
  2.4396447080490363E-01 a      2581     1    22     2     1
  3.2040038367844287E-01 a      2582     1    22     2     2
 -3.3577801867190082E-01 a      2583     1    22     2     3
  2.3253624602336562E-01 a      2584     1    22     2     4
  1.2374926130418670E-01 a      2585     1    22     2     5
 -6.3793640032778862E-02 a      2586     1    22     2     6
 -3.7335714600580600E-01 a      2587     1    22     2     7
 -1.4149466148241359E+00 a      2588     1    22     2     8
  6.6646040143923502E-01 a      2589     1    22     2     9
  3.9700466585054639E-01 a      2590     1    22     2    10
 -5.6992871642448972E-01 a      2591     1    22     2    11
  6.7704912108597703E-01 a      2592     1    22     2    12
  6.7245696856133996E-01 a      2593     1    22     2    13
 -3.8033933050333546E-01 a      2594     1    22     2    14
 -8.5435380753001611E-01 a      2595     1    22     2    15
  8.1841585879842560E-01 a      2596     1    22     2    16
  2.1135558212372946E-01 a      2597     1    22     2    17
  2.4784617196804748E-01 a      2598     1    22     2    18
 -8.7215600148293060E-01 a      2599     1    22     2    19
 -1.9187851602332535E+00 a      2600     1    22     2    20
 -2.3585799798411227E+00 a      2601     1    22     2    21
  3.9483230138791597E-01 a      2602     1    22     2    22
 -1.4137397655839493E-01 a      2603     1    22     2    23
 -6.8675708944710179E-01 a      2604     1    22     2    24
  6.6214695789152489E-01 a      2605     1    22     2    25
 -7.6795787095150170E-01 a      2606     1    22     2    26
 -1.0733890975600331E+00 a      2607     1    22     2    27
 -1.6271355479748439E-01 a      2608     1    22     2    28
 -1.0224246050013599E+00 a      2609     1    22     2    29
  9.3285481304750872E-01 a      2610     1    22     2    30
  1.1341088197867086E+00 a      2611     1    23     2     1
 -2.9081038206620793E+00 a      2612     1    23     2     2
  1.1372540353081181E-01 a      2613     1    23     2     3
  1.1457089257925965E+00 a      2614     1    23     2     4
  7.7311227288408713E-01 a      2615     1    23     2     5
 -3.8856309113479359E-01 a      2616     1    23     2     6
 -3.7615331370079996E+00 a      2617     1    23     2     7
 -2.9241615566590784E-01 a      2618     1    23     2     8
  1.1885945986004265E+00 a      2619     1    23     2     9
  6.5620613142753748E-01 a      2620     1    23     2    10
  5.4446814383265230E-01 a      2621     1    23     2    11
  3.5948147065852903E-01 a      2622     1    23     2    12
 -3.7183970927848570E-01 a      2623     1    23     2    13
  9.3600322110643086E-01 a      2624     1    23     2    14
 -8.9140399836016948E-01 a      2625     1    23     2    15
 -1.0070238955990225E+00 a      2626     1    23     2    16
 -8.3342395956241988E-01 a      2627     1    23     2    17
 -9.8657316338978818E-01 a      2628     1    23     2    18
  4.0463974188589158E-01 a      2629     1    23     2    19
 -4.0561235357999725E-01 a      2630     1    23     2    20
 -1.0740436431562412E+00 a      2631     1    23     2    21
 -1.4379929002683569E+00 a      2632     1    23     2    22
 -4.9748034123186435E-01 a      2633     1    23     2    23
 -2.6492784577760892E-01 a      2634     1    23     2    24
  1.2118895385163453E+00 a      2635     1    23     2    25
 -2.3747169125668273E+00 a      2636     1    23     2    26
 -2.5888278615367182E+00 a      2637     1    23     2    27
 -1.2095387604010616E-01 a      2638     1    23     2    28
  1.0826740420516869E+00 a      2639     1    23     2    29
  7.6262270446284841E-01 a      2640     1    23     2    30
 -3.9725598963629499E-01 a      2641     1    24     2     1
 -4.3961440799204644E-02 a      2642     1    24     2     2
  5.6596346316101809E-01 a      2643     1    24     2     3
 -1.7602108773315455E+00 a      2644     1    24     2     4
 -2.2831677329301172E+00 a      2645     1    24     2     5
  3.0949700401884039E-01 a      2646     1    24     2     6
 -3.1036511798062344E-01 a      2647     1    24     2     7
 -6.6632721299555858E-02 a      2648     1    24     2     8
  5.8021177014934644E-01 a      2649     1    24     2     9
  1.7376028843728117E-01 a      2650     1    24     2    10
 -3.9058496614839600E-01 a      2651     1    24     2    11
  8.2374126534019332E-01 a      2652     1    24     2    12
 -1.1785104952674632E+00 a      2653     1    24     2    13
 -4.4168278754624413E-01 a      2654     1    24     2    14
  4.2940206542598020E-01 a      2655     1    24     2    15
 -7.6704350773490207E-02 a      2656     1    24     2    16
 -2.3335354692865828E+00 a      2657     1    24     2    17
 -1.4714410139054674E+00 a      2658     1    24     2    18
  3.8224561317627609E-01 a      2659     1    24     2    19
 -2.5095973731550147E+00 a      2660     1    24     2    20
  1.4354469385071682E+00 a      2661     1    24     2    21
  9.8148614941580692E-01 a      2662     1    24     2    22
  5.7598811085195922E-01 a      2663     1    24     2    23
 -1.3129658947464335E+00 a      2664     1    24     2    24
  9.2838089983641237E-01 a      2665     1    24     2    25
  3.4923242412240058E-01 a      2666     1    24     2    26
 -1.5370207880328887E-01 a      2667     1    24     2    27
 -7.9005087121206463E-02 a      2668     1    24     2    28
 -1.5371668497230184E+00 a      2669     1    24     2    29
 -6.6019090298878058E-01 a      2670     1    24     2    30
  1.3046972102515304E+00 a      2671     1    25     2     1
  5.2178073769080657E-01 a      2672     1    25     2     2
 -1.8205854834215012E+00 a      2673     1    25     2     3
  1.4509512786879324E+00 a      2674     1    25     2     4
 -2.5446484156568050E-01 a      2675     1    25     2     5
  6.2634540254034698E-01 a      2676     1    25     2     6
  3.1651410164774063E-01 a      2677     1    25     2     7
 -1.4223441859952000E+00 a      2678     1    25     2     8
  1.6342883698506012E-02 a      2679     1    25     2     9
 -1.3849542948288851E+00 a      2680     1    25     2    10
 -2.2418288971492856E-01 a      2681     1    25     2    11
 -3.0833713085097592E+00 a      2682     1    25     2    12
  1.7035085680950224E+00 a      2683     1    25     2    13
  7.2459993622140662E-01 a      2684     1    25     2    14
 -1.2522104848795687E-01 a      2685     1    25     2    15
  5.4044100278035834E-01 a      2686     1    25     2    16
 -3.2799821156229647E-01 a      2687     1    25     2    17
 -1.8328813201611213E-01 a      2688     1    25     2    18
 -4.8427655258772984E-01 a      2689     1    25     2    19
  1.7803217197532910E+00 a      2690     1    25     2    20
  1.4723736154847162E+00 a      2691     1    25     2    21
 -3.3215415706590756E-01 a      2692     1    25     2    22
 -1.4771608184713190E+00 a      2693     1    25     2    23
 -9.1524655581108463E-02 a      2694     1    25     2    24
 -2.4945357049489174E+00 a      2695     1    25     2    25
  2.5425654557946462E+00 a      2696     1    25     2    26
  4.7791770584392046E-01 a      2697     1    25     2    27
  3.3111241984575329E-01 a      2698     1    25     2    28
  3.3946142108707250E-01 a      2699     1    25     2    29
  1.6092680962282095E+00 a      2700     1    25     2    30
  1.1792753771870996E+00 a      2701     1    26     2     1
  9.6629762579603506E-01 a      2702     1    26     2     2
  1.1335438619157603E+00 a      2703     1    26     2     3
 -2.7964227890707283E-01 a      2704     1    26     2     4
  5.5458213276271673E-01 a      2705     1    26     2     5
 -1.9495802665088664E+00 a      2706     1    26     2     6
  1.1883574809186934E+00 a      2707     1    26     2     7
  5.1332402765482565E-01 a      2708     1    26     2     8
 -3.8752198079911447E-02 a      2709     1    26     2     9
  7.6267506298622267E-01 a      2710     1    26     2    10
  1.0207491804860282E-01 a      2711     1    26     2    11
  4.3298222299974221E-01 a      2712     1    26     2    12
  6.9463033764629434E-01 a      2713     1    26     2    13
  2.8772844233731887E-01 a      2714     1    26     2    14
 -5.0877138438158453E-01 a      2715     1    26     2    15
  1.0014283876817047E+00 a      2716     1    26     2    16
 -2.3283413501693359E-01 a      2717     1    26     2    17
  4.2179295458419691E-01 a      2718     1    26     2    18
 -1.0499551674628735E+00 a      2719     1    26     2    19
  8.0315565721231219E-01 a      2720     1    26     2    20
 -2.1016208602855815E+00 a      2721     1    26     2    21
  1.2379365991329012E-01 a      2722     1    26     2    22
  1.3606754534007404E+00 a      2723     1    26     2    23
  2.7786202870215110E-01 a      2724     1    26     2    24
 -3.6993865663762232E-01 a      2725     1    26     2    25
 -2.3137894345030674E-01 a      2726     1    26     2    26
 -7.1964087656097997E-01 a      2727     1    26     2    27
 -5.9148362819504530E-02 a      2728     1    26     2    28
  2.1265609526104151E-01 a      2729     1    26     2    29
  1.4832750098254055E+00 a      2730     1    26     2    30
  4.4617431437251459E-01 a      2731     1    27     2     1
 -2.2592759311992170E+00 a      2732     1    27     2     2
  3.3375613046948033E-01 a      2733     1    27     2     3
 -2.7248492326452167E+00 a      2734     1    27     2     4
 -1.4841260797179923E+00 a      2735     1    27     2     5
 -8.4369013711450580E-01 a      2736     1    27     2     6
 -2.3666702663839487E+00 a      2737     1    27     2     7
 -1.2667139271965393E+00 a      2738     1    27     2     8
  3.3883833610192815E-01 a      2739     1    27     2     9
  1.4946905252147813E+00 a      2740     1    27     2    10
  3.8648891220338000E-01 a      2741     1    27     2    11
  2.2766235762406306E-01 a      2742     1    27     2    12
 -1.1904642082900960E+00 a      2743     1    27     2    13
  1.2268472171723284E+00 a      2744     1    27     2    14
  2.4581355099103483E-01 a      2745     1    27     2    15
  1.5031843149263544E+00 a      2746     1    27     2    16
 -1.4043538056947319E-01 a      2747     1    27     2    17
 -3.9627153566586584E+00 a      2748     1    27     2    18
 -1.0784905550809820E+00 a      2749     1    27     2    19
  1.0699708324712481E-01 a      2750     1    27     2    20
 -6.6478468090088644E-02 a      2751     1    27     2    21
  2.0482619018287158E+00 a      2752     1    27     2    22
 -3.2888408422443288E-01 a      2753     1    27     2    23
  7.7537122549577209E-01 a      2754     1    27     2    24
 -9.4297408212378164E-01 a      2755     1    27     2    25
  5.3641117610354916E-01 a      2756     1    27     2    26
 -2.6628326841939026E-01 a      2757     1    27     2    27
 -1.2830637648295320E+00 a      2758     1    27     2    28
  1.7000299358544677E+00 a      2759     1    27     2    29
  5.8899774420677986E-01 a      2760     1    27     2    30
  9.9143205439638904E-01 a      2761     1    28     2     1
  1.4947288372433971E+00 a      2762     1    28     2     2
  8.1494544125097945E-01 a      2763     1    28     2     3
  2.8068804360649963E-01 a      2764     1    28     2     4
 -1.0029972344855553E+00 a      2765     1    28     2     5
  4.4322634602914707E-01 a      2766     1    28     2     6
 -7.8194897971997435E-01 a      2767     1    28     2     7
  1.6483394756509231E+00 a      2768     1    28     2     8
 -3.5332861630223982E+00 a      2769     1    28     2     9
 -2.8603452686593517E-01 a      2770     1    28     2    10
 -1.5029465152894150E+00 a      2771     1    28     2    11
 -7.9233151578155037E-01 a      2772     1    28     2    12
 -4.3353710328912809E-01 a      2773     1    28     2    13
 -8.4959682751108018E-02 a      2774     1    28     2    14
 -2.8384249212635386E+00 a      2775     1    28     2    15
 -1.0927223859894859E+00 a      2776     1    28     2    16
  2.2389870900478770E+00 a      2777     1    28     2    17
 -2.2646311922026219E+00 a      2778     1    28     2    18
 -1.9353336665106030E-01 a      2779     1    28     2    19
 -1.1117885480670426E+00 a      2780     1    28     2    20
  8.9836904101443760E-01 a      2781     1    28     2    21
  1.3457498751876207E+00 a      2782     1    28     2    22
  1.0292822591540931E+00 a      2783     1    28     2    23
 -9.4460710183829155E-01 a      2784     1    28     2    24
  9.1400859097920895E-02 a      2785     1    28     2    25
 -1.1279278229114833E+00 a      2786     1    28     2    26
  1.0300441024101517E+00 a      2787     1    28     2    27
  3.7521602818587557E-01 a      2788     1    28     2    28
 -2.9495712139651142E+00 a      2789     1    28     2    29
  5.2715031554260439E-02 a      2790     1    28     2    30
 -8.2877681879824139E-01 a      2791     1    29     2     1
 -8.0234425431245293E-01 a      2792     1    29     2     2
 -1.0250690981910349E+00 a      2793     1    29     2     3
 -3.1900324366425975E-01 a      2794     1    29     2     4
  3.7795137028252962E-02 a      2795     1    29     2     5
  5.6405708267217192E-01 a      2796     1    29     2     6
  2.4672478676669868E-01 a      2797     1    29     2     7
 -1.8292469517915009E+00 a      2798     1    29     2     8
 -2.8907883327546191E-01 a      2799     1    29     2     9
 -2.1592434757747272E+00 a      2800     1    29     2    10
  8.1328000055974503E-01 a      2801     1    29     2    11
  7.5712070170479062E-01 a      2802     1    29     2    12
 -4.7772787314646492E-01 a      2803     1    29     2    13
  5.6439226619028390E-03 a      2804     1    29     2    14
 -1.2449234224939560E+00 a      2805     1    29     2    15
 -3.9936646878881925E-02 a      2806     1    29     2    16
 -1.3841393691510067E+00 a      2807     1    29     2    17
  7.7636837181337315E-01 a      2808     1    29     2    18
 -2.3424118433508492E-01 a      2809     1    29     2    19
  1.8625534432675757E+00 a      2810     1    29     2    20
  2.4292432490543541E+00 a      2811     1    29     2    21
  2.6792199090257331E+00 a      2812     1    29     2    22
 -2.0721939078368843E+00 a      2813     1    29     2    23
 -8.5492113615152843E-01 a      2814     1    29     2    24
 -2.2738042634916433E-01 a      2815     1    29     2    25
 -8.3001533670449745E-01 a      2816     1    29     2    26
  9.0042932013475452E-01 a      2817     1    29     2    27
 -1.1243407767084626E+00 a      2818     1    29     2    28
  1.7918735828269741E+00 a      2819     1    29     2    29
 -3.1245798259535853E+00 a      2820     1    29     2    30
 -1.4564620440639202E+00 a      2821     1    30     2     1
 -1.0055715247585229E-01 a      2822     1    30     2     2
 -7.6978100006835748E-01 a      2823     1    30     2     3
  2.0666066638829025E-01 a      2824     1    30     2     4
  1.9337131793912403E+00 a      2825     1    30     2     5
  2.3933556455212218E-01 a      2826     1    30     2     6
 -2.1691731109969417E-01 a      2827     1    30     2     7
 -5.2062427450082971E-01 a      2828     1    30     2     8
  1.5687074999969166E+00 a      2829     1    30     2     9
 -2.3231537228314614E+00 a      2830     1    30     2    10
 -9.3888581602097498E-01 a      2831     1    30     2    11
 -8.4147510810746347E-03 a      2832     1    30     2    12
 -2.0839352507467246E+00 a      2833     1    30     2    13
  5.9251853537683685E-01 a      2834     1    30     2    14
 -1.7719833020269402E-01 a      2835     1    30     2    15
 -7.0729780117472574E-01 a      2836     1    30     2    16
  1.1247524613990559E-01 a      2837     1    30     2    17
  3.8833562545624717E-01 a      2838     1    30     2    18
 -1.0250615501875127E-01 a      2839     1    30     2    19
  7.7789748594729480E-01 a      2840     1    30     2    20
  1.5515614247625977E+00 a      2841     1    30     2    21
 -3.9260997190199141E+00 a      2842     1    30     2    22
  3.6783818994880202E-01 a      2843     1    30     2    23
 -1.3601473536635347E+00 a      2844     1    30     2    24
  8.7896587315747365E-01 a      2845     1    30     2    25
  5.2337034439657870E-01 a      2846     1    30     2    26
 -1.3048402272032913E-01 a      2847     1    30     2    27
  1.2627803917876340E-01 a      2848     1    30     2    28
  2.0882890916309393E+00 a      2849     1    30     2    29
 -1.2625879261332547E+00 a      2850     1    30     2    30
  3.4832025593890320E-01 b      2851     2     1
  8.4793566972597922E+00 b      2852     2     2
  6.3261125406809491E+00 b      2853     2     3
 -7.0750747277943464E+00 b      2854     2     4
 -5.4396982955053739E+00 b      2855     2     5
 -1.2333429749611751E+00 b      2856     2     6
  6.8579150738935413E+00 b      2857     2     7
  1.0140992721840703E+01 b      2858     2     8
  4.7616714698060179E+00 b      2859     2     9
  2.6031598550217292E+00 b      2860     2    10
  9.7106475520107716E-01 b      2861     2    11
  8.3776730893998508E+00 b      2862     2    12
  1.0234532530802477E-01 b      2863     2    13
  2.5236298632842197E-01 b      2864     2    14
 -2.3009712473618484E+00 b      2865     2    15
  2.4584882345461381E+00 b      2866     2    16
 -8.4697554263201347E-01 b      2867     2    17
 -6.8343853695281398E+00 b      2868     2    18
  2.8917449288247217E+00 b      2869     2    19
  1.5917994615610174E+00 b      2870     2    20
 -9.6366913428589906E-01 b      2871     2    21
  8.1484353298983891E-01 b      2872     2    22
 -5.2078125657882968E+00 b      2873     2    23
  5.1251437144310428E+00 b      2874     2    24
 -6.6615659980337156E+00 b      2875     2    25
 -6.8637820971173964E+00 b      2876     2    26
 -4.3528641678394475E+00 b      2877     2    27
  1.6010142368482543E+00 b      2878     2    28
  9.0201093199134590E+00 b      2879     2    29
 -2.3170522812308136E-01 b      2880     2    30
  7.1141129262902170E-02 a      2881     2     1     3     1
  4.4796671549770274E-02 a      2882     2     2     3     1
 -3.9016630472655224E-02 a      2883     2     3     3     1
  2.7512581387233614E-02 a      2884     2     4     3     1
  7.8524445415756039E-02 a      2885     2     5     3     1
  8.8207811005540107E-02 a      2886     2     6     3     1
 -4.1937247961931171E-02 a      2887     2     7     3     1
  2.0332807336774547E-02 a      2888     2     8     3     1
  1.2171555121367940E-01 a      2889     2     9     3     1
 -5.0355713108245388E-02 a      2890     2    10     3     1
  2.9493614215927121E-02 a      2891     2    11     3     1
 -1.2665826289780435E-01 a      2892     2    12     3     1
  7.5377043260358420E-02 a      2893     2    13     3     1
 -8.4389272355593958E-02 a      2894     2    14     3     1
  4.2478012837739353E-02 a      2895     2    15     3     1
  6.5331535295097450E-03 a      2896     2    16     3     1
 -8.7640131692565404E-02 a      2897     2    17     3     1
 -5.8528255009314849E-02 a      2898     2    18     3     1
 -1.1565092784512704E-01 a      2899     2    19     3     1
 -8.6028451379031243E-03 a      2900     2    20     3     1
  1.3529228947572028E-01 a      2901     2    21     3     1
 -3.9895047494792238E-02 a      2902     2    22     3     1
 -6.6529866090452597E-02 a      2903     2    23     3     1
  1.0360156220926302E-01 a      2904     2    24     3     1
 -6.1167654289421586E-02 a      2905     2    25     3     1
  7.7639015139883216E-01 a      2906     2    26     3     1
  6.9173249842092319E-02 a      2907     2    27     3     1
 -9.9299716587901307E-02 a      2908     2    28     3     1
 -3.7111261313790500E-02 a      2909     2    29     3     1
 -5.4761755043091997E-02 a      2910     2    30     3     1
 -4.0439547826772865E-01 b      2911     3     1
