################################################################################
# Neural network connection values (weights and biases).
################################################################################
# Col  Name       Description
################################################################################
# 1    connection Neural network connection value.
# 2    t          Connection type (a = weight, b = bias).
# 3    index      Index enumerating weights.
# 4    l_s        Starting point layer (end point layer for biases).
# 5    n_s        Starting point neuron in starting layer (end point neuron for biases).
# 6    l_e        End point layer.
# 7    n_e        End point neuron in end layer.
################################################################################
#                      1 2         3     4     5     6     7
#             connection t     index   l_s   n_s   l_e   n_e
############################################################
  4.4982377178776733E-02 a         1     0     1     1     1
 -1.5631426345041534E-02 a         2     0     1     1     2
 -7.1385144809242558E+00 a         3     0     1     1     3
  8.2198295927784653E+00 a         4     0     1     1     4
  2.9433058979306188E+00 a         5     0     1     1     5
  5.6197286331223562E-01 a         6     0     1     1     6
  1.2360540320326820E+00 a         7     0     1     1     7
  4.1711608367254556E+00 a         8     0     1     1     8
 -1.5867536125514441E+00 a         9     0     1     1     9
 -2.0406492025148468E+00 a        10     0     1     1    10
  7.4987503786847896E+00 a        11     0     1     1    11
 -4.1221649342869027E+00 a        12     0     1     1    12
 -8.5960216947082486E+00 a        13     0     1     1    13
  9.1535450363039139E+00 a        14     0     1     1    14
 -8.1340746802213655E+00 a        15     0     1     1    15
 -1.4272065430068498E-01 a        16     0     1     1    16
 -1.3724250328012245E+01 a        17     0     1     1    17
 -1.4112597299613487E+00 a        18     0     1     1    18
 -7.6303602769341650E+00 a        19     0     1     1    19
 -2.7314437932700883E+00 a        20     0     1     1    20
 -1.0071256289125241E+01 a        21     0     1     1    21
 -4.1334881197822666E+00 a        22     0     1     1    22
  2.9924490496943066E+00 a        23     0     1     1    23
 -2.1516314915729091E+00 a        24     0     1     1    24
 -8.6523955820042495E+00 a        25     0     1     1    25
  3.3714576527325582E+00 a        26     0     1     1    26
  3.2005654091107216E-01 a        27     0     1     1    27
  1.2052867558920502E+01 a        28     0     1     1    28
  6.9042024576530092E-01 a        29     0     1     1    29
  1.1250417504302710E+01 a        30     0     1     1    30
  1.1941262248901905E+00 a        31     0     2     1     1
 -2.3586856646862651E+00 a        32     0     2     1     2
 -6.6797456191685733E-01 a        33     0     2     1     3
  1.1672589432465664E+01 a        34     0     2     1     4
 -1.4130021248221242E-02 a        35     0     2     1     5
 -2.5274715610176877E+00 a        36     0     2     1     6
 -3.2398385440852264E+00 a        37     0     2     1     7
  3.8096204681046069E+00 a        38     0     2     1     8
 -1.0291526389219523E+01 a        39     0     2     1     9
 -8.4415075288004182E+00 a        40     0     2     1    10
  1.1102406468470720E+01 a        41     0     2     1    11
 -1.0333018703139665E+00 a        42     0     2     1    12
 -1.8806784523477615E+00 a        43     0     2     1    13
  9.7275803071507061E-01 a        44     0     2     1    14
 -7.1772122571853449E+00 a        45     0     2     1    15
  2.0902434789258088E+01 a        46     0     2     1    16
  8.3023099147819277E+00 a        47     0     2     1    17
  2.3233467500733549E+00 a        48     0     2     1    18
  7.9220427376508145E+00 a        49     0     2     1    19
  2.1871841475694534E-01 a        50     0     2     1    20
  2.1498453852493684E+00 a        51     0     2     1    21
  8.6359844906396486E+00 a        52     0     2     1    22
  2.8217960165113340E+00 a        53     0     2     1    23
 -1.1572299597964284E+01 a        54     0     2     1    24
  4.0596063119022743E+00 a        55     0     2     1    25
 -1.2557471125795022E+01 a        56     0     2     1    26
  1.4798422299255739E+01 a        57     0     2     1    27
  2.7672876206527537E+00 a        58     0     2     1    28
  9.3318317902905648E+00 a        59     0     2     1    29
  6.1046882880032429E+00 a        60     0     2     1    30
  2.1746814890214048E+00 a        61     0     3     1     1
 -7.2603027909400932E+00 a        62     0     3     1     2
 -2.2030135363470915E+00 a        63     0     3     1     3
 -2.7611977314948914E+00 a        64     0     3     1     4
  9.7079203653303896E+00 a        65     0     3     1     5
 -1.4532989994777207E-01 a        66     0     3     1     6
 -3.5443134956146022E-01 a        67     0     3     1     7
  7.1721620563626152E+00 a        68     0     3     1     8
  4.7332343363356442E+00 a        69     0     3     1     9
  1.8418250426482868E-01 a        70     0     3     1    10
  1.0412647901150512E+01 a        71     0     3     1    11
  6.1908280839363705E+00 a        72     0     3     1    12
 -1.8767007842750119E-01 a        73     0     3     1    13
 -3.9976363771291155E+00 a        74     0     3     1    14
  6.2601370051170253E+00 a        75     0     3     1    15
  2.0097018450568638E+00 a        76     0     3     1    16
 -7.9675553263474121E+00 a        77     0     3     1    17
  3.3997187767635908E+00 a        78     0     3     1    18
 -1.1163528856933320E+01 a        79     0     3     1    19
 -1.5834395391905405E+00 a        80     0     3     1    20
 -8.6715238949994049E+00 a        81     0     3     1    21
 -5.8577364393427338E+00 a        82     0     3     1    22
 -6.8732253398234127E+00 a        83     0     3     1    23
  1.2108056234069393E+01 a        84     0     3     1    24
 -5.2706711518292906E+01 a        85     0     3     1    25
 -2.1539259769868013E+00 a        86     0     3     1    26
 -1.1676943317065890E+01 a        87     0     3     1    27
  1.8570653658231446E+01 a        88     0     3     1    28
  5.4398026314441568E+00 a        89     0     3     1    29
 -4.8174768917159465E+00 a        90     0     3     1    30
 -7.2216024068748563E+00 a        91     0     4     1     1
 -1.7816500147549959E+01 a        92     0     4     1     2
 -3.7054788922290451E+00 a        93     0     4     1     3
  1.3093415590681815E+01 a        94     0     4     1     4
 -1.8205960180037216E+01 a        95     0     4     1     5
 -1.4514178884742616E+01 a        96     0     4     1     6
 -1.3344762907975779E+01 a        97     0     4     1     7
  9.7514545077261960E+00 a        98     0     4     1     8
 -2.4433109123824039E+01 a        99     0     4     1     9
 -1.6521460198779137E-01 a       100     0     4     1    10
  1.5527851394785454E+01 a       101     0     4     1    11
 -1.1691495207377594E+01 a       102     0     4     1    12
 -9.5269871239571664E+00 a       103     0     4     1    13
  4.6287982759302126E+00 a       104     0     4     1    14
 -1.0837180711070138E+00 a       105     0     4     1    15
  1.9643228169722713E+00 a       106     0     4     1    16
 -6.1042237517557743E+00 a       107     0     4     1    17
  6.5579019847482742E+00 a       108     0     4     1    18
  8.8598221512455169E+00 a       109     0     4     1    19
 -1.1353243807326685E+01 a       110     0     4     1    20
  1.0069678820127264E+00 a       111     0     4     1    21
 -6.0282706453748940E+00 a       112     0     4     1    22
 -6.1898027204132300E-01 a       113     0     4     1    23
 -2.8241342378208936E+00 a       114     0     4     1    24
  6.9875120914234445E+00 a       115     0     4     1    25
 -6.5848783612145159E+00 a       116     0     4     1    26
  6.3996044098921026E+00 a       117     0     4     1    27
  5.7996176914866409E+00 a       118     0     4     1    28
  1.6742098173636208E+01 a       119     0     4     1    29
  3.4037150012566442E+00 a       120     0     4     1    30
  5.7641722365630288E-01 a       121     0     5     1     1
 -2.4246321891605991E+00 a       122     0     5     1     2
  2.0103165221893113E+00 a       123     0     5     1     3
 -2.6122034903715541E+00 a       124     0     5     1     4
 -3.6202554941764888E+00 a       125     0     5     1     5
  4.2247741643106906E-01 a       126     0     5     1     6
 -6.8184587807502375E+00 a       127     0     5     1     7
  3.3368622286552747E+00 a       128     0     5     1     8
  3.6987389964665640E+00 a       129     0     5     1     9
 -7.2862639840568360E+00 a       130     0     5     1    10
  5.0582118233221101E+00 a       131     0     5     1    11
 -9.3515678751712306E-01 a       132     0     5     1    12
 -4.3523661228125304E-01 a       133     0     5     1    13
 -1.6926922599492682E+00 a       134     0     5     1    14
  6.8888276962490940E+00 a       135     0     5     1    15
 -5.9430089641275270E+00 a       136     0     5     1    16
  1.8165110176506785E+00 a       137     0     5     1    17
 -1.0216837818929123E-01 a       138     0     5     1    18
 -1.7663506222561767E+00 a       139     0     5     1    19
 -2.0442621301603063E+00 a       140     0     5     1    20
  1.8599021414951185E+00 a       141     0     5     1    21
 -1.3752307113990750E-01 a       142     0     5     1    22
 -1.8022648881927565E+00 a       143     0     5     1    23
 -6.2849798453928640E+00 a       144     0     5     1    24
  3.1138514626710543E+00 a       145     0     5     1    25
  5.8472451614804770E+00 a       146     0     5     1    26
 -9.0155325017036703E-01 a       147     0     5     1    27
 -4.9452316812758905E+00 a       148     0     5     1    28
  2.7161357286288581E+00 a       149     0     5     1    29
 -4.4744975003308181E+00 a       150     0     5     1    30
  8.7901013713319252E+00 a       151     0     6     1     1
  2.8536949101790303E+00 a       152     0     6     1     2
 -4.2326656557291429E+00 a       153     0     6     1     3
  8.0605073763235868E-01 a       154     0     6     1     4
  2.3793476084401859E+00 a       155     0     6     1     5
 -4.3889251861970671E+00 a       156     0     6     1     6
  9.5123923041871787E+00 a       157     0     6     1     7
 -6.5554742578271052E-01 a       158     0     6     1     8
 -9.8651705127747995E+00 a       159     0     6     1     9
  5.0980962198801167E+00 a       160     0     6     1    10
 -3.5481768178771117E-01 a       161     0     6     1    11
  8.7121012416146240E-02 a       162     0     6     1    12
  4.3148820358565390E+00 a       163     0     6     1    13
 -7.9057054480202398E+00 a       164     0     6     1    14
 -5.2124295483002943E+00 a       165     0     6     1    15
  3.3536591570006196E+00 a       166     0     6     1    16
 -1.2350112346439269E+01 a       167     0     6     1    17
  1.5170377435011118E+00 a       168     0     6     1    18
  9.3933082851103986E+00 a       169     0     6     1    19
  5.5462464713835109E+00 a       170     0     6     1    20
  8.6836165922390123E+00 a       171     0     6     1    21
 -4.0399636104686429E+00 a       172     0     6     1    22
  4.4908727656393967E+00 a       173     0     6     1    23
  3.0626814593337417E+00 a       174     0     6     1    24
 -6.1161651635571213E+00 a       175     0     6     1    25
 -4.2836335894446620E+00 a       176     0     6     1    26
 -4.3356990422533377E+00 a       177     0     6     1    27
  5.4377583630958526E+00 a       178     0     6     1    28
  1.8825685768481781E-01 a       179     0     6     1    29
  1.6472221176481658E+00 a       180     0     6     1    30
  2.6583690777990001E+00 a       181     0     7     1     1
  5.9881442888190461E-01 a       182     0     7     1     2
  2.8638456194363213E+00 a       183     0     7     1     3
 -6.3607153572373285E+00 a       184     0     7     1     4
 -8.7276368645049445E+00 a       185     0     7     1     5
  5.0215278780878707E+00 a       186     0     7     1     6
 -7.5510389706690999E+00 a       187     0     7     1     7
 -3.2379527676071245E+00 a       188     0     7     1     8
 -3.5099964884370938E-01 a       189     0     7     1     9
 -5.8499486960679805E+00 a       190     0     7     1    10
 -1.8876983437279917E+00 a       191     0     7     1    11
 -7.0415864874937739E+00 a       192     0     7     1    12
 -1.6172788824076876E+00 a       193     0     7     1    13
 -9.5441061657244557E+00 a       194     0     7     1    14
  7.2926993181005599E+00 a       195     0     7     1    15
 -6.5768713012337390E+00 a       196     0     7     1    16
  8.3766149754725117E-01 a       197     0     7     1    17
  1.1958090268560753E+00 a       198     0     7     1    18
  7.2083705654602586E+00 a       199     0     7     1    19
 -1.7052478787784153E+00 a       200     0     7     1    20
  1.4770967210558714E+00 a       201     0     7     1    21
  4.4089977200512820E+00 a       202     0     7     1    22
 -1.4083153388028911E+00 a       203     0     7     1    23
  3.9791997935319010E+00 a       204     0     7     1    24
  7.1178227769239113E+00 a       205     0     7     1    25
  1.8891055331904401E+00 a       206     0     7     1    26
  2.4680267289352855E+00 a       207     0     7     1    27
 -7.7581024791771496E+00 a       208     0     7     1    28
  4.5373925106163595E+00 a       209     0     7     1    29
 -5.4115885706063587E+00 a       210     0     7     1    30
  6.8087665272412501E+00 a       211     0     8     1     1
  8.8754287644113194E-01 a       212     0     8     1     2
  1.8795560034354524E+00 a       213     0     8     1     3
 -1.1508668778988296E+01 a       214     0     8     1     4
  2.2664191981416426E+00 a       215     0     8     1     5
  1.0429285828831520E+00 a       216     0     8     1     6
  1.1133730033974649E+01 a       217     0     8     1     7
 -6.1006617336569402E+00 a       218     0     8     1     8
 -3.3679782061539720E+00 a       219     0     8     1     9
  3.8786308291743765E+00 a       220     0     8     1    10
 -1.2474421924606967E+01 a       221     0     8     1    11
  5.6795631160453244E+00 a       222     0     8     1    12
  1.3171258696430211E+01 a       223     0     8     1    13
 -1.7946870570060124E+01 a       224     0     8     1    14
  6.2447095931591692E+00 a       225     0     8     1    15
  1.5199048653914760E+00 a       226     0     8     1    16
  7.5156181014653569E+00 a       227     0     8     1    17
  3.2863326989121033E-02 a       228     0     8     1    18
  1.1678336707067036E+01 a       229     0     8     1    19
  1.0865908103311305E+01 a       230     0     8     1    20
  1.3033082035819250E+01 a       231     0     8     1    21
  1.2369528875957492E+00 a       232     0     8     1    22
 -5.0149045257919873E+00 a       233     0     8     1    23
 -2.1837813315374199E+00 a       234     0     8     1    24
  3.0353973103863954E+00 a       235     0     8     1    25
 -1.7005562713877811E+00 a       236     0     8     1    26
 -7.9724735422925157E+00 a       237     0     8     1    27
 -1.1706208150034673E+01 a       238     0     8     1    28
  5.2118003877601566E+00 a       239     0     8     1    29
 -1.5488030986039069E+01 a       240     0     8     1    30
 -3.9070913165861225E+00 a       241     0     9     1     1
  5.7160837579773851E+00 a       242     0     9     1     2
 -8.5522391125883015E+00 a       243     0     9     1     3
 -4.5139944246036992E+00 a       244     0     9     1     4
 -3.0595532957784002E+00 a       245     0     9     1     5
  3.6288002230894070E+00 a       246     0     9     1     6
 -2.7157034453792179E+00 a       247     0     9     1     7
 -1.2952625352387912E+00 a       248     0     9     1     8
  8.3514660788850748E-01 a       249     0     9     1     9
  8.3408899656344992E-01 a       250     0     9     1    10
 -3.5432914647934237E+00 a       251     0     9     1    11
 -8.0748297478583542E+00 a       252     0     9     1    12
 -1.2649262700793367E+01 a       253     0     9     1    13
  1.4486394943653874E+01 a       254     0     9     1    14
 -4.2291301512383859E+00 a       255     0     9     1    15
 -1.2463030711203656E+01 a       256     0     9     1    16
  3.6185271546505628E+00 a       257     0     9     1    17
  4.2390475515878894E+00 a       258     0     9     1    18
 -1.0063040423689726E+00 a       259     0     9     1    19
  3.6019915243263328E-01 a       260     0     9     1    20
 -8.1063752971721375E+00 a       261     0     9     1    21
 -9.8119615819384158E+00 a       262     0     9     1    22
  6.9983988933463550E+00 a       263     0     9     1    23
  6.5176597733145671E+00 a       264     0     9     1    24
 -3.9043778951450245E+00 a       265     0     9     1    25
  1.0112772422408366E+01 a       266     0     9     1    26
  2.3660030348122902E+01 a       267     0     9     1    27
 -6.0054865057649129E+00 a       268     0     9     1    28
 -8.1557235175975471E+00 a       269     0     9     1    29
 -1.3233332871482497E+00 a       270     0     9     1    30
 -7.9652221842120630E-01 a       271     0    10     1     1
  2.2882804447605669E+00 a       272     0    10     1     2
  3.4222588982351998E+00 a       273     0    10     1     3
  7.1695954127275896E-01 a       274     0    10     1     4
  2.6662009754144695E+00 a       275     0    10     1     5
  5.0172392756798911E-01 a       276     0    10     1     6
 -1.7267649986049556E+00 a       277     0    10     1     7
  1.5217185003244058E+00 a       278     0    10     1     8
  1.8724687603844978E+00 a       279     0    10     1     9
 -2.5966167920298169E+00 a       280     0    10     1    10
  1.7069917072078420E+00 a       281     0    10     1    11
  2.7496566906516606E-01 a       282     0    10     1    12
  1.8037848605575215E+00 a       283     0    10     1    13
  2.2225098795155520E+00 a       284     0    10     1    14
  3.5402925455804941E+00 a       285     0    10     1    15
 -1.4787038189225787E+00 a       286     0    10     1    16
  2.3732673314444352E+00 a       287     0    10     1    17
  5.5433089631861043E-01 a       288     0    10     1    18
 -6.3876474052117453E+00 a       289     0    10     1    19
 -1.6925033482871956E+00 a       290     0    10     1    20
  2.2599654101020192E+00 a       291     0    10     1    21
 -1.0321958386000272E+00 a       292     0    10     1    22
 -8.1087983306034694E-01 a       293     0    10     1    23
 -4.8043059836265298E+00 a       294     0    10     1    24
  4.2654702644545850E-01 a       295     0    10     1    25
  1.4126071368536977E+00 a       296     0    10     1    26
  5.4735119241883645E-01 a       297     0    10     1    27
 -3.1216086111981598E+00 a       298     0    10     1    28
  2.6498721181844949E+00 a       299     0    10     1    29
 -9.1828154873160206E-01 a       300     0    10     1    30
  5.1187480179195628E+00 a       301     0    11     1     1
 -1.7699599038508300E+00 a       302     0    11     1     2
 -6.2329430044606280E+00 a       303     0    11     1     3
 -1.0421051699330912E+00 a       304     0    11     1     4
 -6.2899727194291941E+00 a       305     0    11     1     5
 -2.4272264080611133E-01 a       306     0    11     1     6
  3.6152295549896665E+00 a       307     0    11     1     7
 -5.9919801007203874E+00 a       308     0    11     1     8
 -5.0300234892361608E+00 a       309     0    11     1     9
 -8.6440616929779401E-01 a       310     0    11     1    10
  1.8330955288087099E-02 a       311     0    11     1    11
  2.4001404457409836E+00 a       312     0    11     1    12
 -3.9152399264383431E-01 a       313     0    11     1    13
 -8.2459743798441529E+00 a       314     0    11     1    14
 -2.2160484435545635E+00 a       315     0    11     1    15
  9.6856555434408764E-01 a       316     0    11     1    16
 -2.7842318513112323E+00 a       317     0    11     1    17
 -1.9670123178339629E-02 a       318     0    11     1    18
  7.1996915026192463E+00 a       319     0    11     1    19
  3.4048180863328201E+00 a       320     0    11     1    20
  2.6202601629301006E+00 a       321     0    11     1    21
  5.8286021984404623E-01 a       322     0    11     1    22
  1.9382290698751274E+00 a       323     0    11     1    23
  4.5462613355731678E+00 a       324     0    11     1    24
  7.6312948547179016E-01 a       325     0    11     1    25
 -3.2695893620093037E+00 a       326     0    11     1    26
 -3.0062167120399832E+00 a       327     0    11     1    27
  4.9940424145463547E-01 a       328     0    11     1    28
 -1.8252827176265687E+00 a       329     0    11     1    29
 -4.4407086194835593E-01 a       330     0    11     1    30
  6.0249342452056442E-01 a       331     0    12     1     1
  5.1421748832486873E+00 a       332     0    12     1     2
  2.2866212670955041E-01 a       333     0    12     1     3
  1.5881478020313986E+00 a       334     0    12     1     4
 -2.2396822067081255E+00 a       335     0    12     1     5
  5.0649138373627234E-01 a       336     0    12     1     6
  7.6652192112182593E+00 a       337     0    12     1     7
 -3.0839968102134319E+00 a       338     0    12     1     8
  4.9394832590138744E+00 a       339     0    12     1     9
  4.3923833022792955E+00 a       340     0    12     1    10
 -2.7386489563440439E+00 a       341     0    12     1    11
 -2.1439560100534756E+00 a       342     0    12     1    12
  3.4996759049983144E+00 a       343     0    12     1    13
  5.4028654369207798E+00 a       344     0    12     1    14
  3.2649512387748159E-01 a       345     0    12     1    15
 -5.3501436846083710E+00 a       346     0    12     1    16
 -5.1548773665391110E+00 a       347     0    12     1    17
 -1.7814167822284663E+01 a       348     0    12     1    18
 -1.2896122583799430E+00 a       349     0    12     1    19
 -2.0078814267775167E+00 a       350     0    12     1    20
 -2.2853164873103875E+00 a       351     0    12     1    21
 -4.1427257437926297E+00 a       352     0    12     1    22
 -8.0615607312312285E+00 a       353     0    12     1    23
  4.8371605181193713E+00 a       354     0    12     1    24
 -3.2987137567346752E+00 a       355     0    12     1    25
  4.1778129039443561E+00 a       356     0    12     1    26
 -2.0995239528505913E+00 a       357     0    12     1    27
 -1.4573555303829782E+00 a       358     0    12     1    28
 -5.5058917056752099E+00 a       359     0    12     1    29
  7.1187386934196883E+00 a       360     0    12     1    30
  9.6608358980602365E+00 a       361     0    13     1     1
  3.4110116112884521E+00 a       362     0    13     1     2
  3.6958890956172064E-01 a       363     0    13     1     3
 -7.2177542243688917E+00 a       364     0    13     1     4
  3.6554109117513089E+00 a       365     0    13     1     5
 -1.1886065880147498E+01 a       366     0    13     1     6
 -5.4941730636158930E+00 a       367     0    13     1     7
 -8.8346723683809962E+00 a       368     0    13     1     8
  5.9208375872560133E+00 a       369     0    13     1     9
  1.5828761911052860E+00 a       370     0    13     1    10
 -1.3200315039951680E+00 a       371     0    13     1    11
  6.2841758008584492E-01 a       372     0    13     1    12
  1.9641381671413114E+01 a       373     0    13     1    13
 -7.6463736528414321E+00 a       374     0    13     1    14
  5.5709006811884310E+00 a       375     0    13     1    15
  1.9326080055271408E+01 a       376     0    13     1    16
  5.5968365562010058E+00 a       377     0    13     1    17
 -1.1750975142802025E+01 a       378     0    13     1    18
  1.8994328322325149E+01 a       379     0    13     1    19
 -2.0828811937573306E+00 a       380     0    13     1    20
  8.0356546312095851E+00 a       381     0    13     1    21
  1.0073666438302681E+01 a       382     0    13     1    22
 -4.9718426479875504E+00 a       383     0    13     1    23
  8.9519083482541650E-01 a       384     0    13     1    24
  6.2405169237989044E+00 a       385     0    13     1    25
  5.8839717874429631E+00 a       386     0    13     1    26
 -1.4852670313070684E+01 a       387     0    13     1    27
  1.7476965387391843E+01 a       388     0    13     1    28
  1.1990132739921085E+01 a       389     0    13     1    29
 -3.2333816441192624E+00 a       390     0    13     1    30
  8.5989164690073494E-01 a       391     0    14     1     1
 -1.6841038733111025E+00 a       392     0    14     1     2
  3.9270599870642040E+00 a       393     0    14     1     3
 -1.5892471910081181E+01 a       394     0    14     1     4
  2.0236525078731118E+00 a       395     0    14     1     5
  7.2470188455936970E+00 a       396     0    14     1     6
  6.0715575695886876E+00 a       397     0    14     1     7
 -1.4185339555005683E+00 a       398     0    14     1     8
  8.2004073124038293E+00 a       399     0    14     1     9
  5.1465830101940990E-01 a       400     0    14     1    10
 -9.9399183433531135E+00 a       401     0    14     1    11
 -9.6772520492515479E+00 a       402     0    14     1    12
  3.4521969510050621E+00 a       403     0    14     1    13
 -6.0413949076050804E+00 a       404     0    14     1    14
  2.4445868415457910E+00 a       405     0    14     1    15
 -6.2637295015155985E+00 a       406     0    14     1    16
  2.3403029885911266E+00 a       407     0    14     1    17
  2.6275096119434320E+01 a       408     0    14     1    18
 -1.2806538101830833E+01 a       409     0    14     1    19
  1.5146852263911590E+01 a       410     0    14     1    20
  9.7129528030500314E+00 a       411     0    14     1    21
 -1.1136431590063343E+00 a       412     0    14     1    22
  1.8285166514172968E+01 a       413     0    14     1    23
 -2.5266501882915469E+00 a       414     0    14     1    24
  7.7693224309253868E+00 a       415     0    14     1    25
  1.7849026644964688E+01 a       416     0    14     1    26
 -6.8110126846516685E+00 a       417     0    14     1    27
 -3.4665042160025590E+00 a       418     0    14     1    28
  7.0571095085177102E+00 a       419     0    14     1    29
 -1.4281847643538844E+01 a       420     0    14     1    30
 -9.4375472455185569E+00 a       421     0    15     1     1
 -5.0083360395682170E+00 a       422     0    15     1     2
  5.0109587437697645E+00 a       423     0    15     1     3
 -1.5136722682110477E+01 a       424     0    15     1     4
  1.4903051990562755E+01 a       425     0    15     1     5
 -4.7141420543815276E+00 a       426     0    15     1     6
 -2.7866190494016503E+00 a       427     0    15     1     7
  1.1261664014379246E+01 a       428     0    15     1     8
 -4.4639597803149667E-01 a       429     0    15     1     9
 -1.1105888265266777E+00 a       430     0    15     1    10
 -5.5182706250219482E+00 a       431     0    15     1    11
 -3.1164876506577119E+00 a       432     0    15     1    12
  1.5989107874210381E+01 a       433     0    15     1    13
 -2.2245731488305200E+01 a       434     0    15     1    14
  8.3132866212972960E+00 a       435     0    15     1    15
  1.3021790179515550E+01 a       436     0    15     1    16
 -1.1968759797116922E+01 a       437     0    15     1    17
  3.2863909355650925E+01 a       438     0    15     1    18
 -1.7287275762839652E+01 a       439     0    15     1    19
  1.6635957161575465E+01 a       440     0    15     1    20
  4.2165684763591649E-01 a       441     0    15     1    21
 -5.5330642763104851E+00 a       442     0    15     1    22
  1.5669768652689237E+01 a       443     0    15     1    23
  1.2942479015604199E+01 a       444     0    15     1    24
 -8.5130453264305519E+00 a       445     0    15     1    25
  8.7446124260864888E+00 a       446     0    15     1    26
 -1.8098243382289283E+01 a       447     0    15     1    27
  1.9534529359844214E+01 a       448     0    15     1    28
  1.2376914592865358E+01 a       449     0    15     1    29
 -1.8811394077288984E+01 a       450     0    15     1    30
  5.2631470225363808E+00 a       451     0    16     1     1
 -2.4966039604660728E+00 a       452     0    16     1     2
 -1.3290968900571996E+00 a       453     0    16     1     3
  1.1702394258452326E+01 a       454     0    16     1     4
 -1.7253661644493395E+01 a       455     0    16     1     5
  4.1187393463053326E+00 a       456     0    16     1     6
  8.5894175818687368E-01 a       457     0    16     1     7
 -8.6090185242137789E+00 a       458     0    16     1     8
 -4.6036175197861589E+00 a       459     0    16     1     9
  1.6924564283907473E+00 a       460     0    16     1    10
 -3.5087624804115497E-01 a       461     0    16     1    11
 -4.6517684004567783E-01 a       462     0    16     1    12
 -9.3876977936701245E+00 a       463     0    16     1    13
  1.4843551358586517E+01 a       464     0    16     1    14
 -1.4157902457942473E+01 a       465     0    16     1    15
 -1.1174229431001967E+01 a       466     0    16     1    16
  1.2599364326684892E+01 a       467     0    16     1    17
 -1.3711406193969305E+01 a       468     0    16     1    18
  2.0020631181885129E+01 a       469     0    16     1    19
 -8.2245929731605205E+00 a       470     0    16     1    20
  1.0382440216058988E+01 a       471     0    16     1    21
  8.5558073282819187E+00 a       472     0    16     1    22
  3.2900799015026485E+00 a       473     0    16     1    23
 -2.3577453926446463E+01 a       474     0    16     1    24
  2.4750914624166835E+01 a       475     0    16     1    25
  3.0794371761141464E+00 a       476     0    16     1    26
  1.6487115717712118E+01 a       477     0    16     1    27
 -2.4763385018327114E+01 a       478     0    16     1    28
 -8.0728756134691917E+00 a       479     0    16     1    29
  1.0593680990311814E+01 a       480     0    16     1    30
 -8.1666335199245648E+00 a       481     0    17     1     1
 -1.4078387449344401E+01 a       482     0    17     1     2
  7.6941942927106819E+00 a       483     0    17     1     3
  1.2830793985797241E+01 a       484     0    17     1     4
  1.1822796916917687E+01 a       485     0    17     1     5
  2.6287594048459720E+01 a       486     0    17     1     6
 -1.1880035325769430E+01 a       487     0    17     1     7
 -3.2797729356467591E+00 a       488     0    17     1     8
 -1.2172578310356956E+01 a       489     0    17     1     9
 -3.1627021250233348E+01 a       490     0    17     1    10
  6.4220225182128967E+00 a       491     0    17     1    11
 -1.8714426454858494E+01 a       492     0    17     1    12
 -2.5200486482267692E+01 a       493     0    17     1    13
 -9.4167871865336561E-01 a       494     0    17     1    14
  1.3358723465956794E+01 a       495     0    17     1    15
 -2.8914361368591027E+01 a       496     0    17     1    16
 -2.0755473845347652E+01 a       497     0    17     1    17
  5.9828188885965456E+00 a       498     0    17     1    18
 -1.3956294075715398E+01 a       499     0    17     1    19
  5.0267518044108668E+00 a       500     0    17     1    20
 -1.2246772715533057E+01 a       501     0    17     1    21
 -5.0699449594810595E+00 a       502     0    17     1    22
  2.2054069357159856E+00 a       503     0    17     1    23
 -2.6044046224277889E+01 a       504     0    17     1    24
 -1.3427500216323118E+01 a       505     0    17     1    25
 -1.5211071862976633E+01 a       506     0    17     1    26
  4.3254648118537311E+00 a       507     0    17     1    27
  2.5660967839092037E+00 a       508     0    17     1    28
 -2.7286654795945022E+01 a       509     0    17     1    29
  6.6444607968191498E+00 a       510     0    17     1    30
 -7.4737395006559506E+00 a       511     0    18     1     1
 -4.2696218003392747E+00 a       512     0    18     1     2
  3.9725261579188671E+00 a       513     0    18     1     3
 -9.5704995228755010E+00 a       514     0    18     1     4
 -1.4703018711684075E+01 a       515     0    18     1     5
 -5.3145005405586661E+00 a       516     0    18     1     6
  1.0583813426291542E+00 a       517     0    18     1     7
 -2.2016835889907060E+00 a       518     0    18     1     8
  2.2186303451524139E+00 a       519     0    18     1     9
  1.1945554787817395E+01 a       520     0    18     1    10
 -7.6719250069594347E-01 a       521     0    18     1    11
  1.7741973748733503E+01 a       522     0    18     1    12
 -5.1117438851510828E+00 a       523     0    18     1    13
 -5.5393000335871108E+00 a       524     0    18     1    14
 -9.8061124969919664E+00 a       525     0    18     1    15
 -2.1078677782128512E+01 a       526     0    18     1    16
 -1.7785425849367620E+01 a       527     0    18     1    17
 -6.3516231963460221E+00 a       528     0    18     1    18
  1.1893020352470305E+01 a       529     0    18     1    19
 -1.0582241528792958E+01 a       530     0    18     1    20
 -7.3627803765318758E+00 a       531     0    18     1    21
 -1.4858847391898941E+01 a       532     0    18     1    22
 -1.9335369383374128E+00 a       533     0    18     1    23
  8.4049115634971834E+00 a       534     0    18     1    24
  2.2406115143084598E+01 a       535     0    18     1    25
  1.7002695667768482E+01 a       536     0    18     1    26
 -1.6885520367587468E+00 a       537     0    18     1    27
  1.3048815203621661E+01 a       538     0    18     1    28
  1.3721121212233939E+01 a       539     0    18     1    29
 -3.7539746410875523E+00 a       540     0    18     1    30
  1.5237603425224484E+00 a       541     0    19     1     1
  3.2589933866432603E+00 a       542     0    19     1     2
  6.0217996452554399E+00 a       543     0    19     1     3
  2.2705693879789958E+01 a       544     0    19     1     4
 -3.0579285385969321E+01 a       545     0    19     1     5
  1.3999864901471190E+01 a       546     0    19     1     6
 -2.4957487809907026E+00 a       547     0    19     1     7
  1.2301796251059283E+01 a       548     0    19     1     8
 -1.7025180358423810E+00 a       549     0    19     1     9
 -1.3821680505451518E+01 a       550     0    19     1    10
 -2.4218423744490845E+01 a       551     0    19     1    11
  3.0250892006606787E+01 a       552     0    19     1    12
 -9.0438622617319027E+00 a       553     0    19     1    13
 -9.8499318486400007E+00 a       554     0    19     1    14
 -9.3710649594245279E+00 a       555     0    19     1    15
  1.1449243811936425E+01 a       556     0    19     1    16
 -2.3736077872624108E+01 a       557     0    19     1    17
  3.5146668077454372E+01 a       558     0    19     1    18
  1.8234416915524090E+01 a       559     0    19     1    19
  1.8400140998705190E+01 a       560     0    19     1    20
  7.6763861826096678E+00 a       561     0    19     1    21
  1.0756606622030704E+01 a       562     0    19     1    22
 -7.1763834751776745E+00 a       563     0    19     1    23
 -9.1784617673195470E+00 a       564     0    19     1    24
  1.7886199165071218E+01 a       565     0    19     1    25
 -2.2884873297104779E+01 a       566     0    19     1    26
 -1.0355481157876218E+01 a       567     0    19     1    27
  1.8329207273691261E-01 a       568     0    19     1    28
  1.9736370850962874E+00 a       569     0    19     1    29
  1.1813947139079943E+01 a       570     0    19     1    30
  2.1826698943580172E+00 a       571     0    20     1     1
  1.2220533934541185E+00 a       572     0    20     1     2
 -3.9636781558385814E+00 a       573     0    20     1     3
 -5.3191913913456226E+00 a       574     0    20     1     4
  4.1544115657032101E+00 a       575     0    20     1     5
 -1.5338762602943014E+01 a       576     0    20     1     6
 -2.5049952954901165E+01 a       577     0    20     1     7
  3.6034542172610404E+00 a       578     0    20     1     8
  2.0363296839733991E+01 a       579     0    20     1     9
 -1.5883056062263659E+01 a       580     0    20     1    10
  1.6153269644345809E+01 a       581     0    20     1    11
 -1.1065549860969705E+01 a       582     0    20     1    12
  1.4690073587084596E-01 a       583     0    20     1    13
  2.1052297506686354E+01 a       584     0    20     1    14
 -2.1478736139381858E+00 a       585     0    20     1    15
  2.6416246875032375E+01 a       586     0    20     1    16
  1.7595608715417823E+00 a       587     0    20     1    17
  3.3516957371746030E+00 a       588     0    20     1    18
  1.6121403412132139E+01 a       589     0    20     1    19
 -9.4757398119149165E+00 a       590     0    20     1    20
 -1.5515294528391092E+01 a       591     0    20     1    21
  2.1504845551772092E+01 a       592     0    20     1    22
  1.1279518062839418E+01 a       593     0    20     1    23
  1.9953156892576704E+01 a       594     0    20     1    24
 -5.1491892244185564E+00 a       595     0    20     1    25
 -5.2885650206319679E-01 a       596     0    20     1    26
 -3.5094255916766322E+01 a       597     0    20     1    27
  5.8352473348692930E+00 a       598     0    20     1    28
 -8.3753391826163224E+00 a       599     0    20     1    29
 -3.9141684938227805E+00 a       600     0    20     1    30
 -5.7726980800676566E+00 a       601     0    21     1     1
 -1.9333548382328403E+00 a       602     0    21     1     2
  5.8008221601893073E-01 a       603     0    21     1     3
 -7.4459144184778436E+00 a       604     0    21     1     4
 -9.6732990078636227E-01 a       605     0    21     1     5
 -4.2712910329244966E+00 a       606     0    21     1     6
 -1.1089697585345723E+01 a       607     0    21     1     7
  7.6028582407780014E+00 a       608     0    21     1     8
  6.6453782509414125E+00 a       609     0    21     1     9
  4.4506364168256107E+00 a       610     0    21     1    10
 -1.6698217594131574E+01 a       611     0    21     1    11
  2.2290044055775255E+00 a       612     0    21     1    12
  1.3638495270739440E+01 a       613     0    21     1    13
  1.3947739403418506E+01 a       614     0    21     1    14
 -7.2859719207843732E-01 a       615     0    21     1    15
  4.0975576646356071E+00 a       616     0    21     1    16
  1.4556878903946785E+01 a       617     0    21     1    17
 -7.0930651176025297E+00 a       618     0    21     1    18
  5.4887953355403329E-01 a       619     0    21     1    19
  1.0259137277188145E+01 a       620     0    21     1    20
 -1.2488833679846142E+01 a       621     0    21     1    21
 -7.4339288951214018E+00 a       622     0    21     1    22
 -1.5496279207447086E+00 a       623     0    21     1    23
 -7.2566204384605570E-01 a       624     0    21     1    24
  1.0097843278072272E+01 a       625     0    21     1    25
 -3.4972654252547200E+00 a       626     0    21     1    26
  9.3807646083214298E+00 a       627     0    21     1    27
 -5.5519595181545744E+00 a       628     0    21     1    28
 -5.7840605886387833E+00 a       629     0    21     1    29
  6.3379762136301974E+00 a       630     0    21     1    30
  1.2471328964429238E+01 a       631     0    22     1     1
 -1.4442726426366731E+01 a       632     0    22     1     2
 -1.6334151158413320E+01 a       633     0    22     1     3
 -1.2776515284368559E+01 a       634     0    22     1     4
  1.4165673976715063E+01 a       635     0    22     1     5
 -2.8296206696084177E+01 a       636     0    22     1     6
  1.1179521681978080E+01 a       637     0    22     1     7
  9.5484606617818883E+00 a       638     0    22     1     8
 -2.0800292287611830E+00 a       639     0    22     1     9
  8.6532254118076324E+00 a       640     0    22     1    10
  1.2960448606354284E+01 a       641     0    22     1    11
  1.2456970719380925E+01 a       642     0    22     1    12
 -7.1081277544557753E-01 a       643     0    22     1    13
  8.9319008374867952E+00 a       644     0    22     1    14
  1.5301064478851050E+01 a       645     0    22     1    15
  1.1938859023910833E+01 a       646     0    22     1    16
  2.2895687713020948E+01 a       647     0    22     1    17
  8.2096737867691587E+00 a       648     0    22     1    18
  1.2404197474108425E+01 a       649     0    22     1    19
  2.1753522575492110E+00 a       650     0    22     1    20
  1.8017357244593128E+01 a       651     0    22     1    21
 -7.4395321926134828E-01 a       652     0    22     1    22
 -1.9505268550832142E+00 a       653     0    22     1    23
 -6.0614582575560121E+00 a       654     0    22     1    24
  1.4332799238178948E+00 a       655     0    22     1    25
 -1.3349921610523975E+01 a       656     0    22     1    26
  1.5416844078164708E+01 a       657     0    22     1    27
 -1.4445272871707451E+00 a       658     0    22     1    28
  9.1043604662401609E+00 a       659     0    22     1    29
 -2.3510110038564873E+00 a       660     0    22     1    30
 -4.2088337036712300E+00 a       661     0    23     1     1
  1.4925900093574022E+01 a       662     0    23     1     2
  4.8703354562471244E+00 a       663     0    23     1     3
  7.1958824655936349E+00 a       664     0    23     1     4
  1.9651820011137161E+01 a       665     0    23     1     5
  4.8425588202217114E+00 a       666     0    23     1     6
  5.4523247559696459E+00 a       667     0    23     1     7
 -7.9952781745909729E-01 a       668     0    23     1     8
  9.0365185443133633E+00 a       669     0    23     1     9
 -1.4686531335483031E+00 a       670     0    23     1    10
  1.2906432149878853E+00 a       671     0    23     1    11
 -3.3984051178768382E+01 a       672     0    23     1    12
 -1.8335580481380433E+01 a       673     0    23     1    13
 -1.4585027101323963E+01 a       674     0    23     1    14
 -2.3212525560881230E+00 a       675     0    23     1    15
  2.5619411781373113E+01 a       676     0    23     1    16
  4.9140511502435160E+00 a       677     0    23     1    17
 -1.4332143152287424E+01 a       678     0    23     1    18
 -8.9331745735041821E+00 a       679     0    23     1    19
 -1.6167275202873590E+01 a       680     0    23     1    20
  7.6783567902929981E+00 a       681     0    23     1    21
  2.0813501029851757E+01 a       682     0    23     1    22
  6.8957560609735102E+00 a       683     0    23     1    23
  1.0052369185249697E+01 a       684     0    23     1    24
 -9.1870774685398668E+00 a       685     0    23     1    25
  3.6279886839524309E+01 a       686     0    23     1    26
  2.7926051133481430E+01 a       687     0    23     1    27
 -6.3028637788885469E+00 a       688     0    23     1    28
 -4.1957327174122963E+00 a       689     0    23     1    29
 -1.1815789596226811E+00 a       690     0    23     1    30
  3.1828639270715584E+00 a       691     0    24     1     1
 -9.5839348639477020E+00 a       692     0    24     1     2
  1.3611572029403645E+00 a       693     0    24     1     3
  1.1369566399873850E+01 a       694     0    24     1     4
 -2.4623656658027042E+00 a       695     0    24     1     5
  1.1152889587176702E+00 a       696     0    24     1     6
  1.3586277397418096E+01 a       697     0    24     1     7
 -9.1600032223084611E+00 a       698     0    24     1     8
 -1.6469228026939042E+00 a       699     0    24     1     9
 -9.6234756106004031E+00 a       700     0    24     1    10
  2.4664067705935466E+01 a       701     0    24     1    11
 -4.7904174007889350E-01 a       702     0    24     1    12
 -1.3071272208413887E+01 a       703     0    24     1    13
 -1.8396458599044752E+01 a       704     0    24     1    14
  4.1130935326216242E+00 a       705     0    24     1    15
 -1.0233181957158802E+01 a       706     0    24     1    16
 -1.7014472845055977E+01 a       707     0    24     1    17
  1.3583320345497613E+01 a       708     0    24     1    18
 -1.8466673257409705E-01 a       709     0    24     1    19
 -1.9603337453445278E+01 a       710     0    24     1    20
  1.7521281348293439E+01 a       711     0    24     1    21
 -4.2360744596892363E+00 a       712     0    24     1    22
  4.7155990810238153E+00 a       713     0    24     1    23
 -8.9192176866399597E-01 a       714     0    24     1    24
 -1.8118406551113626E+01 a       715     0    24     1    25
  1.9334374404033731E+01 a       716     0    24     1    26
 -1.2634350929339156E+01 a       717     0    24     1    27
  1.0984995119954062E+00 a       718     0    24     1    28
  2.3216810428337764E+00 a       719     0    24     1    29
 -1.0265140492660445E+01 a       720     0    24     1    30
 -1.4060225346952695E+01 a       721     0    25     1     1
  2.2163028674564742E+01 a       722     0    25     1     2
  1.4477058941296971E+01 a       723     0    25     1     3
 -4.7948537124173041E-01 a       724     0    25     1     4
 -1.6963721947319303E+01 a       725     0    25     1     5
  2.4980425705532394E+01 a       726     0    25     1     6
  3.6569322209439761E+01 a       727     0    25     1     7
  1.3915690075368042E-01 a       728     0    25     1     8
 -2.6511893240725939E+01 a       729     0    25     1     9
 -1.8006145931682653E+01 a       730     0    25     1    10
 -6.1560326088677169E+00 a       731     0    25     1    11
 -1.0238271440914582E+01 a       732     0    25     1    12
  4.7618718699250646E+00 a       733     0    25     1    13
 -2.7484135235665235E+01 a       734     0    25     1    14
 -2.1851277364636587E+01 a       735     0    25     1    15
 -1.6636257306713123E+01 a       736     0    25     1    16
 -9.8758385832458302E+00 a       737     0    25     1    17
 -1.6017917027866844E+01 a       738     0    25     1    18
  1.4470203615297614E+00 a       739     0    25     1    19
  3.6495295006618029E+00 a       740     0    25     1    20
 -5.0968210789129884E+00 a       741     0    25     1    21
  1.1100205122956316E+01 a       742     0    25     1    22
  1.8746186129791770E+01 a       743     0    25     1    23
 -1.1371168473673908E+01 a       744     0    25     1    24
  1.0193007719107548E+01 a       745     0    25     1    25
  1.1232886799080907E+01 a       746     0    25     1    26
  5.8836516111160819E-01 a       747     0    25     1    27
 -3.2903645817059211E+00 a       748     0    25     1    28
  6.8000058662809950E+00 a       749     0    25     1    29
  2.6844005713783861E+01 a       750     0    25     1    30
 -5.8614538184568392E+00 a       751     0    26     1     1
  2.5688385224407668E+01 a       752     0    26     1     2
 -4.6191563433497320E+00 a       753     0    26     1     3
 -1.5572501860851458E+01 a       754     0    26     1     4
 -4.2909963701393439E+00 a       755     0    26     1     5
  1.7960744306900569E+01 a       756     0    26     1     6
  7.1703378451377739E+00 a       757     0    26     1     7
 -1.5787648295339068E+01 a       758     0    26     1     8
 -5.9928683439453021E+00 a       759     0    26     1     9
  3.0803151645167590E+00 a       760     0    26     1    10
  9.9098357792988097E+00 a       761     0    26     1    11
  5.6671188507463377E+00 a       762     0    26     1    12
  1.3836036676286971E+01 a       763     0    26     1    13
 -2.0221090352545342E+01 a       764     0    26     1    14
 -1.2871169171321212E+01 a       765     0    26     1    15
  4.4784809374898771E+01 a       766     0    26     1    16
  1.1969215616911178E+01 a       767     0    26     1    17
  2.1970317612861862E+01 a       768     0    26     1    18
 -1.7835232598115855E+01 a       769     0    26     1    19
 -8.1589844373561138E-01 a       770     0    26     1    20
 -2.4474622446668686E+01 a       771     0    26     1    21
  1.0295672155894819E+01 a       772     0    26     1    22
  1.1198766562992761E+01 a       773     0    26     1    23
  2.0026928065107956E+01 a       774     0    26     1    24
 -8.4762526819900650E+00 a       775     0    26     1    25
 -3.4759367621673154E+00 a       776     0    26     1    26
  4.8896883040610630E+00 a       777     0    26     1    27
 -3.7768635775651376E+01 a       778     0    26     1    28
  1.5078717597773732E+01 a       779     0    26     1    29
 -2.4687437301786577E+01 a       780     0    26     1    30
  1.4573305001938234E+01 a       781     0    27     1     1
 -2.8041038996485099E+00 a       782     0    27     1     2
 -1.6938001342871942E+01 a       783     0    27     1     3
  1.2323933200726181E+01 a       784     0    27     1     4
 -8.9889172734020999E+00 a       785     0    27     1     5
  1.9479867072786966E+01 a       786     0    27     1     6
  1.3744252925349965E+00 a       787     0    27     1     7
 -2.3766813400183109E+00 a       788     0    27     1     8
  1.3078233554563433E+01 a       789     0    27     1     9
  1.0638657923681533E+01 a       790     0    27     1    10
  6.3481916057565924E+00 a       791     0    27     1    11
 -1.9528621839569595E+01 a       792     0    27     1    12
 -2.9966762456352294E+00 a       793     0    27     1    13
 -3.2040751106811696E+00 a       794     0    27     1    14
 -1.0959802173161006E+00 a       795     0    27     1    15
 -3.2828862884096699E-02 a       796     0    27     1    16
  1.7471789138936533E+01 a       797     0    27     1    17
  7.9145004081267345E+00 a       798     0    27     1    18
 -1.7350868937707940E+01 a       799     0    27     1    19
  7.4563461557314703E+00 a       800     0    27     1    20
  5.1867187200937730E+00 a       801     0    27     1    21
  1.8418151092635033E+00 a       802     0    27     1    22
  2.4884011879348424E+00 a       803     0    27     1    23
  4.8421372420835036E+00 a       804     0    27     1    24
 -1.1797424677392378E+01 a       805     0    27     1    25
 -1.4716058662023482E+01 a       806     0    27     1    26
 -2.9354175166717958E+01 a       807     0    27     1    27
 -8.4752669701188967E+00 a       808     0    27     1    28
 -6.9944133030638627E+00 a       809     0    27     1    29
 -5.0549021319691594E+00 a       810     0    27     1    30
  1.9154409213005310E+00 a       811     0    28     1     1
 -8.3701427910745121E+00 a       812     0    28     1     2
 -1.6016109751015666E+01 a       813     0    28     1     3
 -2.0690809734443341E+01 a       814     0    28     1     4
 -4.3192516545044528E+00 a       815     0    28     1     5
 -9.5866632802808880E+00 a       816     0    28     1     6
  1.5224408033345151E+01 a       817     0    28     1     7
 -3.9231816175359624E+00 a       818     0    28     1     8
 -2.9156673906549575E+01 a       819     0    28     1     9
 -3.4648539187349634E+00 a       820     0    28     1    10
  1.8396573108003125E+01 a       821     0    28     1    11
  2.1625469500001188E+01 a       822     0    28     1    12
 -8.4868115893882550E+00 a       823     0    28     1    13
  4.6595432690566314E+00 a       824     0    28     1    14
  7.6036598234520696E+00 a       825     0    28     1    15
 -1.6662886847225501E+01 a       826     0    28     1    16
 -1.7913427579174041E+01 a       827     0    28     1    17
  9.9770066970647253E-01 a       828     0    28     1    18
  8.3588753742235973E+00 a       829     0    28     1    19
  9.7777611048812183E+00 a       830     0    28     1    20
  1.8010688140202607E+01 a       831     0    28     1    21
 -1.5535759045935455E+01 a       832     0    28     1    22
  8.5435821727643031E+00 a       833     0    28     1    23
 -4.6209286134744234E+00 a       834     0    28     1    24
 -1.2983734906894023E+01 a       835     0    28     1    25
  1.4714398906838261E+01 a       836     0    28     1    26
 -2.5624399772647664E+00 a       837     0    28     1    27
  8.4231917133055791E+00 a       838     0    28     1    28
 -6.7366841146118457E+00 a       839     0    28     1    29
  6.6385601591565306E+00 a       840     0    28     1    30
  7.3953826517238550E+00 a       841     0    29     1     1
  4.7340651509755052E+00 a       842     0    29     1     2
 -7.1859580787715398E+00 a       843     0    29     1     3
 -7.2337403215685070E+00 a       844     0    29     1     4
  5.6100626185055891E+00 a       845     0    29     1     5
  1.6233128006599791E+00 a       846     0    29     1     6
 -1.5021286135854185E+01 a       847     0    29     1     7
  9.7683927376333362E+00 a       848     0    29     1     8
 -1.1750613872337571E+01 a       849     0    29     1     9
  1.2969154140926399E+01 a       850     0    29     1    10
 -1.2766828660606121E+01 a       851     0    29     1    11
 -1.0942783910614517E+01 a       852     0    29     1    12
  1.5683661149385378E+01 a       853     0    29     1    13
  1.3444002374741210E+01 a       854     0    29     1    14
  1.4910647534348058E+00 a       855     0    29     1    15
 -9.8517288808654946E-01 a       856     0    29     1    16
  1.7048278850679647E+01 a       857     0    29     1    17
 -7.7753561338889163E+00 a       858     0    29     1    18
 -6.9610708084611010E+00 a       859     0    29     1    19
  1.6550949317230774E+01 a       860     0    29     1    20
 -1.3285423249022093E+01 a       861     0    29     1    21
  4.5821126576879339E+00 a       862     0    29     1    22
  6.4927396072224142E-01 a       863     0    29     1    23
  1.3836025041737413E+01 a       864     0    29     1    24
 -1.2024226961017159E+00 a       865     0    29     1    25
 -2.0194615895796641E+01 a       866     0    29     1    26
  1.0368874301779589E+00 a       867     0    29     1    27
 -7.8402962355301398E+00 a       868     0    29     1    28
  6.1814299849656660E+00 a       869     0    29     1    29
  2.4841458761503112E+00 a       870     0    29     1    30
 -4.8657686803726996E+00 a       871     0    30     1     1
 -1.9406594856407420E+01 a       872     0    30     1     2
  1.7106661841301964E+01 a       873     0    30     1     3
  1.2156618641928688E+01 a       874     0    30     1     4
  8.7923592770075683E+00 a       875     0    30     1     5
  1.2119203925061116E+01 a       876     0    30     1     6
  3.5979542254396497E+00 a       877     0    30     1     7
  2.2472792969211621E+00 a       878     0    30     1     8
 -2.2437772231775966E+01 a       879     0    30     1     9
 -2.5054459593627154E+01 a       880     0    30     1    10
 -1.2273016875420366E+01 a       881     0    30     1    11
 -1.3190140681136487E+01 a       882     0    30     1    12
 -5.3158759556507897E+00 a       883     0    30     1    13
  4.8471064370284918E+00 a       884     0    30     1    14
  4.0780089158877102E+00 a       885     0    30     1    15
  3.2956804150097663E-02 a       886     0    30     1    16
  1.0173099578353128E+01 a       887     0    30     1    17
 -3.1279555370795759E+01 a       888     0    30     1    18
  4.4070364846815259E+01 a       889     0    30     1    19
  2.8127483083571025E+01 a       890     0    30     1    20
  1.6281804053016597E+01 a       891     0    30     1    21
  1.3709516867245805E+01 a       892     0    30     1    22
 -9.4485348309789678E+00 a       893     0    30     1    23
 -9.2389896773840565E+00 a       894     0    30     1    24
  1.0986177835416365E+01 a       895     0    30     1    25
  6.4228888283372090E+00 a       896     0    30     1    26
 -5.7706613853351820E+00 a       897     0    30     1    27
  2.7241421811024132E+01 a       898     0    30     1    28
 -6.1792147646563258E+00 a       899     0    30     1    29
  1.3053307462975837E+01 a       900     0    30     1    30
 -3.9271035111063988E+00 a       901     0    31     1     1
  7.5720302538747690E+00 a       902     0    31     1     2
 -7.5298597958319646E-01 a       903     0    31     1     3
  1.3475975189968501E+01 a       904     0    31     1     4
 -3.4573442937085899E+00 a       905     0    31     1     5
 -1.5577530760825535E+01 a       906     0    31     1     6
  1.3059712019659768E+00 a       907     0    31     1     7
  2.5832823349579623E+01 a       908     0    31     1     8
  1.6023189900551614E+01 a       909     0    31     1     9
  1.6178702519209218E+00 a       910     0    31     1    10
 -8.2396818319215228E+00 a       911     0    31     1    11
  2.9802264808955043E+00 a       912     0    31     1    12
  5.1030321142322030E+00 a       913     0    31     1    13
  1.3080643459456693E+00 a       914     0    31     1    14
 -9.4318201842008040E+00 a       915     0    31     1    15
 -1.4726552569378923E+00 a       916     0    31     1    16
 -1.3451775546397721E+01 a       917     0    31     1    17
  6.4741163542829474E+00 a       918     0    31     1    18
  1.6740918328047758E+01 a       919     0    31     1    19
 -6.3021763910787323E+00 a       920     0    31     1    20
  1.7831931808440650E+01 a       921     0    31     1    21
 -5.9443394244499617E+00 a       922     0    31     1    22
 -2.3843783752841293E+01 a       923     0    31     1    23
 -5.9180549595692415E+00 a       924     0    31     1    24
 -5.3007297420918338E+00 a       925     0    31     1    25
  7.3050417152098559E+00 a       926     0    31     1    26
  5.0908547000815156E+00 a       927     0    31     1    27
  8.8714942850578371E+00 a       928     0    31     1    28
 -1.9032809839309577E+00 a       929     0    31     1    29
  1.9861445167885141E+00 a       930     0    31     1    30
 -1.0235707913797057E+01 a       931     0    32     1     1
 -1.6964085821182333E+00 a       932     0    32     1     2
  1.6381864475993544E+00 a       933     0    32     1     3
 -8.2393373934923666E+00 a       934     0    32     1     4
 -3.5277205792045057E+00 a       935     0    32     1     5
 -9.4288696730100630E-01 a       936     0    32     1     6
  6.4596201060487548E+00 a       937     0    32     1     7
 -3.8341907950577254E+00 a       938     0    32     1     8
  1.7743854787086736E+01 a       939     0    32     1     9
 -5.6625895518993596E+00 a       940     0    32     1    10
  1.1727041524746806E+01 a       941     0    32     1    11
  7.7415471627867829E+00 a       942     0    32     1    12
 -9.4550062029436188E-01 a       943     0    32     1    13
 -3.0208674347563549E+00 a       944     0    32     1    14
  3.4035546691178875E+00 a       945     0    32     1    15
  2.4528916094800981E+00 a       946     0    32     1    16
 -1.2996601262846307E+01 a       947     0    32     1    17
  4.8158350115644630E+00 a       948     0    32     1    18
  3.7591575030356621E+00 a       949     0    32     1    19
 -1.0256926030085953E+01 a       950     0    32     1    20
  2.6473434749739821E+00 a       951     0    32     1    21
 -1.4021475029312789E+00 a       952     0    32     1    22
 -1.8979763089399846E+01 a       953     0    32     1    23
 -1.5450415242942766E+01 a       954     0    32     1    24
  5.2733715656561388E+00 a       955     0    32     1    25
  5.4824788900120036E-01 a       956     0    32     1    26
  9.9706578930919036E+00 a       957     0    32     1    27
  5.5416370589930555E+00 a       958     0    32     1    28
 -1.0456492437913848E+01 a       959     0    32     1    29
 -2.6923956316409567E+00 a       960     0    32     1    30
 -1.7876757421177953E+00 a       961     0    33     1     1
  1.7996734406201085E+00 a       962     0    33     1     2
 -5.5956012155258401E+00 a       963     0    33     1     3
 -1.6041528569523457E+01 a       964     0    33     1     4
  9.3106993232972997E+00 a       965     0    33     1     5
 -2.4809822205772889E+01 a       966     0    33     1     6
  8.4729834101750718E+00 a       967     0    33     1     7
 -6.3360728341570738E+00 a       968     0    33     1     8
  5.7526854605314517E+00 a       969     0    33     1     9
  1.2580065457373664E+01 a       970     0    33     1    10
  9.9956897244195098E+00 a       971     0    33     1    11
  4.5560347999601118E+00 a       972     0    33     1    12
 -1.0013293752202028E+01 a       973     0    33     1    13
  4.6865263204522831E+00 a       974     0    33     1    14
  1.4660793877565116E+01 a       975     0    33     1    15
  1.3394969173229351E+01 a       976     0    33     1    16
 -6.4064789533492705E+00 a       977     0    33     1    17
  6.0996151270940278E+00 a       978     0    33     1    18
 -1.8704714775656996E+01 a       979     0    33     1    19
 -1.2373612536784158E+01 a       980     0    33     1    20
 -4.6393900078737662E+00 a       981     0    33     1    21
 -4.6626374801108801E+00 a       982     0    33     1    22
  6.5888158281921854E+00 a       983     0    33     1    23
 -1.2076210402350532E-01 a       984     0    33     1    24
  1.0324470618206778E+01 a       985     0    33     1    25
 -8.0605575096310691E+00 a       986     0    33     1    26
  2.9529168669518420E+01 a       987     0    33     1    27
 -1.3149006941406707E+01 a       988     0    33     1    28
 -1.0812353989476380E+01 a       989     0    33     1    29
  2.7978952416918945E+00 a       990     0    33     1    30
  1.5168801460394965E-01 a       991     0    34     1     1
  1.0085928415215143E+01 a       992     0    34     1     2
  6.9280278259136896E+00 a       993     0    34     1     3
  4.9682854193317727E+00 a       994     0    34     1     4
 -4.3663354035815489E+00 a       995     0    34     1     5
 -2.8005312658332229E+00 a       996     0    34     1     6
  3.1772560900530253E+00 a       997     0    34     1     7
 -1.1545049726602205E+01 a       998     0    34     1     8
  7.9259284996326045E+00 a       999     0    34     1     9
 -1.1366337579807878E+01 a      1000     0    34     1    10
 -5.6927191454269392E+00 a      1001     0    34     1    11
  3.5091619878658769E+00 a      1002     0    34     1    12
  4.2232510349360091E+00 a      1003     0    34     1    13
 -2.5829319814757215E+00 a      1004     0    34     1    14
  8.3868425018654378E+00 a      1005     0    34     1    15
  2.6366414987783642E+01 a      1006     0    34     1    16
  2.2426425708644125E+01 a      1007     0    34     1    17
 -3.4312027716204403E+00 a      1008     0    34     1    18
  8.1163396855182413E+00 a      1009     0    34     1    19
  1.3517702588022637E+01 a      1010     0    34     1    20
  1.2861066489956992E+01 a      1011     0    34     1    21
 -2.1239385504731425E+00 a      1012     0    34     1    22
  2.3761984063042747E+00 a      1013     0    34     1    23
  2.7907967868843695E+00 a      1014     0    34     1    24
 -4.4154328118842283E+00 a      1015     0    34     1    25
 -1.8609474251157163E+00 a      1016     0    34     1    26
 -1.7449970347381416E+00 a      1017     0    34     1    27
  5.6028657351886260E+00 a      1018     0    34     1    28
 -3.1080814257112035E+00 a      1019     0    34     1    29
  5.5740462387367025E+00 a      1020     0    34     1    30
  1.8130972820705935E+01 a      1021     0    35     1     1
  2.5411643813023126E+01 a      1022     0    35     1     2
 -9.9572648631101277E+00 a      1023     0    35     1     3
  7.0500666288804119E+00 a      1024     0    35     1     4
 -2.8426806108867919E+00 a      1025     0    35     1     5
 -1.6931832795315437E+01 a      1026     0    35     1     6
 -2.8161838225614368E+01 a      1027     0    35     1     7
 -3.3925268491545459E+00 a      1028     0    35     1     8
  9.6085274894126140E+00 a      1029     0    35     1     9
  5.2136853086171913E+00 a      1030     0    35     1    10
 -1.0461286083271618E+01 a      1031     0    35     1    11
  6.0135910239520811E+00 a      1032     0    35     1    12
  1.1303206494841586E+01 a      1033     0    35     1    13
  2.5018065947699948E+00 a      1034     0    35     1    14
 -8.6524566668444507E+00 a      1035     0    35     1    15
 -2.4432262753002867E+01 a      1036     0    35     1    16
  5.9481458098257880E+00 a      1037     0    35     1    17
  8.3078342815040234E+00 a      1038     0    35     1    18
 -1.1139796821067423E+01 a      1039     0    35     1    19
 -1.1919146623266103E+01 a      1040     0    35     1    20
  2.7209219471414183E+00 a      1041     0    35     1    21
 -8.6233861641941747E+00 a      1042     0    35     1    22
 -4.8799972476492881E+00 a      1043     0    35     1    23
 -2.3182475410550047E+00 a      1044     0    35     1    24
  5.8198094565550242E+00 a      1045     0    35     1    25
 -2.9833672592728688E+00 a      1046     0    35     1    26
 -9.7956224616617966E+00 a      1047     0    35     1    27
 -7.0209806042406409E-01 a      1048     0    35     1    28
  1.3211596124471463E+01 a      1049     0    35     1    29
  1.7171825702792265E+01 a      1050     0    35     1    30
  7.3073047887361142E-01 a      1051     0    36     1     1
 -1.0634867923020709E+01 a      1052     0    36     1     2
 -7.2879419841390609E+00 a      1053     0    36     1     3
 -1.6141818951710576E+01 a      1054     0    36     1     4
  9.7227728252187955E+00 a      1055     0    36     1     5
  4.5021457112501810E+00 a      1056     0    36     1     6
  2.7548946701724741E+00 a      1057     0    36     1     7
 -2.0030272357018637E+00 a      1058     0    36     1     8
 -2.5731911901496865E+01 a      1059     0    36     1     9
  1.2062517523876353E+00 a      1060     0    36     1    10
  3.2672876716636985E+00 a      1061     0    36     1    11
 -1.1186612490349233E+01 a      1062     0    36     1    12
 -3.8104157516191766E+00 a      1063     0    36     1    13
  5.7584439166711530E+00 a      1064     0    36     1    14
 -7.8917394083939705E+00 a      1065     0    36     1    15
 -1.9868448409377383E+01 a      1066     0    36     1    16
 -2.4904105838294573E+01 a      1067     0    36     1    17
 -2.2244765371618055E+01 a      1068     0    36     1    18
 -4.5079735095343656E+00 a      1069     0    36     1    19
 -3.3116184397101218E+00 a      1070     0    36     1    20
 -7.0441049522050347E+00 a      1071     0    36     1    21
  1.2344061568434890E+01 a      1072     0    36     1    22
 -1.1277049693630370E-01 a      1073     0    36     1    23
 -2.4588869548397052E-01 a      1074     0    36     1    24
  4.9885112572293817E+00 a      1075     0    36     1    25
 -3.4263423266399715E+00 a      1076     0    36     1    26
  4.7131913097875753E+00 a      1077     0    36     1    27
 -7.5584373562449443E+00 a      1078     0    36     1    28
  5.9099531341070737E+00 a      1079     0    36     1    29
 -6.1285731607031861E+00 a      1080     0    36     1    30
 -9.7845911460178847E+00 a      1081     0    37     1     1
 -1.0754213760770215E+00 a      1082     0    37     1     2
 -1.3475401742797335E+00 a      1083     0    37     1     3
  1.7587961166781842E+01 a      1084     0    37     1     4
 -1.7934643694371943E+01 a      1085     0    37     1     5
 -1.3260625579485053E+01 a      1086     0    37     1     6
  4.1215142429785692E+00 a      1087     0    37     1     7
  9.4466756124885780E+00 a      1088     0    37     1     8
  3.4437904976316247E+01 a      1089     0    37     1     9
  9.0700651635407574E+00 a      1090     0    37     1    10
  8.1167199191441259E+00 a      1091     0    37     1    11
  1.5485598923348592E+01 a      1092     0    37     1    12
  5.6682590198675991E+00 a      1093     0    37     1    13
 -8.3719644392810437E+00 a      1094     0    37     1    14
  1.5559277111980290E+01 a      1095     0    37     1    15
  1.8614883707563209E+01 a      1096     0    37     1    16
  1.8065810900351938E+01 a      1097     0    37     1    17
  1.5635571125346207E+01 a      1098     0    37     1    18
  9.7597949354025921E+00 a      1099     0    37     1    19
 -4.9984260082695847E-01 a      1100     0    37     1    20
  4.0651814539432332E+00 a      1101     0    37     1    21
 -1.3748664327662095E+01 a      1102     0    37     1    22
 -3.5698498576662736E+00 a      1103     0    37     1    23
  2.7744304553789707E+00 a      1104     0    37     1    24
  3.8796465264090563E-01 a      1105     0    37     1    25
  6.9541971898229153E+00 a      1106     0    37     1    26
 -7.6570855011717018E+00 a      1107     0    37     1    27
  6.6158209969042314E+00 a      1108     0    37     1    28
 -8.4084652068359809E+00 a      1109     0    37     1    29
  6.0484624347080662E-01 a      1110     0    37     1    30
 -4.5145432606172760E+00 a      1111     0    38     1     1
 -8.2196449497162547E+00 a      1112     0    38     1     2
  1.3019332307588179E+01 a      1113     0    38     1     3
 -7.2825778740680409E+00 a      1114     0    38     1     4
 -1.4089153968145887E+00 a      1115     0    38     1     5
  1.9129063377389155E+01 a      1116     0    38     1     6
  2.4557773223370969E+01 a      1117     0    38     1     7
  1.9370700132806874E+01 a      1118     0    38     1     8
  1.1294524750918868E+01 a      1119     0    38     1     9
  5.6621177465434380E+00 a      1120     0    38     1    10
 -1.0360263382176935E+01 a      1121     0    38     1    11
 -2.0753825161499053E+00 a      1122     0    38     1    12
  2.4804433005489057E-01 a      1123     0    38     1    13
  3.0477180057173610E+00 a      1124     0    38     1    14
  6.4024185651599703E+00 a      1125     0    38     1    15
 -1.4504660357232723E+01 a      1126     0    38     1    16
 -1.7964375589437697E+01 a      1127     0    38     1    17
 -2.1976336244221959E+00 a      1128     0    38     1    18
  1.2061177683810765E+01 a      1129     0    38     1    19
 -1.5854085122981578E+00 a      1130     0    38     1    20
  2.2404038140539138E+00 a      1131     0    38     1    21
  3.2552630596863608E-01 a      1132     0    38     1    22
 -6.0645395499916184E+00 a      1133     0    38     1    23
  2.6135859452849386E-01 a      1134     0    38     1    24
 -5.1430915305531411E+00 a      1135     0    38     1    25
 -2.3394978479659862E+01 a      1136     0    38     1    26
 -4.3562160226155883E-01 a      1137     0    38     1    27
  3.5352231173465642E+00 a      1138     0    38     1    28
 -1.1109193915697919E+00 a      1139     0    38     1    29
 -1.5465505688819400E+01 a      1140     0    38     1    30
 -2.6863730966379418E-01 a      1141     0    39     1     1
 -8.6410226088277364E-02 a      1142     0    39     1     2
 -6.5360855772375333E+00 a      1143     0    39     1     3
  6.7301209359891487E+00 a      1144     0    39     1     4
  4.6022687397889941E+00 a      1145     0    39     1     5
 -3.1540625388418007E+00 a      1146     0    39     1     6
 -9.6140683149854649E+00 a      1147     0    39     1     7
 -1.0598676662507005E+01 a      1148     0    39     1     8
 -7.0233021495679422E+00 a      1149     0    39     1     9
 -5.3210821118450893E+00 a      1150     0    39     1    10
  2.6301045292699752E+00 a      1151     0    39     1    11
  7.9694789532097490E+00 a      1152     0    39     1    12
  2.8314751888676271E-01 a      1153     0    39     1    13
 -4.5671059723513006E+00 a      1154     0    39     1    14
 -9.0742253887301967E+00 a      1155     0    39     1    15
  5.5089909489354272E-01 a      1156     0    39     1    16
  2.9882200782118584E+00 a      1157     0    39     1    17
 -6.9353782362534555E-01 a      1158     0    39     1    18
 -8.3437412954526522E+00 a      1159     0    39     1    19
  1.7388699655461273E+00 a      1160     0    39     1    20
 -1.9460639447235910E+00 a      1161     0    39     1    21
 -6.7275233038334905E+00 a      1162     0    39     1    22
  9.6218349831868291E-02 a      1163     0    39     1    23
  1.6837177501203415E+00 a      1164     0    39     1    24
 -9.8572843674236754E+00 a      1165     0    39     1    25
  9.0136480788904567E+00 a      1166     0    39     1    26
 -1.2414749985011746E+01 a      1167     0    39     1    27
  3.2280411692642224E+00 a      1168     0    39     1    28
 -1.7361591350993496E+01 a      1169     0    39     1    29
 -1.2597184276540239E+00 a      1170     0    39     1    30
  3.6180439710308496E+00 a      1171     0    40     1     1
 -3.7280687233724694E+00 a      1172     0    40     1     2
 -4.7825732245067454E-01 a      1173     0    40     1     3
 -4.9470369900678852E+00 a      1174     0    40     1     4
  2.7990140235985699E+00 a      1175     0    40     1     5
  1.1410725521828587E+01 a      1176     0    40     1     6
 -9.6985204498046560E+00 a      1177     0    40     1     7
 -8.4221678326661849E+00 a      1178     0    40     1     8
 -2.4959835641836648E+01 a      1179     0    40     1     9
 -6.5706860536373766E+00 a      1180     0    40     1    10
  4.5028006793789510E+00 a      1181     0    40     1    11
 -1.6622951176425918E+01 a      1182     0    40     1    12
 -3.0013666749776715E+00 a      1183     0    40     1    13
  1.3409422036851748E+00 a      1184     0    40     1    14
 -5.2733541239953681E+00 a      1185     0    40     1    15
  1.3131403587426192E+01 a      1186     0    40     1    16
 -5.4843647822761465E-01 a      1187     0    40     1    17
 -2.2616635305443058E+00 a      1188     0    40     1    18
 -7.3372169337202031E+00 a      1189     0    40     1    19
  7.4798308032728800E+00 a      1190     0    40     1    20
  4.1878827513695305E-01 a      1191     0    40     1    21
  1.5224175263012995E+01 a      1192     0    40     1    22
  1.6386006264578633E+01 a      1193     0    40     1    23
 -2.5712089064417265E+00 a      1194     0    40     1    24
 -1.5714151126042692E+01 a      1195     0    40     1    25
  1.6645314155543378E+01 a      1196     0    40     1    26
  1.4307518768343421E+01 a      1197     0    40     1    27
 -4.6144704720012220E+00 a      1198     0    40     1    28
  1.3463102786432097E+01 a      1199     0    40     1    29
  4.0269773938662361E+00 a      1200     0    40     1    30
 -2.3370107765475399E+01 a      1201     0    41     1     1
  1.4360542059385111E+01 a      1202     0    41     1     2
 -1.8428205279686107E+01 a      1203     0    41     1     3
  3.5749530718943291E+01 a      1204     0    41     1     4
  8.6566718488206060E+00 a      1205     0    41     1     5
  1.0368612622637121E+01 a      1206     0    41     1     6
  3.1769326021161959E+00 a      1207     0    41     1     7
 -4.0676086487594452E+00 a      1208     0    41     1     8
  1.4295473000730770E+01 a      1209     0    41     1     9
  3.4873027232468054E+01 a      1210     0    41     1    10
  1.2584626898916268E+01 a      1211     0    41     1    11
  1.6525868781812405E+00 a      1212     0    41     1    12
 -2.7886456667480378E+01 a      1213     0    41     1    13
  2.2403449600591774E+01 a      1214     0    41     1    14
 -1.9460674832918851E-01 a      1215     0    41     1    15
 -1.8092140895166102E+00 a      1216     0    41     1    16
  1.5917530978535881E+01 a      1217     0    41     1    17
 -2.0003489548658969E+01 a      1218     0    41     1    18
 -3.4062527812603065E+01 a      1219     0    41     1    19
 -2.0990115216400729E+00 a      1220     0    41     1    20
  2.6454354134827058E+00 a      1221     0    41     1    21
  1.2411006438653294E+01 a      1222     0    41     1    22
  3.8918104704781817E+00 a      1223     0    41     1    23
  1.3824647675675400E-02 a      1224     0    41     1    24
 -1.3960513910377548E+01 a      1225     0    41     1    25
 -7.8712786229341223E+00 a      1226     0    41     1    26
  1.5300361351782517E+01 a      1227     0    41     1    27
 -1.9662800797959697E+01 a      1228     0    41     1    28
  7.9093462097366567E+00 a      1229     0    41     1    29
 -1.5951373183880744E+00 a      1230     0    41     1    30
  1.5006537395367141E+00 a      1231     0    42     1     1
  2.1674038782630856E+00 a      1232     0    42     1     2
  1.4838962562070748E+01 a      1233     0    42     1     3
 -2.9241112515373104E+01 a      1234     0    42     1     4
 -2.9598472890303955E+00 a      1235     0    42     1     5
 -3.9468719392837146E+00 a      1236     0    42     1     6
 -4.3058105902775496E+00 a      1237     0    42     1     7
  1.4661555206678091E+01 a      1238     0    42     1     8
 -5.1037383195401347E+00 a      1239     0    42     1     9
  5.2586786572228004E+00 a      1240     0    42     1    10
 -1.6843041854366149E+01 a      1241     0    42     1    11
 -2.1897759459698580E+01 a      1242     0    42     1    12
  1.2294399519821951E+01 a      1243     0    42     1    13
  1.1547975259531013E+01 a      1244     0    42     1    14
 -2.0658271003764128E+01 a      1245     0    42     1    15
  1.3766702042353725E+01 a      1246     0    42     1    16
 -5.2502766493173434E+00 a      1247     0    42     1    17
  3.7914093639803386E+00 a      1248     0    42     1    18
  2.7183665688692327E+00 a      1249     0    42     1    19
  5.9321691522773188E+00 a      1250     0    42     1    20
 -2.4716306518908425E+01 a      1251     0    42     1    21
 -5.8790252634571569E+00 a      1252     0    42     1    22
 -5.2913189862583572E+00 a      1253     0    42     1    23
  1.1104677363415705E+01 a      1254     0    42     1    24
  5.1364804051832609E+00 a      1255     0    42     1    25
  4.4875425802790367E+00 a      1256     0    42     1    26
  5.4793736619908451E+00 a      1257     0    42     1    27
  2.2231897434118402E+01 a      1258     0    42     1    28
 -1.1545877427143411E+01 a      1259     0    42     1    29
  2.9775663901424618E+01 a      1260     0    42     1    30
  4.8979100293307036E+00 a      1261     0    43     1     1
  1.4028091670903208E+01 a      1262     0    43     1     2
  5.8091829247737845E+00 a      1263     0    43     1     3
 -5.0165591297889431E+00 a      1264     0    43     1     4
  1.5935850028739747E+01 a      1265     0    43     1     5
 -1.7095507642467879E+01 a      1266     0    43     1     6
  1.9562122361042757E+00 a      1267     0    43     1     7
  1.3290778112014269E+01 a      1268     0    43     1     8
 -9.7108592139075967E+00 a      1269     0    43     1     9
  1.0182658517410443E+00 a      1270     0    43     1    10
 -2.2557023595889549E+00 a      1271     0    43     1    11
 -1.0036871986822865E+01 a      1272     0    43     1    12
  1.9661959034373094E+01 a      1273     0    43     1    13
 -9.9259391043188963E+00 a      1274     0    43     1    14
 -1.8452028199703015E+01 a      1275     0    43     1    15
  2.6150324241173672E+00 a      1276     0    43     1    16
 -1.2103380247304321E+00 a      1277     0    43     1    17
  9.9556893788903071E+00 a      1278     0    43     1    18
  2.8129421128466504E+01 a      1279     0    43     1    19
 -5.6625883915904742E+00 a      1280     0    43     1    20
  7.8703603911649167E-01 a      1281     0    43     1    21
 -2.5593097944624144E+01 a      1282     0    43     1    22
 -8.5917391519770963E+00 a      1283     0    43     1    23
  3.8990627637313957E+00 a      1284     0    43     1    24
  1.8397488870454623E+01 a      1285     0    43     1    25
  7.5409988266391643E+00 a      1286     0    43     1    26
  1.2156413020670231E+01 a      1287     0    43     1    27
  1.4388458691294646E+01 a      1288     0    43     1    28
  1.1557894039860781E+00 a      1289     0    43     1    29
  5.8247962892639595E+00 a      1290     0    43     1    30
 -6.9043541566779751E+00 a      1291     0    44     1     1
 -8.4626453033811124E+00 a      1292     0    44     1     2
  3.8773453146181591E-01 a      1293     0    44     1     3
 -7.2065499475322881E-01 a      1294     0    44     1     4
 -1.8954152178572517E+01 a      1295     0    44     1     5
  2.1239905437738699E+01 a      1296     0    44     1     6
 -3.1753771657037042E+00 a      1297     0    44     1     7
 -2.7166804116748057E+01 a      1298     0    44     1     8
  1.4191662401724338E+01 a      1299     0    44     1     9
  3.8128642243408697E+00 a      1300     0    44     1    10
  1.2678590349011085E+00 a      1301     0    44     1    11
  1.5670269158606004E+01 a      1302     0    44     1    12
 -6.4155951697837699E-01 a      1303     0    44     1    13
  1.5828894842998462E+01 a      1304     0    44     1    14
  4.7168593703444577E+00 a      1305     0    44     1    15
  4.5883103036663311E+00 a      1306     0    44     1    16
 -1.2528928729721460E+00 a      1307     0    44     1    17
 -3.9642801451016147E+00 a      1308     0    44     1    18
 -8.6623327032141511E+00 a      1309     0    44     1    19
  6.5388258635180048E+00 a      1310     0    44     1    20
 -2.1879546349781489E+01 a      1311     0    44     1    21
  2.6188067780966342E+01 a      1312     0    44     1    22
  8.5253219472287736E+00 a      1313     0    44     1    23
  1.6291400010543118E+01 a      1314     0    44     1    24
 -7.0795445944385609E+00 a      1315     0    44     1    25
 -9.7572676617545575E+00 a      1316     0    44     1    26
 -1.4517368659929037E+01 a      1317     0    44     1    27
  4.6957298241599243E+00 a      1318     0    44     1    28
  1.2661130461463214E+01 a      1319     0    44     1    29
 -5.3573374921301937E+00 a      1320     0    44     1    30
 -2.6118682310860093E+00 a      1321     0    45     1     1
  2.0127481580581580E-01 a      1322     0    45     1     2
  2.8237091363057201E+00 a      1323     0    45     1     3
 -7.1944565812581351E-01 a      1324     0    45     1     4
  1.7054642829518858E+01 a      1325     0    45     1     5
 -5.0399859946062255E+00 a      1326     0    45     1     6
 -5.1453963610365010E+00 a      1327     0    45     1     7
  1.2550302260764589E+01 a      1328     0    45     1     8
 -7.0141587138795067E+00 a      1329     0    45     1     9
 -4.2476515907135584E+00 a      1330     0    45     1    10
  4.5346790970719830E+00 a      1331     0    45     1    11
 -9.6814758572959203E+00 a      1332     0    45     1    12
  2.2619420934066845E+01 a      1333     0    45     1    13
 -2.1226977764589289E+01 a      1334     0    45     1    14
 -4.3311605969991096E-01 a      1335     0    45     1    15
 -8.9983257139675565E+00 a      1336     0    45     1    16
 -5.3477020629350980E+00 a      1337     0    45     1    17
 -3.8650523120449060E-02 a      1338     0    45     1    18
 -7.5447650728139308E+00 a      1339     0    45     1    19
 -1.0504489994153825E+01 a      1340     0    45     1    20
  1.6245736245187188E+00 a      1341     0    45     1    21
  2.8981304591545500E+00 a      1342     0    45     1    22
 -1.9647859952056133E+00 a      1343     0    45     1    23
 -3.0505783536776692E+00 a      1344     0    45     1    24
 -1.3445513498278624E+01 a      1345     0    45     1    25
  1.9441182438404483E+00 a      1346     0    45     1    26
  2.5898220527885893E+00 a      1347     0    45     1    27
  4.0366660748098013E+00 a      1348     0    45     1    28
  3.8315224435215456E-02 a      1349     0    45     1    29
  1.2171527110943689E+01 a      1350     0    45     1    30
 -2.6163449723626702E+01 a      1351     0    46     1     1
 -6.5866446882228247E-01 a      1352     0    46     1     2
  2.3253355229967090E-02 a      1353     0    46     1     3
  1.8873764349486244E+01 a      1354     0    46     1     4
  6.2269599355858922E+00 a      1355     0    46     1     5
  5.1857762076427329E+00 a      1356     0    46     1     6
 -4.3339865893421701E+00 a      1357     0    46     1     7
 -1.2181770457197776E+00 a      1358     0    46     1     8
  5.3678547605946187E+00 a      1359     0    46     1     9
 -2.3084775295530548E+01 a      1360     0    46     1    10
  1.0495061448636117E-01 a      1361     0    46     1    11
  9.0214541016016980E+00 a      1362     0    46     1    12
 -4.3478770707848078E+00 a      1363     0    46     1    13
 -2.8939470567545062E+01 a      1364     0    46     1    14
  3.8000199059725137E+00 a      1365     0    46     1    15
  1.9557303121390317E+00 a      1366     0    46     1    16
 -1.0173507071205195E+01 a      1367     0    46     1    17
 -3.5899385658683332E+00 a      1368     0    46     1    18
  2.4613535044044159E+01 a      1369     0    46     1    19
  9.9302968968848351E+00 a      1370     0    46     1    20
 -2.7382182208914663E+00 a      1371     0    46     1    21
  7.5144253206231557E+00 a      1372     0    46     1    22
 -6.5660193647522802E-01 a      1373     0    46     1    23
 -4.1832574204963535E-01 a      1374     0    46     1    24
 -8.6140919309264099E+00 a      1375     0    46     1    25
 -4.6062107520463247E+00 a      1376     0    46     1    26
  7.4810103575503524E+00 a      1377     0    46     1    27
  2.4645754290419575E+01 a      1378     0    46     1    28
  1.5927796667519146E+01 a      1379     0    46     1    29
 -1.6700345363901903E+00 a      1380     0    46     1    30
  1.1594960034443091E+01 a      1381     0    47     1     1
 -2.2858060536686466E+01 a      1382     0    47     1     2
  1.1644365398088672E+01 a      1383     0    47     1     3
 -8.6051806269833655E+00 a      1384     0    47     1     4
 -9.6914180455686925E+00 a      1385     0    47     1     5
 -5.4776525133545668E+00 a      1386     0    47     1     6
 -1.1782031424231672E+01 a      1387     0    47     1     7
 -5.0034187393665057E+00 a      1388     0    47     1     8
  8.0169919333514503E+00 a      1389     0    47     1     9
 -4.5292915730093860E+01 a      1390     0    47     1    10
 -7.5235313541280222E+00 a      1391     0    47     1    11
  2.7003751699696007E+01 a      1392     0    47     1    12
  6.0668482690755576E+00 a      1393     0    47     1    13
 -1.0389253042228951E+01 a      1394     0    47     1    14
  2.1269945820530449E+01 a      1395     0    47     1    15
 -6.5727452912043915E+00 a      1396     0    47     1    16
  1.6109680782837219E+00 a      1397     0    47     1    17
  1.1567806759580504E+01 a      1398     0    47     1    18
  1.2085225938651012E+01 a      1399     0    47     1    19
 -5.0688634147222569E+00 a      1400     0    47     1    20
  9.3731614172390465E+00 a      1401     0    47     1    21
  1.5115057286719256E+00 a      1402     0    47     1    22
  7.9643185150088955E+00 a      1403     0    47     1    23
 -4.9449844300858956E+00 a      1404     0    47     1    24
  7.2895576042492465E+00 a      1405     0    47     1    25
  1.6773909230324275E+00 a      1406     0    47     1    26
 -2.3996522866900484E+01 a      1407     0    47     1    27
  4.2750424828706777E+00 a      1408     0    47     1    28
 -1.8289160283008133E+01 a      1409     0    47     1    29
 -1.3671816927489800E+01 a      1410     0    47     1    30
  6.0566741527681716E+00 a      1411     0    48     1     1
 -2.0683526579807769E+01 a      1412     0    48     1     2
 -2.0115294491274312E+01 a      1413     0    48     1     3
 -9.7327543147591378E+00 a      1414     0    48     1     4
  1.9802554845468519E+00 a      1415     0    48     1     5
  8.2581775349102511E+00 a      1416     0    48     1     6
  1.2805479625114415E+00 a      1417     0    48     1     7
  1.1882041458355484E+01 a      1418     0    48     1     8
  1.0821909781703935E+01 a      1419     0    48     1     9
  1.0270450193391161E+01 a      1420     0    48     1    10
 -1.6542638031632386E+01 a      1421     0    48     1    11
  3.3992114593489724E+00 a      1422     0    48     1    12
 -2.4043458390166599E+01 a      1423     0    48     1    13
  6.5079912807290711E+01 a      1424     0    48     1    14
  6.4714011256782635E+00 a      1425     0    48     1    15
 -2.0068993864618037E+00 a      1426     0    48     1    16
  1.9342789854122973E+01 a      1427     0    48     1    17
 -3.1784336965812909E+00 a      1428     0    48     1    18
 -9.8145207125507543E+00 a      1429     0    48     1    19
 -1.2806453253821216E+01 a      1430     0    48     1    20
  1.4178127810174999E+01 a      1431     0    48     1    21
 -7.4228870202761703E+00 a      1432     0    48     1    22
  9.2094542632320771E+00 a      1433     0    48     1    23
 -1.8714321931372400E+01 a      1434     0    48     1    24
  8.1560017953800745E+00 a      1435     0    48     1    25
  3.2156339946062089E+00 a      1436     0    48     1    26
  1.0374413345217750E+01 a      1437     0    48     1    27
 -1.6322693796333695E+01 a      1438     0    48     1    28
 -1.2416020863519867E+01 a      1439     0    48     1    29
 -1.1840453448160413E+00 a      1440     0    48     1    30
  5.7483582020377320E+00 a      1441     0    49     1     1
 -1.8366654239808344E+00 a      1442     0    49     1     2
 -5.7230098219650278E+00 a      1443     0    49     1     3
 -4.4532169275043563E+00 a      1444     0    49     1     4
 -1.1914487435153289E+01 a      1445     0    49     1     5
 -4.5016651888839085E+00 a      1446     0    49     1     6
  1.6002378775317421E+01 a      1447     0    49     1     7
 -4.6055563069593051E+00 a      1448     0    49     1     8
  7.5573190909720278E+00 a      1449     0    49     1     9
  1.4563155394772590E+01 a      1450     0    49     1    10
  2.7840364035781846E+00 a      1451     0    49     1    11
  1.6714348189762269E+01 a      1452     0    49     1    12
 -3.7667232469644084E+01 a      1453     0    49     1    13
  2.7657557056649591E+01 a      1454     0    49     1    14
 -6.5596943938220020E+00 a      1455     0    49     1    15
  1.0560524449407684E+01 a      1456     0    49     1    16
  1.6315902321797687E+01 a      1457     0    49     1    17
 -3.2833931304159574E+00 a      1458     0    49     1    18
  3.5294338114192065E+00 a      1459     0    49     1    19
  1.5989588928477341E+01 a      1460     0    49     1    20
  3.5319602914309396E+00 a      1461     0    49     1    21
 -1.6616503835110507E+01 a      1462     0    49     1    22
  5.1160532319310881E-01 a      1463     0    49     1    23
 -1.4909065495122462E+01 a      1464     0    49     1    24
  2.8450819131418861E+01 a      1465     0    49     1    25
 -9.4864953270001506E-01 a      1466     0    49     1    26
  4.2566002856467149E+00 a      1467     0    49     1    27
 -3.8109170604096896E+00 a      1468     0    49     1    28
 -9.9577581894323792E+00 a      1469     0    49     1    29
 -2.9723354964277341E+01 a      1470     0    49     1    30
  3.3220006921205439E+01 a      1471     0    50     1     1
  2.2234816505507705E+01 a      1472     0    50     1     2
  2.0101879782832299E+01 a      1473     0    50     1     3
 -1.5388846253791877E+01 a      1474     0    50     1     4
  1.2962482066087722E+01 a      1475     0    50     1     5
 -5.6464535677013989E+00 a      1476     0    50     1     6
  6.6502900376666805E+00 a      1477     0    50     1     7
  9.7701704500728237E+00 a      1478     0    50     1     8
 -1.4578170407252287E+01 a      1479     0    50     1     9
  3.3524500904013259E+01 a      1480     0    50     1    10
  7.8521937525092058E+00 a      1481     0    50     1    11
 -1.2519510447384670E+01 a      1482     0    50     1    12
  2.2812142338294496E+01 a      1483     0    50     1    13
  1.1303306615172730E+01 a      1484     0    50     1    14
 -3.7252876784598774E+00 a      1485     0    50     1    15
 -5.6085648282545746E+00 a      1486     0    50     1    16
  1.7984716781838865E+00 a      1487     0    50     1    17
  1.0121587867408667E+01 a      1488     0    50     1    18
 -2.9060331201651262E+01 a      1489     0    50     1    19
 -1.0808141516402635E+01 a      1490     0    50     1    20
  9.5281689462729275E+00 a      1491     0    50     1    21
 -4.0897767961662330E+00 a      1492     0    50     1    22
 -4.4528569841918504E+00 a      1493     0    50     1    23
  6.6302968564828735E+00 a      1494     0    50     1    24
 -7.3640205273592656E+00 a      1495     0    50     1    25
  1.0915323863258068E+00 a      1496     0    50     1    26
 -1.9202793277205473E+01 a      1497     0    50     1    27
 -2.8155188976126585E+01 a      1498     0    50     1    28
 -1.7823223399505405E+01 a      1499     0    50     1    29
 -1.1567856763499428E+01 a      1500     0    50     1    30
 -1.5477731649009623E+01 a      1501     0    51     1     1
  3.8678586495119758E+00 a      1502     0    51     1     2
 -8.1586549352233142E+00 a      1503     0    51     1     3
  2.3983129145771436E+01 a      1504     0    51     1     4
 -5.1501401513535461E+00 a      1505     0    51     1     5
  5.5894508691673357E+00 a      1506     0    51     1     6
  1.4632240269280464E+01 a      1507     0    51     1     7
 -3.7327356506340067E+01 a      1508     0    51     1     8
  2.6649276127154233E+00 a      1509     0    51     1     9
  5.6200417004164149E-01 a      1510     0    51     1    10
  3.2320965912700316E+01 a      1511     0    51     1    11
  1.1959313122740586E+01 a      1512     0    51     1    12
 -5.0956117421731328E-01 a      1513     0    51     1    13
 -5.4462509147591994E+01 a      1514     0    51     1    14
  1.2600712718374577E+01 a      1515     0    51     1    15
 -5.6790491824487308E+00 a      1516     0    51     1    16
 -1.1123785400504454E+01 a      1517     0    51     1    17
  5.7002266283970338E+00 a      1518     0    51     1    18
  5.5111533935899191E+00 a      1519     0    51     1    19
 -2.5047200191266681E+00 a      1520     0    51     1    20
 -9.3725950079266056E+00 a      1521     0    51     1    21
  1.4913368899205135E+00 a      1522     0    51     1    22
 -1.4216147968400440E+01 a      1523     0    51     1    23
  1.1761371596578378E+00 a      1524     0    51     1    24
 -2.5249005559000053E+00 a      1525     0    51     1    25
  1.8184108529075180E+00 a      1526     0    51     1    26
 -2.2470753595025967E+00 a      1527     0    51     1    27
 -4.3690487362477946E+00 a      1528     0    51     1    28
  2.1083161052061598E+01 a      1529     0    51     1    29
 -2.4205602991562227E+01 a      1530     0    51     1    30
  1.6917779564964828E+01 a      1531     0    52     1     1
 -2.7855564265258188E+00 a      1532     0    52     1     2
 -2.7990213949393796E+00 a      1533     0    52     1     3
  2.2123593768866492E+00 a      1534     0    52     1     4
 -4.8389594599297485E+00 a      1535     0    52     1     5
 -1.6852652290216604E+01 a      1536     0    52     1     6
  3.4166954540877539E+00 a      1537     0    52     1     7
  2.2551372546135706E+01 a      1538     0    52     1     8
 -1.2389070615344490E+01 a      1539     0    52     1     9
 -1.3253312585982702E+01 a      1540     0    52     1    10
 -6.3907661748480837E+00 a      1541     0    52     1    11
 -1.3385027333976351E+01 a      1542     0    52     1    12
 -1.6773644771334965E+01 a      1543     0    52     1    13
 -1.5076143697726813E+01 a      1544     0    52     1    14
  1.0876029960751673E+01 a      1545     0    52     1    15
 -8.0310836917317019E+00 a      1546     0    52     1    16
 -7.9062071671572660E+00 a      1547     0    52     1    17
  3.2199938885193871E+00 a      1548     0    52     1    18
 -1.5240709638131031E+01 a      1549     0    52     1    19
  4.6945438330583436E+00 a      1550     0    52     1    20
  3.6586407403381997E+01 a      1551     0    52     1    21
 -1.2614961125128000E+01 a      1552     0    52     1    22
 -5.5797827481735176E+00 a      1553     0    52     1    23
 -2.4854185783145024E+01 a      1554     0    52     1    24
 -1.2483177248802670E+01 a      1555     0    52     1    25
  3.4200175301073217E+00 a      1556     0    52     1    26
  4.5142302149745017E-01 a      1557     0    52     1    27
 -2.7747423928957591E+01 a      1558     0    52     1    28
 -2.0499091268587563E+01 a      1559     0    52     1    29
  1.0209008213057251E+01 a      1560     0    52     1    30
 -1.1623849093455769E+01 a      1561     0    53     1     1
 -2.7978223295397742E+00 a      1562     0    53     1     2
  3.5031662982666365E+00 a      1563     0    53     1     3
  8.6596019806822255E+00 a      1564     0    53     1     4
  9.0212836575856081E-01 a      1565     0    53     1     5
  1.2268232711094363E+01 a      1566     0    53     1     6
 -1.8744870074867595E+01 a      1567     0    53     1     7
 -1.0100230015128318E+01 a      1568     0    53     1     8
 -5.3024160317689439E-01 a      1569     0    53     1     9
 -1.2807630919673073E+01 a      1570     0    53     1    10
 -1.9648174442092156E+01 a      1571     0    53     1    11
 -7.2289727889110553E+00 a      1572     0    53     1    12
  2.5086288488709862E+01 a      1573     0    53     1    13
 -4.6925948517765779E+00 a      1574     0    53     1    14
  3.1401248271596662E+00 a      1575     0    53     1    15
  3.9116704456841771E+00 a      1576     0    53     1    16
 -1.7932017407384495E+00 a      1577     0    53     1    17
  7.6320188480505031E+00 a      1578     0    53     1    18
  1.3565124088383007E+01 a      1579     0    53     1    19
 -1.4875812121511064E+01 a      1580     0    53     1    20
 -1.6503872531243875E+01 a      1581     0    53     1    21
  1.3570179439884949E+01 a      1582     0    53     1    22
  3.4306319376683359E+00 a      1583     0    53     1    23
  3.5074583954627371E+01 a      1584     0    53     1    24
 -1.4441579515812894E+01 a      1585     0    53     1    25
  1.1585670171506930E+00 a      1586     0    53     1    26
  3.7873882189207944E+00 a      1587     0    53     1    27
  4.9788148795991063E+00 a      1588     0    53     1    28
  1.8392827531685288E+01 a      1589     0    53     1    29
  2.3749100045830364E+01 a      1590     0    53     1    30
 -1.4634190287302003E+01 a      1591     0    54     1     1
 -2.0416740098063514E+01 a      1592     0    54     1     2
 -2.9049730513703991E+00 a      1593     0    54     1     3
  7.8600990706866725E+00 a      1594     0    54     1     4
 -1.1758491763582676E+01 a      1595     0    54     1     5
 -1.5493737249044155E+01 a      1596     0    54     1     6
 -6.6844740489534056E+00 a      1597     0    54     1     7
 -4.2290488957110695E+00 a      1598     0    54     1     8
  3.0805352176338654E+00 a      1599     0    54     1     9
 -2.9888684988896561E+01 a      1600     0    54     1    10
 -1.5466061192205473E+01 a      1601     0    54     1    11
 -1.6812287290259000E+00 a      1602     0    54     1    12
 -1.9285944972993960E+00 a      1603     0    54     1    13
 -5.1639704601376399E+00 a      1604     0    54     1    14
 -8.0207466329470356E-01 a      1605     0    54     1    15
  8.6493212910033037E+00 a      1606     0    54     1    16
  5.6929202046684333E+00 a      1607     0    54     1    17
 -9.2461799445457853E+00 a      1608     0    54     1    18
  1.4381809263555914E+01 a      1609     0    54     1    19
  1.3383866169119097E+01 a      1610     0    54     1    20
 -1.2425710144770648E+01 a      1611     0    54     1    21
  8.6104369862509262E+00 a      1612     0    54     1    22
 -9.6775813170657288E-01 a      1613     0    54     1    23
 -1.6216265449865497E+00 a      1614     0    54     1    24
  8.6390902340625448E+00 a      1615     0    54     1    25
  3.5488600011243592E+00 a      1616     0    54     1    26
  4.4338309136548268E+00 a      1617     0    54     1    27
  1.1225288101611879E+01 a      1618     0    54     1    28
  8.1197310475132660E+00 a      1619     0    54     1    29
  1.7112162732091885E+01 a      1620     0    54     1    30
  1.8523861157629529E+01 a      1621     0    55     1     1
  1.1223504712402780E+01 a      1622     0    55     1     2
 -4.2712117960826218E-01 a      1623     0    55     1     3
  5.8567721884077235E+00 a      1624     0    55     1     4
  1.3159057650223509E+00 a      1625     0    55     1     5
 -2.4463951071181413E+01 a      1626     0    55     1     6
  4.3409807804717335E+00 a      1627     0    55     1     7
  2.6492187681424127E+01 a      1628     0    55     1     8
 -9.8545071086011067E+00 a      1629     0    55     1     9
  1.9194830024255488E+01 a      1630     0    55     1    10
 -2.0699680199499117E+01 a      1631     0    55     1    11
 -1.8258538962826581E+01 a      1632     0    55     1    12
  2.9123641138052331E+01 a      1633     0    55     1    13
  1.8290660140633559E+01 a      1634     0    55     1    14
 -1.6574700840317721E+01 a      1635     0    55     1    15
  7.9658788078742910E+00 a      1636     0    55     1    16
  1.9096914315866108E+01 a      1637     0    55     1    17
 -8.0609065820099435E+00 a      1638     0    55     1    18
 -8.4470529457538461E+00 a      1639     0    55     1    19
  1.0575062755510166E+01 a      1640     0    55     1    20
  2.6903433973350058E+01 a      1641     0    55     1    21
  6.9433139365215730E+00 a      1642     0    55     1    22
  6.1276757827185193E+00 a      1643     0    55     1    23
 -1.0455713193199514E+01 a      1644     0    55     1    24
 -7.3759840309479143E+00 a      1645     0    55     1    25
  1.9627010256369235E+00 a      1646     0    55     1    26
 -3.5441930844976253E+00 a      1647     0    55     1    27
 -1.7783697923865606E+01 a      1648     0    55     1    28
 -3.3579191051907404E+00 a      1649     0    55     1    29
  1.7492544397693667E+01 a      1650     0    55     1    30
 -1.0055800087503696E+01 a      1651     0    56     1     1
  9.1438597551461509E+00 a      1652     0    56     1     2
  1.9639917939967745E+01 a      1653     0    56     1     3
 -9.4712287195472946E+00 a      1654     0    56     1     4
  3.6638793567274335E+00 a      1655     0    56     1     5
  2.6180216262875689E+01 a      1656     0    56     1     6
  8.5788881453874914E+00 a      1657     0    56     1     7
  1.0844161156821832E+01 a      1658     0    56     1     8
  7.9183537880528458E+00 a      1659     0    56     1     9
  2.0678888158711700E+01 a      1660     0    56     1    10
  1.3845669302838525E+01 a      1661     0    56     1    11
  5.3102755593948459E-01 a      1662     0    56     1    12
  1.2384614888171280E+01 a      1663     0    56     1    13
 -2.3785358592945482E+00 a      1664     0    56     1    14
  9.1143394718306991E-01 a      1665     0    56     1    15
  7.6047145247229286E+00 a      1666     0    56     1    16
 -6.2814631965383789E+00 a      1667     0    56     1    17
 -1.0275639317922401E+01 a      1668     0    56     1    18
 -4.0819784602444793E+00 a      1669     0    56     1    19
  8.6009388551195123E+00 a      1670     0    56     1    20
 -1.7765742681334693E+01 a      1671     0    56     1    21
  2.1930566428078222E+01 a      1672     0    56     1    22
 -4.0096152647633385E+00 a      1673     0    56     1    23
 -4.2355285522968904E+00 a      1674     0    56     1    24
 -1.4581914230013355E+00 a      1675     0    56     1    25
  5.7479496754085337E+00 a      1676     0    56     1    26
  1.3299072898763557E+01 a      1677     0    56     1    27
  1.0812627088845526E+01 a      1678     0    56     1    28
  6.1749182358624362E+00 a      1679     0    56     1    29
  5.4653974580535376E+00 a      1680     0    56     1    30
 -3.4245000664556837E+00 a      1681     0    57     1     1
  1.7613433385607941E+01 a      1682     0    57     1     2
  1.0836419218338815E+01 a      1683     0    57     1     3
 -2.2368864199319432E+01 a      1684     0    57     1     4
  2.4658747860740520E+00 a      1685     0    57     1     5
  1.3048904317618009E+01 a      1686     0    57     1     6
 -2.2594991607821800E+01 a      1687     0    57     1     7
  1.5651396454518733E+00 a      1688     0    57     1     8
 -5.3543240491603261E-01 a      1689     0    57     1     9
 -1.0112155525312419E+01 a      1690     0    57     1    10
  1.3528199332797833E+01 a      1691     0    57     1    11
  1.0409534218585339E+01 a      1692     0    57     1    12
 -9.1458376077497299E+00 a      1693     0    57     1    13
 -8.9930176150268171E+00 a      1694     0    57     1    14
 -4.1508952549389528E+00 a      1695     0    57     1    15
  6.3370502926539061E+00 a      1696     0    57     1    16
 -1.4469306482851326E+01 a      1697     0    57     1    17
 -3.9687125315961675E+00 a      1698     0    57     1    18
  1.4044182888086469E+00 a      1699     0    57     1    19
 -3.5175874227789521E+00 a      1700     0    57     1    20
 -6.2923285865854997E+00 a      1701     0    57     1    21
  4.6774002905300194E-01 a      1702     0    57     1    22
  1.5355638464458648E+01 a      1703     0    57     1    23
  2.4577108230686310E+01 a      1704     0    57     1    24
 -5.5123058952989012E-01 a      1705     0    57     1    25
 -1.5125298899785410E+01 a      1706     0    57     1    26
 -2.9209241096735608E+00 a      1707     0    57     1    27
  1.7200995815684955E+01 a      1708     0    57     1    28
 -1.5287530111048014E+01 a      1709     0    57     1    29
  1.2739082191671912E+01 a      1710     0    57     1    30
 -6.8808943471441850E+00 a      1711     0    58     1     1
 -1.2757740074395418E+01 a      1712     0    58     1     2
 -1.8312904255837463E+01 a      1713     0    58     1     3
 -1.0357782701987325E+01 a      1714     0    58     1     4
  1.4214076489539252E+01 a      1715     0    58     1     5
 -1.3041481458264713E+01 a      1716     0    58     1     6
  7.0889609050186619E+00 a      1717     0    58     1     7
 -2.4099193695973440E+01 a      1718     0    58     1     8
 -1.2663861695988759E+01 a      1719     0    58     1     9
 -1.3362561278031009E+00 a      1720     0    58     1    10
  4.4189437715913744E+00 a      1721     0    58     1    11
  2.7628066143575669E+00 a      1722     0    58     1    12
  9.3483110545691215E+00 a      1723     0    58     1    13
  2.1005807754171375E+01 a      1724     0    58     1    14
 -1.8778689208830126E+01 a      1725     0    58     1    15
 -9.1048958244918570E+00 a      1726     0    58     1    16
  1.2812113393794547E+01 a      1727     0    58     1    17
 -1.7537892817910645E+01 a      1728     0    58     1    18
  4.8197552681364009E+00 a      1729     0    58     1    19
 -6.8262127041320850E+00 a      1730     0    58     1    20
 -1.0653396311334113E+01 a      1731     0    58     1    21
 -4.0486937332471385E+01 a      1732     0    58     1    22
  1.0887257470628068E+01 a      1733     0    58     1    23
  1.7163217542567886E+00 a      1734     0    58     1    24
 -2.6877849325437664E+00 a      1735     0    58     1    25
  4.4476102655117771E+00 a      1736     0    58     1    26
 -4.2677214984717224E+00 a      1737     0    58     1    27
  1.8037632292089107E+01 a      1738     0    58     1    28
  1.3744767808264002E+00 a      1739     0    58     1    29
 -6.8578358340086760E+00 a      1740     0    58     1    30
  6.7171721631103258E+00 a      1741     0    59     1     1
  1.5482265204641973E+01 a      1742     0    59     1     2
  5.6177623850994971E+00 a      1743     0    59     1     3
  8.6341358892461673E-01 a      1744     0    59     1     4
 -5.9133314091038758E-01 a      1745     0    59     1     5
 -2.3023017078754229E-01 a      1746     0    59     1     6
  1.1236526017251325E+01 a      1747     0    59     1     7
  3.6979291048188068E+00 a      1748     0    59     1     8
 -9.3728301904304101E-01 a      1749     0    59     1     9
  6.8584151091983330E+00 a      1750     0    59     1    10
  1.4920885852365920E+01 a      1751     0    59     1    11
 -3.1100926620828431E+00 a      1752     0    59     1    12
 -1.3002806563603400E+01 a      1753     0    59     1    13
 -7.0421278183829648E+00 a      1754     0    59     1    14
  7.5461078063194376E-01 a      1755     0    59     1    15
 -2.6321922567135476E+00 a      1756     0    59     1    16
 -7.1680307432822170E+00 a      1757     0    59     1    17
 -4.8549499307369262E+00 a      1758     0    59     1    18
 -6.5771847223101512E+00 a      1759     0    59     1    19
  7.3037199985512196E+00 a      1760     0    59     1    20
  8.7562037984536367E+00 a      1761     0    59     1    21
  1.1928341543258153E+01 a      1762     0    59     1    22
 -6.2697334516643517E+00 a      1763     0    59     1    23
 -1.4143791435644161E+01 a      1764     0    59     1    24
  9.3810482942176971E+00 a      1765     0    59     1    25
 -6.5530813434614883E+00 a      1766     0    59     1    26
 -7.7094588819208667E+00 a      1767     0    59     1    27
  1.2512925896246396E+00 a      1768     0    59     1    28
 -7.0673953310147155E+00 a      1769     0    59     1    29
 -7.4123760065185014E+00 a      1770     0    59     1    30
  8.1742436543999855E+00 a      1771     0    60     1     1
  7.7619058382309869E-01 a      1772     0    60     1     2
 -1.3528875484229001E+01 a      1773     0    60     1     3
  1.5767771333491714E+00 a      1774     0    60     1     4
 -9.7925658235382542E+00 a      1775     0    60     1     5
  2.0409936623605095E+01 a      1776     0    60     1     6
  1.8919936416097134E+01 a      1777     0    60     1     7
  1.5092407692784349E+00 a      1778     0    60     1     8
 -1.3879075757011625E+01 a      1779     0    60     1     9
  2.8075593201289344E+01 a      1780     0    60     1    10
  6.4296562046547283E+00 a      1781     0    60     1    11
 -8.7671490318399603E-02 a      1782     0    60     1    12
  4.0017128006497495E+00 a      1783     0    60     1    13
  5.2987047154179558E+00 a      1784     0    60     1    14
  6.7260966250936738E+00 a      1785     0    60     1    15
 -2.4745690585585308E+01 a      1786     0    60     1    16
  5.3008001222373791E+00 a      1787     0    60     1    17
  2.0049585740850745E+01 a      1788     0    60     1    18
 -1.3624684235267052E+01 a      1789     0    60     1    19
 -6.2046675793397092E+00 a      1790     0    60     1    20
  1.3313232018768772E+01 a      1791     0    60     1    21
 -3.1389030759578848E+01 a      1792     0    60     1    22
 -1.3039415595962028E+01 a      1793     0    60     1    23
 -1.7751169278429604E+01 a      1794     0    60     1    24
 -9.4086521771113212E+00 a      1795     0    60     1    25
  7.9862833816881578E+00 a      1796     0    60     1    26
  2.3984893101709659E+01 a      1797     0    60     1    27
 -9.3868904448300992E+00 a      1798     0    60     1    28
  4.7628256031866432E+00 a      1799     0    60     1    29
 -2.6115534976495066E+01 a      1800     0    60     1    30
  1.9443556525823502E-01 a      1801     0    61     1     1
 -1.6897760397613755E+01 a      1802     0    61     1     2
  2.2557800282917540E+01 a      1803     0    61     1     3
  2.4855785094956847E+01 a      1804     0    61     1     4
  3.9937156759430728E+01 a      1805     0    61     1     5
 -2.1129784729158121E+01 a      1806     0    61     1     6
 -3.5569133104896768E+00 a      1807     0    61     1     7
 -1.2612028448327459E+00 a      1808     0    61     1     8
  2.0617177089424334E+01 a      1809     0    61     1     9
 -1.3006914963043792E+01 a      1810     0    61     1    10
 -2.0344032758895136E+01 a      1811     0    61     1    11
  9.0620819221755777E+00 a      1812     0    61     1    12
  1.8985555852059393E+00 a      1813     0    61     1    13
 -4.7365881255357689E-01 a      1814     0    61     1    14
  2.4440897735543928E+01 a      1815     0    61     1    15
  2.2025884573288206E+01 a      1816     0    61     1    16
  3.5852264423867697E-01 a      1817     0    61     1    17
 -1.0505594915444140E+01 a      1818     0    61     1    18
 -7.1941696139472073E+00 a      1819     0    61     1    19
  1.7337614168945921E+00 a      1820     0    61     1    20
  2.2194567879461333E+00 a      1821     0    61     1    21
  1.5198829484989467E+01 a      1822     0    61     1    22
 -2.7742063013004493E+01 a      1823     0    61     1    23
 -1.0906371877274154E+01 a      1824     0    61     1    24
  7.4943673888313569E+00 a      1825     0    61     1    25
 -1.2988084077963011E+01 a      1826     0    61     1    26
  1.3411036336445658E+01 a      1827     0    61     1    27
  2.7590606614707458E-01 a      1828     0    61     1    28
  1.5300761514566142E+01 a      1829     0    61     1    29
  1.2368814138508413E+00 a      1830     0    61     1    30
  6.5517185473694797E-02 a      1831     0    62     1     1
 -2.3683422325486294E+00 a      1832     0    62     1     2
 -5.2297851963848165E+00 a      1833     0    62     1     3
 -5.6066922652031712E+00 a      1834     0    62     1     4
  1.4943275093998658E+01 a      1835     0    62     1     5
 -1.6321362885348297E+01 a      1836     0    62     1     6
 -3.1362602028299200E+01 a      1837     0    62     1     7
 -1.5914675079157293E+01 a      1838     0    62     1     8
  8.3763727331358080E+00 a      1839     0    62     1     9
  1.8437674941418177E+01 a      1840     0    62     1    10
 -2.6457766953073389E+01 a      1841     0    62     1    11
 -1.6698807724930724E+00 a      1842     0    62     1    12
 -1.8485438514252357E+00 a      1843     0    62     1    13
  4.1563592142477679E-01 a      1844     0    62     1    14
  1.3187074214699409E+01 a      1845     0    62     1    15
  1.1975344640218342E+01 a      1846     0    62     1    16
  1.5106719757311428E+01 a      1847     0    62     1    17
  3.7835849182053088E-01 a      1848     0    62     1    18
  1.2913248898648955E+00 a      1849     0    62     1    19
  1.3272181678086609E+01 a      1850     0    62     1    20
  6.3175005504501272E+00 a      1851     0    62     1    21
 -2.0074204191584224E+00 a      1852     0    62     1    22
 -1.0403099240804861E+01 a      1853     0    62     1    23
  8.6781637992311502E+00 a      1854     0    62     1    24
  1.3418308568012087E+00 a      1855     0    62     1    25
 -1.5031219670073112E+01 a      1856     0    62     1    26
  1.9846969060600273E+01 a      1857     0    62     1    27
 -1.5722279272482602E+01 a      1858     0    62     1    28
 -9.1677208310601603E+00 a      1859     0    62     1    29
 -4.6807534248461877E+00 a      1860     0    62     1    30
  1.2747413874234857E+01 a      1861     0    63     1     1
 -5.8347709570821715E+00 a      1862     0    63     1     2
  1.6470241842821680E+00 a      1863     0    63     1     3
 -6.5722313990959624E-02 a      1864     0    63     1     4
 -7.5106704304234129E-01 a      1865     0    63     1     5
  2.6928707098781537E+00 a      1866     0    63     1     6
 -2.0014674805455176E+01 a      1867     0    63     1     7
 -2.0769362567188892E+01 a      1868     0    63     1     8
 -2.2392370952161588E+01 a      1869     0    63     1     9
  6.4869746925118532E+00 a      1870     0    63     1    10
 -9.5667811482502039E+00 a      1871     0    63     1    11
  7.5973773644575582E+00 a      1872     0    63     1    12
  4.5950242846866125E+00 a      1873     0    63     1    13
  1.5257220485918588E-01 a      1874     0    63     1    14
  1.8996701085288774E+00 a      1875     0    63     1    15
 -3.3033818299622027E+01 a      1876     0    63     1    16
  7.6217773727838294E+00 a      1877     0    63     1    17
 -2.1024666681033128E+01 a      1878     0    63     1    18
 -1.5266339243387304E+01 a      1879     0    63     1    19
  4.9230003698999312E+00 a      1880     0    63     1    20
 -2.0899777955389219E+01 a      1881     0    63     1    21
 -4.3203539471142705E+00 a      1882     0    63     1    22
  2.6965097433573476E+01 a      1883     0    63     1    23
  1.9785075129179635E+01 a      1884     0    63     1    24
 -7.7378648639416003E-01 a      1885     0    63     1    25
 -9.6649392387680741E+00 a      1886     0    63     1    26
 -4.4533099052250840E+01 a      1887     0    63     1    27
  1.4878411661692217E+00 a      1888     0    63     1    28
  6.0164996856380402E+00 a      1889     0    63     1    29
  2.2672082613052469E+00 a      1890     0    63     1    30
 -7.5387154541765149E+00 a      1891     0    64     1     1
 -2.3246716740072686E+00 a      1892     0    64     1     2
  1.5577976371395772E+01 a      1893     0    64     1     3
  8.6001756158101959E+00 a      1894     0    64     1     4
 -1.6191437250482682E-01 a      1895     0    64     1     5
  3.7160192184683418E+00 a      1896     0    64     1     6
 -1.8648937235423724E+00 a      1897     0    64     1     7
  2.7322978733221969E+01 a      1898     0    64     1     8
  1.5666906049790441E+01 a      1899     0    64     1     9
  6.5177974908319607E+00 a      1900     0    64     1    10
  5.6417361499217318E+00 a      1901     0    64     1    11
  3.1338251049980976E+00 a      1902     0    64     1    12
  2.2864198285027286E+00 a      1903     0    64     1    13
  5.4176689499246566E-01 a      1904     0    64     1    14
 -1.4617606734001336E+01 a      1905     0    64     1    15
 -1.4443553300915253E+01 a      1906     0    64     1    16
 -1.3076744121656574E+01 a      1907     0    64     1    17
  1.4741569695112425E+01 a      1908     0    64     1    18
 -8.2318851426992516E+00 a      1909     0    64     1    19
 -2.8948574688464475E+01 a      1910     0    64     1    20
 -2.3632958358839325E+01 a      1911     0    64     1    21
  3.1197897876076935E-01 a      1912     0    64     1    22
 -2.1179136940172301E+00 a      1913     0    64     1    23
 -5.0551916297931676E-01 a      1914     0    64     1    24
  3.0421873087701297E+00 a      1915     0    64     1    25
  4.7765224465406781E+00 a      1916     0    64     1    26
  4.1609868918282906E+00 a      1917     0    64     1    27
 -4.3849784164547523E-01 a      1918     0    64     1    28
  5.6417909356812199E+00 a      1919     0    64     1    29
 -1.3772952561386923E+01 a      1920     0    64     1    30
 -1.1984980846275492E-01 b      1921     1     1
  7.4160340650738110E-01 b      1922     1     2
 -3.6637395060636115E+00 b      1923     1     3
 -1.3235029515876107E+00 b      1924     1     4
 -7.4529450090256710E-01 b      1925     1     5
  8.2574468207583895E-01 b      1926     1     6
 -1.3855826398245465E+00 b      1927     1     7
 -2.1510148510334997E+00 b      1928     1     8
 -1.3491198482113047E+00 b      1929     1     9
  3.8524502623862611E-01 b      1930     1    10
 -2.1172701290018003E+00 b      1931     1    11
  3.0872626530098524E-01 b      1932     1    12
  3.8701133252649594E-01 b      1933     1    13
 -8.8223814474913753E-01 b      1934     1    14
  1.1485538661538341E+00 b      1935     1    15
  2.5160475041105274E-01 b      1936     1    16
 -1.4583032053279101E+00 b      1937     1    17
 -2.7673690590532320E+00 b      1938     1    18
 -2.9128223641973350E-01 b      1939     1    19
  5.4971549213988236E-01 b      1940     1    20
 -3.4932653804283786E+00 b      1941     1    21
 -3.4876876558389891E+00 b      1942     1    22
  8.1544914576017147E-01 b      1943     1    23
 -4.7640901591345566E+00 b      1944     1    24
 -8.9729620469011397E+00 b      1945     1    25
 -6.9626406285473390E+00 b      1946     1    26
  1.2077458977955580E-01 b      1947     1    27
  1.4388826036084170E+00 b      1948     1    28
 -3.2359939230837592E-01 b      1949     1    29
 -2.7849577110063937E+00 b      1950     1    30
  1.2974241263769126E+00 a      1951     1     1     2     1
  8.7804361731702230E-01 a      1952     1     1     2     2
  3.5579787871104107E-01 a      1953     1     1     2     3
  2.7010232317950229E+00 a      1954     1     1     2     4
 -7.1669554258311265E-03 a      1955     1     1     2     5
  1.4941219125912133E+00 a      1956     1     1     2     6
 -1.4233508060774365E+00 a      1957     1     1     2     7
 -2.6625380773786986E+00 a      1958     1     1     2     8
 -4.2492041673492209E-01 a      1959     1     1     2     9
  1.2490185292689260E+00 a      1960     1     1     2    10
 -3.9707005618123792E+00 a      1961     1     1     2    11
  2.0186424118388654E-02 a      1962     1     1     2    12
  1.2406813384932849E+00 a      1963     1     1     2    13
  1.8088184697985617E-02 a      1964     1     1     2    14
  3.7326541130739561E+00 a      1965     1     1     2    15
  2.6353272784645783E+00 a      1966     1     1     2    16
  4.1525016587688812E-01 a      1967     1     1     2    17
  6.6560517389332691E-02 a      1968     1     1     2    18
 -1.0469730821246250E+00 a      1969     1     1     2    19
 -9.7188709386120320E-01 a      1970     1     1     2    20
 -9.8953114870098807E-03 a      1971     1     1     2    21
 -9.8408719860890181E-01 a      1972     1     1     2    22
 -6.8626602625801558E-01 a      1973     1     1     2    23
 -1.9748397429055322E+00 a      1974     1     1     2    24
  2.1560570595047548E-01 a      1975     1     1     2    25
  2.8710461877765514E-01 a      1976     1     1     2    26
 -7.5544929878406852E-01 a      1977     1     1     2    27
  3.1283660688989245E+00 a      1978     1     1     2    28
 -9.9099590116134362E-01 a      1979     1     1     2    29
 -4.0691592640489122E-01 a      1980     1     1     2    30
  3.7483545361789278E-01 a      1981     1     2     2     1
  9.0208091014800207E-01 a      1982     1     2     2     2
 -5.9438834562430842E-01 a      1983     1     2     2     3
  1.4150623451951119E+00 a      1984     1     2     2     4
  1.2998089679295706E+00 a      1985     1     2     2     5
  1.5237680073131277E+00 a      1986     1     2     2     6
 -1.3011242601948758E+00 a      1987     1     2     2     7
  9.5694329708548326E-02 a      1988     1     2     2     8
 -1.9193715095020085E+00 a      1989     1     2     2     9
 -1.3776417174873135E+00 a      1990     1     2     2    10
 -1.9966029112360766E+00 a      1991     1     2     2    11
 -9.6150205936791899E-01 a      1992     1     2     2    12
 -2.6031900506824590E-01 a      1993     1     2     2    13
 -4.8633183417156345E-01 a      1994     1     2     2    14
 -2.1622439424600746E+00 a      1995     1     2     2    15
 -5.6332325177767717E-01 a      1996     1     2     2    16
 -1.5676586200801919E+00 a      1997     1     2     2    17
  1.4417590577508996E+00 a      1998     1     2     2    18
  9.7862957955306418E-01 a      1999     1     2     2    19
 -6.2020547016936722E-01 a      2000     1     2     2    20
  1.8863835486041763E-01 a      2001     1     2     2    21
 -1.7200268761619493E+00 a      2002     1     2     2    22
  3.0533041334548339E-01 a      2003     1     2     2    23
 -4.6630584319257673E-01 a      2004     1     2     2    24
 -1.2768677046762320E-01 a      2005     1     2     2    25
 -1.8463544226657473E+00 a      2006     1     2     2    26
  7.0897795943080089E-01 a      2007     1     2     2    27
  1.4311324267251235E+00 a      2008     1     2     2    28
 -4.0969909845144904E-02 a      2009     1     2     2    29
 -2.2930836121888452E+00 a      2010     1     2     2    30
 -2.4272964253989202E+00 a      2011     1     3     2     1
 -1.1812560782705728E+00 a      2012     1     3     2     2
 -2.1918394658176923E+00 a      2013     1     3     2     3
 -3.3166879416210566E+00 a      2014     1     3     2     4
 -5.9304150245481653E+00 a      2015     1     3     2     5
 -2.1410255497116704E+00 a      2016     1     3     2     6
  3.3883129740389800E-01 a      2017     1     3     2     7
  5.1664967835253373E-01 a      2018     1     3     2     8
  2.4591093312886761E-01 a      2019     1     3     2     9
  1.3293137454098070E+00 a      2020     1     3     2    10
 -2.8093206624018281E+00 a      2021     1     3     2    11
  6.8599628029413406E-01 a      2022     1     3     2    12
  2.9573561982713366E+00 a      2023     1     3     2    13
 -1.4292244468021218E+00 a      2024     1     3     2    14
 -1.3448721421020795E+00 a      2025     1     3     2    15
 -5.3053027167902460E+00 a      2026     1     3     2    16
  2.9150729372716278E+00 a      2027     1     3     2    17
 -3.0657245765222152E+00 a      2028     1     3     2    18
 -2.2754476053873240E+00 a      2029     1     3     2    19
  4.2354022789620238E-01 a      2030     1     3     2    20
 -2.6953380742309809E+00 a      2031     1     3     2    21
  8.7563177157858174E-01 a      2032     1     3     2    22
 -6.3976466683760957E-01 a      2033     1     3     2    23
  1.2428158633981436E+00 a      2034     1     3     2    24
 -1.2677449919674749E-01 a      2035     1     3     2    25
 -1.4212586334528416E+00 a      2036     1     3     2    26
 -1.8810970354441281E+00 a      2037     1     3     2    27
 -2.6633961240070798E+00 a      2038     1     3     2    28
  8.0558160529526468E-01 a      2039     1     3     2    29
 -1.9772656667472972E+00 a      2040     1     3     2    30
  1.2319861473976417E+00 a      2041     1     4     2     1
  3.8448664246717057E-01 a      2042     1     4     2     2
 -2.5772978005299856E+00 a      2043     1     4     2     3
 -5.6478614962698515E-01 a      2044     1     4     2     4
 -9.6258334641506371E-01 a      2045     1     4     2     5
  2.7536210725648189E+00 a      2046     1     4     2     6
 -1.2838315448257342E-02 a      2047     1     4     2     7
 -9.7259876874006934E-01 a      2048     1     4     2     8
 -2.7500358305772588E-01 a      2049     1     4     2     9
 -1.1115883562089919E+00 a      2050     1     4     2    10
 -6.6514520641610020E-01 a      2051     1     4     2    11
 -4.4903469606892299E-01 a      2052     1     4     2    12
 -2.6391742812410288E+00 a      2053     1     4     2    13
 -6.6364425110481107E-01 a      2054     1     4     2    14
  5.2038755133149162E-01 a      2055     1     4     2    15
 -8.4256132865430178E-01 a      2056     1     4     2    16
  2.5736058812520609E-02 a      2057     1     4     2    17
  3.2535115649873936E-01 a      2058     1     4     2    18
  7.8942199599396712E-01 a      2059     1     4     2    19
  1.8922406015038609E+00 a      2060     1     4     2    20
  2.4872126417352773E+00 a      2061     1     4     2    21
  2.3186744122535155E-01 a      2062     1     4     2    22
  5.9525939974581110E-01 a      2063     1     4     2    23
  3.3647484941172312E-01 a      2064     1     4     2    24
  8.7180941833687231E-01 a      2065     1     4     2    25
 -7.0981007154060238E-01 a      2066     1     4     2    26
 -3.3266334352885893E+00 a      2067     1     4     2    27
  2.0159761179576470E+00 a      2068     1     4     2    28
  9.0107636216702303E-01 a      2069     1     4     2    29
  1.0936598322306985E+00 a      2070     1     4     2    30
 -8.4926126627266829E-01 a      2071     1     5     2     1
 -1.0808594612517437E+00 a      2072     1     5     2     2
  3.9595158791589952E-01 a      2073     1     5     2     3
  1.7374849301302755E+00 a      2074     1     5     2     4
 -7.4027253514629465E-01 a      2075     1     5     2     5
 -7.7459962084879563E-01 a      2076     1     5     2     6
  2.2751999590453331E+00 a      2077     1     5     2     7
 -2.6839750610187920E+00 a      2078     1     5     2     8
 -3.4832712490620508E+00 a      2079     1     5     2     9
  7.6068777254230446E-01 a      2080     1     5     2    10
 -2.5231713134481639E+00 a      2081     1     5     2    11
  1.2751500005639091E-01 a      2082     1     5     2    12
 -3.2184699018861789E+00 a      2083     1     5     2    13
 -3.8107575884291955E-01 a      2084     1     5     2    14
  1.0517195666965558E+00 a      2085     1     5     2    15
 -9.5248573066881248E-01 a      2086     1     5     2    16
 -5.1260007950391462E-01 a      2087     1     5     2    17
  3.5778100654483619E-01 a      2088     1     5     2    18
 -1.5698598570821776E+00 a      2089     1     5     2    19
 -3.1136158340861737E+00 a      2090     1     5     2    20
  2.6132655684964874E+00 a      2091     1     5     2    21
 -1.5068818064740270E+00 a      2092     1     5     2    22
 -4.9858414748673652E-01 a      2093     1     5     2    23
 -8.6211555526106098E-01 a      2094     1     5     2    24
  2.3022311159047812E-01 a      2095     1     5     2    25
 -5.2042823681678341E-02 a      2096     1     5     2    26
 -1.7906067835993167E+00 a      2097     1     5     2    27
 -1.4882211093439244E+00 a      2098     1     5     2    28
 -1.4999114870683194E+00 a      2099     1     5     2    29
  1.4134652461550632E+00 a      2100     1     5     2    30
 -2.1285957398444553E-03 a      2101     1     6     2     1
 -8.5635761339193595E-01 a      2102     1     6     2     2
 -7.4423194537535819E-01 a      2103     1     6     2     3
 -4.9481083518355290E-01 a      2104     1     6     2     4
  2.8207628686892572E+00 a      2105     1     6     2     5
 -9.0107941916952858E-02 a      2106     1     6     2     6
  6.7079017744134106E-01 a      2107     1     6     2     7
 -1.1794208407056497E+00 a      2108     1     6     2     8
 -2.1703618609784581E-01 a      2109     1     6     2     9
 -2.1263733807941985E+00 a      2110     1     6     2    10
 -2.3891655451786784E+00 a      2111     1     6     2    11
  7.4209442349397026E-01 a      2112     1     6     2    12
 -1.2132982080722987E+00 a      2113     1     6     2    13
 -1.9198864667324747E-03 a      2114     1     6     2    14
  3.4251892710398875E+00 a      2115     1     6     2    15
 -1.6935845940244234E+00 a      2116     1     6     2    16
 -4.6561948744555487E-01 a      2117     1     6     2    17
  2.5880598947961719E-01 a      2118     1     6     2    18
  4.4131373129104101E-01 a      2119     1     6     2    19
 -1.3351006261833394E+00 a      2120     1     6     2    20
  2.2321241665011895E+00 a      2121     1     6     2    21
  1.7087320704478668E+00 a      2122     1     6     2    22
  9.1057493708985304E-03 a      2123     1     6     2    23
  1.3516929323711296E-01 a      2124     1     6     2    24
  3.5133362260232082E-01 a      2125     1     6     2    25
 -7.8623086893493210E-01 a      2126     1     6     2    26
 -1.6965026089146107E+00 a      2127     1     6     2    27
 -9.6783924993978543E-01 a      2128     1     6     2    28
  1.0786724773660126E+00 a      2129     1     6     2    29
 -1.8622649365438280E+00 a      2130     1     6     2    30
 -5.4641618383534118E-01 a      2131     1     7     2     1
  8.1435196981698088E-01 a      2132     1     7     2     2
 -2.2200767020566783E+00 a      2133     1     7     2     3
 -4.6299502966263822E-01 a      2134     1     7     2     4
 -4.2505035668501581E+00 a      2135     1     7     2     5
 -1.5261818149779507E+00 a      2136     1     7     2     6
  2.5027995682066986E+00 a      2137     1     7     2     7
  1.9940558817528991E+00 a      2138     1     7     2     8
 -3.0837177890892562E+00 a      2139     1     7     2     9
 -7.3913950315610966E-01 a      2140     1     7     2    10
 -1.9289816092590413E+00 a      2141     1     7     2    11
  6.5668367653100496E-02 a      2142     1     7     2    12
  1.0067564727877791E+00 a      2143     1     7     2    13
 -3.3945432688703731E-02 a      2144     1     7     2    14
 -1.2842238852183971E+00 a      2145     1     7     2    15
 -8.0244611524751785E-01 a      2146     1     7     2    16
  3.1093069542127738E-01 a      2147     1     7     2    17
  1.2210845311937715E+00 a      2148     1     7     2    18
 -5.3856665598999143E-01 a      2149     1     7     2    19
 -3.2521379673666932E+00 a      2150     1     7     2    20
 -6.5862745877013817E-01 a      2151     1     7     2    21
  1.0834645539957124E+00 a      2152     1     7     2    22
 -2.5694378812057317E-01 a      2153     1     7     2    23
  3.7062562953682585E+00 a      2154     1     7     2    24
 -3.5622974472668034E-01 a      2155     1     7     2    25
 -1.9448968189796951E+00 a      2156     1     7     2    26
  1.3332803520317382E+00 a      2157     1     7     2    27
  8.6500231218233803E-01 a      2158     1     7     2    28
  1.5938634345175473E+00 a      2159     1     7     2    29
  3.2459653731512667E-01 a      2160     1     7     2    30
  1.1202480265930406E-01 a      2161     1     8     2     1
  6.2113484824352416E-01 a      2162     1     8     2     2
  3.1468823050415706E-01 a      2163     1     8     2     3
  6.4883378010037773E-01 a      2164     1     8     2     4
  4.4092044485751067E+00 a      2165     1     8     2     5
  3.5096486885008615E+00 a      2166     1     8     2     6
 -9.8962594704281759E-01 a      2167     1     8     2     7
  2.5348729282613238E+00 a      2168     1     8     2     8
 -6.4542866525745834E-01 a      2169     1     8     2     9
 -1.1395548946905147E+00 a      2170     1     8     2    10
  2.6587901414662483E+00 a      2171     1     8     2    11
 -2.7559376460082614E+00 a      2172     1     8     2    12
 -4.9425164203914873E+00 a      2173     1     8     2    13
  5.3705614994112549E-01 a      2174     1     8     2    14
  1.4035514657667350E+00 a      2175     1     8     2    15
 -1.9560927471442495E+00 a      2176     1     8     2    16
 -1.5148001444781243E+00 a      2177     1     8     2    17
  2.4392788110920627E+00 a      2178     1     8     2    18
 -3.1309807299154229E+00 a      2179     1     8     2    19
  4.3707234836997921E-01 a      2180     1     8     2    20
 -1.8539576794823314E+00 a      2181     1     8     2    21
 -2.8593345083157398E+00 a      2182     1     8     2    22
 -9.2250946051215377E-01 a      2183     1     8     2    23
 -3.4305765135252253E-01 a      2184     1     8     2    24
 -1.6262216226426340E+00 a      2185     1     8     2    25
 -1.8912428231779905E+00 a      2186     1     8     2    26
 -8.0398783096261772E-01 a      2187     1     8     2    27
 -2.1316437786979928E-01 a      2188     1     8     2    28
 -4.9452159097289528E-01 a      2189     1     8     2    29
  1.9746543474550247E+00 a      2190     1     8     2    30
  3.3181636317729213E+00 a      2191     1     9     2     1
  2.2979464378849387E-01 a      2192     1     9     2     2
  7.5548666248136476E-01 a      2193     1     9     2     3
  2.1182893455869434E+00 a      2194     1     9     2     4
  1.2840638541073761E+00 a      2195     1     9     2     5
 -2.6934804889757897E+00 a      2196     1     9     2     6
  3.2369846772457800E-01 a      2197     1     9     2     7
  8.6831942836382980E-01 a      2198     1     9     2     8
  9.5129348184206208E-02 a      2199     1     9     2     9
 -1.2229086360691843E+00 a      2200     1     9     2    10
 -2.1182693614018757E+00 a      2201     1     9     2    11
 -2.5386592511042281E+00 a      2202     1     9     2    12
 -4.0363055522855662E+00 a      2203     1     9     2    13
  5.6387811164000867E-01 a      2204     1     9     2    14
  2.8412839553339611E+00 a      2205     1     9     2    15
 -9.1908279604527410E-01 a      2206     1     9     2    16
 -2.9605646633911995E+00 a      2207     1     9     2    17
  1.9016515427895109E-01 a      2208     1     9     2    18
 -2.0481300063969856E+00 a      2209     1     9     2    19
 -1.8993129413368837E-02 a      2210     1     9     2    20
 -1.6016545129430411E+00 a      2211     1     9     2    21
  1.2580558919947067E+00 a      2212     1     9     2    22
 -1.2584280036257642E-01 a      2213     1     9     2    23
 -2.9918001082773249E-01 a      2214     1     9     2    24
  3.6124911479229299E-01 a      2215     1     9     2    25
  1.2719840286648900E+00 a      2216     1     9     2    26
 -7.5687608600781398E-01 a      2217     1     9     2    27
 -8.5435420453583280E-02 a      2218     1     9     2    28
  9.5990441988375586E-01 a      2219     1     9     2    29
 -5.3547791387861787E-01 a      2220     1     9     2    30
 -1.6509445888357924E-01 a      2221     1    10     2     1
  2.3113148381038598E-01 a      2222     1    10     2     2
 -1.3324888180150261E+00 a      2223     1    10     2     3
 -9.6505648827286838E-01 a      2224     1    10     2     4
 -3.5396765720014338E+00 a      2225     1    10     2     5
 -1.6525896548129433E+00 a      2226     1    10     2     6
  7.4362753310938320E-02 a      2227     1    10     2     7
  2.5829826702905745E+00 a      2228     1    10     2     8
 -8.0590689660393766E-01 a      2229     1    10     2     9
  1.5704276083241093E+00 a      2230     1    10     2    10
  8.1036782917034353E-03 a      2231     1    10     2    11
 -6.9620374651036188E-01 a      2232     1    10     2    12
  3.7511008465294449E+00 a      2233     1    10     2    13
 -3.5236391058113138E-02 a      2234     1    10     2    14
 -3.3617656045470126E+00 a      2235     1    10     2    15
  1.2214900658151848E-01 a      2236     1    10     2    16
  7.5842437870117130E-02 a      2237     1    10     2    17
 -1.3290615360741369E+00 a      2238     1    10     2    18
  2.7996447763579674E-01 a      2239     1    10     2    19
  2.7607117236639295E-01 a      2240     1    10     2    20
  1.5877099272352220E+00 a      2241     1    10     2    21
  3.2944881981202618E+00 a      2242     1    10     2    22
 -1.4768011113534041E+00 a      2243     1    10     2    23
 -5.0227401796802262E-01 a      2244     1    10     2    24
  3.5652103785349865E-01 a      2245     1    10     2    25
  1.5106139968821208E+00 a      2246     1    10     2    26
  2.1121202090689111E+00 a      2247     1    10     2    27
 -2.1594802582151051E-01 a      2248     1    10     2    28
  8.7045507647075637E-01 a      2249     1    10     2    29
 -5.5829608612279735E-01 a      2250     1    10     2    30
 -4.1162898685952838E+00 a      2251     1    11     2     1
 -1.6579683483416772E+00 a      2252     1    11     2     2
  1.4442930013441500E+00 a      2253     1    11     2     3
 -1.1314427068459525E+00 a      2254     1    11     2     4
  3.4280675774705576E+00 a      2255     1    11     2     5
 -3.2988341842659499E+00 a      2256     1    11     2     6
 -1.1904330534675298E+00 a      2257     1    11     2     7
 -3.8736500275629799E+00 a      2258     1    11     2     8
  8.1057647142044453E-01 a      2259     1    11     2     9
 -1.3709299432138091E+00 a      2260     1    11     2    10
 -7.3368507389754722E-01 a      2261     1    11     2    11
  6.2663033369422705E-01 a      2262     1    11     2    12
 -3.1816955745036672E+00 a      2263     1    11     2    13
 -6.0526862843710982E-01 a      2264     1    11     2    14
 -1.8000510356335511E+00 a      2265     1    11     2    15
  3.6496695117091025E+00 a      2266     1    11     2    16
  9.9619510051306914E-01 a      2267     1    11     2    17
 -2.2590272135569496E+00 a      2268     1    11     2    18
 -7.4399085081560634E-01 a      2269     1    11     2    19
 -1.9543629457193970E-02 a      2270     1    11     2    20
 -3.4225927992787358E-01 a      2271     1    11     2    21
 -1.7794839773047668E+00 a      2272     1    11     2    22
  1.6673026123973800E-01 a      2273     1    11     2    23
  2.1550528371806812E-01 a      2274     1    11     2    24
 -3.7510507289037909E-01 a      2275     1    11     2    25
  2.6070326053302778E-01 a      2276     1    11     2    26
  2.1745248272258699E-01 a      2277     1    11     2    27
 -1.0450375570560537E+00 a      2278     1    11     2    28
 -1.2322648780765211E+00 a      2279     1    11     2    29
 -6.2240797904311917E-01 a      2280     1    11     2    30
  1.5084855986021140E+00 a      2281     1    12     2     1
 -1.2393618795829577E+00 a      2282     1    12     2     2
 -8.4077609268158005E-01 a      2283     1    12     2     3
 -2.7698514299127752E+00 a      2284     1    12     2     4
  2.6009143978610059E+00 a      2285     1    12     2     5
  1.7046520541751324E+00 a      2286     1    12     2     6
 -1.9738828698995285E+00 a      2287     1    12     2     7
  9.6833034801125073E-01 a      2288     1    12     2     8
 -1.7352938295561493E-01 a      2289     1    12     2     9
 -3.6798831528229750E+00 a      2290     1    12     2    10
 -1.3156500768846329E+00 a      2291     1    12     2    11
  3.5212842407378991E-01 a      2292     1    12     2    12
  4.4794547821938089E+00 a      2293     1    12     2    13
 -1.2970225844473540E+00 a      2294     1    12     2    14
 -1.1083951634563651E+00 a      2295     1    12     2    15
 -2.4532696957846170E-01 a      2296     1    12     2    16
  1.8185616775036073E-01 a      2297     1    12     2    17
 -1.1205493035241647E+00 a      2298     1    12     2    18
  1.1247324125455902E+00 a      2299     1    12     2    19
 -5.9370098205885491E-01 a      2300     1    12     2    20
  8.6555113093955460E-01 a      2301     1    12     2    21
 -9.5244059102102085E-01 a      2302     1    12     2    22
 -1.2540319783868772E-01 a      2303     1    12     2    23
  5.9173806483770830E-01 a      2304     1    12     2    24
  4.8108387489523968E-01 a      2305     1    12     2    25
  4.9368679475390986E-01 a      2306     1    12     2    26
 -1.7124047784804700E-01 a      2307     1    12     2    27
  2.8087952405665946E+00 a      2308     1    12     2    28
 -9.1473878228161487E-01 a      2309     1    12     2    29
  5.7428672125653994E+00 a      2310     1    12     2    30
 -1.0900292994994356E+00 a      2311     1    13     2     1
  1.9800251694638256E+00 a      2312     1    13     2     2
  1.7956826394313499E+00 a      2313     1    13     2     3
 -5.8001016803312405E-02 a      2314     1    13     2     4
 -1.3045896989984489E+00 a      2315     1    13     2     5
 -2.6966436468683290E+00 a      2316     1    13     2     6
 -6.9970592586142677E-01 a      2317     1    13     2     7
  7.0842685479186387E-03 a      2318     1    13     2     8
 -8.5766719990189733E-01 a      2319     1    13     2     9
  3.7683283374481724E+00 a      2320     1    13     2    10
  5.7117773415608530E-01 a      2321     1    13     2    11
 -1.3558864800303225E+00 a      2322     1    13     2    12
  2.1725196516464362E+00 a      2323     1    13     2    13
 -1.3006679218351620E+00 a      2324     1    13     2    14
 -3.5350252112317032E-01 a      2325     1    13     2    15
 -1.1502053318858789E+00 a      2326     1    13     2    16
 -1.0916621440410406E+00 a      2327     1    13     2    17
  9.0179917899135020E-01 a      2328     1    13     2    18
 -4.9512842124516604E-01 a      2329     1    13     2    19
 -1.6211819552221705E+00 a      2330     1    13     2    20
  8.1637338178787699E-01 a      2331     1    13     2    21
 -2.3607859589726967E+00 a      2332     1    13     2    22
  4.7800645235305200E-01 a      2333     1    13     2    23
 -1.0217605769929272E+00 a      2334     1    13     2    24
  2.6888182040035680E-02 a      2335     1    13     2    25
  1.3310788115072045E+00 a      2336     1    13     2    26
 -6.0841257537340909E-01 a      2337     1    13     2    27
 -4.3877731949067327E+00 a      2338     1    13     2    28
 -8.5633431422504758E-01 a      2339     1    13     2    29
 -8.7564331572292486E-01 a      2340     1    13     2    30
  3.6621198395451420E+00 a      2341     1    14     2     1
 -1.1071263784935755E-02 a      2342     1    14     2     2
 -8.2758796321391848E-01 a      2343     1    14     2     3
  2.3821684055284313E+00 a      2344     1    14     2     4
 -2.9488548031073609E+00 a      2345     1    14     2     5
  1.4299175565431108E+00 a      2346     1    14     2     6
 -1.0645880319208985E+00 a      2347     1    14     2     7
  1.0120849732542090E+00 a      2348     1    14     2     8
  1.1171440767006189E+00 a      2349     1    14     2     9
 -1.3884372808234213E+00 a      2350     1    14     2    10
  3.8011568412176997E+00 a      2351     1    14     2    11
 -2.9678927681333933E-01 a      2352     1    14     2    12
  1.4994142310086576E+00 a      2353     1    14     2    13
  5.2510709209155015E-01 a      2354     1    14     2    14
 -1.8837794153430870E-01 a      2355     1    14     2    15
 -3.7225378747686753E+00 a      2356     1    14     2    16
 -1.2470429732480381E+00 a      2357     1    14     2    17
 -1.7282936406030405E+00 a      2358     1    14     2    18
  5.4679772931076320E-01 a      2359     1    14     2    19
 -1.1143838163263065E+00 a      2360     1    14     2    20
 -1.2431858626084851E+00 a      2361     1    14     2    21
 -2.6419457803141821E-01 a      2362     1    14     2    22
 -1.3294089316055338E-01 a      2363     1    14     2    23
  6.9302228999210580E-01 a      2364     1    14     2    24
  9.0602918657792519E-02 a      2365     1    14     2    25
  4.6196447321730427E-01 a      2366     1    14     2    26
  1.8591191738837805E+00 a      2367     1    14     2    27
  1.9446352444544983E+00 a      2368     1    14     2    28
 -1.7409934167711372E+00 a      2369     1    14     2    29
 -2.1726176873942613E+00 a      2370     1    14     2    30
 -2.0345841626055430E-01 a      2371     1    15     2     1
 -1.8485610886772565E+00 a      2372     1    15     2     2
 -6.0317622739192833E-01 a      2373     1    15     2     3
 -1.7785207029324523E+00 a      2374     1    15     2     4
  1.7699049233739352E+00 a      2375     1    15     2     5
  2.8965062717051677E+00 a      2376     1    15     2     6
  1.2876215636992470E+00 a      2377     1    15     2     7
 -1.0485676322049879E+00 a      2378     1    15     2     8
 -5.0407000018139647E-01 a      2379     1    15     2     9
 -8.4167465707928835E-01 a      2380     1    15     2    10
  1.3832433128820258E+00 a      2381     1    15     2    11
  4.3772867318963465E-01 a      2382     1    15     2    12
  1.5934646563180166E+00 a      2383     1    15     2    13
 -7.3832459446604284E-02 a      2384     1    15     2    14
 -1.0429106611722105E+00 a      2385     1    15     2    15
  4.3120207787017781E+00 a      2386     1    15     2    16
  3.9060304496205961E-01 a      2387     1    15     2    17
 -5.4140158206247713E-01 a      2388     1    15     2    18
  2.7158630442855389E+00 a      2389     1    15     2    19
 -6.5772668281916102E-01 a      2390     1    15     2    20
  5.6859765552673258E-01 a      2391     1    15     2    21
  3.4619711993208607E-01 a      2392     1    15     2    22
  7.7053508769312662E-01 a      2393     1    15     2    23
  2.0889907984180520E+00 a      2394     1    15     2    24
  1.1970120798596642E+00 a      2395     1    15     2    25
  4.8566620999412302E-01 a      2396     1    15     2    26
  1.0630190285043537E+00 a      2397     1    15     2    27
  1.7056156872133281E+00 a      2398     1    15     2    28
  4.5661519258608774E-01 a      2399     1    15     2    29
 -7.0616962865508048E-01 a      2400     1    15     2    30
 -3.0677127622975950E+00 a      2401     1    16     2     1
 -2.5616818570054862E+00 a      2402     1    16     2     2
 -8.8857866234169902E-01 a      2403     1    16     2     3
  2.2454496496673122E+00 a      2404     1    16     2     4
  2.1290938487277922E+00 a      2405     1    16     2     5
 -3.7396858799057449E+00 a      2406     1    16     2     6
  8.0114820674944198E-01 a      2407     1    16     2     7
  1.4123000404574442E+00 a      2408     1    16     2     8
  5.8338016022391644E-02 a      2409     1    16     2     9
 -1.2784521293430344E+00 a      2410     1    16     2    10
  1.0694197823019009E+00 a      2411     1    16     2    11
  1.4106196168534524E+00 a      2412     1    16     2    12
  3.5566690696428545E+00 a      2413     1    16     2    13
 -1.3796454206289350E+00 a      2414     1    16     2    14
 -5.3204890836171028E+00 a      2415     1    16     2    15
 -2.0354936425004846E+00 a      2416     1    16     2    16
  3.2971258905519008E-01 a      2417     1    16     2    17
 -9.4569690091074265E-01 a      2418     1    16     2    18
 -6.7649665940764969E-01 a      2419     1    16     2    19
 -5.7242283363078794E-02 a      2420     1    16     2    20
 -4.9212701960640990E+00 a      2421     1    16     2    21
  6.7215110238635456E-01 a      2422     1    16     2    22
 -5.2668181998284846E-01 a      2423     1    16     2    23
  8.0435461032132816E-01 a      2424     1    16     2    24
 -1.0651887274305625E+00 a      2425     1    16     2    25
 -2.3568830482109502E+00 a      2426     1    16     2    26
  5.6564610834325568E-01 a      2427     1    16     2    27
 -3.6533858327490498E-01 a      2428     1    16     2    28
 -2.0918583094174367E-01 a      2429     1    16     2    29
 -2.3144029158038952E+00 a      2430     1    16     2    30
 -1.1378925044041401E+00 a      2431     1    17     2     1
 -1.2997979307518773E-01 a      2432     1    17     2     2
  2.5427009467660606E+00 a      2433     1    17     2     3
  8.9991941945331444E-01 a      2434     1    17     2     4
  3.3775485668143470E+00 a      2435     1    17     2     5
 -1.4969229457265203E+00 a      2436     1    17     2     6
 -9.8755649865648953E-01 a      2437     1    17     2     7
  2.5166838912958203E+00 a      2438     1    17     2     8
  1.1044025665797759E+00 a      2439     1    17     2     9
 -9.0832120264555005E-01 a      2440     1    17     2    10
  1.2956116757578264E+00 a      2441     1    17     2    11
 -8.6180025220091705E-01 a      2442     1    17     2    12
 -1.4874203676973110E+00 a      2443     1    17     2    13
  1.6911976770410451E+00 a      2444     1    17     2    14
  1.5439664382324532E+00 a      2445     1    17     2    15
 -3.8630028436854325E+00 a      2446     1    17     2    16
 -1.3407544213062642E-01 a      2447     1    17     2    17
  1.3550402468539243E-02 a      2448     1    17     2    18
 -6.2887581435994344E-01 a      2449     1    17     2    19
 -1.8518155348554206E+00 a      2450     1    17     2    20
 -1.1851408975998328E+00 a      2451     1    17     2    21
  1.4763028997909486E+00 a      2452     1    17     2    22
  1.0307809429716740E-01 a      2453     1    17     2    23
  2.0909724413847885E+00 a      2454     1    17     2    24
  9.2823605434691969E-01 a      2455     1    17     2    25
 -1.1458616750728098E-01 a      2456     1    17     2    26
  1.3491200026861174E+00 a      2457     1    17     2    27
 -2.9522234581286383E-01 a      2458     1    17     2    28
 -4.8565294042919566E-02 a      2459     1    17     2    29
 -5.2162918255716413E+00 a      2460     1    17     2    30
  2.1168145845986972E+00 a      2461     1    18     2     1
 -1.4832947077151200E+00 a      2462     1    18     2     2
  2.5489331013940630E-01 a      2463     1    18     2     3
  7.1830024727471364E-01 a      2464     1    18     2     4
 -2.3534835276257926E-01 a      2465     1    18     2     5
  2.3062304697661391E+00 a      2466     1    18     2     6
 -1.9605776140869706E+00 a      2467     1    18     2     7
  2.7268162167270531E+00 a      2468     1    18     2     8
 -1.9393184992023660E+00 a      2469     1    18     2     9
  2.6686286576820956E-01 a      2470     1    18     2    10
  1.4985544981267067E+00 a      2471     1    18     2    11
  1.1465886248277031E+00 a      2472     1    18     2    12
 -2.8858470432167476E+00 a      2473     1    18     2    13
 -3.2714167452698693E-02 a      2474     1    18     2    14
 -1.5706189241800181E+00 a      2475     1    18     2    15
 -7.2986311780273372E+00 a      2476     1    18     2    16
  1.6525913048568972E+00 a      2477     1    18     2    17
 -1.1600482825504640E-01 a      2478     1    18     2    18
 -1.8360129579150040E+00 a      2479     1    18     2    19
 -8.3130058732106937E-01 a      2480     1    18     2    20
 -1.2867741054299280E+00 a      2481     1    18     2    21
 -2.0221425695243378E-01 a      2482     1    18     2    22
 -2.3240320931531748E+00 a      2483     1    18     2    23
 -2.4515951146282675E+00 a      2484     1    18     2    24
 -4.7197290271470266E-02 a      2485     1    18     2    25
 -6.3513104503916396E-01 a      2486     1    18     2    26
  1.3487912839899310E+00 a      2487     1    18     2    27
 -1.3477923928822817E+00 a      2488     1    18     2    28
  1.1985741454541730E+00 a      2489     1    18     2    29
  1.3986528971000842E+00 a      2490     1    18     2    30
  5.9258142895076693E-02 a      2491     1    19     2     1
 -1.2819135139091775E+00 a      2492     1    19     2     2
  1.9174255356628731E+00 a      2493     1    19     2     3
  1.7183642354056432E+00 a      2494     1    19     2     4
  4.6073265917217023E+00 a      2495     1    19     2     5
  5.9761031906765083E-01 a      2496     1    19     2     6
 -3.0876372774377558E-01 a      2497     1    19     2     7
 -5.2696331133548009E+00 a      2498     1    19     2     8
 -1.3137441435042718E-01 a      2499     1    19     2     9
  1.0670333009755508E+00 a      2500     1    19     2    10
  1.5595520843040951E+00 a      2501     1    19     2    11
  1.2061288111356887E-01 a      2502     1    19     2    12
 -5.1485253126879664E+00 a      2503     1    19     2    13
  1.4448334494520410E+00 a      2504     1    19     2    14
  2.9220583048208426E+00 a      2505     1    19     2    15
  9.1799887989861384E-01 a      2506     1    19     2    16
  5.1669313267006911E-01 a      2507     1    19     2    17
  1.3521449011684659E+00 a      2508     1    19     2    18
 -1.0617734549278415E+00 a      2509     1    19     2    19
 -7.3420636563522257E-01 a      2510     1    19     2    20
  2.1025929656505906E+00 a      2511     1    19     2    21
 -1.6104597603970872E+00 a      2512     1    19     2    22
  6.1020947447171049E-02 a      2513     1    19     2    23
  1.4154920575650201E+00 a      2514     1    19     2    24
  1.3690813830417525E+00 a      2515     1    19     2    25
  7.7752045180699003E-01 a      2516     1    19     2    26
 -3.5537468484380705E-02 a      2517     1    19     2    27
 -6.7002952672990479E-01 a      2518     1    19     2    28
  3.8403384513768024E-01 a      2519     1    19     2    29
 -1.5996389981945718E+00 a      2520     1    19     2    30
 -2.2653529151900500E+00 a      2521     1    20     2     1
 -1.4562615305668236E+00 a      2522     1    20     2     2
 -9.1415761424696629E-01 a      2523     1    20     2     3
 -1.4139215189216590E+00 a      2524     1    20     2     4
  2.8061942779711839E+00 a      2525     1    20     2     5
 -2.7495234033622911E+00 a      2526     1    20     2     6
 -1.5735458148358556E+00 a      2527     1    20     2     7
 -4.6060652172762895E-01 a      2528     1    20     2     8
  2.8884354419825273E+00 a      2529     1    20     2     9
 -9.6661434967181548E-03 a      2530     1    20     2    10
 -1.3079363862384983E+00 a      2531     1    20     2    11
 -8.1301379327840528E-01 a      2532     1    20     2    12
  1.6211330797104220E+00 a      2533     1    20     2    13
 -1.5344444253036543E-01 a      2534     1    20     2    14
  2.0320037199285341E+00 a      2535     1    20     2    15
 -7.7142718564565804E-01 a      2536     1    20     2    16
  1.9810369667558823E+00 a      2537     1    20     2    17
 -9.2672046251864515E-01 a      2538     1    20     2    18
 -3.8502433638242295E-01 a      2539     1    20     2    19
  1.9644217488700393E+00 a      2540     1    20     2    20
  1.7747311836622595E+00 a      2541     1    20     2    21
  1.6920286642986890E+00 a      2542     1    20     2    22
  1.0475051969718008E+00 a      2543     1    20     2    23
  6.8560482839314996E-01 a      2544     1    20     2    24
  1.2508857086176957E+00 a      2545     1    20     2    25
  1.3722273648108372E+00 a      2546     1    20     2    26
 -4.8474131650606528E-01 a      2547     1    20     2    27
 -1.3046864844165358E+00 a      2548     1    20     2    28
  4.1912351783873547E-01 a      2549     1    20     2    29
  3.2627796509556726E+00 a      2550     1    20     2    30
  1.9277525016210793E+00 a      2551     1    21     2     1
 -3.7332235993076641E+00 a      2552     1    21     2     2
 -2.1029458486932819E+00 a      2553     1    21     2     3
 -1.4668252383449880E+00 a      2554     1    21     2     4
  1.7806336672746685E+00 a      2555     1    21     2     5
  1.9135486914688435E+00 a      2556     1    21     2     6
 -1.6302442485966389E+00 a      2557     1    21     2     7
  1.8123919150244474E+00 a      2558     1    21     2     8
  1.6116844542104896E+00 a      2559     1    21     2     9
 -9.2977333905019521E-01 a      2560     1    21     2    10
  5.1209375052779060E-01 a      2561     1    21     2    11
  1.8529857303200312E+00 a      2562     1    21     2    12
  5.8278428689870876E-01 a      2563     1    21     2    13
 -1.4858957799763828E+00 a      2564     1    21     2    14
 -3.8447363856899425E-01 a      2565     1    21     2    15
  5.5498137191412977E-01 a      2566     1    21     2    16
 -5.9814172296218648E-01 a      2567     1    21     2    17
 -6.8494273320551691E-01 a      2568     1    21     2    18
 -3.0668697103798199E+00 a      2569     1    21     2    19
 -2.9853683874100334E-01 a      2570     1    21     2    20
 -4.3525616848652113E+00 a      2571     1    21     2    21
  3.8018841653798124E-01 a      2572     1    21     2    22
  4.6421360057712086E-01 a      2573     1    21     2    23
  8.0086070802351264E-02 a      2574     1    21     2    24
 -1.3275005553658545E+00 a      2575     1    21     2    25
  1.5076678636497860E+00 a      2576     1    21     2    26
  1.2351371736238219E+00 a      2577     1    21     2    27
 -3.9159664962363361E+00 a      2578     1    21     2    28
 -1.5760120025164304E-01 a      2579     1    21     2    29
 -3.2424919138192632E+00 a      2580     1    21     2    30
 -1.5387590574759520E+00 a      2581     1    22     2     1
  7.9466398830779061E-01 a      2582     1    22     2     2
 -5.4789532584743084E-01 a      2583     1    22     2     3
 -1.1334715147810059E-01 a      2584     1    22     2     4
 -3.4284273885246215E+00 a      2585     1    22     2     5
 -7.4997452572575485E+00 a      2586     1    22     2     6
  7.8287426662558346E-01 a      2587     1    22     2     7
 -4.3003224679294236E+00 a      2588     1    22     2     8
 -6.3415942812117243E-01 a      2589     1    22     2     9
 -1.2311534153407976E-01 a      2590     1    22     2    10
  3.8565626472751580E-02 a      2591     1    22     2    11
 -4.2621064530909647E-01 a      2592     1    22     2    12
 -2.6658233180573219E+00 a      2593     1    22     2    13
  1.3092894984170058E+00 a      2594     1    22     2    14
  1.7164880238753550E+00 a      2595     1    22     2    15
 -2.4838863719199553E+00 a      2596     1    22     2    16
  7.3040780314997222E-01 a      2597     1    22     2    17
  5.0459584314758310E-01 a      2598     1    22     2    18
  1.0336941590151072E+00 a      2599     1    22     2    19
 -2.4014792483964715E+00 a      2600     1    22     2    20
  1.1446573714826687E+00 a      2601     1    22     2    21
 -3.1910698034471224E-01 a      2602     1    22     2    22
  4.4770518395700076E-01 a      2603     1    22     2    23
 -1.4560607041263532E-01 a      2604     1    22     2    24
  3.2005787016242987E-01 a      2605     1    22     2    25
 -2.3783559434982657E+00 a      2606     1    22     2    26
 -9.0622633753775272E-01 a      2607     1    22     2    27
  7.1354929325186933E-01 a      2608     1    22     2    28
 -2.3960448600471759E-01 a      2609     1    22     2    29
 -1.6412367153264182E+00 a      2610     1    22     2    30
 -2.4105087151798812E+00 a      2611     1    23     2     1
 -1.3568159656380796E+00 a      2612     1    23     2     2
  2.7759787001073879E+00 a      2613     1    23     2     3
 -3.5154340608362764E+00 a      2614     1    23     2     4
  3.3001498364637255E-01 a      2615     1    23     2     5
 -7.8435435824995281E-01 a      2616     1    23     2     6
  3.0845805410097216E-01 a      2617     1    23     2     7
  2.1871999941308995E+00 a      2618     1    23     2     8
  1.7342884402207657E+00 a      2619     1    23     2     9
 -1.7351933394181922E+00 a      2620     1    23     2    10
 -4.5890686551622539E-02 a      2621     1    23     2    11
  3.5433026039678989E-01 a      2622     1    23     2    12
 -2.0068227193096182E+00 a      2623     1    23     2    13
 -1.6198281658697504E+00 a      2624     1    23     2    14
  1.0756064468959183E+00 a      2625     1    23     2    15
  1.1086318350073396E+00 a      2626     1    23     2    16
  9.6351648795335820E-01 a      2627     1    23     2    17
  1.1879909345744237E+00 a      2628     1    23     2    18
  8.5098610581786205E-01 a      2629     1    23     2    19
  8.0074180317106636E-01 a      2630     1    23     2    20
 -1.0004075205777114E+00 a      2631     1    23     2    21
 -1.6925082613903299E+00 a      2632     1    23     2    22
  8.7907628711515162E-01 a      2633     1    23     2    23
  5.7766355846557660E-01 a      2634     1    23     2    24
 -3.7865366858742217E-01 a      2635     1    23     2    25
 -1.4221583713291630E+00 a      2636     1    23     2    26
 -5.7922613619641872E-01 a      2637     1    23     2    27
 -6.0752105582195137E-01 a      2638     1    23     2    28
 -7.8144845230033821E-01 a      2639     1    23     2    29
 -3.0696044339930961E+00 a      2640     1    23     2    30
  2.5672254703905710E+00 a      2641     1    24     2     1
  8.3722377058990799E-03 a      2642     1    24     2     2
 -1.8936284879341656E+00 a      2643     1    24     2     3
  1.8892531717847969E+00 a      2644     1    24     2     4
  4.1775997388327074E-02 a      2645     1    24     2     5
  5.9590353339251241E+00 a      2646     1    24     2     6
 -1.5089862267462142E+00 a      2647     1    24     2     7
  3.8583208308272315E-01 a      2648     1    24     2     8
  2.3667091265664504E+00 a      2649     1    24     2     9
  3.8734372498517153E+00 a      2650     1    24     2    10
 -4.0249105772291416E-01 a      2651     1    24     2    11
 -1.3995991123337010E+00 a      2652     1    24     2    12
 -2.9770492120054919E+00 a      2653     1    24     2    13
 -2.3355452836286594E+00 a      2654     1    24     2    14
  3.7731328337038454E+00 a      2655     1    24     2    15
  5.5797912076539253E+00 a      2656     1    24     2    16
 -9.4182638826381582E-01 a      2657     1    24     2    17
  3.5161098092929937E+00 a      2658     1    24     2    18
  1.2058921151998814E+00 a      2659     1    24     2    19
 -1.6481111903443766E+00 a      2660     1    24     2    20
  3.1703272132348839E+00 a      2661     1    24     2    21
 -3.5581336881183123E+00 a      2662     1    24     2    22
 -8.8606800551345599E-01 a      2663     1    24     2    23
 -7.5866577084479925E-01 a      2664     1    24     2    24
  1.1158163607032159E-01 a      2665     1    24     2    25
 -4.2428737410225870E-01 a      2666     1    24     2    26
 -1.7486959676774141E-01 a      2667     1    24     2    27
 -2.2818936560384682E+00 a      2668     1    24     2    28
 -8.6369461597072950E-01 a      2669     1    24     2    29
  1.9364042547453864E+00 a      2670     1    24     2    30
 -1.0225279949776267E+00 a      2671     1    25     2     1
 -2.6223407457374170E+00 a      2672     1    25     2     2
 -1.1911354470744493E+00 a      2673     1    25     2     3
 -2.3104808669317189E+00 a      2674     1    25     2     4
  1.1641615931163354E+00 a      2675     1    25     2     5
 -1.1232435522364788E+00 a      2676     1    25     2     6
  2.3472743034485144E+00 a      2677     1    25     2     7
  1.7156680470400216E+00 a      2678     1    25     2     8
 -1.9135346516004870E+00 a      2679     1    25     2     9
  9.1503661820408400E-01 a      2680     1    25     2    10
  1.3307846299813559E+00 a      2681     1    25     2    11
  4.5927550977540033E-01 a      2682     1    25     2    12
  2.4081221111513189E+00 a      2683     1    25     2    13
  9.5037337374972608E-01 a      2684     1    25     2    14
  7.6582622402721157E-01 a      2685     1    25     2    15
 -4.4345679126287827E+00 a      2686     1    25     2    16
 -7.7818401288657330E-02 a      2687     1    25     2    17
  5.2655900704693150E-02 a      2688     1    25     2    18
 -8.0079556596545787E-01 a      2689     1    25     2    19
  2.0541492562127334E-01 a      2690     1    25     2    20
 -1.3835640338109521E+00 a      2691     1    25     2    21
  1.8967225218318917E+00 a      2692     1    25     2    22
 -1.4924610479822378E+00 a      2693     1    25     2    23
  4.1809363654218024E-01 a      2694     1    25     2    24
  8.4068968331683291E-01 a      2695     1    25     2    25
  8.1386207952295220E-01 a      2696     1    25     2    26
 -2.2733322246061798E+00 a      2697     1    25     2    27
 -8.0688426899707384E+00 a      2698     1    25     2    28
  1.0805845548635824E+00 a      2699     1    25     2    29
 -2.5062714318391963E+00 a      2700     1    25     2    30
  1.9631190902941948E+00 a      2701     1    26     2     1
  3.1523110411139518E-02 a      2702     1    26     2     2
  7.5671104410127338E-02 a      2703     1    26     2     3
 -3.1547081493811990E-01 a      2704     1    26     2     4
 -3.5415617051725379E+00 a      2705     1    26     2     5
  1.1891774390665268E+00 a      2706     1    26     2     6
 -1.4883710010733855E+00 a      2707     1    26     2     7
 -1.9053434933225140E+00 a      2708     1    26     2     8
  2.5324094083194937E+00 a      2709     1    26     2     9
 -4.3214639338713529E-01 a      2710     1    26     2    10
 -2.5894538750000318E+00 a      2711     1    26     2    11
  1.3128209650641870E-02 a      2712     1    26     2    12
 -2.4403326594566734E+00 a      2713     1    26     2    13
 -2.2489024720136284E+00 a      2714     1    26     2    14
  3.3928216320856497E-01 a      2715     1    26     2    15
 -1.1322599766793702E+00 a      2716     1    26     2    16
 -2.0359399507436446E+00 a      2717     1    26     2    17
 -2.7631950000816690E+00 a      2718     1    26     2    18
  5.8791249936595058E-01 a      2719     1    26     2    19
 -3.4757230078915241E-01 a      2720     1    26     2    20
 -3.1314804395617268E+00 a      2721     1    26     2    21
 -8.7675213232277871E-01 a      2722     1    26     2    22
 -1.3388215722104553E+00 a      2723     1    26     2    23
  4.3528613249653469E-01 a      2724     1    26     2    24
  9.6849645020359520E-01 a      2725     1    26     2    25
  2.1485434357198646E-01 a      2726     1    26     2    26
 -3.3791736714635018E-01 a      2727     1    26     2    27
  2.4057764721451860E+00 a      2728     1    26     2    28
 -1.4639565433117308E+00 a      2729     1    26     2    29
 -1.0230631256438072E+00 a      2730     1    26     2    30
 -4.6873881180471705E-01 a      2731     1    27     2     1
 -1.1026383285858350E+00 a      2732     1    27     2     2
  2.1485073581240816E-01 a      2733     1    27     2     3
 -1.5512473878913413E+00 a      2734     1    27     2     4
 -1.8595942041361206E+00 a      2735     1    27     2     5
 -2.5408225944930471E+00 a      2736     1    27     2     6
  1.7207220071450404E+00 a      2737     1    27     2     7
 -3.9455772651587400E+00 a      2738     1    27     2     8
  2.1923984561707363E-01 a      2739     1    27     2     9
 -5.4893131925465455E-01 a      2740     1    27     2    10
  6.4663050616137263E-01 a      2741     1    27     2    11
 -2.2339269352735508E-01 a      2742     1    27     2    12
 -1.9627238058698993E+00 a      2743     1    27     2    13
 -4.8681785959734664E-01 a      2744     1    27     2    14
  2.1889137442294401E-01 a      2745     1    27     2    15
  1.0695665934232872E+00 a      2746     1    27     2    16
  4.2350560220608791E-01 a      2747     1    27     2    17
 -2.0158629281892275E+00 a      2748     1    27     2    18
 -6.2685959262697377E-01 a      2749     1    27     2    19
 -1.0666401097166442E-01 a      2750     1    27     2    20
  1.9535259242531842E+00 a      2751     1    27     2    21
 -2.0866003119987653E+00 a      2752     1    27     2    22
  3.3593221244243027E-01 a      2753     1    27     2    23
  8.9449356692254212E-01 a      2754     1    27     2    24
 -5.2929737932431498E-01 a      2755     1    27     2    25
  1.3022289851202413E+00 a      2756     1    27     2    26
  2.8517255753407222E-01 a      2757     1    27     2    27
  6.7137540610133306E-01 a      2758     1    27     2    28
 -3.3382134487088405E-01 a      2759     1    27     2    29
  1.7745809700301449E+00 a      2760     1    27     2    30
  1.6096423615982314E-01 a      2761     1    28     2     1
  3.2626318845345765E+00 a      2762     1    28     2     2
  2.1146776221285302E-01 a      2763     1    28     2     3
 -6.1755887266928128E-03 a      2764     1    28     2     4
 -1.3816342125083019E+00 a      2765     1    28     2     5
 -7.1807680734555523E-01 a      2766     1    28     2     6
  6.8020964383981186E-01 a      2767     1    28     2     7
  4.5039949950350955E-01 a      2768     1    28     2     8
  5.1594848789838033E-01 a      2769     1    28     2     9
  6.9333841261473550E-01 a      2770     1    28     2    10
  1.8186032824146618E+00 a      2771     1    28     2    11
  2.4235648340977051E-01 a      2772     1    28     2    12
 -8.6844691707883614E-02 a      2773     1    28     2    13
 -2.1263582972135970E+00 a      2774     1    28     2    14
 -5.1168367376563957E+00 a      2775     1    28     2    15
  2.9990057122810234E+00 a      2776     1    28     2    16
  6.0625458373017216E-01 a      2777     1    28     2    17
 -5.4566526994575382E-01 a      2778     1    28     2    18
  1.1891358575118334E+00 a      2779     1    28     2    19
 -3.8756069723565179E-01 a      2780     1    28     2    20
  3.8427233100313152E-01 a      2781     1    28     2    21
 -7.7823605686279940E-02 a      2782     1    28     2    22
  1.2290883189639574E+00 a      2783     1    28     2    23
  6.8696339235688175E-01 a      2784     1    28     2    24
  8.9608278332823854E-01 a      2785     1    28     2    25
  5.5160074987117358E-01 a      2786     1    28     2    26
  2.2584726673772257E+00 a      2787     1    28     2    27
 -8.1275133386388732E-01 a      2788     1    28     2    28
  9.3503984243408844E-01 a      2789     1    28     2    29
 -9.5970297564446350E-01 a      2790     1    28     2    30
  3.5271739783063949E-01 a      2791     1    29     2     1
  3.3858921763068278E-01 a      2792     1    29     2     2
 -3.4419548660173727E-01 a      2793     1    29     2     3
  1.7543139329846837E+00 a      2794     1    29     2     4
  1.4994347529470275E+00 a      2795     1    29     2     5
 -3.0839134593859746E-01 a      2796     1    29     2     6
  1.8812518644316418E+00 a      2797     1    29     2     7
 -6.9795385802795884E-01 a      2798     1    29     2     8
 -7.6542017412233276E-01 a      2799     1    29     2     9
 -3.2659780724885912E-01 a      2800     1    29     2    10
  1.2641827661704264E+00 a      2801     1    29     2    11
  8.4117039372987379E-01 a      2802     1    29     2    12
 -3.0829258571519977E+00 a      2803     1    29     2    13
 -9.3010629577625709E-02 a      2804     1    29     2    14
 -2.5637625436233540E+00 a      2805     1    29     2    15
 -1.8783835781375413E+00 a      2806     1    29     2    16
  2.8031178744211203E-02 a      2807     1    29     2    17
  3.1709685211553079E-01 a      2808     1    29     2    18
 -9.1872977351326435E-02 a      2809     1    29     2    19
 -9.3378019950072189E-01 a      2810     1    29     2    20
 -7.3347433770070225E-01 a      2811     1    29     2    21
  1.3790016870338104E+00 a      2812     1    29     2    22
 -1.3272749729249709E+00 a      2813     1    29     2    23
  1.3218372612327867E+00 a      2814     1    29     2    24
  1.9808403523099360E-01 a      2815     1    29     2    25
  1.1045462393240330E-01 a      2816     1    29     2    26
  2.6318752772947267E+00 a      2817     1    29     2    27
  1.2540268520461662E+00 a      2818     1    29     2    28
  9.1635334345643171E-01 a      2819     1    29     2    29
  4.8211755777933583E+00 a      2820     1    29     2    30
  2.4019413783418071E+00 a      2821     1    30     2     1
 -1.3800404433899108E-01 a      2822     1    30     2     2
  1.1298487753742830E+00 a      2823     1    30     2     3
  2.3475853042136126E+00 a      2824     1    30     2     4
 -1.1572642269342000E-01 a      2825     1    30     2     5
  2.4328577820833424E+00 a      2826     1    30     2     6
 -3.9942950728795146E-01 a      2827     1    30     2     7
  3.7176794530470518E+00 a      2828     1    30     2     8
 -6.1801542967292455E-01 a      2829     1    30     2     9
  1.3696108010048327E+00 a      2830     1    30     2    10
  1.1376749662492494E-01 a      2831     1    30     2    11
 -6.4345967832918405E-01 a      2832     1    30     2    12
  9.5203949182513858E-01 a      2833     1    30     2    13
  2.1997911929218485E+00 a      2834     1    30     2    14
 -8.3240188416123395E-01 a      2835     1    30     2    15
  1.2492173657334786E+00 a      2836     1    30     2    16
 -8.1449059797123224E-01 a      2837     1    30     2    17
 -1.1618524261902390E+00 a      2838     1    30     2    18
  1.3927620617308007E+00 a      2839     1    30     2    19
  3.3701676297553074E+00 a      2840     1    30     2    20
  1.3339874038745032E+00 a      2841     1    30     2    21
 -2.4681708000542280E-01 a      2842     1    30     2    22
 -3.5086975675617016E-01 a      2843     1    30     2    23
 -1.3317730729131556E+00 a      2844     1    30     2    24
 -1.3948099333910151E+00 a      2845     1    30     2    25
  2.9727684936148302E-01 a      2846     1    30     2    26
  9.7081792216455687E-01 a      2847     1    30     2    27
 -2.1515357241366937E+00 a      2848     1    30     2    28
 -1.2667079468650575E+00 a      2849     1    30     2    29
  3.2750910684873786E+00 a      2850     1    30     2    30
 -1.5122771069534570E+01 b      2851     2     1
  1.3383772125590346E+01 b      2852     2     2
  3.7153042157476923E+00 b      2853     2     3
 -1.2531147462125761E+01 b      2854     2     4
 -2.5285399553065787E+01 b      2855     2     5
 -3.9362310239736651E+00 b      2856     2     6
 -4.2078487426576086E+00 b      2857     2     7
  1.2771810497607827E+01 b      2858     2     8
  1.4333586759657567E+01 b      2859     2     9
  4.8401619516179695E+00 b      2860     2    10
  1.0022823652299953E+01 b      2861     2    11
 -7.2345241859170406E-01 b      2862     2    12
 -3.8687876010950815E+00 b      2863     2    13
  2.0708202788524741E+01 b      2864     2    14
  4.1527059756791713E+00 b      2865     2    15
  1.1512736496410174E+01 b      2866     2    16
 -2.6020795269354675E+00 b      2867     2    17
  6.9999297604855695E+00 b      2868     2    18
 -1.2139435248664734E+00 b      2869     2    19
  1.2594763791595598E+01 b      2870     2    20
 -3.4662549648180239E+00 b      2871     2    21
  3.1661981433559436E+00 b      2872     2    22
 -3.8260159544074197E+00 b      2873     2    23
 -2.2323808306471844E+00 b      2874     2    24
 -3.0571100711985157E+00 b      2875     2    25
  4.5808687114054827E+00 b      2876     2    26
 -1.1636944912979810E+00 b      2877     2    27
  5.2285717570891865E+00 b      2878     2    28
 -2.0348201308343392E+00 b      2879     2    29
  1.1705358635449574E+00 b      2880     2    30
 -1.4827980991506760E-02 a      2881     2     1     3     1
  6.1049005923136765E-02 a      2882     2     2     3     1
 -4.7208720005070065E-02 a      2883     2     3     3     1
  4.8438307247675502E-03 a      2884     2     4     3     1
 -1.6923671344881396E-02 a      2885     2     5     3     1
  7.2157011585623505E-03 a      2886     2     6     3     1
 -5.1453147596010704E-02 a      2887     2     7     3     1
 -2.0375510606952391E-02 a      2888     2     8     3     1
 -1.1239422547520951E-02 a      2889     2     9     3     1
 -4.2885456068282295E-03 a      2890     2    10     3     1
 -7.4964969050214741E-02 a      2891     2    11     3     1
 -3.9967267608988034E-02 a      2892     2    12     3     1
 -2.8967887300429880E-02 a      2893     2    13     3     1
 -1.2886494545254631E-02 a      2894     2    14     3     1
 -6.9333293511832208E-03 a      2895     2    15     3     1
  1.4686012866922943E-02 a      2896     2    16     3     1
 -9.0702107229156406E-02 a      2897     2    17     3     1
 -1.1485287582735097E-02 a      2898     2    18     3     1
  5.7073201087319461E-02 a      2899     2    19     3     1
 -1.0376576706483603E-01 a      2900     2    20     3     1
  6.9552881071943424E-04 a      2901     2    21     3     1
 -1.8012189102227141E-02 a      2902     2    22     3     1
  3.2094570225925828E-01 a      2903     2    23     3     1
  9.6110339311226159E-02 a      2904     2    24     3     1
  2.9939187805768177E-02 a      2905     2    25     3     1
  2.9055638634656690E-02 a      2906     2    26     3     1
 -2.9572580257914149E-02 a      2907     2    27     3     1
 -3.8025115133675158E-03 a      2908     2    28     3     1
  5.0556048799548683E-02 a      2909     2    29     3     1
  2.0183194592152783E-02 a      2910     2    30     3     1
 -2.6338544465378089E-01 b      2911     3     1
