################################################################################
# Neural network connection values (weights and biases).
################################################################################
# Col  Name       Description
################################################################################
# 1    connection Neural network connection value.
# 2    t          Connection type (a = weight, b = bias).
# 3    index      Index enumerating weights.
# 4    l_s        Starting point layer (end point layer for biases).
# 5    n_s        Starting point neuron in starting layer (end point neuron for biases).
# 6    l_e        End point layer.
# 7    n_e        End point neuron in end layer.
################################################################################
#                      1 2         3     4     5     6     7
#             connection t     index   l_s   n_s   l_e   n_e
############################################################
  1.9832700567216988E+00 a         1     0     1     1     1
  6.6196296337524387E+00 a         2     0     1     1     2
  1.6433573978731832E-02 a         3     0     1     1     3
 -6.4155647551151382E+00 a         4     0     1     1     4
  5.7011943298445606E+00 a         5     0     1     1     5
  2.1490845692270208E+00 a         6     0     1     1     6
  1.8657124420514624E+00 a         7     0     1     1     7
 -6.2891290523431902E+00 a         8     0     1     1     8
  6.4416608284430694E+00 a         9     0     1     1     9
  8.8940062516628622E+00 a        10     0     1     1    10
  5.2127065197927323E+00 a        11     0     1     1    11
 -4.1209555525000208E-01 a        12     0     1     1    12
 -1.0656785112601321E+01 a        13     0     1     1    13
 -8.9480303661803724E+00 a        14     0     1     1    14
 -8.1032978021914186E+00 a        15     0     1     1    15
  1.1780302777874679E+01 a        16     0     1     1    16
  9.9851873489966891E+00 a        17     0     1     1    17
  9.9752041089620729E+00 a        18     0     1     1    18
  7.5211134660653425E+00 a        19     0     1     1    19
 -3.7244713555373972E+00 a        20     0     1     1    20
  1.0576930359603727E+01 a        21     0     1     1    21
 -1.0042034637155698E+01 a        22     0     1     1    22
  1.2390624093422153E+01 a        23     0     1     1    23
  7.6502461877568928E+00 a        24     0     1     1    24
  5.3895127961103215E+00 a        25     0     1     1    25
  4.0314050129073928E+00 a        26     0     1     1    26
 -1.1284840309379913E+01 a        27     0     1     1    27
  3.2700605359835984E+00 a        28     0     1     1    28
 -5.1688534522985048E+00 a        29     0     1     1    29
  5.6134549390680091E+00 a        30     0     1     1    30
  2.8455183276758560E+00 a        31     0     2     1     1
 -6.7091594165784452E+00 a        32     0     2     1     2
 -5.1509529147605395E+00 a        33     0     2     1     3
  3.2478917883951901E+00 a        34     0     2     1     4
  7.7841321982360023E-01 a        35     0     2     1     5
 -4.7317962430335667E+00 a        36     0     2     1     6
 -8.9150511635772851E+00 a        37     0     2     1     7
 -2.4087124928744195E+00 a        38     0     2     1     8
  6.6063215173685039E+00 a        39     0     2     1     9
 -1.1583923800814036E+01 a        40     0     2     1    10
 -1.8524099333866484E+01 a        41     0     2     1    11
 -1.2852401359264238E+01 a        42     0     2     1    12
  5.7123393221681908E+00 a        43     0     2     1    13
  1.0043054191557065E+01 a        44     0     2     1    14
 -6.5535482122208712E+00 a        45     0     2     1    15
 -2.4596628074991616E+00 a        46     0     2     1    16
 -1.1747573659266424E+01 a        47     0     2     1    17
 -2.1969247733132828E+00 a        48     0     2     1    18
 -1.5266426675707750E+01 a        49     0     2     1    19
  7.4076507072498803E+00 a        50     0     2     1    20
  2.5061513630821324E+00 a        51     0     2     1    21
  6.6927365374243388E+00 a        52     0     2     1    22
 -5.3231395699541562E+00 a        53     0     2     1    23
 -8.6430641029163713E-01 a        54     0     2     1    24
  4.6510293628032242E+00 a        55     0     2     1    25
 -6.8506193134677096E+00 a        56     0     2     1    26
  1.0162979573165758E+01 a        57     0     2     1    27
  8.4331707469361596E+00 a        58     0     2     1    28
  5.4508721813190721E+00 a        59     0     2     1    29
  6.4773429781602667E+00 a        60     0     2     1    30
 -4.9891798184264298E+00 a        61     0     3     1     1
 -8.5621305643595047E+00 a        62     0     3     1     2
  2.4812960681129952E+00 a        63     0     3     1     3
 -7.0128056951321343E+00 a        64     0     3     1     4
 -1.0630450977471444E+01 a        65     0     3     1     5
 -9.0233148509209187E+00 a        66     0     3     1     6
 -1.4336834860184734E+01 a        67     0     3     1     7
  1.3246489729694997E+00 a        68     0     3     1     8
 -4.9106917735556055E-01 a        69     0     3     1     9
 -1.5856003118432254E+01 a        70     0     3     1    10
 -1.1334833035722088E+01 a        71     0     3     1    11
 -1.6893326086870182E+01 a        72     0     3     1    12
  3.6108628759834533E+00 a        73     0     3     1    13
  9.0509874294302648E+00 a        74     0     3     1    14
 -7.7796830856521915E+00 a        75     0     3     1    15
 -1.1726661992153128E+01 a        76     0     3     1    16
 -1.2339267771800673E+01 a        77     0     3     1    17
 -7.4734602173872684E+00 a        78     0     3     1    18
 -4.0577644045083261E+00 a        79     0     3     1    19
  4.4473494164410807E+00 a        80     0     3     1    20
 -2.6207564266755332E+00 a        81     0     3     1    21
 -3.2854588646426657E+00 a        82     0     3     1    22
 -2.1847753335104290E+01 a        83     0     3     1    23
 -2.4207225673377382E+00 a        84     0     3     1    24
  1.3724921615075985E+00 a        85     0     3     1    25
  2.1982540503025105E+00 a        86     0     3     1    26
  1.3785349896357255E+00 a        87     0     3     1    27
  9.9166038893768409E+00 a        88     0     3     1    28
  1.3416065103487282E+01 a        89     0     3     1    29
  8.9577377842385164E-01 a        90     0     3     1    30
 -2.3036596377755969E+00 a        91     0     4     1     1
  6.8250415306466925E+00 a        92     0     4     1     2
 -9.7621068532384087E-02 a        93     0     4     1     3
  2.9396013820987581E+00 a        94     0     4     1     4
  1.1027310592181605E+01 a        95     0     4     1     5
  4.7523856001284033E+00 a        96     0     4     1     6
  6.2530539752539074E+00 a        97     0     4     1     7
 -2.3842164003686253E+00 a        98     0     4     1     8
  2.0548504165437449E+00 a        99     0     4     1     9
  8.0260156887409160E+00 a       100     0     4     1    10
  7.4320886964924897E+00 a       101     0     4     1    11
  1.2335073523067184E+01 a       102     0     4     1    12
 -8.0637105554766766E+00 a       103     0     4     1    13
 -5.2702119963898317E+00 a       104     0     4     1    14
  3.1235304788349234E+00 a       105     0     4     1    15
  8.2634525952272870E+00 a       106     0     4     1    16
  7.8147205304940730E+00 a       107     0     4     1    17
  3.1370064952278414E+00 a       108     0     4     1    18
  3.3472760831148318E+00 a       109     0     4     1    19
 -6.7242870631830387E-01 a       110     0     4     1    20
  7.3355755290222424E+00 a       111     0     4     1    21
  3.6751982977542008E+00 a       112     0     4     1    22
  1.2988575538940474E+01 a       113     0     4     1    23
  2.0650050682238561E+00 a       114     0     4     1    24
 -1.0651303030944599E+00 a       115     0     4     1    25
 -4.4876268953246230E+00 a       116     0     4     1    26
  1.4368107295442163E+00 a       117     0     4     1    27
 -4.1012859823340202E+00 a       118     0     4     1    28
 -8.8049179499296457E+00 a       119     0     4     1    29
 -4.1430030231409090E+00 a       120     0     4     1    30
  2.2861524890794480E+00 a       121     0     5     1     1
  3.9775598100330634E-01 a       122     0     5     1     2
  8.4259912396079251E-01 a       123     0     5     1     3
  2.9688751712843331E-01 a       124     0     5     1     4
 -7.4836568355012991E+00 a       125     0     5     1     5
 -1.1520989541206161E+00 a       126     0     5     1     6
  3.9211784831064289E-01 a       127     0     5     1     7
  3.9603925194526215E+00 a       128     0     5     1     8
  1.3852878506743742E+00 a       129     0     5     1     9
 -1.2872306307860022E+00 a       130     0     5     1    10
 -2.0719567262078392E-01 a       131     0     5     1    11
 -3.7563681576848000E+00 a       132     0     5     1    12
  2.4333543691092392E+00 a       133     0     5     1    13
  1.9165665506773006E+00 a       134     0     5     1    14
  2.1092603294352061E+00 a       135     0     5     1    15
 -8.9077934562230379E+00 a       136     0     5     1    16
 -3.6709700306199160E+00 a       137     0     5     1    17
  2.1290937960449003E+00 a       138     0     5     1    18
 -1.8817781969186447E+00 a       139     0     5     1    19
  3.0739645287870637E-01 a       140     0     5     1    20
 -3.0442059690220415E+00 a       141     0     5     1    21
 -3.8031713858820115E-01 a       142     0     5     1    22
 -3.9577048365966463E+00 a       143     0     5     1    23
 -9.5632407924750501E-02 a       144     0     5     1    24
  1.3254112332615198E+00 a       145     0     5     1    25
  4.1591958244196787E+00 a       146     0     5     1    26
 -4.3931441144906652E-01 a       147     0     5     1    27
  1.7714667557289436E+00 a       148     0     5     1    28
  3.1380661257316782E+00 a       149     0     5     1    29
 -6.7256001639341028E+00 a       150     0     5     1    30
 -9.1112893003932238E-01 a       151     0     6     1     1
  2.6274138459177143E+00 a       152     0     6     1     2
  1.2098233735994279E+00 a       153     0     6     1     3
  3.2991809381180537E+00 a       154     0     6     1     4
  4.4980891156503526E+00 a       155     0     6     1     5
  5.7304007817422198E+00 a       156     0     6     1     6
  2.1658757307971830E+00 a       157     0     6     1     7
 -4.4258824639563443E-01 a       158     0     6     1     8
 -1.7774376823017013E+00 a       159     0     6     1     9
  1.5485504679918780E+00 a       160     0     6     1    10
  1.8780134682905307E+00 a       161     0     6     1    11
  2.4947436934007090E+00 a       162     0     6     1    12
  3.6244218189606781E-01 a       163     0     6     1    13
 -1.2297929694353618E+00 a       164     0     6     1    14
  2.6152934947917688E+00 a       165     0     6     1    15
 -2.3269178882949957E+00 a       166     0     6     1    16
 -1.7245273608360379E+00 a       167     0     6     1    17
 -1.3177140932188236E+00 a       168     0     6     1    18
  2.0843647933157736E-01 a       169     0     6     1    19
 -2.2740110403821574E+00 a       170     0     6     1    20
  1.8623290358925121E-01 a       171     0     6     1    21
  2.0448200344486307E+00 a       172     0     6     1    22
 -1.2243591073596372E-01 a       173     0     6     1    23
  2.0670983990080356E+00 a       174     0     6     1    24
 -8.3399164318414627E+00 a       175     0     6     1    25
  2.2135812332449198E+00 a       176     0     6     1    26
 -7.5510139741191107E-01 a       177     0     6     1    27
  4.8751814159974654E+00 a       178     0     6     1    28
 -8.1498178987236602E-01 a       179     0     6     1    29
  2.1212871333143037E+00 a       180     0     6     1    30
 -3.7857840578915676E+00 a       181     0     7     1     1
 -4.7245256619173925E-01 a       182     0     7     1     2
  9.0881760888970642E-01 a       183     0     7     1     3
  8.9721475899974603E+00 a       184     0     7     1     4
  6.0646821715053445E+00 a       185     0     7     1     5
  4.3200142388090770E+00 a       186     0     7     1     6
  5.9939189197168812E+00 a       187     0     7     1     7
  6.9757800908418606E+00 a       188     0     7     1     8
  1.3925979745009720E+00 a       189     0     7     1     9
 -3.6159147117933692E+00 a       190     0     7     1    10
 -2.6445128649883438E+00 a       191     0     7     1    11
  5.6336316071680939E+00 a       192     0     7     1    12
  2.4247200136482183E+00 a       193     0     7     1    13
  3.0434383153377792E-01 a       194     0     7     1    14
  5.5650017773469216E+00 a       195     0     7     1    15
  5.3107057005262193E-01 a       196     0     7     1    16
 -3.0716826361791374E+00 a       197     0     7     1    17
 -7.1661925407581037E+00 a       198     0     7     1    18
 -2.6147896571390463E+00 a       199     0     7     1    19
 -1.3200181392983095E+00 a       200     0     7     1    20
 -3.3902896782131053E+00 a       201     0     7     1    21
  1.3607268248616348E+01 a       202     0     7     1    22
  6.3456740286880586E-01 a       203     0     7     1    23
  3.5427082242845507E+00 a       204     0     7     1    24
 -9.6000263185475436E+00 a       205     0     7     1    25
  3.8651774703341215E+00 a       206     0     7     1    26
  5.7263132520426678E+00 a       207     0     7     1    27
  4.8244763973140250E+00 a       208     0     7     1    28
 -1.7435659057496393E+00 a       209     0     7     1    29
  1.3238057719430250E+00 a       210     0     7     1    30
 -3.6682348265192849E-01 a       211     0     8     1     1
  1.1669841603094653E+00 a       212     0     8     1     2
 -3.9969036555681225E-01 a       213     0     8     1     3
 -5.0194468338747742E-03 a       214     0     8     1     4
 -3.0592972395971807E-01 a       215     0     8     1     5
  2.4227427721586579E+00 a       216     0     8     1     6
 -2.8081808283869938E+00 a       217     0     8     1     7
 -2.1429195922713259E-01 a       218     0     8     1     8
 -7.2555799501536078E-01 a       219     0     8     1     9
  2.0355602806826010E+00 a       220     0     8     1    10
 -5.3506106320110602E-01 a       221     0     8     1    11
  2.3166828327640361E+00 a       222     0     8     1    12
  3.5963823324617494E-01 a       223     0     8     1    13
  3.2697759934933318E-01 a       224     0     8     1    14
 -5.2067243512689332E-01 a       225     0     8     1    15
 -3.4069499637198422E+00 a       226     0     8     1    16
 -1.1411688492163830E+00 a       227     0     8     1    17
  1.1078415738145873E+00 a       228     0     8     1    18
 -2.9997060503715929E+00 a       229     0     8     1    19
 -1.0102654637549273E+00 a       230     0     8     1    20
  6.4526425235290341E-02 a       231     0     8     1    21
  3.9392654269578192E-01 a       232     0     8     1    22
  1.6835222482378176E+00 a       233     0     8     1    23
  1.1271129023422080E+00 a       234     0     8     1    24
 -4.6385801912445705E+00 a       235     0     8     1    25
  2.2776333948980834E+00 a       236     0     8     1    26
 -2.0809059971432724E+00 a       237     0     8     1    27
  2.1848952341118610E+00 a       238     0     8     1    28
 -2.1002998015422389E+00 a       239     0     8     1    29
 -3.7340420250499567E-01 a       240     0     8     1    30
 -4.7250402889630649E+00 a       241     0     9     1     1
 -1.2348049313807477E+00 a       242     0     9     1     2
 -3.3462950881576087E-01 a       243     0     9     1     3
 -2.6763295439712631E-01 a       244     0     9     1     4
  2.2926097957948817E-02 a       245     0     9     1     5
 -5.3761371539660106E+00 a       246     0     9     1     6
  4.3631142406491719E-01 a       247     0     9     1     7
 -1.2545241067028117E+00 a       248     0     9     1     8
 -8.3541158010721905E-01 a       249     0     9     1     9
 -1.9627652656188348E+00 a       250     0     9     1    10
  2.3329779395054042E+00 a       251     0     9     1    11
  9.9965292720688337E-01 a       252     0     9     1    12
  2.6161655111959803E+00 a       253     0     9     1    13
  2.2094797655707139E+00 a       254     0     9     1    14
 -1.1999630852309104E+00 a       255     0     9     1    15
  6.1361725746510523E+00 a       256     0     9     1    16
  2.4368821793742068E+00 a       257     0     9     1    17
  1.6960533550059759E-01 a       258     0     9     1    18
  1.9555783267073321E+00 a       259     0     9     1    19
  3.0185477768787656E+00 a       260     0     9     1    20
 -4.6790657760272536E+00 a       261     0     9     1    21
 -1.4364068464768558E+00 a       262     0     9     1    22
 -6.8165595562788162E-01 a       263     0     9     1    23
 -2.5191530206520603E+00 a       264     0     9     1    24
  6.0533634258834637E+00 a       265     0     9     1    25
 -4.9675304115034296E+00 a       266     0     9     1    26
 -3.3749414983301768E-01 a       267     0     9     1    27
 -3.2466063719601990E+00 a       268     0     9     1    28
  3.3935625809922025E+00 a       269     0     9     1    29
  2.2406154892612231E+00 a       270     0     9     1    30
  1.2720082900421936E+00 a       271     0    10     1     1
 -2.3985043416467247E+00 a       272     0    10     1     2
  6.2875010366725281E-01 a       273     0    10     1     3
 -4.1783749377087149E+00 a       274     0    10     1     4
 -6.6744012769785952E+00 a       275     0    10     1     5
 -4.9475347505736185E+00 a       276     0    10     1     6
 -3.6397853494628829E+00 a       277     0    10     1     7
 -5.6296070217232268E+00 a       278     0    10     1     8
 -2.4932922892155123E+00 a       279     0    10     1     9
 -2.2524895966436547E+00 a       280     0    10     1    10
  2.3041882454089362E+00 a       281     0    10     1    11
 -2.7195638554214394E+00 a       282     0    10     1    12
  2.5082642154554341E-01 a       283     0    10     1    13
 -2.1020778756009300E+00 a       284     0    10     1    14
 -3.6512293176956270E+00 a       285     0    10     1    15
  1.7205328188887605E+00 a       286     0    10     1    16
  2.6958684257263482E-01 a       287     0    10     1    17
  4.8540678075065031E+00 a       288     0    10     1    18
  1.3170782894307795E+00 a       289     0    10     1    19
  4.2239671169222177E+00 a       290     0    10     1    20
 -1.4202513223504409E+00 a       291     0    10     1    21
 -1.5727682577789055E+00 a       292     0    10     1    22
  3.3355008756450988E-01 a       293     0    10     1    23
 -2.2623434354055050E+00 a       294     0    10     1    24
  1.0262283965730894E+01 a       295     0    10     1    25
 -3.5661794875370880E+00 a       296     0    10     1    26
 -2.5130358170833391E+00 a       297     0    10     1    27
 -7.8380281356090196E+00 a       298     0    10     1    28
  9.2944274456924747E-01 a       299     0    10     1    29
 -2.8836273230458267E+00 a       300     0    10     1    30
  3.3472400823114667E+00 a       301     0    11     1     1
  4.2780907327934257E+00 a       302     0    11     1     2
  3.7886962800599164E+00 a       303     0    11     1     3
 -7.5775031520765470E+00 a       304     0    11     1     4
 -2.3101596293906175E+00 a       305     0    11     1     5
 -2.5760727601142830E+00 a       306     0    11     1     6
 -5.2461601026332714E+00 a       307     0    11     1     7
 -5.9671474448243575E+00 a       308     0    11     1     8
 -1.8347293953774204E+00 a       309     0    11     1     9
  1.1219901597578974E+00 a       310     0    11     1    10
 -5.3204190403808971E-01 a       311     0    11     1    11
 -6.5526494065045213E+00 a       312     0    11     1    12
 -3.3458371753503848E+00 a       313     0    11     1    13
 -4.2923821694248403E+00 a       314     0    11     1    14
 -6.9815175986551015E-01 a       315     0    11     1    15
 -3.1611072091469450E+00 a       316     0    11     1    16
  3.0859753874044102E+00 a       317     0    11     1    17
  7.9778412133902856E+00 a       318     0    11     1    18
  2.4881148866085634E+00 a       319     0    11     1    19
  3.6571077842488875E+00 a       320     0    11     1    20
  6.3724601166071677E+00 a       321     0    11     1    21
 -1.2528563972471474E+01 a       322     0    11     1    22
  2.4016344506635914E+00 a       323     0    11     1    23
  1.1160475372182124E-01 a       324     0    11     1    24
  5.7413016431163859E+00 a       325     0    11     1    25
 -5.4050274568676269E+00 a       326     0    11     1    26
 -7.2568050033824880E+00 a       327     0    11     1    27
 -1.6958043544493637E+00 a       328     0    11     1    28
 -1.7088708643631431E-01 a       329     0    11     1    29
  2.0887034381614820E+00 a       330     0    11     1    30
 -4.9509116986717636E+00 a       331     0    12     1     1
 -6.0926121860909470E+00 a       332     0    12     1     2
  3.0028148679167752E+00 a       333     0    12     1     3
  4.5499610025719397E+00 a       334     0    12     1     4
 -5.6645755235750945E+00 a       335     0    12     1     5
 -2.0181618556177234E+00 a       336     0    12     1     6
  1.9600538766973714E+00 a       337     0    12     1     7
  6.1342024597932037E+00 a       338     0    12     1     8
 -2.7781454930753662E+00 a       339     0    12     1     9
  3.3705893309865259E-01 a       340     0    12     1    10
 -4.9043613101957435E+00 a       341     0    12     1    11
  1.3719550829059530E+00 a       342     0    12     1    12
  8.5802443526832093E+00 a       343     0    12     1    13
  4.9141098936717391E+00 a       344     0    12     1    14
  7.0648436191210688E+00 a       345     0    12     1    15
 -6.7614573577523318E+00 a       346     0    12     1    16
 -7.2174856175066369E+00 a       347     0    12     1    17
 -7.9249046768311437E+00 a       348     0    12     1    18
 -6.2014022394654571E+00 a       349     0    12     1    19
  7.9997281300876839E+00 a       350     0    12     1    20
 -5.7187567213588730E+00 a       351     0    12     1    21
  1.1050712235950030E+01 a       352     0    12     1    22
 -4.9890334917881534E+00 a       353     0    12     1    23
 -5.9230989017660720E+00 a       354     0    12     1    24
 -5.4122787772851915E+00 a       355     0    12     1    25
 -6.1006306659214637E-01 a       356     0    12     1    26
  9.9548174984880990E+00 a       357     0    12     1    27
  5.2019645154386938E+00 a       358     0    12     1    28
  2.5786234372660592E+00 a       359     0    12     1    29
 -1.0092939044193127E+01 a       360     0    12     1    30
  7.0503496434512609E+00 a       361     0    13     1     1
 -6.9278606463370158E+00 a       362     0    13     1     2
  8.8767811750286754E+00 a       363     0    13     1     3
  1.7218047967630572E+00 a       364     0    13     1     4
 -1.3575245823423449E-01 a       365     0    13     1     5
 -4.1219597560932995E+00 a       366     0    13     1     6
  6.5974697766182696E-03 a       367     0    13     1     7
  3.2307141035114478E-01 a       368     0    13     1     8
  9.4482259997814111E-01 a       369     0    13     1     9
 -8.8128736010300521E+00 a       370     0    13     1    10
 -1.1703394378677023E+01 a       371     0    13     1    11
 -2.3290237967793730E+00 a       372     0    13     1    12
  1.3249797311054673E+01 a       373     0    13     1    13
  1.1937655288992133E+01 a       374     0    13     1    14
  5.2048094789379764E+00 a       375     0    13     1    15
 -2.3882042659753250E+01 a       376     0    13     1    16
 -6.9041296911220638E+00 a       377     0    13     1    17
 -9.9469150716950061E-01 a       378     0    13     1    18
 -5.8171829419037033E+00 a       379     0    13     1    19
  7.6446809148576991E+00 a       380     0    13     1    20
  3.9207121857658565E+00 a       381     0    13     1    21
  1.2506988130787200E+01 a       382     0    13     1    22
 -1.8910385520733271E+01 a       383     0    13     1    23
 -1.7098252205146530E+01 a       384     0    13     1    24
 -4.7486906229057748E+00 a       385     0    13     1    25
 -8.8860001574814262E-01 a       386     0    13     1    26
  1.4563222200155378E+01 a       387     0    13     1    27
 -4.4472681134604475E+00 a       388     0    13     1    28
  7.5822028018154315E+00 a       389     0    13     1    29
 -3.8120894913407177E+00 a       390     0    13     1    30
 -6.6955207511388624E+00 a       391     0    14     1     1
  5.0007232856189789E+00 a       392     0    14     1     2
 -3.5860711524370901E+00 a       393     0    14     1     3
 -2.2666686908266707E+00 a       394     0    14     1     4
 -1.0648459912484963E+01 a       395     0    14     1     5
 -3.1244102037415672E-01 a       396     0    14     1     6
 -5.8224623370995907E+00 a       397     0    14     1     7
  5.2841770368791856E+00 a       398     0    14     1     8
  1.8743159776368705E+00 a       399     0    14     1     9
  5.7192223724699920E+00 a       400     0    14     1    10
  7.7834020408434534E-01 a       401     0    14     1    11
 -4.7827765158385899E-01 a       402     0    14     1    12
 -5.5924431260925784E+00 a       403     0    14     1    13
 -9.8602584866970684E+00 a       404     0    14     1    14
 -2.7023208532921554E+00 a       405     0    14     1    15
  1.5653444258886562E+01 a       406     0    14     1    16
  5.7180645417784568E+00 a       407     0    14     1    17
  5.6941568011641297E-01 a       408     0    14     1    18
 -4.0605133144319225E+00 a       409     0    14     1    19
 -3.0397385642377048E+00 a       410     0    14     1    20
 -5.9486839200516330E+00 a       411     0    14     1    21
 -3.2764968579552489E+00 a       412     0    14     1    22
  1.2279435858988094E+01 a       413     0    14     1    23
  1.8323995563351785E+00 a       414     0    14     1    24
  4.3795073864100589E+00 a       415     0    14     1    25
  1.1286822388828401E+00 a       416     0    14     1    26
 -3.0879984009943122E+00 a       417     0    14     1    27
  6.9501342570297098E+00 a       418     0    14     1    28
 -4.1803541618128524E+00 a       419     0    14     1    29
 -3.0750083554405996E+00 a       420     0    14     1    30
  7.1463509303877801E+00 a       421     0    15     1     1
 -6.2300449634377641E-01 a       422     0    15     1     2
  7.6714275043633160E+00 a       423     0    15     1     3
  7.1267048297573261E+00 a       424     0    15     1     4
 -5.2352166741503776E+00 a       425     0    15     1     5
 -7.2917294789900398E+00 a       426     0    15     1     6
 -4.1169347554654054E+00 a       427     0    15     1     7
 -7.2231730046423959E-01 a       428     0    15     1     8
  7.5493552817883511E+00 a       429     0    15     1     9
 -4.0663097503321328E+00 a       430     0    15     1    10
 -1.5327508301545443E+01 a       431     0    15     1    11
 -1.0508729607156159E+01 a       432     0    15     1    12
  1.5069846222433744E+01 a       433     0    15     1    13
  6.0917261860415985E+00 a       434     0    15     1    14
  4.6549660891989664E+00 a       435     0    15     1    15
 -2.5333687604704260E+00 a       436     0    15     1    16
 -9.0644047973429949E+00 a       437     0    15     1    17
  2.8084583367318539E+00 a       438     0    15     1    18
 -1.0234494020439881E+01 a       439     0    15     1    19
  4.8147206608287378E+00 a       440     0    15     1    20
  1.1328219656769831E+00 a       441     0    15     1    21
  9.3970457292778917E+00 a       442     0    15     1    22
 -2.3280738203108298E+00 a       443     0    15     1    23
 -3.1898162467203437E+00 a       444     0    15     1    24
 -1.5682150389548815E+00 a       445     0    15     1    25
  2.4558692491871423E+00 a       446     0    15     1    26
  1.0219248770518520E+01 a       447     0    15     1    27
 -2.7332324926578764E+00 a       448     0    15     1    28
 -8.2988216462586983E-01 a       449     0    15     1    29
 -2.4733061227788822E+00 a       450     0    15     1    30
 -5.0723555602844783E+00 a       451     0    16     1     1
  3.0851008438538488E+00 a       452     0    16     1     2
  5.7889721416441446E+00 a       453     0    16     1     3
 -3.7259038592544953E+00 a       454     0    16     1     4
 -7.6125668889152474E+00 a       455     0    16     1     5
  2.2163704381554781E+00 a       456     0    16     1     6
  9.3191236043962835E+00 a       457     0    16     1     7
  6.4271348332722178E-01 a       458     0    16     1     8
 -9.9420088767837296E+00 a       459     0    16     1     9
  9.6275623876517145E+00 a       460     0    16     1    10
  1.7967932648652194E+01 a       461     0    16     1    11
  1.0820874218433875E+01 a       462     0    16     1    12
 -2.8174256319842286E+00 a       463     0    16     1    13
 -1.2873834237624225E+01 a       464     0    16     1    14
  8.0509033737139504E+00 a       465     0    16     1    15
  2.6038921903547290E+00 a       466     0    16     1    16
  1.2606896885727165E+01 a       467     0    16     1    17
 -3.9167533485467509E+00 a       468     0    16     1    18
  7.1406248883310921E+00 a       469     0    16     1    19
 -9.9330399328435135E+00 a       470     0    16     1    20
 -7.2916271080171278E+00 a       471     0    16     1    21
 -1.1205569695576880E+01 a       472     0    16     1    22
  1.0764640374432782E+01 a       473     0    16     1    23
 -1.8141674577921629E+00 a       474     0    16     1    24
 -8.0652355616784295E+00 a       475     0    16     1    25
  9.5435129357074828E+00 a       476     0    16     1    26
 -5.4037703854193291E+00 a       477     0    16     1    27
 -8.7880561005526552E+00 a       478     0    16     1    28
 -3.7407411274505495E+00 a       479     0    16     1    29
 -6.6426732876966810E+00 a       480     0    16     1    30
  5.0043120956820282E+00 a       481     0    17     1     1
  1.5401522793559279E+01 a       482     0    17     1     2
  1.8016244918272113E+00 a       483     0    17     1     3
 -7.2947132526422875E-01 a       484     0    17     1     4
  3.8677599822275548E+00 a       485     0    17     1     5
  1.2185296355569962E+01 a       486     0    17     1     6
  9.7432177862453457E+00 a       487     0    17     1     7
  6.9093424825152585E+00 a       488     0    17     1     8
 -2.5138103308946919E-01 a       489     0    17     1     9
  1.0135953111374437E+01 a       490     0    17     1    10
  9.5569710191752506E+00 a       491     0    17     1    11
  7.0925361765514285E+00 a       492     0    17     1    12
 -2.9502394009207107E+00 a       493     0    17     1    13
 -9.5572632010821881E+00 a       494     0    17     1    14
  1.4624285312050564E+01 a       495     0    17     1    15
  1.1021464387667663E+01 a       496     0    17     1    16
  9.3417994255432966E+00 a       497     0    17     1    17
  5.2593940325917243E+00 a       498     0    17     1    18
  5.6702883537361890E+00 a       499     0    17     1    19
 -5.9195503040142432E+00 a       500     0    17     1    20
 -9.5799801766574144E-01 a       501     0    17     1    21
  2.3011297304777139E+00 a       502     0    17     1    22
  1.4629092596822646E+01 a       503     0    17     1    23
 -1.5131017189407603E-01 a       504     0    17     1    24
  6.3239830553907173E-01 a       505     0    17     1    25
  1.5173738003915132E+00 a       506     0    17     1    26
 -7.7867731243663973E+00 a       507     0    17     1    27
 -1.2639585799504827E+01 a       508     0    17     1    28
 -9.0564306827208476E+00 a       509     0    17     1    29
 -3.0206185899839726E+00 a       510     0    17     1    30
 -4.2723798001419748E+00 a       511     0    18     1     1
  3.6827008617877425E+01 a       512     0    18     1     2
 -9.0643359071358667E+00 a       513     0    18     1     3
 -1.5631301553111697E+01 a       514     0    18     1     4
 -1.4339576836407431E+01 a       515     0    18     1     5
 -1.3276181787077599E+00 a       516     0    18     1     6
 -9.4043634767462390E+00 a       517     0    18     1     7
  1.2373223532073879E+01 a       518     0    18     1     8
 -2.5263194337498205E+00 a       519     0    18     1     9
 -8.5352122867033220E+00 a       520     0    18     1    10
 -2.1646805113897845E+01 a       521     0    18     1    11
  6.9662593289262436E+00 a       522     0    18     1    12
 -2.7247423689168362E+00 a       523     0    18     1    13
 -1.7285581437073393E+01 a       524     0    18     1    14
  3.5633132344112366E+00 a       525     0    18     1    15
 -6.4111122599864023E+00 a       526     0    18     1    16
 -1.0075557002077367E+01 a       527     0    18     1    17
 -7.1703873728423559E+00 a       528     0    18     1    18
  8.3646417420555785E+00 a       529     0    18     1    19
  9.0794683209063880E+00 a       530     0    18     1    20
 -2.2094262179832313E+01 a       531     0    18     1    21
 -4.5787941876188007E+00 a       532     0    18     1    22
  3.2317260240169472E+00 a       533     0    18     1    23
  1.3165896473198188E+01 a       534     0    18     1    24
 -1.1166806362458733E+01 a       535     0    18     1    25
  1.0333099603058390E+01 a       536     0    18     1    26
  6.0197586752722998E-01 a       537     0    18     1    27
 -5.5819634584917992E+00 a       538     0    18     1    28
 -6.6988123811203639E+00 a       539     0    18     1    29
  2.1772677291326954E+01 a       540     0    18     1    30
 -8.0931590059663563E+00 a       541     0    19     1     1
 -1.1520078814421775E+00 a       542     0    19     1     2
  1.1697840241718337E+01 a       543     0    19     1     3
  1.2797016848828935E+01 a       544     0    19     1     4
  1.7079851431311205E+01 a       545     0    19     1     5
  1.7962696949478460E+01 a       546     0    19     1     6
  5.8752614809714343E+00 a       547     0    19     1     7
  1.1972046308460291E+00 a       548     0    19     1     8
  1.4923263242891593E+01 a       549     0    19     1     9
 -5.9402611497719970E+00 a       550     0    19     1    10
  1.9443726577226606E+01 a       551     0    19     1    11
 -9.6107913156171687E+00 a       552     0    19     1    12
 -1.0028589385558615E+01 a       553     0    19     1    13
  2.0349544027225415E+00 a       554     0    19     1    14
  2.6020589163789527E+00 a       555     0    19     1    15
 -4.9191263030884702E+00 a       556     0    19     1    16
  1.2732960272044167E+00 a       557     0    19     1    17
  2.0894159984367713E+00 a       558     0    19     1    18
 -2.5225858212583661E+00 a       559     0    19     1    19
  2.6611875000657417E+00 a       560     0    19     1    20
 -1.7489773236231361E+01 a       561     0    19     1    21
 -7.7555839593567040E+00 a       562     0    19     1    22
  2.1849515651517791E+01 a       563     0    19     1    23
 -1.2336099653019506E+00 a       564     0    19     1    24
 -1.0992320809894807E+01 a       565     0    19     1    25
  1.3712024165502829E+01 a       566     0    19     1    26
 -1.1439830695352953E+01 a       567     0    19     1    27
 -8.1916167837587182E+00 a       568     0    19     1    28
  2.2664281307982654E+00 a       569     0    19     1    29
  4.2257163902506214E+00 a       570     0    19     1    30
 -2.3083776282354933E+01 a       571     0    20     1     1
 -1.2272534142446499E+01 a       572     0    20     1     2
 -1.0312754547245909E+01 a       573     0    20     1     3
 -1.5313751648066868E+01 a       574     0    20     1     4
  1.4777044013421644E+01 a       575     0    20     1     5
  1.2017333061366386E+01 a       576     0    20     1     6
 -2.1967552624489091E+01 a       577     0    20     1     7
  4.2991124868313690E+00 a       578     0    20     1     8
 -1.2737231709012844E+01 a       579     0    20     1     9
  4.4711175998817447E+00 a       580     0    20     1    10
  7.0311256861270284E+00 a       581     0    20     1    11
 -1.8295742602771825E-01 a       582     0    20     1    12
 -1.6419429867694124E+01 a       583     0    20     1    13
  1.2416693495667829E+01 a       584     0    20     1    14
  2.1816993812817575E+01 a       585     0    20     1    15
 -1.2788779051183459E+01 a       586     0    20     1    16
 -1.4833856426680545E+00 a       587     0    20     1    17
 -1.1583755322259206E+01 a       588     0    20     1    18
 -1.4201135052407810E+01 a       589     0    20     1    19
  2.9328932199393463E+00 a       590     0    20     1    20
 -3.7786447162149894E-01 a       591     0    20     1    21
 -3.2759481054331769E+00 a       592     0    20     1    22
 -6.8322254409352636E+00 a       593     0    20     1    23
 -4.1869470393863830E+00 a       594     0    20     1    24
 -3.6529061312566053E+00 a       595     0    20     1    25
 -1.4273228467752917E+01 a       596     0    20     1    26
 -1.3212852459391544E+00 a       597     0    20     1    27
 -2.3826587215248960E+01 a       598     0    20     1    28
  2.4002419238083448E+00 a       599     0    20     1    29
 -3.2740113909750272E+00 a       600     0    20     1    30
 -3.8013367380599455E-01 a       601     0    21     1     1
 -3.3467450877208222E+01 a       602     0    21     1     2
 -1.1192379082233467E+01 a       603     0    21     1     3
  2.8219034003374315E+01 a       604     0    21     1     4
  1.0438318775279559E+01 a       605     0    21     1     5
  7.9242533063228038E+00 a       606     0    21     1     6
  8.5691869537548300E+00 a       607     0    21     1     7
 -1.1388338452279973E+01 a       608     0    21     1     8
 -8.0768972380253263E+00 a       609     0    21     1     9
  7.4241446969996139E-01 a       610     0    21     1    10
  1.8156976845553285E+01 a       611     0    21     1    11
 -3.6706883701883308E+00 a       612     0    21     1    12
  9.6686646009319777E+00 a       613     0    21     1    13
  1.8098003442449418E+01 a       614     0    21     1    14
  1.4541744391190230E+01 a       615     0    21     1    15
  1.1251461627796978E+01 a       616     0    21     1    16
 -4.1122960392115555E+00 a       617     0    21     1    17
  8.3858199152087192E+00 a       618     0    21     1    18
 -1.2802559927694466E+01 a       619     0    21     1    19
 -1.5400941043437575E+01 a       620     0    21     1    20
  6.3617498352502979E+00 a       621     0    21     1    21
  7.5749039186283849E+00 a       622     0    21     1    22
  2.1748112334345080E+01 a       623     0    21     1    23
  9.5527141561627893E+00 a       624     0    21     1    24
  3.4351412361618325E+00 a       625     0    21     1    25
 -3.1148242738773945E+01 a       626     0    21     1    26
  9.9104891877860235E-01 a       627     0    21     1    27
 -3.0583102788091061E+00 a       628     0    21     1    28
 -7.0879106004210009E+00 a       629     0    21     1    29
 -3.2981107532297038E+01 a       630     0    21     1    30
  1.3668573958592097E+01 a       631     0    22     1     1
 -3.8664356416754275E+00 a       632     0    22     1     2
 -1.5468845911232705E+01 a       633     0    22     1     3
 -1.0054684779828579E+01 a       634     0    22     1     4
  1.3473683684277100E+01 a       635     0    22     1     5
 -3.0476687888126794E+01 a       636     0    22     1     6
 -1.1791570588340319E+01 a       637     0    22     1     7
  2.6225310448275341E+01 a       638     0    22     1     8
  6.1686704706843116E+00 a       639     0    22     1     9
  1.2501485235300366E+01 a       640     0    22     1    10
 -9.5061131748828220E+00 a       641     0    22     1    11
 -4.9714798773586804E+00 a       642     0    22     1    12
 -2.0077488500567991E+01 a       643     0    22     1    13
  1.3134404746049722E+01 a       644     0    22     1    14
 -3.2276659576752571E+01 a       645     0    22     1    15
  1.7739075284281256E+01 a       646     0    22     1    16
 -1.1108089890472856E+01 a       647     0    22     1    17
 -2.5445334877176165E+01 a       648     0    22     1    18
  1.1388666810471003E+01 a       649     0    22     1    19
  1.1032156258559471E+01 a       650     0    22     1    20
 -3.1399174160086712E+01 a       651     0    22     1    21
  4.5083453111806127E-01 a       652     0    22     1    22
 -3.8657198617085448E-01 a       653     0    22     1    23
 -2.3170150530049373E+01 a       654     0    22     1    24
 -9.4867068013404250E+00 a       655     0    22     1    25
  7.2196309280101911E-01 a       656     0    22     1    26
  2.9743081711684591E+00 a       657     0    22     1    27
 -1.2428502534149435E+00 a       658     0    22     1    28
 -1.9862021193667678E+00 a       659     0    22     1    29
  7.6721651603365180E+00 a       660     0    22     1    30
 -1.9663883227408094E+00 a       661     0    23     1     1
 -5.7168219898398043E+00 a       662     0    23     1     2
  9.3974220053227447E-02 a       663     0    23     1     3
 -7.8797503951448951E+00 a       664     0    23     1     4
 -1.3921486812680359E+00 a       665     0    23     1     5
 -7.9263991086836505E+00 a       666     0    23     1     6
  4.0746027973837258E+00 a       667     0    23     1     7
  2.3832948132232818E+00 a       668     0    23     1     8
  1.9750118158340340E+00 a       669     0    23     1     9
  9.3516973318623613E+00 a       670     0    23     1    10
  3.6822530805006521E+00 a       671     0    23     1    11
 -1.1091923928781389E+00 a       672     0    23     1    12
 -9.7407070352609502E+00 a       673     0    23     1    13
 -1.1389377785268860E-01 a       674     0    23     1    14
 -1.8158893937452490E+01 a       675     0    23     1    15
  1.2136052801960071E+01 a       676     0    23     1    16
  2.0258130521782780E+00 a       677     0    23     1    17
 -9.4827435150097497E+00 a       678     0    23     1    18
  4.0239041845538139E+00 a       679     0    23     1    19
  8.2130359272743387E+00 a       680     0    23     1    20
 -9.3227706845032596E+00 a       681     0    23     1    21
 -1.4521904095067574E+01 a       682     0    23     1    22
 -3.4094246436568318E+00 a       683     0    23     1    23
 -2.0377658687599105E+01 a       684     0    23     1    24
 -4.7704482908259980E+00 a       685     0    23     1    25
  1.5866293223678340E+00 a       686     0    23     1    26
 -3.0926395790305503E+00 a       687     0    23     1    27
  7.0240169589135153E+00 a       688     0    23     1    28
  7.7978103208578284E+00 a       689     0    23     1    29
  2.7522288499232070E+00 a       690     0    23     1    30
 -1.6786516662495295E+01 a       691     0    24     1     1
  5.2382139363105926E+00 a       692     0    24     1     2
 -1.8525585072674946E+00 a       693     0    24     1     3
 -1.7483106462699296E+00 a       694     0    24     1     4
  2.7322621104640574E+00 a       695     0    24     1     5
  2.8655479939289847E+01 a       696     0    24     1     6
 -1.2967142259678607E+01 a       697     0    24     1     7
  5.0445388748533837E+00 a       698     0    24     1     8
 -1.5909669436700893E+00 a       699     0    24     1     9
 -1.5434655380185898E+00 a       700     0    24     1    10
  1.7398061600145738E+00 a       701     0    24     1    11
  1.2699710960755988E+01 a       702     0    24     1    12
 -1.4572198336428097E-01 a       703     0    24     1    13
  9.4503065596395057E+00 a       704     0    24     1    14
  2.4000990023113253E+01 a       705     0    24     1    15
 -1.4200275086123778E+01 a       706     0    24     1    16
  3.3994497160245967E+00 a       707     0    24     1    17
  1.7596656646936665E+01 a       708     0    24     1    18
 -3.8060698335725038E+00 a       709     0    24     1    19
 -1.7193709319225370E+01 a       710     0    24     1    20
  2.0154159121717161E+01 a       711     0    24     1    21
  1.4465256952715430E+01 a       712     0    24     1    22
  1.0639230211106851E+01 a       713     0    24     1    23
  1.9966116072076318E+01 a       714     0    24     1    24
  2.2502544471757066E+01 a       715     0    24     1    25
  9.2076329126984362E+00 a       716     0    24     1    26
 -9.0801519009673992E+00 a       717     0    24     1    27
  1.1084897217239993E+01 a       718     0    24     1    28
  6.7719923816840382E+00 a       719     0    24     1    29
  6.4590790087239447E-01 a       720     0    24     1    30
  3.8636668390439631E+01 a       721     0    25     1     1
  2.6435798275149669E+01 a       722     0    25     1     2
  1.2485357882442417E+01 a       723     0    25     1     3
  2.5218645141560703E+01 a       724     0    25     1     4
 -1.8540357061448162E+01 a       725     0    25     1     5
  7.0691984305681235E+00 a       726     0    25     1     6
  2.3155006859792000E+01 a       727     0    25     1     7
 -1.5615652362948580E+01 a       728     0    25     1     8
  1.8954513032473173E+01 a       729     0    25     1     9
 -2.6281395626869899E+00 a       730     0    25     1    10
  2.2621295655722968E+00 a       731     0    25     1    11
 -2.7301566964672084E+00 a       732     0    25     1    12
  3.9168583391091779E+01 a       733     0    25     1    13
 -2.8706138414297541E+01 a       734     0    25     1    14
 -2.1933422100639721E+01 a       735     0    25     1    15
  1.3295193561220346E+01 a       736     0    25     1    16
 -2.4620043899110566E-01 a       737     0    25     1    17
  2.9863170741508245E+01 a       738     0    25     1    18
  1.9249579383782798E+01 a       739     0    25     1    19
  3.1960171350563318E+00 a       740     0    25     1    20
  1.4634199180524563E+01 a       741     0    25     1    21
  1.0949804799149886E+01 a       742     0    25     1    22
  2.1996252723830985E+01 a       743     0    25     1    23
  1.5778503977879913E+01 a       744     0    25     1    24
 -1.1645067625107295E+01 a       745     0    25     1    25
  1.6414284508259197E+01 a       746     0    25     1    26
 -8.8228292691488335E+00 a       747     0    25     1    27
  3.0857446468830233E+01 a       748     0    25     1    28
  2.3265336719458753E+00 a       749     0    25     1    29
 -8.3221896693873454E+00 a       750     0    25     1    30
 -6.5439557436895681E+00 a       751     0    26     1     1
  1.9077646985916882E+01 a       752     0    26     1     2
  1.4289783972907820E+01 a       753     0    26     1     3
 -7.1997418316511208E+00 a       754     0    26     1     4
 -1.6153216444363505E+01 a       755     0    26     1     5
 -3.6525001074434882E-01 a       756     0    26     1     6
 -9.1525808911591628E+00 a       757     0    26     1     7
  1.3589516588544036E+01 a       758     0    26     1     8
 -4.4831623614974063E+00 a       759     0    26     1     9
  1.0770040643877387E+01 a       760     0    26     1    10
  1.0156377344324037E+01 a       761     0    26     1    11
  3.8230237795730786E+00 a       762     0    26     1    12
 -9.8403313766448584E+00 a       763     0    26     1    13
 -2.7390447814112385E+01 a       764     0    26     1    14
 -1.9707690172333772E+00 a       765     0    26     1    15
  2.5643301740254096E+00 a       766     0    26     1    16
  1.0013893204679034E+01 a       767     0    26     1    17
 -9.4087210885067201E+00 a       768     0    26     1    18
  9.6288700597021908E+00 a       769     0    26     1    19
  6.5303165311724083E+00 a       770     0    26     1    20
 -1.5962084728271948E+01 a       771     0    26     1    21
 -1.3113723028843287E+01 a       772     0    26     1    22
 -3.3569635801355799E+00 a       773     0    26     1    23
 -4.5129614893594674E+00 a       774     0    26     1    24
  9.7264032176746564E+00 a       775     0    26     1    25
  3.1133493114220698E+01 a       776     0    26     1    26
 -1.2481154503259697E+01 a       777     0    26     1    27
  9.0222490990300948E+00 a       778     0    26     1    28
  5.0760308202028854E+00 a       779     0    26     1    29
  2.1704447131948015E+01 a       780     0    26     1    30
  9.0465595146292852E+00 a       781     0    27     1     1
 -1.5477954718937641E+00 a       782     0    27     1     2
  1.5473090021465300E+01 a       783     0    27     1     3
  3.7053486689676536E+00 a       784     0    27     1     4
 -7.8279708997186424E+00 a       785     0    27     1     5
 -1.7904103503085349E+00 a       786     0    27     1     6
  1.3962045426343648E+01 a       787     0    27     1     7
 -1.5363282784978219E+01 a       788     0    27     1     8
 -4.0948955491971111E+00 a       789     0    27     1     9
 -1.3660280907913297E+01 a       790     0    27     1    10
 -8.4444129855618719E+00 a       791     0    27     1    11
 -1.5513215695273134E+01 a       792     0    27     1    12
  1.2490888495469706E+01 a       793     0    27     1    13
 -2.3357360687396149E+01 a       794     0    27     1    14
 -5.0932271593139973E+00 a       795     0    27     1    15
 -7.2577689320430450E+00 a       796     0    27     1    16
  5.4735483077770819E-01 a       797     0    27     1    17
  4.5529375716523930E+00 a       798     0    27     1    18
 -1.4357501898777892E+01 a       799     0    27     1    19
  1.9336674750526395E+01 a       800     0    27     1    20
 -6.5857042630138727E+00 a       801     0    27     1    21
 -1.1302300857177206E+01 a       802     0    27     1    22
  1.0836301687628902E+01 a       803     0    27     1    23
 -6.5456137328978325E-01 a       804     0    27     1    24
 -1.2002341823062100E+01 a       805     0    27     1    25
 -1.3553055574102231E+01 a       806     0    27     1    26
  2.2313895468995550E+00 a       807     0    27     1    27
 -1.3874949955363618E+01 a       808     0    27     1    28
 -1.2578019357610573E+01 a       809     0    27     1    29
 -8.7908054261537831E+00 a       810     0    27     1    30
 -3.0622532029884884E+01 a       811     0    28     1     1
 -2.6661434296397147E+01 a       812     0    28     1     2
  1.9577089579105940E+00 a       813     0    28     1     3
 -1.4670627961395189E+01 a       814     0    28     1     4
 -1.5880964955994084E+01 a       815     0    28     1     5
 -1.0531787136603922E+01 a       816     0    28     1     6
  2.8875893701628392E+00 a       817     0    28     1     7
  6.0678952428708408E+00 a       818     0    28     1     8
 -1.1708754276093515E+01 a       819     0    28     1     9
 -6.2664961576985654E+00 a       820     0    28     1    10
  3.0117895751913406E+00 a       821     0    28     1    11
  1.5952003138682448E+01 a       822     0    28     1    12
 -2.2854247136579012E+01 a       823     0    28     1    13
  2.4725344613435041E+01 a       824     0    28     1    14
  2.6904572568220740E+01 a       825     0    28     1    15
 -1.5388713177676061E+00 a       826     0    28     1    16
  6.4539629130377758E+00 a       827     0    28     1    17
 -2.9190019029914360E+00 a       828     0    28     1    18
  1.7805195724540475E+00 a       829     0    28     1    19
 -1.7056294593101406E+01 a       830     0    28     1    20
 -5.8907423446797207E+00 a       831     0    28     1    21
  5.0922104795525680E+00 a       832     0    28     1    22
 -2.7334628045923523E+01 a       833     0    28     1    23
 -4.8495927645177539E-01 a       834     0    28     1    24
  2.5999794395716695E+01 a       835     0    28     1    25
  7.1171906296236234E+00 a       836     0    28     1    26
  1.2012149401653053E+01 a       837     0    28     1    27
 -1.2909078597307504E+00 a       838     0    28     1    28
 -1.9443025482061469E+00 a       839     0    28     1    29
  2.2159503666409524E+01 a       840     0    28     1    30
 -1.8669068005456946E+00 a       841     0    29     1     1
 -1.0021018516749256E+01 a       842     0    29     1     2
 -1.3607544808154204E+00 a       843     0    29     1     3
  1.8282840012702579E+01 a       844     0    29     1     4
  3.3168308000722839E+00 a       845     0    29     1     5
  1.3965241267928659E+01 a       846     0    29     1     6
  5.0320461933978891E+00 a       847     0    29     1     7
 -4.9599816934909846E+00 a       848     0    29     1     8
  8.8903325423755248E+00 a       849     0    29     1     9
 -8.9788347817908498E+00 a       850     0    29     1    10
  1.1578491216305737E+01 a       851     0    29     1    11
  3.1802185241287728E-01 a       852     0    29     1    12
 -4.5225019543683525E+00 a       853     0    29     1    13
  4.5575083706014432E+00 a       854     0    29     1    14
 -4.7659459131809463E+00 a       855     0    29     1    15
  7.2582606633458129E+00 a       856     0    29     1    16
  2.0576469759331411E+00 a       857     0    29     1    17
 -3.2543429297236943E+00 a       858     0    29     1    18
 -5.0081185061804812E+00 a       859     0    29     1    19
 -2.5074291316859467E+00 a       860     0    29     1    20
 -9.5707004312601729E+00 a       861     0    29     1    21
  4.4643656580152979E-01 a       862     0    29     1    22
  9.7004389683077985E+00 a       863     0    29     1    23
  2.4587639290160332E+00 a       864     0    29     1    24
 -6.1952645170554881E+00 a       865     0    29     1    25
 -1.3103885545634659E+01 a       866     0    29     1    26
 -4.3659355006110427E+00 a       867     0    29     1    27
 -1.6530109514611997E+01 a       868     0    29     1    28
 -1.0001718064949205E+01 a       869     0    29     1    29
 -8.1624465408193956E+00 a       870     0    29     1    30
  9.6114897781104176E+00 a       871     0    30     1     1
 -3.0698832636145159E+00 a       872     0    30     1     2
 -2.7445152219644000E+00 a       873     0    30     1     3
 -1.0897800124740847E+01 a       874     0    30     1     4
  8.8359125752126033E+00 a       875     0    30     1     5
 -1.4158493688124917E+01 a       876     0    30     1     6
 -6.0837363440854231E-01 a       877     0    30     1     7
 -1.8097487654559639E+00 a       878     0    30     1     8
 -3.5744154406728046E+00 a       879     0    30     1     9
  3.4145022006699337E+00 a       880     0    30     1    10
  1.3377754270289632E+00 a       881     0    30     1    11
 -1.0708715815242429E+00 a       882     0    30     1    12
  4.6015122382752613E+00 a       883     0    30     1    13
  2.4249922054587710E+01 a       884     0    30     1    14
 -2.3447256569042629E+00 a       885     0    30     1    15
  2.7776321360942530E-01 a       886     0    30     1    16
  1.0737328964154449E+00 a       887     0    30     1    17
 -7.5771115439256143E+00 a       888     0    30     1    18
 -5.0678689748160783E+00 a       889     0    30     1    19
  1.2328023591260882E+01 a       890     0    30     1    20
 -3.6824648284085546E+00 a       891     0    30     1    21
  2.2604990883176375E+00 a       892     0    30     1    22
  1.2814690682716625E+00 a       893     0    30     1    23
 -4.4858732959841010E+00 a       894     0    30     1    24
 -4.9000230473871094E+00 a       895     0    30     1    25
 -1.1381984351113763E+01 a       896     0    30     1    26
  3.7266888951497124E+00 a       897     0    30     1    27
  7.6677128744433194E+00 a       898     0    30     1    28
  5.8823258807397591E+00 a       899     0    30     1    29
 -2.2754085488642883E+00 a       900     0    30     1    30
  5.5885630427038473E+00 a       901     0    31     1     1
  1.2067549480843750E+01 a       902     0    31     1     2
 -5.7403615870616918E+00 a       903     0    31     1     3
  5.3203787627710284E+00 a       904     0    31     1     4
  2.5523706977761915E+01 a       905     0    31     1     5
 -2.4622650717748256E+00 a       906     0    31     1     6
 -8.8869040937028903E+00 a       907     0    31     1     7
  1.0828696845603805E+00 a       908     0    31     1     8
 -2.0383756970435143E+00 a       909     0    31     1     9
  7.8923770883723607E+00 a       910     0    31     1    10
  1.6288375964378934E+00 a       911     0    31     1    11
 -3.2680362876076199E+00 a       912     0    31     1    12
  2.8134076041218461E+00 a       913     0    31     1    13
  4.1329575591065906E+00 a       914     0    31     1    14
 -3.5297462062586171E+00 a       915     0    31     1    15
 -5.7805646468334047E+00 a       916     0    31     1    16
 -1.2324780549983888E+01 a       917     0    31     1    17
 -9.2399044867838906E+00 a       918     0    31     1    18
  4.5162065163168972E+00 a       919     0    31     1    19
  2.6911447140245931E-01 a       920     0    31     1    20
  5.5765415003038674E+00 a       921     0    31     1    21
 -3.3132135933464277E+00 a       922     0    31     1    22
  7.8615034703874320E+00 a       923     0    31     1    23
 -1.0696806740205211E+00 a       924     0    31     1    24
 -1.6019063382224910E+01 a       925     0    31     1    25
  4.0396340009458098E-01 a       926     0    31     1    26
 -8.2371111190215061E+00 a       927     0    31     1    27
 -1.0956344694001352E+01 a       928     0    31     1    28
  1.3375542093809982E+00 a       929     0    31     1    29
 -1.4941572197329215E+01 a       930     0    31     1    30
  2.5375974200557128E+01 a       931     0    32     1     1
  5.9654083347211024E+00 a       932     0    32     1     2
  7.7030642747388922E-01 a       933     0    32     1     3
 -1.7542438646373291E+00 a       934     0    32     1     4
  4.2563394695762424E+00 a       935     0    32     1     5
  4.8191170907313224E-01 a       936     0    32     1     6
 -3.1014452332526199E+00 a       937     0    32     1     7
  1.1005009251111106E+01 a       938     0    32     1     8
  2.2848803631923630E+01 a       939     0    32     1     9
  1.9006444374585865E+01 a       940     0    32     1    10
 -3.1468160611115348E-01 a       941     0    32     1    11
 -1.2614677806274097E+00 a       942     0    32     1    12
 -1.7267649777130245E+01 a       943     0    32     1    13
  1.0732706471925493E+00 a       944     0    32     1    14
  8.1142961472984680E+00 a       945     0    32     1    15
 -8.1057239724393926E-01 a       946     0    32     1    16
  1.6222916792192212E+01 a       947     0    32     1    17
 -5.4230046768690805E+00 a       948     0    32     1    18
 -3.8728291136467621E+00 a       949     0    32     1    19
  1.5490059356267320E+01 a       950     0    32     1    20
 -1.2346805324257561E+01 a       951     0    32     1    21
 -3.6453288927551208E-01 a       952     0    32     1    22
  5.9871393666192807E+00 a       953     0    32     1    23
 -5.7489962385278437E+00 a       954     0    32     1    24
  2.7004799828659515E+01 a       955     0    32     1    25
 -6.8431934651084294E+00 a       956     0    32     1    26
  3.3007808834004302E+00 a       957     0    32     1    27
  2.4340818558929886E+01 a       958     0    32     1    28
  1.0365525326124327E+01 a       959     0    32     1    29
 -3.4408986336150367E+00 a       960     0    32     1    30
 -2.6758664957455597E+01 a       961     0    33     1     1
  1.1107587769723178E+01 a       962     0    33     1     2
 -1.3922330109625907E+01 a       963     0    33     1     3
  2.0917663329716810E+01 a       964     0    33     1     4
 -1.6319394634179369E+00 a       965     0    33     1     5
  8.8338117053496834E+00 a       966     0    33     1     6
 -1.7983334313791026E+01 a       967     0    33     1     7
  1.6819920211298051E+01 a       968     0    33     1     8
 -2.7746402241467390E+01 a       969     0    33     1     9
 -1.0578800721872014E+01 a       970     0    33     1    10
  6.4541803255337387E+00 a       971     0    33     1    11
 -1.1087225255553642E+01 a       972     0    33     1    12
  3.1265807702779238E+00 a       973     0    33     1    13
 -1.9163711576264209E+00 a       974     0    33     1    14
 -4.5870086487108406E+00 a       975     0    33     1    15
  7.6619955501901940E+00 a       976     0    33     1    16
  4.4079946768919198E+00 a       977     0    33     1    17
 -3.7085688876968870E-01 a       978     0    33     1    18
 -1.1872806038143072E+01 a       979     0    33     1    19
 -5.4458341307937284E+00 a       980     0    33     1    20
 -2.9016140771330939E+01 a       981     0    33     1    21
 -1.7900281392743384E+01 a       982     0    33     1    22
  3.2410750629707987E+00 a       983     0    33     1    23
 -2.1660615646302843E+00 a       984     0    33     1    24
 -4.8439220526128999E+00 a       985     0    33     1    25
 -1.0109471193143891E+01 a       986     0    33     1    26
 -1.0259839997868565E+00 a       987     0    33     1    27
 -2.6765247465163913E+01 a       988     0    33     1    28
 -1.8203632284845619E+00 a       989     0    33     1    29
 -2.0693291897086727E+01 a       990     0    33     1    30
 -2.4038611260102993E+01 a       991     0    34     1     1
 -5.2433886905529317E+00 a       992     0    34     1     2
  1.1034416250316379E+01 a       993     0    34     1     3
  8.0347467550270646E-01 a       994     0    34     1     4
 -6.9936006966543856E+00 a       995     0    34     1     5
 -8.4644220112739639E+00 a       996     0    34     1     6
  5.6871878681669825E+00 a       997     0    34     1     7
 -2.0384904865952018E+00 a       998     0    34     1     8
 -2.1354512001604249E+01 a       999     0    34     1     9
 -1.7599651279279417E+01 a      1000     0    34     1    10
 -3.5444287297333359E+00 a      1001     0    34     1    11
 -7.4011038880163857E+00 a      1002     0    34     1    12
 -2.9743902267998172E+00 a      1003     0    34     1    13
 -9.6800236176919097E-01 a      1004     0    34     1    14
 -8.2906603887386190E+00 a      1005     0    34     1    15
  1.0983224220411285E+00 a      1006     0    34     1    16
 -1.8536205438129546E+01 a      1007     0    34     1    17
  9.9284594618057405E+00 a      1008     0    34     1    18
  2.5561691646142791E+01 a      1009     0    34     1    19
  8.3058959025531074E+00 a      1010     0    34     1    20
  1.8363792748456458E+01 a      1011     0    34     1    21
  6.3973166159959236E+00 a      1012     0    34     1    22
 -3.7439634594986284E+00 a      1013     0    34     1    23
  1.2416163461055414E+00 a      1014     0    34     1    24
 -2.3687387690530375E+01 a      1015     0    34     1    25
  1.4375436941365605E+01 a      1016     0    34     1    26
 -3.5300404001859103E+00 a      1017     0    34     1    27
 -3.1734002690001830E+01 a      1018     0    34     1    28
 -1.0434117786314680E+01 a      1019     0    34     1    29
 -6.3596006512518937E+00 a      1020     0    34     1    30
  6.0574698589431097E+00 a      1021     0    35     1     1
  2.0303744128867471E+00 a      1022     0    35     1     2
  2.2344480448940782E+00 a      1023     0    35     1     3
 -3.0118942005870171E+00 a      1024     0    35     1     4
 -4.7131161059193194E-01 a      1025     0    35     1     5
  1.3809499228825524E+00 a      1026     0    35     1     6
  4.1523516258693283E+00 a      1027     0    35     1     7
 -4.1963283483813836E+00 a      1028     0    35     1     8
 -1.0929922382962676E+00 a      1029     0    35     1     9
 -1.2357521991681336E+01 a      1030     0    35     1    10
 -9.5779720038165961E-01 a      1031     0    35     1    11
 -6.0592776851085182E+00 a      1032     0    35     1    12
  1.0921672220191144E+01 a      1033     0    35     1    13
  1.8468215819756193E+00 a      1034     0    35     1    14
 -7.4532112682673892E+00 a      1035     0    35     1    15
 -1.0640058934794215E+01 a      1036     0    35     1    16
  1.0306133867791170E+01 a      1037     0    35     1    17
 -3.8651483219670437E+00 a      1038     0    35     1    18
 -8.8123067947868385E+00 a      1039     0    35     1    19
  3.9940839291110626E+00 a      1040     0    35     1    20
 -1.0138529663823350E+01 a      1041     0    35     1    21
  5.2927853900646571E-01 a      1042     0    35     1    22
  4.2740015636473165E+00 a      1043     0    35     1    23
 -2.5020918869658035E+00 a      1044     0    35     1    24
  5.2054588192974141E+00 a      1045     0    35     1    25
 -6.6709348076585915E+00 a      1046     0    35     1    26
 -1.4731906802915122E+00 a      1047     0    35     1    27
  3.1954711079046666E-01 a      1048     0    35     1    28
  2.9215048705631759E+00 a      1049     0    35     1    29
  5.1623650110193058E+00 a      1050     0    35     1    30
  2.9178795992124926E+00 a      1051     0    36     1     1
 -2.8141378436618847E+01 a      1052     0    36     1     2
  5.5244075048670602E+00 a      1053     0    36     1     3
 -1.0240335340230076E+00 a      1054     0    36     1     4
  7.8568669987580373E+00 a      1055     0    36     1     5
  1.8886370849138896E+00 a      1056     0    36     1     6
 -5.2511387875849387E+00 a      1057     0    36     1     7
  1.4364399963482249E-01 a      1058     0    36     1     8
  1.3981813572480792E+01 a      1059     0    36     1     9
 -7.3529021431637798E+00 a      1060     0    36     1    10
  1.4827551438310090E+01 a      1061     0    36     1    11
  2.2171967313584588E+01 a      1062     0    36     1    12
  8.1550882029436274E+00 a      1063     0    36     1    13
 -1.5485493790916196E+01 a      1064     0    36     1    14
 -3.3297500226799968E+01 a      1065     0    36     1    15
  1.9987410626227888E+01 a      1066     0    36     1    16
 -3.3576990758915315E+00 a      1067     0    36     1    17
 -8.9221789223037522E+00 a      1068     0    36     1    18
  3.9256190071737933E+00 a      1069     0    36     1    19
  1.1939229408915391E+01 a      1070     0    36     1    20
 -2.0860013019571657E+01 a      1071     0    36     1    21
 -5.3996123686005895E+00 a      1072     0    36     1    22
 -7.2733897397507503E+00 a      1073     0    36     1    23
 -5.5374259294391921E+00 a      1074     0    36     1    24
  4.5469623196239191E+00 a      1075     0    36     1    25
 -1.7650659282481318E+01 a      1076     0    36     1    26
 -1.8366455414313290E+01 a      1077     0    36     1    27
  1.5382273297569876E+01 a      1078     0    36     1    28
  4.0487775350436204E+00 a      1079     0    36     1    29
  2.4893676353538268E+01 a      1080     0    36     1    30
  3.9539084708446235E+00 a      1081     0    37     1     1
 -1.2919445075728836E+01 a      1082     0    37     1     2
  2.3995465270928868E+01 a      1083     0    37     1     3
 -2.4984814319900511E+01 a      1084     0    37     1     4
 -2.8949806895343830E+01 a      1085     0    37     1     5
 -1.1973683956154238E+01 a      1086     0    37     1     6
  3.0559828682976562E+01 a      1087     0    37     1     7
 -2.9250977609866641E+01 a      1088     0    37     1     8
 -4.0625831454811046E-01 a      1089     0    37     1     9
 -1.2263227789127711E+00 a      1090     0    37     1    10
  1.0788279884081682E+01 a      1091     0    37     1    11
  2.2560614783126912E+01 a      1092     0    37     1    12
  1.0017043625589125E+01 a      1093     0    37     1    13
 -1.2392942090231777E+01 a      1094     0    37     1    14
  1.1774653321859173E+01 a      1095     0    37     1    15
  1.2869897302450690E+01 a      1096     0    37     1    16
 -1.1719636556085446E+01 a      1097     0    37     1    17
 -5.7309658699632726E-02 a      1098     0    37     1    18
  3.9506925550390051E+01 a      1099     0    37     1    19
 -1.6628668085238985E+01 a      1100     0    37     1    20
  5.6597857377808232E+01 a      1101     0    37     1    21
  2.2953717158075879E+01 a      1102     0    37     1    22
  4.0497125898356634E+00 a      1103     0    37     1    23
 -2.1731660812911393E+00 a      1104     0    37     1    24
 -4.0315361358833584E+01 a      1105     0    37     1    25
  1.6983200194902114E+01 a      1106     0    37     1    26
 -9.4039602104747733E+00 a      1107     0    37     1    27
 -3.5695427640858752E+00 a      1108     0    37     1    28
 -1.7732773926182642E+01 a      1109     0    37     1    29
  3.3859028891823868E+01 a      1110     0    37     1    30
 -3.1101560613562085E+00 a      1111     0    38     1     1
  3.8001542281008390E+01 a      1112     0    38     1     2
 -1.1059335090273882E+01 a      1113     0    38     1     3
  7.6611708868196782E-01 a      1114     0    38     1     4
 -1.0881411336315880E+01 a      1115     0    38     1     5
  1.4330500155428137E+01 a      1116     0    38     1     6
  7.2426029474697762E+00 a      1117     0    38     1     7
 -1.3531696140411549E+01 a      1118     0    38     1     8
 -1.6649717579131231E+01 a      1119     0    38     1     9
  2.5011528573843824E+00 a      1120     0    38     1    10
 -1.3316347614809402E+01 a      1121     0    38     1    11
 -3.7032049907396235E+01 a      1122     0    38     1    12
 -1.7844125232269032E+01 a      1123     0    38     1    13
  6.7632723317623791E+00 a      1124     0    38     1    14
  2.1083224651912115E+01 a      1125     0    38     1    15
 -4.5689472537336407E+01 a      1126     0    38     1    16
  1.1680757178994392E+01 a      1127     0    38     1    17
  1.4814440658998530E+01 a      1128     0    38     1    18
 -1.9352549746414741E+01 a      1129     0    38     1    19
 -2.5525287693330192E+01 a      1130     0    38     1    20
  7.0004995358717030E+00 a      1131     0    38     1    21
  8.6279090073872364E+00 a      1132     0    38     1    22
  1.3073888683877193E+01 a      1133     0    38     1    23
  6.8653146849095963E+00 a      1134     0    38     1    24
 -9.2538538810778714E+00 a      1135     0    38     1    25
  1.6793534846458783E+01 a      1136     0    38     1    26
  1.0108571012726005E+01 a      1137     0    38     1    27
 -1.8090949909544886E+01 a      1138     0    38     1    28
 -1.5949123356690498E+01 a      1139     0    38     1    29
 -2.8687534025089306E+01 a      1140     0    38     1    30
 -7.2029259437327458E+00 a      1141     0    39     1     1
 -5.3128646495338465E+00 a      1142     0    39     1     2
  1.5661798947455343E+00 a      1143     0    39     1     3
 -1.8509295169616382E+00 a      1144     0    39     1     4
 -3.9340536096447325E+00 a      1145     0    39     1     5
  3.4351305036005861E+00 a      1146     0    39     1     6
 -2.9151923664444719E+00 a      1147     0    39     1     7
 -1.4099479507552351E+01 a      1148     0    39     1     8
 -8.4128511314084466E+00 a      1149     0    39     1     9
 -1.0654133344516215E+01 a      1150     0    39     1    10
 -5.9105895730338496E+00 a      1151     0    39     1    11
 -2.9118539217665176E+00 a      1152     0    39     1    12
  7.7838359789842020E+00 a      1153     0    39     1    13
 -2.1848465977780753E+00 a      1154     0    39     1    14
 -8.2324832342658851E+00 a      1155     0    39     1    15
 -1.4626107050669765E+00 a      1156     0    39     1    16
 -3.2919847782786245E+00 a      1157     0    39     1    17
 -1.4444233169928919E+00 a      1158     0    39     1    18
  5.2027426261116938E-01 a      1159     0    39     1    19
 -5.1208995713602805E+00 a      1160     0    39     1    20
  1.0187611476542608E+00 a      1161     0    39     1    21
  1.9125163482052634E+00 a      1162     0    39     1    22
 -2.3679230082867777E+00 a      1163     0    39     1    23
  1.6379848250782454E+00 a      1164     0    39     1    24
 -7.5727506816703078E+00 a      1165     0    39     1    25
  1.5192693495848555E+00 a      1166     0    39     1    26
 -4.7919700373184027E+00 a      1167     0    39     1    27
 -1.1760186689958603E+01 a      1168     0    39     1    28
 -3.2409831902902968E+00 a      1169     0    39     1    29
 -5.4244042623966637E-01 a      1170     0    39     1    30
 -6.9463854663147231E+00 a      1171     0    40     1     1
  9.4945991901210824E+00 a      1172     0    40     1     2
 -2.2738359775983383E+01 a      1173     0    40     1     3
  4.0448920308315275E+00 a      1174     0    40     1     4
  1.2458694239832397E+01 a      1175     0    40     1     5
 -1.0591608802217888E+01 a      1176     0    40     1     6
 -3.6520045878965681E+00 a      1177     0    40     1     7
  7.0691707976052340E+00 a      1178     0    40     1     8
 -1.5810293340840381E+01 a      1179     0    40     1     9
  1.3908035855716031E+01 a      1180     0    40     1    10
 -8.4017609391488755E+00 a      1181     0    40     1    11
 -3.5362793855138941E+00 a      1182     0    40     1    12
 -6.7062157040941095E+00 a      1183     0    40     1    13
  1.6309384761622908E+01 a      1184     0    40     1    14
 -1.3707556081810840E-01 a      1185     0    40     1    15
  3.6754229070746409E+00 a      1186     0    40     1    16
 -1.7634416908787880E+01 a      1187     0    40     1    17
  8.8851124914992177E+00 a      1188     0    40     1    18
 -2.4408412121194921E+01 a      1189     0    40     1    19
  2.3477388778635997E+00 a      1190     0    40     1    20
 -7.1513962744039947E+00 a      1191     0    40     1    21
 -9.1305086205469035E+00 a      1192     0    40     1    22
 -3.2379989588208433E+00 a      1193     0    40     1    23
 -2.0576336737274201E+00 a      1194     0    40     1    24
  1.2475898031808901E+01 a      1195     0    40     1    25
 -8.7044145624050806E+00 a      1196     0    40     1    26
  8.2601305390314295E+00 a      1197     0    40     1    27
  6.7167233954907557E+00 a      1198     0    40     1    28
  9.2726127408596479E+00 a      1199     0    40     1    29
 -1.8393284968614851E-01 a      1200     0    40     1    30
  1.6582326113327699E+01 a      1201     0    41     1     1
 -1.1577888140127319E+01 a      1202     0    41     1     2
  1.4545754444822684E+01 a      1203     0    41     1     3
  4.0082322161894224E-01 a      1204     0    41     1     4
  1.8466377862772116E+01 a      1205     0    41     1     5
  2.7701695430350583E+01 a      1206     0    41     1     6
 -1.0023395321330694E+01 a      1207     0    41     1     7
 -1.2465956670403620E+00 a      1208     0    41     1     8
  3.5432272864740163E+01 a      1209     0    41     1     9
 -1.5354746560223612E+01 a      1210     0    41     1    10
 -4.3142938294837645E+00 a      1211     0    41     1    11
  2.4440060165180261E-01 a      1212     0    41     1    12
  2.1766515847964092E+00 a      1213     0    41     1    13
 -6.8890154416399234E+00 a      1214     0    41     1    14
 -7.6250352995690927E+00 a      1215     0    41     1    15
 -4.7909423716265085E+00 a      1216     0    41     1    16
  2.3715310950298470E+01 a      1217     0    41     1    17
 -9.8651352146736464E+00 a      1218     0    41     1    18
  4.3264693055282795E+00 a      1219     0    41     1    19
  1.5859610373567698E+01 a      1220     0    41     1    20
 -1.7707671222684514E+01 a      1221     0    41     1    21
 -5.6151405412088460E+00 a      1222     0    41     1    22
 -1.3269761992101123E+00 a      1223     0    41     1    23
  8.9475791080636498E+00 a      1224     0    41     1    24
  1.6026087711850739E+01 a      1225     0    41     1    25
  7.3057153622605870E+00 a      1226     0    41     1    26
 -4.4256138174499773E+00 a      1227     0    41     1    27
  1.0863842851171581E+01 a      1228     0    41     1    28
 -3.4757384332407186E+00 a      1229     0    41     1    29
 -1.8006893389147926E+01 a      1230     0    41     1    30
  6.2957545659230458E+00 a      1231     0    42     1     1
  1.8495206549336456E+00 a      1232     0    42     1     2
 -4.2017656501375455E+00 a      1233     0    42     1     3
  5.7044269170120714E+00 a      1234     0    42     1     4
  2.4932117962215541E+00 a      1235     0    42     1     5
  1.1958013824558740E+00 a      1236     0    42     1     6
 -1.3882703869813158E+00 a      1237     0    42     1     7
 -4.8533118768554984E-01 a      1238     0    42     1     8
  9.2330711305204183E+00 a      1239     0    42     1     9
  1.2611376189755573E+01 a      1240     0    42     1    10
  6.6445567421048484E+00 a      1241     0    42     1    11
  1.0317516940155350E+01 a      1242     0    42     1    12
  7.1271425340512042E+00 a      1243     0    42     1    13
 -2.5225746780344860E+00 a      1244     0    42     1    14
  9.0751488782867114E+00 a      1245     0    42     1    15
  4.1191884155671037E+00 a      1246     0    42     1    16
  4.1560773154962316E+00 a      1247     0    42     1    17
 -2.2375927275020620E+00 a      1248     0    42     1    18
 -1.8913343850040331E+01 a      1249     0    42     1    19
 -1.6013994816024613E+01 a      1250     0    42     1    20
 -4.4520317062049033E+00 a      1251     0    42     1    21
 -3.9330994340547694E+00 a      1252     0    42     1    22
  8.0283884902261557E-03 a      1253     0    42     1    23
  4.5831028684976411E+00 a      1254     0    42     1    24
  2.1968884403579723E+00 a      1255     0    42     1    25
 -2.3211088864328397E+00 a      1256     0    42     1    26
  2.4042962716656637E+00 a      1257     0    42     1    27
  1.4872402929477442E+01 a      1258     0    42     1    28
 -2.0208017772592193E+00 a      1259     0    42     1    29
  3.5447192796693732E+00 a      1260     0    42     1    30
 -1.1029074091114269E-01 a      1261     0    43     1     1
 -3.9459494025808048E+00 a      1262     0    43     1     2
  4.7733380318494653E-02 a      1263     0    43     1     3
  1.4411324724752065E+01 a      1264     0    43     1     4
 -7.7474903083732172E-01 a      1265     0    43     1     5
 -2.0671225107764474E+01 a      1266     0    43     1     6
 -2.6924698767739563E-01 a      1267     0    43     1     7
  2.6784300550612091E+01 a      1268     0    43     1     8
  2.2444276414541937E+00 a      1269     0    43     1     9
  1.3553118117665187E+01 a      1270     0    43     1    10
  3.1403203336127286E+00 a      1271     0    43     1    11
  1.4823316900649370E+01 a      1272     0    43     1    12
  2.4985392992125708E+00 a      1273     0    43     1    13
  2.9955177090409753E+00 a      1274     0    43     1    14
  8.3347174179489460E+00 a      1275     0    43     1    15
 -7.6451221504176488E+00 a      1276     0    43     1    16
 -9.1626339330017093E+00 a      1277     0    43     1    17
 -4.1609602462621744E+00 a      1278     0    43     1    18
  7.7361590806852556E+00 a      1279     0    43     1    19
  1.0201874159659647E+01 a      1280     0    43     1    20
  3.8436473630622876E+00 a      1281     0    43     1    21
 -2.1247958974817145E+00 a      1282     0    43     1    22
 -3.4887574504885355E+00 a      1283     0    43     1    23
 -6.2609580495936221E+00 a      1284     0    43     1    24
  8.6658297012789607E+00 a      1285     0    43     1    25
 -1.3050623775898803E+01 a      1286     0    43     1    26
  1.1246225560297361E+01 a      1287     0    43     1    27
 -6.6052681322489457E+00 a      1288     0    43     1    28
  1.7223750675368557E+01 a      1289     0    43     1    29
  1.4378293864404645E+01 a      1290     0    43     1    30
  5.9921049715128649E-01 a      1291     0    44     1     1
 -3.2383966109761206E+00 a      1292     0    44     1     2
  5.2213468955013349E+00 a      1293     0    44     1     3
 -6.9609261282596853E+00 a      1294     0    44     1     4
 -2.0051034358717015E+00 a      1295     0    44     1     5
 -1.4444301372130606E+00 a      1296     0    44     1     6
 -4.3117361112496120E+00 a      1297     0    44     1     7
  1.2063713327820542E+01 a      1298     0    44     1     8
  1.0040305974641889E+01 a      1299     0    44     1     9
  3.7044485284314597E+00 a      1300     0    44     1    10
 -9.4583919109832362E+00 a      1301     0    44     1    11
 -1.3063268119347825E+01 a      1302     0    44     1    12
 -7.0446522138823413E+00 a      1303     0    44     1    13
 -2.2731057221503121E+00 a      1304     0    44     1    14
  2.1776067368465459E+00 a      1305     0    44     1    15
 -1.9431879488636305E+01 a      1306     0    44     1    16
  5.6803870635875786E-01 a      1307     0    44     1    17
 -8.2462534409143853E+00 a      1308     0    44     1    18
 -6.8938930035223702E+00 a      1309     0    44     1    19
  9.1673665960442374E+00 a      1310     0    44     1    20
  1.1724466557673264E+01 a      1311     0    44     1    21
 -9.1057641373850249E+00 a      1312     0    44     1    22
 -1.0857328213095336E+01 a      1313     0    44     1    23
 -1.1366058546212944E+01 a      1314     0    44     1    24
 -6.2192456331092805E+00 a      1315     0    44     1    25
  2.9216013347157306E+00 a      1316     0    44     1    26
 -4.4636275520883490E+00 a      1317     0    44     1    27
  1.4301546984854104E+01 a      1318     0    44     1    28
  6.1413980666999035E-01 a      1319     0    44     1    29
 -7.4735495720008673E+00 a      1320     0    44     1    30
  1.0744916273223136E+01 a      1321     0    45     1     1
 -1.3461578209222602E+00 a      1322     0    45     1     2
  1.1211572255431463E+00 a      1323     0    45     1     3
 -1.0676615084151360E+00 a      1324     0    45     1     4
 -1.0408980719519958E+01 a      1325     0    45     1     5
 -2.1180198880471920E+01 a      1326     0    45     1     6
  6.0490841856509157E+00 a      1327     0    45     1     7
  2.3142466830516604E+00 a      1328     0    45     1     8
  4.4128358342775833E+00 a      1329     0    45     1     9
 -2.2387186176738472E+00 a      1330     0    45     1    10
 -1.3536936332200669E+00 a      1331     0    45     1    11
  6.3852960976887849E-02 a      1332     0    45     1    12
 -7.9404449626603704E+00 a      1333     0    45     1    13
 -7.9671479386702364E+00 a      1334     0    45     1    14
 -9.8945209113890797E+00 a      1335     0    45     1    15
 -2.8145567170976151E+00 a      1336     0    45     1    16
  1.1529700794672133E+01 a      1337     0    45     1    17
 -5.6623951919164481E+00 a      1338     0    45     1    18
 -5.1943145216898392E+00 a      1339     0    45     1    19
 -4.8041014876708948E-01 a      1340     0    45     1    20
 -2.9229214478387874E+01 a      1341     0    45     1    21
 -4.9036328012047159E+00 a      1342     0    45     1    22
 -8.5631175982178789E+00 a      1343     0    45     1    23
  9.2412043305551184E-01 a      1344     0    45     1    24
  2.3293236137669839E+00 a      1345     0    45     1    25
  1.2220195463149508E+01 a      1346     0    45     1    26
  9.5166501863887643E+00 a      1347     0    45     1    27
  2.4902779467600070E+01 a      1348     0    45     1    28
 -1.5962088092245800E+01 a      1349     0    45     1    29
 -1.3184759881358097E+01 a      1350     0    45     1    30
  1.2432530712729557E+01 a      1351     0    46     1     1
 -7.9850639138665995E+00 a      1352     0    46     1     2
  1.9891922375558088E-01 a      1353     0    46     1     3
  6.1669355115463720E+00 a      1354     0    46     1     4
 -3.4434975923308033E+00 a      1355     0    46     1     5
  5.5190369847966814E+00 a      1356     0    46     1     6
  2.2512059192489236E+01 a      1357     0    46     1     7
 -8.7295357471528732E+00 a      1358     0    46     1     8
 -1.2466872258936220E+01 a      1359     0    46     1     9
 -9.3765517826295008E-01 a      1360     0    46     1    10
  8.2919187029039545E+00 a      1361     0    46     1    11
  1.2886476217432676E+01 a      1362     0    46     1    12
  5.7018540705562959E+00 a      1363     0    46     1    13
 -1.0220680377140212E+01 a      1364     0    46     1    14
  2.3444713650959472E+00 a      1365     0    46     1    15
  1.6823957118932711E+01 a      1366     0    46     1    16
 -3.7605876074056427E-01 a      1367     0    46     1    17
 -5.1689752947902157E-01 a      1368     0    46     1    18
  1.1701725793272052E+01 a      1369     0    46     1    19
 -9.9888464045902534E+00 a      1370     0    46     1    20
  4.1253353899325873E+00 a      1371     0    46     1    21
  1.1990330414558857E+01 a      1372     0    46     1    22
  1.0987169683515640E+01 a      1373     0    46     1    23
  1.7751380505667527E+01 a      1374     0    46     1    24
  4.5331179942829508E-01 a      1375     0    46     1    25
 -4.1005874916412681E+00 a      1376     0    46     1    26
  1.1173479718576234E+01 a      1377     0    46     1    27
 -1.9134617311133344E+01 a      1378     0    46     1    28
 -9.7452015542069734E+00 a      1379     0    46     1    29
 -5.1818129511739732E+00 a      1380     0    46     1    30
  7.2684852032689518E-01 a      1381     0    47     1     1
  2.7768556873531143E+00 a      1382     0    47     1     2
  1.4807818416716548E-01 a      1383     0    47     1     3
  3.4426960230884274E+00 a      1384     0    47     1     4
  6.1997158220200115E+00 a      1385     0    47     1     5
  1.9933186666248563E+01 a      1386     0    47     1     6
 -2.5719314634571582E+00 a      1387     0    47     1     7
 -8.7405845128520223E+00 a      1388     0    47     1     8
 -3.3552846425733303E+00 a      1389     0    47     1     9
 -3.2962479112674297E+00 a      1390     0    47     1    10
  7.1142363168973199E+00 a      1391     0    47     1    11
  6.9228099960433678E+00 a      1392     0    47     1    12
  9.3761525977338167E-01 a      1393     0    47     1    13
 -3.5423434744278262E+00 a      1394     0    47     1    14
  7.7166081875107997E+00 a      1395     0    47     1    15
  1.7891833312445782E-01 a      1396     0    47     1    16
  2.8603434489057706E+00 a      1397     0    47     1    17
  3.9510755994028979E+00 a      1398     0    47     1    18
  6.3195232519799562E+00 a      1399     0    47     1    19
  3.4227910711919791E+00 a      1400     0    47     1    20
  2.3128563423519736E+01 a      1401     0    47     1    21
  1.6471037351588944E-01 a      1402     0    47     1    22
  3.0565162738839944E+00 a      1403     0    47     1    23
  6.5412075315461919E+00 a      1404     0    47     1    24
 -4.7957358844446665E+00 a      1405     0    47     1    25
  2.9259672251195097E+00 a      1406     0    47     1    26
 -3.7136832438810798E+00 a      1407     0    47     1    27
 -8.1446565718516126E+00 a      1408     0    47     1    28
  8.3321260833833541E+00 a      1409     0    47     1    29
  2.5455978236968564E+00 a      1410     0    47     1    30
 -4.0552159429759547E+00 a      1411     0    48     1     1
  6.6637095851844350E+00 a      1412     0    48     1     2
  1.8332765507442876E+00 a      1413     0    48     1     3
  1.2394659619871471E+00 a      1414     0    48     1     4
  8.2453749763332986E+00 a      1415     0    48     1     5
 -6.6686746917931679E+00 a      1416     0    48     1     6
 -1.7098573374817526E+01 a      1417     0    48     1     7
  3.0822970864051018E+00 a      1418     0    48     1     8
  2.8691640483151972E+00 a      1419     0    48     1     9
 -6.6203846979422858E+00 a      1420     0    48     1    10
 -3.1942887437407546E+00 a      1421     0    48     1    11
 -1.1147116024784472E+01 a      1422     0    48     1    12
 -1.0667221154467599E+01 a      1423     0    48     1    13
  4.7709029822257394E+00 a      1424     0    48     1    14
 -3.0877888190556688E+00 a      1425     0    48     1    15
 -8.5290571981636809E-02 a      1426     0    48     1    16
  3.0468262507395236E+00 a      1427     0    48     1    17
 -6.8618019368453320E-01 a      1428     0    48     1    18
 -5.0252920144771025E+00 a      1429     0    48     1    19
 -1.4112832567846540E+00 a      1430     0    48     1    20
 -3.7584890744489123E+00 a      1431     0    48     1    21
 -2.3206339327339260E+00 a      1432     0    48     1    22
 -1.0753270915434959E+01 a      1433     0    48     1    23
 -7.9781874971438089E+00 a      1434     0    48     1    24
  1.0630045966381260E+01 a      1435     0    48     1    25
  7.7963108773707646E+00 a      1436     0    48     1    26
 -5.9468848901175155E+00 a      1437     0    48     1    27
  9.6608632251656896E+00 a      1438     0    48     1    28
  4.1923923055795207E+00 a      1439     0    48     1    29
  6.2802753695291536E-01 a      1440     0    48     1    30
 -1.8569524626122835E+01 a      1441     0    49     1     1
  1.6439255499654184E+01 a      1442     0    49     1     2
 -8.1772127276721349E+00 a      1443     0    49     1     3
 -4.5637812511876765E+00 a      1444     0    49     1     4
  2.1272455242657326E+01 a      1445     0    49     1     5
  3.6204055877214927E+01 a      1446     0    49     1     6
  3.0987128269396393E+00 a      1447     0    49     1     7
 -5.0707706992423818E+00 a      1448     0    49     1     8
  8.3933156324382630E+00 a      1449     0    49     1     9
  1.5344641641081521E+01 a      1450     0    49     1    10
  1.7617633615361193E+01 a      1451     0    49     1    11
  4.5465372346348278E+00 a      1452     0    49     1    12
 -2.0606751243622199E+00 a      1453     0    49     1    13
  1.0899032409647857E+01 a      1454     0    49     1    14
  8.9564262002278756E+00 a      1455     0    49     1    15
  1.2159856834819252E+01 a      1456     0    49     1    16
 -1.6797224520672822E+00 a      1457     0    49     1    17
 -5.0413025124441768E+00 a      1458     0    49     1    18
  4.9641793942027803E+00 a      1459     0    49     1    19
 -2.1781991872188794E+01 a      1460     0    49     1    20
  4.0879711088925141E+01 a      1461     0    49     1    21
 -1.6621540813065181E+00 a      1462     0    49     1    22
  8.0815372002897004E+00 a      1463     0    49     1    23
  5.2207492029440923E+00 a      1464     0    49     1    24
  1.8548343207877853E+01 a      1465     0    49     1    25
 -1.1181235543233869E+00 a      1466     0    49     1    26
 -2.3434289534517145E+01 a      1467     0    49     1    27
 -5.0825662570806180E+00 a      1468     0    49     1    28
  1.7193473995568215E+01 a      1469     0    49     1    29
  7.5689570607730348E+00 a      1470     0    49     1    30
  9.1226783651149059E+00 a      1471     0    50     1     1
 -3.1782821825036773E+00 a      1472     0    50     1     2
 -4.5062368623681159E+00 a      1473     0    50     1     3
  1.2088489476289062E+00 a      1474     0    50     1     4
 -2.4585658219063649E+01 a      1475     0    50     1     5
 -2.5438015672128724E+01 a      1476     0    50     1     6
 -5.3939234450820779E+00 a      1477     0    50     1     7
 -2.4669451207045925E+00 a      1478     0    50     1     8
 -1.0193162820537140E+01 a      1479     0    50     1     9
 -1.0830710904096117E+01 a      1480     0    50     1    10
 -1.5006137847409844E+01 a      1481     0    50     1    11
  3.6764064213684211E+00 a      1482     0    50     1    12
  5.3841993955362701E+00 a      1483     0    50     1    13
  5.5149612993433834E+00 a      1484     0    50     1    14
 -9.1675280144057822E+00 a      1485     0    50     1    15
  1.0693471765618410E+01 a      1486     0    50     1    16
 -1.1463003657311999E+00 a      1487     0    50     1    17
  1.4060059991300911E+01 a      1488     0    50     1    18
  3.9313012790886641E+00 a      1489     0    50     1    19
  7.9027963117027280E+00 a      1490     0    50     1    20
 -3.1049985802475099E+01 a      1491     0    50     1    21
  8.2866864071455082E-01 a      1492     0    50     1    22
  9.7943937359439328E+00 a      1493     0    50     1    23
 -2.6020644645122315E-01 a      1494     0    50     1    24
 -7.4694131639636021E+00 a      1495     0    50     1    25
 -3.1845426817354503E+00 a      1496     0    50     1    26
  2.4500940914902685E+01 a      1497     0    50     1    27
 -1.2851702738341839E+01 a      1498     0    50     1    28
 -1.5302365913645974E+00 a      1499     0    50     1    29
  1.2031249736081501E+01 a      1500     0    50     1    30
 -6.8069052530419629E+00 a      1501     0    51     1     1
 -1.7336901063528398E+01 a      1502     0    51     1     2
  1.1712356795166223E+00 a      1503     0    51     1     3
  1.5453062764860455E+00 a      1504     0    51     1     4
 -3.4603573055318040E+00 a      1505     0    51     1     5
 -1.1293701675646282E+01 a      1506     0    51     1     6
 -1.0791622210712863E+01 a      1507     0    51     1     7
  5.4362959587650224E+00 a      1508     0    51     1     8
 -8.0869593781786531E+00 a      1509     0    51     1     9
  5.6149298176605971E+00 a      1510     0    51     1    10
 -8.7022731088422987E+00 a      1511     0    51     1    11
 -1.0126325499266995E+01 a      1512     0    51     1    12
  8.2764351512569725E+00 a      1513     0    51     1    13
  1.2212516884583986E+01 a      1514     0    51     1    14
  3.8682598538368640E+00 a      1515     0    51     1    15
 -2.9623167939587365E+00 a      1516     0    51     1    16
 -8.0627843265073977E+00 a      1517     0    51     1    17
  5.0483992299607836E+00 a      1518     0    51     1    18
 -8.9323327285407501E+00 a      1519     0    51     1    19
  7.0548747070725231E+00 a      1520     0    51     1    20
 -7.1850482246751159E+00 a      1521     0    51     1    21
  6.9173835474913670E+00 a      1522     0    51     1    22
 -1.9737421573063516E+00 a      1523     0    51     1    23
 -1.3843732196305410E+01 a      1524     0    51     1    24
 -8.0183677741042061E+00 a      1525     0    51     1    25
 -2.4665944386984123E+01 a      1526     0    51     1    26
  1.6556536073777670E+00 a      1527     0    51     1    27
 -3.0973292979345626E+01 a      1528     0    51     1    28
  5.8378491363503917E+00 a      1529     0    51     1    29
  1.4050866975874296E+01 a      1530     0    51     1    30
  1.8178144880242215E+00 a      1531     0    52     1     1
  1.1323869093988510E+01 a      1532     0    52     1     2
 -5.2087555430069949E+00 a      1533     0    52     1     3
 -1.4427319714509540E+01 a      1534     0    52     1     4
 -6.3047993590508744E+00 a      1535     0    52     1     5
 -4.2809222816009229E-01 a      1536     0    52     1     6
 -5.3780819851110921E+00 a      1537     0    52     1     7
  3.8006343928210331E+00 a      1538     0    52     1     8
  1.4246106263168350E+01 a      1539     0    52     1     9
  3.3325927716695873E+00 a      1540     0    52     1    10
 -1.9040889741090957E+01 a      1541     0    52     1    11
 -4.1882624011617340E+00 a      1542     0    52     1    12
  1.0176814557217433E+01 a      1543     0    52     1    13
  7.8407522718748339E+00 a      1544     0    52     1    14
  2.8040139202698491E+00 a      1545     0    52     1    15
 -2.4427245572058840E+01 a      1546     0    52     1    16
 -1.0841447907697011E+01 a      1547     0    52     1    17
  1.2012031361867539E+01 a      1548     0    52     1    18
 -1.5426759013132625E+00 a      1549     0    52     1    19
  1.1083209135249016E+01 a      1550     0    52     1    20
 -1.3551523243465886E+00 a      1551     0    52     1    21
 -1.0050469483037753E+01 a      1552     0    52     1    22
  1.5144383137196908E+01 a      1553     0    52     1    23
 -3.7538518926958213E+00 a      1554     0    52     1    24
 -1.7850172693292119E+01 a      1555     0    52     1    25
 -3.8139736941743960E+00 a      1556     0    52     1    26
  2.0734938177593243E+00 a      1557     0    52     1    27
  1.4808064292192864E+00 a      1558     0    52     1    28
  4.0159043740426303E-01 a      1559     0    52     1    29
  9.2533377802410630E+00 a      1560     0    52     1    30
 -1.6145489941676434E+01 a      1561     0    53     1     1
 -1.0025465817795931E+01 a      1562     0    53     1     2
 -4.8412981384603135E+00 a      1563     0    53     1     3
  1.1115705356915544E+01 a      1564     0    53     1     4
  2.0024141259766349E+01 a      1565     0    53     1     5
  1.2451655981194337E+01 a      1566     0    53     1     6
  6.0466922670725287E-01 a      1567     0    53     1     7
 -4.7175733653126128E+00 a      1568     0    53     1     8
 -4.3533063049977940E+00 a      1569     0    53     1     9
  8.8482775368635416E+00 a      1570     0    53     1    10
  3.4023340290885265E+01 a      1571     0    53     1    11
  6.2263900266888452E+00 a      1572     0    53     1    12
 -4.9068957495889221E+00 a      1573     0    53     1    13
  3.8883073530923449E+00 a      1574     0    53     1    14
 -9.0528924887013886E+00 a      1575     0    53     1    15
  3.0862910917823573E+01 a      1576     0    53     1    16
  1.1393631222941767E+01 a      1577     0    53     1    17
 -4.9287681336852733E+00 a      1578     0    53     1    18
 -5.7489331568897351E+00 a      1579     0    53     1    19
 -2.1404722256605670E+01 a      1580     0    53     1    20
  7.0337062552563878E-01 a      1581     0    53     1    21
 -1.3229847591031212E+00 a      1582     0    53     1    22
 -8.0912667307784893E+00 a      1583     0    53     1    23
 -4.0875263620679669E-01 a      1584     0    53     1    24
  2.1307050536712701E+01 a      1585     0    53     1    25
  6.8610029236667769E+00 a      1586     0    53     1    26
 -1.8342099904340859E+01 a      1587     0    53     1    27
  2.7352095328198084E-01 a      1588     0    53     1    28
  1.3842227579204083E+01 a      1589     0    53     1    29
 -5.6662778336643189E+00 a      1590     0    53     1    30
  2.6327646814657699E+00 a      1591     0    54     1     1
  2.3256358773066559E+01 a      1592     0    54     1     2
 -2.2180276510242125E+00 a      1593     0    54     1     3
 -1.5786086838237146E+01 a      1594     0    54     1     4
  1.0960718472160229E+01 a      1595     0    54     1     5
 -1.6995461128874364E+01 a      1596     0    54     1     6
 -5.0501542344949009E+00 a      1597     0    54     1     7
  1.4003165967411984E+01 a      1598     0    54     1     8
  2.4579239636267086E-01 a      1599     0    54     1     9
 -2.0395936969096308E+01 a      1600     0    54     1    10
 -1.0603067845741188E+01 a      1601     0    54     1    11
  2.8175269436197876E+00 a      1602     0    54     1    12
 -1.1495859832249604E+01 a      1603     0    54     1    13
 -1.8346573431793626E+01 a      1604     0    54     1    14
 -1.2484028834068916E+01 a      1605     0    54     1    15
 -2.5298772844414490E+00 a      1606     0    54     1    16
 -1.1676529672238184E+01 a      1607     0    54     1    17
 -1.3951985739800973E+01 a      1608     0    54     1    18
  4.1221764847427789E+00 a      1609     0    54     1    19
  1.8872462444331418E+01 a      1610     0    54     1    20
 -3.5043297774017752E+01 a      1611     0    54     1    21
 -6.7902389810317088E+00 a      1612     0    54     1    22
 -1.6182902303887477E+01 a      1613     0    54     1    23
  9.3075029668589551E+00 a      1614     0    54     1    24
 -1.6416014988954679E+01 a      1615     0    54     1    25
  1.8534004115567203E+01 a      1616     0    54     1    26
 -1.2073875478177138E+00 a      1617     0    54     1    27
  1.4900898370762855E+01 a      1618     0    54     1    28
 -2.5039033853976608E+01 a      1619     0    54     1    29
 -1.6028896664783762E+01 a      1620     0    54     1    30
 -2.9606902069073233E+00 a      1621     0    55     1     1
  2.0929833140820024E+00 a      1622     0    55     1     2
 -4.0265289278251692E-01 a      1623     0    55     1     3
 -4.9799838281799245E+00 a      1624     0    55     1     4
  1.0409523226773862E+00 a      1625     0    55     1     5
 -1.7682668905170203E+01 a      1626     0    55     1     6
  4.5811483083590065E+00 a      1627     0    55     1     7
  1.1156497548730792E+01 a      1628     0    55     1     8
  4.5100297444706605E+00 a      1629     0    55     1     9
 -5.6631382078411994E+00 a      1630     0    55     1    10
 -1.3487277942311152E+01 a      1631     0    55     1    11
 -6.5440308262826576E+00 a      1632     0    55     1    12
 -4.3109402452582328E+00 a      1633     0    55     1    13
  1.4903117553726142E-01 a      1634     0    55     1    14
 -1.6384064092735038E+01 a      1635     0    55     1    15
  1.6430289429992737E+00 a      1636     0    55     1    16
 -8.1002085144157299E+00 a      1637     0    55     1    17
 -8.5616208785976209E+00 a      1638     0    55     1    18
 -2.6219930828056719E+00 a      1639     0    55     1    19
 -4.0840884660422043E+00 a      1640     0    55     1    20
 -2.3930001401347884E+01 a      1641     0    55     1    21
 -1.8152656786153372E+00 a      1642     0    55     1    22
  3.6798095315357928E+00 a      1643     0    55     1    23
 -4.4530847750839886E+00 a      1644     0    55     1    24
  2.9272676931645938E+00 a      1645     0    55     1    25
  4.1123545718046923E+00 a      1646     0    55     1    26
  2.0063113741072405E+00 a      1647     0    55     1    27
  1.5980970905680474E+01 a      1648     0    55     1    28
 -6.9041334438430866E+00 a      1649     0    55     1    29
 -4.3891592306659453E+00 a      1650     0    55     1    30
 -3.4482402599332098E+00 a      1651     0    56     1     1
 -7.8649668064697309E+00 a      1652     0    56     1     2
 -2.8614914206321529E-01 a      1653     0    56     1     3
  1.5836156065936676E+01 a      1654     0    56     1     4
 -9.0299730118964145E+00 a      1655     0    56     1     5
  2.8954823868399484E+00 a      1656     0    56     1     6
  1.3066973514864767E+01 a      1657     0    56     1     7
 -3.6140566400132053E+00 a      1658     0    56     1     8
 -1.1229432790234313E+01 a      1659     0    56     1     9
  5.6651966021487219E+00 a      1660     0    56     1    10
  1.2560549204034118E+01 a      1661     0    56     1    11
  1.1493122058245609E+01 a      1662     0    56     1    12
  5.0795456488931547E+00 a      1663     0    56     1    13
 -6.7543132133445019E+00 a      1664     0    56     1    14
  8.4430438544378994E+00 a      1665     0    56     1    15
  9.7608622413952713E+00 a      1666     0    56     1    16
  4.8510653373352195E+00 a      1667     0    56     1    17
 -8.2614188715439436E+00 a      1668     0    56     1    18
 -2.8284139058823228E+00 a      1669     0    56     1    19
  4.2017799131015793E-01 a      1670     0    56     1    20
 -1.1619101927023161E+01 a      1671     0    56     1    21
  6.5612650286268019E+00 a      1672     0    56     1    22
  4.5434626377171083E+00 a      1673     0    56     1    23
  3.0168335094327885E+00 a      1674     0    56     1    24
  1.3988242075345449E+00 a      1675     0    56     1    25
 -1.2511830119057020E+01 a      1676     0    56     1    26
 -7.2503177154644149E-01 a      1677     0    56     1    27
 -6.0112979483872850E+00 a      1678     0    56     1    28
 -3.2928380909800326E+00 a      1679     0    56     1    29
 -3.0085664265586818E+00 a      1680     0    56     1    30
  1.5656335859703134E+01 a      1681     0    57     1     1
 -2.5059963012480932E+01 a      1682     0    57     1     2
  6.9376455236803780E+00 a      1683     0    57     1     3
  1.6540790452678003E+01 a      1684     0    57     1     4
  1.4122862647522778E+01 a      1685     0    57     1     5
  1.0457947342145037E+01 a      1686     0    57     1     6
  1.8927773819963630E+01 a      1687     0    57     1     7
 -1.7291072614231446E+01 a      1688     0    57     1     8
  8.4807268440061223E-01 a      1689     0    57     1     9
  1.9969712619173849E+00 a      1690     0    57     1    10
  1.2273499359797155E+01 a      1691     0    57     1    11
 -9.7674070731007543E+00 a      1692     0    57     1    12
  1.0354613438626073E+01 a      1693     0    57     1    13
  7.5408848186022404E+00 a      1694     0    57     1    14
  1.8287921031147196E+01 a      1695     0    57     1    15
 -2.0876670950547005E+01 a      1696     0    57     1    16
  9.6603016301281375E-02 a      1697     0    57     1    17
  2.8533179106357557E-02 a      1698     0    57     1    18
 -2.2034369823807731E+00 a      1699     0    57     1    19
 -3.5624636425928387E+00 a      1700     0    57     1    20
  3.3704610709674540E+01 a      1701     0    57     1    21
  1.3187020915884126E+01 a      1702     0    57     1    22
 -6.1516428918059924E+00 a      1703     0    57     1    23
  4.9266688912273375E+00 a      1704     0    57     1    24
 -2.6134693437662340E+00 a      1705     0    57     1    25
 -2.8157531795529049E+01 a      1706     0    57     1    26
 -4.4014083652196518E+00 a      1707     0    57     1    27
 -1.3231177930619635E+01 a      1708     0    57     1    28
  3.9931427047273327E-01 a      1709     0    57     1    29
 -1.9806334787247686E+00 a      1710     0    57     1    30
 -3.6667822061878703E+00 a      1711     0    58     1     1
  3.8500344175593635E+00 a      1712     0    58     1     2
  1.1357082937913768E+01 a      1713     0    58     1     3
  1.1650875287246521E+01 a      1714     0    58     1     4
 -1.5627903768927583E+01 a      1715     0    58     1     5
  3.0546610332550898E+01 a      1716     0    58     1     6
  9.5353474841846300E+00 a      1717     0    58     1     7
 -2.4251816792921595E+01 a      1718     0    58     1     8
 -1.7720060837491758E+00 a      1719     0    58     1     9
  4.8637579795031165E+00 a      1720     0    58     1    10
  1.8002651035510976E+01 a      1721     0    58     1    11
  8.9499067939358596E+00 a      1722     0    58     1    12
  1.0130723725848950E+01 a      1723     0    58     1    13
 -5.3122358800090472E+00 a      1724     0    58     1    14
  2.4175206722926760E+01 a      1725     0    58     1    15
 -2.4157765636816739E+00 a      1726     0    58     1    16
  2.5582375208315220E+01 a      1727     0    58     1    17
  2.0439212840078053E+01 a      1728     0    58     1    18
 -1.0593126978076378E-01 a      1729     0    58     1    19
 -1.1349071135581745E+01 a      1730     0    58     1    20
  4.4951121267998190E+01 a      1731     0    58     1    21
 -4.6212162414702185E-01 a      1732     0    58     1    22
 -1.2544386631552861E+01 a      1733     0    58     1    23
  1.0971813359608470E+01 a      1734     0    58     1    24
  1.6500899451085218E+01 a      1735     0    58     1    25
  6.6876190206519204E-01 a      1736     0    58     1    26
 -5.6846842953859922E-01 a      1737     0    58     1    27
 -3.7611208523413349E+00 a      1738     0    58     1    28
  1.2190100119425479E+01 a      1739     0    58     1    29
  3.2922356394546988E+00 a      1740     0    58     1    30
  1.5231210130702316E+01 a      1741     0    59     1     1
 -3.2168036202291170E+00 a      1742     0    59     1     2
  7.1233213625388316E+00 a      1743     0    59     1     3
 -1.4975279461807256E+01 a      1744     0    59     1     4
  6.8481154027535063E-01 a      1745     0    59     1     5
 -1.4911362581138336E+01 a      1746     0    59     1     6
 -1.0877266442786373E+01 a      1747     0    59     1     7
  2.6895687302605964E+00 a      1748     0    59     1     8
  1.9411334880537279E+00 a      1749     0    59     1     9
 -8.5552132004741139E+00 a      1750     0    59     1    10
 -1.6739968571358162E+01 a      1751     0    59     1    11
 -7.0144057172341769E+00 a      1752     0    59     1    12
 -7.4461489149285098E+00 a      1753     0    59     1    13
 -9.0695293056802961E-01 a      1754     0    59     1    14
 -1.4278846808368046E+01 a      1755     0    59     1    15
 -2.7197462702959339E+00 a      1756     0    59     1    16
  5.5461056231815373E+00 a      1757     0    59     1    17
 -2.9615449558959313E+00 a      1758     0    59     1    18
  1.1838768798213128E+01 a      1759     0    59     1    19
 -1.9235523330927587E-01 a      1760     0    59     1    20
  2.1585286296541426E+01 a      1761     0    59     1    21
  3.1859453736904668E+00 a      1762     0    59     1    22
 -2.8962216479825482E+01 a      1763     0    59     1    23
 -1.1455275384245796E+01 a      1764     0    59     1    24
  6.3975634530349765E+00 a      1765     0    59     1    25
  1.0654114650296938E+01 a      1766     0    59     1    26
  1.6561347023055070E+01 a      1767     0    59     1    27
  7.8241486702372516E+00 a      1768     0    59     1    28
 -5.1130625597572887E+00 a      1769     0    59     1    29
 -5.5614573441190203E+00 a      1770     0    59     1    30
  1.0094711511794328E+01 a      1771     0    60     1     1
  1.0397224918115571E+01 a      1772     0    60     1     2
 -1.5348369260969282E+01 a      1773     0    60     1     3
 -2.6722291819522869E+01 a      1774     0    60     1     4
 -9.1584888403668074E+00 a      1775     0    60     1     5
 -2.1891206799969101E+01 a      1776     0    60     1     6
 -7.1948458720749020E+00 a      1777     0    60     1     7
 -2.9278613588169349E+00 a      1778     0    60     1     8
 -1.2572930666949027E+01 a      1779     0    60     1     9
  3.8469009149437707E+00 a      1780     0    60     1    10
 -3.0492312653936963E+01 a      1781     0    60     1    11
  5.5385370725415797E+00 a      1782     0    60     1    12
  1.2976491320491816E+01 a      1783     0    60     1    13
  6.8310278934796411E+00 a      1784     0    60     1    14
 -7.1756536844001415E+00 a      1785     0    60     1    15
 -7.3167911726813681E+00 a      1786     0    60     1    16
 -1.0350307561792274E+01 a      1787     0    60     1    17
  4.3681810454063568E+00 a      1788     0    60     1    18
  4.1690610772624987E+00 a      1789     0    60     1    19
 -2.0388182504980428E+00 a      1790     0    60     1    20
  2.3848126360466907E+01 a      1791     0    60     1    21
  3.4467336707596896E+00 a      1792     0    60     1    22
 -1.9457223087273118E+01 a      1793     0    60     1    23
 -2.5129353549527238E+00 a      1794     0    60     1    24
  7.1024411076163494E+00 a      1795     0    60     1    25
 -1.0929050983052683E+01 a      1796     0    60     1    26
  1.2214928347176803E+01 a      1797     0    60     1    27
  7.7079130749137184E+00 a      1798     0    60     1    28
  7.8162985665751297E+00 a      1799     0    60     1    29
  5.7531682070137675E+00 a      1800     0    60     1    30
 -6.1542347589983706E+00 a      1801     0    61     1     1
  5.6889962378140044E+00 a      1802     0    61     1     2
  8.7625164647474874E-01 a      1803     0    61     1     3
  1.3053991329542017E+01 a      1804     0    61     1     4
 -3.1418234835404997E+00 a      1805     0    61     1     5
  5.2369422908557466E+00 a      1806     0    61     1     6
 -1.7156666743568588E-01 a      1807     0    61     1     7
 -2.6795250789612455E+00 a      1808     0    61     1     8
 -3.5795169844027814E+00 a      1809     0    61     1     9
 -1.6869965128888918E+01 a      1810     0    61     1    10
  3.9206253191858971E+00 a      1811     0    61     1    11
 -6.0922603025454998E-02 a      1812     0    61     1    12
  3.8079586421078941E+00 a      1813     0    61     1    13
 -1.2846418496305397E+01 a      1814     0    61     1    14
  3.0667254232981827E+00 a      1815     0    61     1    15
 -1.3552327039347723E+01 a      1816     0    61     1    16
 -3.6705854489816976E+00 a      1817     0    61     1    17
  5.7884030195424732E+00 a      1818     0    61     1    18
  7.6433208539306268E+00 a      1819     0    61     1    19
 -1.6548924037066630E+01 a      1820     0    61     1    20
  2.8169412860399676E+00 a      1821     0    61     1    21
  6.3661333138144460E+00 a      1822     0    61     1    22
 -5.6114977328597773E+00 a      1823     0    61     1    23
  1.0394406958097802E+01 a      1824     0    61     1    24
  7.0738374684148186E-01 a      1825     0    61     1    25
  1.3546214926377175E+01 a      1826     0    61     1    26
  2.1246326915900320E+00 a      1827     0    61     1    27
 -1.5212652186499374E+01 a      1828     0    61     1    28
 -8.3002863221134700E+00 a      1829     0    61     1    29
 -1.8441136987214974E+00 a      1830     0    61     1    30
  8.4487601381207202E+00 a      1831     0    62     1     1
 -1.2565213395930533E+01 a      1832     0    62     1     2
 -2.5975216996381112E-01 a      1833     0    62     1     3
 -1.9326406512983269E+01 a      1834     0    62     1     4
  1.1885351036109926E+01 a      1835     0    62     1     5
 -7.2210560801208850E+00 a      1836     0    62     1     6
  7.4650745188040259E+00 a      1837     0    62     1     7
 -9.5362406497866061E+00 a      1838     0    62     1     8
  9.9282524032237607E+00 a      1839     0    62     1     9
  6.0293166564111988E+00 a      1840     0    62     1    10
 -1.9879308783635985E+01 a      1841     0    62     1    11
  1.9347132553268334E+00 a      1842     0    62     1    12
  5.6069402051018953E+00 a      1843     0    62     1    13
  2.4777366598613451E+01 a      1844     0    62     1    14
 -7.3127519032916295E+00 a      1845     0    62     1    15
 -4.5852443315555567E+00 a      1846     0    62     1    16
 -7.7223587666216442E+00 a      1847     0    62     1    17
  3.8183046658007815E+00 a      1848     0    62     1    18
 -4.9092543192488600E+00 a      1849     0    62     1    19
  1.4916028602557240E+01 a      1850     0    62     1    20
  1.9347049626039023E+01 a      1851     0    62     1    21
  7.0149332276677816E+00 a      1852     0    62     1    22
 -4.5550456909776633E+00 a      1853     0    62     1    23
 -3.4940965294879001E+00 a      1854     0    62     1    24
 -6.6875891646371697E+00 a      1855     0    62     1    25
 -1.0180356099734913E+01 a      1856     0    62     1    26
  4.7258778879654901E+00 a      1857     0    62     1    27
  1.3095258479943306E+01 a      1858     0    62     1    28
  7.7760135386894609E+00 a      1859     0    62     1    29
  4.7899416490762032E+00 a      1860     0    62     1    30
 -7.9211942162530740E+00 a      1861     0    63     1     1
 -4.0378418191874212E+00 a      1862     0    63     1     2
 -9.9679662690538233E+00 a      1863     0    63     1     3
  7.9673615237919657E+00 a      1864     0    63     1     4
 -6.9986618560763887E+00 a      1865     0    63     1     5
  1.3389157682797922E+01 a      1866     0    63     1     6
 -1.0130711964318662E+01 a      1867     0    63     1     7
  7.1501747743164490E+00 a      1868     0    63     1     8
  1.2510189912630590E+01 a      1869     0    63     1     9
  1.6509992932961516E+01 a      1870     0    63     1    10
  1.0189547564896331E-02 a      1871     0    63     1    11
  1.0015789867364507E+01 a      1872     0    63     1    12
 -1.6649153006755117E+01 a      1873     0    63     1    13
 -1.3666060237417565E+01 a      1874     0    63     1    14
  1.5821987457919473E-01 a      1875     0    63     1    15
  1.6673233207048355E+01 a      1876     0    63     1    16
  3.4126109482165292E+00 a      1877     0    63     1    17
  5.9224467559186023E+00 a      1878     0    63     1    18
  6.9974783380475687E+00 a      1879     0    63     1    19
 -1.1357194480000485E+01 a      1880     0    63     1    20
  8.5466169533435803E+00 a      1881     0    63     1    21
 -5.6974174320368753E+00 a      1882     0    63     1    22
 -8.4434854479147656E+00 a      1883     0    63     1    23
  8.6148459544005562E-01 a      1884     0    63     1    24
  1.0864312946207175E+01 a      1885     0    63     1    25
  2.4853424112332090E+00 a      1886     0    63     1    26
  3.4173729507394968E+00 a      1887     0    63     1    27
  1.0105166236648421E+01 a      1888     0    63     1    28
  1.4889444667727454E+00 a      1889     0    63     1    29
  5.0095103845433151E+00 a      1890     0    63     1    30
  8.4770788235141425E-01 a      1891     0    64     1     1
  8.5070171569610746E+00 a      1892     0    64     1     2
 -5.9583713051457071E-02 a      1893     0    64     1     3
 -3.9914725556864723E+00 a      1894     0    64     1     4
 -4.7356672343725448E-01 a      1895     0    64     1     5
 -1.0924905257330103E+01 a      1896     0    64     1     6
 -7.3644419162318686E-01 a      1897     0    64     1     7
  3.4941407810874598E+00 a      1898     0    64     1     8
 -4.6948166529157485E+00 a      1899     0    64     1     9
  5.0816242770017146E+00 a      1900     0    64     1    10
 -9.7656620728938286E+00 a      1901     0    64     1    11
 -3.7703567661948738E+00 a      1902     0    64     1    12
  1.1328773785651745E+00 a      1903     0    64     1    13
  3.3170207933024738E+00 a      1904     0    64     1    14
  1.6689231474580744E+01 a      1905     0    64     1    15
 -2.1573825051450641E+00 a      1906     0    64     1    16
 -6.5996643970473035E-01 a      1907     0    64     1    17
  2.3723021303565290E+00 a      1908     0    64     1    18
  1.6961741418527947E+00 a      1909     0    64     1    19
 -7.0786455339710763E-01 a      1910     0    64     1    20
  8.9192091356510694E+00 a      1911     0    64     1    21
  4.4538199598247150E+00 a      1912     0    64     1    22
 -2.2133381569079185E+00 a      1913     0    64     1    23
  3.0973761148446712E+00 a      1914     0    64     1    24
  3.6138131211824618E+00 a      1915     0    64     1    25
  1.3273324244195594E+01 a      1916     0    64     1    26
  1.0505332005125949E+01 a      1917     0    64     1    27
  4.9753387428021103E+00 a      1918     0    64     1    28
  3.8250568484998899E+00 a      1919     0    64     1    29
 -6.4907397976871097E+00 a      1920     0    64     1    30
 -1.4615289895972274E+00 b      1921     1     1
 -9.8514582822181840E-01 b      1922     1     2
 -4.1758670261333930E-01 b      1923     1     3
 -6.5289658577361476E-01 b      1924     1     4
 -1.2016201721972628E+00 b      1925     1     5
  9.3955585980671974E-01 b      1926     1     6
 -2.5732666195709569E-01 b      1927     1     7
 -1.6485834378408155E+00 b      1928     1     8
  1.3281828379548799E+00 b      1929     1     9
 -3.4729861631859971E-01 b      1930     1    10
  9.2756131989497592E-01 b      1931     1    11
 -2.0218793028593676E+00 b      1932     1    12
 -1.4651064457781133E+00 b      1933     1    13
  1.6690982964548193E+00 b      1934     1    14
 -1.5128091820376077E+00 b      1935     1    15
  6.6231340858770624E-02 b      1936     1    16
 -3.6240775051210639E-01 b      1937     1    17
 -1.4412846594617479E+00 b      1938     1    18
 -3.0227989595717775E+00 b      1939     1    19
 -7.9866593527595242E-01 b      1940     1    20
  1.4461020747133349E+00 b      1941     1    21
 -1.1519761038208216E+00 b      1942     1    22
 -3.0452207072255288E+00 b      1943     1    23
 -3.2330611027676657E+00 b      1944     1    24
 -5.4911412334807119E-01 b      1945     1    25
 -2.5408776177334529E+00 b      1946     1    26
 -8.6690256829381063E-01 b      1947     1    27
 -5.9011720295519972E+00 b      1948     1    28
 -4.7093488296670322E-01 b      1949     1    29
 -2.1598778685022482E+00 b      1950     1    30
 -1.4698946104478898E+00 a      1951     1     1     2     1
 -8.3434984911455456E-01 a      1952     1     1     2     2
 -6.8784536135174223E-01 a      1953     1     1     2     3
  1.6672527451948893E-01 a      1954     1     1     2     4
  3.4758638445821982E-01 a      1955     1     1     2     5
  9.0164478582288166E-01 a      1956     1     1     2     6
  1.8714130510340973E-01 a      1957     1     1     2     7
 -6.2551342659640774E-01 a      1958     1     1     2     8
 -3.4011413596739909E-01 a      1959     1     1     2     9
  1.6223941482110649E+00 a      1960     1     1     2    10
 -9.0594036008463219E-01 a      1961     1     1     2    11
  1.0952795216367630E+00 a      1962     1     1     2    12
  1.7841686059203705E+00 a      1963     1     1     2    13
  1.8960667270367912E+00 a      1964     1     1     2    14
  9.2024720717494779E-01 a      1965     1     1     2    15
 -8.5121080635899560E-01 a      1966     1     1     2    16
  4.0861691750986529E-01 a      1967     1     1     2    17
 -2.2547023002140869E+00 a      1968     1     1     2    18
  1.1701079873769700E+00 a      1969     1     1     2    19
 -1.4347728426529593E-01 a      1970     1     1     2    20
 -9.6488617571981272E-01 a      1971     1     1     2    21
 -1.0431222605531711E+00 a      1972     1     1     2    22
  9.9269039561565753E-01 a      1973     1     1     2    23
  9.1716426661757000E-01 a      1974     1     1     2    24
 -8.6847210149108484E-02 a      1975     1     1     2    25
 -8.1352950119020861E-01 a      1976     1     1     2    26
 -5.6699651495841341E-01 a      1977     1     1     2    27
  9.1639798224424807E-01 a      1978     1     1     2    28
 -1.4821694386425155E+00 a      1979     1     1     2    29
  2.3350148929185566E+00 a      1980     1     1     2    30
 -1.1777518686292145E-02 a      1981     1     2     2     1
  3.2843872658776707E-01 a      1982     1     2     2     2
  7.6003864913600644E-02 a      1983     1     2     2     3
 -3.9936604012277738E-01 a      1984     1     2     2     4
 -1.2599042356331704E+00 a      1985     1     2     2     5
  1.9105883720040695E+00 a      1986     1     2     2     6
 -5.9934275038777629E-01 a      1987     1     2     2     7
  9.1999682956950235E-01 a      1988     1     2     2     8
 -1.0880755364098407E+00 a      1989     1     2     2     9
  1.5948048961758107E-01 a      1990     1     2     2    10
 -2.0522704531956806E+00 a      1991     1     2     2    11
 -1.0658972762248007E+00 a      1992     1     2     2    12
  2.5693828287432807E-01 a      1993     1     2     2    13
 -1.2060225341954063E+00 a      1994     1     2     2    14
  2.7071289352539302E-01 a      1995     1     2     2    15
  4.1568153624792398E-01 a      1996     1     2     2    16
 -1.9124016692434609E-01 a      1997     1     2     2    17
  3.5264691940265708E-01 a      1998     1     2     2    18
 -3.4617199765360296E-01 a      1999     1     2     2    19
 -1.6232043018191578E+00 a      2000     1     2     2    20
 -2.6580187664453847E+00 a      2001     1     2     2    21
 -1.4582165602103321E-02 a      2002     1     2     2    22
  1.5371042360571530E+00 a      2003     1     2     2    23
 -7.8742068444200464E-01 a      2004     1     2     2    24
 -1.0786845424340916E+00 a      2005     1     2     2    25
 -1.4111177092650335E+00 a      2006     1     2     2    26
  8.2303391954190386E-01 a      2007     1     2     2    27
 -7.4502292543129212E-01 a      2008     1     2     2    28
 -1.2332789248536769E+00 a      2009     1     2     2    29
  1.7357895030839487E+00 a      2010     1     2     2    30
 -2.5816040412801207E+00 a      2011     1     3     2     1
  2.9497641640811934E-01 a      2012     1     3     2     2
  7.2213298100124468E-01 a      2013     1     3     2     3
 -1.1799761824981776E+00 a      2014     1     3     2     4
 -1.0082413252248357E+00 a      2015     1     3     2     5
 -1.7058412826447968E+00 a      2016     1     3     2     6
 -7.4152915225159632E-01 a      2017     1     3     2     7
  1.1537958426053272E+00 a      2018     1     3     2     8
  1.6463554650223014E-01 a      2019     1     3     2     9
 -6.7440202494473056E-01 a      2020     1     3     2    10
 -9.2518436062987552E-01 a      2021     1     3     2    11
 -1.2988831848189186E+00 a      2022     1     3     2    12
  1.3362271202612332E+00 a      2023     1     3     2    13
  1.5835073427592787E+00 a      2024     1     3     2    14
 -2.7263291165956299E-01 a      2025     1     3     2    15
  1.6505443295078820E-01 a      2026     1     3     2    16
 -1.5144081561558898E+00 a      2027     1     3     2    17
  6.6847937116350495E-02 a      2028     1     3     2    18
  2.2106029086582121E-01 a      2029     1     3     2    19
 -7.5486029160448576E-01 a      2030     1     3     2    20
  1.7375374192328799E+00 a      2031     1     3     2    21
  2.4329647320594366E-01 a      2032     1     3     2    22
 -1.8010077551187202E+00 a      2033     1     3     2    23
 -4.0496502850561478E-01 a      2034     1     3     2    24
  9.5144316277758345E-01 a      2035     1     3     2    25
 -1.2571613346994277E+00 a      2036     1     3     2    26
  1.9620836845734291E+00 a      2037     1     3     2    27
 -9.2389227808063967E-01 a      2038     1     3     2    28
 -2.1373484733966559E+00 a      2039     1     3     2    29
 -1.3697757363084366E+00 a      2040     1     3     2    30
 -7.4137055418935249E-01 a      2041     1     4     2     1
 -4.6629186714978688E-01 a      2042     1     4     2     2
 -3.2066952950437422E-01 a      2043     1     4     2     3
  4.0904205419938477E-01 a      2044     1     4     2     4
 -6.4529868154436221E-01 a      2045     1     4     2     5
 -6.8391068132828110E+00 a      2046     1     4     2     6
  6.7543459291513475E-01 a      2047     1     4     2     7
  1.4534674669789958E+00 a      2048     1     4     2     8
  7.5013497101731772E-03 a      2049     1     4     2     9
  9.4430104405071091E-01 a      2050     1     4     2    10
  1.2440631179735195E+00 a      2051     1     4     2    11
  7.7413045220055016E-02 a      2052     1     4     2    12
 -6.8839881189024432E-01 a      2053     1     4     2    13
 -1.6674181863227913E+00 a      2054     1     4     2    14
  7.3075990065484386E-01 a      2055     1     4     2    15
  5.7862373286970747E-01 a      2056     1     4     2    16
  3.2565649528397700E-01 a      2057     1     4     2    17
  4.7954468547134438E-01 a      2058     1     4     2    18
  2.2311327698482799E+00 a      2059     1     4     2    19
  3.0115864606064475E+00 a      2060     1     4     2    20
 -4.7457127189599169E-01 a      2061     1     4     2    21
 -1.8164342956123096E+00 a      2062     1     4     2    22
 -1.9343937426643931E+00 a      2063     1     4     2    23
  2.9358752776190749E-02 a      2064     1     4     2    24
 -8.0060892429407315E-01 a      2065     1     4     2    25
  6.0171930186740963E-01 a      2066     1     4     2    26
  2.1322798233747839E+00 a      2067     1     4     2    27
  3.9852423557934253E+00 a      2068     1     4     2    28
 -4.4149284269680233E-01 a      2069     1     4     2    29
  7.1111252664470964E-02 a      2070     1     4     2    30
 -3.6656361148246847E-01 a      2071     1     5     2     1
 -7.3841655852352428E-01 a      2072     1     5     2     2
  4.4668692934451693E-01 a      2073     1     5     2     3
 -9.4545396181148866E-01 a      2074     1     5     2     4
 -1.0597607013713629E-01 a      2075     1     5     2     5
  1.2592442119067020E+00 a      2076     1     5     2     6
  1.0012318848142883E+00 a      2077     1     5     2     7
  3.0856568811628002E+00 a      2078     1     5     2     8
 -1.0905044810281848E+00 a      2079     1     5     2     9
  4.3761485690180296E-01 a      2080     1     5     2    10
  2.9767584141985964E-01 a      2081     1     5     2    11
 -8.9429113874250976E-01 a      2082     1     5     2    12
  1.5989153482339530E-01 a      2083     1     5     2    13
 -1.4824007140881723E-01 a      2084     1     5     2    14
 -6.7342885533057972E-01 a      2085     1     5     2    15
 -1.4642916699806592E+00 a      2086     1     5     2    16
  1.7373508161385032E+00 a      2087     1     5     2    17
 -8.9632992020096547E-01 a      2088     1     5     2    18
  4.6029608740247996E-01 a      2089     1     5     2    19
 -4.2446047601355515E-02 a      2090     1     5     2    20
 -2.0597008192552249E+00 a      2091     1     5     2    21
  7.7479528709838708E-01 a      2092     1     5     2    22
  1.1359681383105077E-01 a      2093     1     5     2    23
 -3.0941211305073741E+00 a      2094     1     5     2    24
  1.6305656911142761E+00 a      2095     1     5     2    25
  2.0320690058538607E-01 a      2096     1     5     2    26
  5.4788607891999030E-01 a      2097     1     5     2    27
  1.6602269852809068E+00 a      2098     1     5     2    28
 -2.1523631335731048E+00 a      2099     1     5     2    29
  6.4852856720806906E-01 a      2100     1     5     2    30
  1.0797760682408633E+00 a      2101     1     6     2     1
 -1.8820431948604976E-01 a      2102     1     6     2     2
 -2.0232154333758609E-01 a      2103     1     6     2     3
 -1.5750863136982782E+00 a      2104     1     6     2     4
  8.4983988215171868E-01 a      2105     1     6     2     5
 -1.0919491036187510E+00 a      2106     1     6     2     6
  4.3944210267080182E-02 a      2107     1     6     2     7
 -1.4894419274616222E+00 a      2108     1     6     2     8
 -5.5752476909645565E-01 a      2109     1     6     2     9
 -9.6012479304649068E-01 a      2110     1     6     2    10
  5.2468656393666913E-01 a      2111     1     6     2    11
  6.6394044962961496E-01 a      2112     1     6     2    12
  1.0920976567901430E+00 a      2113     1     6     2    13
  4.6527359325049072E-01 a      2114     1     6     2    14
  2.4656000995869157E-01 a      2115     1     6     2    15
  7.6722165450765475E-02 a      2116     1     6     2    16
  4.7053698869792282E-01 a      2117     1     6     2    17
  7.6663083154825673E-01 a      2118     1     6     2    18
  1.1639667144575088E+00 a      2119     1     6     2    19
 -1.1839396554214976E+00 a      2120     1     6     2    20
  1.3189090622011308E+00 a      2121     1     6     2    21
 -2.2507287091444690E+00 a      2122     1     6     2    22
  8.3718341637802096E-01 a      2123     1     6     2    23
  6.2671148973519597E-01 a      2124     1     6     2    24
 -1.5693377810942293E+00 a      2125     1     6     2    25
 -5.9072695658240149E-01 a      2126     1     6     2    26
  1.1132650729328488E+00 a      2127     1     6     2    27
 -1.6073782377967061E-01 a      2128     1     6     2    28
  1.1593671559475136E+00 a      2129     1     6     2    29
  6.1948972962105908E-01 a      2130     1     6     2    30
 -5.6774455759099474E-01 a      2131     1     7     2     1
 -1.5973280327655257E+00 a      2132     1     7     2     2
  1.1405390347838473E+00 a      2133     1     7     2     3
 -2.0119853280795645E+00 a      2134     1     7     2     4
 -1.0062052324757986E+00 a      2135     1     7     2     5
 -6.1029695312066068E-01 a      2136     1     7     2     6
  1.1321665335938453E+00 a      2137     1     7     2     7
 -1.3001294287227383E+00 a      2138     1     7     2     8
  2.0554076179316852E-01 a      2139     1     7     2     9
  4.4535124846186758E-01 a      2140     1     7     2    10
 -2.1402216249473365E+00 a      2141     1     7     2    11
  3.7848838905622700E-01 a      2142     1     7     2    12
 -8.6058676206362494E-01 a      2143     1     7     2    13
  1.3663523902787014E-01 a      2144     1     7     2    14
  1.4108855929319748E+00 a      2145     1     7     2    15
 -9.6565463011759012E-01 a      2146     1     7     2    16
 -1.9529538636865051E-01 a      2147     1     7     2    17
 -7.4844293154205810E-01 a      2148     1     7     2    18
  2.9080821012359204E-01 a      2149     1     7     2    19
 -3.7610316790433335E-02 a      2150     1     7     2    20
 -2.2435796039273397E+00 a      2151     1     7     2    21
  3.1276118290687611E+00 a      2152     1     7     2    22
  1.9650211629694587E+00 a      2153     1     7     2    23
  8.7787684346381545E-01 a      2154     1     7     2    24
 -3.1834204720649257E+00 a      2155     1     7     2    25
 -5.1766453072127516E-01 a      2156     1     7     2    26
 -1.4550136495461582E-01 a      2157     1     7     2    27
 -1.7439162198807960E+00 a      2158     1     7     2    28
  2.0929248194482253E+00 a      2159     1     7     2    29
 -4.0778639623183510E-01 a      2160     1     7     2    30
 -3.1515104706246455E+00 a      2161     1     8     2     1
  2.8476716266962238E-01 a      2162     1     8     2     2
  3.3455241024419158E-01 a      2163     1     8     2     3
  1.3876000656989309E+00 a      2164     1     8     2     4
  4.4673756909617507E-01 a      2165     1     8     2     5
  2.6832668124556019E-01 a      2166     1     8     2     6
  1.3845301439492643E+00 a      2167     1     8     2     7
 -7.3473624318630948E-01 a      2168     1     8     2     8
 -1.0924109107554993E+00 a      2169     1     8     2     9
  1.2058170129129824E+00 a      2170     1     8     2    10
 -1.9892596219032406E+00 a      2171     1     8     2    11
 -3.2724740800369680E+00 a      2172     1     8     2    12
  6.2821671864125894E-01 a      2173     1     8     2    13
  1.2010248644052306E+00 a      2174     1     8     2    14
  7.0418974338058979E-02 a      2175     1     8     2    15
 -7.2421936184112479E-01 a      2176     1     8     2    16
 -2.6906141032177533E-01 a      2177     1     8     2    17
  1.7429000500522960E+00 a      2178     1     8     2    18
  2.0113750617868282E+00 a      2179     1     8     2    19
 -3.6656941352709754E-01 a      2180     1     8     2    20
  1.1752763455835626E+00 a      2181     1     8     2    21
  2.8509875784391170E-01 a      2182     1     8     2    22
  1.4323427125473791E+00 a      2183     1     8     2    23
  2.5180471667331452E+00 a      2184     1     8     2    24
  1.5041376044378324E-01 a      2185     1     8     2    25
  2.3080241341454606E+00 a      2186     1     8     2    26
 -3.6166114166278945E-01 a      2187     1     8     2    27
  6.8093407132630490E-01 a      2188     1     8     2    28
 -4.2478670509462790E-01 a      2189     1     8     2    29
 -9.0464725738138363E-01 a      2190     1     8     2    30
 -5.1394341482466063E-02 a      2191     1     9     2     1
 -1.4839651916982399E+00 a      2192     1     9     2     2
 -2.0403323751929192E+00 a      2193     1     9     2     3
 -5.0963033542135723E-02 a      2194     1     9     2     4
  7.9977661551641321E-01 a      2195     1     9     2     5
  2.6164791156660028E-01 a      2196     1     9     2     6
 -1.8656896584376728E+00 a      2197     1     9     2     7
  1.1094947137580995E+00 a      2198     1     9     2     8
  3.7309866967341215E-01 a      2199     1     9     2     9
 -2.4301396503199264E+00 a      2200     1     9     2    10
 -2.5351327155834547E-02 a      2201     1     9     2    11
 -2.0855932463682478E+00 a      2202     1     9     2    12
 -8.5684615200380398E-01 a      2203     1     9     2    13
  1.9590159492665885E-01 a      2204     1     9     2    14
 -9.7537492008564963E-01 a      2205     1     9     2    15
 -1.6889537064937652E+00 a      2206     1     9     2    16
  1.9504990391577728E+00 a      2207     1     9     2    17
  6.1445265191841722E-02 a      2208     1     9     2    18
  1.3221674702130435E+00 a      2209     1     9     2    19
  7.4070990918849711E-01 a      2210     1     9     2    20
 -5.4167050631502123E-01 a      2211     1     9     2    21
 -1.2681569001355151E+00 a      2212     1     9     2    22
 -4.8692359795865831E-01 a      2213     1     9     2    23
  5.8031967390098516E-01 a      2214     1     9     2    24
  2.1990231848625439E+00 a      2215     1     9     2    25
 -7.8239105114050100E-01 a      2216     1     9     2    26
  5.2108866371500862E-01 a      2217     1     9     2    27
  2.3463971769667911E+00 a      2218     1     9     2    28
  3.0228455662881376E-01 a      2219     1     9     2    29
 -1.3827119252734397E+00 a      2220     1     9     2    30
 -5.4736819791420558E-03 a      2221     1    10     2     1
 -2.4972031634260536E-01 a      2222     1    10     2     2
  9.6404731463434742E-02 a      2223     1    10     2     3
  7.9154434696384446E-01 a      2224     1    10     2     4
 -8.5434890949334807E-01 a      2225     1    10     2     5
 -1.6100557222652709E+00 a      2226     1    10     2     6
 -1.5066540985276766E+00 a      2227     1    10     2     7
 -1.3228364049836501E+00 a      2228     1    10     2     8
 -7.8857442547458823E-01 a      2229     1    10     2     9
  7.7519235653292351E-01 a      2230     1    10     2    10
  4.1474460486364711E-01 a      2231     1    10     2    11
 -1.2467629184472560E-01 a      2232     1    10     2    12
  1.4285835998184091E+00 a      2233     1    10     2    13
  8.7305105745616429E-01 a      2234     1    10     2    14
 -1.4551897683048864E-01 a      2235     1    10     2    15
  3.1238905634777708E-01 a      2236     1    10     2    16
 -1.0111764799436442E+00 a      2237     1    10     2    17
  5.9139903874904676E-01 a      2238     1    10     2    18
  7.7247018429051328E-01 a      2239     1    10     2    19
 -7.4825960920293477E-01 a      2240     1    10     2    20
 -1.0736543603065953E+00 a      2241     1    10     2    21
  1.6748689205500263E-02 a      2242     1    10     2    22
  7.6406818853269040E-02 a      2243     1    10     2    23
  5.9496072218823426E-01 a      2244     1    10     2    24
  7.4957915106643824E-01 a      2245     1    10     2    25
  7.6316461028892779E-01 a      2246     1    10     2    26
 -1.4324754574786953E+00 a      2247     1    10     2    27
  1.8464242492306500E+00 a      2248     1    10     2    28
  2.9185989780303440E-01 a      2249     1    10     2    29
  1.6715614592170791E+00 a      2250     1    10     2    30
 -1.0340022265000413E+00 a      2251     1    11     2     1
  8.6458677714061971E-01 a      2252     1    11     2     2
 -4.3590261920584961E-01 a      2253     1    11     2     3
  2.4325613549179654E+00 a      2254     1    11     2     4
  5.4008020744465673E-02 a      2255     1    11     2     5
 -3.1551325745780354E+00 a      2256     1    11     2     6
 -1.2364443329083133E-01 a      2257     1    11     2     7
 -6.5240010922271402E-04 a      2258     1    11     2     8
 -5.5937144201654454E-01 a      2259     1    11     2     9
 -2.3306510379503920E-01 a      2260     1    11     2    10
  1.4460407931607486E-01 a      2261     1    11     2    11
 -1.1996293938448559E+00 a      2262     1    11     2    12
  7.5046777206053028E-01 a      2263     1    11     2    13
  4.8270930825071556E-02 a      2264     1    11     2    14
 -8.9161881433575840E-01 a      2265     1    11     2    15
  3.7531683145572620E-01 a      2266     1    11     2    16
 -1.7953691628834794E+00 a      2267     1    11     2    17
 -1.7361658331699101E+00 a      2268     1    11     2    18
 -1.4337036244289219E+00 a      2269     1    11     2    19
 -1.0530952881714184E+00 a      2270     1    11     2    20
  7.7377447135216082E-01 a      2271     1    11     2    21
 -2.4791966794445935E-01 a      2272     1    11     2    22
 -3.5461819908646972E+00 a      2273     1    11     2    23
 -3.2351992098326471E-01 a      2274     1    11     2    24
 -7.2170112373846973E-01 a      2275     1    11     2    25
  1.1279706656673414E+00 a      2276     1    11     2    26
 -2.3731813361157159E+00 a      2277     1    11     2    27
  8.8378232558780778E-01 a      2278     1    11     2    28
  4.6345212171748951E-01 a      2279     1    11     2    29
 -1.2251874032731769E-01 a      2280     1    11     2    30
  6.7310502482141121E-01 a      2281     1    12     2     1
 -2.7049644237654247E-01 a      2282     1    12     2     2
  2.5297312628938701E-01 a      2283     1    12     2     3
 -5.4655985945978114E-01 a      2284     1    12     2     4
 -5.4245684864141985E-01 a      2285     1    12     2     5
  2.7943933186357663E-02 a      2286     1    12     2     6
  8.4914967161210761E-02 a      2287     1    12     2     7
  1.4680326433707509E+00 a      2288     1    12     2     8
 -3.5724486709694719E-01 a      2289     1    12     2     9
  4.4753049578133947E-01 a      2290     1    12     2    10
 -2.8251235178687259E-02 a      2291     1    12     2    11
  5.0648559807818350E-02 a      2292     1    12     2    12
  7.4758131495072389E-01 a      2293     1    12     2    13
 -1.2485576170814934E+00 a      2294     1    12     2    14
 -7.0032361552785771E-01 a      2295     1    12     2    15
  2.9831835014016816E-01 a      2296     1    12     2    16
  6.4536492517064636E-01 a      2297     1    12     2    17
 -2.2465721757669495E+00 a      2298     1    12     2    18
 -2.2372170880065312E+00 a      2299     1    12     2    19
 -1.7158858672443619E-01 a      2300     1    12     2    20
 -2.9477459142810325E-01 a      2301     1    12     2    21
 -9.8532977042776693E-01 a      2302     1    12     2    22
 -3.0003879232701131E-01 a      2303     1    12     2    23
  3.2274817341907042E-01 a      2304     1    12     2    24
  2.5124857647891868E-01 a      2305     1    12     2    25
  8.7041970577030614E-01 a      2306     1    12     2    26
  9.0753706863652917E-01 a      2307     1    12     2    27
 -1.2866919107155976E+00 a      2308     1    12     2    28
 -5.0131678527593170E-02 a      2309     1    12     2    29
 -7.6389691588995401E-01 a      2310     1    12     2    30
 -1.4151843929678329E+00 a      2311     1    13     2     1
 -4.8023451131323702E-01 a      2312     1    13     2     2
 -6.6430274562489300E-01 a      2313     1    13     2     3
  5.5411065585580188E-01 a      2314     1    13     2     4
  3.0203257122325039E-01 a      2315     1    13     2     5
 -1.7210458662136940E+00 a      2316     1    13     2     6
  6.9014385414480006E-01 a      2317     1    13     2     7
  1.9832742732419157E+00 a      2318     1    13     2     8
  1.0407167502620280E+00 a      2319     1    13     2     9
  1.0972693871916277E+00 a      2320     1    13     2    10
  2.1521727504335983E-01 a      2321     1    13     2    11
 -1.0729932538895100E-01 a      2322     1    13     2    12
 -1.3321864376123893E+00 a      2323     1    13     2    13
 -8.3563716827446943E-01 a      2324     1    13     2    14
  2.9108199205201291E-01 a      2325     1    13     2    15
 -2.1394744742812990E+00 a      2326     1    13     2    16
 -3.4888206672635187E+00 a      2327     1    13     2    17
  2.2527091142393068E+00 a      2328     1    13     2    18
 -7.0953601675649058E-01 a      2329     1    13     2    19
  7.6646459131218347E-01 a      2330     1    13     2    20
  1.0825629550215897E-01 a      2331     1    13     2    21
 -2.1552194466660692E+00 a      2332     1    13     2    22
  2.8552299074885124E-01 a      2333     1    13     2    23
 -2.0995812326238775E-01 a      2334     1    13     2    24
 -3.0738793938902980E+00 a      2335     1    13     2    25
  3.0046437263253453E-02 a      2336     1    13     2    26
  1.8086570028114435E+00 a      2337     1    13     2    27
  9.3944756591953149E-01 a      2338     1    13     2    28
 -1.1357919129413263E+00 a      2339     1    13     2    29
  1.7956450788517955E-01 a      2340     1    13     2    30
  1.2076461349383120E-01 a      2341     1    14     2     1
  1.0578331310501490E+00 a      2342     1    14     2     2
 -1.0679524116479606E+00 a      2343     1    14     2     3
 -5.2288264287627639E-01 a      2344     1    14     2     4
 -2.4086223041855224E+00 a      2345     1    14     2     5
 -1.0040137096357009E+00 a      2346     1    14     2     6
  3.0893239573640003E-02 a      2347     1    14     2     7
 -1.6657752173223512E+00 a      2348     1    14     2     8
  3.6908880876048528E-01 a      2349     1    14     2     9
 -8.5852293423990256E-01 a      2350     1    14     2    10
 -5.6014862914580432E-01 a      2351     1    14     2    11
  8.6366951187375862E-01 a      2352     1    14     2    12
  6.1153193562380848E-01 a      2353     1    14     2    13
 -4.2925914666443514E-02 a      2354     1    14     2    14
  8.9267785584313364E-01 a      2355     1    14     2    15
 -5.7999355584238255E-01 a      2356     1    14     2    16
 -8.2344636546334637E-01 a      2357     1    14     2    17
 -7.8869210700994341E-01 a      2358     1    14     2    18
 -1.1094644959097162E+00 a      2359     1    14     2    19
  6.8179937897374987E-01 a      2360     1    14     2    20
 -1.2640998069392004E-01 a      2361     1    14     2    21
 -2.3742564725308789E-02 a      2362     1    14     2    22
 -9.5253802854897296E-01 a      2363     1    14     2    23
 -1.1704910443090012E-01 a      2364     1    14     2    24
 -1.5767355286184896E+00 a      2365     1    14     2    25
 -1.6031896061752438E+00 a      2366     1    14     2    26
  9.6023735410172473E-01 a      2367     1    14     2    27
  4.3934097066548555E-01 a      2368     1    14     2    28
 -1.2760320986787607E-01 a      2369     1    14     2    29
 -8.4726956174599688E-02 a      2370     1    14     2    30
  6.1287690499295289E-01 a      2371     1    15     2     1
  1.5921778383532678E-01 a      2372     1    15     2     2
 -2.1145128868976468E-01 a      2373     1    15     2     3
  1.5391140869087945E-02 a      2374     1    15     2     4
 -2.8260342217934525E-01 a      2375     1    15     2     5
  1.1313901659294605E+00 a      2376     1    15     2     6
  4.5543716042312066E-01 a      2377     1    15     2     7
 -2.4298406563271961E+00 a      2378     1    15     2     8
 -5.4399822733168490E-01 a      2379     1    15     2     9
 -4.3721998417005407E-02 a      2380     1    15     2    10
  1.1913813321347753E+00 a      2381     1    15     2    11
  2.5633408537679425E-01 a      2382     1    15     2    12
  3.9349788367280081E-01 a      2383     1    15     2    13
  5.4122977700347286E-01 a      2384     1    15     2    14
 -3.6032884102279555E-01 a      2385     1    15     2    15
  4.4262394818047929E-01 a      2386     1    15     2    16
  1.4544631707772122E+00 a      2387     1    15     2    17
  3.0681687945602332E-01 a      2388     1    15     2    18
 -6.3580026387160049E-01 a      2389     1    15     2    19
  7.4759685309022869E-02 a      2390     1    15     2    20
 -5.4995254720284104E-01 a      2391     1    15     2    21
 -1.1596685812446783E+00 a      2392     1    15     2    22
 -9.7288739172521965E-01 a      2393     1    15     2    23
 -1.4737310716556227E+00 a      2394     1    15     2    24
 -5.5170080898053098E-01 a      2395     1    15     2    25
 -7.7804478149481771E-01 a      2396     1    15     2    26
  2.4296654734002315E-01 a      2397     1    15     2    27
  1.4938725733999686E-01 a      2398     1    15     2    28
  1.8068304866958507E+00 a      2399     1    15     2    29
 -1.8235195994515669E+00 a      2400     1    15     2    30
  1.9807807345872441E-01 a      2401     1    16     2     1
  7.0120461637530807E-01 a      2402     1    16     2     2
 -9.6237603800359606E-01 a      2403     1    16     2     3
 -6.1518341038935065E-01 a      2404     1    16     2     4
 -9.2893339066115532E-01 a      2405     1    16     2     5
  1.5921564540030033E+00 a      2406     1    16     2     6
 -1.1724733229151565E+00 a      2407     1    16     2     7
 -2.7286315477496910E+00 a      2408     1    16     2     8
 -5.8288331724990150E-01 a      2409     1    16     2     9
 -9.8135054997600435E-01 a      2410     1    16     2    10
 -2.9386106258951078E-01 a      2411     1    16     2    11
 -1.0739040357720098E+00 a      2412     1    16     2    12
  1.2227963888762676E+00 a      2413     1    16     2    13
 -6.6498600773211083E-02 a      2414     1    16     2    14
 -7.8041808089289866E-01 a      2415     1    16     2    15
 -5.0967983202341294E-01 a      2416     1    16     2    16
 -1.3421834341997714E+00 a      2417     1    16     2    17
  3.8084735696276445E-01 a      2418     1    16     2    18
 -1.0307886422797563E+00 a      2419     1    16     2    19
 -1.0862635550890283E-01 a      2420     1    16     2    20
 -6.6366195479849699E-01 a      2421     1    16     2    21
  1.5894077345931404E-01 a      2422     1    16     2    22
 -1.4969255596984471E-01 a      2423     1    16     2    23
 -1.5644335825605740E+00 a      2424     1    16     2    24
 -1.1601525907795822E-01 a      2425     1    16     2    25
 -3.9461230186187712E-01 a      2426     1    16     2    26
 -1.2775139035231069E+00 a      2427     1    16     2    27
  1.7302553854877356E-01 a      2428     1    16     2    28
  9.9855493926172456E-01 a      2429     1    16     2    29
  1.6003015469416190E-01 a      2430     1    16     2    30
  5.3958695440524063E-01 a      2431     1    17     2     1
 -9.3913943254272236E-01 a      2432     1    17     2     2
 -1.3782269897692883E+00 a      2433     1    17     2     3
 -8.7148855060310490E-02 a      2434     1    17     2     4
 -1.5386059027464028E-02 a      2435     1    17     2     5
  2.6944416353547536E+00 a      2436     1    17     2     6
  1.2334716931456433E+00 a      2437     1    17     2     7
 -2.2151353557011526E+00 a      2438     1    17     2     8
 -7.4570788351159184E-02 a      2439     1    17     2     9
  5.0127577527900730E-02 a      2440     1    17     2    10
  2.2727003354905928E-01 a      2441     1    17     2    11
  6.0190624274928362E-01 a      2442     1    17     2    12
  2.1625006931751037E-01 a      2443     1    17     2    13
  3.7475331597705791E-01 a      2444     1    17     2    14
  1.0074975360277414E+00 a      2445     1    17     2    15
 -5.3022435122837996E-01 a      2446     1    17     2    16
  1.5744061044361082E+00 a      2447     1    17     2    17
  7.5743060501453352E-01 a      2448     1    17     2    18
 -2.1309475848389107E-02 a      2449     1    17     2    19
 -5.9477127810278374E-01 a      2450     1    17     2    20
 -1.5493788703858189E+00 a      2451     1    17     2    21
 -4.3269506705798455E-01 a      2452     1    17     2    22
 -7.6533080584779767E-01 a      2453     1    17     2    23
  1.2009667445219336E+00 a      2454     1    17     2    24
  1.4693818557718352E-01 a      2455     1    17     2    25
 -1.3471378035963220E+00 a      2456     1    17     2    26
  3.3673226181311738E-01 a      2457     1    17     2    27
  3.3672041321934243E-01 a      2458     1    17     2    28
 -2.3590059023369609E+00 a      2459     1    17     2    29
  1.7403962483948951E-01 a      2460     1    17     2    30
 -8.8314559180255681E-01 a      2461     1    18     2     1
  1.3275655832731970E+00 a      2462     1    18     2     2
  1.2724304931610873E+00 a      2463     1    18     2     3
 -2.7339440517368865E+00 a      2464     1    18     2     4
 -1.3770164903053645E+00 a      2465     1    18     2     5
  6.8336551919278773E-02 a      2466     1    18     2     6
 -1.6262805601278436E+00 a      2467     1    18     2     7
  1.4361647224354310E+00 a      2468     1    18     2     8
  1.5903594664179987E+00 a      2469     1    18     2     9
  2.4548206479072190E-01 a      2470     1    18     2    10
 -4.3814148067999015E-01 a      2471     1    18     2    11
  6.1229546764955922E-01 a      2472     1    18     2    12
  3.9377161266486915E-01 a      2473     1    18     2    13
 -3.4301047323886663E-01 a      2474     1    18     2    14
  5.1848737036578474E-01 a      2475     1    18     2    15
  1.4411130596561859E+00 a      2476     1    18     2    16
 -1.4633679624534202E-02 a      2477     1    18     2    17
  1.7940160027854593E+00 a      2478     1    18     2    18
 -5.7874034523953255E-01 a      2479     1    18     2    19
  9.0624009683134180E-02 a      2480     1    18     2    20
  2.0465435031901018E+00 a      2481     1    18     2    21
 -1.3928921214724479E+00 a      2482     1    18     2    22
 -8.7002133640189505E-01 a      2483     1    18     2    23
 -1.4590066204728376E+00 a      2484     1    18     2    24
  4.3255185915817795E-01 a      2485     1    18     2    25
 -8.9861822703713479E-01 a      2486     1    18     2    26
  1.5425271576427708E+00 a      2487     1    18     2    27
 -1.9331857337181875E+00 a      2488     1    18     2    28
 -3.9603501602566943E-01 a      2489     1    18     2    29
 -1.8159325004223743E+00 a      2490     1    18     2    30
 -1.0264212936530799E+00 a      2491     1    19     2     1
  2.1509611306426432E-01 a      2492     1    19     2     2
 -5.1924911712958033E-01 a      2493     1    19     2     3
  5.3659860165059159E-01 a      2494     1    19     2     4
 -1.1817943253639598E+00 a      2495     1    19     2     5
 -2.4857522590160341E+00 a      2496     1    19     2     6
  4.1307673327800401E-03 a      2497     1    19     2     7
 -4.7908699736657177E+00 a      2498     1    19     2     8
  3.5364392826104785E-01 a      2499     1    19     2     9
 -1.9493233094640416E+00 a      2500     1    19     2    10
  1.1700737816555176E+00 a      2501     1    19     2    11
  2.4591162466440972E-01 a      2502     1    19     2    12
 -1.6396043223986592E-01 a      2503     1    19     2    13
  6.4559761606093158E-01 a      2504     1    19     2    14
 -1.2723783090913474E+00 a      2505     1    19     2    15
  1.2456656658708702E+00 a      2506     1    19     2    16
 -1.0252940737402423E+00 a      2507     1    19     2    17
 -4.2618893104618427E-01 a      2508     1    19     2    18
  8.3487166578219685E-01 a      2509     1    19     2    19
 -1.0990016282997792E+00 a      2510     1    19     2    20
 -6.8603849904706415E-01 a      2511     1    19     2    21
  7.2945757226714522E-02 a      2512     1    19     2    22
 -1.7452966708962157E+00 a      2513     1    19     2    23
 -3.5278260964050573E-01 a      2514     1    19     2    24
  1.2022500605209072E+00 a      2515     1    19     2    25
 -2.7717690405219226E-02 a      2516     1    19     2    26
 -5.4521603286607123E-01 a      2517     1    19     2    27
  1.4214287548115903E+00 a      2518     1    19     2    28
 -1.1295538831995033E+00 a      2519     1    19     2    29
 -3.9225804510511886E-02 a      2520     1    19     2    30
  4.1177666738962881E-01 a      2521     1    20     2     1
 -1.9178861001253948E+00 a      2522     1    20     2     2
 -5.9172134591410751E-03 a      2523     1    20     2     3
  4.8723437986084434E-01 a      2524     1    20     2     4
  2.7074980076392846E-01 a      2525     1    20     2     5
 -6.2934682162396993E-01 a      2526     1    20     2     6
 -7.2871494470104869E-01 a      2527     1    20     2     7
  1.3305828381211662E+00 a      2528     1    20     2     8
  1.6360364415018960E+00 a      2529     1    20     2     9
  3.7533304589189159E-01 a      2530     1    20     2    10
  2.8829094457997539E-01 a      2531     1    20     2    11
  5.5123795085784288E-01 a      2532     1    20     2    12
 -1.3841901421226703E+00 a      2533     1    20     2    13
  4.6073234084433418E-01 a      2534     1    20     2    14
  3.4191327847865188E-01 a      2535     1    20     2    15
  8.5169719379767517E-01 a      2536     1    20     2    16
 -4.2658477201950240E-01 a      2537     1    20     2    17
 -1.2574831443640666E+00 a      2538     1    20     2    18
  1.5843912730182510E+00 a      2539     1    20     2    19
 -1.0486782994530590E+00 a      2540     1    20     2    20
  6.0007125632183467E-01 a      2541     1    20     2    21
  9.1515490998906079E-01 a      2542     1    20     2    22
 -3.7044722684681410E+00 a      2543     1    20     2    23
  1.1927958920271306E-01 a      2544     1    20     2    24
 -1.5052567376572230E+00 a      2545     1    20     2    25
 -5.0144950454562920E-01 a      2546     1    20     2    26
 -1.0099702354042912E+00 a      2547     1    20     2    27
  1.0123867599599254E+00 a      2548     1    20     2    28
  1.4013584409440478E+00 a      2549     1    20     2    29
  1.6784633565947189E+00 a      2550     1    20     2    30
 -8.5585891786423829E-01 a      2551     1    21     2     1
 -1.1205677325580827E+00 a      2552     1    21     2     2
 -6.6774003931785608E-01 a      2553     1    21     2     3
 -1.2782390678848157E-01 a      2554     1    21     2     4
 -3.6668987062713509E-01 a      2555     1    21     2     5
  1.1262259619529469E+00 a      2556     1    21     2     6
 -1.4208717934845134E+00 a      2557     1    21     2     7
 -1.6078389223690001E-01 a      2558     1    21     2     8
 -8.8458680692696201E-01 a      2559     1    21     2     9
 -4.0457995168623390E-01 a      2560     1    21     2    10
 -3.6264708581108140E-01 a      2561     1    21     2    11
 -2.2745840969454891E-02 a      2562     1    21     2    12
 -5.9774615488783889E-01 a      2563     1    21     2    13
 -1.0573704164748308E+00 a      2564     1    21     2    14
 -6.9865018259808553E-01 a      2565     1    21     2    15
  3.9778462482688487E-02 a      2566     1    21     2    16
 -1.7650719439507712E+00 a      2567     1    21     2    17
  5.8502005555291903E-01 a      2568     1    21     2    18
 -1.0835211815846912E-01 a      2569     1    21     2    19
  8.8838390990031646E-01 a      2570     1    21     2    20
 -4.2087265687274761E-01 a      2571     1    21     2    21
 -7.3123548911200509E-01 a      2572     1    21     2    22
 -7.9476674422140381E-01 a      2573     1    21     2    23
 -6.6668584650057894E-03 a      2574     1    21     2    24
 -5.3273549345287696E-01 a      2575     1    21     2    25
  1.1294007659390577E-01 a      2576     1    21     2    26
 -3.8085900207134343E-01 a      2577     1    21     2    27
  3.3528590584161733E-01 a      2578     1    21     2    28
 -9.0917449523156757E-01 a      2579     1    21     2    29
 -3.1907473574183060E-01 a      2580     1    21     2    30
  1.9810782366114732E+00 a      2581     1    22     2     1
  1.3143530407979921E-02 a      2582     1    22     2     2
  9.1104174923546111E-01 a      2583     1    22     2     3
 -1.0798883475247592E+00 a      2584     1    22     2     4
  7.4097897031605398E-01 a      2585     1    22     2     5
 -3.1140528521166605E-01 a      2586     1    22     2     6
 -9.8126557049422677E-02 a      2587     1    22     2     7
  8.9434466843867233E-01 a      2588     1    22     2     8
 -1.0189457874643231E+00 a      2589     1    22     2     9
 -9.2077014961893977E-01 a      2590     1    22     2    10
 -3.1476703559882288E-02 a      2591     1    22     2    11
  6.6583535494283030E-01 a      2592     1    22     2    12
  9.2256315243640030E-01 a      2593     1    22     2    13
  1.1076966218923789E+00 a      2594     1    22     2    14
  1.2305766220279966E+00 a      2595     1    22     2    15
 -2.7473739911590900E+00 a      2596     1    22     2    16
 -1.0375940351783099E+00 a      2597     1    22     2    17
 -5.7425648454747380E-01 a      2598     1    22     2    18
  1.8318501362215353E-01 a      2599     1    22     2    19
 -5.9361053397554320E-01 a      2600     1    22     2    20
 -7.9514970696456766E-01 a      2601     1    22     2    21
  3.2404596062481489E-01 a      2602     1    22     2    22
  4.1982456982491961E-01 a      2603     1    22     2    23
  1.9095189945149728E-02 a      2604     1    22     2    24
 -2.2415209120048787E+00 a      2605     1    22     2    25
  8.2128962407188844E-01 a      2606     1    22     2    26
 -1.2871450580109185E+00 a      2607     1    22     2    27
  7.7415535901160870E-01 a      2608     1    22     2    28
 -1.0743338948046477E-01 a      2609     1    22     2    29
  1.6539684142038038E+00 a      2610     1    22     2    30
  2.2967589599097225E+00 a      2611     1    23     2     1
 -2.8408478582325705E+00 a      2612     1    23     2     2
 -1.4003600589610339E+00 a      2613     1    23     2     3
 -2.7117528545222797E-01 a      2614     1    23     2     4
  3.4817369487473104E-01 a      2615     1    23     2     5
  2.9954218616837525E-01 a      2616     1    23     2     6
 -8.8708690351207120E-01 a      2617     1    23     2     7
 -1.0470484131894839E+00 a      2618     1    23     2     8
  2.6593297745225103E-01 a      2619     1    23     2     9
 -1.0929232387264018E+00 a      2620     1    23     2    10
 -2.7596583985903245E-01 a      2621     1    23     2    11
  1.8582404483212194E+00 a      2622     1    23     2    12
 -1.7864362631279052E+00 a      2623     1    23     2    13
 -2.3979831339401309E-01 a      2624     1    23     2    14
  1.8077810975336833E-01 a      2625     1    23     2    15
  2.1393588936936456E-01 a      2626     1    23     2    16
  6.3056633025244135E-01 a      2627     1    23     2    17
 -6.0637465802766821E-01 a      2628     1    23     2    18
 -1.6267076253849404E+00 a      2629     1    23     2    19
 -4.6934435416289089E-01 a      2630     1    23     2    20
 -7.0841597873351259E-01 a      2631     1    23     2    21
 -6.5656074813475984E-01 a      2632     1    23     2    22
 -8.5771375210329026E-01 a      2633     1    23     2    23
  1.2911445258332485E-01 a      2634     1    23     2    24
  1.1000990969986884E+00 a      2635     1    23     2    25
  1.7582222901463135E-01 a      2636     1    23     2    26
 -1.9730656755753881E-01 a      2637     1    23     2    27
 -3.3816856539841783E-01 a      2638     1    23     2    28
 -1.4797143662426263E-01 a      2639     1    23     2    29
 -2.1451461614548823E-02 a      2640     1    23     2    30
  3.9370593361253559E-01 a      2641     1    24     2     1
 -2.0402001972192507E-01 a      2642     1    24     2     2
 -3.8411886867436962E-01 a      2643     1    24     2     3
  1.9727091453060417E+00 a      2644     1    24     2     4
 -7.0700225776155523E-01 a      2645     1    24     2     5
  1.7314054550459033E+00 a      2646     1    24     2     6
  2.1276892012836863E+00 a      2647     1    24     2     7
  5.8488985032250929E-01 a      2648     1    24     2     8
 -1.0788345672853097E+00 a      2649     1    24     2     9
  1.4943070150251008E+00 a      2650     1    24     2    10
  1.4054291196811797E+00 a      2651     1    24     2    11
  1.4690435990511104E+00 a      2652     1    24     2    12
 -1.2382373864092011E+00 a      2653     1    24     2    13
  1.0130554927596504E-01 a      2654     1    24     2    14
  1.0232103048077297E+00 a      2655     1    24     2    15
 -2.0771280429411620E-01 a      2656     1    24     2    16
  1.2083687029643060E+00 a      2657     1    24     2    17
 -1.1131804328690786E+00 a      2658     1    24     2    18
  2.7203406200688516E+00 a      2659     1    24     2    19
 -1.1358943024081340E+00 a      2660     1    24     2    20
  1.1827237633866103E+00 a      2661     1    24     2    21
  4.1739060963675163E+00 a      2662     1    24     2    22
  6.9683728656074306E-01 a      2663     1    24     2    23
  1.3197071349044815E+00 a      2664     1    24     2    24
 -7.1585167573441667E-03 a      2665     1    24     2    25
  2.6022568324072776E-01 a      2666     1    24     2    26
 -4.7839439495777780E-01 a      2667     1    24     2    27
 -1.1076834004533029E+00 a      2668     1    24     2    28
 -2.3751481316221534E+00 a      2669     1    24     2    29
 -4.7536141027844064E-02 a      2670     1    24     2    30
 -3.2648898168996690E+00 a      2671     1    25     2     1
  1.9053112411319859E-01 a      2672     1    25     2     2
  9.9265213440133920E-02 a      2673     1    25     2     3
  1.1518751511682412E+00 a      2674     1    25     2     4
  1.7141314047752814E+00 a      2675     1    25     2     5
 -2.7040903938971628E-01 a      2676     1    25     2     6
  1.6605187379711168E+00 a      2677     1    25     2     7
  2.1881324247390301E+00 a      2678     1    25     2     8
 -4.4128735828918558E-01 a      2679     1    25     2     9
  1.0688007055648827E+00 a      2680     1    25     2    10
  2.1447486689840833E-01 a      2681     1    25     2    11
  8.6318877954558970E-01 a      2682     1    25     2    12
 -2.3947314370864711E-01 a      2683     1    25     2    13
 -1.4337436567652315E+00 a      2684     1    25     2    14
 -1.8692403889278994E-01 a      2685     1    25     2    15
  1.2350428822198038E-01 a      2686     1    25     2    16
  8.5850204503997296E-01 a      2687     1    25     2    17
 -2.6046743622662183E-01 a      2688     1    25     2    18
 -1.8237897719566407E+00 a      2689     1    25     2    19
 -3.8365655205406146E-01 a      2690     1    25     2    20
  1.2379941378668198E+00 a      2691     1    25     2    21
  3.7265314148734241E-01 a      2692     1    25     2    22
  1.3790090779030759E+00 a      2693     1    25     2    23
 -7.3729283616941010E-01 a      2694     1    25     2    24
 -1.2284339964036535E+00 a      2695     1    25     2    25
  1.5469068253340938E+00 a      2696     1    25     2    26
  9.7131368168039545E-01 a      2697     1    25     2    27
 -2.8456091842705189E+00 a      2698     1    25     2    28
 -7.0211379818762867E-02 a      2699     1    25     2    29
 -2.5904955009899058E+00 a      2700     1    25     2    30
 -1.6313982737829604E+00 a      2701     1    26     2     1
  4.2459334304884866E-01 a      2702     1    26     2     2
 -9.0793885250810080E-01 a      2703     1    26     2     3
 -8.9433992284492059E-01 a      2704     1    26     2     4
  1.0438214517826592E+00 a      2705     1    26     2     5
  2.6011513324739801E+00 a      2706     1    26     2     6
  8.5474058862981750E-01 a      2707     1    26     2     7
 -1.3553199510809042E+00 a      2708     1    26     2     8
  5.8518512248268306E-01 a      2709     1    26     2     9
  1.4570921574066233E+00 a      2710     1    26     2    10
  7.2714511626482792E-01 a      2711     1    26     2    11
  3.4534362337163121E-01 a      2712     1    26     2    12
 -1.4919539105971418E+00 a      2713     1    26     2    13
 -1.8363825220098957E+00 a      2714     1    26     2    14
 -9.7913715515550692E-01 a      2715     1    26     2    15
  1.2407071698472647E+00 a      2716     1    26     2    16
  6.4229386116757117E-02 a      2717     1    26     2    17
  7.7710667028418376E-02 a      2718     1    26     2    18
 -4.9762768933913887E-01 a      2719     1    26     2    19
 -1.5862069745592127E+00 a      2720     1    26     2    20
 -1.8089746671527469E+00 a      2721     1    26     2    21
 -1.1343945025132443E+00 a      2722     1    26     2    22
  2.6556167502258643E+00 a      2723     1    26     2    23
  7.0891784249234632E-02 a      2724     1    26     2    24
  1.1695605452955562E+00 a      2725     1    26     2    25
  2.0821365773095379E-01 a      2726     1    26     2    26
 -2.4363702901126705E+00 a      2727     1    26     2    27
 -9.1173198912848841E-01 a      2728     1    26     2    28
 -9.8281448338472854E-01 a      2729     1    26     2    29
  4.9703500009519941E-01 a      2730     1    26     2    30
 -3.6739610943761902E-01 a      2731     1    27     2     1
  6.9036560861019503E-01 a      2732     1    27     2     2
  5.1449812239333537E-01 a      2733     1    27     2     3
  9.4310622292974289E-01 a      2734     1    27     2     4
  6.2504078396995710E-01 a      2735     1    27     2     5
  4.7519577794992343E-02 a      2736     1    27     2     6
 -2.4888877622809918E-01 a      2737     1    27     2     7
  2.4741102465549700E-01 a      2738     1    27     2     8
 -5.4325093900383881E-01 a      2739     1    27     2     9
 -4.8937026794439419E-02 a      2740     1    27     2    10
 -3.6543982988703727E-01 a      2741     1    27     2    11
  3.0179962747091521E-01 a      2742     1    27     2    12
 -1.3485460412700620E-01 a      2743     1    27     2    13
 -1.0857419829803884E-01 a      2744     1    27     2    14
 -1.7473612011357120E+00 a      2745     1    27     2    15
 -1.8130205969000877E+00 a      2746     1    27     2    16
 -1.4882709022258320E+00 a      2747     1    27     2    17
 -3.7811878888685082E+00 a      2748     1    27     2    18
 -1.4178402202960052E+00 a      2749     1    27     2    19
 -1.0901045091232957E+00 a      2750     1    27     2    20
  1.9503719647808282E+00 a      2751     1    27     2    21
 -1.4248951778818400E-01 a      2752     1    27     2    22
  1.2255683922178977E+00 a      2753     1    27     2    23
 -7.7688668714220588E-01 a      2754     1    27     2    24
  2.1438084391280960E+00 a      2755     1    27     2    25
  1.1107067265975855E-01 a      2756     1    27     2    26
 -1.0395503463363533E+00 a      2757     1    27     2    27
 -1.9100090053714198E+00 a      2758     1    27     2    28
 -4.3116351659299799E-02 a      2759     1    27     2    29
  5.7938598725393797E-01 a      2760     1    27     2    30
  1.2929546098402260E+00 a      2761     1    28     2     1
 -1.3933090774096841E+00 a      2762     1    28     2     2
  8.2923593874317014E-01 a      2763     1    28     2     3
  1.6480684390965836E+00 a      2764     1    28     2     4
  4.6092200711414749E-01 a      2765     1    28     2     5
 -2.9785425133897481E-01 a      2766     1    28     2     6
 -1.4384411728395334E+00 a      2767     1    28     2     7
  6.3377370830412050E-01 a      2768     1    28     2     8
  5.1777810635015176E-01 a      2769     1    28     2     9
 -1.3096299275564760E+00 a      2770     1    28     2    10
 -1.2499280087192695E-01 a      2771     1    28     2    11
  1.9703022875308780E+00 a      2772     1    28     2    12
 -1.2361337971410330E-01 a      2773     1    28     2    13
  6.6638885435111606E-01 a      2774     1    28     2    14
 -2.6863614647400853E+00 a      2775     1    28     2    15
  7.4913283829285648E-01 a      2776     1    28     2    16
  2.7424445556266916E+00 a      2777     1    28     2    17
 -2.7458680903931412E+00 a      2778     1    28     2    18
 -5.5677642067312427E-01 a      2779     1    28     2    19
 -1.2719529967992007E+00 a      2780     1    28     2    20
  1.6170215522785301E+00 a      2781     1    28     2    21
 -7.3720563456646893E-01 a      2782     1    28     2    22
 -1.5691671687034254E+00 a      2783     1    28     2    23
  1.1056422178258474E+00 a      2784     1    28     2    24
  7.8286465535258287E-01 a      2785     1    28     2    25
  2.7805022885835338E+00 a      2786     1    28     2    26
  5.5157736473163188E-01 a      2787     1    28     2    27
 -7.9755543839666765E-01 a      2788     1    28     2    28
  9.3022116453112380E-01 a      2789     1    28     2    29
  3.2905971379836407E-01 a      2790     1    28     2    30
  1.4842036759342370E+00 a      2791     1    29     2     1
 -1.8167823764628187E-02 a      2792     1    29     2     2
  2.2301643994166642E-01 a      2793     1    29     2     3
  5.1520032767705870E-01 a      2794     1    29     2     4
 -1.3024565297787785E+00 a      2795     1    29     2     5
  1.5625647092861890E+00 a      2796     1    29     2     6
 -2.1093818677914555E-01 a      2797     1    29     2     7
 -2.1801896832688439E-01 a      2798     1    29     2     8
 -9.9221304552125397E-02 a      2799     1    29     2     9
  6.2247700838778997E-01 a      2800     1    29     2    10
  2.7545293462934839E-01 a      2801     1    29     2    11
 -5.8773466019117759E-01 a      2802     1    29     2    12
  2.0213371946532059E+00 a      2803     1    29     2    13
 -2.5856405963767582E-02 a      2804     1    29     2    14
  3.0025361768587705E-01 a      2805     1    29     2    15
 -1.3191069123671932E+00 a      2806     1    29     2    16
  4.5417975900961483E-01 a      2807     1    29     2    17
 -2.8705876451475634E+00 a      2808     1    29     2    18
 -1.5184076142858220E+00 a      2809     1    29     2    19
 -1.3741749040686629E-01 a      2810     1    29     2    20
 -1.7212538174835716E+00 a      2811     1    29     2    21
  9.8494058969513087E-01 a      2812     1    29     2    22
 -2.8490782657783758E+00 a      2813     1    29     2    23
 -2.7786943300224481E-01 a      2814     1    29     2    24
  6.5948839569024476E-01 a      2815     1    29     2    25
 -2.0595010939583855E+00 a      2816     1    29     2    26
 -1.1579964177393645E+00 a      2817     1    29     2    27
  8.3127427251541230E-01 a      2818     1    29     2    28
 -1.5785250696453319E+00 a      2819     1    29     2    29
 -6.2500786523634733E-01 a      2820     1    29     2    30
 -1.2168122084649164E+00 a      2821     1    30     2     1
  6.1865204695732279E-01 a      2822     1    30     2     2
 -7.1253902142120173E-01 a      2823     1    30     2     3
  9.9360161326846397E-01 a      2824     1    30     2     4
  3.6938860514186522E-01 a      2825     1    30     2     5
 -2.6517434203841534E+00 a      2826     1    30     2     6
 -1.7490985416055378E+00 a      2827     1    30     2     7
  1.6737414899666587E+00 a      2828     1    30     2     8
  3.8846553937412603E-01 a      2829     1    30     2     9
 -8.1338528201207128E-01 a      2830     1    30     2    10
  1.6525502599760175E-01 a      2831     1    30     2    11
 -2.0133742610422106E-01 a      2832     1    30     2    12
 -1.6613160054788514E+00 a      2833     1    30     2    13
  3.4284017715590659E-01 a      2834     1    30     2    14
  7.4098391985346868E-01 a      2835     1    30     2    15
 -5.9910424495382941E-01 a      2836     1    30     2    16
  5.8747034279212695E-01 a      2837     1    30     2    17
  6.9782470516735118E-01 a      2838     1    30     2    18
  1.8034478291201514E+00 a      2839     1    30     2    19
  4.3043416295057402E-01 a      2840     1    30     2    20
  3.3693941370199756E+00 a      2841     1    30     2    21
  3.8976519144876165E-01 a      2842     1    30     2    22
  9.5176486893863332E-01 a      2843     1    30     2    23
 -2.6554313911190869E-02 a      2844     1    30     2    24
  1.1689666808090968E+00 a      2845     1    30     2    25
 -1.8500459407137659E-01 a      2846     1    30     2    26
 -2.4386343826793011E+00 a      2847     1    30     2    27
  7.5496661734857018E-01 a      2848     1    30     2    28
 -5.9211870541387779E-01 a      2849     1    30     2    29
  9.4665432814878314E-01 a      2850     1    30     2    30
  8.7564344163025556E+00 b      2851     2     1
  2.3781170390935902E+00 b      2852     2     2
  3.0870760538676745E+00 b      2853     2     3
 -1.9594978474681723E+00 b      2854     2     4
  4.8545322390653451E+00 b      2855     2     5
 -1.2022902343294934E+00 b      2856     2     6
  2.7402909973678744E+00 b      2857     2     7
  2.5964852441656738E+00 b      2858     2     8
 -4.6463985619880688E-01 b      2859     2     9
 -1.7725993939377880E+00 b      2860     2    10
  8.4265936697231023E+00 b      2861     2    11
  4.8592004929038675E+00 b      2862     2    12
 -5.6708059781579960E+00 b      2863     2    13
  2.3110347796044008E+00 b      2864     2    14
  8.5908502839958323E-01 b      2865     2    15
  2.3435329321609739E+00 b      2866     2    16
  3.7323735510517587E-03 b      2867     2    17
 -6.9916978463098491E+00 b      2868     2    18
  2.7580791666810041E+00 b      2869     2    19
  6.5275318300241487E+00 b      2870     2    20
 -5.9081886697454744E-01 b      2871     2    21
  2.7075327432765546E+00 b      2872     2    22
  1.1295864628210724E+01 b      2873     2    23
 -8.9702829802556228E-01 b      2874     2    24
  1.0309645603495927E+00 b      2875     2    25
  4.5802066146051308E+00 b      2876     2    26
 -4.3146581811339226E+00 b      2877     2    27
 -5.1731765682471664E+00 b      2878     2    28
  4.0613565491592096E+00 b      2879     2    29
 -5.8309672173813141E+00 b      2880     2    30
  1.1177639762982880E-02 a      2881     2     1     3     1
  6.5325827071506222E-04 a      2882     2     2     3     1
 -2.8329348666732412E-01 a      2883     2     3     3     1
  1.5014264253024240E-02 a      2884     2     4     3     1
 -1.4073002246145870E-02 a      2885     2     5     3     1
  6.0603462688637533E-02 a      2886     2     6     3     1
  1.0903609669882464E-01 a      2887     2     7     3     1
 -7.5540086043026561E-02 a      2888     2     8     3     1
 -2.8762051335953567E-02 a      2889     2     9     3     1
  1.2040417640565912E-01 a      2890     2    10     3     1
 -4.6223399017352382E-02 a      2891     2    11     3     1
 -4.4719612066135637E-02 a      2892     2    12     3     1
 -9.4020396840680406E-02 a      2893     2    13     3     1
  1.1110167200695562E-01 a      2894     2    14     3     1
 -8.4314374995679245E-02 a      2895     2    15     3     1
  7.4335774788937589E-02 a      2896     2    16     3     1
  4.9076332514637180E-02 a      2897     2    17     3     1
 -2.1102278099431931E-01 a      2898     2    18     3     1
  2.0405148638450957E-02 a      2899     2    19     3     1
  1.8653447670789844E-02 a      2900     2    20     3     1
 -8.7469856232718787E-02 a      2901     2    21     3     1
  4.8615857494176032E-02 a      2902     2    22     3     1
 -4.5136913692404065E-02 a      2903     2    23     3     1
  7.9916377601365177E-02 a      2904     2    24     3     1
  1.9623577048662265E-02 a      2905     2    25     3     1
 -8.1444049530671192E-03 a      2906     2    26     3     1
  1.3253877532276384E-01 a      2907     2    27     3     1
 -4.3754458211874861E-02 a      2908     2    28     3     1
 -1.9814681197953540E-01 a      2909     2    29     3     1
  6.0335026430494439E-02 a      2910     2    30     3     1
  1.2633292516869661E+00 b      2911     3     1
