################################################################################
# Neural network connection values (weights and biases).
################################################################################
# Col  Name       Description
################################################################################
# 1    connection Neural network connection value.
# 2    t          Connection type (a = weight, b = bias).
# 3    index      Index enumerating weights.
# 4    l_s        Starting point layer (end point layer for biases).
# 5    n_s        Starting point neuron in starting layer (end point neuron for biases).
# 6    l_e        End point layer.
# 7    n_e        End point neuron in end layer.
################################################################################
#                      1 2         3     4     5     6     7
#             connection t     index   l_s   n_s   l_e   n_e
############################################################
 -4.6789734751304266E+00 a         1     0     1     1     1
 -2.2691543037109128E+00 a         2     0     1     1     2
 -4.3615672062089201E+00 a         3     0     1     1     3
 -4.3498247859614345E+00 a         4     0     1     1     4
 -1.8698046758276554E+00 a         5     0     1     1     5
  1.5736185173966772E+00 a         6     0     1     1     6
 -1.1250116574059505E+00 a         7     0     1     1     7
 -3.4663586460480422E-01 a         8     0     1     1     8
 -9.1513624446546327E-01 a         9     0     1     1     9
 -4.1592355147064985E+00 a        10     0     1     1    10
  8.2677593351538592E-01 a        11     0     1     1    11
  1.2058863622000447E-01 a        12     0     1     1    12
 -3.5812517564016195E+00 a        13     0     1     1    13
 -6.1662227189677639E+00 a        14     0     1     1    14
 -7.5597774470926671E-01 a        15     0     1     1    15
 -4.9638825504574333E+00 a        16     0     1     1    16
  2.6467091493199586E+00 a        17     0     1     1    17
 -7.2728023931721009E-01 a        18     0     1     1    18
 -8.4784566530254875E+00 a        19     0     1     1    19
 -7.4442564388245636E-01 a        20     0     1     1    20
 -3.8197665938214098E+00 a        21     0     1     1    21
 -4.1310503986530707E+00 a        22     0     1     1    22
  3.1899242250928279E+00 a        23     0     1     1    23
  2.8457791913683743E+00 a        24     0     1     1    24
 -2.5743003284146662E+00 a        25     0     1     1    25
 -2.9286446611635775E+00 a        26     0     1     1    26
 -5.1125325373812798E+00 a        27     0     1     1    27
 -1.5333158878543267E+00 a        28     0     1     1    28
 -8.1433435854776948E-01 a        29     0     1     1    29
  2.2684384662849557E+00 a        30     0     1     1    30
  8.0132816495003545E-01 a        31     0     2     1     1
  1.2998682678741896E-01 a        32     0     2     1     2
 -4.3777533198867452E-01 a        33     0     2     1     3
  6.2262705628103787E-01 a        34     0     2     1     4
  5.9269207975670648E+00 a        35     0     2     1     5
 -3.2051520413106277E-01 a        36     0     2     1     6
 -1.9631301132683618E+00 a        37     0     2     1     7
  2.1724645096916664E+00 a        38     0     2     1     8
  7.5208096336971023E-02 a        39     0     2     1     9
  3.8952779144245429E+00 a        40     0     2     1    10
 -7.9633024515250617E-01 a        41     0     2     1    11
  4.4348023399615739E+00 a        42     0     2     1    12
  1.5142011051391631E+00 a        43     0     2     1    13
  2.9275762558734888E+00 a        44     0     2     1    14
  2.6651641901179208E+00 a        45     0     2     1    15
 -3.2217931438795788E+00 a        46     0     2     1    16
  9.2961918276522015E-01 a        47     0     2     1    17
  1.0032764242482222E+00 a        48     0     2     1    18
 -7.1511783849223187E-01 a        49     0     2     1    19
  9.4026834784459545E-01 a        50     0     2     1    20
 -1.7579223769140337E+00 a        51     0     2     1    21
 -7.1212840835330549E-01 a        52     0     2     1    22
 -5.2785103750271700E+00 a        53     0     2     1    23
  1.0436211056818376E+01 a        54     0     2     1    24
  2.2170620987681620E+00 a        55     0     2     1    25
 -3.8519360046561606E+00 a        56     0     2     1    26
  4.2425899013750845E+00 a        57     0     2     1    27
  2.2415518589863650E+00 a        58     0     2     1    28
 -1.3693286853507429E+00 a        59     0     2     1    29
  2.3416960201309398E+00 a        60     0     2     1    30
 -1.0808110612380582E-01 a        61     0     3     1     1
 -5.6901661484753285E+00 a        62     0     3     1     2
  4.4326144217381245E+00 a        63     0     3     1     3
 -2.3155532433867116E+00 a        64     0     3     1     4
  2.8144229362701654E+00 a        65     0     3     1     5
 -2.1354214780683161E+00 a        66     0     3     1     6
 -3.9152235583438912E+00 a        67     0     3     1     7
  6.2774098632413757E+00 a        68     0     3     1     8
 -5.0554595092077701E+00 a        69     0     3     1     9
 -2.6905773187452020E+00 a        70     0     3     1    10
  9.8861837988166756E-01 a        71     0     3     1    11
  6.0152542953897781E+00 a        72     0     3     1    12
 -3.4959015787338505E+00 a        73     0     3     1    13
  1.1021024004013755E+00 a        74     0     3     1    14
 -6.1179616149528737E+00 a        75     0     3     1    15
 -9.9175889778831721E+00 a        76     0     3     1    16
  5.8291749691862893E-01 a        77     0     3     1    17
 -1.5247127346516123E+00 a        78     0     3     1    18
 -4.5944839369500734E+00 a        79     0     3     1    19
 -4.8581622778222906E+00 a        80     0     3     1    20
  1.0117442109868930E+00 a        81     0     3     1    21
 -4.8636230714926807E+00 a        82     0     3     1    22
  3.6798571988649629E+00 a        83     0     3     1    23
  1.2406887296658114E+01 a        84     0     3     1    24
  4.6688825507714817E+00 a        85     0     3     1    25
 -3.9003517238113457E+00 a        86     0     3     1    26
 -5.3994890903736559E-01 a        87     0     3     1    27
 -3.9505123644950429E-01 a        88     0     3     1    28
 -3.9738870899947227E+00 a        89     0     3     1    29
  4.7973568431054066E+00 a        90     0     3     1    30
 -3.5107237070029771E+00 a        91     0     4     1     1
  1.5517092855064018E+01 a        92     0     4     1     2
  1.3875162502722794E+01 a        93     0     4     1     3
  1.0436010373326214E+01 a        94     0     4     1     4
  8.2806385025353144E+00 a        95     0     4     1     5
 -1.4867521559590308E+01 a        96     0     4     1     6
 -6.9570071060733918E+00 a        97     0     4     1     7
 -1.0467992594762665E+01 a        98     0     4     1     8
 -2.5354590853308973E-01 a        99     0     4     1     9
  1.1881487395974396E+01 a       100     0     4     1    10
  2.7803367076493970E+00 a       101     0     4     1    11
  1.8015767819099263E+01 a       102     0     4     1    12
  6.6480671484491731E+00 a       103     0     4     1    13
  2.4490948047067114E+01 a       104     0     4     1    14
 -3.9993603848498194E+00 a       105     0     4     1    15
 -6.9814297260424860E+00 a       106     0     4     1    16
 -1.0940390203137136E+01 a       107     0     4     1    17
  2.6973172071223432E+00 a       108     0     4     1    18
 -2.4667586133884920E+00 a       109     0     4     1    19
  8.6453451567838133E+00 a       110     0     4     1    20
  2.1984642158506751E+00 a       111     0     4     1    21
 -2.3883279295356047E+01 a       112     0     4     1    22
  1.7840555668066290E+01 a       113     0     4     1    23
  1.6098288287410597E+01 a       114     0     4     1    24
 -6.9968467125643388E+00 a       115     0     4     1    25
  1.1717831585394253E+01 a       116     0     4     1    26
  1.2118252190963101E+00 a       117     0     4     1    27
  7.3826827638598669E+00 a       118     0     4     1    28
 -3.3874302028058842E+00 a       119     0     4     1    29
 -1.4566199919616704E+01 a       120     0     4     1    30
 -2.1843449138750284E+00 a       121     0     5     1     1
  2.5930262197760339E+01 a       122     0     5     1     2
 -1.0324140633250672E-01 a       123     0     5     1     3
  1.2524270807679406E+01 a       124     0     5     1     4
 -1.0355321372654947E+01 a       125     0     5     1     5
 -1.1312504510310362E+01 a       126     0     5     1     6
 -2.0120070377830883E+00 a       127     0     5     1     7
 -1.3539007187941390E+01 a       128     0     5     1     8
  1.6615040312080581E+01 a       129     0     5     1     9
  3.1407309011568621E+01 a       130     0     5     1    10
 -4.2054115469697466E+00 a       131     0     5     1    11
  1.2679968376764876E+01 a       132     0     5     1    12
  7.8131426247048097E+00 a       133     0     5     1    13
  1.5896982613281956E+01 a       134     0     5     1    14
  5.8509948325578058E+00 a       135     0     5     1    15
 -4.5549514259452967E-01 a       136     0     5     1    16
 -4.8130919035607054E+00 a       137     0     5     1    17
  1.0112607001110344E+01 a       138     0     5     1    18
 -2.5326767623291843E+01 a       139     0     5     1    19
 -4.6470321005792501E+00 a       140     0     5     1    20
  5.4239171219740250E+00 a       141     0     5     1    21
  6.8867750563632302E-01 a       142     0     5     1    22
  2.0231773517730119E+01 a       143     0     5     1    23
  3.4477207253718213E+01 a       144     0     5     1    24
 -1.4096586192387031E+01 a       145     0     5     1    25
  9.4230146703827291E+00 a       146     0     5     1    26
  1.5364222837200805E+00 a       147     0     5     1    27
  9.6770465656377613E+00 a       148     0     5     1    28
  8.0879227617568239E-01 a       149     0     5     1    29
 -8.2278587163849859E-01 a       150     0     5     1    30
  2.9411044507083934E+00 a       151     0     6     1     1
  3.0156680702258369E+00 a       152     0     6     1     2
  6.0803029839939997E+00 a       153     0     6     1     3
  1.5826667986477723E+00 a       154     0     6     1     4
  2.1417958820167922E+00 a       155     0     6     1     5
 -6.2335342899547150E+00 a       156     0     6     1     6
  5.3520996425601997E+00 a       157     0     6     1     7
 -2.2173867882961824E+00 a       158     0     6     1     8
 -2.9693799065459245E+00 a       159     0     6     1     9
 -1.1620587622070014E+01 a       160     0     6     1    10
  4.3542266008849939E+00 a       161     0     6     1    11
  1.5417696664950273E+00 a       162     0     6     1    12
  2.8293334772814402E+00 a       163     0     6     1    13
  9.0123249797614857E+00 a       164     0     6     1    14
 -7.4166992709227806E+00 a       165     0     6     1    15
  1.3177995935504685E+01 a       166     0     6     1    16
 -1.0182721530162915E+01 a       167     0     6     1    17
  6.4573164428375751E+00 a       168     0     6     1    18
  3.1303451343201605E-01 a       169     0     6     1    19
 -2.8149797611662177E+00 a       170     0     6     1    20
  5.8889990060929307E+00 a       171     0     6     1    21
 -2.4829797681188595E+00 a       172     0     6     1    22
  1.8881991473037363E+01 a       173     0     6     1    23
  1.0205258200201010E+01 a       174     0     6     1    24
  3.3270594272236158E+00 a       175     0     6     1    25
  1.0192659548213041E+00 a       176     0     6     1    26
 -1.8325957442756728E+01 a       177     0     6     1    27
  4.3349776019970507E+00 a       178     0     6     1    28
  1.3248860261212981E+01 a       179     0     6     1    29
  2.8683962664877040E+01 a       180     0     6     1    30
 -2.6856239078869648E+00 a       181     0     7     1     1
 -2.9699585384305003E+00 a       182     0     7     1     2
 -5.6123432460074225E+00 a       183     0     7     1     3
 -1.4863262594987992E+00 a       184     0     7     1     4
 -3.6938375162629162E+00 a       185     0     7     1     5
  1.3082185811578930E+00 a       186     0     7     1     6
 -6.1935093825354199E+00 a       187     0     7     1     7
  1.3971188558232528E+00 a       188     0     7     1     8
  1.6577761631038039E+00 a       189     0     7     1     9
  6.0789492063490052E+00 a       190     0     7     1    10
 -7.2771499303284344E+00 a       191     0     7     1    11
  6.1654548280166566E-01 a       192     0     7     1    12
  1.1484057180126704E-01 a       193     0     7     1    13
 -1.0449720938392424E+01 a       194     0     7     1    14
  4.8804533227349953E+00 a       195     0     7     1    15
 -1.0213021273494975E+01 a       196     0     7     1    16
  7.2657964175839478E+00 a       197     0     7     1    17
 -1.8625889700136968E+00 a       198     0     7     1    18
  2.9868016310396395E+00 a       199     0     7     1    19
  2.8849623309852253E+00 a       200     0     7     1    20
 -1.8688849469031692E+00 a       201     0     7     1    21
  3.3010812815643105E+00 a       202     0     7     1    22
 -1.0791407321199992E+01 a       203     0     7     1    23
 -1.6832699610570701E-01 a       204     0     7     1    24
 -1.3562190354354757E+00 a       205     0     7     1    25
 -1.8374117841064999E+00 a       206     0     7     1    26
  7.6748629104834452E+00 a       207     0     7     1    27
 -1.8820870250270865E+00 a       208     0     7     1    28
 -1.0343977801726409E+00 a       209     0     7     1    29
 -1.3973182834742492E+01 a       210     0     7     1    30
  9.3200134227243037E-01 a       211     0     8     1     1
 -1.7160054193769643E+00 a       212     0     8     1     2
 -4.3178731645050634E+00 a       213     0     8     1     3
 -3.0683122951174924E+00 a       214     0     8     1     4
 -3.2414145565155570E+00 a       215     0     8     1     5
  4.3998691186063983E+00 a       216     0     8     1     6
 -7.7184047160188407E-01 a       217     0     8     1     7
 -3.2549743945097936E-01 a       218     0     8     1     8
  3.7073648264962293E+00 a       219     0     8     1     9
 -3.8401301181003791E+00 a       220     0     8     1    10
 -3.0029283778645262E+00 a       221     0     8     1    11
 -3.6281242752931675E+00 a       222     0     8     1    12
 -1.3785156669674681E+00 a       223     0     8     1    13
 -5.4280624936236173E+00 a       224     0     8     1    14
 -1.7554247372400806E+00 a       225     0     8     1    15
 -2.4582349796076746E+00 a       226     0     8     1    16
  4.5278353510407685E+00 a       227     0     8     1    17
  1.0449152729105042E+00 a       228     0     8     1    18
 -2.9300340710154522E+00 a       229     0     8     1    19
  4.6876089383653585E-01 a       230     0     8     1    20
 -1.5920871663586700E+00 a       231     0     8     1    21
 -1.1749613805572032E+00 a       232     0     8     1    22
  1.6520794464011419E+00 a       233     0     8     1    23
  4.8258356677593572E-01 a       234     0     8     1    24
 -1.3054428893156944E+00 a       235     0     8     1    25
 -6.1542847477726612E+00 a       236     0     8     1    26
 -5.4000787120760627E+00 a       237     0     8     1    27
 -2.2991693394123860E-01 a       238     0     8     1    28
  8.8878050289404475E-01 a       239     0     8     1    29
  1.6050086631951646E+00 a       240     0     8     1    30
  7.9197483540581148E-01 a       241     0     9     1     1
  6.1763068826742895E+00 a       242     0     9     1     2
  3.3356896500009943E+00 a       243     0     9     1     3
  7.6667910876082628E+00 a       244     0     9     1     4
  4.0241377453418643E+00 a       245     0     9     1     5
 -4.5725296697413542E+00 a       246     0     9     1     6
 -1.1333489898004563E+00 a       247     0     9     1     7
  8.3401010029474409E-01 a       248     0     9     1     8
  1.2102776854078661E+00 a       249     0     9     1     9
  4.3345001937601353E+00 a       250     0     9     1    10
 -3.5964753682748336E+00 a       251     0     9     1    11
  2.8351443067204007E-01 a       252     0     9     1    12
  3.4186092101627827E+00 a       253     0     9     1    13
  6.1760725577891620E+00 a       254     0     9     1    14
  1.9829843423928832E+00 a       255     0     9     1    15
  3.5611634778037424E+00 a       256     0     9     1    16
 -4.9598901837495459E+00 a       257     0     9     1    17
  5.5086061270880848E-01 a       258     0     9     1    18
  3.1848127995109232E+00 a       259     0     9     1    19
 -3.0641902478687155E-01 a       260     0     9     1    20
  2.3383445826669824E+00 a       261     0     9     1    21
  3.2383815473199329E+00 a       262     0     9     1    22
 -4.3692157584382407E+00 a       263     0     9     1    23
  6.7978768649105237E-01 a       264     0     9     1    24
  3.6850694451185939E+00 a       265     0     9     1    25
  3.3826012178370135E+00 a       266     0     9     1    26
  5.3929607410334404E+00 a       267     0     9     1    27
 -2.1851366448665890E+00 a       268     0     9     1    28
  1.2667672986574254E+00 a       269     0     9     1    29
  2.3609146151571729E+00 a       270     0     9     1    30
 -2.0488760914273625E+00 a       271     0    10     1     1
 -2.6288342745087783E+00 a       272     0    10     1     2
  3.4610043252477136E+00 a       273     0    10     1     3
 -3.1833640295472082E-01 a       274     0    10     1     4
  1.2304034549401526E+00 a       275     0    10     1     5
  4.3504491331645463E+00 a       276     0    10     1     6
  2.8458085287182349E+00 a       277     0    10     1     7
  3.2228237456025663E+00 a       278     0    10     1     8
 -6.7132122720281719E+00 a       279     0    10     1     9
 -6.9142039233808257E+00 a       280     0    10     1    10
 -2.6052680654381413E+00 a       281     0    10     1    11
 -3.3729834337721087E-01 a       282     0    10     1    12
 -2.1496787389422339E-01 a       283     0    10     1    13
 -1.1868472052992116E+01 a       284     0    10     1    14
 -4.4849005515345421E+00 a       285     0    10     1    15
 -1.9626086438842949E+00 a       286     0    10     1    16
  2.3330945932807925E+00 a       287     0    10     1    17
  1.9361923691037015E+00 a       288     0    10     1    18
  1.5709785594305620E+01 a       289     0    10     1    19
 -1.0037937688905878E+00 a       290     0    10     1    20
  5.5283747093866928E+00 a       291     0    10     1    21
 -4.1232229379129198E-01 a       292     0    10     1    22
  3.9617464846490225E-01 a       293     0    10     1    23
 -2.6148825283349182E+00 a       294     0    10     1    24
  9.0799638172400652E+00 a       295     0    10     1    25
 -8.9331163784594931E+00 a       296     0    10     1    26
 -4.1082775619451848E+00 a       297     0    10     1    27
  1.1600404298703514E-01 a       298     0    10     1    28
  5.4030911237106221E+00 a       299     0    10     1    29
  8.8911852123407142E-01 a       300     0    10     1    30
  8.6925513789749189E+00 a       301     0    11     1     1
 -7.8477165369408288E+00 a       302     0    11     1     2
  5.9898936791332442E+00 a       303     0    11     1     3
  2.7678068334302255E+00 a       304     0    11     1     4
  3.5098151800009161E+00 a       305     0    11     1     5
  2.7368730466430793E+00 a       306     0    11     1     6
  1.5045955366332602E+00 a       307     0    11     1     7
  6.3702598921028182E+00 a       308     0    11     1     8
 -1.8699547934064736E-01 a       309     0    11     1     9
 -1.8102239484390303E+00 a       310     0    11     1    10
  4.4865662302545264E+00 a       311     0    11     1    11
 -1.0365975981411710E+01 a       312     0    11     1    12
 -8.4928114572265727E+00 a       313     0    11     1    13
  8.2232194684420268E+00 a       314     0    11     1    14
  2.3041216193076730E+00 a       315     0    11     1    15
 -8.6731297728886076E+00 a       316     0    11     1    16
  8.4993735783191031E+00 a       317     0    11     1    17
 -1.1733753188773967E+01 a       318     0    11     1    18
 -3.0396836004233979E-01 a       319     0    11     1    19
  1.3491148742798993E+00 a       320     0    11     1    20
 -3.1955972337717036E+00 a       321     0    11     1    21
 -3.0802961623081959E-01 a       322     0    11     1    22
 -1.5759911177631047E+01 a       323     0    11     1    23
 -3.0487197189769411E+01 a       324     0    11     1    24
  1.5095262917619610E+00 a       325     0    11     1    25
  3.7078963587572189E+00 a       326     0    11     1    26
  1.0551178477739407E+01 a       327     0    11     1    27
 -9.6278518104477957E+00 a       328     0    11     1    28
 -1.9475384169039767E+01 a       329     0    11     1    29
 -2.7078615433745568E+01 a       330     0    11     1    30
  7.6128501012771255E-01 a       331     0    12     1     1
  6.3484122132177767E-01 a       332     0    12     1     2
  1.2369379582008737E+00 a       333     0    12     1     3
  8.3478285433060562E-01 a       334     0    12     1     4
  3.6432359005510492E-02 a       335     0    12     1     5
 -1.1587697668577559E+00 a       336     0    12     1     6
 -4.6908840328412121E-01 a       337     0    12     1     7
 -1.1118306419230845E-01 a       338     0    12     1     8
  4.5351496233897765E-01 a       339     0    12     1     9
  7.6842043278806532E-02 a       340     0    12     1    10
 -9.6712907885360933E-01 a       341     0    12     1    11
  7.6257247526637395E-01 a       342     0    12     1    12
  1.5833058444919026E+00 a       343     0    12     1    13
  2.0545627274979248E+00 a       344     0    12     1    14
  2.8040360753408131E+00 a       345     0    12     1    15
  1.7367979342056796E+00 a       346     0    12     1    16
 -1.8154165125559782E+00 a       347     0    12     1    17
 -1.8343294338763594E-01 a       348     0    12     1    18
  1.7157047850214062E+00 a       349     0    12     1    19
 -6.4808767748039231E-01 a       350     0    12     1    20
  4.8724727460495815E-01 a       351     0    12     1    21
  4.6618864988813369E-03 a       352     0    12     1    22
 -1.2944045968688291E+00 a       353     0    12     1    23
 -2.0128285090961864E-01 a       354     0    12     1    24
  1.3907334503644881E+00 a       355     0    12     1    25
 -1.6127176178003753E+00 a       356     0    12     1    26
 -4.1524987979396377E-01 a       357     0    12     1    27
 -6.5267722943958173E-01 a       358     0    12     1    28
  8.8698021479513356E-01 a       359     0    12     1    29
 -1.1269284364356411E+00 a       360     0    12     1    30
  2.6091486301011888E+00 a       361     0    13     1     1
 -1.5838583305694538E+00 a       362     0    13     1     2
 -3.0366734897500014E+00 a       363     0    13     1     3
 -3.5443519295357300E+00 a       364     0    13     1     4
 -1.0267544432802744E+00 a       365     0    13     1     5
  4.6235814997460594E+00 a       366     0    13     1     6
  1.9138630210675833E+00 a       367     0    13     1     7
  2.0120128929934173E+00 a       368     0    13     1     8
  7.4515771023247324E-01 a       369     0    13     1     9
 -1.0849431745601725E+00 a       370     0    13     1    10
  1.8260668672394611E+00 a       371     0    13     1    11
 -1.4487574496561799E+00 a       372     0    13     1    12
 -2.3753316646646261E+00 a       373     0    13     1    13
 -2.4522056573441882E+00 a       374     0    13     1    14
 -4.6595580590783694E+00 a       375     0    13     1    15
 -2.7804704510399878E+00 a       376     0    13     1    16
  1.7039894831840718E+00 a       377     0    13     1    17
  3.7513716636908856E-01 a       378     0    13     1    18
 -2.5091369234357939E+00 a       379     0    13     1    19
  4.0720749759894836E-01 a       380     0    13     1    20
  1.7557832410838463E+00 a       381     0    13     1    21
 -3.6653293906958073E-01 a       382     0    13     1    22
  1.2945297042743387E+00 a       383     0    13     1    23
  1.5699416441908940E+00 a       384     0    13     1    24
 -4.7266750751630371E-01 a       385     0    13     1    25
 -1.6891549995498041E+00 a       386     0    13     1    26
  1.7199809384669207E-01 a       387     0    13     1    27
  2.6772473593274948E+00 a       388     0    13     1    28
  1.0579672876150219E+00 a       389     0    13     1    29
  7.8756933982869348E-01 a       390     0    13     1    30
 -1.9460191332606607E+00 a       391     0    14     1     1
  2.9233081043917970E+00 a       392     0    14     1     2
  3.7458474794733072E+00 a       393     0    14     1     3
  3.9479880116056316E+00 a       394     0    14     1     4
  2.2702108253803543E+00 a       395     0    14     1     5
 -6.6739874010343661E+00 a       396     0    14     1     6
 -1.0761652361029219E+00 a       397     0    14     1     7
 -2.1447939723310046E+00 a       398     0    14     1     8
  2.4864232838996009E-01 a       399     0    14     1     9
  4.0790826312816533E+00 a       400     0    14     1    10
 -1.5031538699839477E+00 a       401     0    14     1    11
  6.9240546435805805E-01 a       402     0    14     1    12
  3.4921996721045021E+00 a       403     0    14     1    13
  5.1178369497187068E+00 a       404     0    14     1    14
  3.4658566498196350E+00 a       405     0    14     1    15
  2.0847618359726976E+00 a       406     0    14     1    16
 -5.3680844129164385E+00 a       407     0    14     1    17
 -1.1562102155054443E+00 a       408     0    14     1    18
  4.5287140174853713E+00 a       409     0    14     1    19
 -9.6430982913157837E-01 a       410     0    14     1    20
  2.0445813228656133E+00 a       411     0    14     1    21
  1.4499401975739623E+00 a       412     0    14     1    22
 -1.0300142785407151E+00 a       413     0    14     1    23
 -1.5014848699173473E+00 a       414     0    14     1    24
  2.0601384271836536E+00 a       415     0    14     1    25
 -3.8881801437273267E-01 a       416     0    14     1    26
  3.5542587429962920E+00 a       417     0    14     1    27
 -3.2011923681298766E+00 a       418     0    14     1    28
 -1.5385238063185677E-01 a       419     0    14     1    29
 -1.4026386303405303E+00 a       420     0    14     1    30
  1.0627074322867035E+01 a       421     0    15     1     1
 -1.7115586212311680E+01 a       422     0    15     1     2
 -2.0031486988046741E+01 a       423     0    15     1     3
 -1.7882428368983863E+01 a       424     0    15     1     4
  1.2293787057205019E+01 a       425     0    15     1     5
  2.4632920728680524E+01 a       426     0    15     1     6
 -2.5634587080267082E+00 a       427     0    15     1     7
  9.2106250969175960E+00 a       428     0    15     1     8
 -2.0017017344673992E+01 a       429     0    15     1     9
 -2.1166144346500293E+01 a       430     0    15     1    10
  6.8504225985480383E-01 a       431     0    15     1    11
 -1.2404839592315287E+01 a       432     0    15     1    12
 -1.5799985465425435E+01 a       433     0    15     1    13
 -2.3440094369159343E+01 a       434     0    15     1    14
 -1.5227974667841326E+00 a       435     0    15     1    15
  1.3404535555397084E+00 a       436     0    15     1    16
  2.3746613451619108E+01 a       437     0    15     1    17
 -3.6999003593413620E+00 a       438     0    15     1    18
  1.4256135802906407E+01 a       439     0    15     1    19
  2.7147605964243775E+00 a       440     0    15     1    20
 -1.0544424125670590E+01 a       441     0    15     1    21
  1.0790215986285521E+01 a       442     0    15     1    22
 -1.6990595579780962E+01 a       443     0    15     1    23
 -4.9760821853841200E+01 a       444     0    15     1    24
  5.6148448117638106E+00 a       445     0    15     1    25
 -8.6051742853207305E+00 a       446     0    15     1    26
 -9.1128057663452608E+00 a       447     0    15     1    27
 -1.3984236126346358E+01 a       448     0    15     1    28
 -1.5747657265669799E+01 a       449     0    15     1    29
  1.0463887642909887E+01 a       450     0    15     1    30
 -9.6345274605706646E+00 a       451     0    16     1     1
  2.6959641554402488E+01 a       452     0    16     1     2
 -7.6396723326366196E+00 a       453     0    16     1     3
  5.7856287196266294E+00 a       454     0    16     1     4
 -3.9894982092963653E+00 a       455     0    16     1     5
  1.6071014182305352E+00 a       456     0    16     1     6
 -6.1788681131947882E+00 a       457     0    16     1     7
 -1.2067276034415652E+01 a       458     0    16     1     8
  6.2811890261856034E+00 a       459     0    16     1     9
  2.1692240423742795E+01 a       460     0    16     1    10
 -9.8056349172469961E+00 a       461     0    16     1    11
  1.9765717111830096E+01 a       462     0    16     1    12
  1.0263595493439356E+01 a       463     0    16     1    13
 -8.2335563985404185E+00 a       464     0    16     1    14
  1.8630311462066584E+00 a       465     0    16     1    15
 -3.2173076818326853E+00 a       466     0    16     1    16
  5.8087160508380160E+00 a       467     0    16     1    17
  1.7875415088910810E+01 a       468     0    16     1    18
 -6.5295873841032357E+00 a       469     0    16     1    19
 -4.3585838764639524E+00 a       470     0    16     1    20
  8.4223942575419048E+00 a       471     0    16     1    21
 -8.6201740128393067E-01 a       472     0    16     1    22
  2.2614823175644638E+01 a       473     0    16     1    23
  3.2112870954010475E+01 a       474     0    16     1    24
 -5.3372249095408799E+00 a       475     0    16     1    25
 -1.9918926446968361E+00 a       476     0    16     1    26
 -2.9218239979770222E+00 a       477     0    16     1    27
  1.2766371657079505E+01 a       478     0    16     1    28
  8.7933550110002372E+00 a       479     0    16     1    29
  1.4872733376806803E+01 a       480     0    16     1    30
 -7.7369627053809054E-01 a       481     0    17     1     1
 -3.9466123184516060E+00 a       482     0    17     1     2
 -2.8254218848536386E+01 a       483     0    17     1     3
 -1.1667651525987855E+01 a       484     0    17     1     4
  1.3222474387023279E+01 a       485     0    17     1     5
  1.0356138345375291E+01 a       486     0    17     1     6
 -1.0086565795410529E+00 a       487     0    17     1     7
  1.0070950108418097E+01 a       488     0    17     1     8
 -1.2067421988220369E+01 a       489     0    17     1     9
  1.5082123493992366E+01 a       490     0    17     1    10
  3.8581395790883506E+00 a       491     0    17     1    11
 -2.7871567448839616E+00 a       492     0    17     1    12
  1.2643092299671537E+01 a       493     0    17     1    13
 -3.4619006401157392E+01 a       494     0    17     1    14
  6.6439909151226226E+00 a       495     0    17     1    15
 -1.8879429914638248E+00 a       496     0    17     1    16
  4.2160942366506839E+00 a       497     0    17     1    17
 -2.5838637782057616E+00 a       498     0    17     1    18
  9.5915475639821904E-02 a       499     0    17     1    19
 -7.3823889102230833E-01 a       500     0    17     1    20
 -7.1946892951063308E+00 a       501     0    17     1    21
 -7.5093928229869586E+00 a       502     0    17     1    22
 -1.3177809487872427E+01 a       503     0    17     1    23
 -1.0914879178581305E+01 a       504     0    17     1    24
 -1.1517544922512341E+01 a       505     0    17     1    25
 -3.1463274733874819E+01 a       506     0    17     1    26
  1.0783248700413987E+01 a       507     0    17     1    27
  1.2182201418322816E+00 a       508     0    17     1    28
  1.2222036012007846E+01 a       509     0    17     1    29
  1.1969723782547174E+01 a       510     0    17     1    30
 -1.5728499494816632E+00 a       511     0    18     1     1
 -2.2962767064506583E+01 a       512     0    18     1     2
  2.4947393813368985E+00 a       513     0    18     1     3
  3.4944475580704131E+00 a       514     0    18     1     4
 -4.6100107783718330E-01 a       515     0    18     1     5
 -2.1469100303263943E+01 a       516     0    18     1     6
 -2.9149722407322107E+00 a       517     0    18     1     7
 -2.0561245196649370E+01 a       518     0    18     1     8
  1.5039235998216094E+01 a       519     0    18     1     9
  2.1246990910869851E+01 a       520     0    18     1    10
  6.8373708099196984E+00 a       521     0    18     1    11
  2.5534770684393482E+01 a       522     0    18     1    12
  4.7165656593059829E+01 a       523     0    18     1    13
  1.1492321594244816E+01 a       524     0    18     1    14
 -1.0662419395170957E+01 a       525     0    18     1    15
 -1.4496286495043327E+01 a       526     0    18     1    16
  1.8407782195487247E+01 a       527     0    18     1    17
 -1.0848802543454845E+01 a       528     0    18     1    18
  2.8309665481660562E+00 a       529     0    18     1    19
  1.2836368094677942E+01 a       530     0    18     1    20
 -2.4444828015774636E+01 a       531     0    18     1    21
 -1.2176468922703309E+01 a       532     0    18     1    22
 -2.5156583306283501E+01 a       533     0    18     1    23
  1.5169510950361452E+01 a       534     0    18     1    24
 -3.3170842553110562E+00 a       535     0    18     1    25
 -4.7569833049965693E-01 a       536     0    18     1    26
  1.2935120565738453E+01 a       537     0    18     1    27
 -6.2156400819452697E+00 a       538     0    18     1    28
 -3.0951717280184750E+00 a       539     0    18     1    29
 -9.2934684102947500E+00 a       540     0    18     1    30
 -3.6251353842979022E+01 a       541     0    19     1     1
 -1.0665901499220237E+01 a       542     0    19     1     2
  1.7107360537441210E+01 a       543     0    19     1     3
  1.6145942488465725E+01 a       544     0    19     1     4
 -3.5113572932943642E+00 a       545     0    19     1     5
  1.0799346607148450E+00 a       546     0    19     1     6
  2.1380905233429042E+00 a       547     0    19     1     7
  5.3134372999656003E+00 a       548     0    19     1     8
 -6.5368112203390378E+00 a       549     0    19     1     9
  2.1019770225436516E+00 a       550     0    19     1    10
 -2.5650675918079511E+00 a       551     0    19     1    11
  1.4838564837789598E+01 a       552     0    19     1    12
 -1.1277377128549341E+01 a       553     0    19     1    13
  9.8532163381603777E+00 a       554     0    19     1    14
 -6.3483644837272191E-01 a       555     0    19     1    15
 -1.8385507703795121E+00 a       556     0    19     1    16
 -1.9474366573871443E+01 a       557     0    19     1    17
 -1.0601757633809603E+00 a       558     0    19     1    18
 -8.1127208064172649E+00 a       559     0    19     1    19
 -1.9819818342335015E+01 a       560     0    19     1    20
 -3.6423237116986460E+00 a       561     0    19     1    21
  3.7352393559538952E+00 a       562     0    19     1    22
 -5.2099622359617452E+00 a       563     0    19     1    23
  3.3357037025763120E+01 a       564     0    19     1    24
 -1.0761430210768797E+01 a       565     0    19     1    25
  2.0042198209687445E+01 a       566     0    19     1    26
 -1.5564416133372186E+01 a       567     0    19     1    27
  8.5853175944491955E+00 a       568     0    19     1    28
 -1.8059372469161815E+01 a       569     0    19     1    29
  9.9953737072395494E+00 a       570     0    19     1    30
  1.5591653563074437E+00 a       571     0    20     1     1
  7.3508004681561321E+00 a       572     0    20     1     2
 -7.5433430462713469E+00 a       573     0    20     1     3
 -8.4307241689050212E+00 a       574     0    20     1     4
  3.1159994837860365E+00 a       575     0    20     1     5
  2.4373369663124336E+01 a       576     0    20     1     6
 -9.7352923551788191E+00 a       577     0    20     1     7
  1.6009110020623517E+01 a       578     0    20     1     8
  1.5894103848589866E+01 a       579     0    20     1     9
 -5.2642894867743157E+00 a       580     0    20     1    10
 -7.7903602899399162E+00 a       581     0    20     1    11
  5.3601721392938648E+00 a       582     0    20     1    12
  8.4021392844630718E+00 a       583     0    20     1    13
 -6.8178137774079062E+00 a       584     0    20     1    14
 -8.1627972605882881E+00 a       585     0    20     1    15
  6.5711073118566175E+00 a       586     0    20     1    16
 -3.3401550669140927E+00 a       587     0    20     1    17
 -1.7296427143731936E+01 a       588     0    20     1    18
  1.6900772099883128E+00 a       589     0    20     1    19
  1.0009607191105554E+01 a       590     0    20     1    20
 -1.1089499400271617E+01 a       591     0    20     1    21
  9.2545608147130931E+00 a       592     0    20     1    22
 -6.6568702495724006E+00 a       593     0    20     1    23
 -9.9579236533576303E+00 a       594     0    20     1    24
  5.5148939781835820E+00 a       595     0    20     1    25
 -7.6770635042741331E+00 a       596     0    20     1    26
  1.7201056499982236E+01 a       597     0    20     1    27
  1.2991402645492167E+01 a       598     0    20     1    28
  2.3640038858494923E+00 a       599     0    20     1    29
  1.1263454513631306E+01 a       600     0    20     1    30
 -1.8486817179702623E+01 a       601     0    21     1     1
  4.9929537487032398E+00 a       602     0    21     1     2
 -1.0997123014409912E+01 a       603     0    21     1     3
 -9.4969530250324539E+00 a       604     0    21     1     4
  1.2009713577724492E+01 a       605     0    21     1     5
  7.7786800548600850E+00 a       606     0    21     1     6
  4.9978650495184844E+00 a       607     0    21     1     7
 -5.4714421978488081E+00 a       608     0    21     1     8
 -1.2660832432458525E+01 a       609     0    21     1     9
  3.3069880630630459E+00 a       610     0    21     1    10
  1.2251844968112916E+01 a       611     0    21     1    11
 -7.0020902911571055E+00 a       612     0    21     1    12
  3.9626323893671467E+00 a       613     0    21     1    13
 -1.8272798828922852E+01 a       614     0    21     1    14
  4.1334710350554299E-01 a       615     0    21     1    15
  7.4817889718959689E+00 a       616     0    21     1    16
 -1.3047379956743125E+01 a       617     0    21     1    17
  6.4979553751148411E-01 a       618     0    21     1    18
  7.0564821744957227E+00 a       619     0    21     1    19
  1.2868080514510072E+00 a       620     0    21     1    20
 -8.5000211463532054E+00 a       621     0    21     1    21
 -4.2983020696757279E-01 a       622     0    21     1    22
 -8.8309348943988901E+00 a       623     0    21     1    23
 -2.9183774971989205E+01 a       624     0    21     1    24
 -1.5480838799406206E+01 a       625     0    21     1    25
 -7.8788283387064793E+00 a       626     0    21     1    26
 -5.0513899912887206E-01 a       627     0    21     1    27
  8.3624760850847988E+00 a       628     0    21     1    28
  9.7539661839907783E+00 a       629     0    21     1    29
 -1.3598138318898549E+01 a       630     0    21     1    30
  5.0374152385207331E+00 a       631     0    22     1     1
  2.1366315467603751E+01 a       632     0    22     1     2
  5.2018430708988079E+00 a       633     0    22     1     3
  2.4902510944802131E+01 a       634     0    22     1     4
 -7.7161180100937869E+00 a       635     0    22     1     5
 -3.1651970503523582E+01 a       636     0    22     1     6
  1.4414416873886438E+01 a       637     0    22     1     7
 -6.7136222857233774E+00 a       638     0    22     1     8
 -1.8755547586600027E+01 a       639     0    22     1     9
 -2.4738530443330184E+01 a       640     0    22     1    10
  1.9136113674717780E+01 a       641     0    22     1    11
 -8.8602182311094579E-01 a       642     0    22     1    12
 -4.1360393769184675E+01 a       643     0    22     1    13
  6.9595086150459151E+00 a       644     0    22     1    14
  1.6997394824072856E+01 a       645     0    22     1    15
  3.2445020414640569E+00 a       646     0    22     1    16
 -2.3378568187704051E+01 a       647     0    22     1    17
  2.2455555706760308E+01 a       648     0    22     1    18
 -5.6562630789820900E-01 a       649     0    22     1    19
 -1.8444660128083058E+01 a       650     0    22     1    20
  2.9716003610749731E+01 a       651     0    22     1    21
 -3.1156478231713987E+00 a       652     0    22     1    22
  3.3681887625592239E+01 a       653     0    22     1    23
  1.5030851018740407E+01 a       654     0    22     1    24
 -1.3081419545558079E+01 a       655     0    22     1    25
  3.7954322337857946E+00 a       656     0    22     1    26
 -4.5833660201516047E+00 a       657     0    22     1    27
 -4.9972928153141112E+00 a       658     0    22     1    28
 -3.7445949482811380E-01 a       659     0    22     1    29
  7.7564507883600404E+00 a       660     0    22     1    30
  1.1737757686517746E+01 a       661     0    23     1     1
 -3.7343053779275759E+00 a       662     0    23     1     2
  7.2257244262756881E-01 a       663     0    23     1     3
 -1.4599041064278010E+01 a       664     0    23     1     4
 -6.1864024068023327E-01 a       665     0    23     1     5
 -1.6251381007780438E+01 a       666     0    23     1     6
  1.3828156596175173E+01 a       667     0    23     1     7
 -8.5894242281595776E+00 a       668     0    23     1     8
  1.9986304039629079E+01 a       669     0    23     1     9
 -2.9598241385734458E+01 a       670     0    23     1    10
 -1.3491600861886213E+00 a       671     0    23     1    11
 -1.2937516618124405E+00 a       672     0    23     1    12
 -4.4939983825671304E+00 a       673     0    23     1    13
  8.0507265936575916E+00 a       674     0    23     1    14
 -1.7467085257140624E+01 a       675     0    23     1    15
 -9.9564953974795571E+00 a       676     0    23     1    16
  1.6043089797640606E+00 a       677     0    23     1    17
  1.0994318279797403E+01 a       678     0    23     1    18
 -1.1179042205755835E+01 a       679     0    23     1    19
 -1.4649533470068532E+00 a       680     0    23     1    20
  1.0609901314627712E+00 a       681     0    23     1    21
  3.7426355431213980E+00 a       682     0    23     1    22
  2.3827318676763536E+01 a       683     0    23     1    23
  3.5682472156102207E+01 a       684     0    23     1    24
  4.9388599445858032E+00 a       685     0    23     1    25
  7.1021296907576392E+00 a       686     0    23     1    26
  6.4635911246522353E+00 a       687     0    23     1    27
 -4.9648370801772179E+00 a       688     0    23     1    28
 -1.1796469632842213E+01 a       689     0    23     1    29
 -2.6029337163244293E+00 a       690     0    23     1    30
 -4.4096125541141999E+00 a       691     0    24     1     1
 -8.3477308847921243E+00 a       692     0    24     1     2
  3.5569433239509436E+01 a       693     0    24     1     3
  2.7560770972426479E+01 a       694     0    24     1     4
 -2.8196350521305394E+01 a       695     0    24     1     5
  1.7497989245309125E+00 a       696     0    24     1     6
 -1.7989212177047027E+00 a       697     0    24     1     7
  7.0115345745344237E+00 a       698     0    24     1     8
  1.2615646820233662E+01 a       699     0    24     1     9
  5.4124854142065804E+00 a       700     0    24     1    10
 -8.8980347282828838E+00 a       701     0    24     1    11
 -5.4684785079064469E+00 a       702     0    24     1    12
 -3.7141810499161312E+00 a       703     0    24     1    13
  2.7595498164931747E+01 a       704     0    24     1    14
  1.3168272509868006E+01 a       705     0    24     1    15
 -6.6174536674397224E+00 a       706     0    24     1    16
 -2.4594119660935481E+00 a       707     0    24     1    17
 -2.5490929394358623E+00 a       708     0    24     1    18
  2.0641487891944381E+00 a       709     0    24     1    19
  5.2686716278250745E-01 a       710     0    24     1    20
  1.6391831882919341E+01 a       711     0    24     1    21
  6.8115185996044918E+00 a       712     0    24     1    22
 -1.1655361851533984E+01 a       713     0    24     1    23
  4.1427744280411460E+01 a       714     0    24     1    24
  1.5620006036943911E+01 a       715     0    24     1    25
  8.5142678722563812E+00 a       716     0    24     1    26
 -1.2639499478061232E+01 a       717     0    24     1    27
  7.4299048960006022E+00 a       718     0    24     1    28
  5.9265321782588316E+00 a       719     0    24     1    29
  2.7276144902687363E+00 a       720     0    24     1    30
  1.0375479368446214E+01 a       721     0    25     1     1
 -2.4870766061153077E-01 a       722     0    25     1     2
 -2.6326561173306008E+01 a       723     0    25     1     3
 -2.4602442994019789E+01 a       724     0    25     1     4
  7.5860289609753240E+00 a       725     0    25     1     5
  4.9961026930526145E+01 a       726     0    25     1     6
 -2.6464650864991711E+01 a       727     0    25     1     7
  7.2424344898534505E+00 a       728     0    25     1     8
  2.4669605022429369E+01 a       729     0    25     1     9
  8.5163654242702833E+00 a       730     0    25     1    10
 -2.0712104365362705E+01 a       731     0    25     1    11
 -1.7123170571325151E+01 a       732     0    25     1    12
  1.5938626251983488E+01 a       733     0    25     1    13
 -2.1104531016028886E+01 a       734     0    25     1    14
 -1.6776607351369289E+01 a       735     0    25     1    15
  2.3587706760530400E+00 a       736     0    25     1    16
  1.9622803580361001E+01 a       737     0    25     1    17
 -1.2765331079573720E+01 a       738     0    25     1    18
 -6.2810445657620495E-01 a       739     0    25     1    19
  3.3451874790186892E+01 a       740     0    25     1    20
 -2.9697247147017546E+01 a       741     0    25     1    21
  2.4593027913195076E+01 a       742     0    25     1    22
 -2.4760782586488705E+01 a       743     0    25     1    23
 -4.3002014151057530E+01 a       744     0    25     1    24
  7.8611906169118280E+00 a       745     0    25     1    25
 -1.7322982947793435E+01 a       746     0    25     1    26
  1.0080934831551410E+01 a       747     0    25     1    27
  1.0405236546895225E+01 a       748     0    25     1    28
 -7.7300478888231368E+00 a       749     0    25     1    29
  4.3447020774919523E+00 a       750     0    25     1    30
  1.2610975329472364E+01 a       751     0    26     1     1
  1.3254067637328372E+01 a       752     0    26     1     2
 -1.3434602986412199E+00 a       753     0    26     1     3
 -4.1980873844500488E+00 a       754     0    26     1     4
 -1.6876003721726041E+00 a       755     0    26     1     5
 -1.9716504607121734E+00 a       756     0    26     1     6
 -5.1866985142497368E+00 a       757     0    26     1     7
  1.4093792227335065E+00 a       758     0    26     1     8
 -8.0391979363339487E+00 a       759     0    26     1     9
  9.7114953417496661E+00 a       760     0    26     1    10
  7.6926439925072012E+00 a       761     0    26     1    11
 -5.0089320449520081E+00 a       762     0    26     1    12
  1.2835735190289592E+01 a       763     0    26     1    13
 -7.7440581949044480E+00 a       764     0    26     1    14
  4.0304406266953868E-01 a       765     0    26     1    15
  7.6114900401498398E+00 a       766     0    26     1    16
  3.4012694819461857E+00 a       767     0    26     1    17
 -9.2429230430640814E+00 a       768     0    26     1    18
  1.6446216068488610E+01 a       769     0    26     1    19
  8.4214915820572944E+00 a       770     0    26     1    20
  7.0373937804203957E-01 a       771     0    26     1    21
 -3.6307273270379108E+00 a       772     0    26     1    22
 -4.2916063199611028E+00 a       773     0    26     1    23
 -5.2130568755334124E+01 a       774     0    26     1    24
  5.0069263790773055E+00 a       775     0    26     1    25
 -5.9767542873255017E+00 a       776     0    26     1    26
  5.5235097301689526E+00 a       777     0    26     1    27
  2.9815894397979353E-01 a       778     0    26     1    28
  1.4712884061744395E+01 a       779     0    26     1    29
 -1.2467151191194995E+01 a       780     0    26     1    30
 -1.1098457619753949E+01 a       781     0    27     1     1
 -2.5851072451511865E+01 a       782     0    27     1     2
  2.0972551442806722E+01 a       783     0    27     1     3
 -3.9318903476905853E+00 a       784     0    27     1     4
  3.0982448046768321E+00 a       785     0    27     1     5
 -1.2309684439467626E+01 a       786     0    27     1     6
  3.7055187276410106E+00 a       787     0    27     1     7
 -7.6767803985186744E-01 a       788     0    27     1     8
 -8.6496447420025255E+00 a       789     0    27     1     9
  9.2941017764110416E+00 a       790     0    27     1    10
  1.6621018747810609E-01 a       791     0    27     1    11
  8.2493009093930314E-01 a       792     0    27     1    12
  5.3751331468744494E+00 a       793     0    27     1    13
  1.4556317909797163E+00 a       794     0    27     1    14
  5.2677318164360010E+00 a       795     0    27     1    15
 -5.2422576370080423E+00 a       796     0    27     1    16
  1.7032701713244137E+01 a       797     0    27     1    17
  4.0491235459818880E+00 a       798     0    27     1    18
  7.2870313986394530E-01 a       799     0    27     1    19
 -1.0108208504908974E+01 a       800     0    27     1    20
  4.7500788547348014E+00 a       801     0    27     1    21
 -1.9394796785155094E+01 a       802     0    27     1    22
 -1.8288288337266214E+00 a       803     0    27     1    23
  1.3769317116178605E+01 a       804     0    27     1    24
  3.6488821804348293E+00 a       805     0    27     1    25
  1.4423641581422848E+01 a       806     0    27     1    26
 -2.9025377670598854E+01 a       807     0    27     1    27
 -6.5694644343218034E+00 a       808     0    27     1    28
 -1.8476105004699555E+00 a       809     0    27     1    29
 -9.3082718150915582E+00 a       810     0    27     1    30
  9.3946949323929214E+00 a       811     0    28     1     1
 -5.4211547628605512E+00 a       812     0    28     1     2
  7.8075844287494811E-01 a       813     0    28     1     3
  1.5275464956702905E+01 a       814     0    28     1     4
 -1.7283310658566780E+01 a       815     0    28     1     5
 -1.3536435345671270E+01 a       816     0    28     1     6
  1.2202445513770247E+01 a       817     0    28     1     7
  3.9928796373877611E+00 a       818     0    28     1     8
  5.4407599357297283E+00 a       819     0    28     1     9
 -5.3768232450993141E+00 a       820     0    28     1    10
  4.4157546899649915E+00 a       821     0    28     1    11
  9.2415947373299048E+00 a       822     0    28     1    12
 -2.4289333747091550E+00 a       823     0    28     1    13
  1.6137461469537357E+00 a       824     0    28     1    14
  7.1110773342669544E+00 a       825     0    28     1    15
  1.2306174657444191E+00 a       826     0    28     1    16
 -3.3518061755210757E+00 a       827     0    28     1    17
 -8.9384144301711217E+00 a       828     0    28     1    18
 -4.8351908921677680E+00 a       829     0    28     1    19
 -1.7303293495246120E+01 a       830     0    28     1    20
  1.4455958503569278E+01 a       831     0    28     1    21
  8.3805226693372887E+00 a       832     0    28     1    22
 -4.0271159572497706E-01 a       833     0    28     1    23
  5.1179786456681654E+01 a       834     0    28     1    24
  1.2255948436394718E+01 a       835     0    28     1    25
 -3.6336687099694580E+00 a       836     0    28     1    26
  1.1856300122122240E+01 a       837     0    28     1    27
 -1.0019162740540287E+01 a       838     0    28     1    28
  1.1503770082294851E+01 a       839     0    28     1    29
  3.1509385255662874E+01 a       840     0    28     1    30
 -2.7375761792429355E+01 a       841     0    29     1     1
 -6.5861905856424992E+00 a       842     0    29     1     2
  2.5124612042695119E+01 a       843     0    29     1     3
  1.8898426666680919E+00 a       844     0    29     1     4
  7.3761749228643314E+00 a       845     0    29     1     5
 -2.5030703685520265E+01 a       846     0    29     1     6
  1.1096687297517962E+01 a       847     0    29     1     7
  4.5248727132675235E+00 a       848     0    29     1     8
  5.2111553932393937E+00 a       849     0    29     1     9
  2.0184488639999949E+00 a       850     0    29     1    10
  2.3243173642932593E+00 a       851     0    29     1    11
  5.9340645404553136E+00 a       852     0    29     1    12
 -2.9510873563188209E+00 a       853     0    29     1    13
  4.8999221832452182E+00 a       854     0    29     1    14
  1.9888475847025976E+01 a       855     0    29     1    15
 -3.6738362474029329E+00 a       856     0    29     1    16
 -1.1637263320373350E+01 a       857     0    29     1    17
  1.3584747714613060E+01 a       858     0    29     1    18
 -1.1027027421854740E+01 a       859     0    29     1    19
 -1.5264521008685943E+01 a       860     0    29     1    20
  9.2145582179630754E+00 a       861     0    29     1    21
 -2.9979202691340241E+01 a       862     0    29     1    22
  1.0495199121663106E+01 a       863     0    29     1    23
  1.7753705992964264E+01 a       864     0    29     1    24
 -5.3729708951915693E+00 a       865     0    29     1    25
  2.0695548716868945E+01 a       866     0    29     1    26
 -7.3740447434190086E+00 a       867     0    29     1    27
  1.0303763928517333E+00 a       868     0    29     1    28
  1.5624872302182475E+00 a       869     0    29     1    29
 -2.4062908318373861E+01 a       870     0    29     1    30
  1.5112293047265211E+01 a       871     0    30     1     1
 -8.9970274025444112E+00 a       872     0    30     1     2
 -2.4688205257634721E+01 a       873     0    30     1     3
 -1.4619558824332108E+01 a       874     0    30     1     4
  9.9972013298047848E+00 a       875     0    30     1     5
 -8.6462264169106611E+00 a       876     0    30     1     6
  4.8541603745417108E+00 a       877     0    30     1     7
  2.4917661966801203E+00 a       878     0    30     1     8
 -1.4232599316414429E+00 a       879     0    30     1     9
 -4.0141334030495921E+00 a       880     0    30     1    10
  5.4672662375968324E+00 a       881     0    30     1    11
  1.0509298162529610E+01 a       882     0    30     1    12
 -9.5635256127842561E-01 a       883     0    30     1    13
 -1.4143541407985758E+00 a       884     0    30     1    14
 -7.3198924380375079E+00 a       885     0    30     1    15
 -3.7463152864697955E+00 a       886     0    30     1    16
  5.4972932531805512E+00 a       887     0    30     1    17
  5.5921527426215469E+00 a       888     0    30     1    18
  1.2664793217403109E-01 a       889     0    30     1    19
  6.4363205143865665E+00 a       890     0    30     1    20
 -4.7812855723518727E-01 a       891     0    30     1    21
 -4.3015072426183778E+00 a       892     0    30     1    22
  9.7297139981344234E+00 a       893     0    30     1    23
  8.8674791793298002E+00 a       894     0    30     1    24
  2.1589698477566195E+00 a       895     0    30     1    25
 -2.8697111256834713E+00 a       896     0    30     1    26
  1.2848504478039784E+01 a       897     0    30     1    27
 -7.5271519986763256E+00 a       898     0    30     1    28
  3.1469602778607788E+00 a       899     0    30     1    29
  4.2656937330598605E+00 a       900     0    30     1    30
 -1.6317032724793449E+01 a       901     0    31     1     1
  9.1622109115419867E+00 a       902     0    31     1     2
  8.4578011646789353E+00 a       903     0    31     1     3
  1.0562309908144853E+01 a       904     0    31     1     4
  1.0890432819740036E+01 a       905     0    31     1     5
  1.0514505785139953E+01 a       906     0    31     1     6
  2.9456462227853475E+00 a       907     0    31     1     7
  1.0286068302302279E+01 a       908     0    31     1     8
 -9.3847968581691852E+00 a       909     0    31     1     9
 -3.3535976625154671E+00 a       910     0    31     1    10
  4.6574831271201278E+00 a       911     0    31     1    11
 -4.5600359103709138E+00 a       912     0    31     1    12
  5.9112912454691049E+00 a       913     0    31     1    13
 -1.5933902379970050E+01 a       914     0    31     1    14
 -1.1504538626288161E+00 a       915     0    31     1    15
  1.3402027645827399E+01 a       916     0    31     1    16
 -1.9648614793818663E+01 a       917     0    31     1    17
 -1.0440194241430623E+01 a       918     0    31     1    18
  1.2007946801466513E+01 a       919     0    31     1    19
 -4.2959326576563956E+00 a       920     0    31     1    20
 -2.0420854591049227E+00 a       921     0    31     1    21
 -5.6713292346609414E+00 a       922     0    31     1    22
 -8.4981045500484900E+00 a       923     0    31     1    23
 -5.0083170987763744E+01 a       924     0    31     1    24
 -7.9644582211870070E+00 a       925     0    31     1    25
 -1.8367571669638518E+00 a       926     0    31     1    26
  3.9020009837917167E+00 a       927     0    31     1    27
  5.2726946095484903E+00 a       928     0    31     1    28
  7.4903322114624615E-01 a       929     0    31     1    29
 -6.2537678790842719E+00 a       930     0    31     1    30
  1.0152212349411890E+01 a       931     0    32     1     1
  1.3681207090120655E+01 a       932     0    32     1     2
 -1.7133479869238617E+01 a       933     0    32     1     3
  6.7946340147686950E+00 a       934     0    32     1     4
 -9.1496778853231913E+00 a       935     0    32     1     5
  2.5007566886238779E+00 a       936     0    32     1     6
  4.9849506700902309E+00 a       937     0    32     1     7
 -4.3295216993585939E+00 a       938     0    32     1     8
 -2.1919009620410623E+00 a       939     0    32     1     9
 -3.9670477366193144E+00 a       940     0    32     1    10
  6.9597719687155983E+00 a       941     0    32     1    11
  2.5200035121493949E+00 a       942     0    32     1    12
 -5.8200907987847661E-01 a       943     0    32     1    13
  3.0454074589470088E+00 a       944     0    32     1    14
 -7.4957101274745312E+00 a       945     0    32     1    15
  2.5136188397160182E+00 a       946     0    32     1    16
 -1.2670261609488179E+01 a       947     0    32     1    17
 -4.0437265689482285E+00 a       948     0    32     1    18
  5.6610592661978716E+00 a       949     0    32     1    19
 -1.0966357420325241E-01 a       950     0    32     1    20
  4.1779194916666967E-01 a       951     0    32     1    21
  1.8901536741417669E+01 a       952     0    32     1    22
 -2.4871397610248893E+00 a       953     0    32     1    23
  5.1662602780575917E-01 a       954     0    32     1    24
 -8.1588753105161793E-01 a       955     0    32     1    25
 -1.4283561093203677E+01 a       956     0    32     1    26
  2.0026481153662374E+01 a       957     0    32     1    27
  1.3848630181616124E+00 a       958     0    32     1    28
  6.0358698096895154E+00 a       959     0    32     1    29
  1.1691255015469480E+01 a       960     0    32     1    30
 -1.2502737652445864E+01 a       961     0    33     1     1
  9.0595418102153289E+00 a       962     0    33     1     2
  2.1424387042086121E+01 a       963     0    33     1     3
  8.5035560840875704E+00 a       964     0    33     1     4
 -7.7266331677744144E+00 a       965     0    33     1     5
  6.2993690684488364E+00 a       966     0    33     1     6
 -8.1813264341169933E+00 a       967     0    33     1     7
 -2.3465264114273734E+00 a       968     0    33     1     8
  1.7045196153045783E+00 a       969     0    33     1     9
 -4.6718345953026423E+00 a       970     0    33     1    10
 -2.1852443438387383E+00 a       971     0    33     1    11
 -1.0497547794295908E+01 a       972     0    33     1    12
  2.5533454087824139E+00 a       973     0    33     1    13
  3.1223433882357948E-01 a       974     0    33     1    14
 -2.1784818139817072E-01 a       975     0    33     1    15
 -7.2727739596342544E-01 a       976     0    33     1    16
 -1.0998593472050194E+01 a       977     0    33     1    17
 -5.8999937030444540E+00 a       978     0    33     1    18
 -3.5535631483195013E-01 a       979     0    33     1    19
 -1.4014652166183945E+00 a       980     0    33     1    20
 -4.1982180968060030E+00 a       981     0    33     1    21
  5.6749213147295317E+00 a       982     0    33     1    22
 -9.8464018874905310E+00 a       983     0    33     1    23
 -2.2942646444524158E+01 a       984     0    33     1    24
 -4.4405078976646823E+00 a       985     0    33     1    25
 -4.0882960599822121E-01 a       986     0    33     1    26
 -1.2435779437958262E+01 a       987     0    33     1    27
  2.3763269549199921E+00 a       988     0    33     1    28
 -6.3894701755334253E+00 a       989     0    33     1    29
 -1.4867674530649207E+01 a       990     0    33     1    30
  1.2605710661987738E+01 a       991     0    34     1     1
 -5.1612780916261460E+00 a       992     0    34     1     2
 -2.9784992360966928E+01 a       993     0    34     1     3
  1.8242143020663266E+00 a       994     0    34     1     4
  3.3941753617021151E+00 a       995     0    34     1     5
 -1.1138629844862589E+01 a       996     0    34     1     6
 -7.1793089939563592E-01 a       997     0    34     1     7
 -1.0796461790450371E+01 a       998     0    34     1     8
 -1.6228660282346567E+01 a       999     0    34     1     9
  7.1305899821141772E+00 a      1000     0    34     1    10
 -3.3171508873187392E+01 a      1001     0    34     1    11
 -4.5152219763463846E+00 a      1002     0    34     1    12
 -8.3296036484874865E+00 a      1003     0    34     1    13
  2.4342775634777514E+01 a      1004     0    34     1    14
  8.6890556736664912E+00 a      1005     0    34     1    15
 -1.0060485776305017E+00 a      1006     0    34     1    16
 -1.0995468768569263E+00 a      1007     0    34     1    17
  2.5359935170032550E+01 a      1008     0    34     1    18
 -8.7147870605578404E-01 a      1009     0    34     1    19
 -6.7121459552843445E+00 a      1010     0    34     1    20
  2.0486512231859187E+01 a      1011     0    34     1    21
  2.0848212290582811E+01 a      1012     0    34     1    22
  1.0989147362816706E+01 a      1013     0    34     1    23
  2.3194878992962571E+00 a      1014     0    34     1    24
  3.9886029661703034E+01 a      1015     0    34     1    25
 -2.7820111509248277E-02 a      1016     0    34     1    26
 -5.9037865147229013E+01 a      1017     0    34     1    27
  2.1698263931905007E+01 a      1018     0    34     1    28
  1.8223905451220471E+01 a      1019     0    34     1    29
  5.6530820875990763E+01 a      1020     0    34     1    30
  2.6886061537009986E+01 a      1021     0    35     1     1
 -9.9382796087976040E+00 a      1022     0    35     1     2
  1.7016107684026892E+01 a      1023     0    35     1     3
 -2.9195908941561566E+00 a      1024     0    35     1     4
 -1.4843901687255817E+01 a      1025     0    35     1     5
  9.1377006688251416E+00 a      1026     0    35     1     6
  5.4417462542817567E+00 a      1027     0    35     1     7
  1.5640090553045757E+01 a      1028     0    35     1     8
  1.3359012484644429E+01 a      1029     0    35     1     9
  2.5811650652606470E+01 a      1030     0    35     1    10
  3.8556429617430368E+01 a      1031     0    35     1    11
  2.9553099631031284E+01 a      1032     0    35     1    12
  7.8224132307197909E+00 a      1033     0    35     1    13
  8.7074665208551014E+00 a      1034     0    35     1    14
 -3.7779485660896723E+00 a      1035     0    35     1    15
  3.4392241775716683E+00 a      1036     0    35     1    16
  2.6091558370254666E+00 a      1037     0    35     1    17
 -2.1680736018162263E+00 a      1038     0    35     1    18
  7.8466269295459645E-01 a      1039     0    35     1    19
  3.7649072595612999E+01 a      1040     0    35     1    20
  2.5718451737912691E+01 a      1041     0    35     1    21
 -8.8687172781634089E+00 a      1042     0    35     1    22
  3.3623859969329368E+00 a      1043     0    35     1    23
  1.0178745385850652E+00 a      1044     0    35     1    24
 -7.4096841152309179E-01 a      1045     0    35     1    25
 -2.4550197640531952E+01 a      1046     0    35     1    26
  4.7313626670848814E+00 a      1047     0    35     1    27
 -1.6715215825597113E+01 a      1048     0    35     1    28
 -2.5575538678401980E+01 a      1049     0    35     1    29
 -1.9171665041517802E+01 a      1050     0    35     1    30
 -4.4429212208042674E+00 a      1051     0    36     1     1
 -3.7645884179194566E+00 a      1052     0    36     1     2
  1.0770824843494962E+01 a      1053     0    36     1     3
 -2.4383183238568309E+00 a      1054     0    36     1     4
  1.2737613307477359E+01 a      1055     0    36     1     5
  5.9767964591560157E+00 a      1056     0    36     1     6
 -9.6465329991491462E+00 a      1057     0    36     1     7
  6.8408278394221291E+00 a      1058     0    36     1     8
  1.9849393894995035E+00 a      1059     0    36     1     9
  4.6663515059365528E+00 a      1060     0    36     1    10
 -1.6705768474081035E+00 a      1061     0    36     1    11
 -1.6606013414615425E-01 a      1062     0    36     1    12
 -2.0272838836954112E+00 a      1063     0    36     1    13
 -5.4577795159376761E+00 a      1064     0    36     1    14
  4.9311264466143117E+00 a      1065     0    36     1    15
 -2.8605424463574236E+00 a      1066     0    36     1    16
  7.1197941542486838E+00 a      1067     0    36     1    17
  5.7446232770509464E-01 a      1068     0    36     1    18
 -1.1089451492560997E+01 a      1069     0    36     1    19
  2.1512759328182884E+00 a      1070     0    36     1    20
  5.6058071864437657E+00 a      1071     0    36     1    21
 -1.1788622101791912E+01 a      1072     0    36     1    22
 -3.7368524517412363E+00 a      1073     0    36     1    23
 -3.0960254852173580E-01 a      1074     0    36     1    24
  7.4974170153668442E+00 a      1075     0    36     1    25
  7.0669745186196584E+00 a      1076     0    36     1    26
 -9.5875536565382529E+00 a      1077     0    36     1    27
 -3.1058572735637284E+00 a      1078     0    36     1    28
 -1.0678971760407542E+01 a      1079     0    36     1    29
 -3.7658309921966571E+00 a      1080     0    36     1    30
  2.8102466771794563E+00 a      1081     0    37     1     1
 -9.8708707105857858E+00 a      1082     0    37     1     2
 -6.5009417927066142E+00 a      1083     0    37     1     3
 -8.5286769895448877E+00 a      1084     0    37     1     4
 -4.2473605294977528E+00 a      1085     0    37     1     5
 -1.1492378656520161E+01 a      1086     0    37     1     6
 -7.2427222574759025E+00 a      1087     0    37     1     7
  7.6070262575942813E+00 a      1088     0    37     1     8
 -9.2382916374348074E+00 a      1089     0    37     1     9
 -8.6947752388455264E+00 a      1090     0    37     1    10
 -5.9780810371052562E+00 a      1091     0    37     1    11
  3.1643062674071654E-01 a      1092     0    37     1    12
  1.5038555982566340E+01 a      1093     0    37     1    13
 -7.5760543515446432E+00 a      1094     0    37     1    14
  5.1167357671316847E+00 a      1095     0    37     1    15
  6.3658475692772267E+00 a      1096     0    37     1    16
  1.1728313041915477E+00 a      1097     0    37     1    17
 -5.1656510206142370E+00 a      1098     0    37     1    18
 -7.4519531410149806E+00 a      1099     0    37     1    19
  2.7540367416136045E+00 a      1100     0    37     1    20
 -9.2504944343537354E-01 a      1101     0    37     1    21
 -1.2899947245312125E+01 a      1102     0    37     1    22
  2.6522445438566620E+00 a      1103     0    37     1    23
  7.0539685957375493E+00 a      1104     0    37     1    24
 -1.4339077580914712E+01 a      1105     0    37     1    25
  8.4187162778963653E+00 a      1106     0    37     1    26
 -3.8790243765564987E+00 a      1107     0    37     1    27
  8.3037431649465674E+00 a      1108     0    37     1    28
  9.4860688043657699E+00 a      1109     0    37     1    29
  1.6327154825100848E+01 a      1110     0    37     1    30
  4.1452522882888427E+00 a      1111     0    38     1     1
  7.7526479599108340E+00 a      1112     0    38     1     2
 -8.1261106121114022E+00 a      1113     0    38     1     3
  1.1147075821228848E+01 a      1114     0    38     1     4
 -5.0670920185912169E-02 a      1115     0    38     1     5
 -2.6211641193848467E+00 a      1116     0    38     1     6
 -6.9595721404998914E+00 a      1117     0    38     1     7
 -6.6303879180705350E+00 a      1118     0    38     1     8
  3.4998567985600966E+00 a      1119     0    38     1     9
  5.2094166961783805E-01 a      1120     0    38     1    10
  3.8023665155863982E+00 a      1121     0    38     1    11
  8.8483810590723238E+00 a      1122     0    38     1    12
 -5.2609325144868908E+00 a      1123     0    38     1    13
 -6.9263536487785675E+00 a      1124     0    38     1    14
 -4.5576211894160962E-01 a      1125     0    38     1    15
 -2.6075426146597294E+00 a      1126     0    38     1    16
 -2.3680726115733135E+00 a      1127     0    38     1    17
  8.1835208677234075E+00 a      1128     0    38     1    18
  5.0542964821520933E+00 a      1129     0    38     1    19
 -1.0543468999596270E+00 a      1130     0    38     1    20
 -4.5823933735107802E+00 a      1131     0    38     1    21
  3.2251754866384088E+00 a      1132     0    38     1    22
  1.6178634776673777E+00 a      1133     0    38     1    23
  7.8189505417595964E+00 a      1134     0    38     1    24
  7.3068257458384327E+00 a      1135     0    38     1    25
 -1.9497557465122894E+00 a      1136     0    38     1    26
  3.4427795234830003E+00 a      1137     0    38     1    27
  1.4879256037232949E+01 a      1138     0    38     1    28
 -5.7614286717132588E+00 a      1139     0    38     1    29
  1.7731241845858179E+00 a      1140     0    38     1    30
 -2.0054604547278576E+01 a      1141     0    39     1     1
  7.9530028051275208E+00 a      1142     0    39     1     2
 -2.2589908506977494E+01 a      1143     0    39     1     3
  1.1724378295656775E+01 a      1144     0    39     1     4
  4.5335390055544265E+00 a      1145     0    39     1     5
 -1.2348449127459535E+01 a      1146     0    39     1     6
  8.4058827630728885E+00 a      1147     0    39     1     7
 -2.5693777515402263E+00 a      1148     0    39     1     8
  5.2750654439305249E+00 a      1149     0    39     1     9
  6.8850300961875748E+00 a      1150     0    39     1    10
  8.6716608843330292E+00 a      1151     0    39     1    11
  5.8394264038689014E+00 a      1152     0    39     1    12
 -6.2146953674160912E+00 a      1153     0    39     1    13
 -1.8578430317876865E+01 a      1154     0    39     1    14
  2.8377283547595191E+01 a      1155     0    39     1    15
 -7.0856183238372568E+00 a      1156     0    39     1    16
 -5.2138273029495990E+00 a      1157     0    39     1    17
  7.8790129482129845E-01 a      1158     0    39     1    18
 -6.5194585686475302E+00 a      1159     0    39     1    19
 -6.0892599459759413E+00 a      1160     0    39     1    20
  2.7198210952585860E+00 a      1161     0    39     1    21
 -1.3275619699902341E+01 a      1162     0    39     1    22
 -1.2954931740663948E+01 a      1163     0    39     1    23
 -7.0457510934112326E+00 a      1164     0    39     1    24
  1.0146295571822549E+01 a      1165     0    39     1    25
  8.3370844122890944E+00 a      1166     0    39     1    26
 -6.8020259515473986E+00 a      1167     0    39     1    27
 -2.1340985310992295E+01 a      1168     0    39     1    28
 -1.3845327793096271E+01 a      1169     0    39     1    29
  5.2550383559165974E+00 a      1170     0    39     1    30
  4.2669834281417254E+00 a      1171     0    40     1     1
  5.4254297267554650E+00 a      1172     0    40     1     2
 -1.0074972848102016E+01 a      1173     0    40     1     3
  1.8080260886102632E+01 a      1174     0    40     1     4
  1.0851157378021021E+01 a      1175     0    40     1     5
 -4.8983122715297904E+00 a      1176     0    40     1     6
  8.6686416014808554E+00 a      1177     0    40     1     7
  2.3353334289490819E+00 a      1178     0    40     1     8
 -7.7854754169835090E+00 a      1179     0    40     1     9
 -3.2933336905723949E+00 a      1180     0    40     1    10
 -1.3416371185176365E+01 a      1181     0    40     1    11
  3.6450508115741735E+00 a      1182     0    40     1    12
  1.0171327877364261E+01 a      1183     0    40     1    13
 -2.9221910787382046E+00 a      1184     0    40     1    14
  3.9151939862642409E+00 a      1185     0    40     1    15
  2.7262171735637910E+01 a      1186     0    40     1    16
 -7.9218816734539512E+00 a      1187     0    40     1    17
  1.1918629079286340E+01 a      1188     0    40     1    18
  2.1079343291895462E+01 a      1189     0    40     1    19
 -1.4246718280006478E+01 a      1190     0    40     1    20
  4.2860749742430926E+00 a      1191     0    40     1    21
  5.5846531989728954E+00 a      1192     0    40     1    22
 -3.6113425442968001E+00 a      1193     0    40     1    23
 -9.3557181342645741E+00 a      1194     0    40     1    24
 -2.7537554169581387E+01 a      1195     0    40     1    25
 -3.3374934844309472E+01 a      1196     0    40     1    26
 -3.2779644215052115E+00 a      1197     0    40     1    27
  9.2851509392648612E+00 a      1198     0    40     1    28
 -8.0856116019825883E+00 a      1199     0    40     1    29
 -4.1678551923503937E+00 a      1200     0    40     1    30
  1.4561281840285545E+01 a      1201     0    41     1     1
 -5.9818415915175880E+00 a      1202     0    41     1     2
  1.1878589754155055E+01 a      1203     0    41     1     3
 -7.3332428797369209E+00 a      1204     0    41     1     4
 -9.6081514778831938E+00 a      1205     0    41     1     5
  9.8300206347633274E+00 a      1206     0    41     1     6
  6.4782685730543959E+00 a      1207     0    41     1     7
 -3.9455120108262787E-01 a      1208     0    41     1     8
  7.8804126596476651E+00 a      1209     0    41     1     9
 -1.7196260727191007E+01 a      1210     0    41     1    10
 -8.2502598659723265E+00 a      1211     0    41     1    11
 -3.9932725443304262E+00 a      1212     0    41     1    12
  6.4969594707424854E+00 a      1213     0    41     1    13
 -1.6031380697626294E+00 a      1214     0    41     1    14
 -2.1618679633374633E+01 a      1215     0    41     1    15
  7.4436454507978862E+00 a      1216     0    41     1    16
  3.0829933261724674E+00 a      1217     0    41     1    17
  1.1155499429340381E+01 a      1218     0    41     1    18
  3.1461069537988475E+00 a      1219     0    41     1    19
 -3.9087012470839926E+00 a      1220     0    41     1    20
 -1.3308989594054925E+00 a      1221     0    41     1    21
  1.5926627014905591E+01 a      1222     0    41     1    22
  1.2212072080468040E+01 a      1223     0    41     1    23
  7.5499667484039445E+00 a      1224     0    41     1    24
 -1.3750321417320759E+01 a      1225     0    41     1    25
 -2.5879056297756842E+00 a      1226     0    41     1    26
  3.3713801607764480E+00 a      1227     0    41     1    27
  9.4942825627459495E+00 a      1228     0    41     1    28
  1.0434484849682873E+01 a      1229     0    41     1    29
 -2.6701459838065533E+00 a      1230     0    41     1    30
  2.9582740689427471E+01 a      1231     0    42     1     1
 -8.9182479034512880E+00 a      1232     0    42     1     2
  1.6230946408491103E+01 a      1233     0    42     1     3
 -9.4134107875827091E+00 a      1234     0    42     1     4
  3.8414340478282227E-01 a      1235     0    42     1     5
  1.2793287224687642E+01 a      1236     0    42     1     6
 -7.0873524725382211E+00 a      1237     0    42     1     7
  3.2727708037942032E+00 a      1238     0    42     1     8
  5.7222289948390292E+00 a      1239     0    42     1     9
 -6.1378647520514047E+00 a      1240     0    42     1    10
 -1.4952722522353419E+01 a      1241     0    42     1    11
 -7.6541739896081715E+00 a      1242     0    42     1    12
  1.4804025216741945E+00 a      1243     0    42     1    13
  1.1305727166584848E+01 a      1244     0    42     1    14
 -2.0570382522564774E+01 a      1245     0    42     1    15
  2.5271921992058362E+00 a      1246     0    42     1    16
 -3.6934083664848218E+00 a      1247     0    42     1    17
  1.2905438052514839E+01 a      1248     0    42     1    18
 -1.9250083375198018E-01 a      1249     0    42     1    19
  8.4501616530417356E-01 a      1250     0    42     1    20
  6.2326770054139029E+00 a      1251     0    42     1    21
  6.9529628424578931E+00 a      1252     0    42     1    22
  7.4665472553859926E+00 a      1253     0    42     1    23
  5.7639859353324558E+00 a      1254     0    42     1    24
 -5.9478660817526183E+00 a      1255     0    42     1    25
 -5.8327588920645441E+00 a      1256     0    42     1    26
  3.5231319366206222E+00 a      1257     0    42     1    27
  1.1071180041747244E+01 a      1258     0    42     1    28
  1.9721307781677795E+00 a      1259     0    42     1    29
 -5.1044420241527433E-01 a      1260     0    42     1    30
 -2.2374794597311912E+01 a      1261     0    43     1     1
  5.9891892011900696E+00 a      1262     0    43     1     2
 -8.1012306623476409E+00 a      1263     0    43     1     3
  3.1907488898614575E+00 a      1264     0    43     1     4
  1.1805442179085295E+00 a      1265     0    43     1     5
 -1.1111339598710181E+01 a      1266     0    43     1     6
 -2.7581449566987790E+00 a      1267     0    43     1     7
 -2.6853058887204937E+00 a      1268     0    43     1     8
 -1.2580385740666713E+01 a      1269     0    43     1     9
  1.3647865921399296E+01 a      1270     0    43     1    10
  7.1293507606347628E+00 a      1271     0    43     1    11
  5.6617004927727059E+00 a      1272     0    43     1    12
 -3.3035261055251253E+00 a      1273     0    43     1    13
  7.6486034554032711E+00 a      1274     0    43     1    14
  1.5984547331482760E+01 a      1275     0    43     1    15
 -2.3960362421069332E+00 a      1276     0    43     1    16
 -1.4182439113516703E+00 a      1277     0    43     1    17
 -1.8303494144299499E+01 a      1278     0    43     1    18
  3.5743905271188834E+00 a      1279     0    43     1    19
  6.8830544436884153E+00 a      1280     0    43     1    20
 -5.5709309145350892E+00 a      1281     0    43     1    21
 -8.2266911381980758E+00 a      1282     0    43     1    22
 -1.2607957042674929E+00 a      1283     0    43     1    23
 -4.5955364814884190E+00 a      1284     0    43     1    24
  6.9074652324991703E+00 a      1285     0    43     1    25
  2.3951866663864245E+00 a      1286     0    43     1    26
 -4.9085351125815933E-02 a      1287     0    43     1    27
 -2.0523531735396321E+00 a      1288     0    43     1    28
  1.4458473101896463E-01 a      1289     0    43     1    29
 -1.5084281101981440E+00 a      1290     0    43     1    30
  4.8324835428738409E+00 a      1291     0    44     1     1
  9.8233235825570731E+00 a      1292     0    44     1     2
  5.1340599876855935E+00 a      1293     0    44     1     3
  1.0201511846764211E+01 a      1294     0    44     1     4
  7.7020560578852439E+00 a      1295     0    44     1     5
 -6.4201515677748242E+00 a      1296     0    44     1     6
 -1.2518965335140361E+01 a      1297     0    44     1     7
 -4.7294499384923956E+00 a      1298     0    44     1     8
  2.7933230068975226E+00 a      1299     0    44     1     9
 -9.3087859986269494E-01 a      1300     0    44     1    10
  5.3109315852873875E+00 a      1301     0    44     1    11
  8.7973613616825084E+00 a      1302     0    44     1    12
 -2.0085840488662324E+01 a      1303     0    44     1    13
 -6.8345610005328457E+00 a      1304     0    44     1    14
  1.7314033954240507E-01 a      1305     0    44     1    15
 -1.4093727263800448E+01 a      1306     0    44     1    16
 -1.4927205988069099E+00 a      1307     0    44     1    17
 -1.5132113135624245E+01 a      1308     0    44     1    18
  6.9837617475563318E+00 a      1309     0    44     1    19
 -2.1715666961587804E+01 a      1310     0    44     1    20
 -6.6830149353563799E+00 a      1311     0    44     1    21
  2.5672896966126588E+00 a      1312     0    44     1    22
 -1.0739116235260221E+01 a      1313     0    44     1    23
  8.3936865889834511E+00 a      1314     0    44     1    24
 -5.7288744685183968E-01 a      1315     0    44     1    25
 -6.4356712773419597E-03 a      1316     0    44     1    26
 -3.0901834187490057E-01 a      1317     0    44     1    27
 -3.3130801432363537E+00 a      1318     0    44     1    28
 -4.1171812747315837E+00 a      1319     0    44     1    29
 -9.7638228351831930E+00 a      1320     0    44     1    30
 -3.5982859440372819E+00 a      1321     0    45     1     1
 -6.0160999584840322E+00 a      1322     0    45     1     2
  5.4338766767241422E+00 a      1323     0    45     1     3
 -1.0424451432993020E+01 a      1324     0    45     1     4
  2.4668881602403427E+00 a      1325     0    45     1     5
 -1.2877315596176782E+01 a      1326     0    45     1     6
 -4.1791606743328957E+00 a      1327     0    45     1     7
  2.4308666189273054E-01 a      1328     0    45     1     8
 -9.9962007226494247E+00 a      1329     0    45     1     9
 -8.2090928005886123E+00 a      1330     0    45     1    10
  1.5270866086635797E+01 a      1331     0    45     1    11
  1.1118894817401208E+00 a      1332     0    45     1    12
 -4.5607482554670415E+00 a      1333     0    45     1    13
 -1.0858586055421096E+01 a      1334     0    45     1    14
 -1.4049364313072187E+01 a      1335     0    45     1    15
 -1.0277420671127036E+01 a      1336     0    45     1    16
 -3.0096892869296226E+00 a      1337     0    45     1    17
 -3.3019867104235465E+00 a      1338     0    45     1    18
 -1.7469630350948780E+01 a      1339     0    45     1    19
 -1.9641432189715360E+01 a      1340     0    45     1    20
 -1.0326319511404035E+01 a      1341     0    45     1    21
 -4.9947428343738540E+00 a      1342     0    45     1    22
 -3.9988332136683225E+00 a      1343     0    45     1    23
  3.2275347783342920E+00 a      1344     0    45     1    24
 -6.5878688223136654E+00 a      1345     0    45     1    25
 -8.7292970104769341E-01 a      1346     0    45     1    26
 -5.1525393104350914E-01 a      1347     0    45     1    27
  1.7068122620009266E+01 a      1348     0    45     1    28
 -6.2604095081461564E+00 a      1349     0    45     1    29
 -8.8462933790532805E+00 a      1350     0    45     1    30
 -4.1734902038345840E+00 a      1351     0    46     1     1
  9.2864012573069186E+00 a      1352     0    46     1     2
  1.5028891610874124E+00 a      1353     0    46     1     3
  1.2369906018509991E+00 a      1354     0    46     1     4
  2.4563652919161290E+00 a      1355     0    46     1     5
  6.6684414400402021E+00 a      1356     0    46     1     6
 -9.1801009121900030E+00 a      1357     0    46     1     7
 -1.8986065292038188E+00 a      1358     0    46     1     8
 -5.6354942241523123E+00 a      1359     0    46     1     9
 -7.1319857431160072E+00 a      1360     0    46     1    10
 -1.3049226796833546E+01 a      1361     0    46     1    11
 -4.5884816581815446E+00 a      1362     0    46     1    12
 -1.6722629369453117E+01 a      1363     0    46     1    13
 -1.0440501525117190E+01 a      1364     0    46     1    14
  9.7559712046029166E+00 a      1365     0    46     1    15
  1.9913900199614836E+00 a      1366     0    46     1    16
  1.4072225173002588E+01 a      1367     0    46     1    17
  8.5705892850950800E+00 a      1368     0    46     1    18
 -2.6639401804199032E+01 a      1369     0    46     1    19
 -1.6209259467705003E+01 a      1370     0    46     1    20
 -2.3737823434204834E+01 a      1371     0    46     1    21
  9.4177485784381361E+00 a      1372     0    46     1    22
  2.4121704663962515E+00 a      1373     0    46     1    23
 -7.0996203521856343E+00 a      1374     0    46     1    24
 -3.5089011506706842E+00 a      1375     0    46     1    25
  1.1907537409500199E+01 a      1376     0    46     1    26
 -2.9612502868945820E+00 a      1377     0    46     1    27
  1.7591282428916994E+01 a      1378     0    46     1    28
 -3.4641182076174384E+00 a      1379     0    46     1    29
  7.6995765498430417E+00 a      1380     0    46     1    30
  3.3300697799683880E+00 a      1381     0    47     1     1
 -3.6077604365451892E+00 a      1382     0    47     1     2
  4.0276345830875826E-01 a      1383     0    47     1     3
 -6.3058893607800828E+00 a      1384     0    47     1     4
 -4.6957028403983098E-01 a      1385     0    47     1     5
 -4.7333937854602581E+00 a      1386     0    47     1     6
 -4.3361473136243367E-01 a      1387     0    47     1     7
 -5.6946864442223566E+00 a      1388     0    47     1     8
  5.7887241340650109E-01 a      1389     0    47     1     9
  5.6470283119525968E+00 a      1390     0    47     1    10
 -3.6959893595186135E+00 a      1391     0    47     1    11
 -2.1885522257174195E+00 a      1392     0    47     1    12
 -2.2810518825241552E+00 a      1393     0    47     1    13
 -2.4213852920475482E-01 a      1394     0    47     1    14
  3.9836395789712769E+00 a      1395     0    47     1    15
  1.7521624023613442E+00 a      1396     0    47     1    16
  3.6629873649391400E+00 a      1397     0    47     1    17
  3.5148532466643343E+00 a      1398     0    47     1    18
  2.7844552696068798E+00 a      1399     0    47     1    19
  1.8380232078307799E+00 a      1400     0    47     1    20
  3.6044555764175240E-01 a      1401     0    47     1    21
  4.5541068744537710E-01 a      1402     0    47     1    22
 -3.1477562752326538E+00 a      1403     0    47     1    23
 -2.9230217932496223E+00 a      1404     0    47     1    24
  1.3857639031050939E+00 a      1405     0    47     1    25
 -1.9851719199280868E+00 a      1406     0    47     1    26
  2.2143372294831836E+00 a      1407     0    47     1    27
 -1.2540466385463558E-01 a      1408     0    47     1    28
  4.2984972716851662E+00 a      1409     0    47     1    29
  4.6919906366528830E+00 a      1410     0    47     1    30
  2.6435121385148630E+00 a      1411     0    48     1     1
 -5.1557139450440763E+00 a      1412     0    48     1     2
 -1.9169987441192475E+00 a      1413     0    48     1     3
  1.5445189846550289E+01 a      1414     0    48     1     4
  9.2173130889136505E+00 a      1415     0    48     1     5
 -8.8874759918005513E+00 a      1416     0    48     1     6
 -7.4111437090742474E+00 a      1417     0    48     1     7
 -7.0534538933161590E+00 a      1418     0    48     1     8
  4.4813211048226229E+00 a      1419     0    48     1     9
  1.0670333162156442E+01 a      1420     0    48     1    10
  4.9123673909785754E+00 a      1421     0    48     1    11
  1.0509062219806030E+01 a      1422     0    48     1    12
  8.3823990213243800E+00 a      1423     0    48     1    13
 -8.7974544252943705E+00 a      1424     0    48     1    14
 -2.6285212789396324E+00 a      1425     0    48     1    15
 -1.4850763817020399E+01 a      1426     0    48     1    16
  1.4439644548770010E+00 a      1427     0    48     1    17
  7.2095223781428142E-01 a      1428     0    48     1    18
  4.3379970027978656E+00 a      1429     0    48     1    19
  6.6142162169742402E-01 a      1430     0    48     1    20
 -1.1913914561768484E+01 a      1431     0    48     1    21
 -7.2450671309629682E+00 a      1432     0    48     1    22
 -3.4742798220497155E+00 a      1433     0    48     1    23
  1.8287204211791155E+00 a      1434     0    48     1    24
 -1.1797554222705994E+01 a      1435     0    48     1    25
 -3.9979019474282884E+00 a      1436     0    48     1    26
  7.0511896958225195E+00 a      1437     0    48     1    27
  3.7317114031837852E+00 a      1438     0    48     1    28
 -5.3372064730899984E+00 a      1439     0    48     1    29
  3.5705283163827444E+00 a      1440     0    48     1    30
 -1.2788579470300467E+00 a      1441     0    49     1     1
 -3.4972009794875372E+00 a      1442     0    49     1     2
  9.0893918211797420E-01 a      1443     0    49     1     3
 -6.4469079228785970E+00 a      1444     0    49     1     4
 -1.3809858534208026E+01 a      1445     0    49     1     5
 -4.5664435521216040E+00 a      1446     0    49     1     6
  1.3020073658367423E+01 a      1447     0    49     1     7
 -6.2488963457985989E+00 a      1448     0    49     1     8
 -4.9782275625643697E+00 a      1449     0    49     1     9
  3.1209354493736048E+00 a      1450     0    49     1    10
  6.8614828623869242E+00 a      1451     0    49     1    11
 -3.7084377671097362E+00 a      1452     0    49     1    12
  1.0031626785532676E+01 a      1453     0    49     1    13
  1.3359376363310183E+01 a      1454     0    49     1    14
  3.9315347498238014E+00 a      1455     0    49     1    15
  1.1482022149860716E+01 a      1456     0    49     1    16
 -1.1513645885278004E+01 a      1457     0    49     1    17
 -9.5835683425889293E+00 a      1458     0    49     1    18
  1.4307389938788230E+01 a      1459     0    49     1    19
  2.4262571013365775E+01 a      1460     0    49     1    20
  3.0700019494213883E+01 a      1461     0    49     1    21
 -2.8065588517197306E+00 a      1462     0    49     1    22
 -1.5315705381689118E+00 a      1463     0    49     1    23
  2.5003098748064683E+00 a      1464     0    49     1    24
  1.0224655268233059E+01 a      1465     0    49     1    25
  5.8754258190058835E+00 a      1466     0    49     1    26
 -3.5876574080582526E+00 a      1467     0    49     1    27
 -3.1937215226554372E+01 a      1468     0    49     1    28
 -1.5919323993951489E+00 a      1469     0    49     1    29
 -1.2978656337926136E+01 a      1470     0    49     1    30
  9.3029602550551775E+00 a      1471     0    50     1     1
  1.7173768150619833E+00 a      1472     0    50     1     2
  3.2286607704586667E-01 a      1473     0    50     1     3
 -9.1272816303799402E+00 a      1474     0    50     1     4
 -3.3307040571094895E+00 a      1475     0    50     1     5
  4.5392865879182871E+00 a      1476     0    50     1     6
  1.1635062251545836E+01 a      1477     0    50     1     7
  3.5499578771532718E+00 a      1478     0    50     1     8
  2.6566031516239406E+00 a      1479     0    50     1     9
  4.7747695090805502E+00 a      1480     0    50     1    10
  1.3560356210560425E+01 a      1481     0    50     1    11
  4.8276372407574843E+00 a      1482     0    50     1    12
  1.7225403526372245E+00 a      1483     0    50     1    13
  1.1739988163559371E+01 a      1484     0    50     1    14
 -7.8709455132884552E+00 a      1485     0    50     1    15
  6.0027455196365311E+00 a      1486     0    50     1    16
 -7.7594642534166169E-01 a      1487     0    50     1    17
  2.8558562900805375E+00 a      1488     0    50     1    18
  1.4838183748106056E+01 a      1489     0    50     1    19
  6.3193373559073480E+00 a      1490     0    50     1    20
  1.2089534820220839E+01 a      1491     0    50     1    21
  3.7184670186509132E+00 a      1492     0    50     1    22
  1.3275130729343332E+00 a      1493     0    50     1    23
  4.6995226875235749E+00 a      1494     0    50     1    24
 -7.8295030652547404E-01 a      1495     0    50     1    25
  1.3928179713178306E+01 a      1496     0    50     1    26
 -8.8040799462626040E+00 a      1497     0    50     1    27
 -1.0190054425731033E+01 a      1498     0    50     1    28
 -4.8753110786910392E-01 a      1499     0    50     1    29
  3.9691756876667511E-01 a      1500     0    50     1    30
  3.5344057731062510E+00 a      1501     0    51     1     1
  1.5141636444783032E+01 a      1502     0    51     1     2
 -8.6454760587205914E+00 a      1503     0    51     1     3
 -4.8987827082572755E-01 a      1504     0    51     1     4
 -9.1737599404879766E-01 a      1505     0    51     1     5
  1.0215175657341781E+01 a      1506     0    51     1     6
  1.6769196530196673E+01 a      1507     0    51     1     7
  5.2135809033579132E+00 a      1508     0    51     1     8
  6.7837587246677122E+00 a      1509     0    51     1     9
  8.3671094559854486E-01 a      1510     0    51     1    10
 -1.7864985235930297E+00 a      1511     0    51     1    11
 -1.6823209278939646E+00 a      1512     0    51     1    12
  9.6965002347773197E+00 a      1513     0    51     1    13
  1.3633661690585647E+01 a      1514     0    51     1    14
 -4.7398593620718916E+00 a      1515     0    51     1    15
  6.7577396116718251E+00 a      1516     0    51     1    16
 -8.7603053741835133E+00 a      1517     0    51     1    17
  2.9487985624076103E+00 a      1518     0    51     1    18
  8.7758230634390237E+00 a      1519     0    51     1    19
  6.5503809083415669E+00 a      1520     0    51     1    20
  7.6883615222445325E+00 a      1521     0    51     1    21
  2.2596303672707108E+00 a      1522     0    51     1    22
  6.3975336089904911E+00 a      1523     0    51     1    23
 -5.0635620401565591E+00 a      1524     0    51     1    24
  2.0183359245778304E-01 a      1525     0    51     1    25
  8.5573048632701294E+00 a      1526     0    51     1    26
 -3.7795034688769902E+00 a      1527     0    51     1    27
 -1.2062693249519759E+01 a      1528     0    51     1    28
  7.0635825573904146E-02 a      1529     0    51     1    29
 -8.0945295868288376E+00 a      1530     0    51     1    30
  1.3358618096404367E+00 a      1531     0    52     1     1
 -1.3844523185938643E+01 a      1532     0    52     1     2
  2.1731080294608998E-01 a      1533     0    52     1     3
  2.1398028717901333E+01 a      1534     0    52     1     4
 -1.1131995299620947E+01 a      1535     0    52     1     5
  1.2834464970712036E+01 a      1536     0    52     1     6
 -1.7031001951994504E+01 a      1537     0    52     1     7
  4.2412350672621821E+00 a      1538     0    52     1     8
  1.1884868243777673E+01 a      1539     0    52     1     9
  1.6237500469399679E+00 a      1540     0    52     1    10
 -2.9434060393951103E+01 a      1541     0    52     1    11
  2.9658127610885292E+00 a      1542     0    52     1    12
 -1.4888141182932779E+00 a      1543     0    52     1    13
 -3.9575147978906777E+00 a      1544     0    52     1    14
  2.6577307957033486E+01 a      1545     0    52     1    15
  2.8334803560984430E+00 a      1546     0    52     1    16
  1.9093708556951128E+01 a      1547     0    52     1    17
 -9.6723071016168305E-01 a      1548     0    52     1    18
  1.0191966895100656E+01 a      1549     0    52     1    19
  2.3898369467950989E+01 a      1550     0    52     1    20
  5.3210499380639842E+00 a      1551     0    52     1    21
  3.2623369236654374E+00 a      1552     0    52     1    22
  9.6148206322686995E+00 a      1553     0    52     1    23
  2.6306047908117445E+00 a      1554     0    52     1    24
  9.5358798302871826E+00 a      1555     0    52     1    25
 -2.6713618180417992E+01 a      1556     0    52     1    26
  1.2501177936032761E+01 a      1557     0    52     1    27
 -2.9809611422428389E-01 a      1558     0    52     1    28
  8.1539675187865779E+00 a      1559     0    52     1    29
  1.8889159934077927E+01 a      1560     0    52     1    30
 -7.0373238009760319E-01 a      1561     0    53     1     1
  7.4101873958549689E+00 a      1562     0    53     1     2
  3.7985178992988740E+00 a      1563     0    53     1     3
 -1.7243863258637241E+01 a      1564     0    53     1     4
  3.6853078092432962E-01 a      1565     0    53     1     5
  2.1047102901687438E+01 a      1566     0    53     1     6
  6.9552571831599908E+00 a      1567     0    53     1     7
  2.7842053286028516E+01 a      1568     0    53     1     8
  7.5692946342647671E-01 a      1569     0    53     1     9
 -2.3221095143089617E+01 a      1570     0    53     1    10
 -9.5197549141813571E+00 a      1571     0    53     1    11
 -1.2135629360491587E+01 a      1572     0    53     1    12
 -1.4780294543935634E+01 a      1573     0    53     1    13
  7.9778107247156393E+00 a      1574     0    53     1    14
 -8.9896675590311013E+00 a      1575     0    53     1    15
  1.2759590843450908E+01 a      1576     0    53     1    16
  2.4297048074532737E+00 a      1577     0    53     1    17
  6.6266763846134380E-01 a      1578     0    53     1    18
  4.6258576208660224E-01 a      1579     0    53     1    19
 -1.4397795504810043E+01 a      1580     0    53     1    20
  1.8873536681942364E+00 a      1581     0    53     1    21
  8.6661828432539085E+00 a      1582     0    53     1    22
  8.0085133538080662E+00 a      1583     0    53     1    23
 -5.5223674720346727E+00 a      1584     0    53     1    24
  1.5414672384156676E+01 a      1585     0    53     1    25
 -5.3907390140341036E+00 a      1586     0    53     1    26
 -1.2980778906532910E+01 a      1587     0    53     1    27
  1.4188977991775493E+01 a      1588     0    53     1    28
  1.2222948435070238E+01 a      1589     0    53     1    29
  7.5844945768142296E+00 a      1590     0    53     1    30
 -3.6602643901475203E+00 a      1591     0    54     1     1
 -1.4585178185056304E+01 a      1592     0    54     1     2
 -3.1872092155230747E+00 a      1593     0    54     1     3
  8.7084050378545674E-01 a      1594     0    54     1     4
  1.5706148356240279E+01 a      1595     0    54     1     5
 -1.1202814333250265E+01 a      1596     0    54     1     6
  7.3026963879330942E-01 a      1597     0    54     1     7
 -6.6351053653514402E-01 a      1598     0    54     1     8
 -1.4667273460137180E+01 a      1599     0    54     1     9
  4.1698116692345257E+00 a      1600     0    54     1    10
  1.7045932776439830E+01 a      1601     0    54     1    11
  6.8853860438548002E+00 a      1602     0    54     1    12
  1.1494007416750934E+01 a      1603     0    54     1    13
 -9.7385720468366159E+00 a      1604     0    54     1    14
 -1.0086353152977090E+01 a      1605     0    54     1    15
 -2.1361937763931770E+01 a      1606     0    54     1    16
 -1.5386253409978027E+01 a      1607     0    54     1    17
 -8.0332196894200014E-01 a      1608     0    54     1    18
  4.8911712248642747E+00 a      1609     0    54     1    19
 -6.0901804777856468E+00 a      1610     0    54     1    20
 -1.0962531029639093E+01 a      1611     0    54     1    21
 -1.5117663810406011E+01 a      1612     0    54     1    22
 -5.8728696932513236E+00 a      1613     0    54     1    23
  8.8783668293781961E+00 a      1614     0    54     1    24
 -1.0307215881160705E+01 a      1615     0    54     1    25
 -2.9848642974703907E+01 a      1616     0    54     1    26
  2.5976712224974445E+01 a      1617     0    54     1    27
  1.6708643729753994E+01 a      1618     0    54     1    28
  1.1764669996152787E+01 a      1619     0    54     1    29
 -1.8348904117469708E+01 a      1620     0    54     1    30
 -1.2250932790440956E+01 a      1621     0    55     1     1
 -1.4922072681760179E+00 a      1622     0    55     1     2
  4.4435840287814177E+00 a      1623     0    55     1     3
  1.2326409472310944E+01 a      1624     0    55     1     4
  5.3220260707852445E+00 a      1625     0    55     1     5
  1.7216872615875114E+00 a      1626     0    55     1     6
  1.1471535199353340E+00 a      1627     0    55     1     7
  5.0156879525715614E-01 a      1628     0    55     1     8
 -1.0286107345564620E+01 a      1629     0    55     1     9
 -4.3750029988242423E+00 a      1630     0    55     1    10
  8.3207711694732858E+00 a      1631     0    55     1    11
  3.7589965610610498E+00 a      1632     0    55     1    12
 -3.3831991088644839E+00 a      1633     0    55     1    13
 -1.4831049479486122E+01 a      1634     0    55     1    14
 -9.5161222088633455E+00 a      1635     0    55     1    15
 -7.3917567079074677E+00 a      1636     0    55     1    16
 -5.4765379709618660E+00 a      1637     0    55     1    17
 -4.1649178756403646E+00 a      1638     0    55     1    18
 -6.1276659433430956E+00 a      1639     0    55     1    19
 -9.3581861981902605E+00 a      1640     0    55     1    20
 -6.4854120610373105E+00 a      1641     0    55     1    21
 -3.1476669988701822E+00 a      1642     0    55     1    22
  3.0213023664387002E+00 a      1643     0    55     1    23
  8.1284661939018186E+00 a      1644     0    55     1    24
 -8.4503079153719440E+00 a      1645     0    55     1    25
  1.1112304153020963E+01 a      1646     0    55     1    26
 -1.6536443503881507E+01 a      1647     0    55     1    27
  3.0829270671161129E+00 a      1648     0    55     1    28
 -1.5948659607827246E+01 a      1649     0    55     1    29
 -4.5050191200559633E+00 a      1650     0    55     1    30
 -8.6792525455799368E+00 a      1651     0    56     1     1
  1.6864142112283741E+01 a      1652     0    56     1     2
 -1.0746565159615475E+01 a      1653     0    56     1     3
 -7.4261878842410214E+00 a      1654     0    56     1     4
  1.6892240837237164E+01 a      1655     0    56     1     5
 -5.5986170118330936E+00 a      1656     0    56     1     6
  3.1995237151092866E+01 a      1657     0    56     1     7
 -2.3209746985586218E+01 a      1658     0    56     1     8
 -2.2178474486899180E+01 a      1659     0    56     1     9
  7.7555754760677154E+00 a      1660     0    56     1    10
  1.9111637944177374E+01 a      1661     0    56     1    11
 -1.8991317846566620E+01 a      1662     0    56     1    12
  4.5316016465558384E+00 a      1663     0    56     1    13
 -1.4616089425095866E+00 a      1664     0    56     1    14
 -1.8394467117804705E+01 a      1665     0    56     1    15
  5.9054801465269096E+00 a      1666     0    56     1    16
 -3.6908699241171604E+01 a      1667     0    56     1    17
  4.9864857793164923E+00 a      1668     0    56     1    18
  3.0335546501012378E+00 a      1669     0    56     1    19
 -1.7144427878275529E+01 a      1670     0    56     1    20
 -7.9035829476893840E+00 a      1671     0    56     1    21
 -3.8018844249503386E-01 a      1672     0    56     1    22
 -3.5942143886319577E+00 a      1673     0    56     1    23
 -4.1520031585789177E+01 a      1674     0    56     1    24
 -9.1723276313495621E+00 a      1675     0    56     1    25
  1.5695392417106017E+01 a      1676     0    56     1    26
 -1.4850774833902932E+01 a      1677     0    56     1    27
 -6.1351811875820506E+00 a      1678     0    56     1    28
  2.9817651769506845E+00 a      1679     0    56     1    29
 -3.6548163787437552E+01 a      1680     0    56     1    30
  2.8711662948494103E+00 a      1681     0    57     1     1
 -1.3372065584703936E+01 a      1682     0    57     1     2
  1.6874002273112499E+01 a      1683     0    57     1     3
 -3.8695169899854767E+00 a      1684     0    57     1     4
 -1.5719212799645968E+01 a      1685     0    57     1     5
 -1.1894664348710990E+01 a      1686     0    57     1     6
 -3.4523108750197693E+01 a      1687     0    57     1     7
  7.6051198958204580E+00 a      1688     0    57     1     8
  8.7545810071637025E+00 a      1689     0    57     1     9
 -3.0393489907550353E+00 a      1690     0    57     1    10
 -1.3515963889767876E-02 a      1691     0    57     1    11
  5.1408859902001307E+00 a      1692     0    57     1    12
 -7.4726082624034769E+00 a      1693     0    57     1    13
 -3.7939510886834045E+00 a      1694     0    57     1    14
  1.1330549386446814E+01 a      1695     0    57     1    15
  8.8037461659068117E-01 a      1696     0    57     1    16
  2.3974875742651960E+01 a      1697     0    57     1    17
 -2.3973011380325242E+00 a      1698     0    57     1    18
 -1.4173538489328439E+00 a      1699     0    57     1    19
 -6.9151790018189507E-01 a      1700     0    57     1    20
 -5.4989382143624281E+00 a      1701     0    57     1    21
  1.0490730237814944E-01 a      1702     0    57     1    22
 -1.6606994021780149E+01 a      1703     0    57     1    23
  2.1685049867721080E+01 a      1704     0    57     1    24
  4.0834852468329732E+00 a      1705     0    57     1    25
  3.1007046786032850E+00 a      1706     0    57     1    26
  8.5464606313366271E+00 a      1707     0    57     1    27
  9.9311110795219726E+00 a      1708     0    57     1    28
  7.0111733247890822E+00 a      1709     0    57     1    29
  2.8371500963149465E+01 a      1710     0    57     1    30
  9.2935723820070759E+00 a      1711     0    58     1     1
 -2.1247974368101357E+01 a      1712     0    58     1     2
 -1.4879688585972641E+01 a      1713     0    58     1     3
  1.3417681511207338E+00 a      1714     0    58     1     4
 -4.1444798733793897E+00 a      1715     0    58     1     5
  9.7516942238088444E-01 a      1716     0    58     1     6
 -3.1939371615843864E+01 a      1717     0    58     1     7
 -1.5509341784766269E+01 a      1718     0    58     1     8
  4.1101874929686957E+01 a      1719     0    58     1     9
  5.2356529280923541E+00 a      1720     0    58     1    10
  6.3481077704723292E+00 a      1721     0    58     1    11
  4.0145771163915633E+01 a      1722     0    58     1    12
  8.8380842327530029E+00 a      1723     0    58     1    13
  5.2835607512566387E+00 a      1724     0    58     1    14
  5.9506071784551802E+00 a      1725     0    58     1    15
  1.3435103164756335E+00 a      1726     0    58     1    16
  2.4599793370449735E+01 a      1727     0    58     1    17
 -2.5914201644388520E+01 a      1728     0    58     1    18
  4.6197149788696379E+00 a      1729     0    58     1    19
  2.0560040285631619E+01 a      1730     0    58     1    20
 -1.4787796073655935E+01 a      1731     0    58     1    21
 -1.8327652561678749E+00 a      1732     0    58     1    22
 -7.6491292094932248E+00 a      1733     0    58     1    23
  8.0370926275525267E+00 a      1734     0    58     1    24
 -1.2481670861458621E+01 a      1735     0    58     1    25
  1.0795283183600114E+01 a      1736     0    58     1    26
 -5.3284225116518122E+00 a      1737     0    58     1    27
  1.2009667036092996E+01 a      1738     0    58     1    28
 -2.5774971352266483E+01 a      1739     0    58     1    29
  4.5004756584032528E+01 a      1740     0    58     1    30
 -5.9729191643092658E+00 a      1741     0    59     1     1
  6.3396338755392510E+00 a      1742     0    59     1     2
  3.6390733928815786E+00 a      1743     0    59     1     3
  1.1486643172023310E+01 a      1744     0    59     1     4
 -8.3931507430609942E-01 a      1745     0    59     1     5
 -1.8658054640433004E+01 a      1746     0    59     1     6
  1.0253227008869606E+01 a      1747     0    59     1     7
 -1.8619257044866043E+01 a      1748     0    59     1     8
 -1.3624180272752668E+01 a      1749     0    59     1     9
  1.2607961421999494E+01 a      1750     0    59     1    10
  5.1331646073121417E+00 a      1751     0    59     1    11
 -9.2792737179899536E+00 a      1752     0    59     1    12
  8.4304751021472697E+00 a      1753     0    59     1    13
 -7.2139096598171353E+00 a      1754     0    59     1    14
  4.3039861289227250E+00 a      1755     0    59     1    15
 -1.0706036205398279E+01 a      1756     0    59     1    16
 -8.5540565742738881E+00 a      1757     0    59     1    17
  1.4115552757633536E+01 a      1758     0    59     1    18
 -8.6252279967634351E+00 a      1759     0    59     1    19
 -7.3695653096235136E-01 a      1760     0    59     1    20
  7.0790152629111045E+00 a      1761     0    59     1    21
 -2.8173110686833751E+00 a      1762     0    59     1    22
 -2.8056007744710660E+00 a      1763     0    59     1    23
  2.5235594580488678E+00 a      1764     0    59     1    24
 -5.5161584994936659E+00 a      1765     0    59     1    25
  2.9357735917407850E+00 a      1766     0    59     1    26
  1.1338934907110842E+01 a      1767     0    59     1    27
 -1.9869915965361159E+01 a      1768     0    59     1    28
 -2.1494596887288922E-01 a      1769     0    59     1    29
 -2.9126569997971867E+01 a      1770     0    59     1    30
  1.1945718616449019E+01 a      1771     0    60     1     1
  9.4887825427242394E+00 a      1772     0    60     1     2
  1.0027648084509808E+01 a      1773     0    60     1     3
  1.2233081930254096E+01 a      1774     0    60     1     4
 -2.5676264444061051E+01 a      1775     0    60     1     5
 -1.4450295886744433E+00 a      1776     0    60     1     6
 -1.3289691132091836E+01 a      1777     0    60     1     7
  1.7786300127587387E-02 a      1778     0    60     1     8
  2.5112613271012087E+01 a      1779     0    60     1     9
 -1.3268859593548777E+01 a      1780     0    60     1    10
 -2.1906489626326707E+01 a      1781     0    60     1    11
 -1.3257994645355783E+01 a      1782     0    60     1    12
 -8.5678580127898929E+00 a      1783     0    60     1    13
  7.8705904479678992E+00 a      1784     0    60     1    14
  6.8437181211508644E+00 a      1785     0    60     1    15
  1.9401028244847733E+01 a      1786     0    60     1    16
  2.0380274270464696E+01 a      1787     0    60     1    17
 -4.4397990584439651E+00 a      1788     0    60     1    18
 -3.6490893076375706E+00 a      1789     0    60     1    19
  3.9199884295703793E+00 a      1790     0    60     1    20
  1.0111983521795876E+01 a      1791     0    60     1    21
  1.9479747540000410E+01 a      1792     0    60     1    22
  1.0920867760962530E+01 a      1793     0    60     1    23
 -1.8364792870962361E+01 a      1794     0    60     1    24
  1.0391678983331259E+01 a      1795     0    60     1    25
  2.8378333214293093E+01 a      1796     0    60     1    26
 -9.3792873797640457E+00 a      1797     0    60     1    27
 -1.4929109466942293E+01 a      1798     0    60     1    28
 -2.0270364041243489E+01 a      1799     0    60     1    29
  1.2470600503629740E+01 a      1800     0    60     1    30
 -4.8857344469044151E+00 a      1801     0    61     1     1
  2.5431616180628971E+01 a      1802     0    61     1     2
  1.2615001341280518E+01 a      1803     0    61     1     3
 -7.8452359004423124E+00 a      1804     0    61     1     4
 -7.0642501850015926E-01 a      1805     0    61     1     5
  2.5374222923527682E+01 a      1806     0    61     1     6
  3.0898334532678138E+01 a      1807     0    61     1     7
  2.8905191051972476E+01 a      1808     0    61     1     8
 -4.0253293868023782E+01 a      1809     0    61     1     9
 -8.3973362204399233E+00 a      1810     0    61     1    10
 -2.3658808258530573E+01 a      1811     0    61     1    11
 -5.3063019580465181E+01 a      1812     0    61     1    12
 -4.2101928254854144E+01 a      1813     0    61     1    13
 -6.7943758990141812E-01 a      1814     0    61     1    14
  7.3884569364192849E+00 a      1815     0    61     1    15
  1.8318944508903957E+01 a      1816     0    61     1    16
 -2.2360389285942610E+01 a      1817     0    61     1    17
  2.5748831834188469E+01 a      1818     0    61     1    18
  1.7538945213044537E+00 a      1819     0    61     1    19
 -2.6589157671314521E+01 a      1820     0    61     1    20
  3.3443717639301369E+01 a      1821     0    61     1    21
  1.0546527121587113E+01 a      1822     0    61     1    22
  2.1023365979881163E+01 a      1823     0    61     1    23
 -2.4503949422105954E+01 a      1824     0    61     1    24
  1.8447128080716400E+01 a      1825     0    61     1    25
  5.0575959137319524E+00 a      1826     0    61     1    26
 -3.0319752706569737E+01 a      1827     0    61     1    27
 -5.3059637582111838E+00 a      1828     0    61     1    28
  2.3527838045986961E+01 a      1829     0    61     1    29
 -2.1980589494435804E+01 a      1830     0    61     1    30
  2.2092332056665157E+01 a      1831     0    62     1     1
  7.7215574331576686E+00 a      1832     0    62     1     2
 -2.1142153694336532E+01 a      1833     0    62     1     3
 -1.3773766230845874E+01 a      1834     0    62     1     4
  4.3387992079436914E+00 a      1835     0    62     1     5
  7.5577732909882744E+00 a      1836     0    62     1     6
  7.6418907416294468E+00 a      1837     0    62     1     7
 -4.0133319654734825E+00 a      1838     0    62     1     8
  1.1698810214585027E+01 a      1839     0    62     1     9
  8.4754227706974683E-01 a      1840     0    62     1    10
 -6.5563931126271733E+00 a      1841     0    62     1    11
 -3.7185063189860799E+00 a      1842     0    62     1    12
  7.9636644514935995E+00 a      1843     0    62     1    13
  1.1748081377809402E+01 a      1844     0    62     1    14
  7.6105040616961537E+00 a      1845     0    62     1    15
  4.3088052142960791E+00 a      1846     0    62     1    16
  8.6463217801694103E+00 a      1847     0    62     1    17
  3.4582673883973647E+00 a      1848     0    62     1    18
 -1.5244833804635642E+00 a      1849     0    62     1    19
  2.1222729691909457E+01 a      1850     0    62     1    20
  1.0353232867283127E+01 a      1851     0    62     1    21
  2.6941618687954278E+00 a      1852     0    62     1    22
  5.3347126040435890E+00 a      1853     0    62     1    23
 -1.7035787928110921E+01 a      1854     0    62     1    24
  1.2185057983457501E+01 a      1855     0    62     1    25
 -2.8541005692075892E+01 a      1856     0    62     1    26
  2.3436353230669823E+01 a      1857     0    62     1    27
 -8.9604733596353547E+00 a      1858     0    62     1    28
  1.8267508559682778E+01 a      1859     0    62     1    29
 -9.4785953009999186E+00 a      1860     0    62     1    30
 -7.4916687561018724E-01 a      1861     0    63     1     1
 -1.1619223258135575E+01 a      1862     0    63     1     2
 -1.9369300276550792E+00 a      1863     0    63     1     3
 -7.1397188311112396E+00 a      1864     0    63     1     4
 -3.7020430335419041E+00 a      1865     0    63     1     5
 -3.3252748189174861E+00 a      1866     0    63     1     6
 -6.3582068762696062E+00 a      1867     0    63     1     7
 -7.8177958323049062E+00 a      1868     0    63     1     8
 -1.1417526523818020E+00 a      1869     0    63     1     9
 -2.5170816471218567E+00 a      1870     0    63     1    10
 -6.3695785520073596E+00 a      1871     0    63     1    11
  1.2764374674312848E+00 a      1872     0    63     1    12
 -8.5771468934880719E+00 a      1873     0    63     1    13
  5.8481950510264200E+00 a      1874     0    63     1    14
  3.8774764116965316E-01 a      1875     0    63     1    15
 -6.8774125507357757E+00 a      1876     0    63     1    16
  5.4367302649182676E+00 a      1877     0    63     1    17
  6.1210954010496730E+00 a      1878     0    63     1    18
 -6.4320316273241263E+00 a      1879     0    63     1    19
 -1.9869645805052307E+00 a      1880     0    63     1    20
 -3.7677543812895835E+00 a      1881     0    63     1    21
 -6.5161468585422555E-01 a      1882     0    63     1    22
  2.1265273805982292E+00 a      1883     0    63     1    23
  3.4127828198753697E+01 a      1884     0    63     1    24
  2.7321998606465092E+00 a      1885     0    63     1    25
  1.9295384931926955E+00 a      1886     0    63     1    26
 -6.6968672508323319E+00 a      1887     0    63     1    27
 -3.5808837030850946E+00 a      1888     0    63     1    28
 -6.7256347667292236E+00 a      1889     0    63     1    29
  4.7437738246863903E+00 a      1890     0    63     1    30
  1.4201266302208776E+01 a      1891     0    64     1     1
 -1.0514332566223935E+01 a      1892     0    64     1     2
 -4.6748484940316191E+00 a      1893     0    64     1     3
 -5.8609261219432724E+00 a      1894     0    64     1     4
 -4.5028068658073179E+00 a      1895     0    64     1     5
  4.3053086417006510E+00 a      1896     0    64     1     6
 -4.3846879073889742E+00 a      1897     0    64     1     7
  3.2098076575191753E-01 a      1898     0    64     1     8
 -1.3165245413412327E+01 a      1899     0    64     1     9
 -1.0713127173930321E+01 a      1900     0    64     1    10
  7.3033760300378975E-02 a      1901     0    64     1    11
 -5.4241087769896952E+00 a      1902     0    64     1    12
  2.4526910353468065E+00 a      1903     0    64     1    13
  1.1167511928265549E+01 a      1904     0    64     1    14
 -2.0562052468882953E+01 a      1905     0    64     1    15
  2.5446934356178716E+00 a      1906     0    64     1    16
  3.6663015934071534E+00 a      1907     0    64     1    17
 -7.7828000582386743E+00 a      1908     0    64     1    18
  2.3305296110647095E+01 a      1909     0    64     1    19
  1.3805763125651611E+01 a      1910     0    64     1    20
 -9.9257105635564216E+00 a      1911     0    64     1    21
  1.1297664465208896E+01 a      1912     0    64     1    22
 -1.6582309902449983E+00 a      1913     0    64     1    23
 -1.1344522748558072E+01 a      1914     0    64     1    24
  1.9724451290115755E-01 a      1915     0    64     1    25
 -1.4119090077901626E+01 a      1916     0    64     1    26
  3.5071412291621944E+00 a      1917     0    64     1    27
  9.6816440381929496E+00 a      1918     0    64     1    28
  1.0900433377125463E+01 a      1919     0    64     1    29
  1.9818896319106192E+00 a      1920     0    64     1    30
 -2.0381199530346672E+00 b      1921     1     1
 -1.5557266054231740E+00 b      1922     1     2
  1.2025611429705125E+00 b      1923     1     3
  1.0498211360098026E+00 b      1924     1     4
 -1.0454227874460881E-01 b      1925     1     5
 -3.2838323479046921E-01 b      1926     1     6
  6.6249909548307118E-02 b      1927     1     7
 -1.8072193996061905E+00 b      1928     1     8
 -2.3560619679274497E+00 b      1929     1     9
 -2.4451815290999113E-01 b      1930     1    10
  1.2165501938667731E+00 b      1931     1    11
  4.4820724234439818E-01 b      1932     1    12
 -5.9460746772725379E-02 b      1933     1    13
  1.1393301697000122E-02 b      1934     1    14
  7.4414654785269763E-02 b      1935     1    15
  9.4009165333476863E-01 b      1936     1    16
 -3.8745634214546854E-01 b      1937     1    17
 -1.7459840406215934E+00 b      1938     1    18
 -8.9952913204077072E-04 b      1939     1    19
  5.4868686572782699E-01 b      1940     1    20
  1.7685328800124372E-01 b      1941     1    21
 -9.8678765967481052E-01 b      1942     1    22
  4.8423832846024684E-01 b      1943     1    23
 -4.4169578748459326E+00 b      1944     1    24
 -8.4037116119699484E-01 b      1945     1    25
 -5.2590858880338553E-01 b      1946     1    26
 -2.2212029337107553E+00 b      1947     1    27
  6.3643442901341232E-02 b      1948     1    28
 -7.8197559484414625E-01 b      1949     1    29
 -2.6667156957586067E+00 b      1950     1    30
  3.6204103045067165E-01 a      1951     1     1     2     1
  1.2833180249635994E-02 a      1952     1     1     2     2
  2.4966195464032710E+00 a      1953     1     1     2     3
  1.1748262757091246E+00 a      1954     1     1     2     4
  8.3288368047528833E-03 a      1955     1     1     2     5
  9.2867833310494685E-01 a      1956     1     1     2     6
  1.1367221699793673E+00 a      1957     1     1     2     7
  3.0199168509891045E-01 a      1958     1     1     2     8
  1.7939178973841565E+00 a      1959     1     1     2     9
  3.8021242566970148E-01 a      1960     1     1     2    10
 -5.3289598063089827E-01 a      1961     1     1     2    11
 -5.8936441769812853E-01 a      1962     1     1     2    12
  6.1567635053426251E-01 a      1963     1     1     2    13
  2.9211716633062534E-01 a      1964     1     1     2    14
  7.1231894340416491E-01 a      1965     1     1     2    15
 -7.4426248761425318E-01 a      1966     1     1     2    16
 -1.1602925275625233E+00 a      1967     1     1     2    17
 -1.6786642474138780E+00 a      1968     1     1     2    18
  1.0497437758569408E+00 a      1969     1     1     2    19
 -5.0082927008065614E-01 a      1970     1     1     2    20
 -1.1537637478014699E-01 a      1971     1     1     2    21
 -9.8039998756046942E-01 a      1972     1     1     2    22
  6.7025251126219931E-01 a      1973     1     1     2    23
 -1.9085753321690468E+00 a      1974     1     1     2    24
 -3.3588926996413254E-01 a      1975     1     1     2    25
 -3.5445657580307988E-01 a      1976     1     1     2    26
 -1.8995129939149322E+00 a      1977     1     1     2    27
  5.7798201163539797E-01 a      1978     1     1     2    28
 -8.2363770092680233E-01 a      1979     1     1     2    29
  2.3621233419872059E-01 a      1980     1     1     2    30
  1.5193336892390562E-02 a      1981     1     2     2     1
 -3.4449278460669613E-01 a      1982     1     2     2     2
 -2.2604525403896791E-01 a      1983     1     2     2     3
 -1.6319698271427103E+00 a      1984     1     2     2     4
  1.7517620054424583E+00 a      1985     1     2     2     5
  2.1080609318130752E+00 a      1986     1     2     2     6
  1.2195650827323454E+00 a      1987     1     2     2     7
  6.5277715615824228E-01 a      1988     1     2     2     8
 -1.7108887681014964E+00 a      1989     1     2     2     9
  3.7236130852779414E-01 a      1990     1     2     2    10
 -1.9322973753610229E-01 a      1991     1     2     2    11
 -1.0215143304125835E+00 a      1992     1     2     2    12
 -2.0634385104119040E+00 a      1993     1     2     2    13
 -2.4420817169387732E+00 a      1994     1     2     2    14
 -4.6470383425288031E-01 a      1995     1     2     2    15
 -1.7293432522010432E-01 a      1996     1     2     2    16
  4.7167006347653412E-01 a      1997     1     2     2    17
 -1.0405997398930360E+00 a      1998     1     2     2    18
 -8.2967764233720709E-01 a      1999     1     2     2    19
 -2.4455679835466619E+00 a      2000     1     2     2    20
 -8.4251526536048338E-02 a      2001     1     2     2    21
  1.1898432199907836E+00 a      2002     1     2     2    22
  5.8589977229154558E-02 a      2003     1     2     2    23
 -1.3642548519923956E+00 a      2004     1     2     2    24
 -3.7405934597359292E-01 a      2005     1     2     2    25
  1.5109511904543997E+00 a      2006     1     2     2    26
  9.0349930814737611E-01 a      2007     1     2     2    27
  6.8241360181814495E-02 a      2008     1     2     2    28
 -1.0136617614467502E-01 a      2009     1     2     2    29
  1.9562390765080311E+00 a      2010     1     2     2    30
  1.6313671718566078E+00 a      2011     1     3     2     1
 -6.5665218712966467E-01 a      2012     1     3     2     2
  9.0897171814511457E-01 a      2013     1     3     2     3
 -9.5457936817574063E-01 a      2014     1     3     2     4
 -1.8224479725396032E+00 a      2015     1     3     2     5
 -1.4803409095798795E-01 a      2016     1     3     2     6
  1.1849357408561130E+00 a      2017     1     3     2     7
 -1.1630109686984531E+00 a      2018     1     3     2     8
 -1.5071042570727256E+00 a      2019     1     3     2     9
 -3.2881833633049851E-01 a      2020     1     3     2    10
  1.2877190427118879E-01 a      2021     1     3     2    11
 -2.1109617581858831E+00 a      2022     1     3     2    12
  1.0900446410233566E+00 a      2023     1     3     2    13
 -2.8948359318692622E+00 a      2024     1     3     2    14
  3.6448966779399755E-01 a      2025     1     3     2    15
 -1.1767900394882205E-01 a      2026     1     3     2    16
 -8.4940087737408285E-02 a      2027     1     3     2    17
  2.4392960985404349E-01 a      2028     1     3     2    18
 -4.0205560447024102E-01 a      2029     1     3     2    19
  1.1182763770945683E+00 a      2030     1     3     2    20
  9.5495909310440030E-01 a      2031     1     3     2    21
  1.9631849118587503E+00 a      2032     1     3     2    22
  1.1469777537342063E+00 a      2033     1     3     2    23
 -7.4670993708338229E-01 a      2034     1     3     2    24
 -2.9039577736147792E-01 a      2035     1     3     2    25
 -1.3447627139539799E+00 a      2036     1     3     2    26
 -2.0108146088045755E+00 a      2037     1     3     2    27
  4.9618404543961703E-01 a      2038     1     3     2    28
 -9.3206899532665133E-01 a      2039     1     3     2    29
 -6.2659106633512940E-01 a      2040     1     3     2    30
 -1.2265309661541790E-01 a      2041     1     4     2     1
  4.3456800961552566E-01 a      2042     1     4     2     2
 -1.2058830644226755E+00 a      2043     1     4     2     3
  1.8245939578901742E+00 a      2044     1     4     2     4
 -7.5119990258665992E-01 a      2045     1     4     2     5
  4.8329992760577634E-01 a      2046     1     4     2     6
 -1.4528306056092428E+00 a      2047     1     4     2     7
 -5.1903253378131731E-01 a      2048     1     4     2     8
  2.6005591399449418E-01 a      2049     1     4     2     9
  6.5320292343481279E-01 a      2050     1     4     2    10
  1.6286059942876587E+00 a      2051     1     4     2    11
  8.6186837187470694E-02 a      2052     1     4     2    12
  2.2382975676053346E-01 a      2053     1     4     2    13
  4.3570672927317428E-01 a      2054     1     4     2    14
 -9.9438177006644735E-01 a      2055     1     4     2    15
  6.1456022482189643E-01 a      2056     1     4     2    16
 -2.5031450432667984E-01 a      2057     1     4     2    17
  2.8078017807203959E-01 a      2058     1     4     2    18
 -4.3421033018208299E-01 a      2059     1     4     2    19
 -1.8641741381351098E+00 a      2060     1     4     2    20
 -5.3485370306157931E-01 a      2061     1     4     2    21
  2.1796565625351721E-01 a      2062     1     4     2    22
  2.1131269540564315E+00 a      2063     1     4     2    23
  5.1957179187475133E-01 a      2064     1     4     2    24
  7.0569973424448651E-01 a      2065     1     4     2    25
 -3.9071872868542368E-01 a      2066     1     4     2    26
 -3.9512341831183712E-01 a      2067     1     4     2    27
 -5.2185285715169338E-01 a      2068     1     4     2    28
  1.1501880183122510E+00 a      2069     1     4     2    29
 -1.0720010397522539E-02 a      2070     1     4     2    30
 -3.5948022414512648E-01 a      2071     1     5     2     1
  8.2584676977337901E-01 a      2072     1     5     2     2
  3.4763363975254136E-01 a      2073     1     5     2     3
 -2.7524232636863627E-01 a      2074     1     5     2     4
  5.7303564569609367E-01 a      2075     1     5     2     5
  8.1504756173123782E-01 a      2076     1     5     2     6
  5.2900413985419170E-01 a      2077     1     5     2     7
 -9.4636056379866190E-02 a      2078     1     5     2     8
 -5.4471453112352373E-02 a      2079     1     5     2     9
  1.2178942101358043E+00 a      2080     1     5     2    10
 -5.0094351247167124E-01 a      2081     1     5     2    11
 -3.4185088907117483E-01 a      2082     1     5     2    12
 -9.7321818282038541E-01 a      2083     1     5     2    13
  3.2983700400955565E+00 a      2084     1     5     2    14
  7.2849815605133317E-01 a      2085     1     5     2    15
  2.7092181438668306E-01 a      2086     1     5     2    16
  9.0300316914254020E-01 a      2087     1     5     2    17
  8.4545874825589185E-01 a      2088     1     5     2    18
 -4.1111167477591831E-02 a      2089     1     5     2    19
 -7.9284116875712662E-01 a      2090     1     5     2    20
 -1.9545718560345790E-01 a      2091     1     5     2    21
  1.7659475352499630E+00 a      2092     1     5     2    22
 -2.0722198922938793E+00 a      2093     1     5     2    23
 -4.2892826697514513E-01 a      2094     1     5     2    24
  5.0556559140422863E-01 a      2095     1     5     2    25
  2.8892238992649535E+00 a      2096     1     5     2    26
 -4.8689894072618783E-01 a      2097     1     5     2    27
 -1.2365792683219528E+00 a      2098     1     5     2    28
  4.1364410572048954E-01 a      2099     1     5     2    29
  1.7097053534072610E+00 a      2100     1     5     2    30
  2.5362844634306421E+00 a      2101     1     6     2     1
  1.1022312237342700E+00 a      2102     1     6     2     2
  1.3219055366481931E+00 a      2103     1     6     2     3
  4.7219961909577313E-01 a      2104     1     6     2     4
 -6.5549545870096437E-01 a      2105     1     6     2     5
 -1.7572620736082258E+00 a      2106     1     6     2     6
  6.1643173313372579E-01 a      2107     1     6     2     7
 -5.5082260326612276E-01 a      2108     1     6     2     8
 -2.8128333952294229E+00 a      2109     1     6     2     9
 -1.1328676767100965E+00 a      2110     1     6     2    10
 -2.2964448746011770E+00 a      2111     1     6     2    11
  4.3627477642092366E-01 a      2112     1     6     2    12
 -1.0427766459043517E+00 a      2113     1     6     2    13
  5.0930464810453224E-01 a      2114     1     6     2    14
  5.1350424766477087E-01 a      2115     1     6     2    15
  6.8606977370539793E-02 a      2116     1     6     2    16
 -3.5914930843525833E-01 a      2117     1     6     2    17
  5.9863927749598711E-01 a      2118     1     6     2    18
  1.4066202441362716E+00 a      2119     1     6     2    19
 -2.0976525779546908E+00 a      2120     1     6     2    20
  1.3254034282538329E+00 a      2121     1     6     2    21
 -5.6877036903343636E-01 a      2122     1     6     2    22
 -1.4637331265782465E+00 a      2123     1     6     2    23
  1.7862384494634334E+00 a      2124     1     6     2    24
 -3.3883984555686764E-01 a      2125     1     6     2    25
 -3.5603782425801129E+00 a      2126     1     6     2    26
  1.7752291950969754E+00 a      2127     1     6     2    27
 -5.2733255623186792E-01 a      2128     1     6     2    28
 -1.2525588684998445E+00 a      2129     1     6     2    29
 -4.0838637045729521E-02 a      2130     1     6     2    30
  1.6615769855977962E+00 a      2131     1     7     2     1
 -4.5203794856339452E-01 a      2132     1     7     2     2
 -4.7793707054709805E-01 a      2133     1     7     2     3
  1.4648225732259961E+00 a      2134     1     7     2     4
 -2.0898531868179049E+00 a      2135     1     7     2     5
  9.5455031925938594E-01 a      2136     1     7     2     6
 -1.1808602473798644E+00 a      2137     1     7     2     7
  6.5110707102144294E-01 a      2138     1     7     2     8
 -1.5211035220103934E+00 a      2139     1     7     2     9
  1.4113872078883327E+00 a      2140     1     7     2    10
 -6.4815496456214228E-01 a      2141     1     7     2    11
 -1.3926048320320623E+00 a      2142     1     7     2    12
 -5.2667808728432997E-01 a      2143     1     7     2    13
 -6.5922264652463236E-01 a      2144     1     7     2    14
 -1.9484243219946864E+00 a      2145     1     7     2    15
  2.0992807078185857E-01 a      2146     1     7     2    16
 -1.2437429914208589E+00 a      2147     1     7     2    17
 -4.1212025726646107E-01 a      2148     1     7     2    18
  8.8692866126570469E-01 a      2149     1     7     2    19
  8.8529864805428549E-01 a      2150     1     7     2    20
  1.2369573085816721E+00 a      2151     1     7     2    21
 -1.3588637090978670E+00 a      2152     1     7     2    22
  3.3766734225503363E+00 a      2153     1     7     2    23
 -3.4784367315181491E-01 a      2154     1     7     2    24
  2.6147224380951928E-01 a      2155     1     7     2    25
  1.7868620226561549E+00 a      2156     1     7     2    26
 -6.7781961153471459E-01 a      2157     1     7     2    27
 -3.7559785619666580E-01 a      2158     1     7     2    28
  2.2083175302158606E-01 a      2159     1     7     2    29
  2.8256439010134310E-01 a      2160     1     7     2    30
 -1.2615118050853480E-01 a      2161     1     8     2     1
  6.1316519797975561E-02 a      2162     1     8     2     2
 -8.3992256479505467E-01 a      2163     1     8     2     3
 -4.1791314461395923E-01 a      2164     1     8     2     4
 -1.6250456722898710E-01 a      2165     1     8     2     5
  5.8575561480325666E-01 a      2166     1     8     2     6
 -9.3512971402027179E-01 a      2167     1     8     2     7
  6.5342885158736197E-01 a      2168     1     8     2     8
  1.8774731936080546E+00 a      2169     1     8     2     9
 -1.2997407554738341E+00 a      2170     1     8     2    10
 -3.1923832255183733E+00 a      2171     1     8     2    11
 -1.6946976014264556E-01 a      2172     1     8     2    12
 -6.0269140122280108E-02 a      2173     1     8     2    13
 -4.4088885696117291E-01 a      2174     1     8     2    14
 -1.3511104581966329E+00 a      2175     1     8     2    15
  1.4502191188430471E+00 a      2176     1     8     2    16
 -3.7107360527537818E-02 a      2177     1     8     2    17
 -8.5352613825581403E-01 a      2178     1     8     2    18
  2.4432848496816888E+00 a      2179     1     8     2    19
  8.3673986883924156E-01 a      2180     1     8     2    20
 -2.4902333730397230E-01 a      2181     1     8     2    21
  1.2317996751303042E+00 a      2182     1     8     2    22
 -2.0160041449271007E+00 a      2183     1     8     2    23
 -8.6439192262423137E-01 a      2184     1     8     2    24
 -1.5164935825380330E+00 a      2185     1     8     2    25
  6.6210202982770205E-01 a      2186     1     8     2    26
 -1.2003776879039907E+00 a      2187     1     8     2    27
 -4.2666408698921165E-01 a      2188     1     8     2    28
  7.4457519667033090E-01 a      2189     1     8     2    29
 -1.0663940468466198E+00 a      2190     1     8     2    30
 -2.8755878069502272E-01 a      2191     1     9     2     1
 -4.5603102774851345E-01 a      2192     1     9     2     2
 -3.4617551117208401E-01 a      2193     1     9     2     3
 -3.9732835991679100E-01 a      2194     1     9     2     4
  1.6752318872987972E+00 a      2195     1     9     2     5
  2.9059222577905014E-01 a      2196     1     9     2     6
 -4.3305304777329157E-01 a      2197     1     9     2     7
 -3.8646541574328813E-01 a      2198     1     9     2     8
  1.1364588031975971E+00 a      2199     1     9     2     9
  1.6191910062697132E-01 a      2200     1     9     2    10
  1.1778703385600868E+00 a      2201     1     9     2    11
  9.6946768252832841E-02 a      2202     1     9     2    12
 -3.3678107468687435E-01 a      2203     1     9     2    13
 -2.8388809084458160E+00 a      2204     1     9     2    14
 -9.8283639767626685E-01 a      2205     1     9     2    15
 -9.1306559721480984E-01 a      2206     1     9     2    16
  1.1743789701287462E-01 a      2207     1     9     2    17
 -9.3993536662296073E-01 a      2208     1     9     2    18
 -5.6883312264172266E-02 a      2209     1     9     2    19
  1.0984882752112510E+00 a      2210     1     9     2    20
 -3.6220380946209729E-01 a      2211     1     9     2    21
  5.4109717712835159E-01 a      2212     1     9     2    22
  9.4408655854328072E-01 a      2213     1     9     2    23
 -4.7500178912162239E-01 a      2214     1     9     2    24
 -1.6441121312530522E-02 a      2215     1     9     2    25
  1.7152903145694969E+00 a      2216     1     9     2    26
 -6.7698904906031365E-01 a      2217     1     9     2    27
 -2.2784461508235940E-01 a      2218     1     9     2    28
 -7.7779565831493003E-01 a      2219     1     9     2    29
 -6.5553107928441456E-01 a      2220     1     9     2    30
  2.4815410547717098E+00 a      2221     1    10     2     1
  5.7506143992702519E-01 a      2222     1    10     2     2
 -1.5014911851144093E+00 a      2223     1    10     2     3
  1.2349474487933001E+00 a      2224     1    10     2     4
 -2.1202317156687170E-01 a      2225     1    10     2     5
 -1.1975235873447989E+00 a      2226     1    10     2     6
  1.2629133754490480E+00 a      2227     1    10     2     7
  7.7662208251091891E-01 a      2228     1    10     2     8
 -1.2112189236868376E+00 a      2229     1    10     2     9
 -2.5442286954933748E+00 a      2230     1    10     2    10
  5.9020969749309649E-01 a      2231     1    10     2    11
 -1.1921719336434538E+00 a      2232     1    10     2    12
 -7.2380389408179213E-01 a      2233     1    10     2    13
  2.6077037803137331E+00 a      2234     1    10     2    14
 -2.2302711016149260E-01 a      2235     1    10     2    15
  4.7931475628022252E-01 a      2236     1    10     2    16
  1.1831221117465678E+00 a      2237     1    10     2    17
 -5.0369850984829367E-01 a      2238     1    10     2    18
  1.2312317241845752E+00 a      2239     1    10     2    19
 -1.0559272196851619E+00 a      2240     1    10     2    20
 -2.7174727628547329E-01 a      2241     1    10     2    21
 -3.3501282070136174E-01 a      2242     1    10     2    22
 -5.5214491769187701E-01 a      2243     1    10     2    23
  1.1550493629006220E+00 a      2244     1    10     2    24
 -6.6713507651553483E-01 a      2245     1    10     2    25
  8.9849614951039458E-01 a      2246     1    10     2    26
 -3.0602995376820763E-01 a      2247     1    10     2    27
 -2.3017367827400038E-02 a      2248     1    10     2    28
  1.5621560079774937E+00 a      2249     1    10     2    29
 -1.5310259285557783E+00 a      2250     1    10     2    30
 -2.4868950935673588E+00 a      2251     1    11     2     1
 -9.3505347012310239E-02 a      2252     1    11     2     2
  1.9853942275998129E-01 a      2253     1    11     2     3
 -2.7945523434431746E-01 a      2254     1    11     2     4
  7.1648477846770267E-02 a      2255     1    11     2     5
  8.3969867192451517E-02 a      2256     1    11     2     6
  3.6702070968944533E-01 a      2257     1    11     2     7
 -1.1156729448658001E-01 a      2258     1    11     2     8
  1.7834440216359972E+00 a      2259     1    11     2     9
  5.4985708438196434E-01 a      2260     1    11     2    10
  2.0041015015419297E+00 a      2261     1    11     2    11
  1.8558800644783309E+00 a      2262     1    11     2    12
  5.8755365934514192E-01 a      2263     1    11     2    13
 -2.4677704371011835E+00 a      2264     1    11     2    14
  9.7424941966109768E-01 a      2265     1    11     2    15
 -8.5558086716851944E-01 a      2266     1    11     2    16
 -1.2816569177341499E+00 a      2267     1    11     2    17
  5.2728256652532446E-01 a      2268     1    11     2    18
 -2.0518467779917191E-01 a      2269     1    11     2    19
  8.5702794136973059E-01 a      2270     1    11     2    20
 -2.5522401775993742E-01 a      2271     1    11     2    21
 -6.1087476351413081E-02 a      2272     1    11     2    22
 -6.3766085168394737E-01 a      2273     1    11     2    23
  1.2412628053479506E+00 a      2274     1    11     2    24
 -5.8507476857035334E-01 a      2275     1    11     2    25
 -2.2010076621820458E+00 a      2276     1    11     2    26
  1.9473961089307740E-01 a      2277     1    11     2    27
  1.4694114836256185E+00 a      2278     1    11     2    28
 -4.1935360657151638E-01 a      2279     1    11     2    29
 -1.0172047225450367E+00 a      2280     1    11     2    30
  1.4558462095271694E+00 a      2281     1    12     2     1
 -1.7867511267956599E+00 a      2282     1    12     2     2
 -2.0896124222342118E+00 a      2283     1    12     2     3
 -2.6574607859963342E+00 a      2284     1    12     2     4
  9.3820632369639489E-01 a      2285     1    12     2     5
  9.7432888911317510E-03 a      2286     1    12     2     6
 -6.3880841922589371E-01 a      2287     1    12     2     7
 -1.6087534654766733E+00 a      2288     1    12     2     8
  1.0419357133709493E+00 a      2289     1    12     2     9
 -1.7380230535290131E-01 a      2290     1    12     2    10
  2.1438150305790984E+00 a      2291     1    12     2    11
 -2.1431772285686881E+00 a      2292     1    12     2    12
  1.1394199651755385E-01 a      2293     1    12     2    13
 -1.2204606059090275E+00 a      2294     1    12     2    14
 -5.2600724112581188E-01 a      2295     1    12     2    15
 -1.0280079014208063E+00 a      2296     1    12     2    16
  7.5570297569548650E-01 a      2297     1    12     2    17
 -3.5472400797015086E-01 a      2298     1    12     2    18
  1.7564814142942403E-01 a      2299     1    12     2    19
 -8.5053296067057971E-01 a      2300     1    12     2    20
  7.3026131484870771E-01 a      2301     1    12     2    21
  7.3926998715267023E-01 a      2302     1    12     2    22
 -2.5095635154131175E+00 a      2303     1    12     2    23
 -3.9646181899970752E+00 a      2304     1    12     2    24
 -4.5322441001440283E-01 a      2305     1    12     2    25
  2.3124292511376092E+00 a      2306     1    12     2    26
  1.0623246740592696E+00 a      2307     1    12     2    27
  2.8527265457771744E-01 a      2308     1    12     2    28
  5.0744130942890919E-01 a      2309     1    12     2    29
  4.1643786883906331E-01 a      2310     1    12     2    30
 -2.4807485628561743E+00 a      2311     1    13     2     1
 -5.2026308372594199E-01 a      2312     1    13     2     2
  2.4199570550919138E+00 a      2313     1    13     2     3
 -1.2577168624378057E-01 a      2314     1    13     2     4
 -3.5823001676106294E+00 a      2315     1    13     2     5
 -2.3088324565528713E+00 a      2316     1    13     2     6
 -1.9158418842884065E-01 a      2317     1    13     2     7
 -6.9621596444962885E-01 a      2318     1    13     2     8
  6.5892426140231705E-02 a      2319     1    13     2     9
  1.2799596284335324E+00 a      2320     1    13     2    10
 -1.2561488842352025E-01 a      2321     1    13     2    11
 -5.4216625743621782E-01 a      2322     1    13     2    12
  9.2342044951351510E-01 a      2323     1    13     2    13
  1.5380531895766518E+00 a      2324     1    13     2    14
  2.0009640518735794E+00 a      2325     1    13     2    15
 -4.0632492866639347E-01 a      2326     1    13     2    16
  2.6354007165704652E-01 a      2327     1    13     2    17
  9.9283927769680358E-01 a      2328     1    13     2    18
 -6.7285433872834344E-01 a      2329     1    13     2    19
 -1.4862403898494816E+00 a      2330     1    13     2    20
  1.3097168388658298E+00 a      2331     1    13     2    21
 -4.6936836042800095E-01 a      2332     1    13     2    22
  5.9510958249685864E-01 a      2333     1    13     2    23
 -1.8404510815762609E+00 a      2334     1    13     2    24
  6.8696762361279862E-01 a      2335     1    13     2    25
  2.5657198880631321E-01 a      2336     1    13     2    26
 -4.4359623633085610E-01 a      2337     1    13     2    27
  1.3187039057515446E+00 a      2338     1    13     2    28
 -1.2386128715028986E+00 a      2339     1    13     2    29
  5.4692304314762363E-01 a      2340     1    13     2    30
 -8.0138721190127349E-01 a      2341     1    14     2     1
 -2.4400539919514680E-01 a      2342     1    14     2     2
 -9.3783648286352117E-01 a      2343     1    14     2     3
 -1.9651297694258898E-01 a      2344     1    14     2     4
  1.0044688507324129E+00 a      2345     1    14     2     5
  6.5928315687950123E-01 a      2346     1    14     2     6
 -2.6033480379774199E-01 a      2347     1    14     2     7
 -1.6469363912687324E-01 a      2348     1    14     2     8
  1.6132817589749956E-01 a      2349     1    14     2     9
  3.7649223954897337E-01 a      2350     1    14     2    10
 -1.1707809431426768E+00 a      2351     1    14     2    11
  1.2887745953198961E+00 a      2352     1    14     2    12
  4.1853736754497339E-01 a      2353     1    14     2    13
 -1.0501383775755515E+00 a      2354     1    14     2    14
 -1.4416051405284351E+00 a      2355     1    14     2    15
  1.8156775769027496E+00 a      2356     1    14     2    16
 -8.5764965358321621E-01 a      2357     1    14     2    17
 -1.0402515395408314E+00 a      2358     1    14     2    18
 -1.3512882854189406E-01 a      2359     1    14     2    19
  1.0646911193981687E+00 a      2360     1    14     2    20
 -2.0656474342736386E+00 a      2361     1    14     2    21
 -5.8221314895006226E-01 a      2362     1    14     2    22
 -2.0251498964366861E+00 a      2363     1    14     2    23
  1.0555241901591612E+00 a      2364     1    14     2    24
 -1.0404458315146592E+00 a      2365     1    14     2    25
  5.5050522978821226E-01 a      2366     1    14     2    26
  5.1453150902338540E-01 a      2367     1    14     2    27
 -7.3255989210325823E-01 a      2368     1    14     2    28
 -4.4090984030843421E+00 a      2369     1    14     2    29
 -9.1708722901302497E-01 a      2370     1    14     2    30
  6.6788771594719620E-01 a      2371     1    15     2     1
 -3.3376239611867653E-01 a      2372     1    15     2     2
 -3.8785449697217539E-01 a      2373     1    15     2     3
 -9.2187834275421765E-01 a      2374     1    15     2     4
  4.0558220916907190E-03 a      2375     1    15     2     5
  5.2205466583172833E-01 a      2376     1    15     2     6
 -1.1024508982294827E+00 a      2377     1    15     2     7
 -3.0156666886757955E-01 a      2378     1    15     2     8
  5.6161850261014890E-01 a      2379     1    15     2     9
  2.7692142535912628E-01 a      2380     1    15     2    10
 -2.9543646356999176E-01 a      2381     1    15     2    11
  9.4300427761404959E-01 a      2382     1    15     2    12
  8.9086467952150505E-01 a      2383     1    15     2    13
 -1.4817045747578153E+00 a      2384     1    15     2    14
  1.1191215783015764E+00 a      2385     1    15     2    15
  1.6416683832957704E+00 a      2386     1    15     2    16
 -4.2279872946678204E-01 a      2387     1    15     2    17
 -1.3878578338615233E-01 a      2388     1    15     2    18
 -9.4287579267244825E-01 a      2389     1    15     2    19
  9.4697484695669923E-02 a      2390     1    15     2    20
  6.2194077687853833E-01 a      2391     1    15     2    21
  1.0209735141485583E+00 a      2392     1    15     2    22
 -7.8897440252930928E-01 a      2393     1    15     2    23
  4.9595487221194934E-01 a      2394     1    15     2    24
 -8.5177459805208222E-01 a      2395     1    15     2    25
 -5.6610827542403419E-01 a      2396     1    15     2    26
 -5.8209843883579648E-01 a      2397     1    15     2    27
  1.8851914899589051E-01 a      2398     1    15     2    28
  2.7259055082941080E-01 a      2399     1    15     2    29
  4.9047751878676285E-02 a      2400     1    15     2    30
  1.5547426856875457E+00 a      2401     1    16     2     1
 -8.1709655182825314E-01 a      2402     1    16     2     2
 -3.4057236604114843E-01 a      2403     1    16     2     3
 -8.2266557780765037E-01 a      2404     1    16     2     4
  3.3952112165482379E-01 a      2405     1    16     2     5
  1.3254222942183769E+00 a      2406     1    16     2     6
 -3.2046342214989004E-02 a      2407     1    16     2     7
  4.6277870994622117E-01 a      2408     1    16     2     8
  8.1218744363826556E-01 a      2409     1    16     2     9
  1.5758403779514163E+00 a      2410     1    16     2    10
 -1.4815632473901266E+00 a      2411     1    16     2    11
  2.9205297557206267E-01 a      2412     1    16     2    12
 -2.0543034315540751E+00 a      2413     1    16     2    13
 -2.8657719988847554E+00 a      2414     1    16     2    14
  4.8036585497346734E-01 a      2415     1    16     2    15
 -1.6060558094662598E+00 a      2416     1    16     2    16
 -9.6622590106090578E-01 a      2417     1    16     2    17
  1.6272928083824201E+00 a      2418     1    16     2    18
 -9.4057194230140873E-01 a      2419     1    16     2    19
 -7.6819051111023356E-02 a      2420     1    16     2    20
  1.3120473612301338E+00 a      2421     1    16     2    21
  9.5060371679627109E-01 a      2422     1    16     2    22
 -2.0686511387993463E+00 a      2423     1    16     2    23
 -1.9376216981711734E+00 a      2424     1    16     2    24
 -9.5706848761542551E-01 a      2425     1    16     2    25
  2.2435875158058982E-01 a      2426     1    16     2    26
  2.6173606306485797E+00 a      2427     1    16     2    27
  2.3251326864986019E+00 a      2428     1    16     2    28
  9.3245035696058698E-01 a      2429     1    16     2    29
 -3.2612511523705212E-01 a      2430     1    16     2    30
 -1.4242454126250914E+00 a      2431     1    17     2     1
  8.0784980984918742E-01 a      2432     1    17     2     2
 -1.4633020620106030E-01 a      2433     1    17     2     3
  8.1817889903133073E-02 a      2434     1    17     2     4
  9.8900347068070749E-01 a      2435     1    17     2     5
 -1.1536837273566756E+00 a      2436     1    17     2     6
  4.9754062593122039E-01 a      2437     1    17     2     7
  3.5888902043738830E-01 a      2438     1    17     2     8
 -7.1233421219948204E-02 a      2439     1    17     2     9
  1.0698807529088561E+00 a      2440     1    17     2    10
 -1.5377950900851496E+00 a      2441     1    17     2    11
  6.8339409948893515E-01 a      2442     1    17     2    12
  1.3048059953454896E+00 a      2443     1    17     2    13
 -1.0665574956655992E+00 a      2444     1    17     2    14
 -1.2322645070318083E+00 a      2445     1    17     2    15
 -5.5836712428657964E-01 a      2446     1    17     2    16
 -1.1251011771132600E+00 a      2447     1    17     2    17
 -5.7580851534451216E-01 a      2448     1    17     2    18
 -5.1995507454167977E-01 a      2449     1    17     2    19
  1.0542872874068390E+00 a      2450     1    17     2    20
  2.2248748654787615E-01 a      2451     1    17     2    21
 -1.0878864822768364E+00 a      2452     1    17     2    22
  9.7244761413887193E-01 a      2453     1    17     2    23
 -8.4012860353494745E-01 a      2454     1    17     2    24
 -4.0698515530768609E-01 a      2455     1    17     2    25
  1.1087681643794365E+00 a      2456     1    17     2    26
 -1.1593230035763937E+00 a      2457     1    17     2    27
  9.8824601218779329E-01 a      2458     1    17     2    28
 -3.3728120576891329E-01 a      2459     1    17     2    29
 -6.1860154163296233E-01 a      2460     1    17     2    30
  1.6125037611979007E+00 a      2461     1    18     2     1
 -9.3667152333772638E-02 a      2462     1    18     2     2
 -6.3061083056259548E-01 a      2463     1    18     2     3
 -1.0999002583582429E+00 a      2464     1    18     2     4
 -2.5026140882089760E+00 a      2465     1    18     2     5
  8.5162955991831324E-01 a      2466     1    18     2     6
  6.3559048615042946E-01 a      2467     1    18     2     7
 -3.4451576502161485E-01 a      2468     1    18     2     8
 -1.6022707472761022E+00 a      2469     1    18     2     9
 -3.0096287420476325E-01 a      2470     1    18     2    10
 -1.3776727859267330E+00 a      2471     1    18     2    11
 -1.5755952105359725E+00 a      2472     1    18     2    12
 -5.2321496564528192E-01 a      2473     1    18     2    13
 -1.4715655050638263E+00 a      2474     1    18     2    14
  1.2453270448154695E-01 a      2475     1    18     2    15
 -1.4295727861881062E-02 a      2476     1    18     2    16
 -1.8006109722300727E+00 a      2477     1    18     2    17
  1.4471546517312133E+00 a      2478     1    18     2    18
  1.9900504171092572E+00 a      2479     1    18     2    19
 -1.0829351163705199E-01 a      2480     1    18     2    20
 -1.3735221918441103E+00 a      2481     1    18     2    21
  2.8249160461560434E+00 a      2482     1    18     2    22
  8.0394015682908981E-01 a      2483     1    18     2    23
 -1.0550546332992738E+00 a      2484     1    18     2    24
 -3.8526863209146467E-01 a      2485     1    18     2    25
  8.6031705888657417E-01 a      2486     1    18     2    26
  1.4517327257688706E+00 a      2487     1    18     2    27
  1.9002585995458741E+00 a      2488     1    18     2    28
 -6.2987168954765371E-01 a      2489     1    18     2    29
 -2.0015911584590684E+00 a      2490     1    18     2    30
 -9.3520019402354360E-01 a      2491     1    19     2     1
 -1.4481675336805591E+00 a      2492     1    19     2     2
 -4.5265561852337605E-01 a      2493     1    19     2     3
 -9.5816662917853879E-01 a      2494     1    19     2     4
  1.5859900923824921E+00 a      2495     1    19     2     5
  9.3555730999245093E-02 a      2496     1    19     2     6
  3.3954387091168929E-02 a      2497     1    19     2     7
  1.1010571409959189E+00 a      2498     1    19     2     8
 -1.7929201996082980E-01 a      2499     1    19     2     9
 -2.5323088052801063E-01 a      2500     1    19     2    10
 -1.5732876719562059E-02 a      2501     1    19     2    11
  2.6215839118563439E-01 a      2502     1    19     2    12
 -9.6247127259032694E-01 a      2503     1    19     2    13
 -8.4024281898753805E-01 a      2504     1    19     2    14
 -3.4606415568573973E-01 a      2505     1    19     2    15
 -5.3785299809233057E-02 a      2506     1    19     2    16
 -1.0430011670536481E+00 a      2507     1    19     2    17
  3.1397174388662080E-01 a      2508     1    19     2    18
  3.6176451570319645E-01 a      2509     1    19     2    19
  6.8879527692272347E-02 a      2510     1    19     2    20
 -6.5627251619342158E-02 a      2511     1    19     2    21
 -1.5992069103162341E+00 a      2512     1    19     2    22
 -1.0622571904484952E+00 a      2513     1    19     2    23
 -5.2472621135931496E-01 a      2514     1    19     2    24
 -5.6335185896768544E-02 a      2515     1    19     2    25
  3.7087916675990290E-01 a      2516     1    19     2    26
  3.7108661739172571E-01 a      2517     1    19     2    27
 -1.5114041926070112E+00 a      2518     1    19     2    28
 -1.8733774157604222E+00 a      2519     1    19     2    29
  6.9761256457350673E-01 a      2520     1    19     2    30
 -2.8193964417698445E+00 a      2521     1    20     2     1
  3.9936119745014509E-01 a      2522     1    20     2     2
  1.5394931203807134E+00 a      2523     1    20     2     3
 -8.0323462493109166E-01 a      2524     1    20     2     4
 -8.5412265858486169E-01 a      2525     1    20     2     5
  1.1560186144329623E+00 a      2526     1    20     2     6
 -3.0173553441566819E-01 a      2527     1    20     2     7
  7.2158848934171105E-01 a      2528     1    20     2     8
  1.5046354727921154E+00 a      2529     1    20     2     9
  5.0423175635334738E-01 a      2530     1    20     2    10
  6.6488307367695842E-01 a      2531     1    20     2    11
 -6.4505759234115989E-01 a      2532     1    20     2    12
 -1.0927792700550265E+00 a      2533     1    20     2    13
 -6.7302711898434664E-01 a      2534     1    20     2    14
 -5.3774377153584019E-01 a      2535     1    20     2    15
  6.7301818965287613E-02 a      2536     1    20     2    16
 -1.1642155296288110E+00 a      2537     1    20     2    17
 -2.0558220103645947E-01 a      2538     1    20     2    18
  1.2131616878440272E+00 a      2539     1    20     2    19
  6.6358837089646572E-01 a      2540     1    20     2    20
  8.9800641511315105E-01 a      2541     1    20     2    21
 -1.0880294081142101E+00 a      2542     1    20     2    22
  1.4144610126272108E+00 a      2543     1    20     2    23
  2.3623394991930191E-01 a      2544     1    20     2    24
  9.1946145726286066E-02 a      2545     1    20     2    25
 -5.6335199474770559E-01 a      2546     1    20     2    26
 -4.2208576187314750E-01 a      2547     1    20     2    27
  1.0225575815656127E+00 a      2548     1    20     2    28
 -5.1357061929739223E-01 a      2549     1    20     2    29
 -3.8654878099683332E-01 a      2550     1    20     2    30
 -5.5025705976053585E-01 a      2551     1    21     2     1
 -1.1937571859514343E-01 a      2552     1    21     2     2
  2.4040934691253649E-01 a      2553     1    21     2     3
  6.2628204085385575E-01 a      2554     1    21     2     4
  2.9959141154669719E+00 a      2555     1    21     2     5
 -1.7240952888805980E+00 a      2556     1    21     2     6
 -1.5056842963072232E+00 a      2557     1    21     2     7
  3.9217352213134693E-01 a      2558     1    21     2     8
 -5.0871122189181564E-02 a      2559     1    21     2     9
  1.5154981640520129E-01 a      2560     1    21     2    10
 -5.3739701875929659E-03 a      2561     1    21     2    11
  7.4658749938180780E-01 a      2562     1    21     2    12
  7.4465442887697131E-01 a      2563     1    21     2    13
 -5.1687499514413116E-01 a      2564     1    21     2    14
  7.3538307409900372E-01 a      2565     1    21     2    15
 -1.8807872638914225E+00 a      2566     1    21     2    16
  1.1395588022750820E+00 a      2567     1    21     2    17
 -2.2596667300610401E-01 a      2568     1    21     2    18
 -1.2030425269435652E+00 a      2569     1    21     2    19
 -1.3563299875865622E+00 a      2570     1    21     2    20
 -1.8160551302485448E-01 a      2571     1    21     2    21
 -7.0248402193822135E-01 a      2572     1    21     2    22
 -1.8142393526689242E+00 a      2573     1    21     2    23
  7.7126203420511330E-01 a      2574     1    21     2    24
  3.3249144189704111E-01 a      2575     1    21     2    25
 -1.2029929469077623E-01 a      2576     1    21     2    26
 -1.1896179961935913E+00 a      2577     1    21     2    27
  1.5573021020977992E-01 a      2578     1    21     2    28
 -3.0463982326664690E-01 a      2579     1    21     2    29
 -2.1466997095671680E-01 a      2580     1    21     2    30
 -9.0918542329130070E-01 a      2581     1    22     2     1
  4.3410751459038799E-01 a      2582     1    22     2     2
  8.1929960536694102E-01 a      2583     1    22     2     3
 -1.1685645205564549E-01 a      2584     1    22     2     4
 -3.9716313875157991E-02 a      2585     1    22     2     5
 -4.2640754890904482E+00 a      2586     1    22     2     6
 -1.5714297255008216E+00 a      2587     1    22     2     7
  3.8552067048633132E-01 a      2588     1    22     2     8
  1.7911015402831287E+00 a      2589     1    22     2     9
 -2.8900789300890167E-01 a      2590     1    22     2    10
  1.9027356358635148E+00 a      2591     1    22     2    11
 -1.2590633943533387E+00 a      2592     1    22     2    12
 -1.0913540794480427E-01 a      2593     1    22     2    13
 -3.3525893554993647E-01 a      2594     1    22     2    14
  8.1123089681500060E-01 a      2595     1    22     2    15
  1.4621442096360995E+00 a      2596     1    22     2    16
  7.7178981963779769E-01 a      2597     1    22     2    17
 -2.1437915884800818E+00 a      2598     1    22     2    18
 -7.3161264325184244E-02 a      2599     1    22     2    19
  3.2482866193888010E-01 a      2600     1    22     2    20
 -1.4880323933546449E+00 a      2601     1    22     2    21
 -1.8071246210990727E-01 a      2602     1    22     2    22
 -1.6175157859774019E+00 a      2603     1    22     2    23
  1.6402758313291246E+00 a      2604     1    22     2    24
  1.3945925174679916E+00 a      2605     1    22     2    25
  7.3101534507216015E-01 a      2606     1    22     2    26
 -5.6514748193300185E-02 a      2607     1    22     2    27
 -5.5524360185205179E-01 a      2608     1    22     2    28
 -2.2973489062266630E+00 a      2609     1    22     2    29
  1.0837578803210588E+00 a      2610     1    22     2    30
 -7.5269222068057295E-01 a      2611     1    23     2     1
  9.4468398145161359E-01 a      2612     1    23     2     2
  5.0940550431496479E-01 a      2613     1    23     2     3
  9.3785800865426949E-01 a      2614     1    23     2     4
 -3.9995675624254468E-01 a      2615     1    23     2     5
  6.6785792467193161E-01 a      2616     1    23     2     6
  1.3906685929790792E+00 a      2617     1    23     2     7
  1.2673435893314768E+00 a      2618     1    23     2     8
  1.8334006347428551E+00 a      2619     1    23     2     9
  5.1004420766786274E-01 a      2620     1    23     2    10
  7.8748083888685050E-01 a      2621     1    23     2    11
  6.2502800389705604E-01 a      2622     1    23     2    12
  1.5451853469148729E+00 a      2623     1    23     2    13
  1.5065158519445936E+00 a      2624     1    23     2    14
 -1.2475428803979248E-01 a      2625     1    23     2    15
  1.0481979009177038E+00 a      2626     1    23     2    16
  6.3770687739876297E-01 a      2627     1    23     2    17
 -1.5533170155307390E+00 a      2628     1    23     2    18
  3.6869903631218953E-01 a      2629     1    23     2    19
 -2.0532736178966340E-01 a      2630     1    23     2    20
 -1.0400041071857942E+00 a      2631     1    23     2    21
 -5.4146460129061935E-01 a      2632     1    23     2    22
 -3.3247931361053096E-01 a      2633     1    23     2    23
  9.6885438767998633E-01 a      2634     1    23     2    24
  1.9311931047573211E-01 a      2635     1    23     2    25
 -3.1439526077103856E+00 a      2636     1    23     2    26
  1.1486901819271682E+00 a      2637     1    23     2    27
  1.2200852633859367E+00 a      2638     1    23     2    28
  2.9486091149280436E-01 a      2639     1    23     2    29
  8.4686744275086567E-01 a      2640     1    23     2    30
  1.5349453444544381E-01 a      2641     1    24     2     1
  3.1704735854636473E-01 a      2642     1    24     2     2
 -1.4370404495080780E+00 a      2643     1    24     2     3
 -7.3155985994468775E-01 a      2644     1    24     2     4
  1.0384470886095649E+00 a      2645     1    24     2     5
 -1.3006302758501480E+00 a      2646     1    24     2     6
 -1.9333648348726801E-01 a      2647     1    24     2     7
  2.0028220558609990E+00 a      2648     1    24     2     8
 -3.5158161299955673E+00 a      2649     1    24     2     9
  3.4392395644245610E-01 a      2650     1    24     2    10
 -2.3772569873792384E+00 a      2651     1    24     2    11
  9.9846042941638777E-02 a      2652     1    24     2    12
  9.8454199372068907E-01 a      2653     1    24     2    13
 -1.0428323430860043E+00 a      2654     1    24     2    14
 -2.8035462884947582E-01 a      2655     1    24     2    15
  1.0079466418122849E+00 a      2656     1    24     2    16
  1.1821062380937226E+00 a      2657     1    24     2    17
 -5.1443674613997414E-01 a      2658     1    24     2    18
 -4.9015530036052657E-01 a      2659     1    24     2    19
  2.7876115782828692E-01 a      2660     1    24     2    20
 -9.4819538965698558E-01 a      2661     1    24     2    21
 -6.9866293043291638E-01 a      2662     1    24     2    22
 -6.5616480620832884E-01 a      2663     1    24     2    23
  2.8149039321072133E+00 a      2664     1    24     2    24
 -1.8633658759234697E-01 a      2665     1    24     2    25
 -1.3259060645038332E+00 a      2666     1    24     2    26
 -5.8383071182942903E-01 a      2667     1    24     2    27
 -3.6022873858685971E+00 a      2668     1    24     2    28
  2.7056859673763718E+00 a      2669     1    24     2    29
  4.3541492025732731E-01 a      2670     1    24     2    30
 -1.2363906426853830E+00 a      2671     1    25     2     1
  2.0126239065296075E-01 a      2672     1    25     2     2
 -3.8756884031071666E+00 a      2673     1    25     2     3
  4.7829064751896305E-01 a      2674     1    25     2     4
 -6.5287362044296582E-01 a      2675     1    25     2     5
 -6.7770856680624114E-01 a      2676     1    25     2     6
  3.0492450172027774E-01 a      2677     1    25     2     7
 -1.1519017472042843E+00 a      2678     1    25     2     8
 -6.5042932075749449E-01 a      2679     1    25     2     9
  7.0745561771888321E-01 a      2680     1    25     2    10
 -1.5879655459983146E+00 a      2681     1    25     2    11
  1.2841019171752339E+00 a      2682     1    25     2    12
 -2.0339896480959949E-01 a      2683     1    25     2    13
 -8.6734030778550475E-01 a      2684     1    25     2    14
 -1.3884034434295420E-01 a      2685     1    25     2    15
  2.9652558192775267E+00 a      2686     1    25     2    16
  9.3395354696678567E-01 a      2687     1    25     2    17
 -1.0183373747082941E-01 a      2688     1    25     2    18
 -1.0108981239361996E+00 a      2689     1    25     2    19
  5.4891208040351946E-01 a      2690     1    25     2    20
 -1.6689345390620206E-01 a      2691     1    25     2    21
 -6.4525962662795500E-01 a      2692     1    25     2    22
 -2.7102317829137603E+00 a      2693     1    25     2    23
  2.7733863909104510E+00 a      2694     1    25     2    24
  7.6640091953479561E-01 a      2695     1    25     2    25
 -1.8840134677640850E+00 a      2696     1    25     2    26
  1.6161815759242466E+00 a      2697     1    25     2    27
  8.5808366791985302E-01 a      2698     1    25     2    28
 -2.0508077362482716E-01 a      2699     1    25     2    29
 -1.7749792404976481E+00 a      2700     1    25     2    30
 -1.4965900350718570E-01 a      2701     1    26     2     1
  1.3230415792527337E+00 a      2702     1    26     2     2
  3.5119466828430790E-01 a      2703     1    26     2     3
 -1.0560918436365228E+00 a      2704     1    26     2     4
 -1.7703990879317217E+00 a      2705     1    26     2     5
 -2.5564782095961758E+00 a      2706     1    26     2     6
  2.3771846690000317E-01 a      2707     1    26     2     7
 -1.4823731190685370E+00 a      2708     1    26     2     8
  4.2572862958324721E-02 a      2709     1    26     2     9
 -7.2197825620081968E-01 a      2710     1    26     2    10
 -3.7038323507117427E-01 a      2711     1    26     2    11
 -1.5712130020624734E-01 a      2712     1    26     2    12
 -9.8924277619175582E-01 a      2713     1    26     2    13
  1.9731086113314313E+00 a      2714     1    26     2    14
 -2.9615720682005031E-01 a      2715     1    26     2    15
  3.2074018580745600E-01 a      2716     1    26     2    16
  9.0376304448415090E-01 a      2717     1    26     2    17
  2.5337297021808231E-01 a      2718     1    26     2    18
 -7.2455611176712131E-01 a      2719     1    26     2    19
 -2.5920558639830071E-01 a      2720     1    26     2    20
  5.7989352314864928E-01 a      2721     1    26     2    21
 -2.5225957871017302E-01 a      2722     1    26     2    22
 -1.6277250314685901E-01 a      2723     1    26     2    23
 -1.0264190221993437E-01 a      2724     1    26     2    24
  6.9059658466287233E-01 a      2725     1    26     2    25
 -2.4237933149876084E-01 a      2726     1    26     2    26
 -8.5527792132503200E-01 a      2727     1    26     2    27
 -8.2239526349184500E-01 a      2728     1    26     2    28
  9.0596457145092979E-01 a      2729     1    26     2    29
  2.2332316546051728E-01 a      2730     1    26     2    30
  2.2183551196084403E+00 a      2731     1    27     2     1
  2.1310844979578319E-01 a      2732     1    27     2     2
  1.7146828345344016E+00 a      2733     1    27     2     3
  2.4232295152433831E+00 a      2734     1    27     2     4
 -2.4325207097768875E-01 a      2735     1    27     2     5
 -1.3559633336725425E+00 a      2736     1    27     2     6
  7.8393902767664059E-01 a      2737     1    27     2     7
  1.0540364715420474E+00 a      2738     1    27     2     8
  1.4909266317536346E-01 a      2739     1    27     2     9
 -1.9652401932764074E+00 a      2740     1    27     2    10
 -2.9621840126339910E-01 a      2741     1    27     2    11
 -3.3344738511089428E-01 a      2742     1    27     2    12
  2.4418131207410448E-01 a      2743     1    27     2    13
 -1.5585527353670987E+00 a      2744     1    27     2    14
  6.3148000380385350E-01 a      2745     1    27     2    15
 -4.0346641215658929E-01 a      2746     1    27     2    16
 -6.9059379662275089E-01 a      2747     1    27     2    17
 -1.6428552604138633E-01 a      2748     1    27     2    18
  1.6375922326958980E-01 a      2749     1    27     2    19
 -7.6372054465553882E-02 a      2750     1    27     2    20
  3.9950348594568458E-01 a      2751     1    27     2    21
 -8.1618966967947193E-01 a      2752     1    27     2    22
 -5.9212051402013544E-01 a      2753     1    27     2    23
 -1.5725926558024204E+00 a      2754     1    27     2    24
  7.7454679263072246E-01 a      2755     1    27     2    25
 -1.9141038478681418E+00 a      2756     1    27     2    26
 -7.8515465611350888E-01 a      2757     1    27     2    27
  2.9858039476076592E-01 a      2758     1    27     2    28
  9.6335001161322631E-01 a      2759     1    27     2    29
 -2.2675744424389341E+00 a      2760     1    27     2    30
 -2.3163754266568968E+00 a      2761     1    28     2     1
  9.3357973534701144E-01 a      2762     1    28     2     2
  1.2474827424016421E+00 a      2763     1    28     2     3
 -2.5891292569563640E-01 a      2764     1    28     2     4
 -2.1586335874273428E+00 a      2765     1    28     2     5
 -1.3005438164003962E+00 a      2766     1    28     2     6
 -2.1534754009173340E-01 a      2767     1    28     2     7
 -1.0524874316177457E-01 a      2768     1    28     2     8
 -4.3585005812498007E-01 a      2769     1    28     2     9
  1.7000470207350893E-01 a      2770     1    28     2    10
 -8.4492680768988870E-01 a      2771     1    28     2    11
  1.2757053233878775E+00 a      2772     1    28     2    12
 -7.6227179339971474E-01 a      2773     1    28     2    13
  1.5990019251817262E+00 a      2774     1    28     2    14
 -9.5635145796479493E-01 a      2775     1    28     2    15
  1.7393949817852752E+00 a      2776     1    28     2    16
  4.0058796932761387E-01 a      2777     1    28     2    17
 -4.3864984917386868E-01 a      2778     1    28     2    18
  1.5640769343028504E+00 a      2779     1    28     2    19
  9.8839808268628149E-01 a      2780     1    28     2    20
 -6.3146658599981351E-02 a      2781     1    28     2    21
 -5.0525358498995454E-01 a      2782     1    28     2    22
  1.3924149884338619E+00 a      2783     1    28     2    23
  1.1582120505623279E+00 a      2784     1    28     2    24
  3.9515656272742183E-01 a      2785     1    28     2    25
 -2.4858017009850245E-01 a      2786     1    28     2    26
  2.5928386919134089E-01 a      2787     1    28     2    27
  5.1563778523357640E-01 a      2788     1    28     2    28
  2.2053198515360442E+00 a      2789     1    28     2    29
  1.4202168725200597E+00 a      2790     1    28     2    30
 -1.1244692916312951E+00 a      2791     1    29     2     1
  4.5524598720198739E-01 a      2792     1    29     2     2
 -1.0461780658957616E+00 a      2793     1    29     2     3
  1.2152025626964862E+00 a      2794     1    29     2     4
 -1.8918536734827724E+00 a      2795     1    29     2     5
  1.2916026629313057E-01 a      2796     1    29     2     6
  4.9340798627375360E-01 a      2797     1    29     2     7
 -2.7118712217598723E-01 a      2798     1    29     2     8
  1.5850207971544552E+00 a      2799     1    29     2     9
 -1.1020663831642459E+00 a      2800     1    29     2    10
  1.0305565673189627E+00 a      2801     1    29     2    11
  7.3255288164878729E-01 a      2802     1    29     2    12
 -6.5381208704160321E-01 a      2803     1    29     2    13
  3.3749911237728525E+00 a      2804     1    29     2    14
  6.6643449387540965E-01 a      2805     1    29     2    15
 -4.6512433795167679E-01 a      2806     1    29     2    16
  9.9533724713341099E-01 a      2807     1    29     2    17
  2.0620413489336200E+00 a      2808     1    29     2    18
 -1.1375127074558165E+00 a      2809     1    29     2    19
  1.4850640064950125E+00 a      2810     1    29     2    20
  1.7785220196708535E+00 a      2811     1    29     2    21
  2.5112599537611313E+00 a      2812     1    29     2    22
 -2.2943533425576476E-01 a      2813     1    29     2    23
 -9.3829451808650988E-01 a      2814     1    29     2    24
  2.3671262568885432E+00 a      2815     1    29     2    25
 -1.6862517217220976E+00 a      2816     1    29     2    26
 -1.0622033701636511E+00 a      2817     1    29     2    27
 -5.5928008434156823E-02 a      2818     1    29     2    28
  2.2089453097624641E+00 a      2819     1    29     2    29
  5.3175058633562688E-01 a      2820     1    29     2    30
  2.0645434616616360E+00 a      2821     1    30     2     1
 -4.0042541866415454E-01 a      2822     1    30     2     2
 -1.8176137325019248E+00 a      2823     1    30     2     3
  3.5863936625067422E-01 a      2824     1    30     2     4
 -3.0397904020528681E-03 a      2825     1    30     2     5
  1.5453512876719748E+00 a      2826     1    30     2     6
 -1.0223132304785105E+00 a      2827     1    30     2     7
  1.9082098057238051E-01 a      2828     1    30     2     8
  6.5802168566502672E-01 a      2829     1    30     2     9
 -1.1236534930456186E+00 a      2830     1    30     2    10
  9.2489890260277430E-02 a      2831     1    30     2    11
 -3.3483946728200586E-01 a      2832     1    30     2    12
  1.8159505998389083E-02 a      2833     1    30     2    13
 -3.4237333478902215E-01 a      2834     1    30     2    14
  1.6031415321319700E-01 a      2835     1    30     2    15
  1.7343907367893490E+00 a      2836     1    30     2    16
  1.1466963961620646E+00 a      2837     1    30     2    17
  1.2234143924046645E+00 a      2838     1    30     2    18
 -2.9555086588862167E+00 a      2839     1    30     2    19
  1.2188019439900823E+00 a      2840     1    30     2    20
 -1.0092549832188753E+00 a      2841     1    30     2    21
 -1.5438362279372191E+00 a      2842     1    30     2    22
 -1.0913827498884681E+00 a      2843     1    30     2    23
  1.5067188740140647E+00 a      2844     1    30     2    24
 -3.5316845251248408E-01 a      2845     1    30     2    25
  4.3548261418147899E-01 a      2846     1    30     2    26
  1.7559279430574177E+00 a      2847     1    30     2    27
  1.0195136065634158E+00 a      2848     1    30     2    28
 -3.3847067810814097E-01 a      2849     1    30     2    29
 -3.0483330518283774E-01 a      2850     1    30     2    30
 -5.5005494032521423E+00 b      2851     2     1
 -2.8769730132996885E+00 b      2852     2     2
  8.2701326663478858E-01 b      2853     2     3
  2.8991230087459070E+00 b      2854     2     4
  1.0480607177943694E+01 b      2855     2     5
 -5.2481717179885763E+00 b      2856     2     6
 -4.6730029258623018E+00 b      2857     2     7
  2.2963464214164229E+00 b      2858     2     8
 -6.2108054607781549E+00 b      2859     2     9
 -5.5274809719443017E+00 b      2860     2    10
 -2.6107912188750348E+00 b      2861     2    11
  4.4195104761339890E+00 b      2862     2    12
  1.1241683163521674E+00 b      2863     2    13
  7.2799672753758005E+00 b      2864     2    14
 -1.5020838338939518E-01 b      2865     2    15
 -5.5591146895638865E-01 b      2866     2    16
 -1.0068387478461516E+00 b      2867     2    17
  1.8929905185275813E+00 b      2868     2    18
  2.6535011262081638E+00 b      2869     2    19
  3.4022938042752617E+00 b      2870     2    20
 -5.3749372230398489E+00 b      2871     2    21
 -1.0834494614371037E+01 b      2872     2    22
  6.3665987341348345E+00 b      2873     2    23
 -1.3134284691000060E+00 b      2874     2    24
  4.8542564225378619E+00 b      2875     2    25
  6.2905475563807753E-02 b      2876     2    26
 -1.2855024536272186E+00 b      2877     2    27
  1.6617863729597768E+00 b      2878     2    28
 -1.9511740630872578E+00 b      2879     2    29
  2.9228250460159139E-01 b      2880     2    30
  2.0251623153342318E-02 a      2881     2     1     3     1
  1.1190922192582354E-02 a      2882     2     2     3     1
 -2.8786138059550957E-02 a      2883     2     3     3     1
  8.9072444781992499E-02 a      2884     2     4     3     1
  6.8125144682866082E-02 a      2885     2     5     3     1
 -1.3424636542329146E-01 a      2886     2     6     3     1
  1.5636603349307596E-01 a      2887     2     7     3     1
 -1.1519337620125558E-01 a      2888     2     8     3     1
  5.3086178159038093E-02 a      2889     2     9     3     1
 -1.5949797758552514E-02 a      2890     2    10     3     1
 -5.3925035710811878E-02 a      2891     2    11     3     1
 -1.9168218853180111E-02 a      2892     2    12     3     1
  6.4276126891893895E-02 a      2893     2    13     3     1
 -2.8788936462007610E-02 a      2894     2    14     3     1
  1.4098494797782110E-01 a      2895     2    15     3     1
 -8.1865523131250298E-02 a      2896     2    16     3     1
  1.1988178348854435E-02 a      2897     2    17     3     1
  3.7402319754867949E-02 a      2898     2    18     3     1
  6.1009526029883694E-02 a      2899     2    19     3     1
  8.5432663538938122E-02 a      2900     2    20     3     1
 -2.5166670496477517E-02 a      2901     2    21     3     1
 -3.9129235907530605E-02 a      2902     2    22     3     1
 -7.0637232134573352E-03 a      2903     2    23     3     1
  5.3081951092731020E-02 a      2904     2    24     3     1
 -3.5917140162419273E-02 a      2905     2    25     3     1
  3.9643986532276826E-02 a      2906     2    26     3     1
 -6.3949064541021089E-02 a      2907     2    27     3     1
 -1.4862745659122145E-01 a      2908     2    28     3     1
 -6.9014206520641302E-02 a      2909     2    29     3     1
  1.3458729124499855E-01 a      2910     2    30     3     1
 -9.5974820132190136E-02 b      2911     3     1
