################################################################################
# Neural network connection values (weights and biases).
################################################################################
# Col  Name       Description
################################################################################
# 1    connection Neural network connection value.
# 2    t          Connection type (a = weight, b = bias).
# 3    index      Index enumerating weights.
# 4    l_s        Starting point layer (end point layer for biases).
# 5    n_s        Starting point neuron in starting layer (end point neuron for biases).
# 6    l_e        End point layer.
# 7    n_e        End point neuron in end layer.
################################################################################
#                      1 2         3     4     5     6     7
#             connection t     index   l_s   n_s   l_e   n_e
############################################################
 -7.7659962132943339E-01 a         1     0     1     1     1
  1.2836717810012079E+01 a         2     0     1     1     2
 -1.1403776461003984E+01 a         3     0     1     1     3
  4.8848982291618510E+00 a         4     0     1     1     4
 -8.0599537260416678E+00 a         5     0     1     1     5
 -1.7712473630487960E+01 a         6     0     1     1     6
 -2.1560984839370105E+00 a         7     0     1     1     7
 -1.2966121433774593E+00 a         8     0     1     1     8
  3.6239942852114817E+00 a         9     0     1     1     9
 -1.2846345275584284E+01 a        10     0     1     1    10
 -5.8289325893943600E+00 a        11     0     1     1    11
 -6.4163877231940143E+00 a        12     0     1     1    12
 -9.2216032496168623E+00 a        13     0     1     1    13
  1.6267351427252841E+01 a        14     0     1     1    14
 -3.7539797163624962E+00 a        15     0     1     1    15
  5.7256824119516878E+00 a        16     0     1     1    16
  1.2623050087011089E+01 a        17     0     1     1    17
 -5.8531803937178006E+00 a        18     0     1     1    18
 -6.7717046971770118E+00 a        19     0     1     1    19
  7.1974722552449428E+00 a        20     0     1     1    20
  3.5873334387890674E+00 a        21     0     1     1    21
  1.2735863069984516E+01 a        22     0     1     1    22
  5.1656514415267303E+00 a        23     0     1     1    23
 -8.9070727275741977E+00 a        24     0     1     1    24
 -8.7553414275659289E+00 a        25     0     1     1    25
  1.4849723719679762E+00 a        26     0     1     1    26
 -1.5625869530435563E+00 a        27     0     1     1    27
  2.1272849864700136E+00 a        28     0     1     1    28
 -1.0107660226067987E+01 a        29     0     1     1    29
 -3.8381860665753922E+00 a        30     0     1     1    30
 -2.2202422871468439E+01 a        31     0     2     1     1
 -5.1488650402484060E-01 a        32     0     2     1     2
 -6.5203134553642328E-01 a        33     0     2     1     3
  1.0440910070018754E+01 a        34     0     2     1     4
  1.3202907735633298E+00 a        35     0     2     1     5
  1.5907609357014346E-01 a        36     0     2     1     6
 -3.5190015253413030E+01 a        37     0     2     1     7
 -1.3866761573246851E+01 a        38     0     2     1     8
  2.8212589700095960E+00 a        39     0     2     1     9
 -1.6617155561109321E+01 a        40     0     2     1    10
  1.5098698317457561E+01 a        41     0     2     1    11
  1.3031399925317642E+01 a        42     0     2     1    12
  6.4204121705889419E+00 a        43     0     2     1    13
 -1.3411837164822449E+00 a        44     0     2     1    14
  1.9057220310020259E+01 a        45     0     2     1    15
 -3.0049633654396683E+01 a        46     0     2     1    16
  2.0677280716764265E+01 a        47     0     2     1    17
  1.1323642267137055E+01 a        48     0     2     1    18
  4.9736956756484894E+00 a        49     0     2     1    19
 -6.0108021437126622E+00 a        50     0     2     1    20
 -4.3497171120580482E+00 a        51     0     2     1    21
 -2.7422217015154651E+01 a        52     0     2     1    22
  3.1478308386289711E+00 a        53     0     2     1    23
 -2.6648902359721177E+01 a        54     0     2     1    24
  1.5244874862508496E+01 a        55     0     2     1    25
 -6.3944412437443743E-01 a        56     0     2     1    26
 -3.6074317506975500E+00 a        57     0     2     1    27
 -2.3899075703743082E+00 a        58     0     2     1    28
  7.3324422046447495E+00 a        59     0     2     1    29
  1.2765421131569885E+00 a        60     0     2     1    30
  2.1884962717160217E+01 a        61     0     3     1     1
  6.9538515363509834E+00 a        62     0     3     1     2
 -2.2961705168545407E+01 a        63     0     3     1     3
 -1.4244347847398132E+01 a        64     0     3     1     4
 -8.5478765932524112E+00 a        65     0     3     1     5
 -3.9908872923027192E+00 a        66     0     3     1     6
  3.6577329467022658E+01 a        67     0     3     1     7
  9.3238555475027258E+00 a        68     0     3     1     8
 -3.7780842206821776E+00 a        69     0     3     1     9
  1.6086643273741821E+01 a        70     0     3     1    10
 -3.2031962953133714E+01 a        71     0     3     1    11
 -2.6862436517657279E-01 a        72     0     3     1    12
 -2.6944805701800911E+00 a        73     0     3     1    13
 -1.4266147513432763E+01 a        74     0     3     1    14
 -2.5512925975204929E+01 a        75     0     3     1    15
  4.4439855347033401E+01 a        76     0     3     1    16
 -2.0235362333006687E+01 a        77     0     3     1    17
 -1.5398523608860074E+01 a        78     0     3     1    18
 -8.1240130771787218E+00 a        79     0     3     1    19
  6.6029355822012130E+00 a        80     0     3     1    20
  6.8128706184852232E+00 a        81     0     3     1    21
  2.3964147971625106E+01 a        82     0     3     1    22
 -1.3098940613080869E+01 a        83     0     3     1    23
  1.4233436656908280E+01 a        84     0     3     1    24
 -1.9275599799915209E+01 a        85     0     3     1    25
  2.3088829346304543E+01 a        86     0     3     1    26
  8.7368091955930840E+00 a        87     0     3     1    27
 -6.1382438429296897E+00 a        88     0     3     1    28
 -1.5228470054327483E+01 a        89     0     3     1    29
 -1.0419307168406611E+01 a        90     0     3     1    30
 -1.9578377805854905E+00 a        91     0     4     1     1
 -1.8672094622003272E+00 a        92     0     4     1     2
 -4.7628389253496843E+00 a        93     0     4     1     3
 -1.8399844106573491E+00 a        94     0     4     1     4
 -3.0216193459897629E+00 a        95     0     4     1     5
 -1.1830900603294106E+01 a        96     0     4     1     6
 -3.1828407612579506E+00 a        97     0     4     1     7
  1.4780301852801889E+00 a        98     0     4     1     8
  8.4560805047928608E-02 a        99     0     4     1     9
 -2.5708666585733599E+00 a       100     0     4     1    10
 -8.2723684401023456E-01 a       101     0     4     1    11
 -1.0002075535622712E+00 a       102     0     4     1    12
 -9.6771910616770991E-03 a       103     0     4     1    13
 -1.0613169552285779E+00 a       104     0     4     1    14
  1.1233515817176034E+00 a       105     0     4     1    15
  5.7373674817846219E+00 a       106     0     4     1    16
 -4.1477682651625647E-01 a       107     0     4     1    17
 -9.5228136471570082E+00 a       108     0     4     1    18
 -9.1225053371533171E-01 a       109     0     4     1    19
 -7.1503575080156723E-01 a       110     0     4     1    20
 -3.6208455615340673E+00 a       111     0     4     1    21
 -2.1664722761301878E+00 a       112     0     4     1    22
 -6.0872515523120594E+00 a       113     0     4     1    23
 -7.1222267481258568E+00 a       114     0     4     1    24
 -3.1009187949708914E+00 a       115     0     4     1    25
  4.9740487186487536E-01 a       116     0     4     1    26
  1.1173050486887195E+00 a       117     0     4     1    27
 -1.8245291996361093E+00 a       118     0     4     1    28
 -7.6165228339777524E+00 a       119     0     4     1    29
 -7.4618431344925262E-01 a       120     0     4     1    30
  1.4179445979025214E+00 a       121     0     5     1     1
  7.1616020020691828E-01 a       122     0     5     1     2
 -3.7081861021745843E+00 a       123     0     5     1     3
 -3.0579621011235321E+00 a       124     0     5     1     4
  1.6713786901941063E+00 a       125     0     5     1     5
 -6.4264184025924749E+00 a       126     0     5     1     6
 -4.2732154759407992E+00 a       127     0     5     1     7
  2.3675436426550747E-01 a       128     0     5     1     8
 -4.3491698200729584E-01 a       129     0     5     1     9
 -3.6415910945791969E+00 a       130     0     5     1    10
 -3.7238597468916529E-01 a       131     0     5     1    11
 -6.9068263253592932E-01 a       132     0     5     1    12
  1.2133296939648974E-01 a       133     0     5     1    13
 -1.6928959845413878E+00 a       134     0     5     1    14
 -4.5413296375229280E+00 a       135     0     5     1    15
 -1.7043495187748767E+00 a       136     0     5     1    16
 -7.4099407894609370E-01 a       137     0     5     1    17
  1.5401569006061786E+00 a       138     0     5     1    18
 -3.3630742703420884E+00 a       139     0     5     1    19
 -3.5033878459334966E-01 a       140     0     5     1    20
 -6.8658677674474577E-01 a       141     0     5     1    21
 -1.1808687053447773E+00 a       142     0     5     1    22
 -3.5859478484483569E+00 a       143     0     5     1    23
  6.0880841524513842E+00 a       144     0     5     1    24
  1.2064399647912409E+00 a       145     0     5     1    25
  2.3064074176709204E-01 a       146     0     5     1    26
 -1.7839074930839551E+00 a       147     0     5     1    27
 -2.3382187337400531E+00 a       148     0     5     1    28
 -8.0960583302423128E+00 a       149     0     5     1    29
 -1.4537352944167274E+00 a       150     0     5     1    30
 -1.5849809041958840E+00 a       151     0     6     1     1
  1.8962229083313489E-01 a       152     0     6     1     2
  3.3670876959368385E+00 a       153     0     6     1     3
  1.1116321612716568E+01 a       154     0     6     1     4
  1.2066788911000009E+01 a       155     0     6     1     5
 -1.1316438464028250E+01 a       156     0     6     1     6
  1.1779987833865277E+00 a       157     0     6     1     7
  1.4738529063868834E+01 a       158     0     6     1     8
  3.2277314315523220E-01 a       159     0     6     1     9
 -1.7978710677020064E+01 a       160     0     6     1    10
 -5.5622044773773993E+00 a       161     0     6     1    11
 -9.7740692132039033E+00 a       162     0     6     1    12
  7.2435383812045098E+00 a       163     0     6     1    13
 -5.4160517842160285E+00 a       164     0     6     1    14
  7.9674518054698078E+00 a       165     0     6     1    15
 -1.7947410510640498E+01 a       166     0     6     1    16
 -5.2232662721242198E+00 a       167     0     6     1    17
 -3.8167085267043128E+00 a       168     0     6     1    18
 -4.4625376378137700E+00 a       169     0     6     1    19
  8.5754221162200448E+00 a       170     0     6     1    20
  5.2456826420344980E+00 a       171     0     6     1    21
  1.3641586340765462E+01 a       172     0     6     1    22
  6.1933622583431411E+00 a       173     0     6     1    23
  5.1033208042765130E+00 a       174     0     6     1    24
  5.8276829671255168E+00 a       175     0     6     1    25
  1.6507162349596822E+01 a       176     0     6     1    26
  1.9837083902474792E+01 a       177     0     6     1    27
 -2.9146759623315828E+00 a       178     0     6     1    28
 -3.2328141163771377E+01 a       179     0     6     1    29
 -1.2805729264466441E+01 a       180     0     6     1    30
 -7.4444697890187745E+00 a       181     0     7     1     1
  1.1826071493505838E+01 a       182     0     7     1     2
  3.3951835105197521E+00 a       183     0     7     1     3
  1.4821933886372019E+01 a       184     0     7     1     4
  1.1197164059112403E+01 a       185     0     7     1     5
 -7.4286705136846392E+00 a       186     0     7     1     6
  1.4753336927496405E+00 a       187     0     7     1     7
  1.7401357064525222E+01 a       188     0     7     1     8
  7.1208015474158080E+00 a       189     0     7     1     9
 -1.8594172496863035E+01 a       190     0     7     1    10
 -8.7734909260162475E+00 a       191     0     7     1    11
 -2.8410628646089410E+01 a       192     0     7     1    12
 -6.1069135365498255E+00 a       193     0     7     1    13
  1.4689263174703313E+00 a       194     0     7     1    14
  3.4890197692688920E+00 a       195     0     7     1    15
 -1.3875636196429344E+01 a       196     0     7     1    16
 -2.1623019530098166E+00 a       197     0     7     1    17
 -7.6978389914896059E+00 a       198     0     7     1    18
 -2.3559235284351658E+01 a       199     0     7     1    19
  1.3790238737913489E+01 a       200     0     7     1    20
 -2.0950888796874843E+00 a       201     0     7     1    21
  2.2730789988138795E+01 a       202     0     7     1    22
 -1.3811630851204477E+00 a       203     0     7     1    23
 -2.8325399299667207E+00 a       204     0     7     1    24
  6.6313777177617430E+00 a       205     0     7     1    25
  8.8648537725490950E+00 a       206     0     7     1    26
  8.5261058961730480E+00 a       207     0     7     1    27
  4.3434519944828489E+00 a       208     0     7     1    28
 -2.8370977088355037E+01 a       209     0     7     1    29
 -6.3231530198319499E+00 a       210     0     7     1    30
  1.3597884303157751E-01 a       211     0     8     1     1
 -2.9060688817391451E+00 a       212     0     8     1     2
  1.5265153544469877E+01 a       213     0     8     1     3
 -8.2847785464099140E+00 a       214     0     8     1     4
  6.1378198001289741E-01 a       215     0     8     1     5
  1.0710355568148064E+01 a       216     0     8     1     6
  1.1425545549142896E+01 a       217     0     8     1     7
  1.4662518662296002E+01 a       218     0     8     1     8
  4.6703265031099148E+00 a       219     0     8     1     9
  1.6154277768240000E+01 a       220     0     8     1    10
 -3.6319261759966968E+00 a       221     0     8     1    11
 -3.5727087222005909E+00 a       222     0     8     1    12
  1.9199538042430406E+00 a       223     0     8     1    13
 -2.5785821937646776E+00 a       224     0     8     1    14
 -3.1652403550907438E+00 a       225     0     8     1    15
 -1.7434380658703197E+00 a       226     0     8     1    16
  7.5536580997624156E+00 a       227     0     8     1    17
 -6.6902991880646079E+00 a       228     0     8     1    18
 -3.2724910639306266E+00 a       229     0     8     1    19
 -8.7420503787025492E+00 a       230     0     8     1    20
 -9.6712117469806564E+00 a       231     0     8     1    21
 -9.8617600320767085E-01 a       232     0     8     1    22
 -2.7552171760708855E+00 a       233     0     8     1    23
 -1.6640092217119641E+01 a       234     0     8     1    24
 -4.9927341935828542E+00 a       235     0     8     1    25
 -9.0088392413042655E+00 a       236     0     8     1    26
 -1.3149284292925458E+01 a       237     0     8     1    27
 -6.1720895874743711E+00 a       238     0     8     1    28
 -8.1834646390174779E+00 a       239     0     8     1    29
  3.2978625907933767E+00 a       240     0     8     1    30
  4.0537210347840311E+00 a       241     0     9     1     1
 -3.8582002981485677E+00 a       242     0     9     1     2
 -6.7799055066578999E+00 a       243     0     9     1     3
  5.7862063211591170E+00 a       244     0     9     1     4
  7.8410888315149530E+00 a       245     0     9     1     5
 -7.3695726941247877E+00 a       246     0     9     1     6
 -4.5212701436832301E+00 a       247     0     9     1     7
 -1.4079019592779090E+01 a       248     0     9     1     8
 -3.8580639145570883E+00 a       249     0     9     1     9
 -2.2286910652807709E+01 a       250     0     9     1    10
  6.9072314913575994E-01 a       251     0     9     1    11
  1.3250561500094886E+01 a       252     0     9     1    12
  2.3230813132841375E+00 a       253     0     9     1    13
  3.1609261900782428E+00 a       254     0     9     1    14
  5.9508983280299937E-02 a       255     0     9     1    15
 -6.7452563105306202E+00 a       256     0     9     1    16
 -1.2733505742732298E+01 a       257     0     9     1    17
 -1.0677426757197125E+01 a       258     0     9     1    18
  5.2987514316131143E+00 a       259     0     9     1    19
  8.8117649164655081E+00 a       260     0     9     1    20
  8.0255317904551902E+00 a       261     0     9     1    21
 -1.3344921997266697E+01 a       262     0     9     1    22
 -3.1894026006530498E+00 a       263     0     9     1    23
  8.7009448905093034E+00 a       264     0     9     1    24
  1.1302133267620968E+01 a       265     0     9     1    25
  1.0118197588292341E+01 a       266     0     9     1    26
 -4.3576247271618929E+00 a       267     0     9     1    27
  7.0114017678247738E+00 a       268     0     9     1    28
  1.0068541042265309E+01 a       269     0     9     1    29
 -8.7209497616530900E+00 a       270     0     9     1    30
  1.9107329037401282E+01 a       271     0    10     1     1
  6.6696656155254530E+00 a       272     0    10     1     2
 -2.2493853598249069E+00 a       273     0    10     1     3
 -6.7419718647128839E+00 a       274     0    10     1     4
  3.5014132254161492E+00 a       275     0    10     1     5
  2.4949053935522381E+00 a       276     0    10     1     6
  2.4428278848200303E+01 a       277     0    10     1     7
  1.8596341985901567E+01 a       278     0    10     1     8
  1.7495232193432497E+00 a       279     0    10     1     9
  1.7405997256032023E+01 a       280     0    10     1    10
 -1.4391845831737058E+01 a       281     0    10     1    11
 -8.5688180333282489E+00 a       282     0    10     1    12
 -9.6556869924724822E+00 a       283     0    10     1    13
  1.0213464627276363E+01 a       284     0    10     1    14
 -7.7900916772246376E+00 a       285     0    10     1    15
  3.7997106182035445E+01 a       286     0    10     1    16
 -9.0163036448978975E+00 a       287     0    10     1    17
 -1.7575505185475869E+01 a       288     0    10     1    18
 -3.9589697330319371E+00 a       289     0    10     1    19
 -2.3138342328683098E-01 a       290     0    10     1    20
 -5.1652538921854410E+00 a       291     0    10     1    21
  3.6567845642693584E+01 a       292     0    10     1    22
  1.2693236914554612E+01 a       293     0    10     1    23
  2.6885087034508441E+01 a       294     0    10     1    24
 -2.6198322271219915E+01 a       295     0    10     1    25
 -5.1316859132386146E+00 a       296     0    10     1    26
  1.2653363277251904E+01 a       297     0    10     1    27
  1.3052936998602876E+01 a       298     0    10     1    28
 -1.0573721714095296E+01 a       299     0    10     1    29
  9.1532818067845820E+00 a       300     0    10     1    30
 -3.6347830414737139E+00 a       301     0    11     1     1
 -2.0992768679379936E+00 a       302     0    11     1     2
  2.6872272075329143E+01 a       303     0    11     1     3
  9.2662869304493611E+00 a       304     0    11     1     4
  7.0240638044448120E+00 a       305     0    11     1     5
  1.2483547419642031E+01 a       306     0    11     1     6
 -6.1166800760158324E+00 a       307     0    11     1     7
 -2.9164077720530175E+00 a       308     0    11     1     8
  6.7030084658970357E-01 a       309     0    11     1     9
  1.1271956139477175E+00 a       310     0    11     1    10
  1.9585644489310546E+01 a       311     0    11     1    11
 -6.5849094574282461E+00 a       312     0    11     1    12
 -3.8118153607464387E+00 a       313     0    11     1    13
  1.4105879205108424E+01 a       314     0    11     1    14
  8.4751918478078689E+00 a       315     0    11     1    15
 -2.8910843712323231E+01 a       316     0    11     1    16
  4.4509629788993950E+00 a       317     0    11     1    17
  2.1109748280368695E+01 a       318     0    11     1    18
  3.0497538195486387E+00 a       319     0    11     1    19
 -7.4239059002556296E-01 a       320     0    11     1    20
  2.2663184260417895E+00 a       321     0    11     1    21
 -1.5164048267929127E+00 a       322     0    11     1    22
  1.5498088340680996E+01 a       323     0    11     1    23
  7.4278897262967378E+00 a       324     0    11     1    24
  1.4447350063088260E+01 a       325     0    11     1    25
 -1.4449274589221210E+01 a       326     0    11     1    26
 -1.1821100368137861E+01 a       327     0    11     1    27
  8.4118460114847000E+00 a       328     0    11     1    28
  2.2051222018734109E+01 a       329     0    11     1    29
  7.0650525736528307E+00 a       330     0    11     1    30
  1.0109709951038712E+00 a       331     0    12     1     1
 -2.0384625825068139E+00 a       332     0    12     1     2
  1.9158644113385668E+00 a       333     0    12     1     3
 -4.2512845886484468E-01 a       334     0    12     1     4
  2.1952417587886969E-01 a       335     0    12     1     5
 -3.5030109237529214E+00 a       336     0    12     1     6
 -6.3176468429285615E-01 a       337     0    12     1     7
 -2.1044488497073379E+00 a       338     0    12     1     8
 -9.1777067146286084E-01 a       339     0    12     1     9
 -9.6005143942079996E-01 a       340     0    12     1    10
 -6.9368952174633114E-01 a       341     0    12     1    11
  1.6591841250300773E-01 a       342     0    12     1    12
  5.1717555664144010E-01 a       343     0    12     1    13
 -7.0804483216305181E-01 a       344     0    12     1    14
  1.5625872489772963E+00 a       345     0    12     1    15
 -9.8919464248514200E-01 a       346     0    12     1    16
  2.1385624843655604E+00 a       347     0    12     1    17
 -1.4214465179189004E+00 a       348     0    12     1    18
 -2.2513714752988387E+00 a       349     0    12     1    19
 -1.0246010051145384E+00 a       350     0    12     1    20
  2.6178509359406577E+00 a       351     0    12     1    21
  1.1349936153707074E+00 a       352     0    12     1    22
 -2.1115900971840538E+00 a       353     0    12     1    23
  4.2249680259239026E+00 a       354     0    12     1    24
  8.3823062091729983E-01 a       355     0    12     1    25
  9.5816756635843914E-01 a       356     0    12     1    26
  1.0978058182354271E+00 a       357     0    12     1    27
  3.6181089574707901E+00 a       358     0    12     1    28
 -2.3372737952962801E+00 a       359     0    12     1    29
 -9.9195573070627940E-01 a       360     0    12     1    30
 -2.2965605489780976E+00 a       361     0    13     1     1
  3.0094744891055880E+00 a       362     0    13     1     2
 -4.9185105939192253E+00 a       363     0    13     1     3
 -2.6014924927272226E-01 a       364     0    13     1     4
  2.2883869960596069E-02 a       365     0    13     1     5
  3.5083697627778445E+00 a       366     0    13     1     6
  2.6688051542485662E+00 a       367     0    13     1     7
  1.9879067199333649E+00 a       368     0    13     1     8
  1.2573181148468626E+00 a       369     0    13     1     9
  3.8137052054184348E+00 a       370     0    13     1    10
  4.4916380500276562E-02 a       371     0    13     1    11
 -1.6055363683363204E+00 a       372     0    13     1    12
  1.2512873817984556E+00 a       373     0    13     1    13
  1.8456636468264038E+00 a       374     0    13     1    14
 -1.4734943977543598E+00 a       375     0    13     1    15
  3.6377523976592663E+00 a       376     0    13     1    16
  1.2953429855324288E+00 a       377     0    13     1    17
  6.4137473395498850E+00 a       378     0    13     1    18
  2.6526260361614900E+00 a       379     0    13     1    19
  7.5663951031074289E-02 a       380     0    13     1    20
  9.1140191817522243E-01 a       381     0    13     1    21
 -1.0691792549401877E+00 a       382     0    13     1    22
  5.8938240504440422E+00 a       383     0    13     1    23
 -8.7386843759323862E-01 a       384     0    13     1    24
 -2.0850394985560761E+00 a       385     0    13     1    25
  1.1054928997667182E+00 a       386     0    13     1    26
 -4.6555354390242276E-01 a       387     0    13     1    27
 -2.7924708083030967E+00 a       388     0    13     1    28
  2.1460163201511904E+00 a       389     0    13     1    29
 -5.4802118581218438E-02 a       390     0    13     1    30
 -3.5260195605573457E+00 a       391     0    14     1     1
  3.5789526652457559E+00 a       392     0    14     1     2
 -6.1026104290394416E+00 a       393     0    14     1     3
 -7.3505552910404512E+00 a       394     0    14     1     4
 -7.6600283983205690E+00 a       395     0    14     1     5
  8.7314005527626275E+00 a       396     0    14     1     6
  3.5273366451299681E+00 a       397     0    14     1     7
 -8.3588044483634363E+00 a       398     0    14     1     8
  5.3529287568383452E+00 a       399     0    14     1     9
  9.0731264055218261E+00 a       400     0    14     1    10
  2.2664308928653552E+00 a       401     0    14     1    11
  4.4024138342737871E+00 a       402     0    14     1    12
 -5.5779247851737273E+00 a       403     0    14     1    13
  2.4041402534305343E+00 a       404     0    14     1    14
 -1.4423382144467380E+00 a       405     0    14     1    15
  8.0918571742848489E+00 a       406     0    14     1    16
  9.4266984054396863E-01 a       407     0    14     1    17
  3.4918603084116229E+00 a       408     0    14     1    18
 -1.5368252694052151E-01 a       409     0    14     1    19
 -7.4619496210509508E+00 a       410     0    14     1    20
 -3.7245152105888932E+00 a       411     0    14     1    21
 -6.3632438623747332E+00 a       412     0    14     1    22
 -5.7131809190277769E+00 a       413     0    14     1    23
 -1.9330993833992474E+00 a       414     0    14     1    24
 -8.3460225731486499E+00 a       415     0    14     1    25
 -1.0495198214652794E+01 a       416     0    14     1    26
 -1.2914165155369860E+01 a       417     0    14     1    27
  9.0623998780315140E-01 a       418     0    14     1    28
  9.7164086672992287E+00 a       419     0    14     1    29
  8.7994800501459611E+00 a       420     0    14     1    30
  1.5583899085425008E+00 a       421     0    15     1     1
 -6.0387454279524704E+00 a       422     0    15     1     2
 -2.2903888851937158E+00 a       423     0    15     1     3
 -1.7008219657502284E+01 a       424     0    15     1     4
 -1.3468535620657470E+01 a       425     0    15     1     5
  5.8894017599099913E+00 a       426     0    15     1     6
 -5.7739237242764752E+00 a       427     0    15     1     7
 -1.7289429253181577E+01 a       428     0    15     1     8
 -3.8560183993044466E+00 a       429     0    15     1     9
  1.6089370463916588E+01 a       430     0    15     1    10
  5.1730439702991164E+00 a       431     0    15     1    11
  1.6619263653187641E+01 a       432     0    15     1    12
 -4.4553852932056981E-01 a       433     0    15     1    13
  4.3261190275912513E+00 a       434     0    15     1    14
 -1.2290118732342751E+01 a       435     0    15     1    15
  1.7367522058835927E+01 a       436     0    15     1    16
  1.6320636349076560E+00 a       437     0    15     1    17
  6.9736368382982210E+00 a       438     0    15     1    18
  1.3589337093371439E+01 a       439     0    15     1    19
 -1.4134825853637404E+01 a       440     0    15     1    20
 -8.7345646256190594E+00 a       441     0    15     1    21
 -1.6909803044080075E+01 a       442     0    15     1    22
 -1.1466631665558051E+01 a       443     0    15     1    23
  2.0946092877373128E+00 a       444     0    15     1    24
 -5.5253633404734224E+00 a       445     0    15     1    25
 -1.3399101524741367E+01 a       446     0    15     1    26
 -2.1308950688520799E+01 a       447     0    15     1    27
  7.4686061105976509E-01 a       448     0    15     1    28
  2.9408277026662162E+01 a       449     0    15     1    29
  1.2802491439949428E+01 a       450     0    15     1    30
  4.7356739430788881E+00 a       451     0    16     1     1
 -1.3020342773528183E+01 a       452     0    16     1     2
  3.3484494863621488E+00 a       453     0    16     1     3
 -1.2548907398595180E+01 a       454     0    16     1     4
  8.2273678189550647E+00 a       455     0    16     1     5
  1.2607627206761144E+01 a       456     0    16     1     6
  1.0249189377740789E+01 a       457     0    16     1     7
 -8.9623160880945356E+00 a       458     0    16     1     8
 -6.6015518165167366E+00 a       459     0    16     1     9
  1.4915317180393204E+01 a       460     0    16     1    10
  1.0584115969623737E+01 a       461     0    16     1    11
  1.6863722162509838E+01 a       462     0    16     1    12
  1.7518861519713543E+01 a       463     0    16     1    13
 -7.9798158486503716E+00 a       464     0    16     1    14
  5.3790605920398979E+00 a       465     0    16     1    15
 -2.8948769310837241E-01 a       466     0    16     1    16
 -8.0970426295629299E+00 a       467     0    16     1    17
  4.9300276070659299E+00 a       468     0    16     1    18
  2.5232324175912566E+01 a       469     0    16     1    19
 -1.1764693037002758E+01 a       470     0    16     1    20
  2.3187933746230955E+00 a       471     0    16     1    21
 -1.7373151205966700E+01 a       472     0    16     1    22
  4.1042673509766257E+00 a       473     0    16     1    23
  3.2165740151242743E+00 a       474     0    16     1    24
 -7.9385322202546940E+00 a       475     0    16     1    25
 -9.3634512463194197E-01 a       476     0    16     1    26
 -6.0484383212551025E+00 a       477     0    16     1    27
  5.3346292380365590E+00 a       478     0    16     1    28
  1.6682799137088772E+01 a       479     0    16     1    29
  8.7617244881203042E+00 a       480     0    16     1    30
  1.7033592419835988E+00 a       481     0    17     1     1
  8.6965580088982470E+00 a       482     0    17     1     2
  4.0566409773869667E+00 a       483     0    17     1     3
 -1.9221382196559738E+00 a       484     0    17     1     4
 -6.4901449566418226E+00 a       485     0    17     1     5
  1.0302907681158494E+01 a       486     0    17     1     6
  1.6498086264374017E+01 a       487     0    17     1     7
  1.5540694206763819E+01 a       488     0    17     1     8
  5.5095343586914964E+00 a       489     0    17     1     9
  2.0072310148731777E+01 a       490     0    17     1    10
 -3.2474979687672505E+00 a       491     0    17     1    11
 -8.3577681413033247E+00 a       492     0    17     1    12
 -8.1592734364234865E+00 a       493     0    17     1    13
  1.4450044681500429E+00 a       494     0    17     1    14
 -4.3876570503428649E+00 a       495     0    17     1    15
  1.4981105350833573E+01 a       496     0    17     1    16
  9.9693342263981766E+00 a       497     0    17     1    17
  5.3615361720837806E-01 a       498     0    17     1    18
 -2.2889296632268441E+00 a       499     0    17     1    19
 -7.3941542635780149E+00 a       500     0    17     1    20
 -1.0559186270558026E+01 a       501     0    17     1    21
  1.5442195775824477E+01 a       502     0    17     1    22
  7.5565919050434971E+00 a       503     0    17     1    23
 -3.0657379831650760E+00 a       504     0    17     1    24
 -1.4708703362791731E+01 a       505     0    17     1    25
 -3.4782519215970149E+00 a       506     0    17     1    26
 -2.8254485811428616E+00 a       507     0    17     1    27
  3.7361857005830132E+00 a       508     0    17     1    28
 -4.9613684749403433E+00 a       509     0    17     1    29
  2.6629365109573944E+00 a       510     0    17     1    30
 -8.4608106073645857E+00 a       511     0    18     1     1
 -3.6217734410118783E+00 a       512     0    18     1     2
  4.1021481067741385E+00 a       513     0    18     1     3
  4.6091097060553681E+00 a       514     0    18     1     4
  9.2199002282624953E-01 a       515     0    18     1     5
 -2.5305245544393489E+00 a       516     0    18     1     6
 -1.2557263912507988E+01 a       517     0    18     1     7
 -1.3953601468283139E+01 a       518     0    18     1     8
 -3.8524781604444676E+00 a       519     0    18     1     9
 -1.9000010915393528E+01 a       520     0    18     1    10
  9.8076580831031155E+00 a       521     0    18     1    11
  8.4848285948454638E+00 a       522     0    18     1    12
  9.8181785464262070E+00 a       523     0    18     1    13
 -7.1188196685054725E+00 a       524     0    18     1    14
  6.3822444387846451E+00 a       525     0    18     1    15
 -3.2954708407304636E+01 a       526     0    18     1    16
 -2.4939345576300331E+00 a       527     0    18     1    17
  7.9837283328043886E+00 a       528     0    18     1    18
  3.1625691232889745E+00 a       529     0    18     1    19
  2.0155497454205640E+00 a       530     0    18     1    20
  9.3508690881317662E+00 a       531     0    18     1    21
 -3.1031356067317056E+01 a       532     0    18     1    22
 -1.0152245113455622E+01 a       533     0    18     1    23
 -2.4388417453069763E+01 a       534     0    18     1    24
  2.5294472952162401E+01 a       535     0    18     1    25
  7.4774617954094875E+00 a       536     0    18     1    26
 -1.4780477869883081E+01 a       537     0    18     1    27
 -8.4437513410859726E+00 a       538     0    18     1    28
  1.5841071551654984E+01 a       539     0    18     1    29
 -1.2134314765526595E+01 a       540     0    18     1    30
  1.7770904467255800E+01 a       541     0    19     1     1
  3.2569214005459535E+00 a       542     0    19     1     2
 -6.8831117912733157E+00 a       543     0    19     1     3
  4.7854960657410839E+00 a       544     0    19     1     4
  7.0804415778716230E+00 a       545     0    19     1     5
  1.6650352944176767E+01 a       546     0    19     1     6
 -1.8571555190144604E+01 a       547     0    19     1     7
  6.6121553418587462E+00 a       548     0    19     1     8
 -1.6194733656356227E+01 a       549     0    19     1     9
 -6.9278736608129492E+00 a       550     0    19     1    10
  4.6157379344441480E+00 a       551     0    19     1    11
  5.7910102925191680E+00 a       552     0    19     1    12
  7.4270725890627789E+00 a       553     0    19     1    13
 -5.8890102285130093E+00 a       554     0    19     1    14
 -5.2033011505807627E+00 a       555     0    19     1    15
  9.1599528232635041E-01 a       556     0    19     1    16
 -8.3359970096982838E+00 a       557     0    19     1    17
 -1.8064205115684512E+01 a       558     0    19     1    18
 -1.2684706925782316E+00 a       559     0    19     1    19
 -7.1789416012997211E+00 a       560     0    19     1    20
 -6.3963834626470177E+00 a       561     0    19     1    21
 -3.8899398522773891E+00 a       562     0    19     1    22
  1.6405005913162249E+00 a       563     0    19     1    23
 -4.5462157210138958E+00 a       564     0    19     1    24
  1.7733047616527177E+01 a       565     0    19     1    25
  1.8415324210945478E+01 a       566     0    19     1    26
  3.3059510240013523E+00 a       567     0    19     1    27
 -9.6043467363987105E+00 a       568     0    19     1    28
  6.5833203528177080E+00 a       569     0    19     1    29
 -7.4509502364588380E+00 a       570     0    19     1    30
 -1.0017737087635698E+01 a       571     0    20     1     1
 -1.7930908828776285E+01 a       572     0    20     1     2
 -8.3794097583412892E+00 a       573     0    20     1     3
  2.2361652434784343E+01 a       574     0    20     1     4
  2.3688008891606231E+00 a       575     0    20     1     5
 -1.4253451859561212E+01 a       576     0    20     1     6
 -3.0763538348528606E+01 a       577     0    20     1     7
 -4.0135155088200802E+00 a       578     0    20     1     8
 -2.1864630733372078E+01 a       579     0    20     1     9
 -3.6497039157977035E+01 a       580     0    20     1    10
 -2.4434639225867254E+01 a       581     0    20     1    11
  7.3249638157956634E+00 a       582     0    20     1    12
  2.7269160360551059E+01 a       583     0    20     1    13
  1.1616595173257187E+00 a       584     0    20     1    14
 -2.5058220342724571E+01 a       585     0    20     1    15
 -4.3183202975199009E+01 a       586     0    20     1    16
 -4.4242755802100824E+00 a       587     0    20     1    17
 -2.6820659975378991E+01 a       588     0    20     1    18
 -1.8094771754871815E+01 a       589     0    20     1    19
  5.5888539098678605E+00 a       590     0    20     1    20
 -1.8972065796486828E+00 a       591     0    20     1    21
 -2.2200681917831510E+01 a       592     0    20     1    22
  4.5735960593612894E+00 a       593     0    20     1    23
 -4.1743231644782377E+01 a       594     0    20     1    24
 -4.4963393576585444E+00 a       595     0    20     1    25
  3.0549593104800550E+01 a       596     0    20     1    26
  5.7874076083481070E+00 a       597     0    20     1    27
  1.3582519270415343E+01 a       598     0    20     1    28
 -1.1470569161369569E+01 a       599     0    20     1    29
  9.0443314424731902E+00 a       600     0    20     1    30
  1.1273269330131633E+01 a       601     0    21     1     1
  3.7435277017355686E+00 a       602     0    21     1     2
  9.8335613599838929E+00 a       603     0    21     1     3
 -1.4918577549641284E+01 a       604     0    21     1     4
  7.0540547306279118E+00 a       605     0    21     1     5
  6.3726617849984475E+00 a       606     0    21     1     6
 -9.5256164080295793E+00 a       607     0    21     1     7
  3.6904356011471240E+00 a       608     0    21     1     8
  1.0098041072108709E+01 a       609     0    21     1     9
  1.3145931659433925E+00 a       610     0    21     1    10
 -1.8846590816214062E+00 a       611     0    21     1    11
 -9.6333211169886290E+00 a       612     0    21     1    12
 -4.9885252015640953E+00 a       613     0    21     1    13
  2.0938306504061629E+01 a       614     0    21     1    14
  7.3128369188668900E+00 a       615     0    21     1    15
  3.4125339421240376E+01 a       616     0    21     1    16
  2.0868639785044034E+00 a       617     0    21     1    17
  1.3063953016623136E+01 a       618     0    21     1    18
  8.9003439989213007E+00 a       619     0    21     1    19
  1.0810333357896287E+01 a       620     0    21     1    20
  1.2104401288143865E+01 a       621     0    21     1    21
  1.9432270845979151E+01 a       622     0    21     1    22
 -1.4897114431442830E+01 a       623     0    21     1    23
  2.0180517403960149E+01 a       624     0    21     1    24
 -1.1313045310564647E+01 a       625     0    21     1    25
 -2.0337457524046620E+01 a       626     0    21     1    26
  3.0884498876651856E-01 a       627     0    21     1    27
 -7.9406991874823323E+00 a       628     0    21     1    28
  2.3915470649785551E+00 a       629     0    21     1    29
 -6.6195237396206643E+00 a       630     0    21     1    30
 -2.8272550172152183E+01 a       631     0    22     1     1
  2.2830115021244378E+01 a       632     0    22     1     2
 -3.3045918134708657E+01 a       633     0    22     1     3
 -6.4388695109121441E+00 a       634     0    22     1     4
 -2.9184262750773673E+01 a       635     0    22     1     5
 -7.7601341495380272E+00 a       636     0    22     1     6
  1.8736021431638520E+01 a       637     0    22     1     7
 -8.5009097437620991E+00 a       638     0    22     1     8
 -1.2886329268030995E+01 a       639     0    22     1     9
 -1.7966214296489826E+00 a       640     0    22     1    10
  9.3502660464618981E-01 a       641     0    22     1    11
 -3.3507176321985428E+00 a       642     0    22     1    12
  9.4657916005757272E+00 a       643     0    22     1    13
 -3.0031762111573602E+01 a       644     0    22     1    14
 -1.4503153396077899E+01 a       645     0    22     1    15
 -1.7622598122541103E+01 a       646     0    22     1    16
  1.6628398931885251E+01 a       647     0    22     1    17
 -6.1155463256045319E+00 a       648     0    22     1    18
  1.9572759750419596E+01 a       649     0    22     1    19
 -2.1868596628619287E+01 a       650     0    22     1    20
  6.4582484689940189E+00 a       651     0    22     1    21
 -6.8538231250610639E+00 a       652     0    22     1    22
  1.8587147170533362E+00 a       653     0    22     1    23
 -1.0731385366555262E+01 a       654     0    22     1    24
  8.4143021810290292E-02 a       655     0    22     1    25
  2.8872948921916869E+01 a       656     0    22     1    26
  3.6687685656580542E+00 a       657     0    22     1    27
 -2.5268073688598287E+00 a       658     0    22     1    28
 -3.4399447126943180E+01 a       659     0    22     1    29
  8.0011639350236248E+00 a       660     0    22     1    30
 -2.7498709025221707E+01 a       661     0    23     1     1
 -2.0780677763851248E+01 a       662     0    23     1     2
  1.6366750111045330E+00 a       663     0    23     1     3
  2.0209517182430368E+01 a       664     0    23     1     4
 -2.4322736564686394E+01 a       665     0    23     1     5
 -4.0498883587722974E+00 a       666     0    23     1     6
  1.5106647239105182E+01 a       667     0    23     1     7
 -7.1672834066815261E+00 a       668     0    23     1     8
  2.6724144696631637E+01 a       669     0    23     1     9
 -5.9976569948534353E+00 a       670     0    23     1    10
 -5.8504477436809434E+00 a       671     0    23     1    11
 -2.1655853505214409E+01 a       672     0    23     1    12
  5.4073581926563783E+00 a       673     0    23     1    13
 -2.3273929669784113E+01 a       674     0    23     1    14
 -6.5773810484822421E+00 a       675     0    23     1    15
  1.9314053103385248E+01 a       676     0    23     1    16
  3.3917987164003964E+00 a       677     0    23     1    17
  1.9268031180989034E+01 a       678     0    23     1    18
 -2.3468022700182085E+00 a       679     0    23     1    19
  1.2554132116665267E+01 a       680     0    23     1    20
  2.2353128880000517E+00 a       681     0    23     1    21
 -3.1764386066245127E+01 a       682     0    23     1    22
 -7.7560645481315262E+00 a       683     0    23     1    23
 -1.8160547198139287E+01 a       684     0    23     1    24
 -3.1663775356876890E+01 a       685     0    23     1    25
 -7.3233985461492859E+00 a       686     0    23     1    26
 -4.9448588352988904E-01 a       687     0    23     1    27
  3.9445942261552851E+00 a       688     0    23     1    28
  4.8888693854119696E+00 a       689     0    23     1    29
 -2.5463100289284752E+00 a       690     0    23     1    30
  9.3413417247893733E+00 a       691     0    24     1     1
  2.3440504223557710E+01 a       692     0    24     1     2
 -2.0875160770839564E+01 a       693     0    24     1     3
 -8.9465582545683606E+00 a       694     0    24     1     4
  9.0348781156660412E+00 a       695     0    24     1     5
 -1.1165518035965176E+01 a       696     0    24     1     6
 -1.0730218009005981E+01 a       697     0    24     1     7
  1.9418272483678653E+01 a       698     0    24     1     8
 -1.5306480829161202E+01 a       699     0    24     1     9
  1.6645380065789283E+01 a       700     0    24     1    10
  6.4673477998066780E+00 a       701     0    24     1    11
  2.0894665399814944E+01 a       702     0    24     1    12
  6.7472736240723661E+00 a       703     0    24     1    13
  1.4001730946557972E+01 a       704     0    24     1    14
  2.2174137029456498E+00 a       705     0    24     1    15
 -1.0083177521489516E+01 a       706     0    24     1    16
  5.3110237518300949E+01 a       707     0    24     1    17
  1.9819116018424126E+01 a       708     0    24     1    18
 -9.6424597553838804E+00 a       709     0    24     1    19
 -1.0067804988090153E+01 a       710     0    24     1    20
  4.8545822950158030E-01 a       711     0    24     1    21
  1.7414812970589004E+01 a       712     0    24     1    22
  4.6206225674674082E+00 a       713     0    24     1    23
  2.5698887470463532E+01 a       714     0    24     1    24
  2.8799949281422244E+01 a       715     0    24     1    25
  9.8297616789014732E+00 a       716     0    24     1    26
 -2.3411945748763980E+01 a       717     0    24     1    27
 -2.1016356294712146E+01 a       718     0    24     1    28
 -2.7968399114483848E+01 a       719     0    24     1    29
 -9.1712830192692465E+00 a       720     0    24     1    30
 -1.3430101241245627E+01 a       721     0    25     1     1
  3.8490222642737768E+00 a       722     0    25     1     2
  2.0911413778244736E+01 a       723     0    25     1     3
 -4.5033964831194613E+00 a       724     0    25     1     4
  1.7997798087279564E+00 a       725     0    25     1     5
 -1.0627592743942230E+01 a       726     0    25     1     6
 -2.7734008021691835E+01 a       727     0    25     1     7
  5.2554120325936893E+00 a       728     0    25     1     8
 -2.4176704184009907E+01 a       729     0    25     1     9
  1.4350664489659854E+01 a       730     0    25     1    10
  1.1214341431485565E+01 a       731     0    25     1    11
 -7.3376218911015423E+00 a       732     0    25     1    12
  1.5093056800795754E+01 a       733     0    25     1    13
  2.1476652617627039E+01 a       734     0    25     1    14
 -2.7112846998827758E+00 a       735     0    25     1    15
  1.4719491166039283E+01 a       736     0    25     1    16
  3.8257583690236196E+01 a       737     0    25     1    17
  2.5765599767470125E+01 a       738     0    25     1    18
  1.0518808495398700E+01 a       739     0    25     1    19
  4.9759695468375060E+00 a       740     0    25     1    20
 -6.4435405787977662E-01 a       741     0    25     1    21
 -1.8255747039613940E+01 a       742     0    25     1    22
  3.7900487439329349E+00 a       743     0    25     1    23
  7.2197285179113662E+00 a       744     0    25     1    24
 -9.7127349926276452E+00 a       745     0    25     1    25
 -3.6603547674194039E+00 a       746     0    25     1    26
 -8.5113484848524514E+00 a       747     0    25     1    27
  2.3848279018918985E+00 a       748     0    25     1    28
  1.5227359210552899E+01 a       749     0    25     1    29
  8.7075957337799892E+00 a       750     0    25     1    30
 -7.1149927557342529E+00 a       751     0    26     1     1
 -4.6962815048410720E+00 a       752     0    26     1     2
 -1.5836356741280250E+01 a       753     0    26     1     3
  2.4637863902490061E+01 a       754     0    26     1     4
 -1.9284543447817841E+00 a       755     0    26     1     5
 -7.0015616531954683E-01 a       756     0    26     1     6
  3.3341148632665316E+01 a       757     0    26     1     7
 -1.5272588392662925E+01 a       758     0    26     1     8
  2.0694217950505244E+01 a       759     0    26     1     9
 -1.9015783358400654E+01 a       760     0    26     1    10
 -3.8979869660735167E+00 a       761     0    26     1    11
  1.3449839171959088E+00 a       762     0    26     1    12
  4.2642297527850950E+00 a       763     0    26     1    13
 -2.3017607607436403E+01 a       764     0    26     1    14
  9.2207879487698783E+00 a       765     0    26     1    15
 -1.6916385190884085E+01 a       766     0    26     1    16
 -1.1844725371460138E+01 a       767     0    26     1    17
  3.7866451008140678E+00 a       768     0    26     1    18
 -1.4147393669435042E+01 a       769     0    26     1    19
  2.1446541456716140E+01 a       770     0    26     1    20
  1.8512115410730424E+01 a       771     0    26     1    21
  1.1494386467247855E+01 a       772     0    26     1    22
 -8.6820022219066733E+00 a       773     0    26     1    23
 -6.5582064301527856E+00 a       774     0    26     1    24
 -4.9895542448987049E+00 a       775     0    26     1    25
  9.7326482885838850E+00 a       776     0    26     1    26
 -2.3653286334725898E+00 a       777     0    26     1    27
  2.6808440505178922E+01 a       778     0    26     1    28
 -1.7664271662554235E+01 a       779     0    26     1    29
  6.3664367861105129E+00 a       780     0    26     1    30
 -2.9273921161549237E+00 a       781     0    27     1     1
  1.0984168980364052E+01 a       782     0    27     1     2
  4.3839636043761487E+01 a       783     0    27     1     3
 -2.9585280740540220E+01 a       784     0    27     1     4
  1.5946407804755090E+01 a       785     0    27     1     5
  1.3004621101028384E+01 a       786     0    27     1     6
 -2.4864126596961238E+01 a       787     0    27     1     7
 -4.5963956900068847E+00 a       788     0    27     1     8
 -6.0627117018722512E+00 a       789     0    27     1     9
  8.1504739799153825E+00 a       790     0    27     1    10
 -6.0002130222336891E+00 a       791     0    27     1    11
 -8.2014278088944188E+00 a       792     0    27     1    12
 -1.2054650209506821E+01 a       793     0    27     1    13
  2.2333536707338666E+01 a       794     0    27     1    14
  1.7118891909616689E+00 a       795     0    27     1    15
  6.8370223875422598E+00 a       796     0    27     1    16
 -3.8457567970948368E+01 a       797     0    27     1    17
 -8.3142930547091787E+00 a       798     0    27     1    18
  9.5014291499361061E+00 a       799     0    27     1    19
 -1.7836671509711547E+01 a       800     0    27     1    20
 -2.1444478139848851E+01 a       801     0    27     1    21
 -2.6888087279077859E+00 a       802     0    27     1    22
  8.0231366347695854E+00 a       803     0    27     1    23
  2.1979484618310252E+01 a       804     0    27     1    24
  1.7923109186292028E+00 a       805     0    27     1    25
 -2.5178338516375383E+00 a       806     0    27     1    26
  7.9148981588823437E+00 a       807     0    27     1    27
  3.7054000529664690E+00 a       808     0    27     1    28
  2.9973992478844842E+01 a       809     0    27     1    29
  2.2694805976540302E+01 a       810     0    27     1    30
 -8.7998459327475231E+00 a       811     0    28     1     1
  2.3373429597302646E+01 a       812     0    28     1     2
 -1.6091130528437635E+01 a       813     0    28     1     3
 -1.7448095138026229E+01 a       814     0    28     1     4
  1.6967994946788380E+01 a       815     0    28     1     5
  1.7175072836911792E+01 a       816     0    28     1     6
  3.9304654345428126E+01 a       817     0    28     1     7
  1.6751690351314110E+01 a       818     0    28     1     8
  2.3942234987047708E+01 a       819     0    28     1     9
  1.3462694136639948E+01 a       820     0    28     1    10
  7.4020992886654620E+00 a       821     0    28     1    11
  9.6390756339967343E+00 a       822     0    28     1    12
 -1.2924398504944296E+01 a       823     0    28     1    13
 -1.2446722600367679E+01 a       824     0    28     1    14
  1.7852425564088623E+01 a       825     0    28     1    15
  3.7220538868167075E-01 a       826     0    28     1    16
 -5.5122489181964216E+00 a       827     0    28     1    17
  8.3034300911702452E+00 a       828     0    28     1    18
  2.8826917226136754E+01 a       829     0    28     1    19
 -3.4094615833441289E+00 a       830     0    28     1    20
  3.0476974788810494E+00 a       831     0    28     1    21
  6.2353656615548285E+00 a       832     0    28     1    22
  1.2355105347760707E+01 a       833     0    28     1    23
  9.3562102022386000E+00 a       834     0    28     1    24
  2.3383592471560566E+00 a       835     0    28     1    25
 -1.0817259828330291E+01 a       836     0    28     1    26
 -5.6365418267459040E+00 a       837     0    28     1    27
 -3.1313606782675785E+00 a       838     0    28     1    28
  1.2708180649946654E+00 a       839     0    28     1    29
  5.7760838915878994E+00 a       840     0    28     1    30
  3.0276286168715536E+01 a       841     0    29     1     1
 -4.3813584014171887E+01 a       842     0    29     1     2
  4.4729532896647164E+01 a       843     0    29     1     3
  2.4510804106861393E+01 a       844     0    29     1     4
  1.9141913308445403E+01 a       845     0    29     1     5
 -1.5114933387128611E+00 a       846     0    29     1     6
 -3.4254234526959152E+01 a       847     0    29     1     7
 -8.2630724884009510E+00 a       848     0    29     1     8
 -5.4302069550180487E+00 a       849     0    29     1     9
 -4.4370198758380202E+00 a       850     0    29     1    10
 -3.8404926214122601E+00 a       851     0    29     1    11
  3.9683988011778801E+00 a       852     0    29     1    12
 -5.3550462755925441E+00 a       853     0    29     1    13
  2.8993267942943607E+01 a       854     0    29     1    14
  4.1386118845391140E+00 a       855     0    29     1    15
 -9.5179946952056071E-01 a       856     0    29     1    16
 -7.4097603159627425E+00 a       857     0    29     1    17
  1.8026467329476921E+00 a       858     0    29     1    18
 -4.1493024698869107E+01 a       859     0    29     1    19
  1.6266835249097603E+01 a       860     0    29     1    20
 -1.6462154127459964E+01 a       861     0    29     1    21
 -3.5516775178172559E+00 a       862     0    29     1    22
 -1.6938310012101785E+00 a       863     0    29     1    23
  4.3025268593414445E+00 a       864     0    29     1    24
  2.0188978090478273E+00 a       865     0    29     1    25
 -1.7093174229655567E+01 a       866     0    29     1    26
  1.9735551645406701E+00 a       867     0    29     1    27
  3.0014197388447914E+00 a       868     0    29     1    28
  3.1448272230714792E+01 a       869     0    29     1    29
 -6.5490366659140253E+00 a       870     0    29     1    30
  8.2704965962006085E+00 a       871     0    30     1     1
  4.0995764203652463E-01 a       872     0    30     1     2
 -2.2930345390480145E+01 a       873     0    30     1     3
 -3.0550484246773401E+01 a       874     0    30     1     4
  2.0453471206660416E+00 a       875     0    30     1     5
 -2.7348273469412074E+00 a       876     0    30     1     6
 -4.6935756698778270E+00 a       877     0    30     1     7
  1.2095648593066777E+00 a       878     0    30     1     8
  3.9236701776046874E+00 a       879     0    30     1     9
 -1.0388135223099724E+01 a       880     0    30     1    10
 -3.3105888138211192E+01 a       881     0    30     1    11
 -5.7610339632946888E+00 a       882     0    30     1    12
 -1.5279854804856793E+01 a       883     0    30     1    13
  4.6607360366508752E+00 a       884     0    30     1    14
 -9.9194895063052613E+00 a       885     0    30     1    15
 -2.7878388927824663E+01 a       886     0    30     1    16
 -3.0255956389919181E+01 a       887     0    30     1    17
 -9.2463389207771529E-01 a       888     0    30     1    18
  2.4189809052680811E+01 a       889     0    30     1    19
 -1.4906286584354444E+01 a       890     0    30     1    20
 -8.6873656267179005E+00 a       891     0    30     1    21
 -5.2318889806415481E-01 a       892     0    30     1    22
  6.1821297024276802E+00 a       893     0    30     1    23
 -1.0762147448892479E+01 a       894     0    30     1    24
 -1.3004947899044776E+01 a       895     0    30     1    25
 -9.1471731315464524E+00 a       896     0    30     1    26
  2.7293508299059503E+00 a       897     0    30     1    27
 -3.1188566868383248E+01 a       898     0    30     1    28
  2.6831574508053246E+00 a       899     0    30     1    29
 -9.2834277316973139E+00 a       900     0    30     1    30
 -3.9023417037482129E+00 a       901     0    31     1     1
 -2.2202003078454190E+01 a       902     0    31     1     2
 -4.9761716691817233E+00 a       903     0    31     1     3
  1.8003524363507534E+01 a       904     0    31     1     4
  5.0582964027567789E-01 a       905     0    31     1     5
  6.6865264663457857E-01 a       906     0    31     1     6
  1.7018365882090343E+01 a       907     0    31     1     7
  1.0572354084320499E+00 a       908     0    31     1     8
  1.3282535429516202E+00 a       909     0    31     1     9
  2.1492666972428314E+00 a       910     0    31     1    10
  6.9892318935016340E-01 a       911     0    31     1    11
 -5.6928218479211345E+00 a       912     0    31     1    12
  1.1986290333947272E+00 a       913     0    31     1    13
 -8.3791407550700203E+00 a       914     0    31     1    14
 -9.0449367654819890E-01 a       915     0    31     1    15
  1.9366190974466375E+00 a       916     0    31     1    16
 -2.0440774063415333E+01 a       917     0    31     1    17
 -6.7929015078302140E+00 a       918     0    31     1    18
  5.5398121919570693E+00 a       919     0    31     1    19
  1.1118202555349677E+01 a       920     0    31     1    20
 -1.6077950079248169E+00 a       921     0    31     1    21
 -1.0685917228388130E+01 a       922     0    31     1    22
 -5.9044576326047329E+00 a       923     0    31     1    23
 -1.9116342220412719E+01 a       924     0    31     1    24
 -7.8744476381983226E+00 a       925     0    31     1    25
 -1.0100737250411488E+01 a       926     0    31     1    26
  5.7186254558423180E+00 a       927     0    31     1    27
  1.2234420705421922E+01 a       928     0    31     1    28
  5.3085737172700727E+00 a       929     0    31     1    29
 -3.9807562248305857E+00 a       930     0    31     1    30
 -9.8749918632505007E-01 a       931     0    32     1     1
  4.2285619138042412E+00 a       932     0    32     1     2
 -2.5798578250890639E+01 a       933     0    32     1     3
 -3.5561682331097826E+00 a       934     0    32     1     4
 -1.2370831172944154E+01 a       935     0    32     1     5
 -1.5934551530582041E+01 a       936     0    32     1     6
 -1.6045448438686005E+01 a       937     0    32     1     7
 -3.4302364235746946E-01 a       938     0    32     1     8
 -2.2040875449667845E+00 a       939     0    32     1     9
 -1.1221573192126224E+01 a       940     0    32     1    10
  6.6326389573278934E+00 a       941     0    32     1    11
  7.4330437853093159E+00 a       942     0    32     1    12
 -1.5212382303283458E+00 a       943     0    32     1    13
 -7.7177154255883629E-01 a       944     0    32     1    14
 -6.5868056940867792E-01 a       945     0    32     1    15
 -2.8050878917839479E+00 a       946     0    32     1    16
  3.6764838471589243E+01 a       947     0    32     1    17
  6.9123348337563861E+00 a       948     0    32     1    18
  1.4158085311865063E+01 a       949     0    32     1    19
  1.2235588326214867E+01 a       950     0    32     1    20
  1.2905421261111405E+01 a       951     0    32     1    21
 -7.6144960523202974E+00 a       952     0    32     1    22
  1.3542057800559180E+01 a       953     0    32     1    23
  3.6281602732836671E+00 a       954     0    32     1    24
 -1.9378787460330695E+01 a       955     0    32     1    25
 -6.5559488823018131E-01 a       956     0    32     1    26
 -1.0826734360157717E+01 a       957     0    32     1    27
 -2.4718671791462306E+01 a       958     0    32     1    28
  1.6952998122719254E+00 a       959     0    32     1    29
 -2.8636785986111480E+01 a       960     0    32     1    30
 -9.7298074307288207E+00 a       961     0    33     1     1
  1.1420068936971974E+01 a       962     0    33     1     2
 -4.2802372350208380E+00 a       963     0    33     1     3
  1.9948321925644457E+01 a       964     0    33     1     4
  4.7616823259776568E+00 a       965     0    33     1     5
  7.7146160844966110E+00 a       966     0    33     1     6
  5.8604738064551022E+01 a       967     0    33     1     7
  1.0334327570602992E+00 a       968     0    33     1     8
  2.4792843975001801E+01 a       969     0    33     1     9
  8.7747130347598223E-01 a       970     0    33     1    10
 -1.1351296250535261E+01 a       971     0    33     1    11
 -2.5392352391655155E+01 a       972     0    33     1    12
  6.3733456604090541E+00 a       973     0    33     1    13
  3.6312579842833546E+00 a       974     0    33     1    14
  2.7964056820137873E+01 a       975     0    33     1    15
  3.8196743770965944E+00 a       976     0    33     1    16
 -2.7761588336135052E+01 a       977     0    33     1    17
  4.8658100203666343E+00 a       978     0    33     1    18
  4.2474322006764940E+00 a       979     0    33     1    19
  2.7541551117358454E+00 a       980     0    33     1    20
 -4.0114720122788327E+01 a       981     0    33     1    21
  1.6043715384689609E+01 a       982     0    33     1    22
 -2.2369355165047800E+01 a       983     0    33     1    23
 -4.0395229318601347E+00 a       984     0    33     1    24
 -2.3184544182081236E+01 a       985     0    33     1    25
  3.9118771294733401E+00 a       986     0    33     1    26
 -1.1932443739183160E+01 a       987     0    33     1    27
  5.5767780358621998E+01 a       988     0    33     1    28
  2.3366742439092536E+00 a       989     0    33     1    29
  3.2785331826042558E+01 a       990     0    33     1    30
 -9.6120877826238225E+00 a       991     0    34     1     1
  1.6198763623205448E+01 a       992     0    34     1     2
 -1.2355566352966301E+01 a       993     0    34     1     3
 -1.8093805750997591E+00 a       994     0    34     1     4
 -8.7537655601036199E+00 a       995     0    34     1     5
 -7.3335009863793257E+00 a       996     0    34     1     6
  9.1802062297595395E+00 a       997     0    34     1     7
  6.8333098399452530E-01 a       998     0    34     1     8
 -6.8332947595714022E-01 a       999     0    34     1     9
 -2.8989030990377649E+00 a      1000     0    34     1    10
  6.3256984443758020E+00 a      1001     0    34     1    11
 -3.2283027801670632E+00 a      1002     0    34     1    12
  2.6728190682320202E-01 a      1003     0    34     1    13
 -3.8856210029003999E+00 a      1004     0    34     1    14
 -8.9486287024501507E+00 a      1005     0    34     1    15
  6.8204295007348321E+00 a      1006     0    34     1    16
  2.9038103720793287E+00 a      1007     0    34     1    17
  7.6112581428487025E-01 a      1008     0    34     1    18
  1.0330457694183693E+01 a      1009     0    34     1    19
  3.7506612189179372E-01 a      1010     0    34     1    20
  7.7841596922881806E-01 a      1011     0    34     1    21
  7.5891856169435084E+00 a      1012     0    34     1    22
  6.4848623131538945E+00 a      1013     0    34     1    23
 -2.9325358070757388E+00 a      1014     0    34     1    24
  1.1069476261814251E+00 a      1015     0    34     1    25
  3.1804842096599932E+00 a      1016     0    34     1    26
 -2.5647521003349505E-01 a      1017     0    34     1    27
  7.2018446635971953E+00 a      1018     0    34     1    28
 -2.4126066175100060E+00 a      1019     0    34     1    29
  2.6807643676743098E-01 a      1020     0    34     1    30
  1.1797134349678938E+01 a      1021     0    35     1     1
  5.2983619234655910E+00 a      1022     0    35     1     2
  3.7857443731628429E+01 a      1023     0    35     1     3
 -1.1049659973250955E-02 a      1024     0    35     1     4
 -7.4121073618732805E+00 a      1025     0    35     1     5
  1.3960491957917924E+01 a      1026     0    35     1     6
  1.7259762834150392E+00 a      1027     0    35     1     7
 -6.9178823625617527E+00 a      1028     0    35     1     8
  1.0632095044667167E+01 a      1029     0    35     1     9
  7.2820274163129783E-01 a      1030     0    35     1    10
 -2.4682551339914585E-01 a      1031     0    35     1    11
  1.8787409434598388E+01 a      1032     0    35     1    12
 -1.0445850074241843E+01 a      1033     0    35     1    13
 -2.2088437518167147E+01 a      1034     0    35     1    14
 -2.6631648498349197E+01 a      1035     0    35     1    15
  3.5412320223284439E+01 a      1036     0    35     1    16
 -1.3910435201369413E+01 a      1037     0    35     1    17
  3.8888038380692915E+00 a      1038     0    35     1    18
 -2.7783082666023651E+00 a      1039     0    35     1    19
 -9.9921029051330628E+00 a      1040     0    35     1    20
  1.3668487756800966E+01 a      1041     0    35     1    21
  8.8741038356183974E+00 a      1042     0    35     1    22
  4.8279822299414867E+00 a      1043     0    35     1    23
  1.0348898120234502E+01 a      1044     0    35     1    24
 -1.3876939562317709E+01 a      1045     0    35     1    25
 -1.3366782513907859E+01 a      1046     0    35     1    26
  1.3075366804454260E+01 a      1047     0    35     1    27
 -8.1074793215381593E+00 a      1048     0    35     1    28
 -1.6928075015117777E+01 a      1049     0    35     1    29
 -3.1905060777978505E+01 a      1050     0    35     1    30
  3.4720685356330443E+00 a      1051     0    36     1     1
 -2.2750887736074198E+01 a      1052     0    36     1     2
  9.2763794665734309E+00 a      1053     0    36     1     3
 -6.4909290024221891E+00 a      1054     0    36     1     4
  1.0335287926518184E+01 a      1055     0    36     1     5
  2.6952588142154981E+00 a      1056     0    36     1     6
  8.1839340980429720E-01 a      1057     0    36     1     7
  7.7649110911008838E+00 a      1058     0    36     1     8
  3.4258475360839175E-01 a      1059     0    36     1     9
  8.1437780597293479E+00 a      1060     0    36     1    10
 -7.7852672318823801E-01 a      1061     0    36     1    11
 -4.7463151302823574E+00 a      1062     0    36     1    12
 -3.6774607984549630E+00 a      1063     0    36     1    13
  1.0935041439580864E+01 a      1064     0    36     1    14
  1.1025099717492891E+01 a      1065     0    36     1    15
 -5.3953861859237344E+00 a      1066     0    36     1    16
 -7.4402189178798590E+00 a      1067     0    36     1    17
 -1.3147933131863430E+01 a      1068     0    36     1    18
 -1.2225788886075820E+01 a      1069     0    36     1    19
 -6.6411092536390559E-01 a      1070     0    36     1    20
  3.2021357588054973E+00 a      1071     0    36     1    21
 -8.3100353777795757E+00 a      1072     0    36     1    22
 -2.8253942225490931E+00 a      1073     0    36     1    23
 -4.5590515911531888E+00 a      1074     0    36     1    24
  6.3883978356355247E+00 a      1075     0    36     1    25
 -2.8280931146866930E+00 a      1076     0    36     1    26
  1.8090300841067041E+01 a      1077     0    36     1    27
  1.8244284638311241E+00 a      1078     0    36     1    28
  4.7080242436130693E+00 a      1079     0    36     1    29
  1.4087206125269276E+00 a      1080     0    36     1    30
 -1.6669989408844000E+01 a      1081     0    37     1     1
 -1.6896387171226969E+01 a      1082     0    37     1     2
 -5.2621661405653404E+00 a      1083     0    37     1     3
 -9.4532676199712160E+00 a      1084     0    37     1     4
 -3.7144923597713304E+00 a      1085     0    37     1     5
 -4.1164824943622040E+00 a      1086     0    37     1     6
  1.2483952073047035E+00 a      1087     0    37     1     7
  2.7302000475121955E+00 a      1088     0    37     1     8
 -6.9371922463501585E+00 a      1089     0    37     1     9
 -5.2766445357771028E+00 a      1090     0    37     1    10
  2.4105737402597489E+00 a      1091     0    37     1    11
 -3.8225493144657681E+00 a      1092     0    37     1    12
 -4.7598918241156749E+00 a      1093     0    37     1    13
 -2.1363507767026069E+00 a      1094     0    37     1    14
  9.7990044870865795E-02 a      1095     0    37     1    15
  7.8926657198541355E+00 a      1096     0    37     1    16
 -1.2966647719185879E+01 a      1097     0    37     1    17
 -4.6232081235782889E+00 a      1098     0    37     1    18
  5.1901168400356923E+00 a      1099     0    37     1    19
  4.6378901794256655E-01 a      1100     0    37     1    20
  5.1735790402288782E+00 a      1101     0    37     1    21
 -6.4571389995889188E+00 a      1102     0    37     1    22
  7.1582886973647089E+00 a      1103     0    37     1    23
  1.6698040309453688E+00 a      1104     0    37     1    24
 -1.8561278993628478E+00 a      1105     0    37     1    25
 -1.7805343413780765E+01 a      1106     0    37     1    26
 -1.0464727517361047E-01 a      1107     0    37     1    27
 -1.0130470490304290E+01 a      1108     0    37     1    28
  3.3712011941411637E+00 a      1109     0    37     1    29
 -1.3877455489093188E+01 a      1110     0    37     1    30
 -1.8140350409008970E+00 a      1111     0    38     1     1
 -9.6743657890320343E+00 a      1112     0    38     1     2
 -1.5012527198148252E+01 a      1113     0    38     1     3
 -7.2612340423928901E+00 a      1114     0    38     1     4
 -1.8389166093214449E+00 a      1115     0    38     1     5
 -8.3077003318555526E-02 a      1116     0    38     1     6
  1.1462744728962326E+00 a      1117     0    38     1     7
  5.8355671441257950E+00 a      1118     0    38     1     8
 -7.0746464674566507E+00 a      1119     0    38     1     9
  9.8711969731342852E-01 a      1120     0    38     1    10
 -4.4670765341301326E+00 a      1121     0    38     1    11
 -1.7462068308380726E+01 a      1122     0    38     1    12
 -4.7580410906738124E-01 a      1123     0    38     1    13
  1.8233454209188729E+01 a      1124     0    38     1    14
  1.4251275768027662E+01 a      1125     0    38     1    15
 -2.9401508706820071E+01 a      1126     0    38     1    16
  1.9073740244604664E+00 a      1127     0    38     1    17
 -4.1074250550409745E+00 a      1128     0    38     1    18
 -5.1815143735738118E+00 a      1129     0    38     1    19
  2.8222873203289436E+00 a      1130     0    38     1    20
 -9.2784131669382717E+00 a      1131     0    38     1    21
 -1.4554024504754503E+01 a      1132     0    38     1    22
 -1.1279640419015520E+01 a      1133     0    38     1    23
 -4.6080431988015649E+00 a      1134     0    38     1    24
  6.4109956896562892E+00 a      1135     0    38     1    25
  1.1191310323869001E+01 a      1136     0    38     1    26
  1.5851768120579248E+01 a      1137     0    38     1    27
  5.5886811379522099E+00 a      1138     0    38     1    28
  1.4888834490328909E+01 a      1139     0    38     1    29
  2.4317035510799077E+01 a      1140     0    38     1    30
  1.1573748809057841E+01 a      1141     0    39     1     1
  3.4187103723872276E+01 a      1142     0    39     1     2
  1.5668613079598243E+01 a      1143     0    39     1     3
  1.4556967735357269E+01 a      1144     0    39     1     4
  1.7415280428633437E+01 a      1145     0    39     1     5
  1.3087764550077383E+01 a      1146     0    39     1     6
 -3.7550647133484993E+01 a      1147     0    39     1     7
 -1.2754046175499207E+00 a      1148     0    39     1     8
 -2.2299808794850900E+01 a      1149     0    39     1     9
 -5.5934594412162597E-01 a      1150     0    39     1    10
 -1.6533629328296090E+01 a      1151     0    39     1    11
  8.6317656279584209E+00 a      1152     0    39     1    12
 -1.4133941086858819E+00 a      1153     0    39     1    13
  5.3651288373137875E+00 a      1154     0    39     1    14
 -2.7119369026955670E+01 a      1155     0    39     1    15
 -3.5461450257993150E+01 a      1156     0    39     1    16
  4.4818130071525147E+01 a      1157     0    39     1    17
  6.2686296485973942E+00 a      1158     0    39     1    18
 -8.5047839286448781E+00 a      1159     0    39     1    19
  4.9322790980931552E+00 a      1160     0    39     1    20
 -3.6259832335902997E-01 a      1161     0    39     1    21
  8.8609559187801210E+00 a      1162     0    39     1    22
 -2.6062172543117224E+01 a      1163     0    39     1    23
 -6.3284124059231086E+00 a      1164     0    39     1    24
 -2.0089125365686787E+01 a      1165     0    39     1    25
  2.6606115288717312E+01 a      1166     0    39     1    26
  4.5670360268446264E-01 a      1167     0    39     1    27
  8.2494017240152928E+00 a      1168     0    39     1    28
  8.2701616764961763E+00 a      1169     0    39     1    29
  1.5637168611926504E+00 a      1170     0    39     1    30
  3.3488443215777721E+00 a      1171     0    40     1     1
 -3.5955068803494029E+01 a      1172     0    40     1     2
 -2.0496779624204709E+01 a      1173     0    40     1     3
  1.8263578309923965E+00 a      1174     0    40     1     4
 -3.2801483350103120E+00 a      1175     0    40     1     5
 -1.7055161956076592E+01 a      1176     0    40     1     6
  2.6795020066845110E+00 a      1177     0    40     1     7
 -9.3546835172136813E+00 a      1178     0    40     1     8
  1.1017559329597351E+01 a      1179     0    40     1     9
 -1.4185396794500862E+01 a      1180     0    40     1    10
  1.0758359264081477E+01 a      1181     0    40     1    11
 -5.0029264157223796E+00 a      1182     0    40     1    12
 -9.5109051755160081E+00 a      1183     0    40     1    13
 -2.2585104830950082E+00 a      1184     0    40     1    14
  1.2640511901579035E+01 a      1185     0    40     1    15
  4.8525069235339950E+00 a      1186     0    40     1    16
 -1.6672598589091685E+01 a      1187     0    40     1    17
 -2.0688386942669698E+01 a      1188     0    40     1    18
  7.1265853682202849E+00 a      1189     0    40     1    19
 -2.1955230265650836E+00 a      1190     0    40     1    20
 -4.6689782003444591E-01 a      1191     0    40     1    21
 -1.0473872403676276E+01 a      1192     0    40     1    22
  1.5476762259239432E+01 a      1193     0    40     1    23
 -4.1465234272158167E+00 a      1194     0    40     1    24
  1.7843051679158666E+01 a      1195     0    40     1    25
 -1.5961171022982361E+01 a      1196     0    40     1    26
 -6.9468880267932489E+00 a      1197     0    40     1    27
 -1.0866100021181342E+01 a      1198     0    40     1    28
 -5.3503950769047337E-01 a      1199     0    40     1    29
 -1.4670854257223363E+01 a      1200     0    40     1    30
 -5.3072145238109893E+00 a      1201     0    41     1     1
  2.0458393046472345E+01 a      1202     0    41     1     2
 -2.0339721048435653E+01 a      1203     0    41     1     3
  1.2099363474665864E+01 a      1204     0    41     1     4
  5.3894909532410262E-01 a      1205     0    41     1     5
 -4.7497534745347929E+00 a      1206     0    41     1     6
  2.8125782670772699E+00 a      1207     0    41     1     7
 -4.9765593334579652E+00 a      1208     0    41     1     8
  5.1668367697964124E+00 a      1209     0    41     1     9
 -7.3744191341304415E+00 a      1210     0    41     1    10
  1.9577514387950832E+00 a      1211     0    41     1    11
  8.7766531902075204E+00 a      1212     0    41     1    12
  7.4524880465583552E+00 a      1213     0    41     1    13
 -1.3294670520277618E+01 a      1214     0    41     1    14
 -2.6058843817303601E-01 a      1215     0    41     1    15
  7.3023093625886260E+00 a      1216     0    41     1    16
  6.7138958939657920E+00 a      1217     0    41     1    17
  1.1124413635279852E+01 a      1218     0    41     1    18
  1.1787328895280424E+01 a      1219     0    41     1    19
  8.1669631730868115E+00 a      1220     0    41     1    20
  3.3662293530920495E+00 a      1221     0    41     1    21
  1.6434203609429169E+01 a      1222     0    41     1    22
  1.3531817689264837E+01 a      1223     0    41     1    23
  6.9797533756562729E+00 a      1224     0    41     1    24
 -1.1725338918441087E-01 a      1225     0    41     1    25
  5.5041994126699967E+00 a      1226     0    41     1    26
 -4.2384566538541932E+01 a      1227     0    41     1    27
 -4.4007554689122380E-01 a      1228     0    41     1    28
  6.2612984550831019E-01 a      1229     0    41     1    29
 -5.0696053739118616E+00 a      1230     0    41     1    30
 -5.2211228143497204E+00 a      1231     0    42     1     1
  2.7517077554176783E+00 a      1232     0    42     1     2
 -1.5595931847202008E+01 a      1233     0    42     1     3
 -1.2805513638088762E+01 a      1234     0    42     1     4
 -3.1344053384085722E+01 a      1235     0    42     1     5
 -1.3520216545838488E+00 a      1236     0    42     1     6
  5.6269585311573156E+00 a      1237     0    42     1     7
 -4.6144050509843035E+00 a      1238     0    42     1     8
  3.4078518656450774E+00 a      1239     0    42     1     9
 -4.6573661588449813E+00 a      1240     0    42     1    10
  2.5972886921596339E+00 a      1241     0    42     1    11
  3.2631999824023481E+00 a      1242     0    42     1    12
 -1.6118177888412259E+01 a      1243     0    42     1    13
  9.9149747352391717E+00 a      1244     0    42     1    14
 -1.0693745854187984E+01 a      1245     0    42     1    15
 -2.2180740656095125E+01 a      1246     0    42     1    16
 -1.7796660771561420E+01 a      1247     0    42     1    17
  7.1278185781135106E-01 a      1248     0    42     1    18
  2.7748682127963509E+00 a      1249     0    42     1    19
 -5.3204643969854120E+00 a      1250     0    42     1    20
 -1.2248788170791201E+01 a      1251     0    42     1    21
  1.2694259998111130E+01 a      1252     0    42     1    22
 -1.7127431479359988E+01 a      1253     0    42     1    23
 -1.0155979622028630E+01 a      1254     0    42     1    24
 -6.9311228505407447E+00 a      1255     0    42     1    25
 -1.1198589139357571E+01 a      1256     0    42     1    26
  3.8954820168362319E+00 a      1257     0    42     1    27
 -3.3127430477454940E+00 a      1258     0    42     1    28
 -2.8556343844850023E+00 a      1259     0    42     1    29
 -4.7628638165329438E+00 a      1260     0    42     1    30
  6.2657900003536273E+00 a      1261     0    43     1     1
  9.1048956575987672E-01 a      1262     0    43     1     2
  2.2797334047096598E+01 a      1263     0    43     1     3
  3.5908783293289616E+01 a      1264     0    43     1     4
  2.7308564261515460E+01 a      1265     0    43     1     5
  1.1230562409946645E+01 a      1266     0    43     1     6
 -1.2768459001026947E+01 a      1267     0    43     1     7
  3.9369043812481492E+00 a      1268     0    43     1     8
 -2.3818598677732467E+01 a      1269     0    43     1     9
  8.3538350370557808E+00 a      1270     0    43     1    10
  2.3279273165437755E+00 a      1271     0    43     1    11
  2.1201649290401963E+00 a      1272     0    43     1    12
 -3.1394006748893584E+00 a      1273     0    43     1    13
  4.2180245489848120E+00 a      1274     0    43     1    14
  7.3347130626721073E+00 a      1275     0    43     1    15
  9.5762101278060587E+00 a      1276     0    43     1    16
  2.3204331228811878E+01 a      1277     0    43     1    17
 -2.8998991470914717E+01 a      1278     0    43     1    18
 -1.4494834357638640E+01 a      1279     0    43     1    19
  8.3605848676816557E+00 a      1280     0    43     1    20
  1.4653821163416614E+01 a      1281     0    43     1    21
 -2.1658593976155608E+01 a      1282     0    43     1    22
  2.9205624023025688E+01 a      1283     0    43     1    23
 -2.0578146270140831E+01 a      1284     0    43     1    24
  1.7864890281045898E+01 a      1285     0    43     1    25
  5.2171980389223966E+00 a      1286     0    43     1    26
 -6.7396480478076155E+00 a      1287     0    43     1    27
  9.9528446964419750E+00 a      1288     0    43     1    28
  1.3999826245320953E+01 a      1289     0    43     1    29
 -4.4272132866540019E+00 a      1290     0    43     1    30
  5.1616422221322980E+00 a      1291     0    44     1     1
  8.5393574794329794E+00 a      1292     0    44     1     2
 -3.2365609510737303E+00 a      1293     0    44     1     3
 -7.0004098020141541E+00 a      1294     0    44     1     4
 -2.1862046337395427E+01 a      1295     0    44     1     5
  4.3278855199328721E+00 a      1296     0    44     1     6
  1.1490068265815463E+01 a      1297     0    44     1     7
 -1.4587378790066754E+01 a      1298     0    44     1     8
  9.9959450978889706E+00 a      1299     0    44     1     9
 -9.9933212836842831E+00 a      1300     0    44     1    10
  1.2918230912614682E+01 a      1301     0    44     1    11
  1.0545768637584782E+01 a      1302     0    44     1    12
  1.5493632415363801E+00 a      1303     0    44     1    13
 -5.1877027112838743E+00 a      1304     0    44     1    14
 -1.6686785510083695E+00 a      1305     0    44     1    15
 -1.0172292608384685E+01 a      1306     0    44     1    16
 -4.2699673534328786E-01 a      1307     0    44     1    17
  4.8594100267279838E-01 a      1308     0    44     1    18
  1.2916935433878329E+01 a      1309     0    44     1    19
 -5.9024401658691117E+00 a      1310     0    44     1    20
  4.8633129266308854E+00 a      1311     0    44     1    21
  5.6934651308785211E+00 a      1312     0    44     1    22
 -1.1243979393226288E+01 a      1313     0    44     1    23
  3.9043279297442193E+00 a      1314     0    44     1    24
 -1.8133139942291848E+01 a      1315     0    44     1    25
 -1.1232884433432170E+01 a      1316     0    44     1    26
 -7.6633415530480269E+00 a      1317     0    44     1    27
  1.2415518823263447E+01 a      1318     0    44     1    28
 -1.8797147660381739E+01 a      1319     0    44     1    29
  5.2670819671775835E+00 a      1320     0    44     1    30
 -6.0319403280765336E+00 a      1321     0    45     1     1
  1.5223349879277956E+01 a      1322     0    45     1     2
 -6.0561808114141149E+00 a      1323     0    45     1     3
 -2.2825517408348325E+01 a      1324     0    45     1     4
 -3.1605857414921017E+00 a      1325     0    45     1     5
  9.3774734078064643E+00 a      1326     0    45     1     6
 -6.5511862986914504E-01 a      1327     0    45     1     7
 -9.3234404255935956E+00 a      1328     0    45     1     8
  3.9586909184393186E+01 a      1329     0    45     1     9
  1.6323247768505329E+01 a      1330     0    45     1    10
 -7.8461235796605804E+00 a      1331     0    45     1    11
 -1.0965109641014803E+00 a      1332     0    45     1    12
  5.9635516344158790E-01 a      1333     0    45     1    13
  1.1809193621836117E+01 a      1334     0    45     1    14
 -1.0569264767126468E+01 a      1335     0    45     1    15
  1.1327434303506485E-01 a      1336     0    45     1    16
  9.7539182924329655E+00 a      1337     0    45     1    17
 -7.4647152162898989E+00 a      1338     0    45     1    18
  8.0427375847176013E+00 a      1339     0    45     1    19
 -9.2868564601799564E-01 a      1340     0    45     1    20
 -1.9586165509360438E+01 a      1341     0    45     1    21
 -1.4151651924805030E+01 a      1342     0    45     1    22
 -4.2405662544867276E+01 a      1343     0    45     1    23
 -1.5735153892326851E+01 a      1344     0    45     1    24
  1.0481068335371969E+01 a      1345     0    45     1    25
 -1.5492225887324507E+01 a      1346     0    45     1    26
 -1.2954357359188727E+01 a      1347     0    45     1    27
  5.9868595290472735E+00 a      1348     0    45     1    28
  2.1568413886307731E+01 a      1349     0    45     1    29
  1.3131452288099549E+01 a      1350     0    45     1    30
 -3.7126571432768176E+00 a      1351     0    46     1     1
 -4.4909169812379401E+00 a      1352     0    46     1     2
 -4.2108804570172715E+00 a      1353     0    46     1     3
 -1.9168562525170647E+00 a      1354     0    46     1     4
  6.6063780206303502E+00 a      1355     0    46     1     5
 -4.8577698308050232E+00 a      1356     0    46     1     6
 -2.8325721547354239E+00 a      1357     0    46     1     7
  3.7267135156150283E-01 a      1358     0    46     1     8
 -2.0467087626186240E-02 a      1359     0    46     1     9
  7.4578820842535638E+00 a      1360     0    46     1    10
 -3.5180134930829201E+00 a      1361     0    46     1    11
 -5.9969808985467910E-01 a      1362     0    46     1    12
 -2.4789045268846150E+00 a      1363     0    46     1    13
  4.8786543115470611E+00 a      1364     0    46     1    14
  4.8382577739328738E+00 a      1365     0    46     1    15
  8.2104517456020112E+00 a      1366     0    46     1    16
  6.6407999899733401E+00 a      1367     0    46     1    17
  1.1869482432608093E+01 a      1368     0    46     1    18
 -5.6384168819448739E+00 a      1369     0    46     1    19
  7.8871534357859752E-01 a      1370     0    46     1    20
 -3.9900971429123619E+00 a      1371     0    46     1    21
  9.4385092751155453E-01 a      1372     0    46     1    22
  8.7009800383619726E+00 a      1373     0    46     1    23
  5.5202311335214658E+00 a      1374     0    46     1    24
  1.1772358881372977E+01 a      1375     0    46     1    25
 -1.8774237309677040E+00 a      1376     0    46     1    26
  6.5273957972854397E+00 a      1377     0    46     1    27
 -6.6638038408414264E+00 a      1378     0    46     1    28
  7.4128969663424948E+00 a      1379     0    46     1    29
 -9.0530049799205403E-01 a      1380     0    46     1    30
 -7.5910354317426321E-01 a      1381     0    47     1     1
 -1.3532114074055192E+01 a      1382     0    47     1     2
  5.9381356185109748E+00 a      1383     0    47     1     3
  1.0918722587492541E+01 a      1384     0    47     1     4
 -9.4591180364495440E+00 a      1385     0    47     1     5
 -5.8884981103776779E+00 a      1386     0    47     1     6
  5.6546935310864521E-01 a      1387     0    47     1     7
  4.6778439775296938E+00 a      1388     0    47     1     8
 -2.1403531427652126E+01 a      1389     0    47     1     9
 -6.9841677763002723E+00 a      1390     0    47     1    10
  5.7383139526556031E+00 a      1391     0    47     1    11
  7.5541657827806086E+00 a      1392     0    47     1    12
 -3.9525759052296263E+00 a      1393     0    47     1    13
 -6.4511530769224832E+00 a      1394     0    47     1    14
 -5.4617878977929983E+00 a      1395     0    47     1    15
 -5.0763841676397057E+00 a      1396     0    47     1    16
 -1.6774277118443145E+01 a      1397     0    47     1    17
  1.8997263042791945E+00 a      1398     0    47     1    18
 -5.5832455513756898E+00 a      1399     0    47     1    19
 -1.5063593627797311E-01 a      1400     0    47     1    20
  6.9991407552598774E+00 a      1401     0    47     1    21
  1.1661391956451908E+01 a      1402     0    47     1    22
  1.7659553723334930E+01 a      1403     0    47     1    23
  7.0028569589682439E+00 a      1404     0    47     1    24
 -1.0335441827091643E+01 a      1405     0    47     1    25
  6.8652643122168691E+00 a      1406     0    47     1    26
  1.5541041541803979E+01 a      1407     0    47     1    27
 -4.8704339616018615E+00 a      1408     0    47     1    28
 -7.0294819366242720E+00 a      1409     0    47     1    29
 -3.7673396418131020E+00 a      1410     0    47     1    30
  9.6924839141984371E+00 a      1411     0    48     1     1
 -1.3501437383739301E+01 a      1412     0    48     1     2
  2.1455743311846973E+01 a      1413     0    48     1     3
  1.7844534863619664E+01 a      1414     0    48     1     4
  3.6698793963278199E+01 a      1415     0    48     1     5
 -2.4795004233950104E+00 a      1416     0    48     1     6
 -3.7732497055394862E+00 a      1417     0    48     1     7
  4.0279650737034700E+00 a      1418     0    48     1     8
 -2.4896895432071286E+01 a      1419     0    48     1     9
 -1.6350563578959896E+01 a      1420     0    48     1    10
  3.3117337883754479E+00 a      1421     0    48     1    11
  3.0850543726915856E+00 a      1422     0    48     1    12
  1.8597313480593812E+01 a      1423     0    48     1    13
 -1.4550749802288950E+01 a      1424     0    48     1    14
  3.4934618827455068E+01 a      1425     0    48     1    15
  7.8859841441272271E+00 a      1426     0    48     1    16
  1.4913865173511449E+00 a      1427     0    48     1    17
  2.6215267114074242E-01 a      1428     0    48     1    18
 -2.9450882936189032E-01 a      1429     0    48     1    19
 -2.2807843535121126E+00 a      1430     0    48     1    20
  1.3870395873624723E+01 a      1431     0    48     1    21
  7.8760814652471272E+00 a      1432     0    48     1    22
  2.9796936602705266E+01 a      1433     0    48     1    23
  1.2081554088207167E+01 a      1434     0    48     1    24
  1.1826567847272843E+01 a      1435     0    48     1    25
  7.8139471178611872E+00 a      1436     0    48     1    26
  9.5728703602587455E+00 a      1437     0    48     1    27
  6.9772777115891067E+00 a      1438     0    48     1    28
 -1.6315218494371202E+01 a      1439     0    48     1    29
 -7.9161662311467103E+00 a      1440     0    48     1    30
 -2.3171647952418915E+00 a      1441     0    49     1     1
 -1.6504082559137636E+01 a      1442     0    49     1     2
 -1.2415491377917682E+01 a      1443     0    49     1     3
 -1.7681107088249785E+01 a      1444     0    49     1     4
 -4.3091462045220599E+00 a      1445     0    49     1     5
 -9.8562268319125348E+00 a      1446     0    49     1     6
  2.7283119927413302E+00 a      1447     0    49     1     7
  1.2966806539202260E+01 a      1448     0    49     1     8
  6.8098045753850718E+00 a      1449     0    49     1     9
 -5.0766513376042948E+00 a      1450     0    49     1    10
 -2.0228292434082981E+01 a      1451     0    49     1    11
 -2.8994652622559734E+01 a      1452     0    49     1    12
 -5.1380514846402194E+00 a      1453     0    49     1    13
 -7.9180881766773137E+00 a      1454     0    49     1    14
 -5.9966042956084173E+00 a      1455     0    49     1    15
  6.6143495111514357E+00 a      1456     0    49     1    16
 -2.0664684774550373E+01 a      1457     0    49     1    17
  1.9905654524885708E+01 a      1458     0    49     1    18
  1.0046424139748837E+00 a      1459     0    49     1    19
  2.4378256977492079E+00 a      1460     0    49     1    20
 -9.5325887289376485E+00 a      1461     0    49     1    21
  1.4067650991928449E+01 a      1462     0    49     1    22
 -2.1142547656572077E+01 a      1463     0    49     1    23
  1.6141363118670917E+01 a      1464     0    49     1    24
 -5.3430387831612505E+00 a      1465     0    49     1    25
  5.8907472783121380E+00 a      1466     0    49     1    26
  1.3431238746297769E+01 a      1467     0    49     1    27
 -2.6063235300250273E+01 a      1468     0    49     1    28
  9.7776463086991896E+00 a      1469     0    49     1    29
  2.5107924892681126E+00 a      1470     0    49     1    30
  1.4903400825523711E+01 a      1471     0    50     1     1
  1.7547823260766670E+01 a      1472     0    50     1     2
 -2.9962485880106149E+00 a      1473     0    50     1     3
 -1.0242752178855840E+01 a      1474     0    50     1     4
  1.3879923207453528E+01 a      1475     0    50     1     5
  2.1719956052324658E+01 a      1476     0    50     1     6
 -1.1356070750270961E+00 a      1477     0    50     1     7
 -1.1749309802298043E+01 a      1478     0    50     1     8
  1.4623864072984528E+01 a      1479     0    50     1     9
  1.2708248411925849E+01 a      1480     0    50     1    10
  2.0312362944464308E+01 a      1481     0    50     1    11
  3.0260457604511878E+01 a      1482     0    50     1    12
  2.2262619361283118E+01 a      1483     0    50     1    13
  1.3120781269495905E+00 a      1484     0    50     1    14
  1.7136240613403185E+01 a      1485     0    50     1    15
  2.7067637631767688E+01 a      1486     0    50     1    16
  3.0001418057712716E+01 a      1487     0    50     1    17
  2.4164994997386582E+01 a      1488     0    50     1    18
  1.3147861982495186E+01 a      1489     0    50     1    19
 -3.0939736110220895E+00 a      1490     0    50     1    20
  1.8575468988695057E+01 a      1491     0    50     1    21
 -2.0621898903025325E+01 a      1492     0    50     1    22
  2.8251271428838798E+01 a      1493     0    50     1    23
  5.7818992658034052E+00 a      1494     0    50     1    24
 -8.2022219133673442E+00 a      1495     0    50     1    25
 -1.8155115277615113E+01 a      1496     0    50     1    26
 -1.5232309494261806E+00 a      1497     0    50     1    27
  3.6467028703600843E+00 a      1498     0    50     1    28
  4.2961361057850755E+00 a      1499     0    50     1    29
  3.6465332516204523E+00 a      1500     0    50     1    30
 -8.6601999214488377E+00 a      1501     0    51     1     1
 -6.1916918993165959E+00 a      1502     0    51     1     2
  7.0230364713595863E+00 a      1503     0    51     1     3
  7.2919763714754016E+00 a      1504     0    51     1     4
 -2.7134609355791152E+01 a      1505     0    51     1     5
 -9.5158860721147960E+00 a      1506     0    51     1     6
 -3.4171972294573876E+00 a      1507     0    51     1     7
  1.5142602271299181E+01 a      1508     0    51     1     8
 -9.7238023478431224E+00 a      1509     0    51     1     9
  2.3884180424762302E+01 a      1510     0    51     1    10
 -2.3092694005424981E+01 a      1511     0    51     1    11
 -3.6750838401592823E+01 a      1512     0    51     1    12
 -2.3358096330649069E+01 a      1513     0    51     1    13
  7.8920535355682588E+00 a      1514     0    51     1    14
 -4.5034478057237102E+01 a      1515     0    51     1    15
 -6.4306148157525715E+00 a      1516     0    51     1    16
  7.2685954162155664E+00 a      1517     0    51     1    17
 -2.4712413552543222E+01 a      1518     0    51     1    18
 -1.5260179913517318E+01 a      1519     0    51     1    19
  2.5450787765775537E+01 a      1520     0    51     1    20
 -4.2405669277297819E-01 a      1521     0    51     1    21
 -1.3030541549602631E+01 a      1522     0    51     1    22
 -1.7832604859778062E+01 a      1523     0    51     1    23
 -1.6190443995090639E+01 a      1524     0    51     1    24
 -5.0021534743585283E-01 a      1525     0    51     1    25
  2.8846305001969618E+01 a      1526     0    51     1    26
 -7.3768713361623064E+00 a      1527     0    51     1    27
 -6.4981823192771211E+00 a      1528     0    51     1    28
  3.0215279681887058E+01 a      1529     0    51     1    29
 -3.7752101354495171E-01 a      1530     0    51     1    30
  2.1163365505703698E+01 a      1531     0    52     1     1
  5.5145693624061538E+00 a      1532     0    52     1     2
 -1.4455676858564573E+01 a      1533     0    52     1     3
  6.4652313121622607E+00 a      1534     0    52     1     4
 -1.0257773366772987E+01 a      1535     0    52     1     5
  6.2190510021114171E+00 a      1536     0    52     1     6
  2.3403042326579978E+01 a      1537     0    52     1     7
 -2.0706633644762342E+00 a      1538     0    52     1     8
 -2.5329800723915272E+00 a      1539     0    52     1     9
 -9.3837265682336017E+00 a      1540     0    52     1    10
  2.6094473718057802E+01 a      1541     0    52     1    11
  4.4707897561126728E+00 a      1542     0    52     1    12
  1.7771018539918519E+01 a      1543     0    52     1    13
 -1.3227392228343810E+01 a      1544     0    52     1    14
  6.2974886846842866E+00 a      1545     0    52     1    15
 -7.6121310954833543E+00 a      1546     0    52     1    16
 -3.0250562520097812E+01 a      1547     0    52     1    17
  4.2435221858270635E+00 a      1548     0    52     1    18
  1.6892370170692072E+01 a      1549     0    52     1    19
 -6.4410186831956739E+00 a      1550     0    52     1    20
  1.6966240453436658E+01 a      1551     0    52     1    21
  3.2399962373923088E+01 a      1552     0    52     1    22
  4.0080360146357556E+01 a      1553     0    52     1    23
  2.9260482710017381E+01 a      1554     0    52     1    24
 -8.3699685541321465E+00 a      1555     0    52     1    25
  2.2212827382128122E+01 a      1556     0    52     1    26
  1.3517675155829195E+01 a      1557     0    52     1    27
  3.0380764809343447E-01 a      1558     0    52     1    28
 -1.0165729795257716E+01 a      1559     0    52     1    29
  3.4987355607451316E+00 a      1560     0    52     1    30
  1.1533203069682592E+01 a      1561     0    53     1     1
  1.4449039091209047E+01 a      1562     0    53     1     2
 -1.0422390376609563E+00 a      1563     0    53     1     3
  4.7686132394855978E+00 a      1564     0    53     1     4
 -2.1541219724465837E+00 a      1565     0    53     1     5
 -1.5123788945456920E+00 a      1566     0    53     1     6
 -1.8291017332008008E-01 a      1567     0    53     1     7
  9.1383318283191191E+00 a      1568     0    53     1     8
  3.2953043258328631E+00 a      1569     0    53     1     9
 -1.0373062655224802E+01 a      1570     0    53     1    10
 -6.9524793390881543E+00 a      1571     0    53     1    11
  9.6303880565184770E+00 a      1572     0    53     1    12
  1.1599459565038531E+01 a      1573     0    53     1    13
 -3.0931274995593618E+00 a      1574     0    53     1    14
 -2.8559911169772376E+00 a      1575     0    53     1    15
 -1.8797868500757176E+01 a      1576     0    53     1    16
 -1.1825266354938826E+01 a      1577     0    53     1    17
 -2.2127729854522631E+01 a      1578     0    53     1    18
  9.2549149508380921E+00 a      1579     0    53     1    19
  9.6072824960911571E+00 a      1580     0    53     1    20
  9.1706074719227804E+00 a      1581     0    53     1    21
 -7.3559438231656848E+00 a      1582     0    53     1    22
 -5.4213833681806349E+00 a      1583     0    53     1    23
 -7.1930056736241568E+00 a      1584     0    53     1    24
 -6.1967536764387878E+00 a      1585     0    53     1    25
  1.0229321889676683E+01 a      1586     0    53     1    26
 -2.5499525446525646E+00 a      1587     0    53     1    27
  5.4348004775191470E+00 a      1588     0    53     1    28
 -9.5705817098947410E-01 a      1589     0    53     1    29
  5.1448849680706994E+00 a      1590     0    53     1    30
 -5.6780210109877585E+00 a      1591     0    54     1     1
  5.0380164687980225E+00 a      1592     0    54     1     2
  3.6436118283261001E+00 a      1593     0    54     1     3
  1.8143150062517777E+00 a      1594     0    54     1     4
  1.0458569628070427E+01 a      1595     0    54     1     5
 -2.9135776577796119E-01 a      1596     0    54     1     6
 -1.1022970455486197E+01 a      1597     0    54     1     7
  7.1141285128893206E-01 a      1598     0    54     1     8
  6.3461442363144238E+00 a      1599     0    54     1     9
  5.6163850878090882E+00 a      1600     0    54     1    10
 -9.2134721190781708E+00 a      1601     0    54     1    11
 -4.9582509480515480E+00 a      1602     0    54     1    12
 -2.0745787307804462E+00 a      1603     0    54     1    13
  8.0131266150410774E+00 a      1604     0    54     1    14
  6.1898739558928009E+00 a      1605     0    54     1    15
  1.1848805903247355E+01 a      1606     0    54     1    16
  2.9824133815092829E+01 a      1607     0    54     1    17
  8.1103970162302996E+00 a      1608     0    54     1    18
 -9.5339659922387785E+00 a      1609     0    54     1    19
  6.3303065885192105E+00 a      1610     0    54     1    20
 -1.1162513710383976E+01 a      1611     0    54     1    21
 -2.1167394852597766E+01 a      1612     0    54     1    22
 -1.2461861663472085E+01 a      1613     0    54     1    23
 -1.0213473999421190E+01 a      1614     0    54     1    24
  5.8288624259500486E+00 a      1615     0    54     1    25
 -9.8061113211675384E+00 a      1616     0    54     1    26
 -1.8588575266430574E+01 a      1617     0    54     1    27
  3.2415890600426480E+00 a      1618     0    54     1    28
  6.1495015112722236E+00 a      1619     0    54     1    29
 -2.8205275820602407E+00 a      1620     0    54     1    30
 -2.5548811232370955E+01 a      1621     0    55     1     1
 -1.0140735655427120E+01 a      1622     0    55     1     2
 -2.6480074230447030E+00 a      1623     0    55     1     3
 -1.2248524503484120E+01 a      1624     0    55     1     4
  2.1502103622219703E+01 a      1625     0    55     1     5
 -1.7372345292608802E+01 a      1626     0    55     1     6
 -2.0729669103265223E+01 a      1627     0    55     1     7
 -6.8809515504965235E+00 a      1628     0    55     1     8
  5.1729469484864019E+00 a      1629     0    55     1     9
 -1.2525604086460477E+01 a      1630     0    55     1    10
 -9.5361468982493953E+00 a      1631     0    55     1    11
  2.4935106221275831E+01 a      1632     0    55     1    12
 -2.8485803340397213E+00 a      1633     0    55     1    13
  4.8288976968895314E+00 a      1634     0    55     1    14
  1.8054864543013966E+01 a      1635     0    55     1    15
  9.4840521765982508E+00 a      1636     0    55     1    16
  2.2270480061065246E+01 a      1637     0    55     1    17
  3.4059479086290096E+01 a      1638     0    55     1    18
 -4.9641816360673829E-01 a      1639     0    55     1    19
 -1.1936695719563104E+01 a      1640     0    55     1    20
 -8.4582735255514212E+00 a      1641     0    55     1    21
 -1.9169447232896452E+01 a      1642     0    55     1    22
 -1.0227122819603213E+01 a      1643     0    55     1    23
 -5.7432782016380504E+00 a      1644     0    55     1    24
 -5.7391351290726433E+00 a      1645     0    55     1    25
 -4.7493391035578817E+01 a      1646     0    55     1    26
 -5.4906350038593681E+00 a      1647     0    55     1    27
 -8.0797502588883141E+00 a      1648     0    55     1    28
 -2.7073385953007115E+01 a      1649     0    55     1    29
 -1.1985582016959560E+01 a      1650     0    55     1    30
 -1.8826682536345821E+01 a      1651     0    56     1     1
 -1.5943821673132774E+01 a      1652     0    56     1     2
  7.1072795457366631E+00 a      1653     0    56     1     3
 -3.2190731126581986E+00 a      1654     0    56     1     4
 -5.5144977448377590E+00 a      1655     0    56     1     5
 -1.1586536307815276E+00 a      1656     0    56     1     6
 -5.0809545836827610E+00 a      1657     0    56     1     7
 -1.7295972663023327E+00 a      1658     0    56     1     8
 -1.0500032587981957E+01 a      1659     0    56     1     9
  2.4670042525687233E+01 a      1660     0    56     1    10
  1.3620002020890773E+01 a      1661     0    56     1    11
 -7.4677740800683514E+00 a      1662     0    56     1    12
 -1.2973452992721546E+01 a      1663     0    56     1    13
  9.9735644020381020E-01 a      1664     0    56     1    14
  2.8383019498864215E-01 a      1665     0    56     1    15
  1.0472019599470169E+01 a      1666     0    56     1    16
  3.1275674752286449E+00 a      1667     0    56     1    17
  1.8224059575905425E+01 a      1668     0    56     1    18
 -1.7964407054374171E+01 a      1669     0    56     1    19
 -1.1605075327210161E+01 a      1670     0    56     1    20
 -1.6418830548700893E+01 a      1671     0    56     1    21
 -5.3655457773060409E+00 a      1672     0    56     1    22
  2.1053382950868942E+00 a      1673     0    56     1    23
  1.5929663755628168E-01 a      1674     0    56     1    24
  1.8574482326838805E+01 a      1675     0    56     1    25
 -4.0907898419730770E+00 a      1676     0    56     1    26
 -9.1434828369356520E+00 a      1677     0    56     1    27
 -6.3842060983013740E+00 a      1678     0    56     1    28
 -1.0600888086812204E+00 a      1679     0    56     1    29
 -9.4759087300118541E+00 a      1680     0    56     1    30
 -1.0289847351071901E+00 a      1681     0    57     1     1
  2.0189724342596405E+00 a      1682     0    57     1     2
 -1.0928678736423375E+01 a      1683     0    57     1     3
 -1.1293647929274837E+00 a      1684     0    57     1     4
 -2.4918690426622256E+01 a      1685     0    57     1     5
 -3.7158804247022279E+00 a      1686     0    57     1     6
  3.0558197387946112E+01 a      1687     0    57     1     7
 -6.4472013617806185E+00 a      1688     0    57     1     8
  2.3778130357395312E+01 a      1689     0    57     1     9
  5.5126574451297925E+00 a      1690     0    57     1    10
  8.6322916573509989E+00 a      1691     0    57     1    11
 -7.7156797429927808E+00 a      1692     0    57     1    12
 -2.3573165713007210E+01 a      1693     0    57     1    13
 -1.9201249783514122E+01 a      1694     0    57     1    14
  2.2857512531058486E+01 a      1695     0    57     1    15
 -8.8234272357533925E+00 a      1696     0    57     1    16
 -3.4982574380726213E+01 a      1697     0    57     1    17
 -6.0815068936143026E+00 a      1698     0    57     1    18
  4.2237626104254156E-01 a      1699     0    57     1    19
 -1.4510415653451439E+01 a      1700     0    57     1    20
 -1.0588107030489745E+01 a      1701     0    57     1    21
  4.5449346364293305E+01 a      1702     0    57     1    22
 -1.9912788076635657E+01 a      1703     0    57     1    23
  3.4408243807500916E+01 a      1704     0    57     1    24
  1.3754343027227378E+01 a      1705     0    57     1    25
 -1.6860083862692370E+01 a      1706     0    57     1    26
  2.5458722409817359E+01 a      1707     0    57     1    27
 -5.6611340807312436E+00 a      1708     0    57     1    28
 -7.5871834348212275E+00 a      1709     0    57     1    29
 -4.1020907815959751E-01 a      1710     0    57     1    30
  2.3021506126387372E+01 a      1711     0    58     1     1
  5.8621158703082026E+00 a      1712     0    58     1     2
  6.2162603103447118E+00 a      1713     0    58     1     3
 -1.1664608026290859E+01 a      1714     0    58     1     4
 -8.9649998735941807E+00 a      1715     0    58     1     5
  7.4464060274080230E+00 a      1716     0    58     1     6
  6.7577123966896115E+00 a      1717     0    58     1     7
 -1.0413523568425740E+00 a      1718     0    58     1     8
 -1.4213473519680875E+01 a      1719     0    58     1     9
 -1.1671070858195940E+00 a      1720     0    58     1    10
 -4.1243816877375628E-01 a      1721     0    58     1    11
  3.0337910040897578E+00 a      1722     0    58     1    12
 -7.8836111069460051E+00 a      1723     0    58     1    13
  6.8956205639459300E+00 a      1724     0    58     1    14
 -6.7489379670794696E+00 a      1725     0    58     1    15
 -2.2135238174596363E+01 a      1726     0    58     1    16
 -2.6603746703247900E+01 a      1727     0    58     1    17
 -4.3752527907170993E+01 a      1728     0    58     1    18
  8.5199651187650769E+00 a      1729     0    58     1    19
 -2.2070826595117663E+00 a      1730     0    58     1    20
  8.0306235778475479E+00 a      1731     0    58     1    21
  2.4147037045329025E+01 a      1732     0    58     1    22
 -9.7723691121805452E+00 a      1733     0    58     1    23
 -8.6026846846215221E+00 a      1734     0    58     1    24
  9.6987895894780820E+00 a      1735     0    58     1    25
  7.0139712222694506E+00 a      1736     0    58     1    26
  1.6056639474161823E+01 a      1737     0    58     1    27
  4.3464558498649997E-01 a      1738     0    58     1    28
  1.0242432949825366E+01 a      1739     0    58     1    29
  6.5016889671712370E+00 a      1740     0    58     1    30
  2.1190915421967553E+01 a      1741     0    59     1     1
 -2.8686257944341214E+01 a      1742     0    59     1     2
  2.7923059615280273E+01 a      1743     0    59     1     3
 -8.4678153092867792E+00 a      1744     0    59     1     4
  1.4387020485234263E+00 a      1745     0    59     1     5
  6.4557190231700901E+00 a      1746     0    59     1     6
 -2.9123695734843402E+01 a      1747     0    59     1     7
  1.7014415380729520E+01 a      1748     0    59     1     8
 -2.1382865812401384E+01 a      1749     0    59     1     9
  1.5205142891520589E+01 a      1750     0    59     1    10
  8.4774005881712338E+00 a      1751     0    59     1    11
  3.9963192503244680E+00 a      1752     0    59     1    12
 -1.1181876732454162E+01 a      1753     0    59     1    13
 -2.5814773026384286E-01 a      1754     0    59     1    14
 -1.6928822214352376E+01 a      1755     0    59     1    15
  2.0481406274541470E+01 a      1756     0    59     1    16
  3.2593263588900849E+00 a      1757     0    59     1    17
 -2.7881580253404785E+01 a      1758     0    59     1    18
 -2.5172285981755586E+01 a      1759     0    59     1    19
 -2.8725065419228436E+01 a      1760     0    59     1    20
  6.9860227660925078E+00 a      1761     0    59     1    21
 -9.1527968102070623E-01 a      1762     0    59     1    22
 -9.4089144351683558E+00 a      1763     0    59     1    23
  9.4474156238957985E+00 a      1764     0    59     1    24
  3.7766753282029732E+01 a      1765     0    59     1    25
 -7.9794502714432962E+00 a      1766     0    59     1    26
  3.1593313569811269E+01 a      1767     0    59     1    27
 -1.1177785841440125E+01 a      1768     0    59     1    28
 -5.6587992059891832E+00 a      1769     0    59     1    29
 -1.6470944004680592E+00 a      1770     0    59     1    30
  1.0183373447615159E+01 a      1771     0    60     1     1
 -3.6136624040211602E+00 a      1772     0    60     1     2
  1.1284580231439415E+01 a      1773     0    60     1     3
  1.8384404652333259E+01 a      1774     0    60     1     4
  1.3623386398549324E+00 a      1775     0    60     1     5
  5.9939931636388559E+00 a      1776     0    60     1     6
  1.6844443229534257E+01 a      1777     0    60     1     7
 -9.0375046834955377E+00 a      1778     0    60     1     8
  1.4083376508948943E+01 a      1779     0    60     1     9
 -4.2061125753088007E+00 a      1780     0    60     1    10
  1.4411725181350644E+01 a      1781     0    60     1    11
  6.4138591846945996E+00 a      1782     0    60     1    12
 -6.9917817519095715E+00 a      1783     0    60     1    13
 -1.9456424416128463E+01 a      1784     0    60     1    14
  2.9652155893094507E+00 a      1785     0    60     1    15
  2.4802705243432897E+01 a      1786     0    60     1    16
 -7.4380594479692661E+00 a      1787     0    60     1    17
 -1.4811475893588598E+01 a      1788     0    60     1    18
 -2.5868540332194254E+01 a      1789     0    60     1    19
  7.0633060019825527E+00 a      1790     0    60     1    20
  6.2062864786576837E+00 a      1791     0    60     1    21
  8.8092539383870729E+00 a      1792     0    60     1    22
 -7.1468261580819537E+00 a      1793     0    60     1    23
  4.3031085746555089E+00 a      1794     0    60     1    24
  1.2354429098345806E+01 a      1795     0    60     1    25
  1.0322484719429466E+00 a      1796     0    60     1    26
  3.6556626208198673E-01 a      1797     0    60     1    27
  1.0216446585831154E+01 a      1798     0    60     1    28
 -1.8786446682735185E+01 a      1799     0    60     1    29
 -7.3975365929906438E+00 a      1800     0    60     1    30
 -2.0519361327827614E+01 a      1801     0    61     1     1
  2.8670264370190132E+01 a      1802     0    61     1     2
  2.5524429438335389E+01 a      1803     0    61     1     3
 -2.6161917429178003E+00 a      1804     0    61     1     4
 -1.2611801454102785E+01 a      1805     0    61     1     5
  1.5798821712185436E+01 a      1806     0    61     1     6
  1.9528239832754590E+01 a      1807     0    61     1     7
 -1.5844311160110987E+01 a      1808     0    61     1     8
  1.0024999332592582E+01 a      1809     0    61     1     9
  2.6659684879303938E+01 a      1810     0    61     1    10
  2.2804073876116867E+01 a      1811     0    61     1    11
  2.4465642623927639E+01 a      1812     0    61     1    12
  3.4216819775191667E+01 a      1813     0    61     1    13
 -2.6832137778761802E+00 a      1814     0    61     1    14
  1.1421650513161993E+01 a      1815     0    61     1    15
  2.3083938477065352E+01 a      1816     0    61     1    16
  4.2342613034000971E+00 a      1817     0    61     1    17
  2.9721629623780217E+01 a      1818     0    61     1    18
 -1.2156300367556184E+01 a      1819     0    61     1    19
  1.0006127761302386E+01 a      1820     0    61     1    20
  3.5428374272009329E+00 a      1821     0    61     1    21
 -6.9891406650016508E-01 a      1822     0    61     1    22
  2.1719703446396405E+01 a      1823     0    61     1    23
  8.7092935475031226E+00 a      1824     0    61     1    24
  1.9387377759422716E+01 a      1825     0    61     1    25
  1.0383048694660385E+01 a      1826     0    61     1    26
 -5.9596995690759513E-01 a      1827     0    61     1    27
 -2.1091074560475036E+00 a      1828     0    61     1    28
 -1.1334962318269795E+01 a      1829     0    61     1    29
  2.6313299354729878E+01 a      1830     0    61     1    30
 -1.5780831764177670E+01 a      1831     0    62     1     1
  3.5858290255421026E+00 a      1832     0    62     1     2
 -2.4426264334638837E+01 a      1833     0    62     1     3
  3.5605347183878138E+00 a      1834     0    62     1     4
  3.3304243323688327E+00 a      1835     0    62     1     5
 -1.5057797944525877E+01 a      1836     0    62     1     6
  6.7287898054306394E+00 a      1837     0    62     1     7
  1.6852772742620427E+01 a      1838     0    62     1     8
 -1.0134303911501316E+01 a      1839     0    62     1     9
 -4.4323394268079461E+00 a      1840     0    62     1    10
  8.2417709824420378E+00 a      1841     0    62     1    11
 -1.8282652662479769E+01 a      1842     0    62     1    12
 -4.6499611684691731E+00 a      1843     0    62     1    13
  1.5782011937170152E+01 a      1844     0    62     1    14
  1.5147654989295782E+01 a      1845     0    62     1    15
 -1.6158491342809274E+01 a      1846     0    62     1    16
  1.5011280935825553E+01 a      1847     0    62     1    17
 -6.5232847179496494E+00 a      1848     0    62     1    18
  8.4801733267840831E+00 a      1849     0    62     1    19
  8.5844761294000427E-01 a      1850     0    62     1    20
 -1.2305546756114509E+01 a      1851     0    62     1    21
  7.4348378703049818E+00 a      1852     0    62     1    22
 -2.1448560069622196E+00 a      1853     0    62     1    23
 -1.0670782182713356E+00 a      1854     0    62     1    24
 -1.0427406229116036E+01 a      1855     0    62     1    25
  1.8149270029830600E+00 a      1856     0    62     1    26
 -1.1250023923552414E+01 a      1857     0    62     1    27
  1.9723189528985557E+01 a      1858     0    62     1    28
  9.6975352244477886E+00 a      1859     0    62     1    29
  1.4598241788360347E+01 a      1860     0    62     1    30
  1.2578916671537106E+01 a      1861     0    63     1     1
 -1.8236917586402686E+01 a      1862     0    63     1     2
  7.2359051929596720E+00 a      1863     0    63     1     3
 -5.8491633078239360E+00 a      1864     0    63     1     4
 -1.6039783557489597E+00 a      1865     0    63     1     5
  7.6665704117589435E+00 a      1866     0    63     1     6
 -2.9625956509872207E+01 a      1867     0    63     1     7
 -9.0829634313364451E+00 a      1868     0    63     1     8
 -7.3332971615324096E+00 a      1869     0    63     1     9
 -1.1831455799158126E+00 a      1870     0    63     1    10
 -1.8785730543368349E+01 a      1871     0    63     1    11
  3.2109116340488555E+00 a      1872     0    63     1    12
  1.2205959757376380E+01 a      1873     0    63     1    13
  1.2361917326658303E+00 a      1874     0    63     1    14
 -1.1080183993713932E+01 a      1875     0    63     1    15
 -1.2251362371576578E+01 a      1876     0    63     1    16
  5.5461478757137552E+00 a      1877     0    63     1    17
  5.4979617822910596E+00 a      1878     0    63     1    18
  6.5300001458649746E+00 a      1879     0    63     1    19
 -6.6152161290929765E+00 a      1880     0    63     1    20
  2.6477660838092851E+00 a      1881     0    63     1    21
 -2.1417060625176234E+01 a      1882     0    63     1    22
 -7.9725936285718317E+00 a      1883     0    63     1    23
 -1.5027680093968812E+00 a      1884     0    63     1    24
 -8.4784155983817069E+00 a      1885     0    63     1    25
 -1.5929897180161183E+00 a      1886     0    63     1    26
  7.0487598419006128E+00 a      1887     0    63     1    27
 -2.1799592206546176E+01 a      1888     0    63     1    28
  6.1069629958767777E+00 a      1889     0    63     1    29
 -9.2192544004938135E+00 a      1890     0    63     1    30
  4.9015797138975117E+00 a      1891     0    64     1     1
  1.2319488698881660E+01 a      1892     0    64     1     2
  1.1980741867038986E+01 a      1893     0    64     1     3
 -5.3000425353867522E+00 a      1894     0    64     1     4
  1.2085854513669816E+00 a      1895     0    64     1     5
  6.3834178296126849E+00 a      1896     0    64     1     6
 -8.6598893971112023E+00 a      1897     0    64     1     7
 -3.2375517330761152E+00 a      1898     0    64     1     8
 -3.7572571825172552E-01 a      1899     0    64     1     9
 -1.5141818509779643E+00 a      1900     0    64     1    10
  2.2508665550512555E-01 a      1901     0    64     1    11
  5.9667977280319251E+00 a      1902     0    64     1    12
  2.2461523338487770E+00 a      1903     0    64     1    13
  2.9368519857752933E+00 a      1904     0    64     1    14
 -4.0227371797923315E+00 a      1905     0    64     1    15
 -8.9314854832624102E-01 a      1906     0    64     1    16
  1.9388609140789093E+00 a      1907     0    64     1    17
  5.0875382697166840E+00 a      1908     0    64     1    18
 -8.6765055233021844E+00 a      1909     0    64     1    19
 -8.0876190244424979E+00 a      1910     0    64     1    20
  7.3171397843258101E-01 a      1911     0    64     1    21
  8.7333113041993116E+00 a      1912     0    64     1    22
  7.3488979171957491E-01 a      1913     0    64     1    23
  4.5981914236921018E+00 a      1914     0    64     1    24
  1.2635020016202086E+01 a      1915     0    64     1    25
  7.5642357758839402E+00 a      1916     0    64     1    26
  6.6156484745162603E+00 a      1917     0    64     1    27
  1.9486927157511091E+00 a      1918     0    64     1    28
 -6.9418454523623021E+00 a      1919     0    64     1    29
  1.4150121476365621E+01 a      1920     0    64     1    30
 -5.5142690237862011E+00 b      1921     1     1
 -3.6277717906929068E+00 b      1922     1     2
 -3.5726799741511508E+00 b      1923     1     3
 -1.8618815735652718E+00 b      1924     1     4
 -4.7732178306769857E+00 b      1925     1     5
 -1.7820677003961776E+00 b      1926     1     6
 -8.3558054487542122E-01 b      1927     1     7
  9.5937262355109265E-01 b      1928     1     8
 -2.8051580105890110E+00 b      1929     1     9
 -1.0565943936462934E+00 b      1930     1    10
  3.3500892069604188E-01 b      1931     1    11
  2.2321034814089358E+00 b      1932     1    12
 -1.2831582447479575E+00 b      1933     1    13
  1.6073039419529971E+00 b      1934     1    14
 -7.8832752401787803E-02 b      1935     1    15
  7.9339521836839955E-02 b      1936     1    16
 -1.4385018309568955E+00 b      1937     1    17
 -4.2971874380132871E+00 b      1938     1    18
  8.9905740737804218E-01 b      1939     1    19
  8.0613151634024616E-01 b      1940     1    20
 -1.8317904287017199E+00 b      1941     1    21
  1.4005259961827090E+00 b      1942     1    22
  3.0586353088710352E+00 b      1943     1    23
 -2.7618414919928238E+00 b      1944     1    24
  7.5807296367624888E-01 b      1945     1    25
 -2.9346321195655638E+00 b      1946     1    26
 -1.5609213131050386E+00 b      1947     1    27
 -6.3633884309744515E-01 b      1948     1    28
 -5.7124285474283099E-01 b      1949     1    29
  4.2423872065933826E-01 b      1950     1    30
  3.9054774660723877E+00 a      1951     1     1     2     1
  8.7577778609891399E-01 a      1952     1     1     2     2
 -3.1378340924719441E+00 a      1953     1     1     2     3
  1.6052896577730791E+00 a      1954     1     1     2     4
 -2.4881186822398043E+00 a      1955     1     1     2     5
  3.7517713952282580E-02 a      1956     1     1     2     6
 -8.7783646658694925E-01 a      1957     1     1     2     7
 -2.6275088874097402E-01 a      1958     1     1     2     8
 -8.8502152096703945E-01 a      1959     1     1     2     9
  6.8748603706258815E-01 a      1960     1     1     2    10
  2.9899047752212576E-01 a      1961     1     1     2    11
  1.3360901811539594E+00 a      1962     1     1     2    12
 -2.1273394340542229E+00 a      1963     1     1     2    13
 -7.7342934569338551E-01 a      1964     1     1     2    14
 -1.7754956247826039E+00 a      1965     1     1     2    15
 -3.5431459734750992E+00 a      1966     1     1     2    16
  2.0032721725165672E+00 a      1967     1     1     2    17
 -1.9491102080554523E+00 a      1968     1     1     2    18
 -1.1902868944871443E+00 a      1969     1     1     2    19
  1.6984223114174766E+00 a      1970     1     1     2    20
  1.7915746438906801E+00 a      1971     1     1     2    21
 -9.3322024511546020E-01 a      1972     1     1     2    22
  9.0994588466555648E-01 a      1973     1     1     2    23
 -2.1632710915729523E+00 a      1974     1     1     2    24
  5.7943659664466141E-01 a      1975     1     1     2    25
 -1.3224832141095595E+00 a      1976     1     1     2    26
 -7.7811804782635011E-02 a      1977     1     1     2    27
 -1.0964500482069297E+00 a      1978     1     1     2    28
 -3.9434032744295217E-01 a      1979     1     1     2    29
  1.5849769045709241E+00 a      1980     1     1     2    30
 -4.0630739097540012E+00 a      1981     1     2     2     1
 -1.4205628908345773E+00 a      1982     1     2     2     2
 -1.2452929696270414E+00 a      1983     1     2     2     3
 -9.2566513024399555E-01 a      1984     1     2     2     4
  3.1475412553339792E+00 a      1985     1     2     2     5
  3.2749825798157156E-01 a      1986     1     2     2     6
  2.0945334614861548E+00 a      1987     1     2     2     7
  6.9534176694419259E-01 a      1988     1     2     2     8
 -2.0543101225060960E+00 a      1989     1     2     2     9
  6.8759868576350225E-01 a      1990     1     2     2    10
  1.8434900787768256E+00 a      1991     1     2     2    11
 -3.6806407696142944E+00 a      1992     1     2     2    12
  7.6984135531149789E-01 a      1993     1     2     2    13
  1.3276874748745202E+00 a      1994     1     2     2    14
  5.3701986022242432E+00 a      1995     1     2     2    15
  1.8354661565428980E+00 a      1996     1     2     2    16
 -2.9325449431884132E-01 a      1997     1     2     2    17
  2.0568045738332632E+00 a      1998     1     2     2    18
  2.0037189519633087E+00 a      1999     1     2     2    19
 -4.7617413941393918E-02 a      2000     1     2     2    20
 -2.1758256578850830E+00 a      2001     1     2     2    21
 -1.5746535394665109E+00 a      2002     1     2     2    22
  1.8586926720080412E+00 a      2003     1     2     2    23
 -7.1520441031697890E-01 a      2004     1     2     2    24
  1.5688876723733427E+00 a      2005     1     2     2    25
 -9.2940385212623461E-02 a      2006     1     2     2    26
  1.0994260828762457E+00 a      2007     1     2     2    27
  5.1538172205689003E-01 a      2008     1     2     2    28
 -4.1770943671320926E-01 a      2009     1     2     2    29
 -9.1641316118458016E-01 a      2010     1     2     2    30
 -3.3559772165750283E+00 a      2011     1     3     2     1
 -9.5356488826408137E-01 a      2012     1     3     2     2
 -3.6137336301067280E-01 a      2013     1     3     2     3
  2.4347198140200588E+00 a      2014     1     3     2     4
 -2.1911466706710501E+00 a      2015     1     3     2     5
  3.3815456393697707E-01 a      2016     1     3     2     6
 -8.4188043841136151E-01 a      2017     1     3     2     7
 -5.9323861588571236E-01 a      2018     1     3     2     8
  1.3612929259252975E+00 a      2019     1     3     2     9
  9.0680571411955957E-01 a      2020     1     3     2    10
  4.8448330668352426E+00 a      2021     1     3     2    11
 -6.2864870933302308E-01 a      2022     1     3     2    12
 -1.2349303990966887E+00 a      2023     1     3     2    13
 -3.3088191234967912E+00 a      2024     1     3     2    14
 -4.2168015452816627E+00 a      2025     1     3     2    15
 -5.3961922611106761E-01 a      2026     1     3     2    16
 -1.0299846179999630E+00 a      2027     1     3     2    17
  1.3458354074730914E+00 a      2028     1     3     2    18
 -4.6477934109072738E-01 a      2029     1     3     2    19
  1.2175783658171782E+00 a      2030     1     3     2    20
 -2.0143246657808684E+00 a      2031     1     3     2    21
 -4.5635342800419275E-02 a      2032     1     3     2    22
 -4.3100490144596110E-01 a      2033     1     3     2    23
 -3.5879948111778348E-01 a      2034     1     3     2    24
 -7.6095029568714001E-01 a      2035     1     3     2    25
 -7.8760815130548911E-01 a      2036     1     3     2    26
  6.7075548412560540E-02 a      2037     1     3     2    27
 -1.4211203946012778E+00 a      2038     1     3     2    28
 -1.5374589394191018E+00 a      2039     1     3     2    29
 -8.5177144318996822E-01 a      2040     1     3     2    30
 -3.5871854415028209E-01 a      2041     1     4     2     1
  1.7274999986748147E+00 a      2042     1     4     2     2
 -1.1557518702230996E+00 a      2043     1     4     2     3
 -2.4476495514461747E+00 a      2044     1     4     2     4
  1.5004965976236886E-01 a      2045     1     4     2     5
 -1.1285119814053459E+00 a      2046     1     4     2     6
  8.5262528608605925E-01 a      2047     1     4     2     7
 -7.0161963981872721E-01 a      2048     1     4     2     8
  3.8801415212888477E+00 a      2049     1     4     2     9
  2.5056019031977002E+00 a      2050     1     4     2    10
 -5.1847886060293060E+00 a      2051     1     4     2    11
  3.5781882381124670E+00 a      2052     1     4     2    12
  1.9049021545441036E+00 a      2053     1     4     2    13
  2.0101281141355236E+00 a      2054     1     4     2    14
  6.8960434245278801E-01 a      2055     1     4     2    15
 -1.3599221561341517E+00 a      2056     1     4     2    16
  3.4061033502850169E-01 a      2057     1     4     2    17
  6.7448078159095970E-01 a      2058     1     4     2    18
  7.7925985359747618E-01 a      2059     1     4     2    19
 -1.8171338193907755E-01 a      2060     1     4     2    20
 -1.7683521229806420E+00 a      2061     1     4     2    21
  2.6065697980863600E-01 a      2062     1     4     2    22
  1.4568322515742704E+00 a      2063     1     4     2    23
 -1.7564670354158129E+00 a      2064     1     4     2    24
 -6.0738307018681570E-01 a      2065     1     4     2    25
 -8.6681244292197523E-01 a      2066     1     4     2    26
 -1.5244816781345427E+00 a      2067     1     4     2    27
  2.4464282294222361E-01 a      2068     1     4     2    28
 -1.4187829755131258E+00 a      2069     1     4     2    29
  1.6655352306345668E+00 a      2070     1     4     2    30
  1.9215453996615197E+00 a      2071     1     5     2     1
  2.1705704576189073E+00 a      2072     1     5     2     2
 -1.1443495616152908E+00 a      2073     1     5     2     3
  2.3362291655907252E-01 a      2074     1     5     2     4
 -1.2615015032547949E+00 a      2075     1     5     2     5
 -1.8460774810461705E-01 a      2076     1     5     2     6
  6.5687226130906295E-01 a      2077     1     5     2     7
  1.4416932152198669E+00 a      2078     1     5     2     8
  1.5784388826584155E+00 a      2079     1     5     2     9
 -2.4425173024515984E-01 a      2080     1     5     2    10
 -3.1124610451125068E-01 a      2081     1     5     2    11
  2.4723114455180606E+00 a      2082     1     5     2    12
 -1.6693353950494780E+00 a      2083     1     5     2    13
  1.1292346357788878E+00 a      2084     1     5     2    14
  7.9535975299430162E-01 a      2085     1     5     2    15
  3.7549314714442277E+00 a      2086     1     5     2    16
 -7.5168621911283040E-01 a      2087     1     5     2    17
  4.7589346877879746E-01 a      2088     1     5     2    18
 -1.4128427026068188E-01 a      2089     1     5     2    19
 -4.3279465234596426E-01 a      2090     1     5     2    20
  6.4437490555870502E-01 a      2091     1     5     2    21
 -1.1515726411960963E+00 a      2092     1     5     2    22
  2.4650046175050839E+00 a      2093     1     5     2    23
 -2.3328002502171552E+00 a      2094     1     5     2    24
 -3.3558404144814902E+00 a      2095     1     5     2    25
 -5.5286731013564228E-01 a      2096     1     5     2    26
 -1.5772850306269859E+00 a      2097     1     5     2    27
  2.1660257082365145E-01 a      2098     1     5     2    28
  3.5526880426589280E-01 a      2099     1     5     2    29
  2.0972314707881239E+00 a      2100     1     5     2    30
  1.3505255364149943E-01 a      2101     1     6     2     1
  5.0927640683148356E-01 a      2102     1     6     2     2
 -3.0248751154086567E-01 a      2103     1     6     2     3
  9.9682219752173673E-01 a      2104     1     6     2     4
  1.8119537402589854E+00 a      2105     1     6     2     5
 -1.2456865645566948E+00 a      2106     1     6     2     6
 -7.6286862355411700E-01 a      2107     1     6     2     7
  1.0455517480634602E+00 a      2108     1     6     2     8
  4.1529575379646699E-01 a      2109     1     6     2     9
 -1.0748877646666390E+00 a      2110     1     6     2    10
 -2.9645258237754724E+00 a      2111     1     6     2    11
 -1.9768422031202286E+00 a      2112     1     6     2    12
  2.9415590324825891E-01 a      2113     1     6     2    13
 -1.0926511830811390E+00 a      2114     1     6     2    14
  2.8010075340228666E+00 a      2115     1     6     2    15
  1.6012840339602852E-01 a      2116     1     6     2    16
 -1.6838930367900560E+00 a      2117     1     6     2    17
 -6.8011346057996691E-02 a      2118     1     6     2    18
  4.6498846331218274E-01 a      2119     1     6     2    19
 -9.0825645027774204E-01 a      2120     1     6     2    20
 -1.1937243713678580E+00 a      2121     1     6     2    21
 -1.7254483667304938E+00 a      2122     1     6     2    22
 -3.9955966824115113E-01 a      2123     1     6     2    23
  1.7796853664898091E+00 a      2124     1     6     2    24
  4.6745931603550728E-01 a      2125     1     6     2    25
  1.5358841579589211E+00 a      2126     1     6     2    26
 -4.1092895267394853E+00 a      2127     1     6     2    27
 -1.1188440197302860E+00 a      2128     1     6     2    28
  1.5790986849989714E+00 a      2129     1     6     2    29
 -1.4780003203578314E+00 a      2130     1     6     2    30
 -1.5291067726790004E+00 a      2131     1     7     2     1
 -2.8774144431371789E+00 a      2132     1     7     2     2
  5.7917910142962925E-01 a      2133     1     7     2     3
  5.2913476274970628E-01 a      2134     1     7     2     4
 -3.1481044908558236E+00 a      2135     1     7     2     5
  1.1741358049395847E+00 a      2136     1     7     2     6
  5.5325657490974045E-01 a      2137     1     7     2     7
 -5.3484509687077364E-01 a      2138     1     7     2     8
 -9.0385709254874724E-01 a      2139     1     7     2     9
  3.4959112528618363E+00 a      2140     1     7     2    10
  2.0703570881669910E+00 a      2141     1     7     2    11
 -2.3847339134378203E+00 a      2142     1     7     2    12
 -7.2406693479771187E+00 a      2143     1     7     2    13
  6.8760487459864494E-01 a      2144     1     7     2    14
 -2.7978406054360905E+00 a      2145     1     7     2    15
 -7.1764734875880165E-01 a      2146     1     7     2    16
  1.3901185198815795E+00 a      2147     1     7     2    17
  9.1534707121027248E-01 a      2148     1     7     2    18
 -1.3457048141653485E+00 a      2149     1     7     2    19
 -1.0549536468865184E+00 a      2150     1     7     2    20
  4.2787592463386742E-01 a      2151     1     7     2    21
  4.7113777178511658E+00 a      2152     1     7     2    22
 -2.0101000967592393E+00 a      2153     1     7     2    23
 -6.8406112981630729E-01 a      2154     1     7     2    24
 -2.7696837036238753E+00 a      2155     1     7     2    25
 -2.1494032378907351E+00 a      2156     1     7     2    26
  1.0000389903594995E+00 a      2157     1     7     2    27
  1.8386591772971628E-01 a      2158     1     7     2    28
 -6.4287477318050767E-01 a      2159     1     7     2    29
  7.5212077025511881E-01 a      2160     1     7     2    30
 -1.7346233858591778E-01 a      2161     1     8     2     1
  8.6091685965693027E-02 a      2162     1     8     2     2
 -4.0240422762725707E+00 a      2163     1     8     2     3
  4.0216430795984476E-01 a      2164     1     8     2     4
 -1.6348944944498698E+00 a      2165     1     8     2     5
 -2.1398809417244818E-01 a      2166     1     8     2     6
 -5.8229863049112551E-01 a      2167     1     8     2     7
 -1.2423691589614800E+00 a      2168     1     8     2     8
 -2.5420265164230121E-01 a      2169     1     8     2     9
  1.5362858923882061E+00 a      2170     1     8     2    10
 -1.3029552519266914E+00 a      2171     1     8     2    11
  3.1249574777671216E+00 a      2172     1     8     2    12
 -1.0261032116812842E-01 a      2173     1     8     2    13
 -1.9365981207803945E-02 a      2174     1     8     2    14
 -2.7273975990920007E+00 a      2175     1     8     2    15
 -3.8909778960319374E-01 a      2176     1     8     2    16
  1.3562134746772843E+00 a      2177     1     8     2    17
 -1.1422941859890490E+00 a      2178     1     8     2    18
 -1.8220237444562213E+00 a      2179     1     8     2    19
  9.0814919153349072E-01 a      2180     1     8     2    20
  1.3745025565963191E+00 a      2181     1     8     2    21
 -6.2259222911158496E-01 a      2182     1     8     2    22
  1.1027234173789600E+00 a      2183     1     8     2    23
 -2.2673155366669238E+00 a      2184     1     8     2    24
 -1.8537096752267941E+00 a      2185     1     8     2    25
 -1.2311193835659624E+00 a      2186     1     8     2    26
 -1.5037511054646595E+00 a      2187     1     8     2    27
 -4.4900244065928789E-02 a      2188     1     8     2    28
 -2.7896104877334600E+00 a      2189     1     8     2    29
  9.4055011723627602E-01 a      2190     1     8     2    30
  1.0327707059532525E+00 a      2191     1     9     2     1
 -1.6420022378820265E+00 a      2192     1     9     2     2
  2.3537283283644408E+00 a      2193     1     9     2     3
 -2.3922240728448165E+00 a      2194     1     9     2     4
  3.7043659762525492E+00 a      2195     1     9     2     5
 -5.4158195917312957E-01 a      2196     1     9     2     6
 -2.4631313058870377E+00 a      2197     1     9     2     7
  1.2527094662778615E+00 a      2198     1     9     2     8
 -3.9937743920659761E-02 a      2199     1     9     2     9
  2.2017701066333153E+00 a      2200     1     9     2    10
  5.6518370828665567E+00 a      2201     1     9     2    11
 -4.3131512336731568E+00 a      2202     1     9     2    12
  4.3706520748340330E+00 a      2203     1     9     2    13
 -2.4879686208458360E+00 a      2204     1     9     2    14
 -1.3238188035195558E-01 a      2205     1     9     2    15
 -6.7005143545459156E-01 a      2206     1     9     2    16
  3.5908614943414052E-01 a      2207     1     9     2    17
  1.4592715666702987E+00 a      2208     1     9     2    18
  1.9586081488026643E+00 a      2209     1     9     2    19
 -3.4305500716251042E-01 a      2210     1     9     2    20
 -6.5573631762705487E-01 a      2211     1     9     2    21
  1.0303141978058084E+00 a      2212     1     9     2    22
 -8.9157651333436516E-01 a      2213     1     9     2    23
  4.8670921631660667E-02 a      2214     1     9     2    24
  2.3015298154983779E-01 a      2215     1     9     2    25
  3.3768437823002290E-01 a      2216     1     9     2    26
 -5.9613677209801148E+00 a      2217     1     9     2    27
 -5.9180351108055329E-01 a      2218     1     9     2    28
  4.5307648500297348E-01 a      2219     1     9     2    29
  1.7065987040195800E+00 a      2220     1     9     2    30
  8.8758848382811351E-01 a      2221     1    10     2     1
  1.4476681717806401E+00 a      2222     1    10     2     2
  1.0470882096113385E+00 a      2223     1    10     2     3
  2.0389579532105859E+00 a      2224     1    10     2     4
  3.7681593623775006E-01 a      2225     1    10     2     5
 -7.8281720689209922E-01 a      2226     1    10     2     6
 -3.2614408229564846E+00 a      2227     1    10     2     7
  1.9406339475944850E-01 a      2228     1    10     2     8
 -9.9413244871765860E-01 a      2229     1    10     2     9
 -2.9199916438484306E+00 a      2230     1    10     2    10
 -6.6290659390929711E+00 a      2231     1    10     2    11
 -4.6128839613322947E+00 a      2232     1    10     2    12
  2.5507333503628016E+00 a      2233     1    10     2    13
 -5.7954269643078478E+00 a      2234     1    10     2    14
  1.3211133139532001E+00 a      2235     1    10     2    15
  4.3811441127965750E-01 a      2236     1    10     2    16
  8.0093995659518868E-01 a      2237     1    10     2    17
 -5.4628738538265420E-01 a      2238     1    10     2    18
  9.8116602337365066E-01 a      2239     1    10     2    19
 -1.0838245126118420E+00 a      2240     1    10     2    20
  4.4436309566262494E-01 a      2241     1    10     2    21
 -7.6111745362362190E-02 a      2242     1    10     2    22
  2.4548673890752699E+00 a      2243     1    10     2    23
 -6.1587671759530527E-01 a      2244     1    10     2    24
  1.6198608729337294E+00 a      2245     1    10     2    25
 -7.8743302842966933E-01 a      2246     1    10     2    26
 -8.6103609321270536E-01 a      2247     1    10     2    27
  1.3023467754793103E+00 a      2248     1    10     2    28
 -1.2770255082699471E+00 a      2249     1    10     2    29
 -2.4068929705426642E-01 a      2250     1    10     2    30
 -2.1221040663815838E-01 a      2251     1    11     2     1
  4.3691488801467415E-01 a      2252     1    11     2     2
  1.7973805648509795E+00 a      2253     1    11     2     3
 -7.8456498629084534E-02 a      2254     1    11     2     4
  2.1346970391893008E+00 a      2255     1    11     2     5
 -3.9982896731757595E-01 a      2256     1    11     2     6
 -3.8378087523473542E-01 a      2257     1    11     2     7
 -1.2627626954957869E+00 a      2258     1    11     2     8
 -1.9700688033672045E+00 a      2259     1    11     2     9
 -2.0597263684651494E+00 a      2260     1    11     2    10
 -2.8475751893335461E+00 a      2261     1    11     2    11
 -3.4308174381061146E-01 a      2262     1    11     2    12
 -2.2173564397237391E-01 a      2263     1    11     2    13
 -1.2891339383699134E+00 a      2264     1    11     2    14
  1.1750467678061882E+00 a      2265     1    11     2    15
 -1.2577700999036792E+00 a      2266     1    11     2    16
 -1.5534562064518662E+00 a      2267     1    11     2    17
  2.0357474852061070E+00 a      2268     1    11     2    18
  1.4075613615367966E+00 a      2269     1    11     2    19
 -5.8233663641263833E-01 a      2270     1    11     2    20
  1.7283267372157010E-01 a      2271     1    11     2    21
 -2.5967866410747931E-01 a      2272     1    11     2    22
  6.3199305546435802E-01 a      2273     1    11     2    23
  3.2035771591441953E-01 a      2274     1    11     2    24
 -3.3951475852869928E+00 a      2275     1    11     2    25
  1.7454302027688415E-01 a      2276     1    11     2    26
 -2.5498434057836534E+00 a      2277     1    11     2    27
 -5.3441318896547330E-01 a      2278     1    11     2    28
 -7.6692290676484076E-01 a      2279     1    11     2    29
 -1.4135229633062056E+00 a      2280     1    11     2    30
  2.9385387116203887E+00 a      2281     1    12     2     1
 -1.3512479923011511E+00 a      2282     1    12     2     2
 -1.5731998926522256E-01 a      2283     1    12     2     3
  3.5779514107862109E-01 a      2284     1    12     2     4
  7.8084775610143975E-01 a      2285     1    12     2     5
  2.0911240361574265E-01 a      2286     1    12     2     6
  5.0702279220875734E-01 a      2287     1    12     2     7
 -6.9849269311490958E-01 a      2288     1    12     2     8
  1.2590460220830162E+00 a      2289     1    12     2     9
  2.8575817295424011E-01 a      2290     1    12     2    10
  3.2392785729064753E+00 a      2291     1    12     2    11
 -7.1314403050954367E-01 a      2292     1    12     2    12
 -8.1622355068163843E-01 a      2293     1    12     2    13
 -3.3520779876165334E+00 a      2294     1    12     2    14
  9.3875367544814181E-01 a      2295     1    12     2    15
 -1.5379638416270018E+00 a      2296     1    12     2    16
  6.9079047191944756E-02 a      2297     1    12     2    17
  2.0914541486017232E-01 a      2298     1    12     2    18
 -1.8113561740529266E-01 a      2299     1    12     2    19
  4.6647386167624677E-01 a      2300     1    12     2    20
 -1.8617294881289739E+00 a      2301     1    12     2    21
 -1.8145152563646103E+00 a      2302     1    12     2    22
 -3.1419708864051271E-01 a      2303     1    12     2    23
 -2.2693352180980891E-01 a      2304     1    12     2    24
  6.6138436370650400E-01 a      2305     1    12     2    25
 -7.4502256360393304E-01 a      2306     1    12     2    26
  8.1649592117597158E-01 a      2307     1    12     2    27
 -8.1412470419229199E-01 a      2308     1    12     2    28
 -1.2077701320601582E+00 a      2309     1    12     2    29
  1.1431320963984986E+00 a      2310     1    12     2    30
  6.6804159968641685E-01 a      2311     1    13     2     1
  5.3051002161275806E-01 a      2312     1    13     2     2
  2.2933307067698236E+00 a      2313     1    13     2     3
 -1.4136246242501596E+00 a      2314     1    13     2     4
  3.7235888597187949E-01 a      2315     1    13     2     5
 -1.0853003518548275E-01 a      2316     1    13     2     6
  2.0177739678014595E+00 a      2317     1    13     2     7
 -1.0520410363388064E+00 a      2318     1    13     2     8
 -5.2173950679575209E-01 a      2319     1    13     2     9
  9.4535725568020743E-02 a      2320     1    13     2    10
  2.5518362885545759E-01 a      2321     1    13     2    11
 -1.2926636642390579E+00 a      2322     1    13     2    12
 -1.9710869759474388E+00 a      2323     1    13     2    13
 -2.9709529682458462E+00 a      2324     1    13     2    14
 -7.4998338105398599E-01 a      2325     1    13     2    15
  2.4622273946814142E+00 a      2326     1    13     2    16
 -1.6694692491883039E+00 a      2327     1    13     2    17
  1.5163800318999112E+00 a      2328     1    13     2    18
  2.0883921240742116E+00 a      2329     1    13     2    19
 -5.0145357565198232E+00 a      2330     1    13     2    20
  5.6168225550384698E-01 a      2331     1    13     2    21
 -8.4027770169502802E-01 a      2332     1    13     2    22
 -7.7610099609314442E-01 a      2333     1    13     2    23
  1.7606347291271243E+00 a      2334     1    13     2    24
 -3.7673075601123189E+00 a      2335     1    13     2    25
 -1.1821646513192323E+00 a      2336     1    13     2    26
  2.6330932755578912E-01 a      2337     1    13     2    27
 -7.7322657749878654E-01 a      2338     1    13     2    28
 -2.2548565438335419E+00 a      2339     1    13     2    29
  6.6062898436815665E-01 a      2340     1    13     2    30
 -1.3773391754308058E+00 a      2341     1    14     2     1
 -3.8044591719144444E-01 a      2342     1    14     2     2
  9.8413579392992079E-01 a      2343     1    14     2     3
 -1.5873285794772491E+00 a      2344     1    14     2     4
  3.5146650686238470E+00 a      2345     1    14     2     5
  1.2354996087166172E+00 a      2346     1    14     2     6
  7.9089045960157012E-01 a      2347     1    14     2     7
  8.9905834079639146E-01 a      2348     1    14     2     8
 -6.0005386420209528E-01 a      2349     1    14     2     9
  1.3543208561448694E+00 a      2350     1    14     2    10
 -2.7750929577858914E+00 a      2351     1    14     2    11
 -3.0306678068618137E-01 a      2352     1    14     2    12
  2.2093553452033543E+00 a      2353     1    14     2    13
  1.7935884416594934E+00 a      2354     1    14     2    14
  5.1274941440490078E+00 a      2355     1    14     2    15
 -1.7932336434236562E+00 a      2356     1    14     2    16
  7.6101952346642465E-01 a      2357     1    14     2    17
  2.9973851540729396E-01 a      2358     1    14     2    18
  2.1210264422655296E+00 a      2359     1    14     2    19
 -1.9962744307820139E+00 a      2360     1    14     2    20
 -3.5124174403313851E-01 a      2361     1    14     2    21
  1.5186808169386681E+00 a      2362     1    14     2    22
 -7.3049064518115003E-01 a      2363     1    14     2    23
 -7.2896714425430109E-01 a      2364     1    14     2    24
 -3.7581272746707444E+00 a      2365     1    14     2    25
  3.5769989413457899E+00 a      2366     1    14     2    26
 -1.7844084632177084E+00 a      2367     1    14     2    27
 -2.1881656488875960E-02 a      2368     1    14     2    28
  3.6560049622067675E-01 a      2369     1    14     2    29
  9.5556984067714024E-01 a      2370     1    14     2    30
 -4.1477303709592572E-02 a      2371     1    15     2     1
  3.2383464664217443E-01 a      2372     1    15     2     2
  1.6110836654424421E+00 a      2373     1    15     2     3
 -1.5875335516210598E-01 a      2374     1    15     2     4
 -7.1677137299144733E-01 a      2375     1    15     2     5
 -9.5329162160216896E-01 a      2376     1    15     2     6
 -2.9703445331936912E-01 a      2377     1    15     2     7
  1.3293675387006709E+00 a      2378     1    15     2     8
 -1.5070476561551880E+00 a      2379     1    15     2     9
 -2.2094137151382069E+00 a      2380     1    15     2    10
  4.0504808549804396E+00 a      2381     1    15     2    11
  3.7633972397217552E-02 a      2382     1    15     2    12
 -1.4241560397319200E+00 a      2383     1    15     2    13
  2.7067165040757919E+00 a      2384     1    15     2    14
 -1.9738023206368209E+00 a      2385     1    15     2    15
 -7.7391056708165595E-01 a      2386     1    15     2    16
 -1.1729396348621477E+00 a      2387     1    15     2    17
 -1.9008616569092746E-01 a      2388     1    15     2    18
 -3.7131290063365163E-01 a      2389     1    15     2    19
 -4.0533595181024989E-01 a      2390     1    15     2    20
  2.4337955273533125E+00 a      2391     1    15     2    21
  1.6056873275670065E+00 a      2392     1    15     2    22
  6.9877627017631572E-01 a      2393     1    15     2    23
 -4.3844459488842862E+00 a      2394     1    15     2    24
 -2.5186771636220384E+00 a      2395     1    15     2    25
  5.2417503581566405E-01 a      2396     1    15     2    26
  8.4171105973179797E-02 a      2397     1    15     2    27
 -4.4034959070911345E-01 a      2398     1    15     2    28
 -1.2430470548085888E+00 a      2399     1    15     2    29
 -3.9881231314217958E-01 a      2400     1    15     2    30
 -5.2214793246251845E-01 a      2401     1    16     2     1
  1.5185788169629791E-01 a      2402     1    16     2     2
 -8.2484096048751598E-01 a      2403     1    16     2     3
 -4.9454474630472860E-02 a      2404     1    16     2     4
 -8.8326114025052693E-01 a      2405     1    16     2     5
  5.5820556542956612E-01 a      2406     1    16     2     6
  7.6172447339834226E-01 a      2407     1    16     2     7
  1.4288438778918970E+00 a      2408     1    16     2     8
 -1.4873074198557376E-01 a      2409     1    16     2     9
 -3.5746851947508756E-01 a      2410     1    16     2    10
 -9.1772205363068338E-01 a      2411     1    16     2    11
  7.0812713645513847E-01 a      2412     1    16     2    12
 -1.4491753022175138E-01 a      2413     1    16     2    13
  5.7622710572965341E-01 a      2414     1    16     2    14
 -1.3913589177164327E+00 a      2415     1    16     2    15
  1.4564639188080120E-01 a      2416     1    16     2    16
 -3.7891261148823252E-01 a      2417     1    16     2    17
  1.0475918895258445E+00 a      2418     1    16     2    18
  4.7411625953053493E-01 a      2419     1    16     2    19
 -9.6236387217825303E-01 a      2420     1    16     2    20
  1.4972177208689434E+00 a      2421     1    16     2    21
 -2.1349650513592491E+00 a      2422     1    16     2    22
 -1.1588742313168152E+00 a      2423     1    16     2    23
  1.2189195838729039E+00 a      2424     1    16     2    24
 -3.4153447576362080E-02 a      2425     1    16     2    25
  2.5978416220390899E-01 a      2426     1    16     2    26
  2.8524704211986773E-01 a      2427     1    16     2    27
  1.4867901677895359E-01 a      2428     1    16     2    28
  3.3643050570005195E-01 a      2429     1    16     2    29
 -4.8303206754337075E-01 a      2430     1    16     2    30
 -6.5333422818794151E-01 a      2431     1    17     2     1
 -6.4355005953227251E-01 a      2432     1    17     2     2
 -1.6707830796554726E+00 a      2433     1    17     2     3
  1.9844308481777825E-01 a      2434     1    17     2     4
  1.5997909649357964E-01 a      2435     1    17     2     5
 -3.3399031324812025E+00 a      2436     1    17     2     6
  4.8921020912995927E-01 a      2437     1    17     2     7
  1.3059911824956252E-01 a      2438     1    17     2     8
  1.4519385947439434E+00 a      2439     1    17     2     9
 -1.3539407595028454E+00 a      2440     1    17     2    10
  8.5175818183547858E-01 a      2441     1    17     2    11
  1.4966672947958515E+00 a      2442     1    17     2    12
 -3.6566861129970323E+00 a      2443     1    17     2    13
 -3.2956299242920273E+00 a      2444     1    17     2    14
 -2.5285993934876555E-01 a      2445     1    17     2    15
 -2.0197400918781945E+00 a      2446     1    17     2    16
 -3.5752005335767062E-01 a      2447     1    17     2    17
 -1.0392767538221646E+00 a      2448     1    17     2    18
 -3.9633129486314927E-01 a      2449     1    17     2    19
 -2.1390113315058027E-02 a      2450     1    17     2    20
  6.2141898936867823E-01 a      2451     1    17     2    21
 -1.9695624692537543E+00 a      2452     1    17     2    22
 -6.0334421549888451E-01 a      2453     1    17     2    23
  5.0735993902587440E-01 a      2454     1    17     2    24
 -1.0296954220431455E-01 a      2455     1    17     2    25
  3.5887105200217856E-01 a      2456     1    17     2    26
 -2.5845237292169915E-01 a      2457     1    17     2    27
  3.3630244557999407E-02 a      2458     1    17     2    28
 -2.4290858775951953E+00 a      2459     1    17     2    29
  3.5172312733247063E-01 a      2460     1    17     2    30
  8.4273414305266647E-01 a      2461     1    18     2     1
  4.2633531089175913E-01 a      2462     1    18     2     2
 -2.0952529721535398E+00 a      2463     1    18     2     3
  1.7559572732197062E+00 a      2464     1    18     2     4
 -2.9450618010387908E+00 a      2465     1    18     2     5
 -1.7282890323489177E+00 a      2466     1    18     2     6
 -2.2100347990194078E+00 a      2467     1    18     2     7
 -5.5889450718892586E-01 a      2468     1    18     2     8
  2.2559287275634770E+00 a      2469     1    18     2     9
  4.8580914439033651E-01 a      2470     1    18     2    10
 -1.8502723877283247E+00 a      2471     1    18     2    11
 -1.6303986121007508E+00 a      2472     1    18     2    12
  1.3922574143542039E+00 a      2473     1    18     2    13
 -3.5730291456110872E+00 a      2474     1    18     2    14
 -6.2642825995441695E+00 a      2475     1    18     2    15
 -1.7044909188270219E-01 a      2476     1    18     2    16
  3.5626454039819472E-01 a      2477     1    18     2    17
 -1.6129115198280100E+00 a      2478     1    18     2    18
  7.7386660564709708E-01 a      2479     1    18     2    19
  3.3113933664186761E+00 a      2480     1    18     2    20
 -2.5991369937717035E-01 a      2481     1    18     2    21
  1.5574638945896557E-01 a      2482     1    18     2    22
 -1.8763345351190224E+00 a      2483     1    18     2    23
 -1.3712755356012385E+00 a      2484     1    18     2    24
 -2.1264954909974052E+00 a      2485     1    18     2    25
 -1.9145197528669171E+00 a      2486     1    18     2    26
  1.6903821059047792E+00 a      2487     1    18     2    27
  1.8503970359442248E+00 a      2488     1    18     2    28
 -1.1771900204010890E+00 a      2489     1    18     2    29
 -1.3806670057088795E+00 a      2490     1    18     2    30
 -3.0789735420181319E-01 a      2491     1    19     2     1
  4.4990783086988750E-01 a      2492     1    19     2     2
  9.1574844568667146E-01 a      2493     1    19     2     3
  1.7890614056129455E+00 a      2494     1    19     2     4
 -1.6172593110393105E+00 a      2495     1    19     2     5
  1.1621194741099994E-01 a      2496     1    19     2     6
  1.0028260422047803E+00 a      2497     1    19     2     7
 -1.5423325245587038E+00 a      2498     1    19     2     8
 -5.6064944266337813E-01 a      2499     1    19     2     9
 -2.6628171202103292E+00 a      2500     1    19     2    10
 -7.3096388845675797E-01 a      2501     1    19     2    11
  2.4922463047292873E+00 a      2502     1    19     2    12
  4.6408322902308914E+00 a      2503     1    19     2    13
  2.0419160167594157E+00 a      2504     1    19     2    14
  1.5616854934203297E+00 a      2505     1    19     2    15
  1.0606253381836495E+00 a      2506     1    19     2    16
 -2.3181014364812497E-01 a      2507     1    19     2    17
  3.2785801092062239E-01 a      2508     1    19     2    18
 -1.3774086891950084E+00 a      2509     1    19     2    19
  1.1020988298889571E+00 a      2510     1    19     2    20
 -4.6305578401718916E+00 a      2511     1    19     2    21
  1.2990497633729661E-01 a      2512     1    19     2    22
  5.3683527543194742E-01 a      2513     1    19     2    23
  1.1828191720259551E+00 a      2514     1    19     2    24
  3.5063171344899589E+00 a      2515     1    19     2    25
  1.1584155170686350E+00 a      2516     1    19     2    26
  1.0611291763573831E+00 a      2517     1    19     2    27
  7.2884898178751323E-01 a      2518     1    19     2    28
  1.9367976044397011E+00 a      2519     1    19     2    29
  2.0091210955087084E+00 a      2520     1    19     2    30
  6.6450729495774419E-01 a      2521     1    20     2     1
 -9.0638242397005386E-01 a      2522     1    20     2     2
 -1.4265280322073715E-01 a      2523     1    20     2     3
  2.5272986341344117E-01 a      2524     1    20     2     4
  2.4361955867782625E+00 a      2525     1    20     2     5
  1.2707348510547407E+00 a      2526     1    20     2     6
  2.6186190816095184E-01 a      2527     1    20     2     7
  2.4685304647525719E+00 a      2528     1    20     2     8
  2.0126583576273607E+00 a      2529     1    20     2     9
 -2.5395364183770583E+00 a      2530     1    20     2    10
  9.3842059748942308E-01 a      2531     1    20     2    11
 -2.7999399145681809E+00 a      2532     1    20     2    12
 -1.0836872244680738E+00 a      2533     1    20     2    13
 -4.0188047615998146E+00 a      2534     1    20     2    14
  3.6899496952955391E-01 a      2535     1    20     2    15
 -1.0571516138193251E+00 a      2536     1    20     2    16
  6.0623237557957572E-02 a      2537     1    20     2    17
 -1.8413333312531910E+00 a      2538     1    20     2    18
  3.6736346840729267E-01 a      2539     1    20     2    19
 -2.8422135731160707E+00 a      2540     1    20     2    20
  7.7240879099087734E-01 a      2541     1    20     2    21
  2.2379934450214769E+00 a      2542     1    20     2    22
 -1.9769993008701250E+00 a      2543     1    20     2    23
  1.2827975644546368E+00 a      2544     1    20     2    24
 -5.4313331082192018E-01 a      2545     1    20     2    25
  9.9416686372381258E-01 a      2546     1    20     2    26
 -1.0561581008222323E+00 a      2547     1    20     2    27
  1.1748578608397848E+00 a      2548     1    20     2    28
  1.6608837979184593E-01 a      2549     1    20     2    29
 -1.9153005733341653E+00 a      2550     1    20     2    30
 -2.3202436208985451E+00 a      2551     1    21     2     1
 -8.4154063528615697E-01 a      2552     1    21     2     2
 -2.3050164815761804E+00 a      2553     1    21     2     3
 -2.8834773348738034E+00 a      2554     1    21     2     4
  2.7658067071409098E-01 a      2555     1    21     2     5
  5.5976633290693245E-01 a      2556     1    21     2     6
 -1.3145724524799238E+00 a      2557     1    21     2     7
 -8.0063918969548753E-01 a      2558     1    21     2     8
 -3.9850414095347717E-02 a      2559     1    21     2     9
  1.2128766826076851E+00 a      2560     1    21     2    10
 -1.9109627838104939E+00 a      2561     1    21     2    11
 -1.3096044611326472E+00 a      2562     1    21     2    12
  3.5757854719043074E+00 a      2563     1    21     2    13
 -3.6101654447510656E-01 a      2564     1    21     2    14
  2.8887184601295052E-01 a      2565     1    21     2    15
 -7.2753560413364904E-01 a      2566     1    21     2    16
  9.7379413257559155E-01 a      2567     1    21     2    17
 -4.4387945538926504E-01 a      2568     1    21     2    18
  8.0706033637650920E-01 a      2569     1    21     2    19
  5.5993622392686848E-01 a      2570     1    21     2    20
  3.5815335936460357E-01 a      2571     1    21     2    21
 -1.4851154832035471E+00 a      2572     1    21     2    22
 -2.3207420437837962E+00 a      2573     1    21     2    23
  9.5027199142978147E-01 a      2574     1    21     2    24
 -1.0565935920485852E+00 a      2575     1    21     2    25
 -1.6669612584412988E-01 a      2576     1    21     2    26
 -9.0326904474656444E-01 a      2577     1    21     2    27
  1.2789676641506640E+00 a      2578     1    21     2    28
 -8.1027567731211736E-01 a      2579     1    21     2    29
 -2.2764031549655113E+00 a      2580     1    21     2    30
 -1.1081901049636098E+00 a      2581     1    22     2     1
  3.4249006952339127E+00 a      2582     1    22     2     2
  1.1759805822653371E-02 a      2583     1    22     2     3
  3.3248158121845900E-01 a      2584     1    22     2     4
  8.0766700199980490E-01 a      2585     1    22     2     5
 -6.4469737137648087E-01 a      2586     1    22     2     6
  1.4125253991104745E+00 a      2587     1    22     2     7
 -5.4241124219254444E-01 a      2588     1    22     2     8
 -4.7944130735910412E-01 a      2589     1    22     2     9
 -7.8232103485867988E-01 a      2590     1    22     2    10
  7.3604426328363304E-01 a      2591     1    22     2    11
  7.9048414264276079E-01 a      2592     1    22     2    12
 -9.0941303731675394E-01 a      2593     1    22     2    13
 -2.8027290301937691E-01 a      2594     1    22     2    14
  9.8842035282660945E-01 a      2595     1    22     2    15
  8.4296818130781781E-01 a      2596     1    22     2    16
 -1.2360288812886491E+00 a      2597     1    22     2    17
 -4.3784761952644680E-01 a      2598     1    22     2    18
  1.2438636157213099E+00 a      2599     1    22     2    19
  1.0903654433077536E+00 a      2600     1    22     2    20
 -2.6518803393998054E+00 a      2601     1    22     2    21
  1.7045874178404736E+00 a      2602     1    22     2    22
  2.6560748362041489E+00 a      2603     1    22     2    23
  9.2403049610467775E-02 a      2604     1    22     2    24
 -1.0637944936907426E+00 a      2605     1    22     2    25
  1.3325418937767139E+00 a      2606     1    22     2    26
  1.0225589188295374E+00 a      2607     1    22     2    27
  8.3114339448205954E-02 a      2608     1    22     2    28
  4.6316720074166601E-01 a      2609     1    22     2    29
  2.5502271817272582E-01 a      2610     1    22     2    30
 -1.0889635906239337E+00 a      2611     1    23     2     1
 -2.4771599725434854E-01 a      2612     1    23     2     2
  3.7625723586949406E-01 a      2613     1    23     2     3
  3.3817579908564527E-01 a      2614     1    23     2     4
 -5.9404914848552226E-01 a      2615     1    23     2     5
 -7.9708942028417620E-02 a      2616     1    23     2     6
 -7.3862475792303506E-01 a      2617     1    23     2     7
 -2.0202983487714983E+00 a      2618     1    23     2     8
 -7.7901183857000109E-02 a      2619     1    23     2     9
 -4.0276549289864561E-01 a      2620     1    23     2    10
  8.1225814376732453E-01 a      2621     1    23     2    11
  1.1404331296046111E+00 a      2622     1    23     2    12
 -2.1621442544864511E+00 a      2623     1    23     2    13
  1.1928033389223485E+00 a      2624     1    23     2    14
 -1.3296159060172261E+00 a      2625     1    23     2    15
 -2.4677727207301885E+00 a      2626     1    23     2    16
  9.7918693011702584E-02 a      2627     1    23     2    17
 -1.9842992833500650E+00 a      2628     1    23     2    18
 -1.0076949785122054E+00 a      2629     1    23     2    19
 -1.1611209585425029E+00 a      2630     1    23     2    20
  1.1185581472334538E+00 a      2631     1    23     2    21
  4.5392624543263005E-01 a      2632     1    23     2    22
  1.1683860619236890E+00 a      2633     1    23     2    23
  8.1568440185532676E-01 a      2634     1    23     2    24
  4.5534409919714441E-02 a      2635     1    23     2    25
 -1.2401140461187780E-02 a      2636     1    23     2    26
  1.0316157862674911E+00 a      2637     1    23     2    27
 -6.9341386204120292E-01 a      2638     1    23     2    28
  6.5761780139512327E-01 a      2639     1    23     2    29
 -1.7513837423549867E+00 a      2640     1    23     2    30
  3.0925098850434701E-01 a      2641     1    24     2     1
 -2.1017762695302071E+00 a      2642     1    24     2     2
 -1.2366459625342534E+00 a      2643     1    24     2     3
 -7.4740110074786059E-01 a      2644     1    24     2     4
 -5.3528447143408464E-01 a      2645     1    24     2     5
  9.6144559302559418E-01 a      2646     1    24     2     6
  1.2717914094603473E+00 a      2647     1    24     2     7
  9.7136830537690255E-01 a      2648     1    24     2     8
 -1.7722072008183811E+00 a      2649     1    24     2     9
  4.6777892065988858E-01 a      2650     1    24     2    10
 -1.5275594417692215E+00 a      2651     1    24     2    11
  1.3357414503213842E+00 a      2652     1    24     2    12
 -2.2336147894540774E+00 a      2653     1    24     2    13
  2.0876827106922717E+00 a      2654     1    24     2    14
 -9.4652590851933671E-01 a      2655     1    24     2    15
 -7.1023244205066487E-03 a      2656     1    24     2    16
  7.1476878551955980E-01 a      2657     1    24     2    17
  1.2753449216055059E+00 a      2658     1    24     2    18
  2.5854400085118640E-01 a      2659     1    24     2    19
 -1.5231676716026039E+00 a      2660     1    24     2    20
  1.8293784874746088E-01 a      2661     1    24     2    21
 -3.1423824089669172E+00 a      2662     1    24     2    22
 -9.2908396388571368E-01 a      2663     1    24     2    23
 -2.0901631290817790E+00 a      2664     1    24     2    24
  1.0416188265661064E+00 a      2665     1    24     2    25
 -1.6497632440602189E-01 a      2666     1    24     2    26
 -1.7015176279717605E+00 a      2667     1    24     2    27
 -1.3444627847675663E+00 a      2668     1    24     2    28
 -6.4857866892787608E-01 a      2669     1    24     2    29
 -4.7847510730305520E-01 a      2670     1    24     2    30
 -3.4133284698502044E+00 a      2671     1    25     2     1
 -1.0087147647306425E+00 a      2672     1    25     2     2
 -2.3212717858886291E+00 a      2673     1    25     2     3
 -1.4827482507524128E+00 a      2674     1    25     2     4
 -1.3281000846921512E-01 a      2675     1    25     2     5
 -2.6619887693207500E-01 a      2676     1    25     2     6
  4.2292338761760123E-01 a      2677     1    25     2     7
 -9.9342964301934245E-01 a      2678     1    25     2     8
 -2.7156276020671460E-01 a      2679     1    25     2     9
 -5.6005165294757797E-01 a      2680     1    25     2    10
  1.2134946858762834E+00 a      2681     1    25     2    11
  1.8098198855472050E+00 a      2682     1    25     2    12
 -1.2171164051721877E+00 a      2683     1    25     2    13
  4.3936932722623281E+00 a      2684     1    25     2    14
 -1.3328410695485431E+00 a      2685     1    25     2    15
 -2.2593031001928061E+00 a      2686     1    25     2    16
 -1.8329186460278235E-01 a      2687     1    25     2    17
  9.7546422141566558E-01 a      2688     1    25     2    18
 -1.6966548012617333E-01 a      2689     1    25     2    19
 -1.0549537566977760E+00 a      2690     1    25     2    20
 -3.5246146207801121E-01 a      2691     1    25     2    21
 -6.7983207969303761E-01 a      2692     1    25     2    22
 -1.2282369401727526E+00 a      2693     1    25     2    23
  2.4657516197194052E+00 a      2694     1    25     2    24
  8.1314472127499104E-01 a      2695     1    25     2    25
 -4.1530291797555324E-02 a      2696     1    25     2    26
  1.0499023338413385E+00 a      2697     1    25     2    27
  1.0222812776796384E+00 a      2698     1    25     2    28
  2.3155882471792553E+00 a      2699     1    25     2    29
 -1.4751624771820493E-01 a      2700     1    25     2    30
 -6.1774426977279318E-01 a      2701     1    26     2     1
 -3.4357144188002242E-01 a      2702     1    26     2     2
  7.9554602446508349E-01 a      2703     1    26     2     3
  1.7223624274732356E+00 a      2704     1    26     2     4
  1.3440438263332917E+00 a      2705     1    26     2     5
 -1.2231269359996927E-01 a      2706     1    26     2     6
 -9.9251389592059658E-01 a      2707     1    26     2     7
 -1.3605130819891642E+00 a      2708     1    26     2     8
 -1.3095626730318510E+00 a      2709     1    26     2     9
 -7.3415842811987064E-01 a      2710     1    26     2    10
  9.4162546242366774E-01 a      2711     1    26     2    11
  7.9272305691621359E-02 a      2712     1    26     2    12
  2.5615391503413236E+00 a      2713     1    26     2    13
  1.0753941502659605E+00 a      2714     1    26     2    14
 -1.0485924713663828E+00 a      2715     1    26     2    15
 -9.4212563299598318E-01 a      2716     1    26     2    16
 -1.8729705186323653E-01 a      2717     1    26     2    17
  1.5504784637834415E-01 a      2718     1    26     2    18
  6.0693045082816077E-01 a      2719     1    26     2    19
  3.4084018900444226E+00 a      2720     1    26     2    20
 -7.7004522527678010E-01 a      2721     1    26     2    21
 -1.1109268191627890E+00 a      2722     1    26     2    22
 -1.6116359502417807E+00 a      2723     1    26     2    23
  1.9460597172440483E-01 a      2724     1    26     2    24
  1.0973936149249837E+00 a      2725     1    26     2    25
 -2.4788011996123821E-01 a      2726     1    26     2    26
 -2.5193799047815806E+00 a      2727     1    26     2    27
 -3.4509243287783842E+00 a      2728     1    26     2    28
 -8.1063319905269227E-01 a      2729     1    26     2    29
  9.5790161151963121E-02 a      2730     1    26     2    30
 -9.0157018826496349E-01 a      2731     1    27     2     1
  1.7253302648308948E+00 a      2732     1    27     2     2
 -6.2864160536968750E-01 a      2733     1    27     2     3
 -1.2973404149508301E+00 a      2734     1    27     2     4
 -2.8409376040007345E-01 a      2735     1    27     2     5
  1.0207924284100593E+00 a      2736     1    27     2     6
 -6.7953662824731487E-01 a      2737     1    27     2     7
  3.2583962288472007E-01 a      2738     1    27     2     8
 -8.3993551193044247E-01 a      2739     1    27     2     9
 -1.2467575674426399E+00 a      2740     1    27     2    10
 -1.6744693232138192E+00 a      2741     1    27     2    11
 -2.1539146976599914E+00 a      2742     1    27     2    12
  1.4143415014787222E-01 a      2743     1    27     2    13
  2.9261991953948328E+00 a      2744     1    27     2    14
  2.2058994398193166E+00 a      2745     1    27     2    15
  2.0672700385685832E+00 a      2746     1    27     2    16
  3.9054659211065595E-01 a      2747     1    27     2    17
  5.3474187596720946E-01 a      2748     1    27     2    18
 -9.7431628016585892E-01 a      2749     1    27     2    19
 -9.8575155754664789E-01 a      2750     1    27     2    20
  3.5114632457887334E+00 a      2751     1    27     2    21
  2.7819046400184346E+00 a      2752     1    27     2    22
  6.9387217101166215E-02 a      2753     1    27     2    23
 -2.2901584147906198E-01 a      2754     1    27     2    24
 -2.4932521704312663E-01 a      2755     1    27     2    25
  1.6845432627380033E+00 a      2756     1    27     2    26
 -1.5071647283716845E+00 a      2757     1    27     2    27
  6.2043362436764442E-02 a      2758     1    27     2    28
  1.0458283671103881E+00 a      2759     1    27     2    29
  1.4617673652234218E+00 a      2760     1    27     2    30
 -2.7394249285594636E+00 a      2761     1    28     2     1
 -1.8622711843087472E+00 a      2762     1    28     2     2
 -1.1501520310077154E-01 a      2763     1    28     2     3
  4.7581512458934999E-01 a      2764     1    28     2     4
 -6.7130829977325324E-01 a      2765     1    28     2     5
 -5.2393747686163172E-01 a      2766     1    28     2     6
 -5.8896541269490821E-01 a      2767     1    28     2     7
  1.2821439662800984E+00 a      2768     1    28     2     8
  2.2250527647974272E-01 a      2769     1    28     2     9
 -7.9768272974040891E-02 a      2770     1    28     2    10
  2.7368109987785039E-01 a      2771     1    28     2    11
 -1.3829805408398006E+00 a      2772     1    28     2    12
  4.1504971268455275E+00 a      2773     1    28     2    13
 -2.1449303948536484E+00 a      2774     1    28     2    14
 -1.0179114190034657E+00 a      2775     1    28     2    15
  2.3841608920824666E+00 a      2776     1    28     2    16
  1.0648076660409354E+00 a      2777     1    28     2    17
  6.4282293281366132E-01 a      2778     1    28     2    18
 -2.2220995131623025E+00 a      2779     1    28     2    19
 -1.0927884791843125E+00 a      2780     1    28     2    20
  2.1838461971223538E-01 a      2781     1    28     2    21
  3.3019576381267663E+00 a      2782     1    28     2    22
  1.3578554813383266E+00 a      2783     1    28     2    23
 -2.1536638924509974E+00 a      2784     1    28     2    24
  2.4900318771966545E+00 a      2785     1    28     2    25
 -8.6254405237072229E-01 a      2786     1    28     2    26
  4.7206596361687736E-01 a      2787     1    28     2    27
  8.8225207866253719E-01 a      2788     1    28     2    28
 -1.2231424728757427E+00 a      2789     1    28     2    29
  2.9046137973384867E-01 a      2790     1    28     2    30
  1.3867973856798153E+00 a      2791     1    29     2     1
  7.2601933434920468E-02 a      2792     1    29     2     2
  6.4570666669551913E-01 a      2793     1    29     2     3
 -1.8592565682082833E+00 a      2794     1    29     2     4
  8.1961131980164459E-01 a      2795     1    29     2     5
 -8.0749037792358636E-01 a      2796     1    29     2     6
  1.4948950887958086E+00 a      2797     1    29     2     7
 -6.6770282728695907E-01 a      2798     1    29     2     8
 -1.2462782413524840E+00 a      2799     1    29     2     9
 -4.6562504939846128E-01 a      2800     1    29     2    10
 -1.1541695740619775E+00 a      2801     1    29     2    11
 -3.5500318413700191E+00 a      2802     1    29     2    12
 -3.5082775111227535E+00 a      2803     1    29     2    13
 -5.5151869988603828E+00 a      2804     1    29     2    14
  1.8567908290846771E+00 a      2805     1    29     2    15
  2.0536370489557010E+00 a      2806     1    29     2    16
 -4.7798644891692954E-01 a      2807     1    29     2    17
 -2.1275372165000442E-01 a      2808     1    29     2    18
  1.5673836509123928E+00 a      2809     1    29     2    19
  9.4636378685261779E-01 a      2810     1    29     2    20
 -1.0460177846592444E+00 a      2811     1    29     2    21
 -1.5122879091899273E+00 a      2812     1    29     2    22
 -2.1079256921890339E+00 a      2813     1    29     2    23
  1.1260562832558085E+00 a      2814     1    29     2    24
 -5.4529951204465676E-01 a      2815     1    29     2    25
  4.4655535784062200E-01 a      2816     1    29     2    26
  3.0815621352328204E+00 a      2817     1    29     2    27
  4.9425397090194312E-01 a      2818     1    29     2    28
  1.3782121174227582E+00 a      2819     1    29     2    29
 -6.4890761252478368E-01 a      2820     1    29     2    30
  2.9740502440767860E+00 a      2821     1    30     2     1
  3.0708683556924754E+00 a      2822     1    30     2     2
  2.4194983518855930E+00 a      2823     1    30     2     3
 -8.1712114609270081E-01 a      2824     1    30     2     4
 -4.6115549434901337E-01 a      2825     1    30     2     5
 -2.8531690164454943E-01 a      2826     1    30     2     6
 -2.1929843894137204E+00 a      2827     1    30     2     7
 -2.1126016870278411E-01 a      2828     1    30     2     8
  3.6587188377859867E+00 a      2829     1    30     2     9
 -8.5999708839878108E-01 a      2830     1    30     2    10
 -4.4314702499649444E-01 a      2831     1    30     2    11
 -2.6476940449378734E+00 a      2832     1    30     2    12
 -2.4438165211571299E+00 a      2833     1    30     2    13
 -1.2269746286111647E+00 a      2834     1    30     2    14
 -1.3608354620586351E+00 a      2835     1    30     2    15
  2.8516375668982286E+00 a      2836     1    30     2    16
  1.0550270358675164E+00 a      2837     1    30     2    17
  7.7128547141236847E-01 a      2838     1    30     2    18
 -2.9278082257725507E-01 a      2839     1    30     2    19
 -4.0955373583463306E+00 a      2840     1    30     2    20
  2.3133537185718457E-02 a      2841     1    30     2    21
 -3.9678425444530276E+00 a      2842     1    30     2    22
  3.5595371367064510E-01 a      2843     1    30     2    23
  1.5347396534041131E+00 a      2844     1    30     2    24
  1.6378669668904204E+00 a      2845     1    30     2    25
 -4.2361184563244303E-01 a      2846     1    30     2    26
 -6.0093516953426118E-01 a      2847     1    30     2    27
 -1.9391673557980924E+00 a      2848     1    30     2    28
  3.3593054313076237E-01 a      2849     1    30     2    29
  2.1102174852043681E-01 a      2850     1    30     2    30
  1.0065740721354490E+00 b      2851     2     1
 -1.3164900139199585E+00 b      2852     2     2
 -3.0002793139541861E+00 b      2853     2     3
 -2.8029257100492746E+00 b      2854     2     4
 -5.1867303277747689E+00 b      2855     2     5
 -2.1516059594596570E+00 b      2856     2     6
  5.2328173256089094E+00 b      2857     2     7
  4.3245357021057638E+00 b      2858     2     8
 -1.7415110996012075E+00 b      2859     2     9
  3.8918856735337672E+00 b      2860     2    10
 -6.6726687430231895E+00 b      2861     2    11
 -9.2523614488914729E-01 b      2862     2    12
 -1.3397875820808091E+01 b      2863     2    13
  1.3338279850476209E+01 b      2864     2    14
  4.8503892435405405E+00 b      2865     2    15
  6.8652363014164361E+00 b      2866     2    16
  4.9759888950832482E-01 b      2867     2    17
 -1.5332865330982586E+00 b      2868     2    18
 -8.6027470856307264E+00 b      2869     2    19
  1.4100752683201263E+00 b      2870     2    20
  1.1799539103999207E-01 b      2871     2    21
  2.5291365168854045E+00 b      2872     2    22
  1.0407991742550596E-01 b      2873     2    23
  9.6508849626649784E+00 b      2874     2    24
  6.8343267333990250E+00 b      2875     2    25
  3.7402442826376153E-01 b      2876     2    26
  5.6203320585673531E+00 b      2877     2    27
 -2.0421761930462061E+00 b      2878     2    28
  8.0499501435936391E+00 b      2879     2    29
  4.6242643471873084E+00 b      2880     2    30
  4.1841158265023819E-02 a      2881     2     1     3     1
  2.3532814249037640E-01 a      2882     2     2     3     1
 -1.7729878886122574E-01 a      2883     2     3     3     1
  2.1854564229034812E-01 a      2884     2     4     3     1
 -1.1173261364453244E-01 a      2885     2     5     3     1
 -5.0092212868468899E-01 a      2886     2     6     3     1
  9.4656931367614133E-02 a      2887     2     7     3     1
  2.2932300137845887E-02 a      2888     2     8     3     1
 -1.5390818177844354E-02 a      2889     2     9     3     1
 -4.2336109433803015E-01 a      2890     2    10     3     1
  6.0048129647518364E-02 a      2891     2    11     3     1
  5.1717751050911247E-02 a      2892     2    12     3     1
  2.3610984510836298E-04 a      2893     2    13     3     1
  4.7277123328825672E-03 a      2894     2    14     3     1
 -3.1172010619942483E-02 a      2895     2    15     3     1
 -9.8699572199049956E-02 a      2896     2    16     3     1
  2.6291150727785989E-01 a      2897     2    17     3     1
  1.7018406331934857E-01 a      2898     2    18     3     1
  6.8709063152724931E-02 a      2899     2    19     3     1
 -2.1786136798183658E-01 a      2900     2    20     3     1
 -7.8504409694855393E-02 a      2901     2    21     3     1
  9.5157231059938285E-02 a      2902     2    22     3     1
 -1.9081622187982889E-02 a      2903     2    23     3     1
  1.1097141423724671E-01 a      2904     2    24     3     1
 -2.3384402098794477E-01 a      2905     2    25     3     1
 -4.0934786124679379E-02 a      2906     2    26     3     1
  3.1337075131347358E-01 a      2907     2    27     3     1
 -2.3321498893627052E-01 a      2908     2    28     3     1
 -1.1956221088296502E-02 a      2909     2    29     3     1
 -1.1451123919856190E-01 a      2910     2    30     3     1
 -3.1822021630564974E+00 b      2911     3     1
