################################################################################
# Neural network connection values (weights and biases).
################################################################################
# Col  Name       Description
################################################################################
# 1    connection Neural network connection value.
# 2    t          Connection type (a = weight, b = bias).
# 3    index      Index enumerating weights.
# 4    l_s        Starting point layer (end point layer for biases).
# 5    n_s        Starting point neuron in starting layer (end point neuron for biases).
# 6    l_e        End point layer.
# 7    n_e        End point neuron in end layer.
################################################################################
#                      1 2         3     4     5     6     7
#             connection t     index   l_s   n_s   l_e   n_e
############################################################
  5.3995602228645749E+00 a         1     0     1     1     1
  2.7426611758848836E+00 a         2     0     1     1     2
 -9.8230858031984158E-01 a         3     0     1     1     3
  2.0207411386039231E+00 a         4     0     1     1     4
 -2.4747410868254516E+00 a         5     0     1     1     5
  7.4009536988487392E+00 a         6     0     1     1     6
 -5.4063950441994892E+00 a         7     0     1     1     7
 -7.4570587259892909E+00 a         8     0     1     1     8
  9.1415098865725017E+00 a         9     0     1     1     9
 -2.3486486306502532E+00 a        10     0     1     1    10
  1.1093219335431746E+01 a        11     0     1     1    11
 -4.6706446115563454E+00 a        12     0     1     1    12
  8.1535359357593222E+00 a        13     0     1     1    13
  5.5351654613755530E+00 a        14     0     1     1    14
  1.5288730590278586E+01 a        15     0     1     1    15
 -8.6405365579015712E+00 a        16     0     1     1    16
 -3.5459287366311485E+00 a        17     0     1     1    17
 -2.2012418509903893E+00 a        18     0     1     1    18
  5.2542003917554814E+00 a        19     0     1     1    19
  1.1704297927654264E+00 a        20     0     1     1    20
 -3.5931298127864042E-01 a        21     0     1     1    21
  2.3185417459634574E+00 a        22     0     1     1    22
  1.0836174333268502E+01 a        23     0     1     1    23
 -9.4135571636852973E+00 a        24     0     1     1    24
  3.7829883509482540E+00 a        25     0     1     1    25
  5.7520178433261666E+00 a        26     0     1     1    26
 -1.9470807928556204E+00 a        27     0     1     1    27
 -6.6511939893918086E+00 a        28     0     1     1    28
 -5.8417267037086376E+00 a        29     0     1     1    29
 -8.3232195254932317E-01 a        30     0     1     1    30
  4.1005375430590423E+00 a        31     0     2     1     1
 -1.8337143698478563E+01 a        32     0     2     1     2
 -2.3031160393746255E+00 a        33     0     2     1     3
 -9.9933742223623696E+00 a        34     0     2     1     4
 -5.2194980467647945E+00 a        35     0     2     1     5
  6.3471710487449045E+00 a        36     0     2     1     6
 -1.9805079632252557E+01 a        37     0     2     1     7
  1.1442778536989296E+01 a        38     0     2     1     8
  1.0083445153162144E+01 a        39     0     2     1     9
 -1.3139370087541453E+00 a        40     0     2     1    10
 -2.9019647818311336E+00 a        41     0     2     1    11
 -3.6682218284325860E+00 a        42     0     2     1    12
 -3.6022387730443217E+00 a        43     0     2     1    13
 -2.2163641112111478E+00 a        44     0     2     1    14
  1.2161165533469822E+01 a        45     0     2     1    15
  2.3488940099464845E+01 a        46     0     2     1    16
  3.5351612267031713E+00 a        47     0     2     1    17
  2.8812291185105249E+01 a        48     0     2     1    18
 -1.3128400093515042E+01 a        49     0     2     1    19
 -2.2252777389091163E+00 a        50     0     2     1    20
 -9.0476611625334991E-01 a        51     0     2     1    21
  2.0804677251364434E-01 a        52     0     2     1    22
 -2.2847192032776125E+00 a        53     0     2     1    23
  1.6711245508818834E+01 a        54     0     2     1    24
  3.7387287580373378E+00 a        55     0     2     1    25
  1.5879185156051316E+01 a        56     0     2     1    26
  5.0224997405372198E+00 a        57     0     2     1    27
 -5.6706047605892902E+00 a        58     0     2     1    28
  4.6056117640079757E+00 a        59     0     2     1    29
 -6.4683703441563845E+00 a        60     0     2     1    30
  3.4934241147289220E+00 a        61     0     3     1     1
  1.9744769527636226E+01 a        62     0     3     1     2
  2.4181837930225387E+00 a        63     0     3     1     3
  5.3166800255390436E+00 a        64     0     3     1     4
 -7.6762104212231881E+00 a        65     0     3     1     5
 -2.5650007192673567E+00 a        66     0     3     1     6
 -8.3701231998646612E+00 a        67     0     3     1     7
 -6.6080869044569370E+00 a        68     0     3     1     8
  4.7391175732038260E-01 a        69     0     3     1     9
 -4.2168706541866694E+00 a        70     0     3     1    10
 -8.0841810955007034E+00 a        71     0     3     1    11
 -1.2127025066845354E+01 a        72     0     3     1    12
  2.9515781503478964E+00 a        73     0     3     1    13
  1.1760974310047716E+00 a        74     0     3     1    14
  4.0466238579109612E+00 a        75     0     3     1    15
 -1.3818104933518608E+01 a        76     0     3     1    16
  3.2610594242899366E-01 a        77     0     3     1    17
 -2.9881219664217296E-01 a        78     0     3     1    18
  1.0285194337954655E+01 a        79     0     3     1    19
  3.5098463030588727E+00 a        80     0     3     1    20
  7.9720375356012365E+00 a        81     0     3     1    21
  8.9112885830454882E+00 a        82     0     3     1    22
  8.2150662085782677E+00 a        83     0     3     1    23
 -3.2865368845537826E+00 a        84     0     3     1    24
 -1.1450376209523976E+00 a        85     0     3     1    25
 -4.0642501032665681E+00 a        86     0     3     1    26
 -4.2918412475386463E+00 a        87     0     3     1    27
 -6.5635282434497970E+00 a        88     0     3     1    28
 -1.9451716652899851E+00 a        89     0     3     1    29
 -4.8938753259474060E-01 a        90     0     3     1    30
  2.5079840074363887E+01 a        91     0     4     1     1
 -1.3740446927253551E+01 a        92     0     4     1     2
  2.4017962897203340E+01 a        93     0     4     1     3
 -4.3648984017775055E-01 a        94     0     4     1     4
 -6.2363263058104286E+00 a        95     0     4     1     5
 -1.5275354934688288E+01 a        96     0     4     1     6
 -5.9295730034637131E+01 a        97     0     4     1     7
  2.3208060166001516E+01 a        98     0     4     1     8
  3.1887856187892595E+01 a        99     0     4     1     9
 -2.2400030713310407E+01 a       100     0     4     1    10
  1.4054955318588587E+00 a       101     0     4     1    11
  1.0051780298095618E+01 a       102     0     4     1    12
 -4.7390604677715160E+01 a       103     0     4     1    13
 -2.1696618098011495E+01 a       104     0     4     1    14
  3.8220417180432307E+01 a       105     0     4     1    15
  8.0121430632784474E+00 a       106     0     4     1    16
  1.5425195970394132E+01 a       107     0     4     1    17
  1.4703313510290206E+01 a       108     0     4     1    18
 -3.2107479537367574E+01 a       109     0     4     1    19
  8.2719669360600552E+00 a       110     0     4     1    20
  1.7435150669295869E+01 a       111     0     4     1    21
 -1.0581295110457538E+00 a       112     0     4     1    22
 -1.1322884438319928E+01 a       113     0     4     1    23
 -1.9287838646727547E+01 a       114     0     4     1    24
  2.5505330346053743E+01 a       115     0     4     1    25
  1.9241157450400141E+01 a       116     0     4     1    26
  9.1553163332265886E+00 a       117     0     4     1    27
 -2.0675717848866014E+01 a       118     0     4     1    28
 -6.6460043961072257E+00 a       119     0     4     1    29
 -4.2620649676808169E+00 a       120     0     4     1    30
 -1.5763652994011437E+00 a       121     0     5     1     1
  7.6781426533937562E+00 a       122     0     5     1     2
  1.5494338022307008E+00 a       123     0     5     1     3
 -4.8303211983279866E+00 a       124     0     5     1     4
 -3.9093650520651448E+00 a       125     0     5     1     5
  3.5948352579152260E-01 a       126     0     5     1     6
 -9.2779869590099906E-01 a       127     0     5     1     7
 -6.3699376228959768E+00 a       128     0     5     1     8
 -5.2574505683505901E+00 a       129     0     5     1     9
  1.4261534986640243E+00 a       130     0     5     1    10
 -3.8286512932701950E+00 a       131     0     5     1    11
 -5.8771313846525874E-01 a       132     0     5     1    12
  1.6023983038332155E+00 a       133     0     5     1    13
  2.5155506057845454E+00 a       134     0     5     1    14
 -1.5151748172783248E+00 a       135     0     5     1    15
  2.2062163234165912E+00 a       136     0     5     1    16
 -1.6129774492684341E+00 a       137     0     5     1    17
  5.0621376069450026E+00 a       138     0     5     1    18
  1.2736622949917764E+00 a       139     0     5     1    19
 -2.3297948433602582E+00 a       140     0     5     1    20
  3.0458408119542959E+00 a       141     0     5     1    21
 -3.1519901280328679E+00 a       142     0     5     1    22
  1.7725295390252679E-01 a       143     0     5     1    23
  7.4199958534971575E+00 a       144     0     5     1    24
 -3.5443338247449243E+00 a       145     0     5     1    25
 -7.2688881454958008E+00 a       146     0     5     1    26
 -3.1173445023069171E+00 a       147     0     5     1    27
 -5.1960895746187741E-01 a       148     0     5     1    28
 -2.3186659681738626E+00 a       149     0     5     1    29
 -1.7937346451229024E+00 a       150     0     5     1    30
  6.5846482241873998E+00 a       151     0     6     1     1
 -5.3139929739682259E+00 a       152     0     6     1     2
  5.2332856735322641E+00 a       153     0     6     1     3
 -2.7286540957960463E+00 a       154     0     6     1     4
 -3.2929608496994445E-02 a       155     0     6     1     5
 -2.4543343985839994E+00 a       156     0     6     1     6
  6.5969944389090374E-01 a       157     0     6     1     7
  2.9284377911568189E+00 a       158     0     6     1     8
  4.2433430756550310E+00 a       159     0     6     1     9
 -1.0864750392862987E+00 a       160     0     6     1    10
  2.0790384017072068E+00 a       161     0     6     1    11
 -2.6303598207738053E+00 a       162     0     6     1    12
  7.6891205444655919E-01 a       163     0     6     1    13
  5.9645430312332461E+00 a       164     0     6     1    14
  6.0723678158581036E+00 a       165     0     6     1    15
 -8.7490187166587019E-01 a       166     0     6     1    16
  6.0851385695999758E+00 a       167     0     6     1    17
 -3.6640876008153942E+00 a       168     0     6     1    18
  1.1869533826078960E+00 a       169     0     6     1    19
  4.1939069509488682E+00 a       170     0     6     1    20
 -1.1672369261920468E+00 a       171     0     6     1    21
  1.9151645076172528E+00 a       172     0     6     1    22
 -2.9957129531044607E-02 a       173     0     6     1    23
 -7.0059229912371155E+00 a       174     0     6     1    24
  1.2158214403885554E+01 a       175     0     6     1    25
  4.7799044619090676E+00 a       176     0     6     1    26
  1.2731420440809051E+00 a       177     0     6     1    27
  6.0408368555675618E-01 a       178     0     6     1    28
 -2.1415522759623808E+00 a       179     0     6     1    29
  4.3455525551295775E+00 a       180     0     6     1    30
 -5.7516240391164049E+00 a       181     0     7     1     1
  7.7157135799171881E+00 a       182     0     7     1     2
  9.0584752010624001E+00 a       183     0     7     1     3
 -7.1119124904900910E-02 a       184     0     7     1     4
 -3.4785697894472638E+00 a       185     0     7     1     5
 -1.2171651039463993E+00 a       186     0     7     1     6
 -5.0640036739646055E-01 a       187     0     7     1     7
 -3.0621433533616700E+00 a       188     0     7     1     8
 -8.8742461557348229E-01 a       189     0     7     1     9
  1.6622676107145737E+00 a       190     0     7     1    10
 -3.8805692133113174E+00 a       191     0     7     1    11
 -4.9045302401807183E+00 a       192     0     7     1    12
 -7.9020515650273282E-01 a       193     0     7     1    13
  2.8666350642035918E+00 a       194     0     7     1    14
 -6.9746998692512205E+00 a       195     0     7     1    15
  8.7880181940705127E-02 a       196     0     7     1    16
  6.2861753825695488E-01 a       197     0     7     1    17
  2.4722696929625374E+00 a       198     0     7     1    18
  2.1891872482827655E+00 a       199     0     7     1    19
  7.4599553839751942E-01 a       200     0     7     1    20
  8.1724475710810314E+00 a       201     0     7     1    21
 -2.2284435220624395E+00 a       202     0     7     1    22
 -9.6814396314158682E+00 a       203     0     7     1    23
  8.0397208193787240E+00 a       204     0     7     1    24
  2.0372793658776933E+00 a       205     0     7     1    25
 -6.6248507861128187E+00 a       206     0     7     1    26
 -5.2182897074443595E+00 a       207     0     7     1    27
  1.0670323968454991E+00 a       208     0     7     1    28
 -3.5826870833472833E+00 a       209     0     7     1    29
 -2.5468242674832746E+00 a       210     0     7     1    30
 -9.3589368142339904E+00 a       211     0     8     1     1
  2.1872139841746971E+00 a       212     0     8     1     2
 -5.5072495165571445E-01 a       213     0     8     1     3
 -1.8414478397633514E+00 a       214     0     8     1     4
  4.6162245402960833E+00 a       215     0     8     1     5
 -5.3088551850114056E+00 a       216     0     8     1     6
  1.5400644505206900E+01 a       217     0     8     1     7
  4.4915239451775157E+00 a       218     0     8     1     8
 -1.2429028488228116E+01 a       219     0     8     1     9
  4.8502521838683839E+00 a       220     0     8     1    10
 -7.1623589009153799E+00 a       221     0     8     1    11
  6.3947559911761809E-01 a       222     0     8     1    12
 -7.6607288949403083E+00 a       223     0     8     1    13
  1.3906590610897551E+00 a       224     0     8     1    14
 -2.2353411075266553E+01 a       225     0     8     1    15
  5.0097161840662610E+00 a       226     0     8     1    16
  7.3126025825910057E+00 a       227     0     8     1    17
 -2.8363290279032376E+00 a       228     0     8     1    18
 -6.2097482118744585E-01 a       229     0     8     1    19
  8.5024868447950865E+00 a       230     0     8     1    20
 -3.1722473595775478E+00 a       231     0     8     1    21
 -1.1412839768315437E+00 a       232     0     8     1    22
 -1.7071714358173178E+01 a       233     0     8     1    23
  1.2824460957182168E+01 a       234     0     8     1    24
  1.7367384793034284E+00 a       235     0     8     1    25
 -1.6179041507559191E+01 a       236     0     8     1    26
  5.7406975090033621E+00 a       237     0     8     1    27
  9.2497158375400570E+00 a       238     0     8     1    28
  1.2667995274454329E+01 a       239     0     8     1    29
 -1.7775209502140249E-01 a       240     0     8     1    30
 -1.3224389639416283E+00 a       241     0     9     1     1
 -1.9341671839322281E+00 a       242     0     9     1     2
 -7.9453305481247858E+00 a       243     0     9     1     3
  4.8658712247842599E+00 a       244     0     9     1     4
  1.5111249624564178E+00 a       245     0     9     1     5
  1.3503335439413868E+00 a       246     0     9     1     6
 -1.5881005023865422E+00 a       247     0     9     1     7
 -9.7834614445655230E+00 a       248     0     9     1     8
  5.9748361587866246E+00 a       249     0     9     1     9
  3.4842957822105753E+00 a       250     0     9     1    10
  3.0003029454071695E+00 a       251     0     9     1    11
  1.2763311302583551E+00 a       252     0     9     1    12
  1.3094615262511907E+01 a       253     0     9     1    13
  4.0479505592753888E+00 a       254     0     9     1    14
  2.8623921667917527E+00 a       255     0     9     1    15
  7.7001790303099842E+00 a       256     0     9     1    16
 -4.9442288156207335E+00 a       257     0     9     1    17
  5.7716845355970814E-01 a       258     0     9     1    18
  1.4475996970028421E+01 a       259     0     9     1    19
 -7.0835574399883861E+00 a       260     0     9     1    20
  5.4388380169283144E+00 a       261     0     9     1    21
  3.1088311302891571E+00 a       262     0     9     1    22
  7.7349840226660032E+00 a       263     0     9     1    23
 -6.2856547052501615E+00 a       264     0     9     1    24
  3.7148529289405618E+00 a       265     0     9     1    25
  1.6799755451740982E+01 a       266     0     9     1    26
 -2.9051480832590828E+00 a       267     0     9     1    27
  4.6990596203825135E+00 a       268     0     9     1    28
  1.2097740741663119E+00 a       269     0     9     1    29
 -8.1602206588742465E-01 a       270     0     9     1    30
 -4.0687913764696804E-01 a       271     0    10     1     1
  1.2427832294972798E+00 a       272     0    10     1     2
 -2.2795888113542930E+00 a       273     0    10     1     3
 -5.8248405617295385E+00 a       274     0    10     1     4
  1.7646561656093784E+00 a       275     0    10     1     5
 -1.8796483503603079E+00 a       276     0    10     1     6
  7.5000193947685745E-01 a       277     0    10     1     7
 -3.8669768836511849E+00 a       278     0    10     1     8
 -2.5416348474843433E+00 a       279     0    10     1     9
 -6.0273798755728725E-01 a       280     0    10     1    10
 -3.0113142348019331E+00 a       281     0    10     1    11
 -1.6503848801682189E-01 a       282     0    10     1    12
 -4.2714469317845909E+00 a       283     0    10     1    13
  5.8986845451429770E-01 a       284     0    10     1    14
 -1.4620197537715679E-01 a       285     0    10     1    15
  1.8340863587434446E+00 a       286     0    10     1    16
 -3.8026142843580470E+00 a       287     0    10     1    17
  1.6138297573162304E+00 a       288     0    10     1    18
  6.6289131735351692E-01 a       289     0    10     1    19
 -6.6251032268339827E-01 a       290     0    10     1    20
 -4.2881358013734466E-01 a       291     0    10     1    21
 -8.2119511604991657E-01 a       292     0    10     1    22
  1.0117538878915155E+00 a       293     0    10     1    23
  1.8343450990913956E+00 a       294     0    10     1    24
 -4.0408477055417924E+00 a       295     0    10     1    25
 -4.7637374861365451E+00 a       296     0    10     1    26
 -5.2381830102241631E+00 a       297     0    10     1    27
 -1.1660004694218933E-01 a       298     0    10     1    28
  3.2692025493297132E-02 a       299     0    10     1    29
 -9.7138824575904859E-01 a       300     0    10     1    30
  4.5022645566997559E+00 a       301     0    11     1     1
 -3.0973839852861116E+00 a       302     0    11     1     2
  3.4343039005908889E+00 a       303     0    11     1     3
  5.0468896545341968E+00 a       304     0    11     1     4
 -1.6743467175097906E+00 a       305     0    11     1     5
  5.6245233690001062E-01 a       306     0    11     1     6
  1.0984514736057778E+00 a       307     0    11     1     7
  3.9902557144844768E+00 a       308     0    11     1     8
  1.9621226853295548E+00 a       309     0    11     1     9
 -7.1174939027360062E-01 a       310     0    11     1    10
 -1.8552779626744770E-01 a       311     0    11     1    11
  3.9845559501326666E+00 a       312     0    11     1    12
  6.9561254071453127E-01 a       313     0    11     1    13
  1.8287386907368122E+00 a       314     0    11     1    14
 -1.0240081333312767E-01 a       315     0    11     1    15
 -6.9120136370648522E-01 a       316     0    11     1    16
  3.9248756245522896E+00 a       317     0    11     1    17
 -1.8910054863546739E+00 a       318     0    11     1    18
  9.8569166830791877E-01 a       319     0    11     1    19
 -2.5932472790398933E+00 a       320     0    11     1    20
  1.8333462897219135E+00 a       321     0    11     1    21
 -6.4001439323467348E+00 a       322     0    11     1    22
 -1.5002371826544521E+00 a       323     0    11     1    23
 -9.7739680450531075E-01 a       324     0    11     1    24
  5.0433495814481955E+00 a       325     0    11     1    25
  1.9022545432425553E+00 a       326     0    11     1    26
  7.8396909891198385E-01 a       327     0    11     1    27
 -1.5538016051698373E+00 a       328     0    11     1    28
 -2.9694306292144446E+00 a       329     0    11     1    29
  3.3354274555818852E+00 a       330     0    11     1    30
 -4.7218976062460936E+00 a       331     0    12     1     1
  1.1376605194389420E+01 a       332     0    12     1     2
 -3.1695754852631821E+00 a       333     0    12     1     3
 -3.0382929045261502E+00 a       334     0    12     1     4
 -4.4451618421707897E+00 a       335     0    12     1     5
 -1.9260007059252544E+00 a       336     0    12     1     6
  1.2542055986520570E+01 a       337     0    12     1     7
 -1.4808815722074815E+01 a       338     0    12     1     8
 -7.1951819698632189E+00 a       339     0    12     1     9
 -6.3281238546995153E+00 a       340     0    12     1    10
 -5.8486808442104721E-01 a       341     0    12     1    11
  1.2796651546743856E+00 a       342     0    12     1    12
 -1.9828324165892985E+00 a       343     0    12     1    13
  2.6077824791112949E+00 a       344     0    12     1    14
 -2.7095659494397655E+01 a       345     0    12     1    15
 -1.1675503531092758E+01 a       346     0    12     1    16
  6.9008587622562600E-01 a       347     0    12     1    17
 -1.0609704959003830E+01 a       348     0    12     1    18
  1.2086050923446274E+01 a       349     0    12     1    19
 -7.2499771639636323E+00 a       350     0    12     1    20
  2.3365703060457790E+00 a       351     0    12     1    21
  9.9585246359052562E+00 a       352     0    12     1    22
  8.7153319822026649E+00 a       353     0    12     1    23
 -4.7216805186086450E+00 a       354     0    12     1    24
 -6.2065480152005206E+00 a       355     0    12     1    25
 -2.0295310073531738E+01 a       356     0    12     1    26
 -7.3637124606984088E+00 a       357     0    12     1    27
  9.4066599870201841E+00 a       358     0    12     1    28
 -9.8743570561712062E+00 a       359     0    12     1    29
  7.5144756959292769E+00 a       360     0    12     1    30
  1.3445661144620175E+01 a       361     0    13     1     1
  6.7611302167027088E-01 a       362     0    13     1     2
 -1.2240525702519681E+01 a       363     0    13     1     3
  7.0495046668674730E+00 a       364     0    13     1     4
  4.2246237223602261E+00 a       365     0    13     1     5
  1.5729669028668146E+01 a       366     0    13     1     6
  9.9486190333816733E+00 a       367     0    13     1     7
  8.0947138688717040E+00 a       368     0    13     1     8
 -6.8782730177910367E-01 a       369     0    13     1     9
  1.3259330108422214E+01 a       370     0    13     1    10
  4.2470904097892674E+00 a       371     0    13     1    11
 -6.7544754111106746E+00 a       372     0    13     1    12
 -7.8962287167918452E+00 a       373     0    13     1    13
  5.8966269148659869E+00 a       374     0    13     1    14
  1.1708769424772569E+01 a       375     0    13     1    15
 -1.0922554403556727E+01 a       376     0    13     1    16
  5.8738790129365048E+00 a       377     0    13     1    17
 -1.6103189379208331E+01 a       378     0    13     1    18
 -4.1564875010288729E+00 a       379     0    13     1    19
  6.6827928996986161E+00 a       380     0    13     1    20
 -4.0613121448636944E+00 a       381     0    13     1    21
 -2.6990419781365176E+01 a       382     0    13     1    22
 -6.1589452340594821E+00 a       383     0    13     1    23
  1.3546456222419845E+01 a       384     0    13     1    24
  2.3712294522797577E+00 a       385     0    13     1    25
 -2.3890789757099402E+01 a       386     0    13     1    26
  1.3863183155916385E+01 a       387     0    13     1    27
 -5.6467495947987327E+00 a       388     0    13     1    28
  1.1258689917592870E+01 a       389     0    13     1    29
 -6.3443994994680120E+00 a       390     0    13     1    30
  4.5045442996354019E+00 a       391     0    14     1     1
 -1.2566986928481764E+01 a       392     0    14     1     2
  3.1128501670925779E+00 a       393     0    14     1     3
  2.3022403091036075E+01 a       394     0    14     1     4
  1.7123577308019222E+01 a       395     0    14     1     5
 -2.1955247740761799E+00 a       396     0    14     1     6
  9.1175379566349779E+00 a       397     0    14     1     7
  2.8459051096351505E+01 a       398     0    14     1     8
 -3.8934590083994243E+00 a       399     0    14     1     9
  1.9085195862848579E+01 a       400     0    14     1    10
 -1.7552979435254716E+00 a       401     0    14     1    11
  9.5524430517403380E-01 a       402     0    14     1    12
  1.7570984978141095E+01 a       403     0    14     1    13
  6.7061206773715760E+00 a       404     0    14     1    14
  3.3922139623161151E+01 a       405     0    14     1    15
  8.0952389873377033E+00 a       406     0    14     1    16
 -6.7056998657815647E+00 a       407     0    14     1    17
 -2.3159786127292712E+01 a       408     0    14     1    18
  3.1583804467296330E+00 a       409     0    14     1    19
  9.4148748042438477E+00 a       410     0    14     1    20
 -8.7653996343747007E+00 a       411     0    14     1    21
 -2.5584733899265856E+01 a       412     0    14     1    22
 -2.2268497852926131E+01 a       413     0    14     1    23
 -9.7455066989912122E+00 a       414     0    14     1    24
 -3.9606494874325848E-01 a       415     0    14     1    25
  1.1155399909854738E+01 a       416     0    14     1    26
  2.1064669694881943E+01 a       417     0    14     1    27
 -1.3437765557559686E+01 a       418     0    14     1    28
  1.9655480865418834E+01 a       419     0    14     1    29
 -9.2216879541302301E+00 a       420     0    14     1    30
  1.1152426181829863E+01 a       421     0    15     1     1
  1.6829472841162037E+01 a       422     0    15     1     2
 -1.7937775019341453E+00 a       423     0    15     1     3
  1.7839883537802482E+01 a       424     0    15     1     4
  1.0899263827752833E+01 a       425     0    15     1     5
 -1.1141226151830466E+01 a       426     0    15     1     6
 -1.5015450002644336E+01 a       427     0    15     1     7
  2.3372416488732572E+01 a       428     0    15     1     8
 -1.7966321890487940E+01 a       429     0    15     1     9
  1.0414747561560903E+01 a       430     0    15     1    10
  8.3610665496933412E-01 a       431     0    15     1    11
 -4.6784121579809455E+00 a       432     0    15     1    12
 -3.8474782471854687E+00 a       433     0    15     1    13
 -1.2279808186888994E+00 a       434     0    15     1    14
  5.0362536423884826E+01 a       435     0    15     1    15
 -1.8102464564612152E+01 a       436     0    15     1    16
  4.5501972748869983E+00 a       437     0    15     1    17
 -1.4288505718185420E+00 a       438     0    15     1    18
  8.8428485998319335E+00 a       439     0    15     1    19
  1.4440868336391617E+01 a       440     0    15     1    20
 -8.2375031836617278E+00 a       441     0    15     1    21
 -2.7053345159673068E+01 a       442     0    15     1    22
 -2.8991294682159221E+01 a       443     0    15     1    23
 -8.8346918125924141E+00 a       444     0    15     1    24
 -2.9183731870026719E+00 a       445     0    15     1    25
  1.8593116535170719E+01 a       446     0    15     1    26
  2.2804350699489035E+01 a       447     0    15     1    27
 -2.2264751130948991E+01 a       448     0    15     1    28
  3.4454788725741039E+01 a       449     0    15     1    29
  3.2132341429187159E+00 a       450     0    15     1    30
 -2.6267636924990119E+00 a       451     0    16     1     1
 -3.0904300856159196E+01 a       452     0    16     1     2
  4.1437027807166311E+00 a       453     0    16     1     3
 -1.0877142450193878E+01 a       454     0    16     1     4
  8.7155441013843027E-01 a       455     0    16     1     5
  1.5237575645439886E+01 a       456     0    16     1     6
  1.4543300734088954E+01 a       457     0    16     1     7
  5.1086079790328416E+00 a       458     0    16     1     8
  1.6085092729888157E+01 a       459     0    16     1     9
 -3.0993341708026090E-01 a       460     0    16     1    10
  1.1047783768466600E+01 a       461     0    16     1    11
  1.2564059650325214E+01 a       462     0    16     1    12
 -1.5670849035729115E+00 a       463     0    16     1    13
 -8.0923025175024976E-01 a       464     0    16     1    14
 -1.6482277354209767E+01 a       465     0    16     1    15
  3.2710168726879189E+01 a       466     0    16     1    16
 -7.0681946558542590E+00 a       467     0    16     1    17
  1.6818959201657124E+00 a       468     0    16     1    18
 -1.9418221708393983E+01 a       469     0    16     1    19
 -8.1332130227070074E+00 a       470     0    16     1    20
 -5.4189681319898160E+00 a       471     0    16     1    21
  4.3003497639310613E+00 a       472     0    16     1    22
  7.6011217417522143E+00 a       473     0    16     1    23
  8.5575602774985455E+00 a       474     0    16     1    24
  7.3711774903007790E+00 a       475     0    16     1    25
 -4.7886378179597573E+00 a       476     0    16     1    26
 -3.7332521491936674E+00 a       477     0    16     1    27
  1.2214957418834311E+01 a       478     0    16     1    28
 -1.2816685136860173E+01 a       479     0    16     1    29
 -1.0562922969061372E+01 a       480     0    16     1    30
 -1.6512812377007286E+01 a       481     0    17     1     1
  3.7754838827967901E-01 a       482     0    17     1     2
 -2.3590550543975461E+00 a       483     0    17     1     3
  3.6949318690257669E+00 a       484     0    17     1     4
 -3.9997820876146342E+01 a       485     0    17     1     5
  1.6722457227304613E+01 a       486     0    17     1     6
  3.9953103357514024E+01 a       487     0    17     1     7
 -1.8407191051330329E+01 a       488     0    17     1     8
  1.0124177771194852E+01 a       489     0    17     1     9
  1.7756816874843199E+01 a       490     0    17     1    10
 -2.1142843294519604E+01 a       491     0    17     1    11
  2.7583459605292319E+01 a       492     0    17     1    12
  4.1406311097615095E+01 a       493     0    17     1    13
  1.8294304262853817E+01 a       494     0    17     1    14
 -2.8980429392460547E+01 a       495     0    17     1    15
 -2.1905626310272101E+01 a       496     0    17     1    16
 -4.6098937175559289E+00 a       497     0    17     1    17
  1.9004185582744132E+01 a       498     0    17     1    18
  4.9070960975576963E+00 a       499     0    17     1    19
  1.9953982534493854E+01 a       500     0    17     1    20
 -2.6350977458350908E+01 a       501     0    17     1    21
 -4.9577632111034067E+00 a       502     0    17     1    22
 -2.4258782851589149E+01 a       503     0    17     1    23
 -1.3162802542972614E+01 a       504     0    17     1    24
  2.1732123359393882E+00 a       505     0    17     1    25
 -2.5695982201242558E+01 a       506     0    17     1    26
 -1.6342030778733140E+01 a       507     0    17     1    27
 -4.6243396462036266E+01 a       508     0    17     1    28
 -9.4831871603829221E+00 a       509     0    17     1    29
  1.6896072086653991E+01 a       510     0    17     1    30
  1.1033360617632493E+01 a       511     0    18     1     1
  1.8916098601144800E+01 a       512     0    18     1     2
  7.7585715475291490E+00 a       513     0    18     1     3
  7.7678479642949915E-03 a       514     0    18     1     4
  8.9592832692621851E+00 a       515     0    18     1     5
 -4.6399606089447474E+00 a       516     0    18     1     6
 -2.1398307857219322E+01 a       517     0    18     1     7
  2.3076310508485115E+01 a       518     0    18     1     8
 -2.5640231938099205E+01 a       519     0    18     1     9
 -2.9119989591297767E+01 a       520     0    18     1    10
 -1.5830123552963213E+00 a       521     0    18     1    11
 -1.0411244617554148E+01 a       522     0    18     1    12
 -3.0366420798847997E+01 a       523     0    18     1    13
 -1.4533940252188371E+01 a       524     0    18     1    14
  2.9499284494042509E+01 a       525     0    18     1    15
  5.5231043974298117E+00 a       526     0    18     1    16
 -7.8677301282612140E+00 a       527     0    18     1    17
  1.1084295755629809E+00 a       528     0    18     1    18
 -1.4840936794082840E+01 a       529     0    18     1    19
 -3.0441308081784552E+01 a       530     0    18     1    20
  2.4644555219475645E+01 a       531     0    18     1    21
 -2.5895781767942516E+00 a       532     0    18     1    22
  1.2161616037901560E+01 a       533     0    18     1    23
 -1.1823958503952353E+01 a       534     0    18     1    24
 -1.3493455990665293E-01 a       535     0    18     1    25
  2.6129873608902874E+00 a       536     0    18     1    26
 -1.8836187346219619E+00 a       537     0    18     1    27
  3.9031217434406209E+01 a       538     0    18     1    28
 -1.1836752100537411E+00 a       539     0    18     1    29
 -1.0068106126265764E+01 a       540     0    18     1    30
  9.3890581862300664E+00 a       541     0    19     1     1
  2.1783474823231530E+00 a       542     0    19     1     2
 -6.5105811120911816E-01 a       543     0    19     1     3
 -1.0868366906270024E+01 a       544     0    19     1     4
  2.6356767904271567E+01 a       545     0    19     1     5
 -1.9583658260729813E+01 a       546     0    19     1     6
 -8.2857067354500273E+00 a       547     0    19     1     7
 -5.1127554146344867E+00 a       548     0    19     1     8
 -1.8209462575611832E+00 a       549     0    19     1     9
 -1.0430447892120840E+01 a       550     0    19     1    10
 -2.6579807302725456E-01 a       551     0    19     1    11
 -1.3272097184056615E+00 a       552     0    19     1    12
  1.7214186525695389E+01 a       553     0    19     1    13
  1.0106621558900805E+01 a       554     0    19     1    14
 -1.0818992358884334E+01 a       555     0    19     1    15
  1.4227518740439567E+01 a       556     0    19     1    16
  2.3655976011011082E+00 a       557     0    19     1    17
 -8.6769479646107488E+00 a       558     0    19     1    18
  2.0105274614061730E+00 a       559     0    19     1    19
 -1.8341199607027619E+01 a       560     0    19     1    20
 -4.3937151971918968E+00 a       561     0    19     1    21
 -1.2323948498245901E+01 a       562     0    19     1    22
  2.4941451939786685E+01 a       563     0    19     1    23
 -7.4104276230918531E-02 a       564     0    19     1    24
 -2.5624930777265162E+00 a       565     0    19     1    25
 -1.6072164542658783E+01 a       566     0    19     1    26
  6.9864268829435909E+00 a       567     0    19     1    27
  2.0956800811923046E+01 a       568     0    19     1    28
 -1.4089937871054543E+01 a       569     0    19     1    29
 -6.7562052191604636E+00 a       570     0    19     1    30
 -1.8135756316142476E+01 a       571     0    20     1     1
 -1.6236112434502147E+01 a       572     0    20     1     2
  1.8641742661859144E+01 a       573     0    20     1     3
 -1.1344390555357046E+01 a       574     0    20     1     4
 -8.5501395730934941E+00 a       575     0    20     1     5
  2.0934638113506931E+01 a       576     0    20     1     6
  1.0542131697650429E+01 a       577     0    20     1     7
 -1.6187993061000785E+01 a       578     0    20     1     8
 -2.3244950044569661E+00 a       579     0    20     1     9
  1.7935760428385287E+01 a       580     0    20     1    10
  9.7820251126844293E-01 a       581     0    20     1    11
  5.4780934437092830E+00 a       582     0    20     1    12
  2.8209600477141410E+00 a       583     0    20     1    13
 -5.4126386261520762E+00 a       584     0    20     1    14
  7.2255908229509780E+00 a       585     0    20     1    15
 -9.1997190028290063E+00 a       586     0    20     1    16
  2.3019256485648341E+01 a       587     0    20     1    17
 -2.4327003659772707E+01 a       588     0    20     1    18
 -5.1856697179486648E+00 a       589     0    20     1    19
 -1.9536186686487085E+01 a       590     0    20     1    20
  8.4846359125803126E+00 a       591     0    20     1    21
 -6.7766183985628254E+00 a       592     0    20     1    22
  3.5323799177663160E+00 a       593     0    20     1    23
 -1.1267883547130142E+01 a       594     0    20     1    24
  4.9970450630703693E+00 a       595     0    20     1    25
  6.2685362395127731E-01 a       596     0    20     1    26
  1.0939093514422861E+01 a       597     0    20     1    27
  8.6579991250037072E+00 a       598     0    20     1    28
  1.7720562780411424E+01 a       599     0    20     1    29
 -1.9381631438860737E+01 a       600     0    20     1    30
 -9.0969082367577716E+00 a       601     0    21     1     1
 -1.1066912042700936E+00 a       602     0    21     1     2
  1.2552879284775885E+01 a       603     0    21     1     3
  8.0884785179594019E+00 a       604     0    21     1     4
 -1.2618905902662917E+01 a       605     0    21     1     5
 -7.1567023041359450E+00 a       606     0    21     1     6
 -1.1094817492558773E+01 a       607     0    21     1     7
  2.6442962715722755E+00 a       608     0    21     1     8
 -3.1546033225537052E+01 a       609     0    21     1     9
  5.4247230193333449E+00 a       610     0    21     1    10
  7.0251043849868831E+00 a       611     0    21     1    11
  6.7157540320489941E+00 a       612     0    21     1    12
 -1.2067678288668340E+01 a       613     0    21     1    13
 -7.5726430222573589E+00 a       614     0    21     1    14
  5.8462182703789445E-01 a       615     0    21     1    15
  5.4349567292369916E-01 a       616     0    21     1    16
  3.2301364093386828E+00 a       617     0    21     1    17
  1.4913589308630344E+01 a       618     0    21     1    18
  1.8770795168337400E+00 a       619     0    21     1    19
  4.7883357758809328E+00 a       620     0    21     1    20
  5.0252504244961926E+00 a       621     0    21     1    21
 -8.8023512774543686E+00 a       622     0    21     1    22
  2.2053666328219393E+01 a       623     0    21     1    23
  1.6968169565412055E+01 a       624     0    21     1    24
 -1.3971078159588334E+01 a       625     0    21     1    25
  1.3017780336434750E+01 a       626     0    21     1    26
  5.9169970111308592E+00 a       627     0    21     1    27
 -1.3079946742880210E+01 a       628     0    21     1    28
 -5.7170502167668982E+00 a       629     0    21     1    29
 -1.7082618005624788E+00 a       630     0    21     1    30
 -2.2480910486129410E+01 a       631     0    22     1     1
 -8.7838714905275985E+00 a       632     0    22     1     2
 -1.9530106176875801E+01 a       633     0    22     1     3
  7.7054781765868641E-01 a       634     0    22     1     4
  1.2512218931285583E+01 a       635     0    22     1     5
 -2.0248995871839355E+01 a       636     0    22     1     6
 -2.2093514027879568E+01 a       637     0    22     1     7
  1.7642200460839959E+01 a       638     0    22     1     8
  1.9845665307148588E-01 a       639     0    22     1     9
  3.3670538955485227E+01 a       640     0    22     1    10
 -1.2156806604405281E+01 a       641     0    22     1    11
 -4.2481585308112471E+01 a       642     0    22     1    12
 -9.3327136565705970E+00 a       643     0    22     1    13
  1.3766090738072496E+00 a       644     0    22     1    14
  1.9884676389165570E+01 a       645     0    22     1    15
  4.0345282066735187E+01 a       646     0    22     1    16
  1.9006360370117537E+01 a       647     0    22     1    17
  2.9089482987717378E+01 a       648     0    22     1    18
 -2.4101740579706377E+01 a       649     0    22     1    19
 -2.3373979744698442E+01 a       650     0    22     1    20
 -7.9388615956536652E+00 a       651     0    22     1    21
  1.3902234766596813E+01 a       652     0    22     1    22
  1.0897228134021580E+01 a       653     0    22     1    23
  3.0661403631146598E+01 a       654     0    22     1    24
 -8.0233691165739718E-01 a       655     0    22     1    25
  4.3813568897723442E+01 a       656     0    22     1    26
  9.4502928929344900E+00 a       657     0    22     1    27
  5.9073866364205749E+01 a       658     0    22     1    28
 -4.5477684036589734E+00 a       659     0    22     1    29
 -3.6219361823624574E+00 a       660     0    22     1    30
 -1.7255433890951136E-01 a       661     0    23     1     1
  3.0253494506760390E+01 a       662     0    23     1     2
  1.1104956841985395E+01 a       663     0    23     1     3
 -1.3841641142891172E+01 a       664     0    23     1     4
 -1.4099988426407348E+01 a       665     0    23     1     5
  4.2809569245421770E+01 a       666     0    23     1     6
 -7.7305063457763366E+00 a       667     0    23     1     7
 -4.9146236765606677E-01 a       668     0    23     1     8
  1.0410544647435005E+01 a       669     0    23     1     9
 -1.4791920802003778E+01 a       670     0    23     1    10
  2.9462394196127857E+01 a       671     0    23     1    11
  4.2473927366598261E+01 a       672     0    23     1    12
 -1.1661018891151009E+01 a       673     0    23     1    13
  6.9272604082743194E-01 a       674     0    23     1    14
  1.0267299660756407E+01 a       675     0    23     1    15
 -9.6160359238229525E+00 a       676     0    23     1    16
 -3.9796249924590770E+00 a       677     0    23     1    17
 -1.2786150598133188E+00 a       678     0    23     1    18
  8.3781540948339810E+00 a       679     0    23     1    19
 -1.6175784484450717E+00 a       680     0    23     1    20
  7.4859651223155961E+00 a       681     0    23     1    21
  1.0644404511521685E+01 a       682     0    23     1    22
 -2.9908962292920233E+01 a       683     0    23     1    23
  1.2213142920948778E+01 a       684     0    23     1    24
  5.2758530660560075E+00 a       685     0    23     1    25
 -2.3084000032569620E+01 a       686     0    23     1    26
 -1.8332040934852071E+01 a       687     0    23     1    27
 -4.3924024344849286E+01 a       688     0    23     1    28
  2.1829978791274240E+01 a       689     0    23     1    29
  1.0191729961481588E+01 a       690     0    23     1    30
  1.0632933648935197E+01 a       691     0    24     1     1
  8.6658665701305075E+00 a       692     0    24     1     2
 -1.7346459684795480E+01 a       693     0    24     1     3
 -6.1673805892713638E+00 a       694     0    24     1     4
  1.7445674325594648E+01 a       695     0    24     1     5
  1.4887428072527412E+01 a       696     0    24     1     6
  1.5065227224659877E+01 a       697     0    24     1     7
  3.0683674688528328E+00 a       698     0    24     1     8
  4.7116098624145366E+01 a       699     0    24     1     9
  2.3804885714106736E+00 a       700     0    24     1    10
 -6.4636837133925180E+00 a       701     0    24     1    11
 -4.4997390380868456E+00 a       702     0    24     1    12
  1.5701946723780750E+01 a       703     0    24     1    13
  1.0433434280456350E+01 a       704     0    24     1    14
  5.0723437559950053E+00 a       705     0    24     1    15
  8.9097968260102629E+00 a       706     0    24     1    16
 -5.4286069602420879E+00 a       707     0    24     1    17
 -2.1364063965675349E+01 a       708     0    24     1    18
 -7.1414813912432473E+00 a       709     0    24     1    19
 -1.1104932921218106E+01 a       710     0    24     1    20
 -9.0474378756584724E+00 a       711     0    24     1    21
  1.1077838844802823E+01 a       712     0    24     1    22
 -2.2107198989794796E+01 a       713     0    24     1    23
 -2.6972244827929156E+01 a       714     0    24     1    24
  2.8862250931364152E+01 a       715     0    24     1    25
 -7.0002558491769458E+00 a       716     0    24     1    26
 -1.2353082966131215E+01 a       717     0    24     1    27
  1.4166189015871979E+01 a       718     0    24     1    28
  1.0581376920385905E+01 a       719     0    24     1    29
  8.1457087292516839E+00 a       720     0    24     1    30
  1.5203296778783988E+01 a       721     0    25     1     1
 -2.5211509918246156E-01 a       722     0    25     1     2
 -4.0754548040939959E+01 a       723     0    25     1     3
  1.8454446229952037E+01 a       724     0    25     1     4
  1.3735655184306003E+01 a       725     0    25     1     5
 -2.9045332710858967E+00 a       726     0    25     1     6
 -2.6510499320649917E+01 a       727     0    25     1     7
  2.2440869324339346E+01 a       728     0    25     1     8
 -1.3108915276310627E+01 a       729     0    25     1     9
 -2.3712497042867899E+01 a       730     0    25     1    10
 -3.4937022399494658E+01 a       731     0    25     1    11
 -2.0684725484574500E+01 a       732     0    25     1    12
 -1.6708788909532750E+01 a       733     0    25     1    13
  1.8532047987453826E+01 a       734     0    25     1    14
  1.7164155176772404E+01 a       735     0    25     1    15
  1.4000869791871516E+01 a       736     0    25     1    16
 -1.0500821861425775E+01 a       737     0    25     1    17
  2.0529550056113095E+01 a       738     0    25     1    18
 -1.1038203839254800E+01 a       739     0    25     1    19
  2.3782620461684122E+01 a       740     0    25     1    20
 -1.0709325781908150E+01 a       741     0    25     1    21
 -1.2264707008818650E+01 a       742     0    25     1    22
  1.2811139057909186E+01 a       743     0    25     1    23
 -1.5426124827700261E+00 a       744     0    25     1    24
 -4.2755786980166226E+00 a       745     0    25     1    25
 -1.8909062733009954E+01 a       746     0    25     1    26
 -1.6859151534837309E+00 a       747     0    25     1    27
  2.3156044304217382E+00 a       748     0    25     1    28
  4.3531804405202470E+00 a       749     0    25     1    29
 -1.4549328945825689E+01 a       750     0    25     1    30
 -4.3789135220397036E+01 a       751     0    26     1     1
 -3.6126939880957195E+01 a       752     0    26     1     2
  6.1587819910822281E+00 a       753     0    26     1     3
 -5.0116123294659545E+01 a       754     0    26     1     4
  3.3775705376148380E+01 a       755     0    26     1     5
 -9.3888848100853526E+00 a       756     0    26     1     6
  9.6308034541488698E+00 a       757     0    26     1     7
 -1.2492215650513032E+01 a       758     0    26     1     8
  1.3826333302155280E+01 a       759     0    26     1     9
 -1.0399553296312096E+01 a       760     0    26     1    10
 -1.1473557086857438E+01 a       761     0    26     1    11
  8.7540490565673341E+00 a       762     0    26     1    12
  1.6626060601397803E+01 a       763     0    26     1    13
  1.4555403840268615E+00 a       764     0    26     1    14
  6.9632214383339641E-01 a       765     0    26     1    15
  5.4379969824090111E+00 a       766     0    26     1    16
 -3.7806043706851042E+01 a       767     0    26     1    17
  6.6710214389883964E+00 a       768     0    26     1    18
  1.7909351979189495E+01 a       769     0    26     1    19
  1.0783627601639544E+01 a       770     0    26     1    20
 -1.0987894695712720E+01 a       771     0    26     1    21
  2.1831455152563620E+01 a       772     0    26     1    22
 -1.0434531596281664E+01 a       773     0    26     1    23
  1.8770257769434323E+01 a       774     0    26     1    24
  8.5490847325492378E+00 a       775     0    26     1    25
  4.1240366753833960E+01 a       776     0    26     1    26
  1.6761427781321768E+01 a       777     0    26     1    27
 -3.6886575439425640E+00 a       778     0    26     1    28
  3.0283251490463698E+01 a       779     0    26     1    29
 -3.3244461858995727E+01 a       780     0    26     1    30
  9.6985983728746987E+00 a       781     0    27     1     1
  2.8967442759331412E+01 a       782     0    27     1     2
 -1.5206544296257791E+01 a       783     0    27     1     3
  4.9137774702951909E+00 a       784     0    27     1     4
  8.1114873756595305E+00 a       785     0    27     1     5
 -2.4513559428640118E+01 a       786     0    27     1     6
  1.7817471592083276E+01 a       787     0    27     1     7
 -2.8000355325443502E+00 a       788     0    27     1     8
 -6.3519494454296197E+00 a       789     0    27     1     9
  1.8848613353405455E+01 a       790     0    27     1    10
 -1.8965227275606725E+01 a       791     0    27     1    11
  5.5762521173012711E+00 a       792     0    27     1    12
 -1.3207395060490452E+01 a       793     0    27     1    13
 -7.2839952381955948E+00 a       794     0    27     1    14
 -8.2116951080408978E+00 a       795     0    27     1    15
 -5.7692184666469508E+00 a       796     0    27     1    16
  1.1578010455354248E+01 a       797     0    27     1    17
 -2.0267767920675389E+01 a       798     0    27     1    18
 -3.3278824998376422E+01 a       799     0    27     1    19
 -1.3076137625807165E+01 a       800     0    27     1    20
 -5.6552531073132641E+00 a       801     0    27     1    21
  1.5655093999544037E-01 a       802     0    27     1    22
  1.0860967454397979E+01 a       803     0    27     1    23
  1.0544272524559554E+01 a       804     0    27     1    24
 -1.6064931961108535E+01 a       805     0    27     1    25
 -2.7939241293072715E+01 a       806     0    27     1    26
 -7.5954967068428603E-01 a       807     0    27     1    27
  3.0536964669361979E+01 a       808     0    27     1    28
 -6.8169190311215928E+00 a       809     0    27     1    29
 -5.0156237953460447E-01 a       810     0    27     1    30
 -3.6305013830147324E+01 a       811     0    28     1     1
 -1.4364790824611214E+01 a       812     0    28     1     2
 -7.8501256970109967E+00 a       813     0    28     1     3
  6.7841224363915309E+00 a       814     0    28     1     4
 -2.9153296654547976E+01 a       815     0    28     1     5
 -4.0291288305686344E+00 a       816     0    28     1     6
 -8.0688957422790839E+00 a       817     0    28     1     7
  3.6818363447594442E+00 a       818     0    28     1     8
  6.9426270853143404E+00 a       819     0    28     1     9
  4.0666614566428511E-01 a       820     0    28     1    10
  9.4309470889983569E+00 a       821     0    28     1    11
  2.6100659175799823E+00 a       822     0    28     1    12
  7.5747369049999049E+00 a       823     0    28     1    13
  1.1218689110135051E+01 a       824     0    28     1    14
  8.8056066971002007E+00 a       825     0    28     1    15
  1.6731334379641385E+01 a       826     0    28     1    16
  4.6210086043715847E+01 a       827     0    28     1    17
  1.3809430692834208E+00 a       828     0    28     1    18
 -5.7285072779143698E-01 a       829     0    28     1    19
  4.8668136695373065E-01 a       830     0    28     1    20
  1.2892766677807654E+01 a       831     0    28     1    21
  2.6707844289169291E+01 a       832     0    28     1    22
 -2.1823418740666355E+01 a       833     0    28     1    23
 -1.2395544165519267E+01 a       834     0    28     1    24
  4.4983581108230418E+01 a       835     0    28     1    25
  1.5225804085250884E+01 a       836     0    28     1    26
 -2.4954738193373959E+01 a       837     0    28     1    27
  9.1504342378833936E+00 a       838     0    28     1    28
  1.2498816271532885E+01 a       839     0    28     1    29
  5.1953295192807865E+00 a       840     0    28     1    30
 -5.2994566727306180E+00 a       841     0    29     1     1
 -1.4715867694360250E+01 a       842     0    29     1     2
  1.1965633840969502E+01 a       843     0    29     1     3
  1.2007737015987050E+01 a       844     0    29     1     4
 -1.9068960518561912E+01 a       845     0    29     1     5
 -2.0539676111458046E+01 a       846     0    29     1     6
 -1.1665293211268613E+01 a       847     0    29     1     7
 -7.0459611960201576E+00 a       848     0    29     1     8
 -3.3411097357660914E+01 a       849     0    29     1     9
 -1.2995605065835938E+00 a       850     0    29     1    10
 -8.5105745449935064E+00 a       851     0    29     1    11
 -7.4425594363150562E+00 a       852     0    29     1    12
 -1.1436675045573775E+01 a       853     0    29     1    13
 -5.3813544949066463E+00 a       854     0    29     1    14
 -1.5095770326355661E+01 a       855     0    29     1    15
 -2.9236281605461198E+01 a       856     0    29     1    16
  1.3032191872797647E+00 a       857     0    29     1    17
  1.6438316072338189E+01 a       858     0    29     1    18
  5.6633690671398291E+00 a       859     0    29     1    19
  2.4105030876540400E+01 a       860     0    29     1    20
  3.3790050273340784E+00 a       861     0    29     1    21
 -1.3632549118401572E+01 a       862     0    29     1    22
  1.3990354822875519E+01 a       863     0    29     1    23
  2.0060111975792246E+01 a       864     0    29     1    24
 -1.5804697455738221E+01 a       865     0    29     1    25
  6.1084929130964101E+00 a       866     0    29     1    26
  1.7805212617195817E+01 a       867     0    29     1    27
  4.2134142105921879E-01 a       868     0    29     1    28
 -5.2079337472651224E+00 a       869     0    29     1    29
 -3.9237820738119158E+00 a       870     0    29     1    30
  4.1461522582975185E+01 a       871     0    30     1     1
  4.2789753144207623E+01 a       872     0    30     1     2
 -5.7579484003658239E+00 a       873     0    30     1     3
  3.7854361011053747E+01 a       874     0    30     1     4
 -1.3241805618949693E+01 a       875     0    30     1     5
  8.5405138279556940E+00 a       876     0    30     1     6
 -7.4970914881889081E+00 a       877     0    30     1     7
  5.6377697329874792E+00 a       878     0    30     1     8
 -2.0445888024609381E+01 a       879     0    30     1     9
 -7.4983126605877415E-01 a       880     0    30     1    10
  1.0934115787555706E+01 a       881     0    30     1    11
 -1.6407878681236127E+01 a       882     0    30     1    12
 -1.2312462647932609E+01 a       883     0    30     1    13
  1.3871080228035146E+01 a       884     0    30     1    14
 -3.9913435740080252E+00 a       885     0    30     1    15
 -3.4175757589794244E+01 a       886     0    30     1    16
  1.9390270733794580E+01 a       887     0    30     1    17
  3.1846775359540974E+01 a       888     0    30     1    18
 -1.5717915132434802E+01 a       889     0    30     1    19
  1.3149401723105413E+01 a       890     0    30     1    20
  5.0369321892996055E+00 a       891     0    30     1    21
 -1.5221861154410556E+01 a       892     0    30     1    22
 -1.9822144721307907E+01 a       893     0    30     1    23
 -1.5049747961681561E+01 a       894     0    30     1    24
 -5.8924017369949606E+00 a       895     0    30     1    25
  2.1466446036092384E+00 a       896     0    30     1    26
  4.1887605534538279E+00 a       897     0    30     1    27
  1.2912544626020697E+01 a       898     0    30     1    28
  1.1247966186753324E+01 a       899     0    30     1    29
  2.6019831230143399E+01 a       900     0    30     1    30
  3.9691505621136130E+01 a       901     0    31     1     1
  2.6010779220146912E+01 a       902     0    31     1     2
 -2.0959227584154593E+01 a       903     0    31     1     3
  2.2173702390377915E+01 a       904     0    31     1     4
 -2.7276221455792871E+01 a       905     0    31     1     5
  1.8432793615925313E+01 a       906     0    31     1     6
 -2.7949048628964242E+01 a       907     0    31     1     7
  1.4352654485577374E+00 a       908     0    31     1     8
 -7.5401062675952577E+00 a       909     0    31     1     9
 -2.9304753216472954E+00 a       910     0    31     1    10
  2.7077966780797677E+01 a       911     0    31     1    11
 -9.8968156648161116E+00 a       912     0    31     1    12
 -1.4103133190542938E+01 a       913     0    31     1    13
 -1.0173457947162897E+01 a       914     0    31     1    14
  2.9020463835216272E+00 a       915     0    31     1    15
  1.2207169675640158E+01 a       916     0    31     1    16
  3.7138279192148971E+01 a       917     0    31     1    17
 -6.2252921211736609E+00 a       918     0    31     1    18
  1.9619363261075080E+01 a       919     0    31     1    19
 -8.2510165968180758E+00 a       920     0    31     1    20
  6.8211119059110850E+00 a       921     0    31     1    21
 -1.8558733737667854E+01 a       922     0    31     1    22
  3.5681709120198896E+01 a       923     0    31     1    23
  1.1554744233610416E+01 a       924     0    31     1    24
 -9.1607239015298081E+00 a       925     0    31     1    25
 -3.6715595842407268E+01 a       926     0    31     1    26
 -1.2212692300273456E+01 a       927     0    31     1    27
 -9.4995352660810770E+00 a       928     0    31     1    28
  1.2449936078492035E+01 a       929     0    31     1    29
  1.2179304337337465E+01 a       930     0    31     1    30
  1.6676295815910156E+00 a       931     0    32     1     1
  9.8660319581848075E+00 a       932     0    32     1     2
 -1.1238985297797294E+01 a       933     0    32     1     3
 -2.3794814233456385E-01 a       934     0    32     1     4
  1.8644690701761866E+00 a       935     0    32     1     5
  1.1028491284482161E+01 a       936     0    32     1     6
  5.8400275347954789E-01 a       937     0    32     1     7
  1.1557464837394017E+01 a       938     0    32     1     8
  2.8682364220834437E+01 a       939     0    32     1     9
  3.4646581433945700E+00 a       940     0    32     1    10
  5.0238613609376506E+00 a       941     0    32     1    11
  1.4216664217332815E+00 a       942     0    32     1    12
 -1.4081333906560292E+00 a       943     0    32     1    13
  4.2009412630546517E-01 a       944     0    32     1    14
  1.8020836354479883E+01 a       945     0    32     1    15
  2.6780895952891893E+01 a       946     0    32     1    16
  2.7974251447047060E+00 a       947     0    32     1    17
 -1.8595000573955620E+00 a       948     0    32     1    18
  1.0289562306808626E+00 a       949     0    32     1    19
 -2.5219880880031944E+01 a       950     0    32     1    20
 -1.5806252166887559E-03 a       951     0    32     1    21
  4.9188347735492473E+00 a       952     0    32     1    22
 -3.5190618001933864E+00 a       953     0    32     1    23
 -1.6035801624916154E+01 a       954     0    32     1    24
 -4.6821537364670185E+00 a       955     0    32     1    25
 -7.5241846310116518E+00 a       956     0    32     1    26
 -5.4535312575009254E+00 a       957     0    32     1    27
  1.9391176104120533E+00 a       958     0    32     1    28
 -8.7945042144510701E+00 a       959     0    32     1    29
 -2.8823492496669867E-01 a       960     0    32     1    30
 -4.9645701690367140E+01 a       961     0    33     1     1
 -2.9936322654592171E+01 a       962     0    33     1     2
  1.8279288986115819E+01 a       963     0    33     1     3
 -1.5249432480892587E+01 a       964     0    33     1     4
  1.5149542270931017E+01 a       965     0    33     1     5
  3.0550907804132765E+00 a       966     0    33     1     6
  1.8268204989166204E+01 a       967     0    33     1     7
 -3.3236031856840573E+00 a       968     0    33     1     8
  1.6138908406895072E+00 a       969     0    33     1     9
  8.6188089624134605E+00 a       970     0    33     1    10
 -4.2837427080300188E+00 a       971     0    33     1    11
  1.7133232097579469E+01 a       972     0    33     1    12
  2.4326637642152900E+01 a       973     0    33     1    13
 -1.6158349747833913E+01 a       974     0    33     1    14
 -8.6250479653807899E-01 a       975     0    33     1    15
  3.9966220389289965E+01 a       976     0    33     1    16
 -1.5978251154203438E+01 a       977     0    33     1    17
 -6.3759751083665943E+00 a       978     0    33     1    18
 -1.4590041176102482E+00 a       979     0    33     1    19
 -1.3163969148253372E+01 a       980     0    33     1    20
 -4.4851774866634555E+00 a       981     0    33     1    21
  2.2674075678810524E+01 a       982     0    33     1    22
 -2.1411024303534226E+01 a       983     0    33     1    23
  8.6501768808396626E+00 a       984     0    33     1    24
 -2.5392045198234787E+00 a       985     0    33     1    25
  4.6254673121684400E+00 a       986     0    33     1    26
 -7.5468010970239767E+00 a       987     0    33     1    27
  1.5256577587129904E+01 a       988     0    33     1    28
 -3.6988597997087631E+01 a       989     0    33     1    29
 -3.2315428957442616E+00 a       990     0    33     1    30
  1.6735769866248901E+01 a       991     0    34     1     1
  1.4755096644662329E+01 a       992     0    34     1     2
 -2.5656651208930185E+01 a       993     0    34     1     3
  1.1719105771815968E+01 a       994     0    34     1     4
  6.8180980395565056E+00 a       995     0    34     1     5
 -1.9663231489331725E+01 a       996     0    34     1     6
 -6.0321360255917176E+00 a       997     0    34     1     7
  1.3822023916905142E+01 a       998     0    34     1     8
  6.7580046531209996E+00 a       999     0    34     1     9
  2.0707501770378581E+01 a      1000     0    34     1    10
  1.2399590675994268E+01 a      1001     0    34     1    11
  8.4181284191329520E-01 a      1002     0    34     1    12
 -4.3289972134558461E+00 a      1003     0    34     1    13
  1.7154668642585020E+00 a      1004     0    34     1    14
 -2.0936074041765529E+01 a      1005     0    34     1    15
 -1.9306249286288912E+00 a      1006     0    34     1    16
  2.4898636338069387E+01 a      1007     0    34     1    17
 -2.6346747827575472E+00 a      1008     0    34     1    18
 -1.3957143043076213E+01 a      1009     0    34     1    19
  2.7195766897887723E+00 a      1010     0    34     1    20
 -2.0361688819036683E+00 a      1011     0    34     1    21
  6.2162119085479226E+00 a      1012     0    34     1    22
 -3.0207974798264242E+01 a      1013     0    34     1    23
  3.0224697322711602E+00 a      1014     0    34     1    24
  5.2733905658869675E+00 a      1015     0    34     1    25
  5.9563435670506291E+00 a      1016     0    34     1    26
  2.4462400126836905E+00 a      1017     0    34     1    27
  2.0903322900654565E+01 a      1018     0    34     1    28
  1.5102537627145686E+01 a      1019     0    34     1    29
 -3.7611843558597688E+00 a      1020     0    34     1    30
  7.8785148942076944E-02 a      1021     0    35     1     1
 -2.3005834013324829E+01 a      1022     0    35     1     2
 -3.3149219844099285E+01 a      1023     0    35     1     3
 -2.0848368205046672E+01 a      1024     0    35     1     4
 -1.0358327166447333E+01 a      1025     0    35     1     5
 -4.8999547515742226E+00 a      1026     0    35     1     6
 -3.2654540902016458E+00 a      1027     0    35     1     7
 -7.4121473375110236E+00 a      1028     0    35     1     8
  2.0874341278265611E+01 a      1029     0    35     1     9
 -5.1554579757263852E-01 a      1030     0    35     1    10
  1.8432837730988016E+01 a      1031     0    35     1    11
 -3.1086712874811209E+00 a      1032     0    35     1    12
 -1.2517819661393307E+01 a      1033     0    35     1    13
  1.2304328955855700E+01 a      1034     0    35     1    14
  7.8211393957139093E+00 a      1035     0    35     1    15
  1.2939452429765812E+01 a      1036     0    35     1    16
  3.2829505456900222E+01 a      1037     0    35     1    17
 -1.5071704012471493E+01 a      1038     0    35     1    18
  1.0511379482367492E+01 a      1039     0    35     1    19
 -7.5638933794160703E+00 a      1040     0    35     1    20
 -1.1249944551666916E+01 a      1041     0    35     1    21
 -1.7923863643205337E+01 a      1042     0    35     1    22
  4.3342368594165180E+01 a      1043     0    35     1    23
  1.4625342509654768E+01 a      1044     0    35     1    24
  2.3396998196005082E+01 a      1045     0    35     1    25
 -3.3926874004477998E+00 a      1046     0    35     1    26
 -1.1598147568644954E+01 a      1047     0    35     1    27
 -3.9920103668517612E+01 a      1048     0    35     1    28
  1.2746146841773619E+01 a      1049     0    35     1    29
 -1.5082387851068059E+01 a      1050     0    35     1    30
 -3.2806141876568887E+01 a      1051     0    36     1     1
 -1.0219930711439625E+01 a      1052     0    36     1     2
  1.9249415564296910E+01 a      1053     0    36     1     3
 -9.9261786687185580E+00 a      1054     0    36     1     4
 -2.6766914116043625E+00 a      1055     0    36     1     5
  9.8904549076253900E+00 a      1056     0    36     1     6
  1.4128778820531661E+01 a      1057     0    36     1     7
 -1.0226975846906551E+01 a      1058     0    36     1     8
 -9.2428464205722705E+00 a      1059     0    36     1     9
 -1.9488610094243757E+01 a      1060     0    36     1    10
 -1.7328588926445555E+01 a      1061     0    36     1    11
  6.5866345378404976E+00 a      1062     0    36     1    12
  1.3229435698347755E+01 a      1063     0    36     1    13
  7.0284365505951085E-01 a      1064     0    36     1    14
  1.9184984881071301E+01 a      1065     0    36     1    15
  2.6796874301520561E+00 a      1066     0    36     1    16
 -2.5579863671555259E+01 a      1067     0    36     1    17
  3.6508587240550701E+00 a      1068     0    36     1    18
  1.1114390644399939E+00 a      1069     0    36     1    19
  6.6720824048725003E-01 a      1070     0    36     1    20
  2.4434999023274475E+00 a      1071     0    36     1    21
  2.6248054139699062E+00 a      1072     0    36     1    22
  1.2535989086925156E+01 a      1073     0    36     1    23
 -1.1039860186926521E+01 a      1074     0    36     1    24
  2.8991634084686146E+00 a      1075     0    36     1    25
  7.3716135165901981E+00 a      1076     0    36     1    26
 -9.3893540024244651E+00 a      1077     0    36     1    27
 -7.9857216114550384E+00 a      1078     0    36     1    28
 -1.9793552241035165E+01 a      1079     0    36     1    29
  7.1909099608263238E-01 a      1080     0    36     1    30
  3.9607966411664982E+01 a      1081     0    37     1     1
  1.7839042342566067E+01 a      1082     0    37     1     2
 -1.1325702174694290E+00 a      1083     0    37     1     3
  1.1117656941868212E+01 a      1084     0    37     1     4
 -1.1469331409735277E+01 a      1085     0    37     1     5
 -1.0615760232564879E+01 a      1086     0    37     1     6
 -2.0143510751038498E+01 a      1087     0    37     1     7
 -5.4300746536706699E+00 a      1088     0    37     1     8
 -4.1427507914913848E+00 a      1089     0    37     1     9
  1.9634095807779676E+01 a      1090     0    37     1    10
  5.1023184182470711E+00 a      1091     0    37     1    11
 -5.8126696346622246E+00 a      1092     0    37     1    12
 -1.3507140243609843E+01 a      1093     0    37     1    13
 -1.1963513963314631E+01 a      1094     0    37     1    14
 -6.6288457117865827E+00 a      1095     0    37     1    15
 -9.0645715475639879E+00 a      1096     0    37     1    16
  3.0487552453460136E+00 a      1097     0    37     1    17
  6.0624594674481846E-01 a      1098     0    37     1    18
  3.4338659118650647E+00 a      1099     0    37     1    19
 -1.6435550413401028E+01 a      1100     0    37     1    20
  1.4425104750417686E-01 a      1101     0    37     1    21
 -1.3781975861677111E+01 a      1102     0    37     1    22
 -1.9611596812162801E+01 a      1103     0    37     1    23
  9.2965912316975423E+00 a      1104     0    37     1    24
 -9.9142657615433976E+00 a      1105     0    37     1    25
 -2.2721363044793463E+01 a      1106     0    37     1    26
  1.2694653907971444E+01 a      1107     0    37     1    27
  1.6485636166596599E+01 a      1108     0    37     1    28
  2.2322703252324363E+01 a      1109     0    37     1    29
  8.7940047530973029E+00 a      1110     0    37     1    30
 -1.9244284793474961E+01 a      1111     0    38     1     1
  9.9731001821038152E+00 a      1112     0    38     1     2
  1.4976271182415696E+01 a      1113     0    38     1     3
 -5.2046461331231173E+00 a      1114     0    38     1     4
  9.2767967144356156E+00 a      1115     0    38     1     5
 -3.7527064476429494E+01 a      1116     0    38     1     6
  6.1896936716972775E+00 a      1117     0    38     1     7
 -4.7095145872072628E+01 a      1118     0    38     1     8
 -6.9900535745501422E+00 a      1119     0    38     1     9
  7.2393988195225634E-01 a      1120     0    38     1    10
  1.9062920976396345E+01 a      1121     0    38     1    11
  1.2906446836471336E+01 a      1122     0    38     1    12
  2.3575182140653610E+01 a      1123     0    38     1    13
 -2.5484696971721480E+01 a      1124     0    38     1    14
  1.6599066299441755E+01 a      1125     0    38     1    15
 -1.3974673159564475E+01 a      1126     0    38     1    16
  3.5214195370688209E+01 a      1127     0    38     1    17
 -8.9535715156021489E-01 a      1128     0    38     1    18
 -3.9523147649137393E+00 a      1129     0    38     1    19
 -1.8660172220068411E+01 a      1130     0    38     1    20
 -1.8809239312487222E+01 a      1131     0    38     1    21
 -2.8499910157769047E+01 a      1132     0    38     1    22
 -8.0163024563607603E+00 a      1133     0    38     1    23
 -1.8339399933114539E+01 a      1134     0    38     1    24
 -5.9816538508965209E+00 a      1135     0    38     1    25
 -3.9664164598724372E-01 a      1136     0    38     1    26
 -6.6621382815139194E+00 a      1137     0    38     1    27
  5.7879877484115838E+01 a      1138     0    38     1    28
  1.9654952111595176E+01 a      1139     0    38     1    29
  1.2763666743391391E+00 a      1140     0    38     1    30
  1.4505476734455499E+01 a      1141     0    39     1     1
  3.5816532614286252E+00 a      1142     0    39     1     2
 -1.3777174979584457E+01 a      1143     0    39     1     3
 -1.1132161833551275E+00 a      1144     0    39     1     4
 -5.4930326458921517E+00 a      1145     0    39     1     5
  1.1989992044102577E+01 a      1146     0    39     1     6
 -1.0412058675328472E+01 a      1147     0    39     1     7
  2.9945465907095347E+01 a      1148     0    39     1     8
  3.2394343540184671E+00 a      1149     0    39     1     9
 -2.6902474375983698E+00 a      1150     0    39     1    10
 -1.4805416230690959E+01 a      1151     0    39     1    11
 -1.2969177067545944E+01 a      1152     0    39     1    12
 -2.0603422212416760E+01 a      1153     0    39     1    13
  1.4544905064367326E+01 a      1154     0    39     1    14
 -5.7089594575123268E+00 a      1155     0    39     1    15
  5.1291299291082015E-01 a      1156     0    39     1    16
 -1.5726777199530689E+01 a      1157     0    39     1    17
  4.7211715963404383E-01 a      1158     0    39     1    18
  1.1164982473648559E+00 a      1159     0    39     1    19
  6.4178253650089676E+00 a      1160     0    39     1    20
  7.0791146350049905E+00 a      1161     0    39     1    21
  1.5223073830455069E+00 a      1162     0    39     1    22
  9.3167814854666720E+00 a      1163     0    39     1    23
  6.2209721494933587E+00 a      1164     0    39     1    24
 -1.4679753683617114E+00 a      1165     0    39     1    25
 -2.4462533170902145E+00 a      1166     0    39     1    26
  1.9658168567452097E+00 a      1167     0    39     1    27
 -4.2525502286669884E+01 a      1168     0    39     1    28
 -7.1387901171104602E+00 a      1169     0    39     1    29
  2.9806028362343446E+00 a      1170     0    39     1    30
  1.0210039182565565E+00 a      1171     0    40     1     1
 -3.8135020066160337E+00 a      1172     0    40     1     2
  8.7052152186035343E+00 a      1173     0    40     1     3
  7.6681474431009331E+00 a      1174     0    40     1     4
  3.4264657300756958E+00 a      1175     0    40     1     5
  2.6929786918938191E+01 a      1176     0    40     1     6
  2.8263645110637858E+00 a      1177     0    40     1     7
  2.9615840422217357E+01 a      1178     0    40     1     8
  1.4311374092918492E+00 a      1179     0    40     1     9
 -3.0512674004954210E+00 a      1180     0    40     1    10
 -1.3035571107288661E+01 a      1181     0    40     1    11
  6.3356827326407847E+00 a      1182     0    40     1    12
  2.7752695973335073E-01 a      1183     0    40     1    13
  1.8992369772115261E+01 a      1184     0    40     1    14
 -1.9246986987822641E+01 a      1185     0    40     1    15
  5.5598703516634025E+00 a      1186     0    40     1    16
 -2.6940526351630922E+01 a      1187     0    40     1    17
  5.1615376810089604E+00 a      1188     0    40     1    18
 -1.8116638840903436E+00 a      1189     0    40     1    19
  3.2325238667740969E+01 a      1190     0    40     1    20
  2.1720627497970394E+01 a      1191     0    40     1    21
  3.8659827198637345E+01 a      1192     0    40     1    22
  5.5318257419230599E-01 a      1193     0    40     1    23
  1.3841189113881469E+00 a      1194     0    40     1    24
  1.0836969613805977E+01 a      1195     0    40     1    25
  1.5394235519247225E+01 a      1196     0    40     1    26
  7.0372367696793230E+00 a      1197     0    40     1    27
 -1.7855080515484261E+01 a      1198     0    40     1    28
 -1.6483262745232537E+01 a      1199     0    40     1    29
  2.4930176451789682E-01 a      1200     0    40     1    30
 -6.5900688018505393E-01 a      1201     0    41     1     1
 -3.3803758572255489E+01 a      1202     0    41     1     2
 -2.1751839869003113E+01 a      1203     0    41     1     3
  3.3723651076005218E+01 a      1204     0    41     1     4
  4.0822735670721691E+01 a      1205     0    41     1     5
  9.4162808435607701E+00 a      1206     0    41     1     6
  2.2791353706086827E+01 a      1207     0    41     1     7
  1.6485323556095143E+01 a      1208     0    41     1     8
  2.9081491021349780E+01 a      1209     0    41     1     9
 -1.4172426467205799E+00 a      1210     0    41     1    10
 -2.2376737921294310E+00 a      1211     0    41     1    11
  1.5093130844741349E+01 a      1212     0    41     1    12
 -5.4350882575353250E+00 a      1213     0    41     1    13
 -1.0131209498746843E+01 a      1214     0    41     1    14
 -1.8231256799799915E+01 a      1215     0    41     1    15
 -8.6667298343359871E+00 a      1216     0    41     1    16
 -1.0569766367703173E+00 a      1217     0    41     1    17
 -3.0051109884931346E+01 a      1218     0    41     1    18
  1.1290864959762699E+01 a      1219     0    41     1    19
  2.1704040321882978E+01 a      1220     0    41     1    20
  4.8285715470078223E+01 a      1221     0    41     1    21
  2.7226684807992648E+01 a      1222     0    41     1    22
 -1.6175016186367120E+01 a      1223     0    41     1    23
 -2.4606986064630611E+01 a      1224     0    41     1    24
 -2.9219071989549466E+01 a      1225     0    41     1    25
  1.6976348309695918E+01 a      1226     0    41     1    26
 -9.0196061911688012E+00 a      1227     0    41     1    27
 -1.9311445819601552E+01 a      1228     0    41     1    28
  2.4173871993383912E+01 a      1229     0    41     1    29
  1.0357630808620678E+01 a      1230     0    41     1    30
 -1.8325969292968967E+01 a      1231     0    42     1     1
 -1.4659427237404470E+00 a      1232     0    42     1     2
  4.0331813321679082E+00 a      1233     0    42     1     3
 -8.2977760087012573E+00 a      1234     0    42     1     4
 -1.4534360625382236E+01 a      1235     0    42     1     5
 -4.8596231907804794E+00 a      1236     0    42     1     6
 -3.8000708481155847E+01 a      1237     0    42     1     7
  2.7969234296411103E+00 a      1238     0    42     1     8
  8.1243365413773709E+00 a      1239     0    42     1     9
  5.3560317592295839E+00 a      1240     0    42     1    10
  1.7043420032099768E+01 a      1241     0    42     1    11
 -3.3410783224821174E+01 a      1242     0    42     1    12
  9.2417549494985760E+00 a      1243     0    42     1    13
 -1.1258400843018805E+00 a      1244     0    42     1    14
 -3.7754751672290525E+00 a      1245     0    42     1    15
 -1.0173403979696834E+01 a      1246     0    42     1    16
  4.4050928191094387E+00 a      1247     0    42     1    17
 -1.5974686116567625E+00 a      1248     0    42     1    18
 -8.5744569956381671E+00 a      1249     0    42     1    19
 -1.0760045367033833E+01 a      1250     0    42     1    20
 -4.7380327889826688E+01 a      1251     0    42     1    21
 -3.7685323488274935E-01 a      1252     0    42     1    22
  9.4787516209853440E+00 a      1253     0    42     1    23
  4.7819392354344297E+00 a      1254     0    42     1    24
  1.0869307752326646E+01 a      1255     0    42     1    25
 -6.5620636171467250E+00 a      1256     0    42     1    26
  2.8086002817710131E+01 a      1257     0    42     1    27
  1.5365089551402152E+01 a      1258     0    42     1    28
  3.7334039300735111E+00 a      1259     0    42     1    29
 -2.7333434187531676E+01 a      1260     0    42     1    30
 -1.3487973590038560E+01 a      1261     0    43     1     1
 -2.5185924962909279E+01 a      1262     0    43     1     2
  1.0648051128060285E+00 a      1263     0    43     1     3
 -8.8415487090193867E+00 a      1264     0    43     1     4
 -1.2719070250156461E+01 a      1265     0    43     1     5
 -8.7528703840264921E-01 a      1266     0    43     1     6
 -2.8148061349166518E+01 a      1267     0    43     1     7
 -1.1706258480225072E+01 a      1268     0    43     1     8
 -3.8148135128034610E+00 a      1269     0    43     1     9
  1.1405503475734561E+01 a      1270     0    43     1    10
  7.6169765329277972E+00 a      1271     0    43     1    11
 -1.3643146852371975E+01 a      1272     0    43     1    12
 -7.2787842689140736E-01 a      1273     0    43     1    13
  5.2391269327363492E+00 a      1274     0    43     1    14
 -3.4554500062519131E+00 a      1275     0    43     1    15
  3.5994095873618912E+00 a      1276     0    43     1    16
  6.8051643956166918E+00 a      1277     0    43     1    17
  1.1469523870798470E+01 a      1278     0    43     1    18
 -4.1067587068735376E+00 a      1279     0    43     1    19
  1.1338307331943085E+00 a      1280     0    43     1    20
 -2.1665704314483790E+01 a      1281     0    43     1    21
 -2.2646848736786108E+01 a      1282     0    43     1    22
  2.0611537244275347E+01 a      1283     0    43     1    23
  1.2473079810770063E-01 a      1284     0    43     1    24
  1.5148641148670503E+01 a      1285     0    43     1    25
  1.1398459340719731E+01 a      1286     0    43     1    26
  1.4882976152292317E+01 a      1287     0    43     1    27
 -4.3867893727527768E-01 a      1288     0    43     1    28
 -1.6751608318462520E+01 a      1289     0    43     1    29
 -1.6418553034818665E+01 a      1290     0    43     1    30
  1.6467847459264679E+01 a      1291     0    44     1     1
  2.1929670950443914E+01 a      1292     0    44     1     2
 -7.5044925735469690E+00 a      1293     0    44     1     3
 -1.2429280174009703E+00 a      1294     0    44     1     4
  5.8045607038202602E+00 a      1295     0    44     1     5
 -3.0886335587538403E+00 a      1296     0    44     1     6
  2.2003930005035983E+01 a      1297     0    44     1     7
 -3.0296282492816518E-01 a      1298     0    44     1     8
 -8.6699029194404513E+00 a      1299     0    44     1     9
 -1.6311492788691502E+00 a      1300     0    44     1    10
 -5.6015641995867131E+00 a      1301     0    44     1    11
  8.1770930512078799E+00 a      1302     0    44     1    12
  2.1254390502577902E+01 a      1303     0    44     1    13
 -1.6081006003660146E+01 a      1304     0    44     1    14
  6.0236214770588798E+00 a      1305     0    44     1    15
  7.6325785975922456E-01 a      1306     0    44     1    16
 -2.0775130625453635E+01 a      1307     0    44     1    17
  4.9701557228495258E-02 a      1308     0    44     1    18
  5.7680626816817302E+00 a      1309     0    44     1    19
 -7.2759184715178655E+00 a      1310     0    44     1    20
  5.5067631809873632E+00 a      1311     0    44     1    21
  2.2931463412300378E+01 a      1312     0    44     1    22
 -8.3893850176656244E+00 a      1313     0    44     1    23
  5.7562749249950906E+00 a      1314     0    44     1    24
 -1.6934313857820634E+01 a      1315     0    44     1    25
 -1.0884275544045753E+01 a      1316     0    44     1    26
 -2.2635594044217914E+01 a      1317     0    44     1    27
  1.4594479990390649E+01 a      1318     0    44     1    28
  2.7676181799143468E+01 a      1319     0    44     1    29
  1.0624123279230314E+01 a      1320     0    44     1    30
 -1.9369654658717579E+01 a      1321     0    45     1     1
 -5.7044461417173906E+00 a      1322     0    45     1     2
  1.6770664332130043E+01 a      1323     0    45     1     3
  2.9632828221004730E+00 a      1324     0    45     1     4
 -1.5508989578080691E+01 a      1325     0    45     1     5
  3.0063432897649552E+01 a      1326     0    45     1     6
 -2.5996020342954713E+00 a      1327     0    45     1     7
 -3.6171261956241856E+00 a      1328     0    45     1     8
  1.4726848357381753E+01 a      1329     0    45     1     9
 -1.9780278736536211E+01 a      1330     0    45     1    10
 -1.3763365836873845E+01 a      1331     0    45     1    11
 -1.8485622692706414E+01 a      1332     0    45     1    12
 -1.7598939098557597E+01 a      1333     0    45     1    13
  1.3398078252543037E+01 a      1334     0    45     1    14
 -4.1045106249058385E+00 a      1335     0    45     1    15
 -4.0820213038646465E+00 a      1336     0    45     1    16
  7.1197500088760535E+00 a      1337     0    45     1    17
 -1.6757642055902416E+01 a      1338     0    45     1    18
 -6.9244528228441915E-01 a      1339     0    45     1    19
  1.3269314375599330E+00 a      1340     0    45     1    20
 -1.7415611882656261E+01 a      1341     0    45     1    21
 -1.2738802229829696E+01 a      1342     0    45     1    22
 -5.9005894984667249E+00 a      1343     0    45     1    23
  1.0935090239134402E+01 a      1344     0    45     1    24
  3.5985425367703621E+00 a      1345     0    45     1    25
 -3.8728323398003215E+00 a      1346     0    45     1    26
  2.0632547001105038E+01 a      1347     0    45     1    27
 -2.7327961198969238E+01 a      1348     0    45     1    28
 -2.0208683949326137E+01 a      1349     0    45     1    29
 -9.3926512082942999E+00 a      1350     0    45     1    30
  5.0244689876243660E+00 a      1351     0    46     1     1
  3.3022273960525958E+01 a      1352     0    46     1     2
  1.6177795361852510E+01 a      1353     0    46     1     3
 -1.7587559384761942E+00 a      1354     0    46     1     4
  7.4444463360703859E+00 a      1355     0    46     1     5
  2.9058784572916185E+01 a      1356     0    46     1     6
  1.7706695952243471E+01 a      1357     0    46     1     7
 -1.3455963177331277E+01 a      1358     0    46     1     8
 -1.8230055815511278E+01 a      1359     0    46     1     9
 -9.2246029087902903E-01 a      1360     0    46     1    10
  2.3841455012892254E+00 a      1361     0    46     1    11
  8.7025357394983001E+00 a      1362     0    46     1    12
  1.9983719346149364E+01 a      1363     0    46     1    13
 -1.0157860596941424E+01 a      1364     0    46     1    14
 -2.4721109683163300E+00 a      1365     0    46     1    15
 -9.6254118446205226E+00 a      1366     0    46     1    16
  9.7011635853822682E+00 a      1367     0    46     1    17
  1.2030021368569681E+01 a      1368     0    46     1    18
  1.1837435915693924E+01 a      1369     0    46     1    19
  3.3015638931300515E+01 a      1370     0    46     1    20
  4.8037111776178946E+01 a      1371     0    46     1    21
  1.9044007692995162E+01 a      1372     0    46     1    22
 -6.1078053690009044E+00 a      1373     0    46     1    23
 -3.9802095119587527E+01 a      1374     0    46     1    24
  1.6456558347233347E+01 a      1375     0    46     1    25
  3.9748635045411454E+01 a      1376     0    46     1    26
  1.1652235075640361E+01 a      1377     0    46     1    27
  7.1678074879874676E-01 a      1378     0    46     1    28
 -1.7515620736215208E+01 a      1379     0    46     1    29
 -1.2134442494740027E+01 a      1380     0    46     1    30
  1.8283760482674793E+01 a      1381     0    47     1     1
  4.3858709637102486E+01 a      1382     0    47     1     2
 -4.3811842533215911E-01 a      1383     0    47     1     3
 -2.0457672614978193E+01 a      1384     0    47     1     4
 -2.3598289465846431E+01 a      1385     0    47     1     5
 -5.7581152970805398E+00 a      1386     0    47     1     6
  1.5515024427427115E+01 a      1387     0    47     1     7
 -6.1571354694529523E+00 a      1388     0    47     1     8
 -3.3649593906719922E+01 a      1389     0    47     1     9
 -3.4304460938185255E-01 a      1390     0    47     1    10
 -1.2578295768556650E+01 a      1391     0    47     1    11
  2.3357128667645309E+01 a      1392     0    47     1    12
 -2.3232669124016156E-02 a      1393     0    47     1    13
  3.8265039871413724E+00 a      1394     0    47     1    14
  3.1766226170288835E+01 a      1395     0    47     1    15
  1.5826691274332736E+01 a      1396     0    47     1    16
 -1.2097483120894534E+01 a      1397     0    47     1    17
  2.4657271448409141E+01 a      1398     0    47     1    18
 -1.5792077035411575E+01 a      1399     0    47     1    19
 -2.2990038935635525E+01 a      1400     0    47     1    20
 -2.0700867227816754E+01 a      1401     0    47     1    21
 -2.2804302049759336E+01 a      1402     0    47     1    22
  2.2641738230197028E+01 a      1403     0    47     1    23
  1.4580883733608578E+01 a      1404     0    47     1    24
  1.0858223842868753E+01 a      1405     0    47     1    25
 -1.5852898140064264E+01 a      1406     0    47     1    26
 -1.0230167891499907E+01 a      1407     0    47     1    27
  5.3430372443644574E+00 a      1408     0    47     1    28
 -2.5070724322698286E+01 a      1409     0    47     1    29
  1.5526334802198834E+01 a      1410     0    47     1    30
  2.4378809866752146E+01 a      1411     0    48     1     1
  5.1289269491386973E+00 a      1412     0    48     1     2
  1.9640635892445441E-01 a      1413     0    48     1     3
  1.9462920024392716E+01 a      1414     0    48     1     4
  8.2584911876420577E+00 a      1415     0    48     1     5
 -2.8189238540482195E+00 a      1416     0    48     1     6
 -1.3517785013711276E+00 a      1417     0    48     1     7
  1.6292168647057782E+01 a      1418     0    48     1     8
 -1.3438948294905426E+01 a      1419     0    48     1     9
 -3.4746527907922399E+01 a      1420     0    48     1    10
  1.5240414920112549E+01 a      1421     0    48     1    11
 -1.1498225564065558E+01 a      1422     0    48     1    12
 -5.5248933756250061E+01 a      1423     0    48     1    13
 -1.1160991814933693E+01 a      1424     0    48     1    14
  7.5625828957515848E+00 a      1425     0    48     1    15
  3.3669931692511064E+01 a      1426     0    48     1    16
 -1.3252604174118872E+01 a      1427     0    48     1    17
 -1.4209863383995177E+01 a      1428     0    48     1    18
 -1.1862070209628248E+01 a      1429     0    48     1    19
  1.0844991891844161E+01 a      1430     0    48     1    20
  2.8489212615085918E+01 a      1431     0    48     1    21
  8.5485532001150961E+00 a      1432     0    48     1    22
  2.4014729235429904E+01 a      1433     0    48     1    23
 -7.1061263962848518E+00 a      1434     0    48     1    24
 -2.7684468148527703E+01 a      1435     0    48     1    25
 -1.8533823982723952E+01 a      1436     0    48     1    26
 -2.2230989152983966E+01 a      1437     0    48     1    27
  4.8388900385949922E+00 a      1438     0    48     1    28
  1.0598782176051950E+01 a      1439     0    48     1    29
  1.3738013938332347E+01 a      1440     0    48     1    30
  2.4384940951428355E+01 a      1441     0    49     1     1
 -1.7458145310767934E+00 a      1442     0    49     1     2
 -2.1190203853016886E+01 a      1443     0    49     1     3
  1.1139209657669957E+00 a      1444     0    49     1     4
  2.3229694029176322E+01 a      1445     0    49     1     5
 -4.8053699176371794E+01 a      1446     0    49     1     6
  3.5187260280848265E+00 a      1447     0    49     1     7
  9.1108986613192524E+00 a      1448     0    49     1     8
 -1.1144217470123134E+01 a      1449     0    49     1     9
  2.3050133616395378E+01 a      1450     0    49     1    10
  2.3723470924390252E+01 a      1451     0    49     1    11
  3.1202967109455258E+01 a      1452     0    49     1    12
  1.1549189551372116E+01 a      1453     0    49     1    13
 -1.8972911737075073E+01 a      1454     0    49     1    14
  6.9363679700590115E+00 a      1455     0    49     1    15
  6.2013446030063868E+00 a      1456     0    49     1    16
 -2.6344996454651244E+00 a      1457     0    49     1    17
  2.0306941418130677E+01 a      1458     0    49     1    18
 -5.0192840908130050E+00 a      1459     0    49     1    19
  2.0067783875495264E+00 a      1460     0    49     1    20
  3.4975664987877792E+01 a      1461     0    49     1    21
  1.9008288264755354E+01 a      1462     0    49     1    22
  3.1273951730224390E+00 a      1463     0    49     1    23
 -2.4026833138110593E+01 a      1464     0    49     1    24
 -2.5261675909069532E+00 a      1465     0    49     1    25
  1.4037712544196978E+01 a      1466     0    49     1    26
 -2.4535260448368209E+01 a      1467     0    49     1    27
  3.0169754043692411E+01 a      1468     0    49     1    28
  2.1206645838205439E+01 a      1469     0    49     1    29
  8.0025581802008041E+00 a      1470     0    49     1    30
 -1.3174383865784439E+01 a      1471     0    50     1     1
 -3.4710325509039471E+01 a      1472     0    50     1     2
 -3.1215751148764074E+01 a      1473     0    50     1     3
 -1.0313455260926522E+01 a      1474     0    50     1     4
 -1.7980018066469679E+01 a      1475     0    50     1     5
 -4.2817702012958286E+01 a      1476     0    50     1     6
 -9.3576688808712092E+00 a      1477     0    50     1     7
  1.5107515329282450E+01 a      1478     0    50     1     8
  3.5282168082184931E+01 a      1479     0    50     1     9
  1.6578384086168395E+01 a      1480     0    50     1    10
 -5.9038790298918906E+00 a      1481     0    50     1    11
  3.2185705102949118E+00 a      1482     0    50     1    12
  1.2666584785861890E+01 a      1483     0    50     1    13
  1.9017572124210787E+01 a      1484     0    50     1    14
  8.1961995177349163E+00 a      1485     0    50     1    15
  2.8682015924607454E+00 a      1486     0    50     1    16
 -1.4729499600273893E+01 a      1487     0    50     1    17
 -8.7476948940977568E+00 a      1488     0    50     1    18
 -2.1196933068556376E+01 a      1489     0    50     1    19
 -3.6963609329140482E+01 a      1490     0    50     1    20
 -7.9410154222061934E+01 a      1491     0    50     1    21
 -3.2500622134038402E+00 a      1492     0    50     1    22
 -1.2612813971752562E+01 a      1493     0    50     1    23
  6.7694409488010919E+01 a      1494     0    50     1    24
 -1.2322742101566154E+01 a      1495     0    50     1    25
 -4.5569664831405966E+01 a      1496     0    50     1    26
 -9.9005630091229122E+00 a      1497     0    50     1    27
 -1.3788840340783105E+01 a      1498     0    50     1    28
  5.7743194655728374E+00 a      1499     0    50     1    29
  1.7348475878612792E+01 a      1500     0    50     1    30
 -5.7414187195981112E+00 a      1501     0    51     1     1
 -1.0507639520111720E+01 a      1502     0    51     1     2
 -8.3677329826433251E+00 a      1503     0    51     1     3
 -8.7350791508258196E-01 a      1504     0    51     1     4
  8.5682090386162706E+00 a      1505     0    51     1     5
  5.1975996023267177E+00 a      1506     0    51     1     6
  2.5660767521689909E+01 a      1507     0    51     1     7
 -1.6365441465593239E+01 a      1508     0    51     1     8
 -1.6910710340556001E+00 a      1509     0    51     1     9
  2.2274253243186763E+01 a      1510     0    51     1    10
 -3.0186068720673738E+01 a      1511     0    51     1    11
  3.6666995111054405E+01 a      1512     0    51     1    12
  2.1066802014070625E+01 a      1513     0    51     1    13
 -3.6020348795237833E+00 a      1514     0    51     1    14
 -9.4179792837698795E+00 a      1515     0    51     1    15
 -3.0877241494353903E+01 a      1516     0    51     1    16
  5.4415827251879527E+00 a      1517     0    51     1    17
  1.0785464477516921E+01 a      1518     0    51     1    18
  1.6072656598848276E+01 a      1519     0    51     1    19
 -7.5909593092034298E+00 a      1520     0    51     1    20
  1.3160666951605258E+01 a      1521     0    51     1    21
 -2.0474155246380608E+01 a      1522     0    51     1    22
 -3.5288364074916032E+01 a      1523     0    51     1    23
  1.1729875657699989E+00 a      1524     0    51     1    24
  8.4412555758576318E+00 a      1525     0    51     1    25
  2.0734119890757569E+01 a      1526     0    51     1    26
 -3.8487100761958311E+00 a      1527     0    51     1    27
 -1.0343982153016487E+01 a      1528     0    51     1    28
  1.1633237919761566E+01 a      1529     0    51     1    29
  2.4099974130675257E+00 a      1530     0    51     1    30
 -6.8397787087460804E+00 a      1531     0    52     1     1
 -4.3572368129671730E+00 a      1532     0    52     1     2
  2.6710744448231409E+00 a      1533     0    52     1     3
 -3.3882134281770637E-01 a      1534     0    52     1     4
  4.2470048894709977E+00 a      1535     0    52     1     5
 -7.9753629759267959E+00 a      1536     0    52     1     6
 -1.5964765357381211E+01 a      1537     0    52     1     7
  1.2190757394973938E+01 a      1538     0    52     1     8
  7.8056093287984272E+00 a      1539     0    52     1     9
 -1.2510646166264097E+01 a      1540     0    52     1    10
 -1.2914519121884272E+01 a      1541     0    52     1    11
 -2.7818827138353766E+00 a      1542     0    52     1    12
 -2.0151329055570692E+01 a      1543     0    52     1    13
  2.2784576992951042E+01 a      1544     0    52     1    14
 -6.9190120758779710E+00 a      1545     0    52     1    15
 -7.7230898683786888E+00 a      1546     0    52     1    16
  1.8426193550754288E+01 a      1547     0    52     1    17
 -4.6279111981355543E+00 a      1548     0    52     1    18
 -4.6251656650182822E+00 a      1549     0    52     1    19
  1.4159727650613527E+00 a      1550     0    52     1    20
 -3.2959303373112203E-01 a      1551     0    52     1    21
 -9.0636668265237521E+00 a      1552     0    52     1    22
  2.2621163444989445E-01 a      1553     0    52     1    23
 -2.3018967924563949E+00 a      1554     0    52     1    24
  1.7134003440072348E+01 a      1555     0    52     1    25
  4.1380088770290433E+00 a      1556     0    52     1    26
  2.3637290768021156E+01 a      1557     0    52     1    27
 -3.7887875978098142E+00 a      1558     0    52     1    28
 -1.8470180343646632E+01 a      1559     0    52     1    29
 -1.6762117865351482E+00 a      1560     0    52     1    30
 -1.5042494013182544E+01 a      1561     0    53     1     1
  3.6100443835786993E+00 a      1562     0    53     1     2
  9.4228781871477487E+00 a      1563     0    53     1     3
  2.8397479318837022E+00 a      1564     0    53     1     4
 -1.8519746890131202E+01 a      1565     0    53     1     5
  2.9697869139212617E+01 a      1566     0    53     1     6
 -5.6443598214496209E+00 a      1567     0    53     1     7
 -1.2880627546430276E+01 a      1568     0    53     1     8
 -3.9543499431253228E+00 a      1569     0    53     1     9
  5.4730186304835868E+00 a      1570     0    53     1    10
 -2.7597186527253141E+00 a      1571     0    53     1    11
 -2.0879408996393039E+01 a      1572     0    53     1    12
 -2.7817006412404535E+00 a      1573     0    53     1    13
  3.9145952158205004E+00 a      1574     0    53     1    14
  4.9623532710725637E-01 a      1575     0    53     1    15
  1.0078678445140890E+00 a      1576     0    53     1    16
 -3.0844465401100352E+00 a      1577     0    53     1    17
 -1.7217089525391120E+00 a      1578     0    53     1    18
  2.5718421046411359E+00 a      1579     0    53     1    19
 -6.0123324381408807E+00 a      1580     0    53     1    20
 -2.6110848454083200E+01 a      1581     0    53     1    21
 -1.0655228444858151E+01 a      1582     0    53     1    22
  7.2447219253835824E+00 a      1583     0    53     1    23
  1.8575879534335815E+01 a      1584     0    53     1    24
 -1.7048046698783171E+01 a      1585     0    53     1    25
 -8.5677844559691074E+00 a      1586     0    53     1    26
  5.6037445729938073E-01 a      1587     0    53     1    27
 -2.0013567516797881E+01 a      1588     0    53     1    28
 -1.1811996682998531E+01 a      1589     0    53     1    29
 -6.0415988465036170E+00 a      1590     0    53     1    30
 -1.3074813969829429E+00 a      1591     0    54     1     1
  1.4597871773388659E+01 a      1592     0    54     1     2
  2.6498208887050076E+01 a      1593     0    54     1     3
 -1.0090432994082764E+01 a      1594     0    54     1     4
  6.1159529424618304E+00 a      1595     0    54     1     5
  1.6510294508857136E+01 a      1596     0    54     1     6
 -7.9223362225850931E+00 a      1597     0    54     1     7
 -1.4074962764606280E+01 a      1598     0    54     1     8
 -2.1752704206202448E+01 a      1599     0    54     1     9
 -1.1365993597943023E+01 a      1600     0    54     1    10
  1.1681592808170919E+01 a      1601     0    54     1    11
 -1.4810961204766649E+01 a      1602     0    54     1    12
 -1.1401611310520201E+01 a      1603     0    54     1    13
 -3.7286195193760974E-01 a      1604     0    54     1    14
 -1.6179437076774672E+01 a      1605     0    54     1    15
  5.0580021498752457E+00 a      1606     0    54     1    16
  1.6840776231393022E+01 a      1607     0    54     1    17
  1.5497820923750083E+01 a      1608     0    54     1    18
  3.1776097144015601E+01 a      1609     0    54     1    19
 -1.8774314093917761E+00 a      1610     0    54     1    20
  2.9106263913976225E+01 a      1611     0    54     1    21
 -1.1981841586235342E+01 a      1612     0    54     1    22
  8.8097185699564111E+00 a      1613     0    54     1    23
 -3.6001218616979372E+01 a      1614     0    54     1    24
  4.3611352606875240E+00 a      1615     0    54     1    25
  1.8050795163313467E+01 a      1616     0    54     1    26
  4.4292776153712659E+00 a      1617     0    54     1    27
  1.4609387467348919E+01 a      1618     0    54     1    28
  1.1590537200487390E+01 a      1619     0    54     1    29
 -6.2365061995966036E+00 a      1620     0    54     1    30
  7.6035422580663181E-01 a      1621     0    55     1     1
 -2.0521897984861472E+01 a      1622     0    55     1     2
  1.3692773271092630E+01 a      1623     0    55     1     3
  3.8867023910497722E-01 a      1624     0    55     1     4
  1.9530731110990939E+01 a      1625     0    55     1     5
 -2.0890448028195834E+01 a      1626     0    55     1     6
 -2.7132029238277607E+01 a      1627     0    55     1     7
  7.5421158550980731E+00 a      1628     0    55     1     8
 -9.9175591868709905E+00 a      1629     0    55     1     9
 -7.3552247829429440E+00 a      1630     0    55     1    10
  2.6411393416086550E+01 a      1631     0    55     1    11
 -3.8421169631574067E+01 a      1632     0    55     1    12
 -3.8174665358976334E+00 a      1633     0    55     1    13
  8.3903649365497479E+00 a      1634     0    55     1    14
 -1.8827189891222577E+01 a      1635     0    55     1    15
  2.7055978755218426E+01 a      1636     0    55     1    16
  2.3073447442309099E+01 a      1637     0    55     1    17
 -4.5267093787711046E+00 a      1638     0    55     1    18
  1.5481849131353592E+01 a      1639     0    55     1    19
 -6.4748593973325770E+00 a      1640     0    55     1    20
  3.8537668710786979E+00 a      1641     0    55     1    21
  2.0669475131883303E+01 a      1642     0    55     1    22
  2.2406810675226179E+01 a      1643     0    55     1    23
  8.8077907033279867E+00 a      1644     0    55     1    24
 -1.2723101286455828E+01 a      1645     0    55     1    25
  1.3463458700229280E+01 a      1646     0    55     1    26
  2.6236897734013347E+00 a      1647     0    55     1    27
  1.0227722682784375E+01 a      1648     0    55     1    28
 -2.9496162705979065E+00 a      1649     0    55     1    29
  9.1256619918911337E+00 a      1650     0    55     1    30
 -1.7541110914149594E+00 a      1651     0    56     1     1
 -7.0384935681774676E+00 a      1652     0    56     1     2
  2.0806147303889581E+01 a      1653     0    56     1     3
 -1.2268829069674059E+01 a      1654     0    56     1     4
 -1.1652746548459692E+01 a      1655     0    56     1     5
  4.6598378086782901E+00 a      1656     0    56     1     6
  1.2083698756443708E+01 a      1657     0    56     1     7
  2.4763209472697394E+00 a      1658     0    56     1     8
  2.6072493678289703E+00 a      1659     0    56     1     9
 -1.7517145130011375E+01 a      1660     0    56     1    10
  2.1877059042381951E+01 a      1661     0    56     1    11
  6.9186340522745740E+00 a      1662     0    56     1    12
  2.9314991338454920E+01 a      1663     0    56     1    13
 -1.3364440256488310E+01 a      1664     0    56     1    14
 -5.3473067422015319E+00 a      1665     0    56     1    15
  6.4651173995980900E+00 a      1666     0    56     1    16
 -8.4852910034312874E+00 a      1667     0    56     1    17
 -1.2242642074132856E+01 a      1668     0    56     1    18
  2.5201007718715598E+01 a      1669     0    56     1    19
  4.4579391943674196E+00 a      1670     0    56     1    20
  2.5289046661525144E-01 a      1671     0    56     1    21
  1.7317165483557456E+01 a      1672     0    56     1    22
 -1.8497596989375573E+01 a      1673     0    56     1    23
 -8.1896462294800241E+00 a      1674     0    56     1    24
 -1.9992594051983783E+01 a      1675     0    56     1    25
 -2.2211589711916108E+01 a      1676     0    56     1    26
 -9.2736755673876967E+00 a      1677     0    56     1    27
  9.5133080093879330E-01 a      1678     0    56     1    28
 -8.2501796684324569E-01 a      1679     0    56     1    29
  1.3690017098853163E+01 a      1680     0    56     1    30
 -8.0798108025768620E+00 a      1681     0    57     1     1
  1.2943257524496214E+00 a      1682     0    57     1     2
 -1.3564564110039161E+01 a      1683     0    57     1     3
  2.0074358584753367E+00 a      1684     0    57     1     4
 -2.4185732081126563E+01 a      1685     0    57     1     5
  1.5682488237240248E+01 a      1686     0    57     1     6
  7.3689090769775554E+00 a      1687     0    57     1     7
  5.4595077536106098E+00 a      1688     0    57     1     8
  2.5208591115567845E+01 a      1689     0    57     1     9
  1.4095419663497715E+01 a      1690     0    57     1    10
 -1.7844031006107176E+01 a      1691     0    57     1    11
  1.6063450245229568E+01 a      1692     0    57     1    12
  1.6336135118412091E+01 a      1693     0    57     1    13
  1.2673920370077509E+00 a      1694     0    57     1    14
  2.1640589161081976E+01 a      1695     0    57     1    15
 -7.8029956856520641E+00 a      1696     0    57     1    16
 -1.7391799488571909E+01 a      1697     0    57     1    17
 -6.2856640661505612E+00 a      1698     0    57     1    18
 -4.1757818498435952E+01 a      1699     0    57     1    19
  1.8918461795984687E+01 a      1700     0    57     1    20
 -2.5758480060717893E+01 a      1701     0    57     1    21
 -7.8176289780874368E+00 a      1702     0    57     1    22
  1.1617436386413550E+01 a      1703     0    57     1    23
  7.1994734126370723E+00 a      1704     0    57     1    24
  1.6606562874480161E+01 a      1705     0    57     1    25
 -1.6131513997854540E+01 a      1706     0    57     1    26
  2.2435201115259400E+01 a      1707     0    57     1    27
 -5.6036620624094435E-01 a      1708     0    57     1    28
 -2.2869990086702661E+01 a      1709     0    57     1    29
 -1.6031553403366171E+01 a      1710     0    57     1    30
  1.3664596609558819E+00 a      1711     0    58     1     1
 -4.6219264857855729E+00 a      1712     0    58     1     2
 -1.7798835848269430E+01 a      1713     0    58     1     3
  1.3663992662146136E+01 a      1714     0    58     1     4
 -9.9942536850160053E+00 a      1715     0    58     1     5
  6.5535940579227363E+00 a      1716     0    58     1     6
  1.1288370229972053E+01 a      1717     0    58     1     7
 -5.9452913864140795E+00 a      1718     0    58     1     8
 -2.5458289878006848E+01 a      1719     0    58     1     9
  1.7632013193515558E+01 a      1720     0    58     1    10
 -1.4459029014602372E+01 a      1721     0    58     1    11
 -2.7936017640049243E+01 a      1722     0    58     1    12
 -1.7343332894993246E+01 a      1723     0    58     1    13
 -1.2074305546525890E+01 a      1724     0    58     1    14
  3.9780974900228483E-01 a      1725     0    58     1    15
  3.9835935325710459E+00 a      1726     0    58     1    16
  7.4255416133928420E-01 a      1727     0    58     1    17
  2.1460008161736358E+01 a      1728     0    58     1    18
 -9.7741091082957290E+00 a      1729     0    58     1    19
  8.2823173073851013E+00 a      1730     0    58     1    20
  5.5907842582112233E+00 a      1731     0    58     1    21
  5.2656742207347165E+00 a      1732     0    58     1    22
  5.2464633884043355E-01 a      1733     0    58     1    23
  5.6309570024373272E+00 a      1734     0    58     1    24
  4.4796311068846950E-01 a      1735     0    58     1    25
  2.9142862898610215E+01 a      1736     0    58     1    26
 -7.0139368755972313E+00 a      1737     0    58     1    27
 -1.1578902718500611E+01 a      1738     0    58     1    28
  1.9367749742115933E+01 a      1739     0    58     1    29
 -1.4625225984705835E+01 a      1740     0    58     1    30
  6.5251774013012742E+00 a      1741     0    59     1     1
 -6.3653809490595830E+00 a      1742     0    59     1     2
 -1.0810283203804676E+00 a      1743     0    59     1     3
 -1.0201331988097257E+01 a      1744     0    59     1     4
  1.3455617683964423E+01 a      1745     0    59     1     5
 -8.9663218352670793E+00 a      1746     0    59     1     6
  7.2743255779705507E+00 a      1747     0    59     1     7
  3.8568084368533064E+00 a      1748     0    59     1     8
  1.5444513014096390E+01 a      1749     0    59     1     9
 -1.3130339479932962E+01 a      1750     0    59     1    10
 -1.0413862723280047E+00 a      1751     0    59     1    11
  1.3415626012476146E+01 a      1752     0    59     1    12
  9.3406369441286135E+00 a      1753     0    59     1    13
 -8.0212578994778816E-01 a      1754     0    59     1    14
 -3.2029949149857648E+00 a      1755     0    59     1    15
 -5.4157080587092077E+00 a      1756     0    59     1    16
  1.9743448395085623E+00 a      1757     0    59     1    17
 -1.5041185501585606E+01 a      1758     0    59     1    18
  3.2460581233430359E+00 a      1759     0    59     1    19
  5.4079403980430021E+00 a      1760     0    59     1    20
  5.5617969169067756E+00 a      1761     0    59     1    21
  4.6622673408758670E+00 a      1762     0    59     1    22
 -1.1124921068922474E+01 a      1763     0    59     1    23
 -9.8298998134170326E+00 a      1764     0    59     1    24
  9.6181861378252567E+00 a      1765     0    59     1    25
 -7.3638918571067613E+00 a      1766     0    59     1    26
  4.5183446875443414E+00 a      1767     0    59     1    27
  1.6334960269952109E+01 a      1768     0    59     1    28
  7.3290998126074882E+00 a      1769     0    59     1    29
  6.1298629782260790E+00 a      1770     0    59     1    30
  1.6418622145109754E+01 a      1771     0    60     1     1
  9.0507012854704332E+00 a      1772     0    60     1     2
 -2.2539007432301283E+01 a      1773     0    60     1     3
  1.7781487895714399E+01 a      1774     0    60     1     4
  1.3424299555369478E+01 a      1775     0    60     1     5
 -2.5055031823359407E+01 a      1776     0    60     1     6
 -1.8951350090657852E+00 a      1777     0    60     1     7
  1.2332135209902701E+01 a      1778     0    60     1     8
  9.3485366112961259E+00 a      1779     0    60     1     9
 -1.2759585120371453E+00 a      1780     0    60     1    10
 -4.8787054725199210E+00 a      1781     0    60     1    11
  5.8961427611440218E+00 a      1782     0    60     1    12
 -9.2686191256930250E-01 a      1783     0    60     1    13
 -2.8309481079256784E+00 a      1784     0    60     1    14
  7.1418693609586761E+00 a      1785     0    60     1    15
  1.1891249160458539E+00 a      1786     0    60     1    16
 -2.4196237709219819E+00 a      1787     0    60     1    17
 -3.0083820056056418E+00 a      1788     0    60     1    18
 -1.0965438631688782E+01 a      1789     0    60     1    19
 -2.1080020317479522E+00 a      1790     0    60     1    20
  7.5567445818670294E+00 a      1791     0    60     1    21
  2.2353218736273650E+01 a      1792     0    60     1    22
 -9.0696635902564751E+00 a      1793     0    60     1    23
  1.5201156632770418E+01 a      1794     0    60     1    24
 -6.7966762878371370E+00 a      1795     0    60     1    25
  1.6828892121137610E+01 a      1796     0    60     1    26
 -1.6346049335645411E+01 a      1797     0    60     1    27
  3.3066753941017279E+00 a      1798     0    60     1    28
 -4.0496023382899118E+00 a      1799     0    60     1    29
  1.0273861829804686E+01 a      1800     0    60     1    30
  5.5215271422597807E+00 a      1801     0    61     1     1
  5.9519587852307887E-01 a      1802     0    61     1     2
  4.0217816798622792E+01 a      1803     0    61     1     3
 -1.4726518580558917E+01 a      1804     0    61     1     4
 -3.6738432284521991E+00 a      1805     0    61     1     5
  1.4716758492234986E+01 a      1806     0    61     1     6
  8.3450390597929953E+00 a      1807     0    61     1     7
 -2.5687959225925926E+01 a      1808     0    61     1     8
  4.7577285957188611E+00 a      1809     0    61     1     9
 -3.9389035417242870E+00 a      1810     0    61     1    10
  4.6542385770268574E+01 a      1811     0    61     1    11
 -4.1399870484930856E+00 a      1812     0    61     1    12
  1.7721784874436455E+01 a      1813     0    61     1    13
  5.6283509834177368E+00 a      1814     0    61     1    14
 -4.6835758730220867E+01 a      1815     0    61     1    15
 -8.7278049783507079E+00 a      1816     0    61     1    16
 -2.9136291979579958E+01 a      1817     0    61     1    17
  1.7836751926937602E+01 a      1818     0    61     1    18
  6.1530197130257804E+01 a      1819     0    61     1    19
  2.1389883329715389E+01 a      1820     0    61     1    20
 -7.1483903905198414E+00 a      1821     0    61     1    21
 -4.7975399150879250E+00 a      1822     0    61     1    22
 -2.2623088863369059E+01 a      1823     0    61     1    23
  6.7927402537068673E+00 a      1824     0    61     1    24
 -1.0328037338044586E+01 a      1825     0    61     1    25
 -4.8176300052889343E-01 a      1826     0    61     1    26
 -1.3824450034559508E+01 a      1827     0    61     1    27
 -6.2780575181949061E+01 a      1828     0    61     1    28
 -1.4847574791436696E+01 a      1829     0    61     1    29
  2.9400586084947911E+01 a      1830     0    61     1    30
 -1.5349135540281878E+01 a      1831     0    62     1     1
 -4.9045887251757305E+00 a      1832     0    62     1     2
  2.7604565435984767E+01 a      1833     0    62     1     3
 -2.9748353495598174E+01 a      1834     0    62     1     4
  7.0185168767829325E+00 a      1835     0    62     1     5
 -9.8024985195417127E+00 a      1836     0    62     1     6
  2.7385396893153864E+01 a      1837     0    62     1     7
 -1.6686065033218259E+01 a      1838     0    62     1     8
 -1.4924783414658135E+01 a      1839     0    62     1     9
  1.2739798076369508E+01 a      1840     0    62     1    10
  1.8578607376798338E+01 a      1841     0    62     1    11
  3.0063663135393885E+01 a      1842     0    62     1    12
  1.5159751231868457E+01 a      1843     0    62     1    13
 -1.6820907618220772E+01 a      1844     0    62     1    14
 -1.2825645413021856E+01 a      1845     0    62     1    15
 -5.1875126279993715E+00 a      1846     0    62     1    16
 -1.1634840723326667E+01 a      1847     0    62     1    17
  4.8648309593837684E+00 a      1848     0    62     1    18
  5.1204675434499771E+00 a      1849     0    62     1    19
 -8.9149543296868465E+00 a      1850     0    62     1    20
 -1.8403911032693387E+01 a      1851     0    62     1    21
 -1.7883072474404692E+01 a      1852     0    62     1    22
 -7.4725044337172095E+00 a      1853     0    62     1    23
  6.7944650192634883E+00 a      1854     0    62     1    24
  4.3752781745915426E-01 a      1855     0    62     1    25
  6.3529750804926222E+00 a      1856     0    62     1    26
  1.7607068057672127E+01 a      1857     0    62     1    27
  6.8621467523943798E+00 a      1858     0    62     1    28
 -3.5643502050794149E+00 a      1859     0    62     1    29
  1.4537940810220856E+01 a      1860     0    62     1    30
 -5.8247644920139567E+00 a      1861     0    63     1     1
 -1.5287908513615386E+01 a      1862     0    63     1     2
  2.5658954123516875E+01 a      1863     0    63     1     3
 -4.6437940369389006E+00 a      1864     0    63     1     4
  1.6454559388296939E+01 a      1865     0    63     1     5
 -1.7221562731578612E+01 a      1866     0    63     1     6
  2.8463360633113428E+01 a      1867     0    63     1     7
 -2.0507993939487022E+01 a      1868     0    63     1     8
 -2.8139618576355510E+01 a      1869     0    63     1     9
 -8.9836168461906905E+00 a      1870     0    63     1    10
 -1.9658427314611348E+01 a      1871     0    63     1    11
  4.9124439033081568E+00 a      1872     0    63     1    12
  2.9973466027652016E+00 a      1873     0    63     1    13
  6.0578239045691209E+00 a      1874     0    63     1    14
 -2.9832503401227513E+01 a      1875     0    63     1    15
 -5.8498450911105962E+01 a      1876     0    63     1    16
 -2.9841993781165559E+01 a      1877     0    63     1    17
 -7.9039070425853133E+00 a      1878     0    63     1    18
 -1.6682823913679499E+01 a      1879     0    63     1    19
  2.9347355605372677E+01 a      1880     0    63     1    20
  7.7811175641045391E+00 a      1881     0    63     1    21
 -1.5650272596006483E+00 a      1882     0    63     1    22
 -9.6602025741895492E+00 a      1883     0    63     1    23
 -1.9259721447275897E+01 a      1884     0    63     1    24
  1.1905818438014279E+01 a      1885     0    63     1    25
  2.6385808885369890E+01 a      1886     0    63     1    26
  6.0990156439004188E+00 a      1887     0    63     1    27
  2.6186003232675703E+00 a      1888     0    63     1    28
 -1.3991570430355095E+01 a      1889     0    63     1    29
 -4.2598822286716637E-01 a      1890     0    63     1    30
  2.0896622090821349E+01 a      1891     0    64     1     1
 -8.2399885102150154E+00 a      1892     0    64     1     2
  1.1508980452485417E+01 a      1893     0    64     1     3
  4.9838687366752765E+00 a      1894     0    64     1     4
  3.4869924150950156E+00 a      1895     0    64     1     5
  2.9458362001869123E+01 a      1896     0    64     1     6
 -1.2541755306619258E+01 a      1897     0    64     1     7
  1.0777846419400037E+00 a      1898     0    64     1     8
  1.0396366597069139E+01 a      1899     0    64     1     9
 -2.0378281745079445E+01 a      1900     0    64     1    10
 -1.5062924220361607E+01 a      1901     0    64     1    11
 -1.9126220799753142E+01 a      1902     0    64     1    12
 -3.9697675448130263E+00 a      1903     0    64     1    13
 -4.3031770156195446E+00 a      1904     0    64     1    14
  9.6554805544309978E+00 a      1905     0    64     1    15
 -1.2107032057465265E+01 a      1906     0    64     1    16
 -3.9969743664793640E+01 a      1907     0    64     1    17
  1.9456502194041758E+00 a      1908     0    64     1    18
  1.8998024330968367E+01 a      1909     0    64     1    19
  1.1647173153399968E+00 a      1910     0    64     1    20
  9.8987823400210058E+00 a      1911     0    64     1    21
 -4.6950563451643443E+00 a      1912     0    64     1    22
  3.4545243169333204E+01 a      1913     0    64     1    23
 -3.0858759503325195E-01 a      1914     0    64     1    24
 -3.5831570615171522E+01 a      1915     0    64     1    25
  2.0604656830915480E+00 a      1916     0    64     1    26
  1.2248824979368406E+01 a      1917     0    64     1    27
 -2.5144613829397475E+01 a      1918     0    64     1    28
 -1.2031984110610530E+01 a      1919     0    64     1    29
 -1.0717416162756153E+01 a      1920     0    64     1    30
  5.2590283481607791E-01 b      1921     1     1
 -7.4745415671610678E+00 b      1922     1     2
 -3.4836080140305068E+00 b      1923     1     3
 -4.0019978881221787E+00 b      1924     1     4
 -4.6873304507837172E+00 b      1925     1     5
 -4.5774686359829699E+00 b      1926     1     6
  1.0182228600699039E+00 b      1927     1     7
  3.0886281745839289E-01 b      1928     1     8
 -8.4338471965842210E+00 b      1929     1     9
  3.9439831481113902E-01 b      1930     1    10
 -4.4801635783407985E+00 b      1931     1    11
 -1.5094339374167951E+00 b      1932     1    12
 -2.3140292377991911E+00 b      1933     1    13
  1.4127229430039681E-01 b      1934     1    14
 -1.5540834709545650E+00 b      1935     1    15
 -3.4157207368311937E+00 b      1936     1    16
 -1.8404694634251053E+00 b      1937     1    17
 -4.5429449498463564E-01 b      1938     1    18
  1.3886919967801825E+00 b      1939     1    19
 -3.4011860036486601E+00 b      1940     1    20
  4.6516840929611836E-01 b      1941     1    21
 -3.5393390862267236E+00 b      1942     1    22
 -1.7238371590718586E+00 b      1943     1    23
 -3.9359534674533603E-01 b      1944     1    24
 -1.4632470963489647E-01 b      1945     1    25
  3.0231733685975211E-02 b      1946     1    26
 -4.5321900473212393E+00 b      1947     1    27
 -2.5407475950252065E+00 b      1948     1    28
  1.1307514146689002E+00 b      1949     1    29
 -8.5556753262570706E-01 b      1950     1    30
  1.6465300922171267E+00 a      1951     1     1     2     1
  3.0318312746230303E-01 a      1952     1     1     2     2
  5.4132945704359080E-02 a      1953     1     1     2     3
  1.1851315254662029E+00 a      1954     1     1     2     4
 -6.4741710214740700E-01 a      1955     1     1     2     5
 -1.9975988107355479E-02 a      1956     1     1     2     6
 -1.0334654113957127E+00 a      1957     1     1     2     7
  1.5203475535428308E+00 a      1958     1     1     2     8
  1.5757782065686685E+00 a      1959     1     1     2     9
  5.4390257193851821E-01 a      1960     1     1     2    10
  1.4683245047440792E+00 a      1961     1     1     2    11
 -2.5708013806407068E+00 a      1962     1     1     2    12
  2.2623547711824184E-02 a      1963     1     1     2    13
  1.1201247185977276E-01 a      1964     1     1     2    14
 -8.5618612815150663E-01 a      1965     1     1     2    15
  4.1710945257486198E-01 a      1966     1     1     2    16
  4.3115868591547107E-01 a      1967     1     1     2    17
  2.4933331303213810E+00 a      1968     1     1     2    18
  1.8699679523057120E+00 a      1969     1     1     2    19
  1.0425322628911691E+00 a      1970     1     1     2    20
 -2.4444771252299094E-01 a      1971     1     1     2    21
 -2.2307650052957986E-01 a      1972     1     1     2    22
 -3.3750245383730076E-01 a      1973     1     1     2    23
  2.5967704923771578E-01 a      1974     1     1     2    24
 -1.4634873476505439E+00 a      1975     1     1     2    25
  8.6930237023207912E-01 a      1976     1     1     2    26
 -1.2483441718695629E+00 a      1977     1     1     2    27
 -1.0850225907700399E+00 a      1978     1     1     2    28
  5.1970614424889905E-01 a      1979     1     1     2    29
  1.0752722467424904E+00 a      1980     1     1     2    30
  1.2492007013391824E+00 a      1981     1     2     2     1
 -4.5540101511990487E+00 a      1982     1     2     2     2
  1.5031253270047020E+00 a      1983     1     2     2     3
 -3.0013841347798889E+00 a      1984     1     2     2     4
  3.1974653810187084E+00 a      1985     1     2     2     5
  4.6676466979784097E+00 a      1986     1     2     2     6
 -1.7821107916468759E+00 a      1987     1     2     2     7
  4.7286100714664225E-01 a      1988     1     2     2     8
 -1.2116552276313801E+00 a      1989     1     2     2     9
  2.3189242489979471E+00 a      1990     1     2     2    10
  4.9299760680939899E+00 a      1991     1     2     2    11
  2.2964316300213645E+00 a      1992     1     2     2    12
  2.2213339750254177E+00 a      1993     1     2     2    13
  2.0115434953093918E+00 a      1994     1     2     2    14
  5.4521534854870091E-01 a      1995     1     2     2    15
 -5.3829754679132247E-01 a      1996     1     2     2    16
 -2.5980958931304836E+00 a      1997     1     2     2    17
 -1.0323211552951326E+00 a      1998     1     2     2    18
  6.0301084370535885E-01 a      1999     1     2     2    19
 -3.2813790786030228E-01 a      2000     1     2     2    20
  1.6705551106341581E+00 a      2001     1     2     2    21
 -1.6774438265322409E+00 a      2002     1     2     2    22
  2.4369027599557530E-01 a      2003     1     2     2    23
 -6.3740937391221708E+00 a      2004     1     2     2    24
 -5.3388269418188576E+00 a      2005     1     2     2    25
 -9.3623314317079709E-01 a      2006     1     2     2    26
 -2.2792579642719549E-01 a      2007     1     2     2    27
 -1.3081281080004334E-01 a      2008     1     2     2    28
 -3.7026925040368504E+00 a      2009     1     2     2    29
  2.6320690238421895E+00 a      2010     1     2     2    30
  3.1144340447881093E-02 a      2011     1     3     2     1
 -1.6748156635222020E+00 a      2012     1     3     2     2
 -1.0334212911914220E+00 a      2013     1     3     2     3
  6.5228567949780791E-01 a      2014     1     3     2     4
 -1.2251592803001354E+00 a      2015     1     3     2     5
  1.0316773401686792E-01 a      2016     1     3     2     6
  6.9032904057168099E-01 a      2017     1     3     2     7
  5.2521881795958092E-01 a      2018     1     3     2     8
  1.4335786689608829E-01 a      2019     1     3     2     9
 -2.2332839871147976E+00 a      2020     1     3     2    10
  9.3234631355266906E-01 a      2021     1     3     2    11
 -6.7335555007882492E-02 a      2022     1     3     2    12
 -5.9203534389522028E-01 a      2023     1     3     2    13
 -1.0415446232313510E+00 a      2024     1     3     2    14
 -1.3144399604292258E+00 a      2025     1     3     2    15
 -1.5438017104485775E+00 a      2026     1     3     2    16
  2.0572766296779430E+00 a      2027     1     3     2    17
  3.0343206537514811E+00 a      2028     1     3     2    18
  1.3076489084249989E+00 a      2029     1     3     2    19
 -5.5805144832720910E-01 a      2030     1     3     2    20
  1.9637499777465615E+00 a      2031     1     3     2    21
  4.6955113518388619E-01 a      2032     1     3     2    22
  8.4287070820267851E-01 a      2033     1     3     2    23
 -2.4543459945984605E+00 a      2034     1     3     2    24
  1.9197119732318524E-01 a      2035     1     3     2    25
  1.6365876729492507E-01 a      2036     1     3     2    26
 -9.2616124708328515E-02 a      2037     1     3     2    27
 -4.7021483994367269E-01 a      2038     1     3     2    28
 -3.0645712822331093E+00 a      2039     1     3     2    29
  1.1510048122879062E+00 a      2040     1     3     2    30
 -2.6348738136823657E+00 a      2041     1     4     2     1
  4.1637090498274594E+00 a      2042     1     4     2     2
 -1.7326898995041047E+00 a      2043     1     4     2     3
 -1.4783717996453869E+00 a      2044     1     4     2     4
  3.9548526074936774E-01 a      2045     1     4     2     5
 -3.1176167290181009E+00 a      2046     1     4     2     6
  9.2120251632167238E-01 a      2047     1     4     2     7
  1.3751702603687661E+00 a      2048     1     4     2     8
 -8.2141567326736076E-01 a      2049     1     4     2     9
  1.6781651645669793E+00 a      2050     1     4     2    10
  4.1515293569726708E-01 a      2051     1     4     2    11
 -1.8608148037500609E+00 a      2052     1     4     2    12
  8.2500965856843678E-01 a      2053     1     4     2    13
 -4.4308701663209477E-01 a      2054     1     4     2    14
 -9.1685021042057460E-02 a      2055     1     4     2    15
 -4.0599604317210708E-01 a      2056     1     4     2    16
  1.8478245090664309E+00 a      2057     1     4     2    17
  2.9692527633437713E+00 a      2058     1     4     2    18
  7.6430102994777238E-01 a      2059     1     4     2    19
  2.0453281636311102E-01 a      2060     1     4     2    20
  6.6921833563272781E-01 a      2061     1     4     2    21
  2.0698830915907278E+00 a      2062     1     4     2    22
 -1.9775562951508812E+00 a      2063     1     4     2    23
  1.0187944028521261E+00 a      2064     1     4     2    24
 -1.5119601787099781E+00 a      2065     1     4     2    25
  1.1294722171021769E+00 a      2066     1     4     2    26
 -1.4874700654315911E+00 a      2067     1     4     2    27
 -4.1365626031142169E+00 a      2068     1     4     2    28
 -1.2405735941942329E-01 a      2069     1     4     2    29
  1.8867893038661416E+00 a      2070     1     4     2    30
 -6.8257569713655697E-01 a      2071     1     5     2     1
 -4.5309659437107275E+00 a      2072     1     5     2     2
  1.5541741273982563E+00 a      2073     1     5     2     3
  2.3082311736030858E+00 a      2074     1     5     2     4
 -6.3314754153241637E-01 a      2075     1     5     2     5
  4.6953815690906298E-01 a      2076     1     5     2     6
  3.9768561484712150E+00 a      2077     1     5     2     7
 -2.0904775931465827E-01 a      2078     1     5     2     8
  3.0046490524204326E+00 a      2079     1     5     2     9
 -1.9646723384729914E+00 a      2080     1     5     2    10
  2.8587362300483590E+00 a      2081     1     5     2    11
 -3.8329729904044907E-01 a      2082     1     5     2    12
  2.7287736523079009E-01 a      2083     1     5     2    13
  2.0190445735067182E+00 a      2084     1     5     2    14
  1.0575775707807367E+00 a      2085     1     5     2    15
 -4.2522892648657411E+00 a      2086     1     5     2    16
  6.2741806110586973E-01 a      2087     1     5     2    17
 -2.7610104548884822E+00 a      2088     1     5     2    18
  1.3610044570194524E+00 a      2089     1     5     2    19
  7.6461252201131846E-01 a      2090     1     5     2    20
  3.1395964079896057E+00 a      2091     1     5     2    21
  2.0567519646495156E+00 a      2092     1     5     2    22
  8.9683982549999381E+00 a      2093     1     5     2    23
 -2.5935295585770115E+00 a      2094     1     5     2    24
 -3.6739824085921708E+00 a      2095     1     5     2    25
  2.1318346086145259E+00 a      2096     1     5     2    26
 -9.9302267257072607E-01 a      2097     1     5     2    27
 -6.2496460777607177E-01 a      2098     1     5     2    28
 -2.7599878647785636E+00 a      2099     1     5     2    29
 -1.9255872180759142E+00 a      2100     1     5     2    30
  3.5705010993165770E-01 a      2101     1     6     2     1
 -1.0542308225067261E+00 a      2102     1     6     2     2
  2.0002885043232208E+00 a      2103     1     6     2     3
 -2.0389534950444359E+00 a      2104     1     6     2     4
  4.0850694811064159E-01 a      2105     1     6     2     5
 -6.2397184631937508E+00 a      2106     1     6     2     6
  1.4965588193820106E-01 a      2107     1     6     2     7
 -1.3459893116183549E-01 a      2108     1     6     2     8
 -1.9235430534215070E+00 a      2109     1     6     2     9
  7.1531491780099898E-01 a      2110     1     6     2    10
 -1.7022840997012294E+00 a      2111     1     6     2    11
  3.0652858223631041E-01 a      2112     1     6     2    12
  4.2116218652078463E-01 a      2113     1     6     2    13
 -2.5687419234181723E+00 a      2114     1     6     2    14
 -2.7955740768273492E+00 a      2115     1     6     2    15
 -3.7386464447837686E-01 a      2116     1     6     2    16
 -1.7705323329783029E+00 a      2117     1     6     2    17
 -8.9954410611793811E-01 a      2118     1     6     2    18
 -5.4948831606076054E-01 a      2119     1     6     2    19
  4.2669416661619042E-01 a      2120     1     6     2    20
  2.5454345099747795E+00 a      2121     1     6     2    21
 -1.6553049248158502E+00 a      2122     1     6     2    22
 -8.0675074249773604E-02 a      2123     1     6     2    23
  1.7003090653140875E+00 a      2124     1     6     2    24
  9.8768157941438306E-01 a      2125     1     6     2    25
 -6.1234703846333657E-02 a      2126     1     6     2    26
  5.0631218088058827E-01 a      2127     1     6     2    27
  6.7361532164994598E-01 a      2128     1     6     2    28
  2.5459166685605488E+00 a      2129     1     6     2    29
 -1.4197166858292862E+00 a      2130     1     6     2    30
  1.1295268321530902E+00 a      2131     1     7     2     1
  1.2522841703523107E+00 a      2132     1     7     2     2
 -2.4773005293778656E+00 a      2133     1     7     2     3
  9.3210420527026583E-01 a      2134     1     7     2     4
  5.9769515323451561E-01 a      2135     1     7     2     5
  2.2113011351589966E+00 a      2136     1     7     2     6
 -1.9453094812148815E+00 a      2137     1     7     2     7
 -4.0285160735220771E-01 a      2138     1     7     2     8
  2.4077000295499920E-01 a      2139     1     7     2     9
 -1.0562088240338370E+00 a      2140     1     7     2    10
 -1.2687109138812152E+00 a      2141     1     7     2    11
  1.4830133242861959E-01 a      2142     1     7     2    12
 -1.2036837467280928E+00 a      2143     1     7     2    13
 -1.9799479039365293E+00 a      2144     1     7     2    14
  6.8142175251256865E-01 a      2145     1     7     2    15
  6.1713217052817770E-01 a      2146     1     7     2    16
  1.0099641332374147E+00 a      2147     1     7     2    17
 -2.8323615283384487E+00 a      2148     1     7     2    18
  9.6617484735603165E-01 a      2149     1     7     2    19
 -3.4246663175360859E-01 a      2150     1     7     2    20
 -6.1907421006682950E-01 a      2151     1     7     2    21
  1.6340472081754513E+00 a      2152     1     7     2    22
 -3.6415345149084416E-01 a      2153     1     7     2    23
 -2.0558578639447305E+00 a      2154     1     7     2    24
  1.3513296118272193E+00 a      2155     1     7     2    25
 -1.2624868996949740E-01 a      2156     1     7     2    26
  5.7294968600256313E-01 a      2157     1     7     2    27
 -1.3696322745214087E+00 a      2158     1     7     2    28
  1.1732126920307049E+00 a      2159     1     7     2    29
  7.5271244145423810E-01 a      2160     1     7     2    30
 -5.8392798594340163E-02 a      2161     1     8     2     1
 -3.9244140632292712E+00 a      2162     1     8     2     2
 -1.2648524439516673E+00 a      2163     1     8     2     3
  2.7662507072082271E-01 a      2164     1     8     2     4
  7.1669459779917655E-01 a      2165     1     8     2     5
  1.4381092990523150E+00 a      2166     1     8     2     6
  3.6955715769813060E+00 a      2167     1     8     2     7
 -8.4110998624852840E-01 a      2168     1     8     2     8
 -9.5424967691852167E+00 a      2169     1     8     2     9
 -1.1942921721963140E+00 a      2170     1     8     2    10
 -7.4002881793570771E-02 a      2171     1     8     2    11
 -1.1999998349503742E-01 a      2172     1     8     2    12
 -4.3953181938980379E-01 a      2173     1     8     2    13
 -4.6964138177252357E+00 a      2174     1     8     2    14
  1.3035605099571874E+00 a      2175     1     8     2    15
 -2.0796261710556863E+00 a      2176     1     8     2    16
  1.6443532473283913E+00 a      2177     1     8     2    17
  4.3514304033144560E-02 a      2178     1     8     2    18
 -2.2666938825761216E+00 a      2179     1     8     2    19
 -3.1873307109832920E+00 a      2180     1     8     2    20
 -9.9856764031015760E-02 a      2181     1     8     2    21
  7.8876014853764304E-02 a      2182     1     8     2    22
  5.9927706231896782E-01 a      2183     1     8     2    23
 -1.8490140812086913E+00 a      2184     1     8     2    24
 -1.5014421113992701E-01 a      2185     1     8     2    25
  3.5879301208195452E-01 a      2186     1     8     2    26
  5.4042474555215259E-01 a      2187     1     8     2    27
  1.7165467298606931E+00 a      2188     1     8     2    28
 -3.6740295622361758E+00 a      2189     1     8     2    29
 -5.7021071110674171E-01 a      2190     1     8     2    30
 -7.7579086234725758E-01 a      2191     1     9     2     1
 -7.2341273446924448E-01 a      2192     1     9     2     2
 -4.8639673037639258E-01 a      2193     1     9     2     3
 -3.8306837037953662E-01 a      2194     1     9     2     4
 -3.2700918871336335E+00 a      2195     1     9     2     5
 -1.0664670796546027E+00 a      2196     1     9     2     6
 -8.4607059685895070E-01 a      2197     1     9     2     7
  3.2050473907865862E-01 a      2198     1     9     2     8
  2.8051234884998977E-01 a      2199     1     9     2     9
  6.2130064015246644E-01 a      2200     1     9     2    10
  2.3249121603155273E-01 a      2201     1     9     2    11
 -3.3022783482039815E+00 a      2202     1     9     2    12
  8.3397525423200614E-02 a      2203     1     9     2    13
  3.0160071162213891E+00 a      2204     1     9     2    14
 -9.6954144517810559E-01 a      2205     1     9     2    15
  1.4724098077660737E+00 a      2206     1     9     2    16
  9.8301469060461902E-02 a      2207     1     9     2    17
  3.0494083134264410E-01 a      2208     1     9     2    18
 -6.5363401798728654E-02 a      2209     1     9     2    19
 -1.0201195805077463E-01 a      2210     1     9     2    20
  1.0061999060649656E+00 a      2211     1     9     2    21
 -6.8690814989117921E-01 a      2212     1     9     2    22
  2.5439340775431267E+00 a      2213     1     9     2    23
  6.7064724240196472E-01 a      2214     1     9     2    24
  4.4911811320877498E-01 a      2215     1     9     2    25
  2.9059898179250636E-02 a      2216     1     9     2    26
 -1.0687289957626775E+00 a      2217     1     9     2    27
  1.7836730217136747E+00 a      2218     1     9     2    28
 -1.9335150338821621E+00 a      2219     1     9     2    29
  1.9812507769480669E+00 a      2220     1     9     2    30
  5.9729247130396679E-01 a      2221     1    10     2     1
  2.1179554314255360E+00 a      2222     1    10     2     2
  7.0774686184441260E-01 a      2223     1    10     2     3
  4.1504722654205950E-01 a      2224     1    10     2     4
  1.7220572960998878E-01 a      2225     1    10     2     5
 -4.9363697686818947E-01 a      2226     1    10     2     6
 -7.8921337843582418E-01 a      2227     1    10     2     7
  1.3664617084607045E+00 a      2228     1    10     2     8
  8.6466354967145043E-01 a      2229     1    10     2     9
 -1.2295487968620871E+00 a      2230     1    10     2    10
 -7.5882509198385106E-01 a      2231     1    10     2    11
 -2.1141563208429797E+00 a      2232     1    10     2    12
 -3.0397162604266259E-01 a      2233     1    10     2    13
 -3.7707152695442607E+00 a      2234     1    10     2    14
 -1.6912882863058953E-01 a      2235     1    10     2    15
 -2.4412290075525238E+00 a      2236     1    10     2    16
  4.9461340446518171E-01 a      2237     1    10     2    17
 -1.9035954752078006E+00 a      2238     1    10     2    18
 -8.4688823410960534E-01 a      2239     1    10     2    19
 -7.8724119624417876E-01 a      2240     1    10     2    20
  1.6322662442937921E+00 a      2241     1    10     2    21
 -8.7885886322488216E-01 a      2242     1    10     2    22
  4.4240565566000101E-01 a      2243     1    10     2    23
  9.6600469497788333E-01 a      2244     1    10     2    24
  1.0858777295244761E+00 a      2245     1    10     2    25
  2.4298980893391584E+00 a      2246     1    10     2    26
  2.2156902542653256E-01 a      2247     1    10     2    27
  1.5585612317599613E+00 a      2248     1    10     2    28
  7.2511067727783074E-01 a      2249     1    10     2    29
  1.3557447064584383E-01 a      2250     1    10     2    30
  1.2293849373713743E+00 a      2251     1    11     2     1
 -2.6240500477845163E-01 a      2252     1    11     2     2
 -5.4242801872970476E+00 a      2253     1    11     2     3
 -1.7633021791664689E+00 a      2254     1    11     2     4
  2.0302369967765337E+00 a      2255     1    11     2     5
  1.8927948889752455E+00 a      2256     1    11     2     6
 -8.5173147889537193E-01 a      2257     1    11     2     7
 -3.6715263359248995E+00 a      2258     1    11     2     8
  8.4622430859027586E-01 a      2259     1    11     2     9
  1.5025470676662820E+00 a      2260     1    11     2    10
  1.0136451556755066E+00 a      2261     1    11     2    11
  3.0672097443180397E+00 a      2262     1    11     2    12
  1.3814601386918363E-02 a      2263     1    11     2    13
  1.4666297930434662E+00 a      2264     1    11     2    14
  2.4318300025594683E-01 a      2265     1    11     2    15
  4.1685373929566011E-01 a      2266     1    11     2    16
 -9.4097451755332551E-01 a      2267     1    11     2    17
  1.0433046141723761E+00 a      2268     1    11     2    18
 -8.8762257941758838E-01 a      2269     1    11     2    19
  7.0619956395193506E-01 a      2270     1    11     2    20
  3.5941467100247634E-02 a      2271     1    11     2    21
  1.9498993543452250E+00 a      2272     1    11     2    22
  9.3757232676076341E-01 a      2273     1    11     2    23
 -1.8572585896743499E+00 a      2274     1    11     2    24
 -3.3960921257708859E-01 a      2275     1    11     2    25
 -2.3956035179886251E-01 a      2276     1    11     2    26
  2.1781143517616450E+00 a      2277     1    11     2    27
  6.9464783475209546E-01 a      2278     1    11     2    28
 -4.3129996685845411E+00 a      2279     1    11     2    29
 -1.3307834989043987E-01 a      2280     1    11     2    30
  6.3674143418000206E-01 a      2281     1    12     2     1
 -4.2370115210562448E-01 a      2282     1    12     2     2
 -1.2113309906527325E-01 a      2283     1    12     2     3
  9.8399491623345672E-02 a      2284     1    12     2     4
  8.0918490608540317E-01 a      2285     1    12     2     5
  1.7556707085489304E-01 a      2286     1    12     2     6
 -9.9628403475742922E-01 a      2287     1    12     2     7
  1.4861123851246034E+00 a      2288     1    12     2     8
 -4.1082224500438785E-01 a      2289     1    12     2     9
 -8.7490546416792303E-01 a      2290     1    12     2    10
 -5.3958920382146536E-01 a      2291     1    12     2    11
 -2.0149665942028133E-02 a      2292     1    12     2    12
  8.3651534368374170E-01 a      2293     1    12     2    13
  1.7693233371769050E+00 a      2294     1    12     2    14
  5.0307364685547914E-03 a      2295     1    12     2    15
 -4.4525105759205480E-01 a      2296     1    12     2    16
  5.4266844905254052E-01 a      2297     1    12     2    17
  1.3221985678295035E-02 a      2298     1    12     2    18
  7.2394753322697758E-01 a      2299     1    12     2    19
 -1.6391085197340749E+00 a      2300     1    12     2    20
 -1.4538718288633110E-02 a      2301     1    12     2    21
 -1.4671229123278531E+00 a      2302     1    12     2    22
  2.6886942732650454E-01 a      2303     1    12     2    23
 -1.4371163049899613E+00 a      2304     1    12     2    24
  6.3306631155660897E-01 a      2305     1    12     2    25
 -4.8242452991504692E-01 a      2306     1    12     2    26
  2.9934709587806091E-01 a      2307     1    12     2    27
  1.2025174622904521E-01 a      2308     1    12     2    28
 -2.5376700658559717E+00 a      2309     1    12     2    29
 -4.7577175669662136E-01 a      2310     1    12     2    30
  1.2175149790184134E+00 a      2311     1    13     2     1
 -2.0345570314341064E+00 a      2312     1    13     2     2
 -1.9355806995774640E+00 a      2313     1    13     2     3
 -4.2831082233973727E-01 a      2314     1    13     2     4
 -6.4400728697076759E-01 a      2315     1    13     2     5
  6.2389200355600649E-01 a      2316     1    13     2     6
 -1.1771932837194855E-01 a      2317     1    13     2     7
 -7.9280167900620047E-01 a      2318     1    13     2     8
 -4.3749688227475297E-01 a      2319     1    13     2     9
  3.7813683547459681E-01 a      2320     1    13     2    10
  9.8056133505910836E-01 a      2321     1    13     2    11
  4.1216365432648265E+00 a      2322     1    13     2    12
 -4.0821068698269868E-02 a      2323     1    13     2    13
  1.6001800930885095E+00 a      2324     1    13     2    14
 -4.1596645098284435E-01 a      2325     1    13     2    15
 -6.1680199619901288E-02 a      2326     1    13     2    16
 -3.6532087354673515E-01 a      2327     1    13     2    17
 -3.5681307332594359E+00 a      2328     1    13     2    18
  1.8396312354513982E+00 a      2329     1    13     2    19
 -3.3987795037379986E-01 a      2330     1    13     2    20
 -1.0074272281072314E+00 a      2331     1    13     2    21
 -1.0207464053668583E-01 a      2332     1    13     2    22
 -2.7750009860048702E-01 a      2333     1    13     2    23
  1.1666765314111347E+00 a      2334     1    13     2    24
 -7.9044322165683933E-01 a      2335     1    13     2    25
 -1.2494263954638525E+00 a      2336     1    13     2    26
 -2.4158956053545166E-01 a      2337     1    13     2    27
 -1.4859907144501467E+00 a      2338     1    13     2    28
 -3.2121359979571680E+00 a      2339     1    13     2    29
 -3.2962853575977846E-01 a      2340     1    13     2    30
  1.3920426727182145E+00 a      2341     1    14     2     1
  3.5072516986528363E-01 a      2342     1    14     2     2
 -1.9873625193349795E+00 a      2343     1    14     2     3
  3.9550295111516958E+00 a      2344     1    14     2     4
 -1.7699690158581027E+00 a      2345     1    14     2     5
 -2.0157855763549963E+00 a      2346     1    14     2     6
  3.4756577639887387E-01 a      2347     1    14     2     7
  4.8107896957047697E-01 a      2348     1    14     2     8
 -3.0531155127184029E-01 a      2349     1    14     2     9
 -1.7075176825980982E+00 a      2350     1    14     2    10
 -2.3092536507165988E+00 a      2351     1    14     2    11
  6.4680406159501631E+00 a      2352     1    14     2    12
  4.1390337942326744E-01 a      2353     1    14     2    13
  2.5797841036709848E+00 a      2354     1    14     2    14
 -2.8771694105173568E-01 a      2355     1    14     2    15
 -1.7771961980051152E+00 a      2356     1    14     2    16
 -5.4272702918067761E-01 a      2357     1    14     2    17
  1.4865742056229223E+00 a      2358     1    14     2    18
 -1.1380681748943240E+00 a      2359     1    14     2    19
 -6.8812730715386086E-02 a      2360     1    14     2    20
 -2.3990488699087824E+00 a      2361     1    14     2    21
  7.8858815189930076E-01 a      2362     1    14     2    22
 -9.9261710673312728E-02 a      2363     1    14     2    23
 -1.5266032175734484E-01 a      2364     1    14     2    24
  5.8185974803387686E-01 a      2365     1    14     2    25
 -2.4614090444520023E+00 a      2366     1    14     2    26
 -8.6573355869383817E-01 a      2367     1    14     2    27
  6.7537619342859290E-02 a      2368     1    14     2    28
  2.7761844535970557E+00 a      2369     1    14     2    29
  7.6249856980088204E-01 a      2370     1    14     2    30
  9.9032026253844430E-01 a      2371     1    15     2     1
 -4.0032589780034317E-01 a      2372     1    15     2     2
 -1.2862601437348073E+00 a      2373     1    15     2     3
  1.9066843892994414E+00 a      2374     1    15     2     4
 -3.0162855019239038E-01 a      2375     1    15     2     5
  4.2159159953670278E+00 a      2376     1    15     2     6
  1.0561272121637653E+00 a      2377     1    15     2     7
 -6.8776889206971792E-01 a      2378     1    15     2     8
 -9.8625196503230617E-01 a      2379     1    15     2     9
 -5.1185983617591724E-01 a      2380     1    15     2    10
 -1.8030464092558121E+00 a      2381     1    15     2    11
 -1.0477630488389065E+00 a      2382     1    15     2    12
  1.0678039501667891E+00 a      2383     1    15     2    13
 -3.2438827833905504E+00 a      2384     1    15     2    14
  9.8702990979318117E-02 a      2385     1    15     2    15
  1.0651397034162546E+00 a      2386     1    15     2    16
 -1.6829781085344162E-01 a      2387     1    15     2    17
  4.9906873704897564E-01 a      2388     1    15     2    18
 -6.2393340464060265E-01 a      2389     1    15     2    19
 -1.6613848107806949E-03 a      2390     1    15     2    20
 -1.5582823996169024E+00 a      2391     1    15     2    21
  2.6282044176464923E+00 a      2392     1    15     2    22
  2.5913593170696756E+00 a      2393     1    15     2    23
 -1.6792553783866833E+00 a      2394     1    15     2    24
 -1.2652120588571656E+00 a      2395     1    15     2    25
  3.2261777959942850E-01 a      2396     1    15     2    26
 -7.4602261014005078E-01 a      2397     1    15     2    27
 -1.8079230151972177E+00 a      2398     1    15     2    28
  1.1003697645194721E+00 a      2399     1    15     2    29
 -1.5565633678646079E-01 a      2400     1    15     2    30
 -5.5003543068634519E-01 a      2401     1    16     2     1
  6.4231460413351193E-01 a      2402     1    16     2     2
  2.1566204689024779E+00 a      2403     1    16     2     3
 -1.6994041457732287E+00 a      2404     1    16     2     4
  2.5809139669733966E-01 a      2405     1    16     2     5
 -1.8651031354480915E-02 a      2406     1    16     2     6
  9.7357290261922758E-01 a      2407     1    16     2     7
  3.0793899432327918E+00 a      2408     1    16     2     8
  5.4253448740814081E-01 a      2409     1    16     2     9
  1.0717522965140558E+00 a      2410     1    16     2    10
  7.4035093492660842E-01 a      2411     1    16     2    11
 -3.0678050636761056E-01 a      2412     1    16     2    12
  2.4796835428019630E+00 a      2413     1    16     2    13
  4.0141441478811868E-01 a      2414     1    16     2    14
  7.9564948165800742E-01 a      2415     1    16     2    15
 -3.1201968277586674E+00 a      2416     1    16     2    16
 -5.5756766026151117E-01 a      2417     1    16     2    17
  1.2838825988791835E-01 a      2418     1    16     2    18
  5.8036598358183822E-01 a      2419     1    16     2    19
 -8.1871398981541055E-02 a      2420     1    16     2    20
 -1.8328461926652344E+00 a      2421     1    16     2    21
 -1.2751687403321976E+00 a      2422     1    16     2    22
 -4.6721086568496437E+00 a      2423     1    16     2    23
 -3.5192094557908096E+00 a      2424     1    16     2    24
  2.4653963183975228E-02 a      2425     1    16     2    25
 -5.3563877891910416E-01 a      2426     1    16     2    26
 -7.0332139265025095E-01 a      2427     1    16     2    27
 -9.1818381578672037E-01 a      2428     1    16     2    28
  4.6050634708754351E-01 a      2429     1    16     2    29
  1.0518549057897325E-01 a      2430     1    16     2    30
  1.0086091828283872E+00 a      2431     1    17     2     1
 -2.4746690273761742E+00 a      2432     1    17     2     2
 -1.0605138028302616E+00 a      2433     1    17     2     3
 -2.1277911036340946E-01 a      2434     1    17     2     4
  2.8042598325729542E+00 a      2435     1    17     2     5
  1.0875763623230246E+00 a      2436     1    17     2     6
 -5.7144979130897089E-01 a      2437     1    17     2     7
 -7.7228950846549016E-01 a      2438     1    17     2     8
  3.1499342342909775E-01 a      2439     1    17     2     9
  1.1819391219724784E+00 a      2440     1    17     2    10
 -2.6412210536763170E+00 a      2441     1    17     2    11
 -1.7543498247368177E+00 a      2442     1    17     2    12
  1.5667317401802596E+00 a      2443     1    17     2    13
  1.1054930784606607E+00 a      2444     1    17     2    14
  1.9630423510360735E+00 a      2445     1    17     2    15
 -1.0074793769910051E-02 a      2446     1    17     2    16
 -1.7383100694347675E+00 a      2447     1    17     2    17
  3.3618479080944264E+00 a      2448     1    17     2    18
  2.4126809067411386E+00 a      2449     1    17     2    19
  8.2286833847603968E-01 a      2450     1    17     2    20
  2.7816655668063317E-01 a      2451     1    17     2    21
 -2.2407789573760457E+00 a      2452     1    17     2    22
 -1.2411874070168485E+00 a      2453     1    17     2    23
  2.1512862049747179E+00 a      2454     1    17     2    24
  8.0935995318222209E-01 a      2455     1    17     2    25
 -9.1308492933590812E-01 a      2456     1    17     2    26
  3.1272000948685785E-01 a      2457     1    17     2    27
 -2.4006256568896278E+00 a      2458     1    17     2    28
 -3.6198541536652211E+00 a      2459     1    17     2    29
 -4.3033235232552736E+00 a      2460     1    17     2    30
  1.0875886304333404E+00 a      2461     1    18     2     1
  2.5210594033172756E-01 a      2462     1    18     2     2
  3.6465730956461179E-01 a      2463     1    18     2     3
 -8.6906621763392880E-02 a      2464     1    18     2     4
  1.6031243346075386E-01 a      2465     1    18     2     5
 -2.5796792815778180E+00 a      2466     1    18     2     6
  3.0907399519368206E-01 a      2467     1    18     2     7
 -1.2373763423235224E+00 a      2468     1    18     2     8
 -6.8256036579757573E-01 a      2469     1    18     2     9
  1.3540087156363628E-01 a      2470     1    18     2    10
  3.7050217668431550E-02 a      2471     1    18     2    11
 -1.4816958992479465E-01 a      2472     1    18     2    12
 -1.1210566077562696E-01 a      2473     1    18     2    13
  2.0826693106052785E+00 a      2474     1    18     2    14
 -9.4155617908009714E-01 a      2475     1    18     2    15
  1.7658084082294839E-01 a      2476     1    18     2    16
  9.9087477131425916E-01 a      2477     1    18     2    17
  1.7376287269722004E+00 a      2478     1    18     2    18
  1.3833451363661440E+00 a      2479     1    18     2    19
 -1.8153225469421930E+00 a      2480     1    18     2    20
 -1.0965310868571242E-01 a      2481     1    18     2    21
  2.4428276359888867E-01 a      2482     1    18     2    22
 -1.2592429281311013E-01 a      2483     1    18     2    23
  9.3147836175671495E-01 a      2484     1    18     2    24
  9.7054736108569795E-01 a      2485     1    18     2    25
  7.7996708605224641E-01 a      2486     1    18     2    26
  1.0397162612210928E+00 a      2487     1    18     2    27
 -6.3611858216199446E-01 a      2488     1    18     2    28
 -1.1466342922685782E+00 a      2489     1    18     2    29
 -2.1018340732146377E+00 a      2490     1    18     2    30
 -1.0251130523169552E+00 a      2491     1    19     2     1
 -1.7342508831261496E+00 a      2492     1    19     2     2
 -3.1443073276988245E+00 a      2493     1    19     2     3
 -1.4490398240284086E-01 a      2494     1    19     2     4
  8.0847789686024507E-01 a      2495     1    19     2     5
 -1.3058138404539905E+00 a      2496     1    19     2     6
  1.7815567249847528E-01 a      2497     1    19     2     7
  2.1546210629997171E+00 a      2498     1    19     2     8
 -1.6877109701402966E+00 a      2499     1    19     2     9
  1.5317876184654461E-01 a      2500     1    19     2    10
  1.3088375145405537E+00 a      2501     1    19     2    11
 -1.5750371619556311E+00 a      2502     1    19     2    12
 -7.6443132523646828E-01 a      2503     1    19     2    13
 -2.4078664999296477E+00 a      2504     1    19     2    14
 -1.8553474677463121E-02 a      2505     1    19     2    15
  1.3688639135787304E+00 a      2506     1    19     2    16
  1.5234827682980840E+00 a      2507     1    19     2    17
 -6.8659240367532881E-01 a      2508     1    19     2    18
 -1.2637939269571543E+00 a      2509     1    19     2    19
 -2.8860791964262278E-01 a      2510     1    19     2    20
 -3.9212186193616598E-02 a      2511     1    19     2    21
  2.5534888337909434E-01 a      2512     1    19     2    22
  1.6995679813096733E+00 a      2513     1    19     2    23
 -4.2647644553940517E-01 a      2514     1    19     2    24
 -1.1054207198783563E+00 a      2515     1    19     2    25
 -2.1181500830679503E-02 a      2516     1    19     2    26
 -9.0952604974918028E-02 a      2517     1    19     2    27
  5.8137681451580447E-01 a      2518     1    19     2    28
 -3.1441023732317563E+00 a      2519     1    19     2    29
  1.5933930286316320E+00 a      2520     1    19     2    30
 -3.5582510968702297E-01 a      2521     1    20     2     1
  6.6899244276937142E-01 a      2522     1    20     2     2
 -2.4704626294218892E+00 a      2523     1    20     2     3
  8.9638842259951479E-01 a      2524     1    20     2     4
  1.7139249411134485E+00 a      2525     1    20     2     5
 -1.3855103103042890E+00 a      2526     1    20     2     6
 -2.9488663070495752E-01 a      2527     1    20     2     7
  1.6182599645488214E+00 a      2528     1    20     2     8
  3.0178077069124831E+00 a      2529     1    20     2     9
  5.7014929795075886E-01 a      2530     1    20     2    10
 -1.4943239849430845E+00 a      2531     1    20     2    11
  3.4349105938761890E+00 a      2532     1    20     2    12
 -3.6051184368898516E-02 a      2533     1    20     2    13
  9.2473014294118736E-02 a      2534     1    20     2    14
  4.8577032811593784E-01 a      2535     1    20     2    15
 -1.6029186294175737E-01 a      2536     1    20     2    16
 -7.7757891220838060E-01 a      2537     1    20     2    17
 -4.2105327138410387E-01 a      2538     1    20     2    18
  3.3449883331038794E+00 a      2539     1    20     2    19
  3.6656777146688752E-01 a      2540     1    20     2    20
  4.3318645375822126E-02 a      2541     1    20     2    21
  4.5119738595778769E-01 a      2542     1    20     2    22
  3.2570559359529407E+00 a      2543     1    20     2    23
  1.3459070724282172E+00 a      2544     1    20     2    24
 -1.0284115530193809E+00 a      2545     1    20     2    25
 -1.0967984129496668E+00 a      2546     1    20     2    26
  1.1942373894095213E+00 a      2547     1    20     2    27
 -9.7934298038622092E-01 a      2548     1    20     2    28
 -5.2688904246783793E-03 a      2549     1    20     2    29
 -1.0614172910449304E-01 a      2550     1    20     2    30
 -1.2696481220879221E+00 a      2551     1    21     2     1
 -8.5138739797040663E-01 a      2552     1    21     2     2
  7.7149223963999161E-02 a      2553     1    21     2     3
 -1.8597564124823178E+00 a      2554     1    21     2     4
  1.8084704720908888E+00 a      2555     1    21     2     5
 -4.5610237932760661E-01 a      2556     1    21     2     6
  8.0928399080735930E-03 a      2557     1    21     2     7
 -3.1391264625232749E+00 a      2558     1    21     2     8
 -5.9403895823536307E-02 a      2559     1    21     2     9
 -9.4580867356718301E-01 a      2560     1    21     2    10
 -1.3760216636959746E+00 a      2561     1    21     2    11
  4.9591509653238652E-01 a      2562     1    21     2    12
 -5.7546226381385646E-03 a      2563     1    21     2    13
 -8.5820936415112725E-01 a      2564     1    21     2    14
  1.0351645980338449E+00 a      2565     1    21     2    15
 -4.0750263899641065E-01 a      2566     1    21     2    16
 -2.6643309224791523E-02 a      2567     1    21     2    17
 -1.5427246686108360E+00 a      2568     1    21     2    18
 -3.3835061614389506E-01 a      2569     1    21     2    19
 -1.0002211041277507E+00 a      2570     1    21     2    20
  1.3023689933244516E+00 a      2571     1    21     2    21
  2.2894392190564816E+00 a      2572     1    21     2    22
  9.3245252548661606E-01 a      2573     1    21     2    23
  3.2366604304065190E+00 a      2574     1    21     2    24
  1.5977048031489243E+00 a      2575     1    21     2    25
  7.9483682208151241E-01 a      2576     1    21     2    26
 -8.9817065590779732E-02 a      2577     1    21     2    27
  3.1092365512241665E-01 a      2578     1    21     2    28
  2.1984067850744993E-01 a      2579     1    21     2    29
 -2.3696007560409864E+00 a      2580     1    21     2    30
  1.5245820846864004E+00 a      2581     1    22     2     1
 -2.4743483945103399E+00 a      2582     1    22     2     2
  1.0461622410963574E+00 a      2583     1    22     2     3
 -1.3897329200744204E+00 a      2584     1    22     2     4
 -1.0226206356362091E+00 a      2585     1    22     2     5
 -1.0217394787958882E+00 a      2586     1    22     2     6
 -6.2848427108514434E-03 a      2587     1    22     2     7
  1.2409237306190710E+00 a      2588     1    22     2     8
  1.6582707697132364E+00 a      2589     1    22     2     9
 -4.1509210107498545E-01 a      2590     1    22     2    10
  1.1535619873231040E+00 a      2591     1    22     2    11
 -6.8500421718799465E-01 a      2592     1    22     2    12
  5.1160227578701500E-01 a      2593     1    22     2    13
 -6.2911105206005669E-01 a      2594     1    22     2    14
 -1.5516521423454837E+00 a      2595     1    22     2    15
  1.3986945068819506E-01 a      2596     1    22     2    16
  9.9787768967746582E-01 a      2597     1    22     2    17
  1.7509255108432678E+00 a      2598     1    22     2    18
 -1.5846888548857740E+00 a      2599     1    22     2    19
  1.7818038832005625E-02 a      2600     1    22     2    20
  4.2278449820965680E-01 a      2601     1    22     2    21
 -1.0590286811175360E+00 a      2602     1    22     2    22
 -4.0769814775047477E+00 a      2603     1    22     2    23
  1.8465255847568824E+00 a      2604     1    22     2    24
  9.0632092774892392E-01 a      2605     1    22     2    25
 -5.6995421586468809E-01 a      2606     1    22     2    26
 -1.4080184528568604E+00 a      2607     1    22     2    27
  6.0209417297403345E-01 a      2608     1    22     2    28
  1.6956404926453483E+00 a      2609     1    22     2    29
 -2.0907887081701187E-01 a      2610     1    22     2    30
 -1.0951261836935899E-02 a      2611     1    23     2     1
 -2.0605221338431479E+00 a      2612     1    23     2     2
  7.4703180139251280E-01 a      2613     1    23     2     3
 -1.7514925019596324E+00 a      2614     1    23     2     4
 -4.3039211103044772E-01 a      2615     1    23     2     5
  2.2666843482613324E+00 a      2616     1    23     2     6
 -1.7517766203764025E+00 a      2617     1    23     2     7
 -1.9881792702462016E+00 a      2618     1    23     2     8
 -3.8189347562700964E+00 a      2619     1    23     2     9
 -3.9695570252978457E-01 a      2620     1    23     2    10
  1.9548145225231621E+00 a      2621     1    23     2    11
 -2.9227371993803675E+00 a      2622     1    23     2    12
 -1.2975858352438455E-01 a      2623     1    23     2    13
  1.4638295867795430E+00 a      2624     1    23     2    14
  1.1785613744342556E+00 a      2625     1    23     2    15
 -2.4234975831806258E+00 a      2626     1    23     2    16
  3.3861370432938176E-01 a      2627     1    23     2    17
  8.9620447273754095E-02 a      2628     1    23     2    18
 -3.0970296015041304E-01 a      2629     1    23     2    19
 -1.9209372388630794E+00 a      2630     1    23     2    20
 -1.0923623188246541E+00 a      2631     1    23     2    21
 -2.5009888224637695E+00 a      2632     1    23     2    22
 -1.6617143018879954E+00 a      2633     1    23     2    23
  1.1187490000317128E+00 a      2634     1    23     2    24
 -5.0652731831287157E-01 a      2635     1    23     2    25
 -3.2691406292695953E+00 a      2636     1    23     2    26
  1.9919938346220559E-01 a      2637     1    23     2    27
 -3.7073688416551343E+00 a      2638     1    23     2    28
 -1.4411507272540045E+00 a      2639     1    23     2    29
 -2.9077844112120839E+00 a      2640     1    23     2    30
 -1.0275218572959923E+00 a      2641     1    24     2     1
 -3.6043712759498221E+00 a      2642     1    24     2     2
 -1.0081556030805623E+00 a      2643     1    24     2     3
 -2.2120758310156723E+00 a      2644     1    24     2     4
 -1.1381378879946984E+00 a      2645     1    24     2     5
  1.2685038818160581E+00 a      2646     1    24     2     6
  2.1798024319578668E+00 a      2647     1    24     2     7
  1.8019464793706372E+00 a      2648     1    24     2     8
  1.1035228202969471E+00 a      2649     1    24     2     9
 -1.0446310590679513E+00 a      2650     1    24     2    10
  1.5534813157608811E+00 a      2651     1    24     2    11
  3.2065556821598782E+00 a      2652     1    24     2    12
 -4.9597040068850823E-01 a      2653     1    24     2    13
  6.9423318429289882E-01 a      2654     1    24     2    14
  2.6959011908714747E-01 a      2655     1    24     2    15
 -1.8784871691321186E+00 a      2656     1    24     2    16
 -9.4560975541218473E-01 a      2657     1    24     2    17
 -9.4407371562010689E-01 a      2658     1    24     2    18
  4.2071970509548590E-01 a      2659     1    24     2    19
 -1.7856869756094124E-01 a      2660     1    24     2    20
 -1.4048274495379705E+00 a      2661     1    24     2    21
  1.2812972256831616E+00 a      2662     1    24     2    22
  1.0650575727718008E+00 a      2663     1    24     2    23
 -1.5538169256424106E-01 a      2664     1    24     2    24
  4.1867888630125283E-01 a      2665     1    24     2    25
 -6.2763697004626495E-01 a      2666     1    24     2    26
 -1.6354009562440661E+00 a      2667     1    24     2    27
  4.6266262699952176E-01 a      2668     1    24     2    28
  4.3575386386386450E+00 a      2669     1    24     2    29
  2.2357123809085069E+00 a      2670     1    24     2    30
 -5.5576951279954834E-01 a      2671     1    25     2     1
  8.1649921515314161E-01 a      2672     1    25     2     2
  8.8822488005412703E-01 a      2673     1    25     2     3
  9.3872356108956556E-02 a      2674     1    25     2     4
 -8.8028224395079901E-01 a      2675     1    25     2     5
 -2.8386007976519489E+00 a      2676     1    25     2     6
  3.7000148189782861E-01 a      2677     1    25     2     7
  7.2343971149438069E-01 a      2678     1    25     2     8
  7.9756068305020933E-01 a      2679     1    25     2     9
  5.5103807256244042E-01 a      2680     1    25     2    10
 -1.5849047063816322E+00 a      2681     1    25     2    11
 -1.2997780663385963E+00 a      2682     1    25     2    12
 -1.6865269670850361E-01 a      2683     1    25     2    13
 -1.1969025957111044E+00 a      2684     1    25     2    14
 -3.1897587705691914E+00 a      2685     1    25     2    15
  3.2682667845738429E+00 a      2686     1    25     2    16
 -1.6346793067893963E+00 a      2687     1    25     2    17
 -1.0237507065684646E-01 a      2688     1    25     2    18
 -4.8924244867296779E-01 a      2689     1    25     2    19
  8.2034154402641701E-01 a      2690     1    25     2    20
 -8.6725804881280866E-01 a      2691     1    25     2    21
 -1.7066453904738044E+00 a      2692     1    25     2    22
 -1.0129068779872863E+00 a      2693     1    25     2    23
 -6.6671421683818488E-01 a      2694     1    25     2    24
  3.9704625198289606E-01 a      2695     1    25     2    25
  6.6478750367159023E-01 a      2696     1    25     2    26
 -1.9274746708004553E-02 a      2697     1    25     2    27
 -4.7603171939972821E-02 a      2698     1    25     2    28
  2.2476064972365868E+00 a      2699     1    25     2    29
 -2.7958108842209006E-03 a      2700     1    25     2    30
 -6.2448479785885858E-01 a      2701     1    26     2     1
  1.6530770297488075E+00 a      2702     1    26     2     2
  2.7304123899828836E-01 a      2703     1    26     2     3
  1.8832933326887338E+00 a      2704     1    26     2     4
  1.7242586901876424E+00 a      2705     1    26     2     5
  6.0183376672143929E-01 a      2706     1    26     2     6
 -4.0620672716698270E-01 a      2707     1    26     2     7
  3.5522701276823632E-01 a      2708     1    26     2     8
  5.7364131983680577E-01 a      2709     1    26     2     9
 -6.9289298324891291E-01 a      2710     1    26     2    10
  3.2126029664814109E+00 a      2711     1    26     2    11
 -1.0664361585414279E+00 a      2712     1    26     2    12
  5.1435885997258946E-01 a      2713     1    26     2    13
 -4.0612414408029300E+00 a      2714     1    26     2    14
  2.0476330373707152E-01 a      2715     1    26     2    15
  2.9849600278382149E+00 a      2716     1    26     2    16
  3.3185869800183703E+00 a      2717     1    26     2    17
 -1.4001141436142415E+00 a      2718     1    26     2    18
 -7.4214460927181203E-02 a      2719     1    26     2    19
 -1.6427804453385844E+00 a      2720     1    26     2    20
 -2.7844725107513040E+00 a      2721     1    26     2    21
  7.4398547426567208E-01 a      2722     1    26     2    22
 -3.1370836898296690E+00 a      2723     1    26     2    23
 -3.2183199334594672E+00 a      2724     1    26     2    24
 -1.2972785709172205E+00 a      2725     1    26     2    25
  3.5001603940942666E-01 a      2726     1    26     2    26
  5.5202978525538937E-01 a      2727     1    26     2    27
 -2.2033976283602952E-01 a      2728     1    26     2    28
 -9.0779651353103197E-01 a      2729     1    26     2    29
  1.5412354797042600E+00 a      2730     1    26     2    30
 -1.0908832816952854E+00 a      2731     1    27     2     1
 -4.5155731474390698E-01 a      2732     1    27     2     2
  1.9204943864890451E+00 a      2733     1    27     2     3
  7.8158119957205174E-01 a      2734     1    27     2     4
 -1.9101961370431697E-01 a      2735     1    27     2     5
 -8.6029493298807014E-01 a      2736     1    27     2     6
 -1.7357071218806999E+00 a      2737     1    27     2     7
 -7.6512267050441340E-01 a      2738     1    27     2     8
  1.5050647773242323E+00 a      2739     1    27     2     9
  8.2093862946408602E-01 a      2740     1    27     2    10
 -7.7444799337385826E+00 a      2741     1    27     2    11
  4.9788076729469349E-01 a      2742     1    27     2    12
  6.9883170076388335E-01 a      2743     1    27     2    13
  2.0593993175670700E+00 a      2744     1    27     2    14
 -5.5868469470270976E-01 a      2745     1    27     2    15
  3.2142789319409459E+00 a      2746     1    27     2    16
  7.9542209770017869E-01 a      2747     1    27     2    17
 -9.0980214076088584E-01 a      2748     1    27     2    18
  1.0390036371965954E+00 a      2749     1    27     2    19
  1.1016495729968716E+00 a      2750     1    27     2    20
 -1.3330874974113134E+00 a      2751     1    27     2    21
  1.1487482152966961E+00 a      2752     1    27     2    22
 -5.8788922306196456E-01 a      2753     1    27     2    23
  1.9603901229406835E+00 a      2754     1    27     2    24
 -1.3355386088370385E+00 a      2755     1    27     2    25
  5.6482893090247965E-01 a      2756     1    27     2    26
 -3.3841892531901147E-01 a      2757     1    27     2    27
 -1.1235755504497451E+00 a      2758     1    27     2    28
  2.8715614615262171E+00 a      2759     1    27     2    29
  6.3478786652398633E-01 a      2760     1    27     2    30
 -2.8547985305510397E+00 a      2761     1    28     2     1
 -1.6690152865371646E+00 a      2762     1    28     2     2
  2.5161028686287429E-01 a      2763     1    28     2     3
 -1.8186316569432881E-01 a      2764     1    28     2     4
 -1.7188281690211391E+00 a      2765     1    28     2     5
  9.7892584293025298E-01 a      2766     1    28     2     6
 -7.6719335156393698E-01 a      2767     1    28     2     7
  7.5597388290479073E-01 a      2768     1    28     2     8
 -4.7528077561497337E+00 a      2769     1    28     2     9
  2.2045773718459258E-01 a      2770     1    28     2    10
 -3.0928574873876853E+00 a      2771     1    28     2    11
  2.2996631023994327E+00 a      2772     1    28     2    12
  1.4036240639118414E+00 a      2773     1    28     2    13
 -3.6313073382671857E-01 a      2774     1    28     2    14
 -7.1314793356623940E-01 a      2775     1    28     2    15
 -3.9571042336737410E+00 a      2776     1    28     2    16
 -2.4937161153074001E+00 a      2777     1    28     2    17
  7.6786757991973820E-01 a      2778     1    28     2    18
 -3.0927636101728622E+00 a      2779     1    28     2    19
 -1.5038982077077070E+00 a      2780     1    28     2    20
 -3.2740383154533110E+00 a      2781     1    28     2    21
  1.8834307672466052E-01 a      2782     1    28     2    22
 -6.8024241584941691E+00 a      2783     1    28     2    23
 -1.6493963021696567E+00 a      2784     1    28     2    24
 -1.4140688247893390E-01 a      2785     1    28     2    25
 -2.9220747185574965E+00 a      2786     1    28     2    26
  8.3057356601142629E-01 a      2787     1    28     2    27
  5.9096105867405424E-01 a      2788     1    28     2    28
  2.1785949808270866E+00 a      2789     1    28     2    29
  1.4560114121247316E+00 a      2790     1    28     2    30
  1.0985345163532547E+00 a      2791     1    29     2     1
  2.1904639994056615E-02 a      2792     1    29     2     2
  2.0787124484191222E-01 a      2793     1    29     2     3
  1.0144617736328190E+00 a      2794     1    29     2     4
  1.2616655414128122E+00 a      2795     1    29     2     5
  8.6614603074410534E-01 a      2796     1    29     2     6
  3.7519965002883499E-01 a      2797     1    29     2     7
 -1.3604563824342308E+00 a      2798     1    29     2     8
  1.2087550509411422E+00 a      2799     1    29     2     9
  6.1326809295885809E-01 a      2800     1    29     2    10
  6.2143511901973170E-01 a      2801     1    29     2    11
 -7.3070394742346767E-01 a      2802     1    29     2    12
 -8.0511713417105735E-01 a      2803     1    29     2    13
  1.3368071799641696E+00 a      2804     1    29     2    14
  6.0680218729612301E-01 a      2805     1    29     2    15
 -1.3936657702241235E+00 a      2806     1    29     2    16
  1.2837301139727506E+00 a      2807     1    29     2    17
 -8.2889244222411085E-01 a      2808     1    29     2    18
 -3.4829004831912719E-01 a      2809     1    29     2    19
 -1.1724422114010050E-01 a      2810     1    29     2    20
 -2.2302386880744288E-01 a      2811     1    29     2    21
  2.6806518256437911E-01 a      2812     1    29     2    22
  2.7612898203452016E-03 a      2813     1    29     2    23
 -1.8608426372206721E-01 a      2814     1    29     2    24
  4.3446639198734088E-01 a      2815     1    29     2    25
 -2.9538219688930251E-01 a      2816     1    29     2    26
 -8.6865005469171724E-02 a      2817     1    29     2    27
 -9.4926621267162101E-02 a      2818     1    29     2    28
 -1.5296472919044530E+00 a      2819     1    29     2    29
 -5.2517975525525573E-01 a      2820     1    29     2    30
 -1.0496161283122749E+00 a      2821     1    30     2     1
  3.6526911371186860E-01 a      2822     1    30     2     2
 -1.1193130748253088E+00 a      2823     1    30     2     3
 -1.7060522543055889E+00 a      2824     1    30     2     4
 -1.3390639363298231E+00 a      2825     1    30     2     5
  8.3380091753191332E-01 a      2826     1    30     2     6
  4.4531416261218526E-01 a      2827     1    30     2     7
  1.3335026194276889E+00 a      2828     1    30     2     8
  1.8490146506277974E+00 a      2829     1    30     2     9
 -1.8681301029943878E-01 a      2830     1    30     2    10
 -1.6583005162228408E+00 a      2831     1    30     2    11
 -1.1095949544018282E+00 a      2832     1    30     2    12
 -2.3456573785162255E-01 a      2833     1    30     2    13
  4.7045611800641887E-02 a      2834     1    30     2    14
  5.7127167440279170E-01 a      2835     1    30     2    15
 -1.1080750960430293E-01 a      2836     1    30     2    16
 -2.9221056587555938E+00 a      2837     1    30     2    17
  4.7849766070204325E-01 a      2838     1    30     2    18
  1.8564517209171665E+00 a      2839     1    30     2    19
  5.1661464053446060E-01 a      2840     1    30     2    20
  8.5331247362211626E-01 a      2841     1    30     2    21
 -8.7980611452767032E-02 a      2842     1    30     2    22
  2.3216753637242435E+00 a      2843     1    30     2    23
 -3.1573903764373146E+00 a      2844     1    30     2    24
 -1.1477966006256286E+00 a      2845     1    30     2    25
  1.5353661210467575E+00 a      2846     1    30     2    26
 -3.8620658863137042E-01 a      2847     1    30     2    27
 -1.0033201363749433E+00 a      2848     1    30     2    28
  2.2149468584696277E+00 a      2849     1    30     2    29
  7.7614920756953476E-01 a      2850     1    30     2    30
 -5.3666600173648158E+00 b      2851     2     1
  1.2122056423785093E+01 b      2852     2     2
  1.9598284294587511E+01 b      2853     2     3
  6.9917989001039549E-01 b      2854     2     4
 -6.9334757015098720E+00 b      2855     2     5
 -1.3975280363455216E+01 b      2856     2     6
  1.2178232534325577E+00 b      2857     2     7
 -8.2059772623148426E+00 b      2858     2     8
  7.0513843584304423E+00 b      2859     2     9
  7.8475424649752750E+00 b      2860     2    10
  2.7106054389285497E+00 b      2861     2    11
 -9.6897894359874943E+00 b      2862     2    12
 -8.2349738108527273E+00 b      2863     2    13
  4.8133341345194500E+00 b      2864     2    14
  3.3579999096398820E+00 b      2865     2    15
  8.5393480946572797E+00 b      2866     2    16
 -1.0288319456922849E+01 b      2867     2    17
 -3.5434944655743101E+00 b      2868     2    18
 -1.0365167955025138E+01 b      2869     2    19
  6.2018086230740455E+00 b      2870     2    20
  8.9817620088289178E+00 b      2871     2    21
 -1.8880471856486434E+00 b      2872     2    22
 -1.8945524164671441E+00 b      2873     2    23
  1.1762617308194280E+01 b      2874     2    24
 -1.2533564987875232E+00 b      2875     2    25
  5.4044029131094966E+00 b      2876     2    26
  5.8294813157387457E+00 b      2877     2    27
 -3.4223430676963886E+00 b      2878     2    28
 -3.9649158830574480E+00 b      2879     2    29
 -6.9450988078058540E-01 b      2880     2    30
  1.0530317670482735E-01 a      2881     2     1     3     1
  2.4918795463213565E-02 a      2882     2     2     3     1
 -5.8235076389418841E-02 a      2883     2     3     3     1
 -2.6976319653371529E-02 a      2884     2     4     3     1
  1.1269985116496577E-01 a      2885     2     5     3     1
 -1.0945969721201233E-01 a      2886     2     6     3     1
 -5.1857246181583036E-02 a      2887     2     7     3     1
  1.7120701581848055E-01 a      2888     2     8     3     1
 -2.3731376291616191E-02 a      2889     2     9     3     1
 -6.5867333026952885E-02 a      2890     2    10     3     1
 -2.2751029874203570E-02 a      2891     2    11     3     1
  1.9169851496230482E-02 a      2892     2    12     3     1
 -1.4540417835955241E-01 a      2893     2    13     3     1
  2.0116770794493425E-02 a      2894     2    14     3     1
  1.7063400390687811E-01 a      2895     2    15     3     1
  4.5369774848686470E-02 a      2896     2    16     3     1
 -2.5836888699505907E-02 a      2897     2    17     3     1
 -8.6738800073613537E-02 a      2898     2    18     3     1
 -4.5382106272381192E-02 a      2899     2    19     3     1
  6.7501424511500407E-01 a      2900     2    20     3     1
  1.1931667410403149E-01 a      2901     2    21     3     1
 -1.4290465440599878E-02 a      2902     2    22     3     1
 -1.5818768058451484E-02 a      2903     2    23     3     1
 -1.3370630549438133E-03 a      2904     2    24     3     1
  2.2679141289455373E-02 a      2905     2    25     3     1
 -2.8011536308808229E-02 a      2906     2    26     3     1
  5.0282387847566029E-02 a      2907     2    27     3     1
 -4.0111485629615745E-01 a      2908     2    28     3     1
 -8.6480650765261666E-02 a      2909     2    29     3     1
  3.3031697257391517E-02 a      2910     2    30     3     1
 -5.0976933160136073E-02 b      2911     3     1
