################################################################################
# Neural network connection values (weights and biases).
################################################################################
# Col  Name       Description
################################################################################
# 1    connection Neural network connection value.
# 2    t          Connection type (a = weight, b = bias).
# 3    index      Index enumerating weights.
# 4    l_s        Starting point layer (end point layer for biases).
# 5    n_s        Starting point neuron in starting layer (end point neuron for biases).
# 6    l_e        End point layer.
# 7    n_e        End point neuron in end layer.
################################################################################
#                      1 2         3     4     5     6     7
#             connection t     index   l_s   n_s   l_e   n_e
############################################################
  1.2945719250251365E+01 a         1     0     1     1     1
 -4.9062436213995726E+00 a         2     0     1     1     2
  3.6620837088008531E+00 a         3     0     1     1     3
 -1.1678580603738582E+00 a         4     0     1     1     4
 -2.9950096562840907E+00 a         5     0     1     1     5
  8.8838332422625879E+00 a         6     0     1     1     6
  1.5886464485102742E+01 a         7     0     1     1     7
  4.3826412757102079E-01 a         8     0     1     1     8
 -4.2227842000458331E+00 a         9     0     1     1     9
 -1.8242181161987876E+01 a        10     0     1     1    10
  3.2612127423937078E+00 a        11     0     1     1    11
  6.0859356005661320E+00 a        12     0     1     1    12
  2.2180138031719325E+00 a        13     0     1     1    13
  8.7917917755117969E+00 a        14     0     1     1    14
 -5.9643898471878343E+00 a        15     0     1     1    15
  9.9863667964354299E+00 a        16     0     1     1    16
  8.8725740351296238E+00 a        17     0     1     1    17
 -1.0720466606470241E+01 a        18     0     1     1    18
 -1.1443578236543257E+01 a        19     0     1     1    19
 -1.0452403359219737E+01 a        20     0     1     1    20
  9.8166984971194733E+00 a        21     0     1     1    21
  4.3766304359315331E+00 a        22     0     1     1    22
 -1.0841365154697444E+01 a        23     0     1     1    23
 -4.1146945258181269E+00 a        24     0     1     1    24
 -1.2007334636823238E+01 a        25     0     1     1    25
  7.6434688751401030E+00 a        26     0     1     1    26
 -2.6347828166957243E+00 a        27     0     1     1    27
 -8.4787535575806103E+00 a        28     0     1     1    28
 -7.9787429638296663E+00 a        29     0     1     1    29
 -1.9914993985884029E+00 a        30     0     1     1    30
 -6.7553060856276401E+00 a        31     0     2     1     1
  2.8420464141456927E+00 a        32     0     2     1     2
 -6.7807830171819183E-01 a        33     0     2     1     3
  6.4387450052628548E-01 a        34     0     2     1     4
 -7.9012008622086025E+00 a        35     0     2     1     5
 -1.0192119119945330E+01 a        36     0     2     1     6
 -2.1333657802914257E+01 a        37     0     2     1     7
  2.6648581534892957E+00 a        38     0     2     1     8
  5.8446444532961861E-01 a        39     0     2     1     9
  6.1852313802122652E+00 a        40     0     2     1    10
  7.2048648377311142E-01 a        41     0     2     1    11
 -7.2278206814617985E+00 a        42     0     2     1    12
 -8.5599367245780726E+00 a        43     0     2     1    13
 -2.9792760452195908E+00 a        44     0     2     1    14
 -1.0975677825242755E+01 a        45     0     2     1    15
  8.0168178100252518E+00 a        46     0     2     1    16
  1.2521886129745521E-01 a        47     0     2     1    17
  1.3865643392564297E+00 a        48     0     2     1    18
  6.3665112821199648E+00 a        49     0     2     1    19
 -3.1242401318260069E+00 a        50     0     2     1    20
 -5.6786836034366637E+00 a        51     0     2     1    21
 -1.0872581292407173E+01 a        52     0     2     1    22
 -5.2385434868857770E+00 a        53     0     2     1    23
  1.8289663096545736E+00 a        54     0     2     1    24
 -5.4134839122682266E+00 a        55     0     2     1    25
 -1.3209612392222512E+00 a        56     0     2     1    26
 -8.0702887448397824E+00 a        57     0     2     1    27
 -3.7045504023072673E+00 a        58     0     2     1    28
 -7.8089682021051476E-01 a        59     0     2     1    29
 -5.4472306678367266E+00 a        60     0     2     1    30
 -1.1668842761170453E+01 a        61     0     3     1     1
  8.9141413227537658E+00 a        62     0     3     1     2
 -2.8864232065422790E+00 a        63     0     3     1     3
 -1.0853112283213974E+01 a        64     0     3     1     4
  5.9992620666280807E+00 a        65     0     3     1     5
  1.0562608549404720E+01 a        66     0     3     1     6
 -6.3370285076210546E+00 a        67     0     3     1     7
 -1.0296958618679428E+01 a        68     0     3     1     8
  7.9662161949024968E-01 a        69     0     3     1     9
 -1.4381806796310590E+00 a        70     0     3     1    10
 -2.2405963878710500E+00 a        71     0     3     1    11
 -1.0954003981628944E+01 a        72     0     3     1    12
 -5.8990033330062426E+00 a        73     0     3     1    13
 -1.1175924333811103E+01 a        74     0     3     1    14
 -3.1454832418241626E+01 a        75     0     3     1    15
  5.5484472343587821E-01 a        76     0     3     1    16
  2.0129269924182895E+00 a        77     0     3     1    17
 -1.9892402557397169E+01 a        78     0     3     1    18
 -7.8174066701308282E+00 a        79     0     3     1    19
 -1.4912185384820709E-01 a        80     0     3     1    20
 -6.0741343173282170E+00 a        81     0     3     1    21
 -7.0113592030292988E+00 a        82     0     3     1    22
 -2.6632752026359854E+00 a        83     0     3     1    23
  3.6937368219698783E+00 a        84     0     3     1    24
 -1.0346258040586811E+01 a        85     0     3     1    25
  1.0956422297698145E+01 a        86     0     3     1    26
 -9.2069496998481792E+00 a        87     0     3     1    27
 -1.2813900334945991E+01 a        88     0     3     1    28
  5.5225434581819961E+00 a        89     0     3     1    29
 -2.2063438935100752E+00 a        90     0     3     1    30
  9.6654526006564829E+00 a        91     0     4     1     1
 -8.6393735255077786E+00 a        92     0     4     1     2
 -2.1793849801973786E+00 a        93     0     4     1     3
  4.3366565275641769E+00 a        94     0     4     1     4
 -4.7663020180054252E+00 a        95     0     4     1     5
 -5.8889417819055332E+00 a        96     0     4     1     6
  4.4200306027962633E+00 a        97     0     4     1     7
 -1.8727368604530172E+00 a        98     0     4     1     8
  1.5261902963381260E+00 a        99     0     4     1     9
  2.0588737540737290E+00 a       100     0     4     1    10
 -5.1035512706667829E-01 a       101     0     4     1    11
  6.6208441142733321E+00 a       102     0     4     1    12
  4.8420094908996569E+00 a       103     0     4     1    13
  7.9218751573134734E+00 a       104     0     4     1    14
  1.5500243816723486E+01 a       105     0     4     1    15
  3.9435339549759876E+00 a       106     0     4     1    16
 -5.0565271205828841E+00 a       107     0     4     1    17
  1.2477315363453686E+01 a       108     0     4     1    18
  4.0631817891856654E+00 a       109     0     4     1    19
 -1.9371279306119242E+00 a       110     0     4     1    20
  2.7944642101862920E+00 a       111     0     4     1    21
  3.1835403365829662E+00 a       112     0     4     1    22
  5.6493835673368080E+00 a       113     0     4     1    23
 -1.3163180132561632E+00 a       114     0     4     1    24
  9.0565524550467398E+00 a       115     0     4     1    25
 -5.2855792221505622E+00 a       116     0     4     1    26
  9.5167489858664602E+00 a       117     0     4     1    27
  5.1763689750862438E+00 a       118     0     4     1    28
 -7.6321092377062474E+00 a       119     0     4     1    29
 -1.2771247315251331E+00 a       120     0     4     1    30
 -7.2476787312968050E+00 a       121     0     5     1     1
  5.0067289864574933E+00 a       122     0     5     1     2
  3.0245785253356616E+00 a       123     0     5     1     3
 -5.2187363429720235E-01 a       124     0     5     1     4
  8.4320871728928648E-01 a       125     0     5     1     5
  5.8867723293412189E-01 a       126     0     5     1     6
 -1.9319183008309855E+00 a       127     0     5     1     7
  2.8558902994887165E+00 a       128     0     5     1     8
  6.3344139793602861E-01 a       129     0     5     1     9
 -9.9377009451518650E-01 a       130     0     5     1    10
  2.2134341187380260E+00 a       131     0     5     1    11
 -2.6102913547195343E+00 a       132     0     5     1    12
 -7.6184152856543086E-01 a       133     0     5     1    13
 -3.3053594045826360E+00 a       134     0     5     1    14
 -2.8536288808248638E+00 a       135     0     5     1    15
 -3.1314437795437735E+00 a       136     0     5     1    16
  2.9238424630711206E+00 a       137     0     5     1    17
 -4.0103854150878560E+00 a       138     0     5     1    18
 -1.5545636263364317E+00 a       139     0     5     1    19
  7.2437186275557197E-01 a       140     0     5     1    20
 -1.7201394282430258E+00 a       141     0     5     1    21
 -2.6576763043118329E-01 a       142     0     5     1    22
 -1.0528384590602267E+01 a       143     0     5     1    23
  7.2741224122246773E-01 a       144     0     5     1    24
 -5.1801410646539967E+00 a       145     0     5     1    25
 -5.0931998104074727E-01 a       146     0     5     1    26
 -5.2441927830659489E+00 a       147     0     5     1    27
 -7.9599785006064749E-01 a       148     0     5     1    28
  5.1137422208896064E+00 a       149     0     5     1    29
  1.0730943798920165E+00 a       150     0     5     1    30
  2.7026696825028385E+00 a       151     0     6     1     1
 -5.9975727144978030E+00 a       152     0     6     1     2
 -1.1166160323750727E+00 a       153     0     6     1     3
 -1.7183358757366465E+00 a       154     0     6     1     4
 -5.9950981683307587E+00 a       155     0     6     1     5
 -4.2988698479640171E+00 a       156     0     6     1     6
 -4.6986049449947256E+00 a       157     0     6     1     7
  2.4259375692888847E+00 a       158     0     6     1     8
 -2.5636706287318978E-01 a       159     0     6     1     9
  3.1959128743047320E+00 a       160     0     6     1    10
 -3.1543567690709775E+00 a       161     0     6     1    11
  2.2903830802136382E+00 a       162     0     6     1    12
 -1.3656981714929717E+00 a       163     0     6     1    13
 -1.8449308299591334E+00 a       164     0     6     1    14
 -6.4894149368629250E-01 a       165     0     6     1    15
 -4.8952046113049819E-01 a       166     0     6     1    16
  1.2347634927420383E+00 a       167     0     6     1    17
  1.2977844161376000E+00 a       168     0     6     1    18
  4.8691321432915977E+00 a       169     0     6     1    19
  1.2466423347788260E+00 a       170     0     6     1    20
 -5.2381006581749365E-02 a       171     0     6     1    21
  1.6449264863680555E+00 a       172     0     6     1    22
  1.9258297801064519E-01 a       173     0     6     1    23
  2.8992239615706779E+00 a       174     0     6     1    24
 -3.5999396328747868E+00 a       175     0     6     1    25
  6.4446493313114417E-01 a       176     0     6     1    26
 -1.2219169614170726E+00 a       177     0     6     1    27
 -4.2369380402842088E-01 a       178     0     6     1    28
 -1.8185287075530909E-01 a       179     0     6     1    29
  3.4716131528117282E+00 a       180     0     6     1    30
  6.1496175145169687E+00 a       181     0     7     1     1
 -9.9595525265390936E+00 a       182     0     7     1     2
 -4.6086421451236044E+00 a       183     0     7     1     3
  1.8482037007647547E+00 a       184     0     7     1     4
 -1.5029071225040594E-01 a       185     0     7     1     5
 -4.5203867816280452E+00 a       186     0     7     1     6
 -9.6665896576069947E+00 a       187     0     7     1     7
  5.6342585740993236E+00 a       188     0     7     1     8
  4.3697371174476558E+00 a       189     0     7     1     9
  9.7744081064600383E+00 a       190     0     7     1    10
 -1.5557677812498589E+00 a       191     0     7     1    11
 -8.6956810639590087E-01 a       192     0     7     1    12
 -1.0179677374194466E+01 a       193     0     7     1    13
  4.6444308973865384E-01 a       194     0     7     1    14
 -2.3159673743950155E+00 a       195     0     7     1    15
  6.6874356667063504E+00 a       196     0     7     1    16
 -4.1712208381864553E+00 a       197     0     7     1    17
  1.0916992084377707E+01 a       198     0     7     1    18
  1.1339715275722812E+01 a       199     0     7     1    19
  7.0929373339950530E+00 a       200     0     7     1    20
  3.8049396007710929E+00 a       201     0     7     1    21
 -1.4622404822489115E+00 a       202     0     7     1    22
  1.2813333220512725E+01 a       203     0     7     1    23
  6.6238987601626178E+00 a       204     0     7     1    24
  5.4229838721586061E+00 a       205     0     7     1    25
  1.2945372650425626E+00 a       206     0     7     1    26
  5.2310278906370264E+00 a       207     0     7     1    27
 -1.8885136570758176E+00 a       208     0     7     1    28
  4.9908564604574277E+00 a       209     0     7     1    29
  1.1481017936648683E+00 a       210     0     7     1    30
 -6.5739736737227683E-01 a       211     0     8     1     1
  1.5427939542402840E+00 a       212     0     8     1     2
  1.2236953727568332E+00 a       213     0     8     1     3
 -1.5694739324405329E+00 a       214     0     8     1     4
 -1.1455484995214471E+00 a       215     0     8     1     5
  1.9680214842099044E+00 a       216     0     8     1     6
 -7.9695726947750589E-01 a       217     0     8     1     7
 -1.7866286433350459E-01 a       218     0     8     1     8
 -1.1952701406662909E+00 a       219     0     8     1     9
 -8.5401400923029869E-01 a       220     0     8     1    10
 -4.4182220744355577E-01 a       221     0     8     1    11
 -9.3154976540039389E-02 a       222     0     8     1    12
  1.0033588785435454E+00 a       223     0     8     1    13
 -1.1596477304315673E+00 a       224     0     8     1    14
 -2.2493410565644698E-01 a       225     0     8     1    15
  2.2060591967431806E+00 a       226     0     8     1    16
  1.0899550077131595E+00 a       227     0     8     1    17
 -7.7541621295520868E-01 a       228     0     8     1    18
  5.6769457204965490E-01 a       229     0     8     1    19
 -1.3822708214434742E+00 a       230     0     8     1    20
 -1.5621912885974956E+00 a       231     0     8     1    21
  1.0185081681200512E+00 a       232     0     8     1    22
  6.0700684022232154E-01 a       233     0     8     1    23
 -7.3755089823591391E-01 a       234     0     8     1    24
  5.2900796544283168E-01 a       235     0     8     1    25
  2.7272176657361231E+00 a       236     0     8     1    26
  2.9021213554865923E+00 a       237     0     8     1    27
  2.0567602526292248E+00 a       238     0     8     1    28
 -2.2346921340560617E+00 a       239     0     8     1    29
  2.7677118154260674E+00 a       240     0     8     1    30
  8.1293008382175769E-01 a       241     0     9     1     1
 -8.9906353345276446E-01 a       242     0     9     1     2
 -9.4015276365534917E-01 a       243     0     9     1     3
  3.0522074071125198E+00 a       244     0     9     1     4
  6.5600884884587074E-01 a       245     0     9     1     5
 -3.4632546511110442E+00 a       246     0     9     1     6
  5.7546395767198422E-01 a       247     0     9     1     7
 -1.4288883434446313E+00 a       248     0     9     1     8
  1.7543303415409683E+00 a       249     0     9     1     9
 -1.3696246933415779E+00 a       250     0     9     1    10
  6.8312403139989453E-01 a       251     0     9     1    11
 -3.1932174056201608E+00 a       252     0     9     1    12
 -2.8805242379019060E+00 a       253     0     9     1    13
  1.0163452799664383E+00 a       254     0     9     1    14
  2.1562618085876779E+00 a       255     0     9     1    15
 -4.1255467320462458E+00 a       256     0     9     1    16
 -1.4929215042007276E+00 a       257     0     9     1    17
  3.2627773919137210E-01 a       258     0     9     1    18
 -1.6640550593949268E+00 a       259     0     9     1    19
  6.8166493617514631E-02 a       260     0     9     1    20
 -1.2236671845542844E+00 a       261     0     9     1    21
 -2.4384030959176670E-01 a       262     0     9     1    22
 -1.0830188356926707E+00 a       263     0     9     1    23
  1.0560621064857869E+00 a       264     0     9     1    24
 -8.4905762535889573E-01 a       265     0     9     1    25
 -4.6866312472444553E+00 a       266     0     9     1    26
 -4.9626152843802132E+00 a       267     0     9     1    27
  9.5564168941317129E-01 a       268     0     9     1    28
  4.4761670199973613E+00 a       269     0     9     1    29
 -5.1878961928316016E+00 a       270     0     9     1    30
 -8.2395054532858207E+00 a       271     0    10     1     1
  7.7871604142948696E+00 a       272     0    10     1     2
 -4.8745398679322327E-01 a       273     0    10     1     3
 -2.4120183943123252E+00 a       274     0    10     1     4
  1.8881028576046812E+00 a       275     0    10     1     5
  1.7387371750876359E+00 a       276     0    10     1     6
  4.6289375003805011E+00 a       277     0    10     1     7
 -5.0682531914815403E+00 a       278     0    10     1     8
 -6.5660523900342742E+00 a       279     0    10     1     9
 -7.5476112415301140E+00 a       280     0    10     1    10
  3.2723957702486599E+00 a       281     0    10     1    11
 -3.9164960533976414E+00 a       282     0    10     1    12
  5.7648925204335093E+00 a       283     0    10     1    13
  1.6529142508345391E+00 a       284     0    10     1    14
  5.4836048027164965E+00 a       285     0    10     1    15
 -3.3852556419527509E+00 a       286     0    10     1    16
  2.7676833498538360E+00 a       287     0    10     1    17
 -8.3093276725298395E+00 a       288     0    10     1    18
 -1.1574768683922226E+01 a       289     0    10     1    19
 -3.2818752809312626E+00 a       290     0    10     1    20
 -4.1213393405913097E+00 a       291     0    10     1    21
 -3.7627345665082818E-01 a       292     0    10     1    22
 -1.2518835447435402E+01 a       293     0    10     1    23
 -8.3737077171941028E+00 a       294     0    10     1    24
 -6.3744119152679801E-01 a       295     0    10     1    25
 -5.3332322964208494E+00 a       296     0    10     1    26
 -3.3858000791854508E+00 a       297     0    10     1    27
  4.6670933460347319E+00 a       298     0    10     1    28
  2.5821016848778253E+00 a       299     0    10     1    29
 -3.8674827250092858E+00 a       300     0    10     1    30
 -4.1029077498263460E+00 a       301     0    11     1     1
  1.0214693770118283E+01 a       302     0    11     1     2
  7.3221015582624394E-01 a       303     0    11     1     3
 -5.8398944156275183E+00 a       304     0    11     1     4
 -4.2599233380158319E+00 a       305     0    11     1     5
  1.3736954069126817E+00 a       306     0    11     1     6
  1.6383575541747402E+00 a       307     0    11     1     7
 -3.4789295134111105E+00 a       308     0    11     1     8
 -7.2293492273082114E+00 a       309     0    11     1     9
 -7.0381308627445884E+00 a       310     0    11     1    10
 -2.4330116830438069E+00 a       311     0    11     1    11
  3.2481986591212859E+00 a       312     0    11     1    12
  9.4003296792046758E+00 a       313     0    11     1    13
  5.9638811429502081E-01 a       314     0    11     1    14
 -2.5119201594501579E+00 a       315     0    11     1    15
 -3.2559465753418562E+00 a       316     0    11     1    16
  4.3048522197780628E+00 a       317     0    11     1    17
 -7.8506761061940304E+00 a       318     0    11     1    18
 -6.0520690047728358E+00 a       319     0    11     1    19
 -5.2127446526706880E+00 a       320     0    11     1    20
  1.6860914601855959E+00 a       321     0    11     1    21
  4.3228742320969289E+00 a       322     0    11     1    22
 -1.2471269471886721E+01 a       323     0    11     1    23
 -1.3241909150471711E+00 a       324     0    11     1    24
 -8.6774990690342229E+00 a       325     0    11     1    25
  1.4269272884894435E+00 a       326     0    11     1    26
 -7.5915989578391576E+00 a       327     0    11     1    27
  1.5577345873040238E+00 a       328     0    11     1    28
 -6.1358070844233543E+00 a       329     0    11     1    29
 -2.0815046586889210E+00 a       330     0    11     1    30
 -4.4228048527515709E+00 a       331     0    12     1     1
 -1.7429849549184893E+00 a       332     0    12     1     2
 -4.9679509134195774E+00 a       333     0    12     1     3
  2.5178364003701832E+00 a       334     0    12     1     4
 -1.9703849367044821E-01 a       335     0    12     1     5
 -5.9246367069008237E+00 a       336     0    12     1     6
 -5.9802109762093396E+00 a       337     0    12     1     7
  1.5841740585214883E+00 a       338     0    12     1     8
 -1.9770324443691396E+00 a       339     0    12     1     9
  1.1678406022052515E+01 a       340     0    12     1    10
 -3.8033345139900847E+00 a       341     0    12     1    11
  8.2715538885419271E-01 a       342     0    12     1    12
 -9.4480515165387544E+00 a       343     0    12     1    13
 -3.3930971574843087E+00 a       344     0    12     1    14
  5.4890797564933207E+00 a       345     0    12     1    15
 -6.4199837021042080E-02 a       346     0    12     1    16
 -3.0864005706647561E+00 a       347     0    12     1    17
  1.2013466451592169E+01 a       348     0    12     1    18
  4.3297123608620396E+00 a       349     0    12     1    19
  6.6510071504376480E+00 a       350     0    12     1    20
 -4.8384276146367213E+00 a       351     0    12     1    21
 -6.4205240399580861E+00 a       352     0    12     1    22
  4.8581821829186786E+00 a       353     0    12     1    23
  1.9257871919011882E+00 a       354     0    12     1    24
  8.2513222234681241E+00 a       355     0    12     1    25
 -5.0957641135020681E+00 a       356     0    12     1    26
  3.1181556515476365E+00 a       357     0    12     1    27
  3.2981136615198241E+00 a       358     0    12     1    28
  1.0848041438250767E+01 a       359     0    12     1    29
 -1.5419128971273413E+00 a       360     0    12     1    30
 -1.7886746466427002E+01 a       361     0    13     1     1
  1.7251396427000476E+01 a       362     0    13     1     2
  3.1224840939790850E+00 a       363     0    13     1     3
  4.2845389349795209E+00 a       364     0    13     1     4
 -8.3395060886716643E-01 a       365     0    13     1     5
 -1.0681155283624790E+01 a       366     0    13     1     6
 -1.6145739013826738E+01 a       367     0    13     1     7
  3.3153993163398625E+00 a       368     0    13     1     8
  3.2269489264895022E+00 a       369     0    13     1     9
  1.0648402890950784E+01 a       370     0    13     1    10
 -1.9240759381262436E+00 a       371     0    13     1    11
 -2.6234658201501895E+00 a       372     0    13     1    12
 -1.7790843895274397E+00 a       373     0    13     1    13
 -1.3063249795995322E+01 a       374     0    13     1    14
  3.3934811532168081E+00 a       375     0    13     1    15
 -3.7222705719470168E+00 a       376     0    13     1    16
 -4.5011073197893658E+00 a       377     0    13     1    17
  1.6940102994018666E+01 a       378     0    13     1    18
  1.3789479357800854E+01 a       379     0    13     1    19
  4.5444778854485142E+00 a       380     0    13     1    20
 -3.8956343364135528E+00 a       381     0    13     1    21
 -4.9076042328272971E+00 a       382     0    13     1    22
  2.0441100522246267E+00 a       383     0    13     1    23
  2.0351622333205861E+00 a       384     0    13     1    24
  3.7154769786824144E+00 a       385     0    13     1    25
  4.9599075806304516E+00 a       386     0    13     1    26
 -2.2551930559348095E+00 a       387     0    13     1    27
  6.3448583639338336E+00 a       388     0    13     1    28
  3.4875885534633992E+00 a       389     0    13     1    29
  1.5696425926722324E+00 a       390     0    13     1    30
  1.1908545939338385E+01 a       391     0    14     1     1
 -9.5205871657186147E+00 a       392     0    14     1     2
 -3.8054457514583393E+00 a       393     0    14     1     3
 -1.6887042464046109E+00 a       394     0    14     1     4
  2.8206191122532145E+00 a       395     0    14     1     5
  9.4758605106051785E+00 a       396     0    14     1     6
  9.4247630482877298E+00 a       397     0    14     1     7
 -1.2572734760814916E+01 a       398     0    14     1     8
 -4.5047893734580926E+00 a       399     0    14     1     9
 -5.2433880915401794E+00 a       400     0    14     1    10
  1.6001726556024489E+00 a       401     0    14     1    11
  4.6499731361203080E+00 a       402     0    14     1    12
  3.6996576017011900E+00 a       403     0    14     1    13
  8.5714685646300506E+00 a       404     0    14     1    14
 -8.0343300553099972E-01 a       405     0    14     1    15
 -2.6547165924342919E-01 a       406     0    14     1    16
 -3.1373888296397210E+00 a       407     0    14     1    17
 -9.3714387344109262E+00 a       408     0    14     1    18
 -1.5072610551523513E+00 a       409     0    14     1    19
  8.0952056545040882E+00 a       410     0    14     1    20
  4.7580374132597658E+00 a       411     0    14     1    21
  5.0195992076061724E-01 a       412     0    14     1    22
 -1.1613322995475097E+00 a       413     0    14     1    23
 -1.0815393179410286E+00 a       414     0    14     1    24
  1.9703565889831542E+00 a       415     0    14     1    25
 -3.9289977070847772E+00 a       416     0    14     1    26
  5.6535178197465541E+00 a       417     0    14     1    27
 -2.7432789659975052E+00 a       418     0    14     1    28
  6.3727475725780158E-01 a       419     0    14     1    29
  3.8900910126861082E-01 a       420     0    14     1    30
 -4.8931279717311353E+00 a       421     0    15     1     1
  9.0868319527667740E+00 a       422     0    15     1     2
  2.8664622912223536E+00 a       423     0    15     1     3
  1.4723394779357038E+01 a       424     0    15     1     4
 -8.9766067083885925E+00 a       425     0    15     1     5
 -1.0977509852958983E+01 a       426     0    15     1     6
 -7.4932711479643590E+00 a       427     0    15     1     7
 -2.1503735397905381E+00 a       428     0    15     1     8
 -8.6659659414689127E-01 a       429     0    15     1     9
 -2.0075854101560346E+00 a       430     0    15     1    10
  1.0674108777440061E+01 a       431     0    15     1    11
 -1.7035914263127865E+00 a       432     0    15     1    12
 -6.6687154472919401E+00 a       433     0    15     1    13
 -6.4681949926872333E+00 a       434     0    15     1    14
 -2.3597873859924570E+00 a       435     0    15     1    15
  7.7955619215960255E+00 a       436     0    15     1    16
  1.4813307515923451E+00 a       437     0    15     1    17
  1.1517110150663374E+01 a       438     0    15     1    18
  6.3872468889227108E+00 a       439     0    15     1    19
  4.8833352583196561E+00 a       440     0    15     1    20
  5.8994661084571582E+00 a       441     0    15     1    21
 -1.9819283790691342E+00 a       442     0    15     1    22
 -3.9794395145875248E+00 a       443     0    15     1    23
 -3.9156576101822731E+00 a       444     0    15     1    24
 -2.2638332057253931E+00 a       445     0    15     1    25
  5.6044094872653227E+00 a       446     0    15     1    26
 -7.0003263401720668E+00 a       447     0    15     1    27
 -5.1842197904459575E-01 a       448     0    15     1    28
  4.8397250441890982E+00 a       449     0    15     1    29
  1.9041248118698937E+00 a       450     0    15     1    30
  9.3433734065329546E+00 a       451     0    16     1     1
 -4.4623613194577345E+00 a       452     0    16     1     2
 -2.0732091358765206E+00 a       453     0    16     1     3
 -9.9496247699609741E-02 a       454     0    16     1     4
  1.1127492043168809E+01 a       455     0    16     1     5
  1.0647712218058397E+01 a       456     0    16     1     6
  2.0935158585723403E+01 a       457     0    16     1     7
 -2.6771829342679530E+00 a       458     0    16     1     8
 -1.7772946987269084E-01 a       459     0    16     1     9
 -4.2538304511398843E+00 a       460     0    16     1    10
  2.8033172610752013E+00 a       461     0    16     1    11
  1.0677522444166724E+01 a       462     0    16     1    12
  1.0375136335883118E+01 a       463     0    16     1    13
  6.9875032365103120E+00 a       464     0    16     1    14
  7.1932283213030610E+00 a       465     0    16     1    15
 -7.2285944896800078E+00 a       466     0    16     1    16
  1.2662429925673466E+00 a       467     0    16     1    17
 -4.3881134102154995E-01 a       468     0    16     1    18
 -6.6478391493127260E+00 a       469     0    16     1    19
  3.4306957996028902E+00 a       470     0    16     1    20
  2.4988554137458951E+00 a       471     0    16     1    21
  1.1709324200577546E+01 a       472     0    16     1    22
  5.6074305953733790E+00 a       473     0    16     1    23
 -3.5951130426485425E+00 a       474     0    16     1    24
  4.1642552006549778E+00 a       475     0    16     1    25
 -1.1318389037202086E+00 a       476     0    16     1    26
  1.1643231541008358E+01 a       477     0    16     1    27
  5.4037150093060502E+00 a       478     0    16     1    28
  1.9525567273759131E-01 a       479     0    16     1    29
  5.9800152343604696E+00 a       480     0    16     1    30
  1.1309572258216130E+01 a       481     0    17     1     1
 -7.4654433986959274E+00 a       482     0    17     1     2
  1.4730656965567368E+00 a       483     0    17     1     3
  1.1122290847280761E+01 a       484     0    17     1     4
 -2.1683741016636469E+00 a       485     0    17     1     5
 -9.4674121638821838E+00 a       486     0    17     1     6
  1.1628252860069997E+01 a       487     0    17     1     7
  6.3216437253453686E+00 a       488     0    17     1     8
 -5.8912673414968992E+00 a       489     0    17     1     9
 -3.5691913241253186E+00 a       490     0    17     1    10
  6.5426347974647721E+00 a       491     0    17     1    11
  8.1875758160776275E+00 a       492     0    17     1    12
  2.1879671426207823E+00 a       493     0    17     1    13
  6.0584182385552721E+00 a       494     0    17     1    14
  2.4083874320942027E+01 a       495     0    17     1    15
 -4.5179945210584691E+00 a       496     0    17     1    16
 -4.9252604339688979E+00 a       497     0    17     1    17
  1.6889397422036623E+01 a       498     0    17     1    18
  7.6740874158760155E+00 a       499     0    17     1    19
  9.9234627493840399E+00 a       500     0    17     1    20
  5.9463839102768192E+00 a       501     0    17     1    21
  7.3129696911983810E+00 a       502     0    17     1    22
  4.2465126256873714E-01 a       503     0    17     1    23
 -6.1272456574791425E+00 a       504     0    17     1    24
 -3.9299415011622774E-01 a       505     0    17     1    25
 -4.3118913148270543E+00 a       506     0    17     1    26
  1.1372908124853863E+01 a       507     0    17     1    27
  1.2522215287375403E+01 a       508     0    17     1    28
 -2.2871262810623056E+00 a       509     0    17     1    29
  5.7610814077313002E+00 a       510     0    17     1    30
 -1.1465162446247876E+00 a       511     0    18     1     1
  2.9164382818312675E+00 a       512     0    18     1     2
 -9.6661687752837722E-01 a       513     0    18     1     3
 -3.9135183428354793E+01 a       514     0    18     1     4
  6.6056303370474803E+00 a       515     0    18     1     5
  3.3649405173181762E+01 a       516     0    18     1     6
 -1.0903688823185554E+01 a       517     0    18     1     7
 -1.0019179356185980E+01 a       518     0    18     1     8
  7.2754125276123984E+00 a       519     0    18     1     9
 -2.3315713085104535E+00 a       520     0    18     1    10
 -5.9720160676122127E+00 a       521     0    18     1    11
  1.3507952127406753E+01 a       522     0    18     1    12
  1.4729940555217000E+01 a       523     0    18     1    13
 -3.3581285455099712E+00 a       524     0    18     1    14
  1.3241113627514947E+00 a       525     0    18     1    15
 -1.5813746049124118E+01 a       526     0    18     1    16
 -1.0597588145810954E+01 a       527     0    18     1    17
  2.6743033530842536E-01 a       528     0    18     1    18
  1.0804430020438915E+01 a       529     0    18     1    19
  3.0151369818076810E+00 a       530     0    18     1    20
 -2.7434869356397336E+00 a       531     0    18     1    21
  5.2741396674054029E+00 a       532     0    18     1    22
  3.0739897536832682E+01 a       533     0    18     1    23
  9.7727372128268346E+00 a       534     0    18     1    24
  7.5179385456404058E+00 a       535     0    18     1    25
 -3.9504046418672947E+00 a       536     0    18     1    26
  8.2955020630073513E+00 a       537     0    18     1    27
  2.4816997072473878E+01 a       538     0    18     1    28
  2.1185270338099063E+00 a       539     0    18     1    29
  3.3893158403067276E+00 a       540     0    18     1    30
  1.1491255053922021E+01 a       541     0    19     1     1
 -1.1926823100901293E+01 a       542     0    19     1     2
  1.0354525914291001E+01 a       543     0    19     1     3
  4.4917210340591005E+00 a       544     0    19     1     4
 -8.9057707545382656E-03 a       545     0    19     1     5
 -1.6479125179789321E+01 a       546     0    19     1     6
  1.0478582844295879E+01 a       547     0    19     1     7
 -1.1973492845798104E+00 a       548     0    19     1     8
 -4.0719224851656327E-02 a       549     0    19     1     9
 -7.7673710512607261E+00 a       550     0    19     1    10
 -9.5696606573018901E+00 a       551     0    19     1    11
 -3.7535764303921679E+00 a       552     0    19     1    12
 -1.6088289971989543E+01 a       553     0    19     1    13
 -2.3289182322433213E+00 a       554     0    19     1    14
 -1.7259561427564403E+00 a       555     0    19     1    15
  4.8152365508194368E+00 a       556     0    19     1    16
  1.3296998235327816E+01 a       557     0    19     1    17
  4.8774800227821508E-01 a       558     0    19     1    18
 -1.6697061870508734E+00 a       559     0    19     1    19
 -3.9025647214153043E+00 a       560     0    19     1    20
  3.2208026823458602E-01 a       561     0    19     1    21
 -6.3512594870683721E+00 a       562     0    19     1    22
  3.3404707348838314E+00 a       563     0    19     1    23
 -5.1329471824682997E+00 a       564     0    19     1    24
  5.1931484702713215E-01 a       565     0    19     1    25
 -5.4670815101224592E+00 a       566     0    19     1    26
  8.1771812180946402E+00 a       567     0    19     1    27
 -1.9408930433872200E+01 a       568     0    19     1    28
  1.4587646938633510E+01 a       569     0    19     1    29
 -6.4087700129734513E+00 a       570     0    19     1    30
  6.2178544178329762E+00 a       571     0    20     1     1
  4.0201776548825476E+00 a       572     0    20     1     2
  1.4956641635577432E+01 a       573     0    20     1     3
  2.5343362573582731E+01 a       574     0    20     1     4
 -1.6613420903745226E+01 a       575     0    20     1     5
  6.7913064165556181E+00 a       576     0    20     1     6
  1.1589269168904293E+01 a       577     0    20     1     7
  1.2059981334192811E+01 a       578     0    20     1     8
 -9.1500910021643822E+00 a       579     0    20     1     9
 -1.6211777629988980E+01 a       580     0    20     1    10
  7.3090866983681391E+00 a       581     0    20     1    11
 -2.2510049007901989E+00 a       582     0    20     1    12
 -4.6672455880658967E+00 a       583     0    20     1    13
  1.1630454828945801E+01 a       584     0    20     1    14
 -5.6980283075996727E+00 a       585     0    20     1    15
 -2.2946819812417882E+01 a       586     0    20     1    16
  8.7393734193961272E+00 a       587     0    20     1    17
  1.8991392344544064E+01 a       588     0    20     1    18
 -1.9279252876863087E+01 a       589     0    20     1    19
  1.0497865613084452E+01 a       590     0    20     1    20
  3.1485298019332303E-01 a       591     0    20     1    21
  2.2077301079933171E+01 a       592     0    20     1    22
 -4.8464190143074495E+00 a       593     0    20     1    23
 -6.5881411426928747E+00 a       594     0    20     1    24
 -1.4839112771966594E+01 a       595     0    20     1    25
 -1.6201239292298566E+00 a       596     0    20     1    26
 -1.6425824153549701E+01 a       597     0    20     1    27
  2.5468803850891706E+00 a       598     0    20     1    28
  1.7964875578359102E+01 a       599     0    20     1    29
  1.3506255225815949E+01 a       600     0    20     1    30
 -1.5978960992247697E+00 a       601     0    21     1     1
 -1.2763926196840412E+01 a       602     0    21     1     2
  2.3941663319275466E+00 a       603     0    21     1     3
  4.9439699358538229E+00 a       604     0    21     1     4
 -2.0901105940114306E+01 a       605     0    21     1     5
 -3.2399384711037193E+01 a       606     0    21     1     6
  1.6540612053190660E+01 a       607     0    21     1     7
  1.5109856865175216E+01 a       608     0    21     1     8
 -1.3902077002982761E+01 a       609     0    21     1     9
  1.5036382079210163E+01 a       610     0    21     1    10
 -2.1942175742492891E+00 a       611     0    21     1    11
  1.4282455243080117E+00 a       612     0    21     1    12
 -1.9040883685885468E+01 a       613     0    21     1    13
  2.4742588398813681E-01 a       614     0    21     1    14
  1.0254209435404970E+01 a       615     0    21     1    15
  1.3951701335365261E+01 a       616     0    21     1    16
  1.3113186250044183E+01 a       617     0    21     1    17
 -1.9243982899307074E+01 a       618     0    21     1    18
 -5.6647895194630484E+00 a       619     0    21     1    19
  5.5984858459841664E+00 a       620     0    21     1    20
 -1.9684192452237199E-02 a       621     0    21     1    21
  7.7986821882013873E+00 a       622     0    21     1    22
 -3.5939746036644571E+01 a       623     0    21     1    23
 -1.3660561314428884E+01 a       624     0    21     1    24
  6.0094951560112486E+00 a       625     0    21     1    25
  1.8347529062944741E+00 a       626     0    21     1    26
 -8.8204841762345048E+00 a       627     0    21     1    27
 -4.4455811816958978E+01 a       628     0    21     1    28
 -9.3727825005249976E-01 a       629     0    21     1    29
 -7.5690506649774569E+00 a       630     0    21     1    30
  1.4126648088335733E+01 a       631     0    22     1     1
 -2.1351153707456994E+01 a       632     0    22     1     2
 -2.8450607317522078E+01 a       633     0    22     1     3
 -7.2832679156493185E+00 a       634     0    22     1     4
 -3.8197372714254163E+00 a       635     0    22     1     5
  1.8880681242337349E+01 a       636     0    22     1     6
 -1.2798507632233488E+01 a       637     0    22     1     7
  1.7339273213062270E+01 a       638     0    22     1     8
 -1.3082487990488488E+01 a       639     0    22     1     9
 -1.6207700418505915E+01 a       640     0    22     1    10
  1.0815702990993664E+01 a       641     0    22     1    11
  2.3719665904221586E+01 a       642     0    22     1    12
 -1.0340513378917841E+01 a       643     0    22     1    13
 -1.2514135473395331E+01 a       644     0    22     1    14
 -1.9396410557323922E+01 a       645     0    22     1    15
 -1.2393084777886141E+00 a       646     0    22     1    16
  1.4602115858704195E+01 a       647     0    22     1    17
  1.1131057369019084E+01 a       648     0    22     1    18
 -1.5423433059944124E+01 a       649     0    22     1    19
 -9.6627862567356093E+00 a       650     0    22     1    20
 -2.1755855237258757E+01 a       651     0    22     1    21
 -2.4180238331488333E+01 a       652     0    22     1    22
  1.8524042131139313E+00 a       653     0    22     1    23
 -1.6823458804387286E+01 a       654     0    22     1    24
 -1.1422293018633066E+01 a       655     0    22     1    25
  6.7856317476500139E-01 a       656     0    22     1    26
  6.2754930400647471E+00 a       657     0    22     1    27
  3.7840917934208058E+01 a       658     0    22     1    28
  1.6538242576602613E+01 a       659     0    22     1    29
 -8.9586605354989963E+00 a       660     0    22     1    30
  1.8009038093197706E+01 a       661     0    23     1     1
  3.2588727817689707E+00 a       662     0    23     1     2
 -8.7669218531288919E+00 a       663     0    23     1     3
  2.4378450402907486E+01 a       664     0    23     1     4
 -6.8731264482812078E+00 a       665     0    23     1     5
  6.5416235104850378E+00 a       666     0    23     1     6
  6.1728468874586575E+00 a       667     0    23     1     7
 -4.2678982940970460E+00 a       668     0    23     1     8
 -5.1474066509866576E+00 a       669     0    23     1     9
 -1.6883400412031239E+01 a       670     0    23     1    10
  3.9458939171921972E+00 a       671     0    23     1    11
 -1.9064698408192227E+00 a       672     0    23     1    12
 -1.4160468728840442E+01 a       673     0    23     1    13
 -3.5308880647762835E+00 a       674     0    23     1    14
 -2.0848863543549509E+01 a       675     0    23     1    15
  6.6178339934069079E+00 a       676     0    23     1    16
  6.3074876025683109E+00 a       677     0    23     1    17
 -1.2989368612925201E+01 a       678     0    23     1    18
 -1.1279982790958650E+01 a       679     0    23     1    19
 -1.3906246480792557E+01 a       680     0    23     1    20
  1.1035480579016106E+00 a       681     0    23     1    21
 -1.0712922939359943E+01 a       682     0    23     1    22
 -6.8331871546871603E-01 a       683     0    23     1    23
 -6.2878410410415659E+00 a       684     0    23     1    24
 -4.8562691110275278E+00 a       685     0    23     1    25
 -6.9615218131093490E+00 a       686     0    23     1    26
  3.9407177575992764E+00 a       687     0    23     1    27
  6.3850019863027114E+00 a       688     0    23     1    28
 -7.8408692752871423E-01 a       689     0    23     1    29
  4.9904981750478443E+00 a       690     0    23     1    30
 -1.7857489572806735E+01 a       691     0    24     1     1
  1.9917707069760780E+01 a       692     0    24     1     2
  2.0808519458577067E+01 a       693     0    24     1     3
 -3.4592779511846949E+01 a       694     0    24     1     4
 -6.1756504944109762E+00 a       695     0    24     1     5
  7.6832341240147217E-01 a       696     0    24     1     6
 -8.3316627324179215E-03 a       697     0    24     1     7
  1.1262053780250852E+01 a       698     0    24     1     8
  8.8548166895796743E-01 a       699     0    24     1     9
  3.0758002214872182E+01 a       700     0    24     1    10
 -1.2380729786795044E+01 a       701     0    24     1    11
  6.9425936880638242E+00 a       702     0    24     1    12
  1.6404722779711751E+01 a       703     0    24     1    13
  1.1427029347206910E+01 a       704     0    24     1    14
  1.3554522325238338E+01 a       705     0    24     1    15
 -1.3471511288606197E+00 a       706     0    24     1    16
 -4.4257188743659324E+00 a       707     0    24     1    17
  4.0462625394783505E+00 a       708     0    24     1    18
  1.9033799270416548E+01 a       709     0    24     1    19
  1.5546167244608489E+01 a       710     0    24     1    20
 -1.4438680588683008E+01 a       711     0    24     1    21
  1.2375297119402706E+01 a       712     0    24     1    22
  2.6418527690574658E+00 a       713     0    24     1    23
  1.3793289283196961E+01 a       714     0    24     1    24
  9.0147135738129567E+00 a       715     0    24     1    25
 -3.5068366335362433E+00 a       716     0    24     1    26
 -5.5783335545206265E+00 a       717     0    24     1    27
 -2.7742579976352093E+01 a       718     0    24     1    28
 -2.1396126566019609E+00 a       719     0    24     1    29
  1.2199444947845990E+00 a       720     0    24     1    30
 -1.8457230978811250E+01 a       721     0    25     1     1
  1.8166629720016010E+00 a       722     0    25     1     2
 -9.9593193683957093E+00 a       723     0    25     1     3
 -3.2241170449657474E+01 a       724     0    25     1     4
  2.7002145912056879E+01 a       725     0    25     1     5
 -1.3800706417655975E+01 a       726     0    25     1     6
 -2.7087317759827769E+00 a       727     0    25     1     7
 -3.0017952119393488E+01 a       728     0    25     1     8
  1.6788480148434708E+01 a       729     0    25     1     9
  2.6336134246375615E+01 a       730     0    25     1    10
 -1.4084623738298699E+01 a       731     0    25     1    11
  4.6798635878180728E-01 a       732     0    25     1    12
 -1.3587981858935303E+00 a       733     0    25     1    13
 -2.4817860045605713E+01 a       734     0    25     1    14
 -2.2874230869914416E+00 a       735     0    25     1    15
  2.4655821625374990E+01 a       736     0    25     1    16
 -1.9815945223003464E+01 a       737     0    25     1    17
 -2.2887601099176088E+01 a       738     0    25     1    18
  2.3316478915610581E+01 a       739     0    25     1    19
  5.2872345651935460E-01 a       740     0    25     1    20
  9.7898737527081874E+00 a       741     0    25     1    21
 -1.3324583097823650E+01 a       742     0    25     1    22
 -7.3868472565697674E-03 a       743     0    25     1    23
  1.3681239827237706E+00 a       744     0    25     1    24
  2.3114667595575639E+01 a       745     0    25     1    25
  3.4854954069127841E+00 a       746     0    25     1    26
  6.9799411302339323E+00 a       747     0    25     1    27
 -1.5093768921299112E+01 a       748     0    25     1    28
 -2.2167323413523533E+01 a       749     0    25     1    29
 -1.2031890244159332E+01 a       750     0    25     1    30
  3.5466471985295817E-01 a       751     0    26     1     1
 -8.9990593884706787E+00 a       752     0    26     1     2
  2.2984230442951720E-01 a       753     0    26     1     3
 -1.4362708207929940E+01 a       754     0    26     1     4
  2.3936753355128172E+01 a       755     0    26     1     5
  2.1114192711562616E+01 a       756     0    26     1     6
  6.6226789688587506E-01 a       757     0    26     1     7
 -1.2538590455254369E+01 a       758     0    26     1     8
  8.8538636084282523E+00 a       759     0    26     1     9
 -1.8078290555894350E+00 a       760     0    26     1    10
 -6.0444024429869376E+00 a       761     0    26     1    11
 -4.3228293009531065E+00 a       762     0    26     1    12
  2.4732567751417449E+01 a       763     0    26     1    13
  3.5748913354975635E+00 a       764     0    26     1    14
 -1.1048230822300424E+01 a       765     0    26     1    15
 -2.5092537274537840E+01 a       766     0    26     1    16
 -1.1418929997897941E+01 a       767     0    26     1    17
  1.6773253573736586E+01 a       768     0    26     1    18
 -7.6528403330336356E+00 a       769     0    26     1    19
  5.1328092271505401E+00 a       770     0    26     1    20
 -1.1470005315317160E+00 a       771     0    26     1    21
  4.9919286590843406E+00 a       772     0    26     1    22
  2.4005989421578867E+01 a       773     0    26     1    23
  1.2040789078551946E+01 a       774     0    26     1    24
 -2.9228677816111608E+00 a       775     0    26     1    25
 -1.2585100448846035E+01 a       776     0    26     1    26
  6.3017117686598416E+00 a       777     0    26     1    27
  2.8536373235461944E+01 a       778     0    26     1    28
  3.3653852222977658E+00 a       779     0    26     1    29
 -5.2815099235242640E+00 a       780     0    26     1    30
 -7.3622426253012174E-01 a       781     0    27     1     1
 -1.2611436300739411E+00 a       782     0    27     1     2
 -9.2746320762143480E-02 a       783     0    27     1     3
  1.8605431523766558E+01 a       784     0    27     1     4
  1.7251885687236072E+01 a       785     0    27     1     5
 -1.5029487728965544E+01 a       786     0    27     1     6
  1.9123627197881909E+01 a       787     0    27     1     7
 -2.8810087711524012E+01 a       788     0    27     1     8
  1.6105542286922109E+01 a       789     0    27     1     9
 -2.4557203973035257E+01 a       790     0    27     1    10
 -1.9076868288551569E+01 a       791     0    27     1    11
 -2.6825813420492636E+01 a       792     0    27     1    12
 -4.5527435065492314E+00 a       793     0    27     1    13
 -1.5718120491990952E+00 a       794     0    27     1    14
  1.7731783881085423E+01 a       795     0    27     1    15
 -1.2402846804618203E+01 a       796     0    27     1    16
 -1.2676231973700174E+01 a       797     0    27     1    17
  3.1089875848851189E+00 a       798     0    27     1    18
 -2.5770504573388808E+00 a       799     0    27     1    19
  1.8116438021046378E+01 a       800     0    27     1    20
  4.0057008848328451E+01 a       801     0    27     1    21
  1.1990379011789543E+01 a       802     0    27     1    22
 -3.0856208227581594E+00 a       803     0    27     1    23
 -4.8009781905617438E-01 a       804     0    27     1    24
  1.0017013689856407E+01 a       805     0    27     1    25
  7.9302764403785382E+00 a       806     0    27     1    26
  2.3976359589002021E+00 a       807     0    27     1    27
  6.5860363504389663E-01 a       808     0    27     1    28
  1.2663491711244359E+00 a       809     0    27     1    29
  1.7331668017871904E+00 a       810     0    27     1    30
 -1.5279117733489114E+01 a       811     0    28     1     1
  6.2456375514724325E+00 a       812     0    28     1     2
  2.1094223893529481E+01 a       813     0    28     1     3
  2.2703107148437223E+01 a       814     0    28     1     4
 -3.2204151660780575E+01 a       815     0    28     1     5
  8.2637056493781493E+00 a       816     0    28     1     6
 -1.4227814357325437E+01 a       817     0    28     1     7
  2.8540937163148179E+01 a       818     0    28     1     8
 -3.6084695215585998E+00 a       819     0    28     1     9
 -5.0662897585196163E+00 a       820     0    28     1    10
  1.5511059738298448E+01 a       821     0    28     1    11
 -4.9990809263511267E+00 a       822     0    28     1    12
  2.8279691516733642E+01 a       823     0    28     1    13
  2.3144538895396803E+01 a       824     0    28     1    14
  2.3516737870078025E+01 a       825     0    28     1    15
 -6.5894372977213878E-01 a       826     0    28     1    16
  9.5767638306526237E+00 a       827     0    28     1    17
 -1.8160637780648436E+00 a       828     0    28     1    18
 -6.8411720122732254E+00 a       829     0    28     1    19
 -3.2052901610187270E+01 a       830     0    28     1    20
 -2.8583351167366096E+01 a       831     0    28     1    21
 -2.7604489276642141E+00 a       832     0    28     1    22
 -1.8224423328331203E+00 a       833     0    28     1    23
  1.7108363671414686E+01 a       834     0    28     1    24
 -2.9551663851211796E-01 a       835     0    28     1    25
  7.6259085352126077E-01 a       836     0    28     1    26
  7.9948175607055827E+00 a       837     0    28     1    27
  2.5663381280205719E+00 a       838     0    28     1    28
  8.7001183882389181E+00 a       839     0    28     1    29
  9.4547257238386422E+00 a       840     0    28     1    30
 -1.5137249272808204E+00 a       841     0    29     1     1
 -2.1275438351942153E+00 a       842     0    29     1     2
 -7.5999453261323047E-01 a       843     0    29     1     3
  3.4029309933830980E+00 a       844     0    29     1     4
  4.4838978027428134E+00 a       845     0    29     1     5
 -7.7811409383748895E+00 a       846     0    29     1     6
 -1.5366182578343353E+00 a       847     0    29     1     7
  3.5279935292996627E+00 a       848     0    29     1     8
 -1.3469886522127521E+00 a       849     0    29     1     9
 -3.0258601581103566E+00 a       850     0    29     1    10
 -3.4970214080289658E-01 a       851     0    29     1    11
 -7.4270564494560476E-01 a       852     0    29     1    12
 -1.8981338089100639E+01 a       853     0    29     1    13
 -5.2403937628218387E+00 a       854     0    29     1    14
 -1.6360101577711090E+00 a       855     0    29     1    15
  1.3945536893004864E+01 a       856     0    29     1    16
  1.0498142445893631E+01 a       857     0    29     1    17
 -1.0626468288609113E+01 a       858     0    29     1    18
  2.1581468635430472E+00 a       859     0    29     1    19
 -1.0253477428362819E+01 a       860     0    29     1    20
 -1.0550270941561342E+01 a       861     0    29     1    21
 -4.3346703141245282E+00 a       862     0    29     1    22
 -1.0807688809854996E+01 a       863     0    29     1    23
 -2.8137480489615045E+00 a       864     0    29     1    24
  2.8708079592196745E+00 a       865     0    29     1    25
  7.9818674134042142E+00 a       866     0    29     1    26
  2.2881733307111789E+00 a       867     0    29     1    27
 -2.2100541615057502E+01 a       868     0    29     1    28
 -4.3702550506947011E+00 a       869     0    29     1    29
 -9.7618843592289584E-01 a       870     0    29     1    30
  1.8477509960369165E+01 a       871     0    30     1     1
 -2.7010612369135330E+01 a       872     0    30     1     2
 -1.4439318795814877E+01 a       873     0    30     1     3
  1.4190170459125090E+01 a       874     0    30     1     4
 -1.1743046780939366E+01 a       875     0    30     1     5
  1.6979800173431692E+00 a       876     0    30     1     6
 -8.3846002389012302E+00 a       877     0    30     1     7
  2.2910108109697735E+00 a       878     0    30     1     8
 -3.3173579416703478E+00 a       879     0    30     1     9
 -7.9336009392782199E+00 a       880     0    30     1    10
 -1.5457688663455543E-01 a       881     0    30     1    11
  1.3119047026117324E+01 a       882     0    30     1    12
  2.1951616297906908E+00 a       883     0    30     1    13
 -1.8243488433038006E+00 a       884     0    30     1    14
  1.0721720358520505E+01 a       885     0    30     1    15
  1.3772116967110733E+01 a       886     0    30     1    16
  8.3535523639425850E+00 a       887     0    30     1    17
 -1.1468866981703096E+01 a       888     0    30     1    18
 -8.5418917857265519E+00 a       889     0    30     1    19
 -2.2902972727248518E+00 a       890     0    30     1    20
  1.8246629115196125E+01 a       891     0    30     1    21
 -1.2508427074444006E+01 a       892     0    30     1    22
  3.6093346377360502E+00 a       893     0    30     1    23
 -9.1133608801984742E+00 a       894     0    30     1    24
  1.4546934332777093E+00 a       895     0    30     1    25
  9.3622947773995833E+00 a       896     0    30     1    26
 -9.6089124792571674E+00 a       897     0    30     1    27
 -8.9185317604992704E+00 a       898     0    30     1    28
 -1.9612257979567723E+01 a       899     0    30     1    29
 -1.8044825512601919E+00 a       900     0    30     1    30
  2.6630024811570959E+01 a       901     0    31     1     1
 -1.5156219253997909E+01 a       902     0    31     1     2
 -1.9741226556290986E+01 a       903     0    31     1     3
 -1.8722695369860773E+01 a       904     0    31     1     4
  1.4104824737487522E+01 a       905     0    31     1     5
  3.8357186810572337E+00 a       906     0    31     1     6
 -9.1464252445382488E-01 a       907     0    31     1     7
 -6.9201256428791664E+00 a       908     0    31     1     8
  2.0904985037514057E+00 a       909     0    31     1     9
  7.0589565015023856E+00 a       910     0    31     1    10
 -1.1035598791168001E+01 a       911     0    31     1    11
  9.7738005862213182E+00 a       912     0    31     1    12
 -1.7532863861125666E+01 a       913     0    31     1    13
 -6.7894332758507483E+00 a       914     0    31     1    14
 -3.2826596783627529E+01 a       915     0    31     1    15
  1.4920822653050210E+00 a       916     0    31     1    16
  6.3346519526340650E+00 a       917     0    31     1    17
  3.8446947605894999E+00 a       918     0    31     1    18
  7.8399623905592208E-01 a       919     0    31     1    19
  2.2073476044288601E+01 a       920     0    31     1    20
  1.4965029038667886E+01 a       921     0    31     1    21
  2.7900937064540638E+00 a       922     0    31     1    22
  1.2678247252288548E+01 a       923     0    31     1    23
 -1.2959733080602469E+01 a       924     0    31     1    24
 -1.3361870023358218E+01 a       925     0    31     1    25
  4.2919969672503706E+00 a       926     0    31     1    26
 -6.3139058194679833E+00 a       927     0    31     1    27
 -1.3645934572615435E+00 a       928     0    31     1    28
 -1.1238538521204712E+01 a       929     0    31     1    29
 -6.4598688207021393E+00 a       930     0    31     1    30
  1.9032653064748033E+01 a       931     0    32     1     1
  5.5089637671050324E+00 a       932     0    32     1     2
 -2.1209841602229691E+01 a       933     0    32     1     3
  8.2383595266515819E+00 a       934     0    32     1     4
 -1.3463481553106023E+01 a       935     0    32     1     5
 -8.1550923255418688E+00 a       936     0    32     1     6
  6.5836446105143738E+00 a       937     0    32     1     7
  2.6368464740805946E+00 a       938     0    32     1     8
 -2.8918196130982395E+01 a       939     0    32     1     9
 -8.5731113495863180E+00 a       940     0    32     1    10
  1.1873297859623227E+01 a       941     0    32     1    11
 -8.4937085950842039E-02 a       942     0    32     1    12
 -1.0932530399933011E+01 a       943     0    32     1    13
 -1.2974293799784387E+00 a       944     0    32     1    14
  1.9105262061244069E+01 a       945     0    32     1    15
  1.9509333683926190E+01 a       946     0    32     1    16
  7.7286600309238693E+00 a       947     0    32     1    17
 -1.7142699013819065E+01 a       948     0    32     1    18
  4.0974293686184700E+00 a       949     0    32     1    19
  9.6131833763646757E-01 a       950     0    32     1    20
  1.3862197987979156E+01 a       951     0    32     1    21
 -1.5648724401110384E+01 a       952     0    32     1    22
 -1.6758969216035471E+01 a       953     0    32     1    23
 -1.8304068387402359E-01 a       954     0    32     1    24
  1.4193848404409382E+01 a       955     0    32     1    25
 -3.4473532123899941E+00 a       956     0    32     1    26
  9.4428894703136168E-01 a       957     0    32     1    27
 -1.8713026206379804E-01 a       958     0    32     1    28
  3.3411559678447582E+00 a       959     0    32     1    29
  2.6715192078611691E+00 a       960     0    32     1    30
  5.0491907592229701E+00 a       961     0    33     1     1
 -1.5142893163454418E+00 a       962     0    33     1     2
  1.3605070080535048E+01 a       963     0    33     1     3
 -1.4345466097701904E+01 a       964     0    33     1     4
  6.9741674513511920E-01 a       965     0    33     1     5
  1.2436552009952214E+01 a       966     0    33     1     6
  8.0939870684889001E+00 a       967     0    33     1     7
 -6.6403844303353079E+00 a       968     0    33     1     8
 -1.8527015204232491E+01 a       969     0    33     1     9
  2.0435929169192743E+01 a       970     0    33     1    10
 -1.0417073062863807E+01 a       971     0    33     1    11
 -2.8349895323142371E-01 a       972     0    33     1    12
  2.2599744765987683E+01 a       973     0    33     1    13
  2.8811458912775585E+00 a       974     0    33     1    14
 -1.3329785107237923E+01 a       975     0    33     1    15
 -2.6453707614945909E+01 a       976     0    33     1    16
 -9.9568330175664972E+00 a       977     0    33     1    17
 -1.0143183233174089E+01 a       978     0    33     1    18
 -3.0374976039678355E+01 a       979     0    33     1    19
  6.3047731259148385E+00 a       980     0    33     1    20
 -1.2025765398223966E+01 a       981     0    33     1    21
  2.9881489640467784E+01 a       982     0    33     1    22
  1.5791220047354887E+01 a       983     0    33     1    23
 -1.3703159598689124E+01 a       984     0    33     1    24
 -2.0205950058653155E+00 a       985     0    33     1    25
 -1.6590652714908526E+01 a       986     0    33     1    26
  1.6080782512810021E+01 a       987     0    33     1    27
 -2.0477851737221780E+01 a       988     0    33     1    28
 -3.5321111817916746E+00 a       989     0    33     1    29
 -1.0613058132657880E+01 a       990     0    33     1    30
 -2.4053358595512467E+01 a       991     0    34     1     1
 -7.9880202302218475E+00 a       992     0    34     1     2
  7.5148784669512159E+00 a       993     0    34     1     3
 -1.9074329854403057E+01 a       994     0    34     1     4
  1.8831578573197397E+01 a       995     0    34     1     5
  1.2256165304924680E+01 a       996     0    34     1     6
 -7.5095157958773449E+00 a       997     0    34     1     7
 -2.6910194332852640E+01 a       998     0    34     1     8
  3.2407249773704812E+01 a       999     0    34     1     9
  5.0768120515376873E+00 a      1000     0    34     1    10
 -4.4826262791757578E+00 a      1001     0    34     1    11
 -9.9762361081462849E+00 a      1002     0    34     1    12
  7.9463038087481896E+00 a      1003     0    34     1    13
 -1.2339477203608402E+00 a      1004     0    34     1    14
 -2.6501592704585903E+01 a      1005     0    34     1    15
 -1.8770403373553492E+01 a      1006     0    34     1    16
  1.5631126705966460E+00 a      1007     0    34     1    17
  7.0490113740152847E+00 a      1008     0    34     1    18
 -3.1892145099537137E+00 a      1009     0    34     1    19
  1.0711054667028694E+01 a      1010     0    34     1    20
 -3.5934366073109532E+00 a      1011     0    34     1    21
  1.9620692085579389E+01 a      1012     0    34     1    22
  2.1479814192005811E+01 a      1013     0    34     1    23
 -5.2096704388294617E+00 a      1014     0    34     1    24
 -1.8344359658221833E+01 a      1015     0    34     1    25
  9.7573040123367161E+00 a      1016     0    34     1    26
  5.6582717678558865E+00 a      1017     0    34     1    27
 -1.2492944910344105E+01 a      1018     0    34     1    28
  3.2577342169951984E+00 a      1019     0    34     1    29
  1.5976061944954394E+00 a      1020     0    34     1    30
  5.3367725568378486E+00 a      1021     0    35     1     1
 -1.3299185347622369E+00 a      1022     0    35     1     2
 -1.5247083485634874E-02 a      1023     0    35     1     3
  7.6437123200123169E+00 a      1024     0    35     1     4
  1.0115863994042973E+00 a      1025     0    35     1     5
 -4.7965096318038496E+00 a      1026     0    35     1     6
  5.0596185562648301E+00 a      1027     0    35     1     7
  6.5638384870784456E+00 a      1028     0    35     1     8
 -1.3672927941050714E+01 a      1029     0    35     1     9
 -7.6312233953107507E+00 a      1030     0    35     1    10
  1.9435476390658060E+00 a      1031     0    35     1    11
  4.7681357581709030E+00 a      1032     0    35     1    12
 -1.5733278197367511E+00 a      1033     0    35     1    13
 -2.7924236123413571E+00 a      1034     0    35     1    14
  1.3266605717514445E+01 a      1035     0    35     1    15
  7.6587527625708347E+00 a      1036     0    35     1    16
 -5.2175583322569610E+00 a      1037     0    35     1    17
 -2.9192416582847973E+00 a      1038     0    35     1    18
 -1.5378975952635536E+00 a      1039     0    35     1    19
  1.4452707586177749E+00 a      1040     0    35     1    20
  1.5193550586133673E+01 a      1041     0    35     1    21
 -7.1832480073339573E+00 a      1042     0    35     1    22
 -1.4987226704968455E+01 a      1043     0    35     1    23
  5.1211489066331428E-01 a      1044     0    35     1    24
  1.0353062696305573E+01 a      1045     0    35     1    25
 -4.9057755808849068E-01 a      1046     0    35     1    26
 -1.0750541532034736E+00 a      1047     0    35     1    27
  2.6635080049077708E-01 a      1048     0    35     1    28
 -3.1584432140082175E+00 a      1049     0    35     1    29
  4.3355636645428086E-01 a      1050     0    35     1    30
 -2.0862237736428060E+01 a      1051     0    36     1     1
 -2.9265450150975636E+00 a      1052     0    36     1     2
 -1.6165318990331613E+01 a      1053     0    36     1     3
  1.3683212302588066E+01 a      1054     0    36     1     4
  3.2201312401932832E+01 a      1055     0    36     1     5
 -2.2478762955525077E+01 a      1056     0    36     1     6
 -2.6896011585066301E+01 a      1057     0    36     1     7
 -2.1909358292204885E+01 a      1058     0    36     1     8
  2.9189751732932461E+00 a      1059     0    36     1     9
 -9.7908647451961830E+00 a      1060     0    36     1    10
  1.3927251811761712E+01 a      1061     0    36     1    11
 -1.7178263266225350E+01 a      1062     0    36     1    12
 -1.2380522046880801E+01 a      1063     0    36     1    13
 -9.0626491131757092E+00 a      1064     0    36     1    14
 -1.7480886879774889E+01 a      1065     0    36     1    15
  1.8866053209684765E+01 a      1066     0    36     1    16
  1.1603793557913653E+01 a      1067     0    36     1    17
 -1.6681055703466082E+01 a      1068     0    36     1    18
  4.1474100325728955E+01 a      1069     0    36     1    19
 -3.1741985155505837E+01 a      1070     0    36     1    20
 -1.0124287455010069E+01 a      1071     0    36     1    21
 -1.4839766436057340E+01 a      1072     0    36     1    22
  6.7802336614214642E+00 a      1073     0    36     1    23
  3.5139169602864122E+01 a      1074     0    36     1    24
  1.4122726129145150E+01 a      1075     0    36     1    25
  1.6255304762143332E+01 a      1076     0    36     1    26
  9.4910898763487932E+00 a      1077     0    36     1    27
 -1.6281807324921871E+01 a      1078     0    36     1    28
 -6.5700711880886518E+00 a      1079     0    36     1    29
  1.0694714926320962E+01 a      1080     0    36     1    30
 -2.9726636173914699E+01 a      1081     0    37     1     1
 -1.6172398101488870E+01 a      1082     0    37     1     2
  5.3742372310763002E+00 a      1083     0    37     1     3
  4.1881961771715046E+00 a      1084     0    37     1     4
  1.3713543088805356E+01 a      1085     0    37     1     5
  6.5807692762947054E+00 a      1086     0    37     1     6
 -1.0015661790104399E+01 a      1087     0    37     1     7
 -3.4726505820535136E+00 a      1088     0    37     1     8
  6.2104761075978715E+01 a      1089     0    37     1     9
 -3.1015791801854114E+01 a      1090     0    37     1    10
 -1.2404117071690838E+01 a      1091     0    37     1    11
 -3.3312816805711192E+00 a      1092     0    37     1    12
 -1.4194295739870185E+01 a      1093     0    37     1    13
 -8.7430782822795798E+00 a      1094     0    37     1    14
 -1.5069065067313034E+01 a      1095     0    37     1    15
 -6.1681114243864343E-01 a      1096     0    37     1    16
  5.8933833359691343E+00 a      1097     0    37     1    17
  3.1692777485697221E+01 a      1098     0    37     1    18
  3.1436282977418347E+01 a      1099     0    37     1    19
  2.1387218262722079E+00 a      1100     0    37     1    20
 -1.7889281810757898E+00 a      1101     0    37     1    21
 -1.7118311567667920E+01 a      1102     0    37     1    22
  8.1126031492572448E+00 a      1103     0    37     1    23
  1.3217102387958937E+01 a      1104     0    37     1    24
 -4.4622082439869111E+01 a      1105     0    37     1    25
  2.1107587097636337E+01 a      1106     0    37     1    26
 -8.4086053661656504E+00 a      1107     0    37     1    27
  1.2117499841147945E+01 a      1108     0    37     1    28
 -1.0045250217704048E+01 a      1109     0    37     1    29
  1.3338136763465267E+01 a      1110     0    37     1    30
  1.9505981291642684E+01 a      1111     0    38     1     1
  1.2805993918622177E+01 a      1112     0    38     1     2
  2.5776365734087033E+01 a      1113     0    38     1     3
 -8.0654471673534296E+00 a      1114     0    38     1     4
 -3.7773359941721651E+01 a      1115     0    38     1     5
  2.3078006114298734E+01 a      1116     0    38     1     6
  3.1520792504720426E+01 a      1117     0    38     1     7
  1.5945630271877715E+01 a      1118     0    38     1     8
  9.4745837067094936E+00 a      1119     0    38     1     9
  1.0589414560753703E+01 a      1120     0    38     1    10
  8.1493826163540977E+00 a      1121     0    38     1    11
  1.9646130473468197E+01 a      1122     0    38     1    12
 -4.1462633731182919E-02 a      1123     0    38     1    13
  1.7300872747519932E+01 a      1124     0    38     1    14
  2.7955571002111554E+01 a      1125     0    38     1    15
 -1.3385206607362592E+01 a      1126     0    38     1    16
 -5.1825712355042954E+00 a      1127     0    38     1    17
  1.1867563966860020E+01 a      1128     0    38     1    18
 -4.3146662253077778E+01 a      1129     0    38     1    19
  4.4762797315789832E+01 a      1130     0    38     1    20
  5.6153701081173031E+00 a      1131     0    38     1    21
  9.9957205788378314E+00 a      1132     0    38     1    22
 -1.3988627821068009E+01 a      1133     0    38     1    23
 -3.5907182953085758E+01 a      1134     0    38     1    24
 -1.4182198225039812E+01 a      1135     0    38     1    25
 -2.5998074214028019E+01 a      1136     0    38     1    26
 -8.1339614617374618E+00 a      1137     0    38     1    27
  1.6919366624536462E+01 a      1138     0    38     1    28
 -9.0200775458895137E+00 a      1139     0    38     1    29
 -1.3093699824196618E+01 a      1140     0    38     1    30
 -1.4620457518587164E+01 a      1141     0    39     1     1
 -1.3246928941041012E+00 a      1142     0    39     1     2
  9.0362409046559637E+00 a      1143     0    39     1     3
 -6.4340723947552378E+00 a      1144     0    39     1     4
  1.4602146573922708E+01 a      1145     0    39     1     5
  4.4817600534627777E+00 a      1146     0    39     1     6
  3.9441947277881741E+00 a      1147     0    39     1     7
  2.2603715793065806E+00 a      1148     0    39     1     8
  8.4254832771671406E+00 a      1149     0    39     1     9
 -2.0829136662723076E+00 a      1150     0    39     1    10
 -4.3059746712510849E+00 a      1151     0    39     1    11
 -1.0239175595241863E+00 a      1152     0    39     1    12
  2.1707532567712242E+00 a      1153     0    39     1    13
 -4.4211850461163555E+00 a      1154     0    39     1    14
 -1.2143357102725027E+01 a      1155     0    39     1    15
 -1.0448734576252679E+01 a      1156     0    39     1    16
 -1.7331005621317061E+01 a      1157     0    39     1    17
  4.9945796290139972E+00 a      1158     0    39     1    18
 -6.1070244012181341E-01 a      1159     0    39     1    19
  2.0665568078063541E+00 a      1160     0    39     1    20
  3.8007697264185851E+00 a      1161     0    39     1    21
  6.3988338925510444E+00 a      1162     0    39     1    22
 -7.7694819934263313E+00 a      1163     0    39     1    23
  1.7041621519095309E+00 a      1164     0    39     1    24
 -6.1556509808535065E+00 a      1165     0    39     1    25
  8.8648533049027978E-01 a      1166     0    39     1    26
 -1.0988201359901202E+00 a      1167     0    39     1    27
 -5.1902674174967851E+00 a      1168     0    39     1    28
 -1.7408812836405241E-01 a      1169     0    39     1    29
  5.3888331747814249E+00 a      1170     0    39     1    30
  1.7039730671633812E+01 a      1171     0    40     1     1
  1.0586609141939285E+00 a      1172     0    40     1     2
  1.1135823440576894E+01 a      1173     0    40     1     3
  1.7508845790082972E+01 a      1174     0    40     1     4
 -1.9325914967828531E+01 a      1175     0    40     1     5
  1.0542350516755638E+01 a      1176     0    40     1     6
 -3.0895810401771917E+00 a      1177     0    40     1     7
  1.1175600377741046E+00 a      1178     0    40     1     8
 -1.3841675433403900E+01 a      1179     0    40     1     9
  3.8540945257961113E+01 a      1180     0    40     1    10
  1.3457722926281983E+01 a      1181     0    40     1    11
  1.4732492301240898E+01 a      1182     0    40     1    12
  7.7172232732558577E+00 a      1183     0    40     1    13
  1.0763306479865170E+01 a      1184     0    40     1    14
  1.5200035286931723E+01 a      1185     0    40     1    15
  1.6279976415183146E+00 a      1186     0    40     1    16
  3.7784460752153488E+00 a      1187     0    40     1    17
 -1.0809468297517038E+01 a      1188     0    40     1    18
 -2.2772690555642328E+01 a      1189     0    40     1    19
  2.0299744250695064E+00 a      1190     0    40     1    20
 -2.0025601020683471E+01 a      1191     0    40     1    21
  1.3301780202097905E+01 a      1192     0    40     1    22
  1.8507399134435172E+01 a      1193     0    40     1    23
 -1.3998978034264015E+01 a      1194     0    40     1    24
  2.0247157071957687E+01 a      1195     0    40     1    25
 -1.7688476542955129E+01 a      1196     0    40     1    26
 -7.2183653690001019E+00 a      1197     0    40     1    27
  1.0691068820310787E-01 a      1198     0    40     1    28
 -7.8639190557494754E+00 a      1199     0    40     1    29
 -1.6306112957715705E+01 a      1200     0    40     1    30
  5.4289081269897599E-01 a      1201     0    41     1     1
  1.3461233910175325E+01 a      1202     0    41     1     2
 -3.0920766853889315E+01 a      1203     0    41     1     3
 -8.1751882569788812E+00 a      1204     0    41     1     4
  4.7152669227253199E+00 a      1205     0    41     1     5
 -3.6696012010954284E+01 a      1206     0    41     1     6
  1.2289044595479650E+00 a      1207     0    41     1     7
 -5.4579369477748552E+00 a      1208     0    41     1     8
 -2.2504560273916482E+01 a      1209     0    41     1     9
 -2.1221406115860987E+01 a      1210     0    41     1    10
  1.6535721933451550E-01 a      1211     0    41     1    11
 -9.8367327128514912E+00 a      1212     0    41     1    12
 -6.2377692415467241E+00 a      1213     0    41     1    13
  3.5411826634997263E+00 a      1214     0    41     1    14
  4.8485706985224484E+00 a      1215     0    41     1    15
  2.0186725829530943E+01 a      1216     0    41     1    16
 -1.4325321808266309E+00 a      1217     0    41     1    17
 -3.1583400447104180E+00 a      1218     0    41     1    18
  2.2951959097444316E+01 a      1219     0    41     1    19
 -2.0948513219611655E+01 a      1220     0    41     1    20
  2.5677579635183434E+01 a      1221     0    41     1    21
 -1.6585721974233735E+01 a      1222     0    41     1    22
 -1.9864682616003943E+01 a      1223     0    41     1    23
  2.9386510713362135E+01 a      1224     0    41     1    24
  1.9708024735522955E+01 a      1225     0    41     1    25
  6.2707767650104858E+00 a      1226     0    41     1    26
  1.3381931297930036E+01 a      1227     0    41     1    27
 -5.1102757227525009E-01 a      1228     0    41     1    28
  2.1951513526405268E+01 a      1229     0    41     1    29
  8.6094144898819973E+00 a      1230     0    41     1    30
  1.1581956028841681E+01 a      1231     0    42     1     1
  3.8626551363016697E+00 a      1232     0    42     1     2
  4.8132218400215213E-02 a      1233     0    42     1     3
  1.0521877683889564E+01 a      1234     0    42     1     4
 -1.5590854475511486E+01 a      1235     0    42     1     5
 -8.0969653732939513E+00 a      1236     0    42     1     6
  2.8630870596122699E+00 a      1237     0    42     1     7
  8.1682571767938317E+00 a      1238     0    42     1     8
 -4.6312316858667479E+00 a      1239     0    42     1     9
  6.8418646398482774E-01 a      1240     0    42     1    10
 -3.3709460175575026E+00 a      1241     0    42     1    11
  3.6619231675931423E+00 a      1242     0    42     1    12
 -2.7769398976984322E-01 a      1243     0    42     1    13
  5.4061352216980030E+00 a      1244     0    42     1    14
  1.0096976661996104E+01 a      1245     0    42     1    15
  5.1921633133131744E+00 a      1246     0    42     1    16
  7.1596049750444668E-01 a      1247     0    42     1    17
  4.4153157857406162E+00 a      1248     0    42     1    18
  9.6876344523898628E-01 a      1249     0    42     1    19
 -7.3294002216047893E+00 a      1250     0    42     1    20
 -8.1703267907209600E+00 a      1251     0    42     1    21
 -4.7316832419020187E+00 a      1252     0    42     1    22
  3.0147312706485008E+00 a      1253     0    42     1    23
  4.1038465394931070E+00 a      1254     0    42     1    24
  6.6813939914144500E+00 a      1255     0    42     1    25
 -3.9868983993697849E+00 a      1256     0    42     1    26
 -5.3661790268719685E+00 a      1257     0    42     1    27
  8.4238070556532723E+00 a      1258     0    42     1    28
 -9.6510307159454023E-02 a      1259     0    42     1    29
 -6.2704167561395856E+00 a      1260     0    42     1    30
  9.7685721242390624E+00 a      1261     0    43     1     1
 -8.3290801607207818E+00 a      1262     0    43     1     2
 -5.1053664285820100E+00 a      1263     0    43     1     3
 -6.0193583008368208E+00 a      1264     0    43     1     4
  6.6865466812744536E+00 a      1265     0    43     1     5
  8.1943583918798801E-01 a      1266     0    43     1     6
 -8.6797423084963512E+00 a      1267     0    43     1     7
  1.5043378363664051E+01 a      1268     0    43     1     8
 -1.3268653953031043E+01 a      1269     0    43     1     9
 -2.5568556726242497E+00 a      1270     0    43     1    10
 -1.6021462497192143E+01 a      1271     0    43     1    11
 -9.9573534899915348E+00 a      1272     0    43     1    12
  4.4494129372379749E+00 a      1273     0    43     1    13
 -1.5476420463457636E+01 a      1274     0    43     1    14
 -1.2509442035627739E+01 a      1275     0    43     1    15
 -2.1577254167330269E+00 a      1276     0    43     1    16
 -8.1737619395505912E-01 a      1277     0    43     1    17
 -4.7559316048038625E+00 a      1278     0    43     1    18
  2.3456098147760893E+00 a      1279     0    43     1    19
 -1.6838286983495717E+01 a      1280     0    43     1    20
 -2.9386588543865697E+00 a      1281     0    43     1    21
 -4.1338721858467997E-01 a      1282     0    43     1    22
  1.2627731030710101E+00 a      1283     0    43     1    23
 -1.1162639020321944E+01 a      1284     0    43     1    24
 -8.7617539682382759E+00 a      1285     0    43     1    25
  1.5940044905252675E+01 a      1286     0    43     1    26
 -7.3738806606857548E+00 a      1287     0    43     1    27
  7.4301604695610313E-01 a      1288     0    43     1    28
  1.0034306671803591E+01 a      1289     0    43     1    29
  4.7547693778652356E+00 a      1290     0    43     1    30
  7.7335491134511365E+00 a      1291     0    44     1     1
 -6.8613705433759460E+00 a      1292     0    44     1     2
 -1.7784666617608023E+00 a      1293     0    44     1     3
  7.9693619536828286E-01 a      1294     0    44     1     4
  1.9660594983445133E+01 a      1295     0    44     1     5
  1.0630786726058941E+01 a      1296     0    44     1     6
  5.2458951654518557E+00 a      1297     0    44     1     7
  8.5230553086341203E+00 a      1298     0    44     1     8
  1.3623181695889793E+01 a      1299     0    44     1     9
  1.6416648619195772E+01 a      1300     0    44     1    10
 -3.4037697897247221E+00 a      1301     0    44     1    11
  6.2184078535870855E+00 a      1302     0    44     1    12
  4.6198936391918854E+00 a      1303     0    44     1    13
  6.3209885576975477E-01 a      1304     0    44     1    14
 -8.8363318913778670E+00 a      1305     0    44     1    15
  5.1167436713327890E+00 a      1306     0    44     1    16
  2.4036958285807071E+00 a      1307     0    44     1    17
  3.8627748263115258E+00 a      1308     0    44     1    18
  4.5664229046637868E+00 a      1309     0    44     1    19
 -7.5352732740810575E+00 a      1310     0    44     1    20
  5.2517448346719586E+00 a      1311     0    44     1    21
  3.3842455228633503E+00 a      1312     0    44     1    22
  1.0955899564884424E+00 a      1313     0    44     1    23
  8.6796013417305531E+00 a      1314     0    44     1    24
 -1.5475705440671447E+01 a      1315     0    44     1    25
 -6.2062871127845831E-01 a      1316     0    44     1    26
  4.7074901939243956E+00 a      1317     0    44     1    27
  6.0536209944178454E+00 a      1318     0    44     1    28
 -1.2248388903563150E+01 a      1319     0    44     1    29
  7.2613272813719183E+00 a      1320     0    44     1    30
  1.9225891447271735E+00 a      1321     0    45     1     1
 -4.4402201791030773E+00 a      1322     0    45     1     2
  1.3145078143074576E+01 a      1323     0    45     1     3
 -9.5269405890712555E+00 a      1324     0    45     1     4
 -1.0185475279413216E+00 a      1325     0    45     1     5
  1.2420681994431199E+01 a      1326     0    45     1     6
  7.2909931435955331E+00 a      1327     0    45     1     7
 -3.2779893792169696E+00 a      1328     0    45     1     8
  1.1733186085327263E+01 a      1329     0    45     1     9
 -1.2722083189099388E+01 a      1330     0    45     1    10
 -6.1111247572273113E+00 a      1331     0    45     1    11
 -3.3419176747575920E+00 a      1332     0    45     1    12
  2.5065606124125916E+00 a      1333     0    45     1    13
  7.8547529020570739E+00 a      1334     0    45     1    14
 -3.9006185194397731E+00 a      1335     0    45     1    15
  6.8528673543240570E+00 a      1336     0    45     1    16
 -9.7485687372393173E+00 a      1337     0    45     1    17
 -1.2744049565088941E+01 a      1338     0    45     1    18
 -2.1956193701699782E+01 a      1339     0    45     1    19
 -3.1389118385420658E+00 a      1340     0    45     1    20
 -2.3690657854699680E+01 a      1341     0    45     1    21
 -5.4354425646411975E-01 a      1342     0    45     1    22
  6.3610747318092651E+00 a      1343     0    45     1    23
  2.0088122545233261E+01 a      1344     0    45     1    24
  2.4477790211938397E-01 a      1345     0    45     1    25
 -5.5357604091610357E-01 a      1346     0    45     1    26
 -8.5294851754385910E+00 a      1347     0    45     1    27
 -8.2217007849799306E-01 a      1348     0    45     1    28
  9.6348389513232409E+00 a      1349     0    45     1    29
  6.1173095413717906E+00 a      1350     0    45     1    30
 -2.6218742058985931E+01 a      1351     0    46     1     1
  2.0295949356192646E+00 a      1352     0    46     1     2
 -4.7804179382740486E+00 a      1353     0    46     1     3
 -2.1389793288127827E+00 a      1354     0    46     1     4
 -5.3633914728679022E+00 a      1355     0    46     1     5
 -6.5140688236360411E+00 a      1356     0    46     1     6
 -1.2111194541158293E+01 a      1357     0    46     1     7
 -9.6258306483768497E+00 a      1358     0    46     1     8
 -1.3867338756451623E+01 a      1359     0    46     1     9
 -1.2054513869705888E+01 a      1360     0    46     1    10
  1.9332217615226674E+00 a      1361     0    46     1    11
  4.1721675380411671E+00 a      1362     0    46     1    12
  6.0586562742233099E+00 a      1363     0    46     1    13
 -5.7046632160946595E+00 a      1364     0    46     1    14
  4.0361450765107740E+00 a      1365     0    46     1    15
  1.5241379471002309E-01 a      1366     0    46     1    16
  5.4786686715561519E+00 a      1367     0    46     1    17
 -4.2175951572763157E+00 a      1368     0    46     1    18
 -1.2891089708426888E+01 a      1369     0    46     1    19
  6.1401175900714844E-01 a      1370     0    46     1    20
  8.3390999291270553E+00 a      1371     0    46     1    21
 -4.2680683214401833E+00 a      1372     0    46     1    22
 -1.0325993383593818E+01 a      1373     0    46     1    23
 -1.2750728638878611E+01 a      1374     0    46     1    24
  2.3806414593872063E+01 a      1375     0    46     1    25
  1.6964006802808824E+00 a      1376     0    46     1    26
  5.0251958208131353E-01 a      1377     0    46     1    27
 -1.0806258654380176E+01 a      1378     0    46     1    28
  2.3969357300842824E+00 a      1379     0    46     1    29
 -1.6916686653127307E+01 a      1380     0    46     1    30
 -5.2314273072789491E-02 a      1381     0    47     1     1
  3.5099561819987199E+00 a      1382     0    47     1     2
 -6.3973272240613055E-01 a      1383     0    47     1     3
  6.5626233647691006E+00 a      1384     0    47     1     4
  6.2647378946965371E-01 a      1385     0    47     1     5
  7.6450566193557279E-01 a      1386     0    47     1     6
 -5.3913645077540329E+00 a      1387     0    47     1     7
  1.1116824886159979E+01 a      1388     0    47     1     8
 -3.7499649354107421E+00 a      1389     0    47     1     9
  1.4600201915739166E+01 a      1390     0    47     1    10
 -2.5392067034516859E+00 a      1391     0    47     1    11
  1.4242731520998902E+01 a      1392     0    47     1    12
 -2.3597654282239949E-01 a      1393     0    47     1    13
 -1.0983435411403002E+00 a      1394     0    47     1    14
 -4.4269362046893213E-01 a      1395     0    47     1    15
  1.4980984310296275E+00 a      1396     0    47     1    16
  4.2034574975672303E+00 a      1397     0    47     1    17
  1.2124085348798859E+01 a      1398     0    47     1    18
  7.9268210012216116E+00 a      1399     0    47     1    19
  7.9257211779095305E-01 a      1400     0    47     1    20
  1.2022921091078599E+01 a      1401     0    47     1    21
  3.8318360846459849E+00 a      1402     0    47     1    22
 -3.8599733040416084E+00 a      1403     0    47     1    23
 -8.1317325616873202E+00 a      1404     0    47     1    24
  5.6172597594212146E+00 a      1405     0    47     1    25
 -1.9374760271802949E+00 a      1406     0    47     1    26
  5.5739404922093190E+00 a      1407     0    47     1    27
 -9.6926641392156065E-01 a      1408     0    47     1    28
 -5.1862014982908828E+00 a      1409     0    47     1    29
  6.8533187626741272E+00 a      1410     0    47     1    30
  1.6474222914503059E+01 a      1411     0    48     1     1
  1.7226939747693926E+00 a      1412     0    48     1     2
  3.0710447906936511E+00 a      1413     0    48     1     3
  6.0849037190404520E-01 a      1414     0    48     1     4
  1.2065026409511157E+00 a      1415     0    48     1     5
  3.8771403590432238E+00 a      1416     0    48     1     6
  7.9315723103138271E+00 a      1417     0    48     1     7
  8.3862083333648467E+00 a      1418     0    48     1     8
  5.7886493022993655E+00 a      1419     0    48     1     9
 -1.2285843411276136E+00 a      1420     0    48     1    10
  3.0819886521845978E+00 a      1421     0    48     1    11
 -5.0617197104415004E+00 a      1422     0    48     1    12
 -2.4274884653052022E+00 a      1423     0    48     1    13
  2.2646139610645299E+00 a      1424     0    48     1    14
 -1.5346072358472573E+00 a      1425     0    48     1    15
  1.2455607556894870E+00 a      1426     0    48     1    16
 -1.1135351149028693E+01 a      1427     0    48     1    17
  5.7236915556624295E+00 a      1428     0    48     1    18
  7.0919289599134654E+00 a      1429     0    48     1    19
  8.1113727105519526E+00 a      1430     0    48     1    20
 -2.7181790465595519E+00 a      1431     0    48     1    21
  1.2482334242549900E+00 a      1432     0    48     1    22
  3.1761525401076889E+00 a      1433     0    48     1    23
  9.0367186755318019E-01 a      1434     0    48     1    24
 -1.1399029289051001E+01 a      1435     0    48     1    25
  5.7049941791547711E+00 a      1436     0    48     1    26
 -3.2678310570888791E+00 a      1437     0    48     1    27
 -3.6991911065360950E-01 a      1438     0    48     1    28
 -2.2545041289305354E+00 a      1439     0    48     1    29
  6.8400117092600441E+00 a      1440     0    48     1    30
  4.8942639336046181E+00 a      1441     0    49     1     1
 -1.1459671463261010E+01 a      1442     0    49     1     2
 -2.5323035126887582E+01 a      1443     0    49     1     3
  4.1352980222165066E+00 a      1444     0    49     1     4
  9.9079921585820028E+00 a      1445     0    49     1     5
 -2.8695090561704561E+01 a      1446     0    49     1     6
  5.5551975355248278E+00 a      1447     0    49     1     7
 -6.8944862763953563E-03 a      1448     0    49     1     8
 -9.3561796910623656E+00 a      1449     0    49     1     9
  1.6780115108054332E+01 a      1450     0    49     1    10
  5.3475863973267348E+00 a      1451     0    49     1    11
  7.5823835796690464E-01 a      1452     0    49     1    12
  1.0413293533068924E+01 a      1453     0    49     1    13
 -5.0083211441838005E+00 a      1454     0    49     1    14
  1.2281713634616519E+01 a      1455     0    49     1    15
  1.6551312976602691E+01 a      1456     0    49     1    16
  2.7196608273349650E+01 a      1457     0    49     1    17
  6.1102388032497652E+00 a      1458     0    49     1    18
  2.4633872345759677E+01 a      1459     0    49     1    19
 -5.9432385168977113E+00 a      1460     0    49     1    20
  3.3867350185592080E+01 a      1461     0    49     1    21
 -1.2879675191461681E+01 a      1462     0    49     1    22
 -5.8615520838850816E+00 a      1463     0    49     1    23
 -6.8413340638941982E+00 a      1464     0    49     1    24
  1.2666752816504459E+00 a      1465     0    49     1    25
 -2.0878380917534141E+01 a      1466     0    49     1    26
  2.0833770431064281E+01 a      1467     0    49     1    27
 -1.6342946054631906E+01 a      1468     0    49     1    28
 -9.3882335307689839E+00 a      1469     0    49     1    29
 -7.9050221399899865E+00 a      1470     0    49     1    30
 -9.2741577581661705E+00 a      1471     0    50     1     1
  1.5862520572884577E+01 a      1472     0    50     1     2
  2.8577021502001635E+01 a      1473     0    50     1     3
 -6.0266908509805646E+00 a      1474     0    50     1     4
 -1.9065143487798789E+01 a      1475     0    50     1     5
  2.3098297979824711E+01 a      1476     0    50     1     6
 -3.1625785802323763E+00 a      1477     0    50     1     7
  4.2703774597715567E+00 a      1478     0    50     1     8
 -1.7146071487200647E+00 a      1479     0    50     1     9
 -1.5583697226800007E+01 a      1480     0    50     1    10
  1.1789297690984787E-01 a      1481     0    50     1    11
 -1.5231917966583040E+00 a      1482     0    50     1    12
 -7.4717698431011064E+00 a      1483     0    50     1    13
  1.1185243690792417E+00 a      1484     0    50     1    14
 -3.3378506337130034E+00 a      1485     0    50     1    15
 -1.5417463054357668E+01 a      1486     0    50     1    16
 -2.6478248202931052E+01 a      1487     0    50     1    17
 -2.5457046087063651E+00 a      1488     0    50     1    18
 -5.0578339379491100E+00 a      1489     0    50     1    19
  8.3420996703531944E+00 a      1490     0    50     1    20
 -2.4768471750747079E+01 a      1491     0    50     1    21
 -3.7001210701976775E-02 a      1492     0    50     1    22
  1.8264021250811254E+01 a      1493     0    50     1    23
 -3.5919865262424571E+00 a      1494     0    50     1    24
  2.5608723124486048E+01 a      1495     0    50     1    25
  1.9487276439753757E+01 a      1496     0    50     1    26
 -1.3386788746713615E+01 a      1497     0    50     1    27
  4.9652207683029541E+00 a      1498     0    50     1    28
  1.4607996581989381E+01 a      1499     0    50     1    29
  1.5838263629690227E+01 a      1500     0    50     1    30
 -8.5702182257553838E-01 a      1501     0    51     1     1
  9.4333783045849842E+00 a      1502     0    51     1     2
  2.1699510456209667E+00 a      1503     0    51     1     3
  1.5503025085730407E+01 a      1504     0    51     1     4
 -3.1338139619190102E+00 a      1505     0    51     1     5
 -7.0947792814487745E+00 a      1506     0    51     1     6
 -2.0597538781707172E+00 a      1507     0    51     1     7
 -1.3268890357334435E+01 a      1508     0    51     1     8
 -4.3163728828624350E+00 a      1509     0    51     1     9
 -8.8242528990610722E+00 a      1510     0    51     1    10
  1.7126377389629194E+01 a      1511     0    51     1    11
 -2.6926595015509339E+01 a      1512     0    51     1    12
 -1.3780263837229121E+01 a      1513     0    51     1    13
 -9.0905214744091847E+00 a      1514     0    51     1    14
 -8.0707330710551393E+00 a      1515     0    51     1    15
 -3.7139911713421114E+01 a      1516     0    51     1    16
 -1.3135501488260973E+01 a      1517     0    51     1    17
  3.7586006458575111E-01 a      1518     0    51     1    18
  3.6630161220747923E+00 a      1519     0    51     1    19
  2.2033732284125316E+00 a      1520     0    51     1    20
 -8.0015247127411193E+00 a      1521     0    51     1    21
  8.0128199126528621E+00 a      1522     0    51     1    22
 -4.0655858400003453E+00 a      1523     0    51     1    23
 -1.5512148977028765E+01 a      1524     0    51     1    24
 -1.9539921352735572E+01 a      1525     0    51     1    25
  2.0372719786216361E+01 a      1526     0    51     1    26
 -1.2332136617255005E+01 a      1527     0    51     1    27
  1.3966638188727320E+01 a      1528     0    51     1    28
 -1.5069726488478030E+00 a      1529     0    51     1    29
 -8.0205976510187131E+00 a      1530     0    51     1    30
  2.8131317220771761E+00 a      1531     0    52     1     1
  1.0019514996384885E+01 a      1532     0    52     1     2
  1.0403409191845910E+01 a      1533     0    52     1     3
 -5.7395933056634272E+00 a      1534     0    52     1     4
 -6.0571589596550002E+00 a      1535     0    52     1     5
  5.4628287338803565E+00 a      1536     0    52     1     6
 -9.4305350594502541E-02 a      1537     0    52     1     7
 -6.5365260104432306E+00 a      1538     0    52     1     8
 -1.6339253490698713E+00 a      1539     0    52     1     9
  1.4612769049522216E+00 a      1540     0    52     1    10
 -6.9554033348974338E+00 a      1541     0    52     1    11
  3.6572022149601797E+00 a      1542     0    52     1    12
 -3.3128322289010499E+00 a      1543     0    52     1    13
  4.2433200745077526E+00 a      1544     0    52     1    14
  2.9444103326331683E-01 a      1545     0    52     1    15
  3.2426091503386351E-01 a      1546     0    52     1    16
  5.6524557418554400E+00 a      1547     0    52     1    17
 -2.7842575631661726E+00 a      1548     0    52     1    18
  9.7483937500085869E+00 a      1549     0    52     1    19
 -7.6418048642958052E+00 a      1550     0    52     1    20
 -4.6574258629603920E+00 a      1551     0    52     1    21
 -4.3614297585982165E+00 a      1552     0    52     1    22
  2.0430255004707224E+01 a      1553     0    52     1    23
  1.7135438289642341E+01 a      1554     0    52     1    24
  2.2051670266900305E+00 a      1555     0    52     1    25
 -4.7401335815856154E+00 a      1556     0    52     1    26
  8.1005099234258848E-01 a      1557     0    52     1    27
  1.4952259733162236E+01 a      1558     0    52     1    28
  1.0003505406364379E+01 a      1559     0    52     1    29
  1.1746122336926859E+01 a      1560     0    52     1    30
  1.9664363131699439E+01 a      1561     0    53     1     1
 -1.3014303370657956E+01 a      1562     0    53     1     2
 -1.1769405411847528E+01 a      1563     0    53     1     3
  2.0727538330431805E+01 a      1564     0    53     1     4
  8.8962275638955451E-02 a      1565     0    53     1     5
 -1.7958007293251043E+01 a      1566     0    53     1     6
  1.7372897205912214E+01 a      1567     0    53     1     7
  1.5908382464741753E+00 a      1568     0    53     1     8
  5.4003185499027797E+00 a      1569     0    53     1     9
 -9.7549765306625480E-01 a      1570     0    53     1    10
  9.6182438207793144E+00 a      1571     0    53     1    11
 -6.6978894064509324E+00 a      1572     0    53     1    12
  6.3694895524061190E-01 a      1573     0    53     1    13
 -3.7910357972757973E+00 a      1574     0    53     1    14
  2.6139911504928697E+00 a      1575     0    53     1    15
 -7.3819354221939486E+00 a      1576     0    53     1    16
  6.7647910386328238E+00 a      1577     0    53     1    17
 -2.8975026114483380E+00 a      1578     0    53     1    18
 -7.1535704299347298E+00 a      1579     0    53     1    19
  3.1614825393642274E+00 a      1580     0    53     1    20
  5.3947428134823516E+00 a      1581     0    53     1    21
  1.7103979119818091E+00 a      1582     0    53     1    22
 -9.0661720169282383E+00 a      1583     0    53     1    23
 -1.7854095000899999E+01 a      1584     0    53     1    24
 -1.1197058795577153E+01 a      1585     0    53     1    25
 -1.4661992110669258E+01 a      1586     0    53     1    26
  8.8958600807443826E+00 a      1587     0    53     1    27
 -1.9789227190971687E+01 a      1588     0    53     1    28
 -7.8155595347809541E+00 a      1589     0    53     1    29
 -1.4645039990178876E+01 a      1590     0    53     1    30
  4.5048370188602238E+00 a      1591     0    54     1     1
 -7.7153592262589585E+00 a      1592     0    54     1     2
 -6.0178443098061072E+00 a      1593     0    54     1     3
 -2.7834535078956179E+01 a      1594     0    54     1     4
  4.9528673160741068E+00 a      1595     0    54     1     5
  3.6073337296615144E+01 a      1596     0    54     1     6
  2.2543758529002686E-02 a      1597     0    54     1     7
  4.6080777564178437E+00 a      1598     0    54     1     8
  1.7822050120978666E+01 a      1599     0    54     1     9
 -2.3627681246654763E+01 a      1600     0    54     1    10
 -1.7203110976256092E+01 a      1601     0    54     1    11
  2.4238770271196422E+01 a      1602     0    54     1    12
  1.4591800556869063E+00 a      1603     0    54     1    13
 -1.7412131417388896E+00 a      1604     0    54     1    14
 -2.8426377899298902E+00 a      1605     0    54     1    15
  1.1293582399472252E+01 a      1606     0    54     1    16
 -1.0479846360070273E+00 a      1607     0    54     1    17
 -6.2833848174759543E+00 a      1608     0    54     1    18
 -2.3634234438999730E+01 a      1609     0    54     1    19
  3.3861676140402936E+00 a      1610     0    54     1    20
 -4.9032905989562847E+00 a      1611     0    54     1    21
  1.5818327902494460E+01 a      1612     0    54     1    22
  2.7857415764597380E+00 a      1613     0    54     1    23
  2.4691692628776768E-01 a      1614     0    54     1    24
 -5.1191254946330442E+00 a      1615     0    54     1    25
 -5.8375606609757735E+00 a      1616     0    54     1    26
  1.0342647870556496E+01 a      1617     0    54     1    27
  2.8488010579765472E+01 a      1618     0    54     1    28
  8.6576277584250461E-01 a      1619     0    54     1    29
 -1.5596785761314074E+00 a      1620     0    54     1    30
  2.2123457660677452E+00 a      1621     0    55     1     1
 -3.5699510228209728E+00 a      1622     0    55     1     2
 -5.9902859639588097E+00 a      1623     0    55     1     3
 -1.4813050185447032E+01 a      1624     0    55     1     4
  4.1228233248895947E+00 a      1625     0    55     1     5
  1.0268438575450374E+00 a      1626     0    55     1     6
 -6.1736201829613491E-01 a      1627     0    55     1     7
  3.8823206712567777E+00 a      1628     0    55     1     8
  3.1382371479526174E+00 a      1629     0    55     1     9
 -1.1325944298555315E+01 a      1630     0    55     1    10
 -1.2992133328125788E+00 a      1631     0    55     1    11
  4.6047459410958478E+00 a      1632     0    55     1    12
  2.2853772876727776E+00 a      1633     0    55     1    13
  1.1942099455783339E+00 a      1634     0    55     1    14
  4.3530668691853762E+00 a      1635     0    55     1    15
  1.1828214907338806E+01 a      1636     0    55     1    16
  2.8460263870894620E+00 a      1637     0    55     1    17
 -7.2319528482086284E+00 a      1638     0    55     1    18
 -2.3864349228036921E+00 a      1639     0    55     1    19
 -6.1266639222210335E+00 a      1640     0    55     1    20
 -2.4991816307341304E+00 a      1641     0    55     1    21
 -6.4006879215170418E+00 a      1642     0    55     1    22
  5.6163108588160400E+00 a      1643     0    55     1    23
  5.1195005600260846E+00 a      1644     0    55     1    24
  3.9046556245536768E+00 a      1645     0    55     1    25
  1.4869555126223037E+00 a      1646     0    55     1    26
  7.8924977776433529E+00 a      1647     0    55     1    27
  7.3290841606148378E+00 a      1648     0    55     1    28
 -3.3800019313875662E+00 a      1649     0    55     1    29
 -5.3912804567834636E+00 a      1650     0    55     1    30
 -8.1903589874443750E+00 a      1651     0    56     1     1
 -1.0456156614397134E+01 a      1652     0    56     1     2
 -4.5216682919082194E+00 a      1653     0    56     1     3
 -8.7682274539276506E+00 a      1654     0    56     1     4
  1.0461051106256829E+00 a      1655     0    56     1     5
 -7.3263242960094246E+00 a      1656     0    56     1     6
  5.4362617020136172E-01 a      1657     0    56     1     7
  3.2456011784819472E+00 a      1658     0    56     1     8
  2.6174461092930246E-01 a      1659     0    56     1     9
  6.9020927796186111E+00 a      1660     0    56     1    10
  2.6624024610241825E+00 a      1661     0    56     1    11
  9.9801094328525490E+00 a      1662     0    56     1    12
  6.1428456926762409E-01 a      1663     0    56     1    13
 -4.3222703532675597E+00 a      1664     0    56     1    14
  9.9620222519475454E-01 a      1665     0    56     1    15
 -2.9804878888922794E+00 a      1666     0    56     1    16
  3.4952471412380679E+00 a      1667     0    56     1    17
 -1.7751102011268489E+00 a      1668     0    56     1    18
 -7.2842206697342728E+00 a      1669     0    56     1    19
 -6.5557650964977050E+00 a      1670     0    56     1    20
 -1.7470814695320198E+00 a      1671     0    56     1    21
  5.3699976149675948E+00 a      1672     0    56     1    22
 -8.9456799825381470E+00 a      1673     0    56     1    23
 -6.9976422091417252E+00 a      1674     0    56     1    24
  4.2858720777579373E+00 a      1675     0    56     1    25
  1.0514889226929222E+01 a      1676     0    56     1    26
 -3.2772604344200951E+00 a      1677     0    56     1    27
 -6.6214114761840195E+00 a      1678     0    56     1    28
 -8.0457322346438325E+00 a      1679     0    56     1    29
 -1.2568564802464905E+01 a      1680     0    56     1    30
 -1.1986061512156800E+01 a      1681     0    57     1     1
 -9.8571783700713276E+00 a      1682     0    57     1     2
 -4.2593216336602984E+00 a      1683     0    57     1     3
  1.5472592756579255E+01 a      1684     0    57     1     4
  7.3959303546227924E+00 a      1685     0    57     1     5
 -4.1523241021684662E+01 a      1686     0    57     1     6
 -7.1706347194658040E+00 a      1687     0    57     1     7
  8.0669592006179460E+00 a      1688     0    57     1     8
 -8.3189382487727261E+00 a      1689     0    57     1     9
  1.6759229358933879E+01 a      1690     0    57     1    10
  5.8433895717546518E+00 a      1691     0    57     1    11
 -2.1122179221806977E+01 a      1692     0    57     1    12
 -4.6094597114930798E+00 a      1693     0    57     1    13
  1.5019117925433900E+00 a      1694     0    57     1    14
  8.4070703464838754E+00 a      1695     0    57     1    15
 -5.9703683675697827E-01 a      1696     0    57     1    16
  9.3365535337867769E+00 a      1697     0    57     1    17
  6.8349787648356735E+00 a      1698     0    57     1    18
  2.1853632488415582E+00 a      1699     0    57     1    19
 -1.2955429126753293E+01 a      1700     0    57     1    20
  5.0606444417201963E+00 a      1701     0    57     1    21
 -6.3012381690294967E+00 a      1702     0    57     1    22
 -1.9185409414400137E+01 a      1703     0    57     1    23
  3.9885752155699659E+00 a      1704     0    57     1    24
 -1.1929480617341930E+01 a      1705     0    57     1    25
  8.7050399147190998E+00 a      1706     0    57     1    26
 -1.8429558757539372E+01 a      1707     0    57     1    27
 -5.6768459601738934E+00 a      1708     0    57     1    28
 -2.1096296274366741E+00 a      1709     0    57     1    29
 -6.5300223059063223E+00 a      1710     0    57     1    30
 -4.2924533809075971E+00 a      1711     0    58     1     1
  9.4331807363117406E+00 a      1712     0    58     1     2
  1.2405924424665617E+01 a      1713     0    58     1     3
  1.5220005385212300E+01 a      1714     0    58     1     4
  2.2228067869885201E-01 a      1715     0    58     1     5
 -1.9150223640041215E+01 a      1716     0    58     1     6
  3.0038856288858446E+00 a      1717     0    58     1     7
 -1.9178898693672199E+01 a      1718     0    58     1     8
 -2.8980701930747346E+00 a      1719     0    58     1     9
  3.1192886975564249E+01 a      1720     0    58     1    10
 -6.5552181639580427E+00 a      1721     0    58     1    11
 -2.0267902129056242E+01 a      1722     0    58     1    12
  6.6523967850791914E+00 a      1723     0    58     1    13
  8.1135405240041933E+00 a      1724     0    58     1    14
  1.1874085834179725E+01 a      1725     0    58     1    15
  5.0566707263611566E+00 a      1726     0    58     1    16
 -7.9811785814472200E+00 a      1727     0    58     1    17
 -1.0673309612505806E+01 a      1728     0    58     1    18
  2.2075437420890701E+01 a      1729     0    58     1    19
  2.5153216796002531E+00 a      1730     0    58     1    20
  1.6242545059870928E+01 a      1731     0    58     1    21
 -3.1813142048199223E+00 a      1732     0    58     1    22
  2.9963770931516338E+00 a      1733     0    58     1    23
  8.9017156901825629E+00 a      1734     0    58     1    24
  4.3199308319586658E+00 a      1735     0    58     1    25
 -8.9999438374886154E+00 a      1736     0    58     1    26
  2.3233578434614079E+00 a      1737     0    58     1    27
 -4.1258690188848320E+01 a      1738     0    58     1    28
 -1.2476290649969268E+01 a      1739     0    58     1    29
  7.7666810802350890E+00 a      1740     0    58     1    30
 -1.1031186393329062E+01 a      1741     0    59     1     1
  1.0085139866317713E+01 a      1742     0    59     1     2
 -5.1594091905903605E+00 a      1743     0    59     1     3
  2.3248543888800299E+01 a      1744     0    59     1     4
  1.3915134360194616E+01 a      1745     0    59     1     5
  1.5391495765750841E+01 a      1746     0    59     1     6
 -1.8048861901922184E+01 a      1747     0    59     1     7
 -6.8275586740531091E+00 a      1748     0    59     1     8
  7.9859070247528807E+00 a      1749     0    59     1     9
 -1.2143439796042223E+01 a      1750     0    59     1    10
  6.0884051701268600E+00 a      1751     0    59     1    11
 -1.3742466618691502E+01 a      1752     0    59     1    12
  4.2956345740168036E+00 a      1753     0    59     1    13
  3.5651742160477151E+00 a      1754     0    59     1    14
 -6.7857823949058398E+00 a      1755     0    59     1    15
  9.6850721562398654E+00 a      1756     0    59     1    16
 -1.2359213214959253E+01 a      1757     0    59     1    17
  5.5251686600104595E+00 a      1758     0    59     1    18
 -3.0219628471974707E+00 a      1759     0    59     1    19
  9.1010352283477243E+00 a      1760     0    59     1    20
 -3.7919337300594051E+00 a      1761     0    59     1    21
 -1.7350090695724700E+00 a      1762     0    59     1    22
 -5.8772656117898636E+00 a      1763     0    59     1    23
  6.1888309577142566E+00 a      1764     0    59     1    24
 -5.7630302952825883E+00 a      1765     0    59     1    25
  2.8875558263951464E+00 a      1766     0    59     1    26
 -5.5623440303537670E+00 a      1767     0    59     1    27
  2.1253447770846542E+01 a      1768     0    59     1    28
 -3.7502477393353311E+00 a      1769     0    59     1    29
  1.9506015003825592E+01 a      1770     0    59     1    30
  1.1627300496676685E+00 a      1771     0    60     1     1
  2.6135910533124921E+01 a      1772     0    60     1     2
 -3.1843080739328951E+00 a      1773     0    60     1     3
  2.1479593199608411E+00 a      1774     0    60     1     4
 -1.2530497655481994E+01 a      1775     0    60     1     5
  1.1333712628626921E+01 a      1776     0    60     1     6
 -8.4632453313971947E+00 a      1777     0    60     1     7
  5.0543340021356986E-01 a      1778     0    60     1     8
 -5.3435880690994111E+00 a      1779     0    60     1     9
  7.4980913731787178E+00 a      1780     0    60     1    10
  9.7566716056232217E+00 a      1781     0    60     1    11
  5.2529919596453967E+00 a      1782     0    60     1    12
  1.6027629995341041E+01 a      1783     0    60     1    13
  7.2453467573385213E+00 a      1784     0    60     1    14
  4.0261269867100431E+00 a      1785     0    60     1    15
 -8.2880293980307389E+00 a      1786     0    60     1    16
 -1.0998749921872884E+01 a      1787     0    60     1    17
  3.3568012553607987E+00 a      1788     0    60     1    18
  1.2031758945807400E+01 a      1789     0    60     1    19
  1.8818320315183481E+00 a      1790     0    60     1    20
  3.7636514493495321E+00 a      1791     0    60     1    21
  8.8223535217575977E-01 a      1792     0    60     1    22
  5.8194256606672932E+00 a      1793     0    60     1    23
  8.1604325774276543E+00 a      1794     0    60     1    24
 -9.0806370972173234E-01 a      1795     0    60     1    25
 -2.0603255463473062E+00 a      1796     0    60     1    26
 -2.6207357772133149E+00 a      1797     0    60     1    27
  2.3024569284483995E+01 a      1798     0    60     1    28
 -1.0408007322065680E+01 a      1799     0    60     1    29
  7.6510205873461326E+00 a      1800     0    60     1    30
 -1.8143744098920617E+01 a      1801     0    61     1     1
  1.0504219603717559E+01 a      1802     0    61     1     2
  1.5556207198239228E+01 a      1803     0    61     1     3
 -2.3701718334905085E+01 a      1804     0    61     1     4
  1.8881603547469862E+01 a      1805     0    61     1     5
 -1.5625720267368455E+00 a      1806     0    61     1     6
 -1.9916700159681624E+00 a      1807     0    61     1     7
  2.6221572488968055E+00 a      1808     0    61     1     8
  1.2040588335085950E+01 a      1809     0    61     1     9
  1.0281335752641180E+01 a      1810     0    61     1    10
 -4.5865984259886714E+00 a      1811     0    61     1    11
 -7.0751414377554722E+00 a      1812     0    61     1    12
  2.9084330074573681E+00 a      1813     0    61     1    13
 -1.9186570377590435E+00 a      1814     0    61     1    14
 -1.3101957578121821E+01 a      1815     0    61     1    15
 -1.2213392938202265E+01 a      1816     0    61     1    16
 -1.3007334634791452E+01 a      1817     0    61     1    17
  1.8354099585495312E+01 a      1818     0    61     1    18
  7.5979547704824588E+00 a      1819     0    61     1    19
  3.9378138949894259E-01 a      1820     0    61     1    20
 -8.1077012591679001E+00 a      1821     0    61     1    21
  1.5545529266487671E+01 a      1822     0    61     1    22
 -2.1456623781962079E+00 a      1823     0    61     1    23
  1.1421372039137614E+01 a      1824     0    61     1    24
  6.0799561751769691E+00 a      1825     0    61     1    25
  7.2362359940988297E+00 a      1826     0    61     1    26
  7.0318087605575590E+00 a      1827     0    61     1    27
  9.5344888383206694E+00 a      1828     0    61     1    28
  9.7858405787752343E+00 a      1829     0    61     1    29
 -5.6793578010373293E+00 a      1830     0    61     1    30
  7.5079508215431794E+00 a      1831     0    62     1     1
  1.2232182141919723E+00 a      1832     0    62     1     2
 -8.1496540187851050E+00 a      1833     0    62     1     3
  2.6502469074255451E+01 a      1834     0    62     1     4
 -2.0524821344785568E+01 a      1835     0    62     1     5
 -5.0487518010877830E+00 a      1836     0    62     1     6
 -8.6803249908093854E+00 a      1837     0    62     1     7
  8.9714914008174667E+00 a      1838     0    62     1     8
  5.1890073759049848E-01 a      1839     0    62     1     9
 -7.6043291266540241E+00 a      1840     0    62     1    10
  5.0084023152753225E+00 a      1841     0    62     1    11
  1.1289893327963242E+01 a      1842     0    62     1    12
 -6.6335131269294667E+00 a      1843     0    62     1    13
  2.5546137677232466E+00 a      1844     0    62     1    14
  2.3896555060978276E+01 a      1845     0    62     1    15
  2.1025648397488265E+01 a      1846     0    62     1    16
  1.4805103915710404E+01 a      1847     0    62     1    17
 -3.0724723400302869E+00 a      1848     0    62     1    18
  4.1169873365136320E+00 a      1849     0    62     1    19
 -5.7075365286972710E+00 a      1850     0    62     1    20
  4.8672736642452739E+00 a      1851     0    62     1    21
 -1.7197767409199184E+01 a      1852     0    62     1    22
  7.7765215262591236E-01 a      1853     0    62     1    23
 -7.0017811822106166E+00 a      1854     0    62     1    24
 -4.9206941676324147E+00 a      1855     0    62     1    25
  4.9546316766646310E+00 a      1856     0    62     1    26
 -1.7186748393146544E+01 a      1857     0    62     1    27
 -8.9111034229535235E+00 a      1858     0    62     1    28
 -9.5954992600382401E+00 a      1859     0    62     1    29
  8.8479417098860864E+00 a      1860     0    62     1    30
 -1.5453136100077169E+01 a      1861     0    63     1     1
  2.8545326863920785E+01 a      1862     0    63     1     2
  1.3747943259351944E+01 a      1863     0    63     1     3
 -6.2632311658497235E+00 a      1864     0    63     1     4
 -4.1571057330834158E+00 a      1865     0    63     1     5
  6.2928219553966924E+00 a      1866     0    63     1     6
  9.1883973018858245E-01 a      1867     0    63     1     7
  7.2292539651378833E+00 a      1868     0    63     1     8
 -5.4653056450626440E+00 a      1869     0    63     1     9
  1.3124217124606844E+01 a      1870     0    63     1    10
  1.2213244038610943E-01 a      1871     0    63     1    11
 -3.6700624895608187E+00 a      1872     0    63     1    12
 -2.4659132393661096E+00 a      1873     0    63     1    13
  1.8998309571058321E+00 a      1874     0    63     1    14
 -6.9890169502745456E+00 a      1875     0    63     1    15
 -1.0418830920928995E+01 a      1876     0    63     1    16
  2.1701462104358975E+00 a      1877     0    63     1    17
 -9.8050712590680122E-01 a      1878     0    63     1    18
  5.9040340259628348E+00 a      1879     0    63     1    19
 -1.4621311893774172E+01 a      1880     0    63     1    20
 -4.0062165664784395E+01 a      1881     0    63     1    21
  2.8718421771647469E+00 a      1882     0    63     1    22
 -1.4750778020759809E+00 a      1883     0    63     1    23
  7.0424140071755605E+00 a      1884     0    63     1    24
 -6.4304295404980714E+00 a      1885     0    63     1    25
 -1.7670193734728844E+01 a      1886     0    63     1    26
  2.4492004912691114E+00 a      1887     0    63     1    27
  8.0281900590056878E+00 a      1888     0    63     1    28
  1.7145766188032272E+01 a      1889     0    63     1    29
  2.0927421783131765E+00 a      1890     0    63     1    30
 -1.2149189893582428E+00 a      1891     0    64     1     1
 -4.0818777429605441E-01 a      1892     0    64     1     2
  4.3035806730607256E+00 a      1893     0    64     1     3
 -7.3137183634580181E+00 a      1894     0    64     1     4
 -8.8594381156289472E+00 a      1895     0    64     1     5
  4.4927480873061159E+00 a      1896     0    64     1     6
  1.0330207603727587E+01 a      1897     0    64     1     7
 -3.8692400203048649E+00 a      1898     0    64     1     8
 -3.3682749363257822E+00 a      1899     0    64     1     9
  3.2598882907355953E+00 a      1900     0    64     1    10
 -7.1458882981945138E-04 a      1901     0    64     1    11
  5.3911103565602039E+00 a      1902     0    64     1    12
  7.9359361452331703E+00 a      1903     0    64     1    13
  3.0667277581406847E+00 a      1904     0    64     1    14
  7.6478625466525640E-01 a      1905     0    64     1    15
 -1.0265806985843087E+01 a      1906     0    64     1    16
 -1.0461924890302887E+01 a      1907     0    64     1    17
  6.0872342870079441E+00 a      1908     0    64     1    18
 -1.0347330995886699E+01 a      1909     0    64     1    19
  1.2007189113144449E+01 a      1910     0    64     1    20
  8.2673698553556836E+00 a      1911     0    64     1    21
  6.7589695991053196E+00 a      1912     0    64     1    22
  7.0281170424204981E-02 a      1913     0    64     1    23
 -6.0520994865566351E+00 a      1914     0    64     1    24
 -2.8014333234196811E+00 a      1915     0    64     1    25
 -3.0917865932680546E+00 a      1916     0    64     1    26
 -1.4108924636009101E-01 a      1917     0    64     1    27
  1.5137622989186436E+01 a      1918     0    64     1    28
  1.1095803131662715E+01 a      1919     0    64     1    29
 -3.9492260770404441E+00 a      1920     0    64     1    30
 -2.9472135672063469E+00 b      1921     1     1
 -1.9340457877055865E+00 b      1922     1     2
 -1.3992155458680835E+00 b      1923     1     3
 -4.7438255226658671E-01 b      1924     1     4
  2.9574028992596729E-01 b      1925     1     5
 -1.0546426407555380E+00 b      1926     1     6
 -7.4340169452904636E-01 b      1927     1     7
 -4.6933470973244065E+00 b      1928     1     8
  3.1678779430231375E-02 b      1929     1     9
 -1.9290022170869343E+00 b      1930     1    10
 -2.1141410053437775E+00 b      1931     1    11
 -2.9606019915668425E+00 b      1932     1    12
 -6.9338330020813066E-01 b      1933     1    13
 -1.4138158907421765E+00 b      1934     1    14
 -1.2818315278832688E+00 b      1935     1    15
 -3.0138568631215525E+00 b      1936     1    16
 -2.3250079176426031E+00 b      1937     1    17
 -1.1746635702781032E+00 b      1938     1    18
 -7.0408202288316035E-01 b      1939     1    19
 -3.0356648642651209E+00 b      1940     1    20
 -1.5787383733962998E-01 b      1941     1    21
 -9.2517843735136140E-01 b      1942     1    22
  6.8403576434088387E-01 b      1943     1    23
 -1.4676028995028989E-01 b      1944     1    24
 -1.0359514620031864E+00 b      1945     1    25
 -2.3362962052604077E+00 b      1946     1    26
 -3.2372993292276209E+00 b      1947     1    27
 -1.7517513289486917E+00 b      1948     1    28
  2.7582122976362172E-01 b      1949     1    29
 -2.5423432855983732E+00 b      1950     1    30
  7.7743180622222230E-01 a      1951     1     1     2     1
  1.0822681278431168E-01 a      1952     1     1     2     2
 -3.8770542499263011E-01 a      1953     1     1     2     3
  1.6975434675155450E-02 a      1954     1     1     2     4
 -3.5034721287838044E-01 a      1955     1     1     2     5
  9.2474952756154782E-01 a      1956     1     1     2     6
  8.1412487155178437E-01 a      1957     1     1     2     7
 -1.4296444898125000E+00 a      1958     1     1     2     8
  2.3633223839348654E+00 a      1959     1     1     2     9
 -1.3985665399189322E+00 a      1960     1     1     2    10
 -1.1588163249494203E+00 a      1961     1     1     2    11
 -1.4829871594390531E-01 a      1962     1     1     2    12
 -6.0710587617234957E-01 a      1963     1     1     2    13
 -1.7646102609164775E+00 a      1964     1     1     2    14
 -9.7066776181785641E-01 a      1965     1     1     2    15
 -4.7507894662240071E+00 a      1966     1     1     2    16
  2.7509867717530945E-01 a      1967     1     1     2    17
 -4.2610144311217396E-01 a      1968     1     1     2    18
 -3.6597178548044823E-01 a      1969     1     1     2    19
  3.1582814168476423E+00 a      1970     1     1     2    20
 -9.0830961449667780E-01 a      1971     1     1     2    21
 -1.9501331774033612E+00 a      1972     1     1     2    22
 -3.4903097160753765E-01 a      1973     1     1     2    23
  6.4408530289459875E-01 a      1974     1     1     2    24
 -9.7717103268921723E-01 a      1975     1     1     2    25
 -7.9194988327103519E-02 a      1976     1     1     2    26
  8.0601355033888156E-01 a      1977     1     1     2    27
 -1.7419271704604153E+00 a      1978     1     1     2    28
 -1.5263450230514686E+00 a      1979     1     1     2    29
 -1.4361319878313066E+00 a      1980     1     1     2    30
 -1.9572148560610125E+00 a      1981     1     2     2     1
 -1.2368243861920434E+00 a      1982     1     2     2     2
 -7.7768757531432378E-02 a      1983     1     2     2     3
 -1.5859457255612173E+00 a      1984     1     2     2     4
  6.3075337082823835E-01 a      1985     1     2     2     5
 -2.2333245101492857E-01 a      1986     1     2     2     6
  1.4285643400870731E+00 a      1987     1     2     2     7
 -2.2461260904261531E+00 a      1988     1     2     2     8
 -1.0368925833947198E+00 a      1989     1     2     2     9
  1.2653035839310683E-01 a      1990     1     2     2    10
 -1.8088769700211552E-01 a      1991     1     2     2    11
 -1.0846953942454864E+00 a      1992     1     2     2    12
 -9.9817043910672065E-01 a      1993     1     2     2    13
 -1.5424327679320466E+00 a      1994     1     2     2    14
 -2.2844974726730286E-01 a      1995     1     2     2    15
 -1.5975843671857043E-01 a      1996     1     2     2    16
  1.5288474595012044E-01 a      1997     1     2     2    17
 -2.4600598130003704E-01 a      1998     1     2     2    18
 -6.5997069324075175E-01 a      1999     1     2     2    19
 -9.2639930482530031E-01 a      2000     1     2     2    20
  2.3659340840648915E-01 a      2001     1     2     2    21
 -1.1826878198319164E+00 a      2002     1     2     2    22
  1.0093621624688540E+00 a      2003     1     2     2    23
 -1.0705789646995321E+00 a      2004     1     2     2    24
 -1.0128678022030091E-01 a      2005     1     2     2    25
 -1.9893534045845740E+00 a      2006     1     2     2    26
 -5.7760476152118073E-02 a      2007     1     2     2    27
  5.8340472183327607E-01 a      2008     1     2     2    28
 -1.7257341351358352E-01 a      2009     1     2     2    29
  2.6603693617301857E-02 a      2010     1     2     2    30
  2.2115391957760862E+00 a      2011     1     3     2     1
 -2.3441394786492427E+00 a      2012     1     3     2     2
  1.9357138557919764E+00 a      2013     1     3     2     3
  6.4987124555561063E-02 a      2014     1     3     2     4
 -1.4409407096776881E-02 a      2015     1     3     2     5
  2.6605267411002415E-01 a      2016     1     3     2     6
 -1.3340410305716721E-01 a      2017     1     3     2     7
  5.6669753339257645E-01 a      2018     1     3     2     8
  1.5183653358402005E+00 a      2019     1     3     2     9
 -1.4390658055095320E+00 a      2020     1     3     2    10
 -1.2123688389950082E+00 a      2021     1     3     2    11
 -9.7498595590446435E-01 a      2022     1     3     2    12
  6.4494040293055488E-01 a      2023     1     3     2    13
  3.1772744430676675E-01 a      2024     1     3     2    14
  5.1310942038868368E-01 a      2025     1     3     2    15
  1.2048932606926308E+00 a      2026     1     3     2    16
 -6.1665883079722772E-01 a      2027     1     3     2    17
 -5.6292037032298781E-01 a      2028     1     3     2    18
 -8.1378601603464729E-01 a      2029     1     3     2    19
 -2.6981801536329675E-01 a      2030     1     3     2    20
 -3.8543067332112790E-01 a      2031     1     3     2    21
  3.5566536794840315E+00 a      2032     1     3     2    22
 -1.8799012848899321E+00 a      2033     1     3     2    23
 -1.9194780002209646E+00 a      2034     1     3     2    24
  1.6156091014974527E-01 a      2035     1     3     2    25
  1.0888062004115724E+00 a      2036     1     3     2    26
 -1.0834496645571143E+00 a      2037     1     3     2    27
  1.2376658779996099E+00 a      2038     1     3     2    28
 -2.4068683866468737E-03 a      2039     1     3     2    29
  5.4835961018902102E-01 a      2040     1     3     2    30
 -4.4315575122376316E-01 a      2041     1     4     2     1
 -7.3336714865619013E-01 a      2042     1     4     2     2
 -7.8033276691896425E-01 a      2043     1     4     2     3
  1.4307487764200705E-01 a      2044     1     4     2     4
 -1.1751175899017570E+00 a      2045     1     4     2     5
 -4.4033608442351835E-01 a      2046     1     4     2     6
  9.5067582008324256E-02 a      2047     1     4     2     7
 -1.8178407381794201E-01 a      2048     1     4     2     8
 -5.3971481848953962E-01 a      2049     1     4     2     9
  7.7030557683560374E-02 a      2050     1     4     2    10
 -2.9742035169517966E-01 a      2051     1     4     2    11
  3.7911262424696240E-01 a      2052     1     4     2    12
 -5.0428183324355214E+00 a      2053     1     4     2    13
  4.3710859472877195E-01 a      2054     1     4     2    14
  5.9218335424464918E-01 a      2055     1     4     2    15
 -1.6691550405183520E+00 a      2056     1     4     2    16
 -2.2465610255826354E+00 a      2057     1     4     2    17
  1.1988491996796071E+00 a      2058     1     4     2    18
  1.6351001186852090E-01 a      2059     1     4     2    19
  9.3596929388634820E-01 a      2060     1     4     2    20
  8.9205051759445342E-01 a      2061     1     4     2    21
 -2.7969552423499128E-01 a      2062     1     4     2    22
 -4.1362336243235491E+00 a      2063     1     4     2    23
 -4.6106867980376265E-01 a      2064     1     4     2    24
  1.0072637506895241E+00 a      2065     1     4     2    25
  2.8824452664039474E-01 a      2066     1     4     2    26
  1.1186651367641121E+00 a      2067     1     4     2    27
 -5.5488087029007527E-01 a      2068     1     4     2    28
  7.7039432775767269E-01 a      2069     1     4     2    29
 -3.6186121346257560E-01 a      2070     1     4     2    30
 -6.5483960363194527E-01 a      2071     1     5     2     1
 -2.4831316148702878E-01 a      2072     1     5     2     2
 -2.3756763599705391E+00 a      2073     1     5     2     3
  2.6171174050608887E+00 a      2074     1     5     2     4
  8.5713563885001870E-02 a      2075     1     5     2     5
 -7.7504987218550980E-01 a      2076     1     5     2     6
 -2.2548615734380943E+00 a      2077     1     5     2     7
  2.4888990661886350E+00 a      2078     1     5     2     8
  9.5813584051736655E-01 a      2079     1     5     2     9
 -4.5343287339756433E-01 a      2080     1     5     2    10
 -2.3065528760983520E+00 a      2081     1     5     2    11
  8.4701883727575589E-02 a      2082     1     5     2    12
 -9.9481237433365921E-01 a      2083     1     5     2    13
  1.7297721663774011E+00 a      2084     1     5     2    14
 -1.4759046174476973E+00 a      2085     1     5     2    15
  8.7806643092191355E-02 a      2086     1     5     2    16
 -1.0306883125874988E+00 a      2087     1     5     2    17
  7.4756473064634088E-01 a      2088     1     5     2    18
 -2.2759689093288191E-01 a      2089     1     5     2    19
  1.2734418111384134E+00 a      2090     1     5     2    20
  2.3620774059031782E-01 a      2091     1     5     2    21
 -4.0064284146292706E-01 a      2092     1     5     2    22
 -4.1019627432839340E-01 a      2093     1     5     2    23
  2.8221241590044044E-01 a      2094     1     5     2    24
  1.6646950758860415E+00 a      2095     1     5     2    25
 -2.0504442498519411E+00 a      2096     1     5     2    26
  3.7008627360857349E-01 a      2097     1     5     2    27
 -6.0396301605235492E-01 a      2098     1     5     2    28
  1.0613020502916715E+00 a      2099     1     5     2    29
 -7.9494166760656293E-01 a      2100     1     5     2    30
 -7.3792186792180159E-01 a      2101     1     6     2     1
 -1.1754387211461387E-01 a      2102     1     6     2     2
  2.5492306227536965E-01 a      2103     1     6     2     3
 -9.2900226430756683E-01 a      2104     1     6     2     4
 -1.2926970553172688E+00 a      2105     1     6     2     5
  1.0600598645826524E+00 a      2106     1     6     2     6
  1.4539224707152978E+00 a      2107     1     6     2     7
 -3.0803361786856560E-02 a      2108     1     6     2     8
  5.3789133559296465E-01 a      2109     1     6     2     9
 -1.1203286965929962E+00 a      2110     1     6     2    10
  5.6082543503080873E-01 a      2111     1     6     2    11
  1.0866220434312532E+00 a      2112     1     6     2    12
  2.6816935697273996E+00 a      2113     1     6     2    13
 -1.7170219914501567E-01 a      2114     1     6     2    14
 -8.0754163300359239E-01 a      2115     1     6     2    15
  5.6705147862590077E-01 a      2116     1     6     2    16
 -6.6609104958490661E-01 a      2117     1     6     2    17
 -1.9776684730008514E+00 a      2118     1     6     2    18
 -4.4476157366510276E-02 a      2119     1     6     2    19
 -1.3000536877251867E-01 a      2120     1     6     2    20
 -1.5583343313312667E-01 a      2121     1     6     2    21
  9.1086768283879660E-01 a      2122     1     6     2    22
 -2.9712752093067580E+00 a      2123     1     6     2    23
  4.1552318000882493E-01 a      2124     1     6     2    24
 -9.1283456264766505E-01 a      2125     1     6     2    25
  1.4373439342033123E+00 a      2126     1     6     2    26
  1.0824018412686551E+00 a      2127     1     6     2    27
  2.5559730991097607E-01 a      2128     1     6     2    28
 -6.4295544757955825E-01 a      2129     1     6     2    29
  6.3237022892611905E-02 a      2130     1     6     2    30
  2.9657541490937450E-01 a      2131     1     7     2     1
  3.1809374992662476E-01 a      2132     1     7     2     2
 -3.0269256757497792E-01 a      2133     1     7     2     3
 -4.5414571042709412E-01 a      2134     1     7     2     4
  9.8121089984050780E-01 a      2135     1     7     2     5
 -5.9859073599441237E-01 a      2136     1     7     2     6
 -2.0439800585396717E+00 a      2137     1     7     2     7
 -2.3844371172341043E+00 a      2138     1     7     2     8
  2.5742729821602883E-01 a      2139     1     7     2     9
  1.2831831176104267E+00 a      2140     1     7     2    10
  1.7341537965444389E+00 a      2141     1     7     2    11
  4.5597898719475155E-01 a      2142     1     7     2    12
 -1.0557102582636722E+00 a      2143     1     7     2    13
 -6.7741757989832030E-01 a      2144     1     7     2    14
  5.5269554508014251E-01 a      2145     1     7     2    15
  2.8073805270601321E-01 a      2146     1     7     2    16
  2.6736471258766120E-01 a      2147     1     7     2    17
  6.6944869770766757E-01 a      2148     1     7     2    18
  5.1793205012493682E-01 a      2149     1     7     2    19
 -4.8488392717013945E-01 a      2150     1     7     2    20
 -1.3392589068934642E+00 a      2151     1     7     2    21
 -1.1037071186194285E-01 a      2152     1     7     2    22
 -1.2935489545484793E+00 a      2153     1     7     2    23
  5.9865415930933930E-01 a      2154     1     7     2    24
  8.6730544930351400E-02 a      2155     1     7     2    25
 -1.1971521045941032E+00 a      2156     1     7     2    26
 -1.3885483045746509E+00 a      2157     1     7     2    27
  6.8945213478208839E-02 a      2158     1     7     2    28
 -1.0968158491764876E-01 a      2159     1     7     2    29
 -5.5849041818605505E-01 a      2160     1     7     2    30
 -3.0179370760861239E+00 a      2161     1     8     2     1
  5.5908849860744569E-01 a      2162     1     8     2     2
 -5.8110033405010780E-02 a      2163     1     8     2     3
  1.3219994908929253E+00 a      2164     1     8     2     4
 -5.7934357677040671E-01 a      2165     1     8     2     5
 -6.9710623102189684E-01 a      2166     1     8     2     6
  2.7666172124701649E-01 a      2167     1     8     2     7
  2.9889220061117944E-01 a      2168     1     8     2     8
  6.3817432266613705E-01 a      2169     1     8     2     9
  7.9144165936085731E-01 a      2170     1     8     2    10
  1.1948564173133520E+00 a      2171     1     8     2    11
 -1.2179450826425077E-01 a      2172     1     8     2    12
 -1.5894190299152782E+00 a      2173     1     8     2    13
  2.7975258400102421E+00 a      2174     1     8     2    14
  7.2512969129450899E-01 a      2175     1     8     2    15
 -1.0696920493413646E+00 a      2176     1     8     2    16
  2.5709654530479202E+00 a      2177     1     8     2    17
  8.9448047777550277E-01 a      2178     1     8     2    18
  2.6263865687557819E-01 a      2179     1     8     2    19
 -6.7718886442842297E-01 a      2180     1     8     2    20
  4.8923877230699814E-01 a      2181     1     8     2    21
  3.2007572679380139E+00 a      2182     1     8     2    22
  2.3756828346550005E+00 a      2183     1     8     2    23
  6.3195566839694617E-01 a      2184     1     8     2    24
  1.5418627818484747E+00 a      2185     1     8     2    25
  4.4093403374478046E-01 a      2186     1     8     2    26
 -3.4126805283671895E+00 a      2187     1     8     2    27
 -7.4750489358731820E-01 a      2188     1     8     2    28
  1.9176979168794095E-01 a      2189     1     8     2    29
  6.0629153438583450E-01 a      2190     1     8     2    30
 -5.0510182806704784E-01 a      2191     1     9     2     1
  8.4020576968226277E-02 a      2192     1     9     2     2
 -1.2793676130005687E+00 a      2193     1     9     2     3
  2.2175740692287071E+00 a      2194     1     9     2     4
 -6.6460198574431570E-02 a      2195     1     9     2     5
  6.2239935294199167E-01 a      2196     1     9     2     6
  1.8375292791687917E-01 a      2197     1     9     2     7
  5.0491361532768253E-01 a      2198     1     9     2     8
 -7.0743570961988522E-01 a      2199     1     9     2     9
 -5.9602481039975030E-01 a      2200     1     9     2    10
 -1.1648400525957918E-01 a      2201     1     9     2    11
  5.3989067134059010E-01 a      2202     1     9     2    12
  1.4102902196259759E+00 a      2203     1     9     2    13
 -7.0411892887835204E-01 a      2204     1     9     2    14
  7.9060146268746812E-01 a      2205     1     9     2    15
 -3.0809174899409542E-01 a      2206     1     9     2    16
  1.5643836276790961E+00 a      2207     1     9     2    17
  2.6071186504258176E-01 a      2208     1     9     2    18
  3.3506940277236252E-01 a      2209     1     9     2    19
  3.7629134728477365E-01 a      2210     1     9     2    20
 -9.7299583160668857E-01 a      2211     1     9     2    21
  2.6619010818937805E-01 a      2212     1     9     2    22
  1.9967043211465560E-01 a      2213     1     9     2    23
 -1.1171431859953025E+00 a      2214     1     9     2    24
  1.2230001561694228E+00 a      2215     1     9     2    25
  6.6705009230435963E-01 a      2216     1     9     2    26
  9.6828070026376722E-01 a      2217     1     9     2    27
  1.0954864118510890E+00 a      2218     1     9     2    28
  1.2437592959531716E+00 a      2219     1     9     2    29
 -2.6029750739559003E+00 a      2220     1     9     2    30
  2.3210433630876013E+00 a      2221     1    10     2     1
 -7.2869788427348847E-01 a      2222     1    10     2     2
  1.3439799294424324E+00 a      2223     1    10     2     3
 -1.2810989823263117E+00 a      2224     1    10     2     4
 -6.4092140961881017E-01 a      2225     1    10     2     5
  1.5644588140215534E+00 a      2226     1    10     2     6
  1.1712823534079588E+00 a      2227     1    10     2     7
 -2.1499182093721614E-01 a      2228     1    10     2     8
 -6.7320479580636139E-01 a      2229     1    10     2     9
 -7.2736010866375256E-01 a      2230     1    10     2    10
 -1.1145126533725722E+00 a      2231     1    10     2    11
 -3.5187221426159798E-01 a      2232     1    10     2    12
  1.8595709754747716E+00 a      2233     1    10     2    13
 -2.5592694169593455E-01 a      2234     1    10     2    14
 -9.8213021708776505E-01 a      2235     1    10     2    15
 -8.9011015693370610E-01 a      2236     1    10     2    16
 -1.8417446454089223E-01 a      2237     1    10     2    17
 -4.2981038215978651E-01 a      2238     1    10     2    18
 -6.2457954121589887E-01 a      2239     1    10     2    19
 -5.8803206369345530E-02 a      2240     1    10     2    20
 -1.2086376891905257E+00 a      2241     1    10     2    21
  1.4910080599761908E+00 a      2242     1    10     2    22
 -1.6523368765462367E+00 a      2243     1    10     2    23
  4.4303296441489842E-01 a      2244     1    10     2    24
 -2.3845488491389455E+00 a      2245     1    10     2    25
 -9.5937454143101852E-01 a      2246     1    10     2    26
  1.8884597023478225E-01 a      2247     1    10     2    27
  7.0621997416653459E-01 a      2248     1    10     2    28
  9.1196379699535912E-01 a      2249     1    10     2    29
 -6.3671915703216231E-01 a      2250     1    10     2    30
 -7.0705126263170248E-01 a      2251     1    11     2     1
  1.1988441217614441E-01 a      2252     1    11     2     2
 -1.7605427329416456E+00 a      2253     1    11     2     3
  9.9361527448617359E-01 a      2254     1    11     2     4
  5.8412773393492623E-01 a      2255     1    11     2     5
  8.8498840525658332E-02 a      2256     1    11     2     6
 -1.7239377221542185E+00 a      2257     1    11     2     7
 -3.0171821512318037E-01 a      2258     1    11     2     8
 -2.1906158440080026E-01 a      2259     1    11     2     9
 -8.3028272550366511E-01 a      2260     1    11     2    10
 -5.4907100377253393E-01 a      2261     1    11     2    11
  4.5873932176599247E-01 a      2262     1    11     2    12
 -1.7838704191218528E+00 a      2263     1    11     2    13
  1.7969569405809909E+00 a      2264     1    11     2    14
 -5.1379839648646541E-01 a      2265     1    11     2    15
 -2.5237209170936508E+00 a      2266     1    11     2    16
 -4.1420003088806551E-01 a      2267     1    11     2    17
  6.8578089600591219E-01 a      2268     1    11     2    18
 -1.0847461995679741E+00 a      2269     1    11     2    19
 -1.7122535155725560E-01 a      2270     1    11     2    20
 -1.8222173809164808E+00 a      2271     1    11     2    21
  1.6036870864273025E+00 a      2272     1    11     2    22
 -1.3304013796486756E+00 a      2273     1    11     2    23
 -7.3242064693349906E-01 a      2274     1    11     2    24
 -3.8879689319545929E-01 a      2275     1    11     2    25
 -3.5721695107275742E-01 a      2276     1    11     2    26
 -1.8959445285245419E-01 a      2277     1    11     2    27
 -6.7781439372453334E-01 a      2278     1    11     2    28
 -1.2487708046649020E+00 a      2279     1    11     2    29
  8.0069294761538345E-01 a      2280     1    11     2    30
  1.1611929800816216E+00 a      2281     1    12     2     1
  1.1139141997170934E+00 a      2282     1    12     2     2
 -3.7444605799369857E-01 a      2283     1    12     2     3
  7.3163762414738753E-01 a      2284     1    12     2     4
  1.3413072037119764E+00 a      2285     1    12     2     5
 -1.0447742070054389E+00 a      2286     1    12     2     6
  1.1049114802072368E+00 a      2287     1    12     2     7
 -1.0804063183070791E+00 a      2288     1    12     2     8
 -1.0686893859302873E+00 a      2289     1    12     2     9
  5.6006250305621852E-01 a      2290     1    12     2    10
 -8.4785773730423486E-01 a      2291     1    12     2    11
 -7.1666431983911039E-01 a      2292     1    12     2    12
 -1.0811951033745097E+00 a      2293     1    12     2    13
 -3.1041527359036619E-01 a      2294     1    12     2    14
 -5.9857312057409728E-01 a      2295     1    12     2    15
 -1.0555952376241629E+00 a      2296     1    12     2    16
  1.6867168453412802E+00 a      2297     1    12     2    17
 -3.0669273170062772E-01 a      2298     1    12     2    18
  6.5146160302705713E-01 a      2299     1    12     2    19
  7.3133848578670191E-01 a      2300     1    12     2    20
  5.3126960481780150E-01 a      2301     1    12     2    21
 -2.0312856070622422E-02 a      2302     1    12     2    22
  2.7758169977286862E+00 a      2303     1    12     2    23
  1.5725289101245427E-01 a      2304     1    12     2    24
  1.1573292995801696E+00 a      2305     1    12     2    25
  1.3500853632582086E+00 a      2306     1    12     2    26
 -3.2241853869246557E+00 a      2307     1    12     2    27
  1.0069602946244058E+00 a      2308     1    12     2    28
  6.1038886841334472E-01 a      2309     1    12     2    29
 -6.0819025899127833E-02 a      2310     1    12     2    30
  1.5285138205968729E+00 a      2311     1    13     2     1
 -1.3526909268618390E+00 a      2312     1    13     2     2
  1.1065703536942426E+00 a      2313     1    13     2     3
 -1.7971173366038609E+00 a      2314     1    13     2     4
 -1.1072439740901086E+00 a      2315     1    13     2     5
 -8.9375253392000475E-02 a      2316     1    13     2     6
 -5.5713576436108547E-01 a      2317     1    13     2     7
 -5.5243008527927451E-01 a      2318     1    13     2     8
  1.5649191463301118E+00 a      2319     1    13     2     9
 -3.4042997066531261E-01 a      2320     1    13     2    10
  2.9091643241516335E-01 a      2321     1    13     2    11
  6.3776965785913675E-01 a      2322     1    13     2    12
 -2.0458414382988921E+00 a      2323     1    13     2    13
 -9.8012099866205649E-01 a      2324     1    13     2    14
  3.3678491856494636E-01 a      2325     1    13     2    15
  9.6044570633822546E-01 a      2326     1    13     2    16
 -7.8115928694174197E-01 a      2327     1    13     2    17
  1.0801491462329815E+00 a      2328     1    13     2    18
  7.9848268340719808E-01 a      2329     1    13     2    19
  9.8948540933484241E-01 a      2330     1    13     2    20
  1.2117929159122023E+00 a      2331     1    13     2    21
  1.0026676126857621E+00 a      2332     1    13     2    22
 -1.7192246340236543E+00 a      2333     1    13     2    23
 -5.3176445813339934E-01 a      2334     1    13     2    24
  1.8814625513454572E-01 a      2335     1    13     2    25
  1.7586699337534653E+00 a      2336     1    13     2    26
 -5.0625192859776846E-01 a      2337     1    13     2    27
  1.6951883015788791E+00 a      2338     1    13     2    28
  1.5137871862338657E+00 a      2339     1    13     2    29
 -7.1978506278879550E-01 a      2340     1    13     2    30
 -7.3787858270946888E-02 a      2341     1    14     2     1
  1.5766898440748653E+00 a      2342     1    14     2     2
  5.6561713686529937E-02 a      2343     1    14     2     3
 -6.9829890508923131E-01 a      2344     1    14     2     4
  9.0758365085182258E-02 a      2345     1    14     2     5
 -1.5515552562908685E+00 a      2346     1    14     2     6
 -1.9923949151322298E+00 a      2347     1    14     2     7
  7.8022894232009432E-01 a      2348     1    14     2     8
  2.7769289609364742E+00 a      2349     1    14     2     9
  1.4595710555079595E+00 a      2350     1    14     2    10
 -1.9871008611038472E+00 a      2351     1    14     2    11
 -1.0979586078979334E-01 a      2352     1    14     2    12
  1.2746011070600185E+00 a      2353     1    14     2    13
 -4.9241847167366287E-01 a      2354     1    14     2    14
  1.4761641241001626E+00 a      2355     1    14     2    15
  1.0345740901886809E+00 a      2356     1    14     2    16
  1.2529017870097510E+00 a      2357     1    14     2    17
 -1.3813283989869183E+00 a      2358     1    14     2    18
  5.4991810918442935E-02 a      2359     1    14     2    19
 -1.2613814417452046E-01 a      2360     1    14     2    20
 -1.2722961295320971E+00 a      2361     1    14     2    21
 -5.5036484187334755E-01 a      2362     1    14     2    22
 -1.3755939489105256E+00 a      2363     1    14     2    23
 -1.5477770159866124E+00 a      2364     1    14     2    24
 -6.2207138040243470E-01 a      2365     1    14     2    25
  4.9543707157111055E-01 a      2366     1    14     2    26
  1.0677981630405189E+00 a      2367     1    14     2    27
 -2.0624667198452933E+00 a      2368     1    14     2    28
 -3.6307823081289512E+00 a      2369     1    14     2    29
  6.9213687329439855E-01 a      2370     1    14     2    30
 -1.5433154241765012E+00 a      2371     1    15     2     1
 -1.0696272304733103E+00 a      2372     1    15     2     2
 -2.8990326221908114E+00 a      2373     1    15     2     3
 -3.1992576315323824E-03 a      2374     1    15     2     4
 -7.0047050465180283E-01 a      2375     1    15     2     5
 -2.9002608962555726E-01 a      2376     1    15     2     6
  2.5782940714766528E-01 a      2377     1    15     2     7
 -4.0388905931937974E-01 a      2378     1    15     2     8
 -2.1554588457356938E-01 a      2379     1    15     2     9
 -1.0627734691651523E+00 a      2380     1    15     2    10
 -7.1217212568477295E-01 a      2381     1    15     2    11
 -5.7919479413961816E-01 a      2382     1    15     2    12
 -5.3465104949459830E-01 a      2383     1    15     2    13
  5.6667958990508671E-01 a      2384     1    15     2    14
 -1.0393167020849730E+00 a      2385     1    15     2    15
 -7.9025881354865357E-01 a      2386     1    15     2    16
 -4.9258778254406343E-01 a      2387     1    15     2    17
  6.6015410431472676E-01 a      2388     1    15     2    18
 -4.9776555857570998E-01 a      2389     1    15     2    19
  3.5415179015116649E-01 a      2390     1    15     2    20
  1.5860034426988368E+00 a      2391     1    15     2    21
 -2.5313644758784983E+00 a      2392     1    15     2    22
 -6.9941520495184584E-01 a      2393     1    15     2    23
  2.2035248663858559E-01 a      2394     1    15     2    24
  2.5349511895325694E-01 a      2395     1    15     2    25
  5.0259976191933475E-01 a      2396     1    15     2    26
  3.8919329932139102E-01 a      2397     1    15     2    27
 -1.4214916527089436E+00 a      2398     1    15     2    28
  1.2820969280578288E-02 a      2399     1    15     2    29
 -1.7986141400567229E-01 a      2400     1    15     2    30
 -1.6691147265901483E+00 a      2401     1    16     2     1
 -4.5032085747349371E-01 a      2402     1    16     2     2
 -9.7146636026368827E-01 a      2403     1    16     2     3
  1.5420665783756193E+00 a      2404     1    16     2     4
  1.3657050487960136E+00 a      2405     1    16     2     5
  2.0955793851674392E-01 a      2406     1    16     2     6
  1.3207677500031110E+00 a      2407     1    16     2     7
  1.3101304887537890E-01 a      2408     1    16     2     8
 -2.0072014897055723E+00 a      2409     1    16     2     9
 -1.1901529860253164E-01 a      2410     1    16     2    10
  5.0061049662069000E-02 a      2411     1    16     2    11
  1.1629751301039726E-01 a      2412     1    16     2    12
 -1.2832702057165541E+00 a      2413     1    16     2    13
 -2.7804510685009748E-02 a      2414     1    16     2    14
 -1.2238472975467016E+00 a      2415     1    16     2    15
  1.3554614469068154E+00 a      2416     1    16     2    16
 -5.1094034446077005E-02 a      2417     1    16     2    17
 -1.0247762027355674E+00 a      2418     1    16     2    18
  6.2838454206849825E-01 a      2419     1    16     2    19
  9.4714246419250891E-01 a      2420     1    16     2    20
  2.6319347998509448E+00 a      2421     1    16     2    21
  2.1669393206101932E+00 a      2422     1    16     2    22
 -2.1041576179746327E-01 a      2423     1    16     2    23
  1.6367356723945605E+00 a      2424     1    16     2    24
  4.4392434950470333E-01 a      2425     1    16     2    25
  2.1080394685882329E+00 a      2426     1    16     2    26
 -1.8054082699611729E+00 a      2427     1    16     2    27
 -8.6662819701907712E-01 a      2428     1    16     2    28
 -1.0052495220382403E+00 a      2429     1    16     2    29
 -3.4204038134913864E-02 a      2430     1    16     2    30
  1.2018975072507527E+00 a      2431     1    17     2     1
  1.0427439962768248E+00 a      2432     1    17     2     2
 -1.5257252142853931E-02 a      2433     1    17     2     3
 -5.2604297133152483E-02 a      2434     1    17     2     4
 -5.8329251294341744E-01 a      2435     1    17     2     5
 -1.8216483349133830E-01 a      2436     1    17     2     6
 -1.3051835081014329E+00 a      2437     1    17     2     7
 -2.0534502828416881E+00 a      2438     1    17     2     8
  4.5942503539688684E-01 a      2439     1    17     2     9
  4.8645327286917596E-02 a      2440     1    17     2    10
 -2.0906596750814677E+00 a      2441     1    17     2    11
  1.0112578873398952E+00 a      2442     1    17     2    12
  3.8443148190131132E-01 a      2443     1    17     2    13
  6.3057568657205756E-02 a      2444     1    17     2    14
  2.6972339760933350E-01 a      2445     1    17     2    15
 -2.1799506354702181E-01 a      2446     1    17     2    16
 -4.1101401347347322E-01 a      2447     1    17     2    17
  5.8409411532543409E-01 a      2448     1    17     2    18
  4.0163215796340157E-01 a      2449     1    17     2    19
 -4.4867176753086019E-02 a      2450     1    17     2    20
 -2.4755821164230346E-01 a      2451     1    17     2    21
 -2.7378946107098850E-01 a      2452     1    17     2    22
  2.0685021767174523E+00 a      2453     1    17     2    23
 -1.4605492143599089E-01 a      2454     1    17     2    24
  4.0107405856994421E-01 a      2455     1    17     2    25
 -4.3022480638316457E-01 a      2456     1    17     2    26
 -9.3473286592428539E-01 a      2457     1    17     2    27
  2.1826303872498351E-01 a      2458     1    17     2    28
 -1.1543477961826221E+00 a      2459     1    17     2    29
  1.4026324765316642E-01 a      2460     1    17     2    30
  1.9785447769494116E-01 a      2461     1    18     2     1
  4.0328428208618372E-01 a      2462     1    18     2     2
 -2.5606408890053034E-01 a      2463     1    18     2     3
  1.3872826107568317E+00 a      2464     1    18     2     4
  8.9438074288796166E-01 a      2465     1    18     2     5
  1.0608115435480201E+00 a      2466     1    18     2     6
 -1.9134454024619532E+00 a      2467     1    18     2     7
 -1.4493211450465575E+00 a      2468     1    18     2     8
  4.0275478138002860E+00 a      2469     1    18     2     9
 -1.6284228129827760E+00 a      2470     1    18     2    10
 -1.4203539715444632E-01 a      2471     1    18     2    11
 -8.7555350068526105E-01 a      2472     1    18     2    12
  2.0773151937052727E+00 a      2473     1    18     2    13
  1.1734540944728119E-02 a      2474     1    18     2    14
 -3.3172693457350877E-01 a      2475     1    18     2    15
  2.7690664886881800E-01 a      2476     1    18     2    16
 -1.7343908792953391E+00 a      2477     1    18     2    17
 -7.7008390763544887E-01 a      2478     1    18     2    18
 -2.0361144409441607E+00 a      2479     1    18     2    19
 -8.8693279275811124E-02 a      2480     1    18     2    20
 -2.5083049726550444E+00 a      2481     1    18     2    21
  3.7188571318324742E-01 a      2482     1    18     2    22
 -2.1655128650571163E+00 a      2483     1    18     2    23
 -2.0493218806214750E-01 a      2484     1    18     2    24
 -3.0430931596539561E+00 a      2485     1    18     2    25
 -1.1133506624112033E+00 a      2486     1    18     2    26
  2.4757662485151739E+00 a      2487     1    18     2    27
  1.6822607159246989E+00 a      2488     1    18     2    28
  4.1749162698418496E-01 a      2489     1    18     2    29
  9.8520925000760629E-01 a      2490     1    18     2    30
  2.4947837225658304E-01 a      2491     1    19     2     1
  6.9386976607779938E-01 a      2492     1    19     2     2
  2.9748784226425201E-01 a      2493     1    19     2     3
  7.9822951518885865E-01 a      2494     1    19     2     4
  2.6348708756020955E-01 a      2495     1    19     2     5
 -1.3349149579198205E+00 a      2496     1    19     2     6
 -8.4519287485476446E-01 a      2497     1    19     2     7
 -8.9929639511752579E-01 a      2498     1    19     2     8
 -2.2478932284550468E+00 a      2499     1    19     2     9
  1.5483001627481172E+00 a      2500     1    19     2    10
  1.1550423537750167E+00 a      2501     1    19     2    11
  5.0464816190804243E-02 a      2502     1    19     2    12
 -4.3526539734967429E+00 a      2503     1    19     2    13
 -1.1063766416676382E+00 a      2504     1    19     2    14
  6.2167824889324863E-01 a      2505     1    19     2    15
 -1.4956105244432643E+00 a      2506     1    19     2    16
  1.7711250705606951E-01 a      2507     1    19     2    17
  7.6834611829218313E-01 a      2508     1    19     2    18
 -9.0366700004287226E-01 a      2509     1    19     2    19
 -5.5411393987131585E-01 a      2510     1    19     2    20
  1.3776576217686323E+00 a      2511     1    19     2    21
  1.5738425208148168E+00 a      2512     1    19     2    22
  1.3291727521339387E+00 a      2513     1    19     2    23
 -1.4689649242896252E+00 a      2514     1    19     2    24
 -2.6026727340435230E-01 a      2515     1    19     2    25
  1.5060866475206169E+00 a      2516     1    19     2    26
 -9.0292423050096660E-02 a      2517     1    19     2    27
 -1.3852100217977377E+00 a      2518     1    19     2    28
  2.5547870869246581E-01 a      2519     1    19     2    29
  6.1698962755586495E-01 a      2520     1    19     2    30
  2.2833159716261167E-01 a      2521     1    20     2     1
  2.7605399377880679E-01 a      2522     1    20     2     2
 -9.9099487454837443E-01 a      2523     1    20     2     3
 -1.6030637451119287E+00 a      2524     1    20     2     4
 -5.6801647458596194E-01 a      2525     1    20     2     5
 -1.8209759059229946E+00 a      2526     1    20     2     6
  4.8471043399672614E-01 a      2527     1    20     2     7
 -4.5708842157666679E-01 a      2528     1    20     2     8
 -2.3955602994884226E+00 a      2529     1    20     2     9
 -3.8343867705901129E+00 a      2530     1    20     2    10
 -7.9138207774884517E-01 a      2531     1    20     2    11
 -1.4610082213836655E+00 a      2532     1    20     2    12
 -1.7559184765563072E+00 a      2533     1    20     2    13
 -1.5449162190778060E-01 a      2534     1    20     2    14
 -8.8902219532338767E-01 a      2535     1    20     2    15
 -6.8022163044847517E-01 a      2536     1    20     2    16
 -5.6858021404080694E-01 a      2537     1    20     2    17
  2.8258862903073592E+00 a      2538     1    20     2    18
  5.5725033491371634E-01 a      2539     1    20     2    19
 -9.8767317187391812E-01 a      2540     1    20     2    20
 -9.9736949651950280E-01 a      2541     1    20     2    21
 -1.0854665493157059E+00 a      2542     1    20     2    22
  1.8044244735940338E+00 a      2543     1    20     2    23
 -2.6011343915629254E-01 a      2544     1    20     2    24
  1.5643937027685322E+00 a      2545     1    20     2    25
 -6.7757309225402540E-01 a      2546     1    20     2    26
 -4.2617630684456670E-01 a      2547     1    20     2    27
  6.3826590093113089E-01 a      2548     1    20     2    28
 -1.6512522303135108E-01 a      2549     1    20     2    29
 -3.3065116094665852E+00 a      2550     1    20     2    30
 -2.5784933071642913E+00 a      2551     1    21     2     1
 -2.7058876849823060E-01 a      2552     1    21     2     2
  6.1754991974203428E-02 a      2553     1    21     2     3
  6.0313231179768312E-01 a      2554     1    21     2     4
 -8.5570734121014891E-01 a      2555     1    21     2     5
  3.3612088066843149E-01 a      2556     1    21     2     6
 -6.4084467812020129E-01 a      2557     1    21     2     7
  3.6731013316458516E-01 a      2558     1    21     2     8
 -2.2134958117835113E-01 a      2559     1    21     2     9
 -1.7409309297336797E-01 a      2560     1    21     2    10
 -2.6360380900278446E-01 a      2561     1    21     2    11
 -9.6790053062215853E-01 a      2562     1    21     2    12
  5.7173923301328267E-01 a      2563     1    21     2    13
 -4.2783970339373495E-01 a      2564     1    21     2    14
 -3.0842500674170303E-01 a      2565     1    21     2    15
  6.1657249292126504E-01 a      2566     1    21     2    16
 -2.0429122048257695E+00 a      2567     1    21     2    17
 -7.1615985491414369E-01 a      2568     1    21     2    18
 -1.4350708296849590E+00 a      2569     1    21     2    19
  1.4012543687697207E-01 a      2570     1    21     2    20
 -1.8775876688893274E+00 a      2571     1    21     2    21
  4.6988110134010269E-01 a      2572     1    21     2    22
 -2.2492660516912073E+00 a      2573     1    21     2    23
  4.7494773381744532E-01 a      2574     1    21     2    24
 -3.1074376702148947E+00 a      2575     1    21     2    25
  6.1374421659148504E-01 a      2576     1    21     2    26
 -5.4235768292911979E-01 a      2577     1    21     2    27
  2.8151370268702008E-01 a      2578     1    21     2    28
 -1.6928023814468077E-01 a      2579     1    21     2    29
  2.7407335291578649E-01 a      2580     1    21     2    30
  8.8371214720703328E-01 a      2581     1    22     2     1
  1.1819477369129796E+00 a      2582     1    22     2     2
 -2.4931535113847422E-01 a      2583     1    22     2     3
  1.1431209109222487E+00 a      2584     1    22     2     4
  1.4219645612418632E+00 a      2585     1    22     2     5
 -1.4367287461027181E+00 a      2586     1    22     2     6
 -3.1543647403028968E-01 a      2587     1    22     2     7
  1.9056070324793153E+00 a      2588     1    22     2     8
  1.2233834287549008E+00 a      2589     1    22     2     9
  2.7468676302889034E-01 a      2590     1    22     2    10
  1.4463423705509191E+00 a      2591     1    22     2    11
  1.9326255372754411E+00 a      2592     1    22     2    12
  1.2945854908422723E+00 a      2593     1    22     2    13
  1.0949931026860555E+00 a      2594     1    22     2    14
  1.0376283402197191E-01 a      2595     1    22     2    15
  1.3053896020558755E+00 a      2596     1    22     2    16
  3.0473001950497922E+00 a      2597     1    22     2    17
  6.2905140421916428E-01 a      2598     1    22     2    18
  2.7948208635893129E-01 a      2599     1    22     2    19
  7.8616860873870198E-01 a      2600     1    22     2    20
  9.7000658682646690E-01 a      2601     1    22     2    21
  1.2201426752305256E+00 a      2602     1    22     2    22
  2.1146424253703340E+00 a      2603     1    22     2    23
  1.3180738741858117E-01 a      2604     1    22     2    24
 -1.5376638552874702E+00 a      2605     1    22     2    25
 -7.7152704899800961E-01 a      2606     1    22     2    26
  2.0262818520349243E-01 a      2607     1    22     2    27
 -3.8419995922155659E-01 a      2608     1    22     2    28
 -5.0751898212331490E+00 a      2609     1    22     2    29
  3.8019497346419023E-01 a      2610     1    22     2    30
 -1.4267466448150662E-01 a      2611     1    23     2     1
 -6.5078996768072683E-01 a      2612     1    23     2     2
  8.7452018554078548E-01 a      2613     1    23     2     3
 -7.7420420730148787E-01 a      2614     1    23     2     4
 -1.3424455329939640E+00 a      2615     1    23     2     5
 -1.1916445165521605E+00 a      2616     1    23     2     6
  3.5976834181439543E-01 a      2617     1    23     2     7
 -2.1696848065368632E-01 a      2618     1    23     2     8
 -3.6741282468685430E+00 a      2619     1    23     2     9
 -1.2803217214743684E-01 a      2620     1    23     2    10
  5.8692317604542754E-01 a      2621     1    23     2    11
 -2.3158399635315932E-01 a      2622     1    23     2    12
  9.9270908593606577E-01 a      2623     1    23     2    13
 -1.7476199936104411E+00 a      2624     1    23     2    14
 -1.0473278470768192E-01 a      2625     1    23     2    15
  3.7287812167506351E-01 a      2626     1    23     2    16
 -1.3513078312204758E+00 a      2627     1    23     2    17
 -2.6180529502247907E-01 a      2628     1    23     2    18
  6.1527950604638726E-01 a      2629     1    23     2    19
 -1.9028576754034585E+00 a      2630     1    23     2    20
  4.1472622811985327E-02 a      2631     1    23     2    21
 -2.7783812261179515E+00 a      2632     1    23     2    22
 -9.6873071730866378E-01 a      2633     1    23     2    23
  6.6141476698330237E-01 a      2634     1    23     2    24
 -1.7483866796747811E+00 a      2635     1    23     2    25
 -2.0459657066172876E-01 a      2636     1    23     2    26
  1.6359771900877553E+00 a      2637     1    23     2    27
  5.4813199078298802E-01 a      2638     1    23     2    28
 -1.8584481978037120E+00 a      2639     1    23     2    29
 -1.0299554085632225E+00 a      2640     1    23     2    30
 -7.5955919486945999E-03 a      2641     1    24     2     1
 -2.1055136892389353E-01 a      2642     1    24     2     2
 -4.7413258077067766E-01 a      2643     1    24     2     3
 -2.1504062823904482E+00 a      2644     1    24     2     4
 -2.2037290241408622E+00 a      2645     1    24     2     5
  1.0996105196729906E+00 a      2646     1    24     2     6
  1.4298349717531453E+00 a      2647     1    24     2     7
  1.0759565942099076E+00 a      2648     1    24     2     8
 -9.1765683194368772E-02 a      2649     1    24     2     9
  8.9266643126171641E-01 a      2650     1    24     2    10
  4.9538347479284334E-01 a      2651     1    24     2    11
  1.4663386515797441E-01 a      2652     1    24     2    12
 -1.8693539549334262E+00 a      2653     1    24     2    13
  2.0619188269740285E-01 a      2654     1    24     2    14
 -2.9788075541023562E-01 a      2655     1    24     2    15
  6.9967316943902769E-01 a      2656     1    24     2    16
 -1.3596315292528478E+00 a      2657     1    24     2    17
 -1.2240977422420345E+00 a      2658     1    24     2    18
 -6.2016044115587210E-01 a      2659     1    24     2    19
 -8.0508490900962770E-01 a      2660     1    24     2    20
 -8.6988465424307815E-01 a      2661     1    24     2    21
 -1.2570441111020647E+00 a      2662     1    24     2    22
 -4.2587673129986428E+00 a      2663     1    24     2    23
  1.0435869585868499E-01 a      2664     1    24     2    24
  6.8758845304211458E-01 a      2665     1    24     2    25
  1.0442793519186802E+00 a      2666     1    24     2    26
  1.8967151719777975E-01 a      2667     1    24     2    27
 -4.3519354124149379E-01 a      2668     1    24     2    28
  1.5100260248831716E+00 a      2669     1    24     2    29
 -5.8688853071117109E-01 a      2670     1    24     2    30
  9.4990786747661504E-01 a      2671     1    25     2     1
  5.1607699791111505E-01 a      2672     1    25     2     2
  1.1659668562208036E+00 a      2673     1    25     2     3
 -1.9976380973696013E+00 a      2674     1    25     2     4
 -1.1946497435253833E-01 a      2675     1    25     2     5
 -1.5464318727649513E+00 a      2676     1    25     2     6
  1.3519132122796934E-01 a      2677     1    25     2     7
 -5.6053607551859719E-01 a      2678     1    25     2     8
 -7.7848613804894795E-01 a      2679     1    25     2     9
  7.1567211553202059E-02 a      2680     1    25     2    10
  7.8334005004457252E-01 a      2681     1    25     2    11
 -1.0810691854925855E-01 a      2682     1    25     2    12
 -1.1641469532674313E+00 a      2683     1    25     2    13
  1.1739162792406459E+00 a      2684     1    25     2    14
  3.2639228649054980E-01 a      2685     1    25     2    15
 -2.2150637164262910E+00 a      2686     1    25     2    16
  1.6102764574292514E+00 a      2687     1    25     2    17
  6.9044864428644648E-01 a      2688     1    25     2    18
  3.7539187447231315E-01 a      2689     1    25     2    19
 -3.5332342670717365E-01 a      2690     1    25     2    20
 -1.5183840221140725E+00 a      2691     1    25     2    21
  1.3019219082053586E+00 a      2692     1    25     2    22
 -3.7312310664094006E-01 a      2693     1    25     2    23
 -1.3168250049075403E+00 a      2694     1    25     2    24
  5.1298400888796847E-01 a      2695     1    25     2    25
 -2.4654705328572390E+00 a      2696     1    25     2    26
  2.3619567445074702E-01 a      2697     1    25     2    27
 -1.5042487831599836E+00 a      2698     1    25     2    28
 -9.4531210930019127E-01 a      2699     1    25     2    29
 -1.5313629253811338E+00 a      2700     1    25     2    30
  2.9442969448065098E-02 a      2701     1    26     2     1
  1.2711588035863133E+00 a      2702     1    26     2     2
 -6.7955988800503175E-01 a      2703     1    26     2     3
 -2.1011312741627912E+00 a      2704     1    26     2     4
 -2.1639240445966585E+00 a      2705     1    26     2     5
  1.3391153599531118E+00 a      2706     1    26     2     6
 -1.0814957676919450E+00 a      2707     1    26     2     7
  5.7009293394205474E-01 a      2708     1    26     2     8
  2.3326195316632075E+00 a      2709     1    26     2     9
  9.9458886686379000E-01 a      2710     1    26     2    10
  8.4336438829849578E-02 a      2711     1    26     2    11
  6.0529165835829257E-01 a      2712     1    26     2    12
 -1.2084957069412412E+00 a      2713     1    26     2    13
  4.4867204462035115E-01 a      2714     1    26     2    14
 -1.9990618092041978E-01 a      2715     1    26     2    15
  1.2877417444619119E+00 a      2716     1    26     2    16
  1.3773671772957155E+00 a      2717     1    26     2    17
 -1.5467497417856300E+00 a      2718     1    26     2    18
 -5.0667653853156791E-01 a      2719     1    26     2    19
  2.4244896646866132E-01 a      2720     1    26     2    20
  7.3333481932386513E-01 a      2721     1    26     2    21
 -7.3321583721903794E-01 a      2722     1    26     2    22
  1.2181360113047692E+00 a      2723     1    26     2    23
 -2.5203010219410577E-01 a      2724     1    26     2    24
 -4.9391980069904046E-01 a      2725     1    26     2    25
  1.2023403326918718E+00 a      2726     1    26     2    26
 -1.4472152937104541E+00 a      2727     1    26     2    27
 -2.4238417657126043E-01 a      2728     1    26     2    28
  8.2274030935684500E-02 a      2729     1    26     2    29
 -1.8496576766629935E+00 a      2730     1    26     2    30
  2.2209744712449764E-01 a      2731     1    27     2     1
  3.2271555817667563E-01 a      2732     1    27     2     2
 -5.5172982239282875E-01 a      2733     1    27     2     3
  9.7095358281893318E-01 a      2734     1    27     2     4
 -9.7528261811699568E-01 a      2735     1    27     2     5
 -2.1234246626144482E-01 a      2736     1    27     2     6
 -1.4192685834307905E+00 a      2737     1    27     2     7
  1.4777035734615380E+00 a      2738     1    27     2     8
  2.6228674228242141E+00 a      2739     1    27     2     9
 -7.2511440763001686E-03 a      2740     1    27     2    10
 -3.7813554723341447E-01 a      2741     1    27     2    11
  4.4490390521749418E-01 a      2742     1    27     2    12
  1.1827260259347088E+00 a      2743     1    27     2    13
  1.8658950849341660E+00 a      2744     1    27     2    14
  1.0349974124138317E+00 a      2745     1    27     2    15
  7.5128867373945959E-02 a      2746     1    27     2    16
  4.4879801808780673E-01 a      2747     1    27     2    17
 -6.9995383057201244E-01 a      2748     1    27     2    18
  9.1704622799663113E-03 a      2749     1    27     2    19
 -4.4095807769512385E-01 a      2750     1    27     2    20
 -1.8101770517323570E+00 a      2751     1    27     2    21
 -2.0398109678056051E+00 a      2752     1    27     2    22
  4.3016387400053957E-01 a      2753     1    27     2    23
  7.3112413720504144E-01 a      2754     1    27     2    24
  9.0988777019110822E-01 a      2755     1    27     2    25
 -1.5071431752250186E+00 a      2756     1    27     2    26
  8.3188186546580745E-01 a      2757     1    27     2    27
 -2.3290123231755766E-01 a      2758     1    27     2    28
  1.0660851775476101E+00 a      2759     1    27     2    29
 -5.0386301870170214E-01 a      2760     1    27     2    30
 -5.5543942566912796E-01 a      2761     1    28     2     1
  1.6331070334820216E-01 a      2762     1    28     2     2
  1.4724707483684396E-01 a      2763     1    28     2     3
 -2.1286834274907527E+00 a      2764     1    28     2     4
  2.6860937625217834E-01 a      2765     1    28     2     5
 -2.4358670568039448E-01 a      2766     1    28     2     6
  1.9365455905887521E+00 a      2767     1    28     2     7
  6.8198277461348555E-01 a      2768     1    28     2     8
  1.6230715840531693E+00 a      2769     1    28     2     9
  1.8310894056916900E+00 a      2770     1    28     2    10
  1.4805431109379812E+00 a      2771     1    28     2    11
 -3.8349953703500850E-01 a      2772     1    28     2    12
  3.0451292365101817E-01 a      2773     1    28     2    13
 -1.1311220741344454E+00 a      2774     1    28     2    14
  3.2510043084772905E-01 a      2775     1    28     2    15
  1.9037721269437688E-01 a      2776     1    28     2    16
 -5.1880116565663359E-01 a      2777     1    28     2    17
 -7.2332963315191967E-01 a      2778     1    28     2    18
 -5.8884363817974095E-01 a      2779     1    28     2    19
 -4.4117072885432901E-01 a      2780     1    28     2    20
  3.4642724435788819E-01 a      2781     1    28     2    21
  5.5689450997772816E-01 a      2782     1    28     2    22
  1.4681229283867296E+00 a      2783     1    28     2    23
 -1.5393953425697919E+00 a      2784     1    28     2    24
 -7.4214748494337823E-01 a      2785     1    28     2    25
  3.0728706758378199E-01 a      2786     1    28     2    26
  4.9826407239321241E-01 a      2787     1    28     2    27
 -2.9553529138059392E-01 a      2788     1    28     2    28
 -2.7100210875181791E-01 a      2789     1    28     2    29
  1.5950408877103350E+00 a      2790     1    28     2    30
 -1.0501243642993634E+00 a      2791     1    29     2     1
  2.7997933946272263E-01 a      2792     1    29     2     2
 -7.7147984618844911E-01 a      2793     1    29     2     3
  1.9044362995560173E+00 a      2794     1    29     2     4
  7.3726750577971079E-01 a      2795     1    29     2     5
  1.9636159653447471E-01 a      2796     1    29     2     6
 -1.8192195444774273E+00 a      2797     1    29     2     7
  1.3983852146754161E+00 a      2798     1    29     2     8
  2.2412203970527838E+00 a      2799     1    29     2     9
 -7.3377200864523748E-02 a      2800     1    29     2    10
  6.7253578730964025E-01 a      2801     1    29     2    11
  1.7896655068489011E+00 a      2802     1    29     2    12
  2.2340720650232702E+00 a      2803     1    29     2    13
 -8.2414037708954924E-01 a      2804     1    29     2    14
  4.7901247101443688E-02 a      2805     1    29     2    15
 -9.5095352782674403E-01 a      2806     1    29     2    16
 -9.1546221143784956E-01 a      2807     1    29     2    17
  1.6469216722223029E-01 a      2808     1    29     2    18
  5.8535251105184005E-01 a      2809     1    29     2    19
  1.7700312380812522E+00 a      2810     1    29     2    20
 -6.8287741478480302E-01 a      2811     1    29     2    21
 -8.8647742844651312E-01 a      2812     1    29     2    22
 -3.4971702145848396E-02 a      2813     1    29     2    23
  3.9614926015769941E-01 a      2814     1    29     2    24
  6.3955636766470503E-01 a      2815     1    29     2    25
  1.3628009977667502E-01 a      2816     1    29     2    26
  3.0154474997564246E-01 a      2817     1    29     2    27
  2.0339250011113656E+00 a      2818     1    29     2    28
  4.7298976157304717E-01 a      2819     1    29     2    29
 -5.3049679324880372E-01 a      2820     1    29     2    30
  5.7594789119909906E-01 a      2821     1    30     2     1
  4.0619705180893950E-01 a      2822     1    30     2     2
 -1.7304757647114261E-01 a      2823     1    30     2     3
  6.4069847449641074E-02 a      2824     1    30     2     4
  4.0466221124810908E-01 a      2825     1    30     2     5
  1.3205479045047932E+00 a      2826     1    30     2     6
  3.8155438617521031E-01 a      2827     1    30     2     7
  1.5103949024763808E+00 a      2828     1    30     2     8
  8.7085356853443052E-01 a      2829     1    30     2     9
  1.1039194581499846E-01 a      2830     1    30     2    10
 -1.8583025560660849E+00 a      2831     1    30     2    11
  4.5358833845004226E-01 a      2832     1    30     2    12
 -6.4967087288713088E-01 a      2833     1    30     2    13
 -5.3623076893691568E-01 a      2834     1    30     2    14
 -1.0018335029854732E+00 a      2835     1    30     2    15
 -1.5486880198754789E+00 a      2836     1    30     2    16
  9.1717081633217334E-01 a      2837     1    30     2    17
  1.6234586293545885E+00 a      2838     1    30     2    18
  6.7550241520615872E-01 a      2839     1    30     2    19
 -3.1279318401723188E-01 a      2840     1    30     2    20
  1.0859476783783815E+00 a      2841     1    30     2    21
 -1.1679142088497473E-02 a      2842     1    30     2    22
  2.1375309250381975E+00 a      2843     1    30     2    23
  4.6598080828620514E-01 a      2844     1    30     2    24
  1.9602211682748089E-02 a      2845     1    30     2    25
  3.3378545294455542E+00 a      2846     1    30     2    26
  1.6168981595341410E+00 a      2847     1    30     2    27
  7.6029000293676752E-01 a      2848     1    30     2    28
  7.9019259515095608E-01 a      2849     1    30     2    29
  1.9569915534084896E+00 a      2850     1    30     2    30
  3.2249410784066255E+00 b      2851     2     1
 -3.7272331501176009E-01 b      2852     2     2
  7.3142083523743322E+00 b      2853     2     3
  3.3568848154283120E+00 b      2854     2     4
  5.7269947069779237E+00 b      2855     2     5
  4.4410326102087465E+00 b      2856     2     6
 -2.5642937899298807E-01 b      2857     2     7
  1.3530656209430738E+00 b      2858     2     8
 -1.1700220176261798E+01 b      2859     2     9
 -1.0724155024035618E+00 b      2860     2    10
 -2.0741973143554078E+00 b      2861     2    11
 -1.3590970786001040E+00 b      2862     2    12
 -7.7755654105447392E-01 b      2863     2    13
 -5.6489449660547308E-01 b      2864     2    14
  2.9728384133482373E+00 b      2865     2    15
  3.7029145133336439E-01 b      2866     2    16
  2.6983246832837029E+00 b      2867     2    17
 -3.0201475741654566E+00 b      2868     2    18
  4.8939729709495721E+00 b      2869     2    19
 -2.0697094924504111E-01 b      2870     2    20
  4.0413493181076579E+00 b      2871     2    21
 -6.5394089266135884E+00 b      2872     2    22
  5.4402619410701849E+00 b      2873     2    23
  1.3879626523201343E+00 b      2874     2    24
  9.2064901066883542E-01 b      2875     2    25
 -4.2273172486981228E+00 b      2876     2    26
 -1.0769274093738430E+01 b      2877     2    27
 -4.5519257859692758E-01 b      2878     2    28
  1.3278238681611401E+00 b      2879     2    29
 -2.5933664677082413E-01 b      2880     2    30
  3.9963926922290512E-02 a      2881     2     1     3     1
 -2.1511144197402376E-01 a      2882     2     2     3     1
  4.4007633571308886E-02 a      2883     2     3     3     1
 -2.8934531449368257E-02 a      2884     2     4     3     1
  3.5497794414337562E-03 a      2885     2     5     3     1
 -5.6930250578447278E-02 a      2886     2     6     3     1
 -2.2218085803964626E-02 a      2887     2     7     3     1
  5.7120300447428232E-02 a      2888     2     8     3     1
  1.7049722069475550E-02 a      2889     2     9     3     1
 -1.8222429863911319E-01 a      2890     2    10     3     1
  1.7722022486211597E-01 a      2891     2    11     3     1
 -4.1191644577087190E-02 a      2892     2    12     3     1
  5.5816652910806619E-02 a      2893     2    13     3     1
 -6.5805335759175423E-02 a      2894     2    14     3     1
 -2.7056354778060726E-01 a      2895     2    15     3     1
  1.2764265532226399E-01 a      2896     2    16     3     1
  2.1394973937611417E-02 a      2897     2    17     3     1
 -3.4197772069138904E-02 a      2898     2    18     3     1
  2.4968715588822948E-02 a      2899     2    19     3     1
  3.2621050635526498E-02 a      2900     2    20     3     1
 -1.6357348789128989E-02 a      2901     2    21     3     1
 -2.6579324783902476E-02 a      2902     2    22     3     1
 -3.8260978023021780E-02 a      2903     2    23     3     1
  7.9438096012204695E-02 a      2904     2    24     3     1
  5.8748704601204842E-03 a      2905     2    25     3     1
  6.9347573691999218E-02 a      2906     2    26     3     1
 -1.0978791836084575E-02 a      2907     2    27     3     1
  2.0055176016348146E-02 a      2908     2    28     3     1
  8.2314189141600352E-02 a      2909     2    29     3     1
  1.5318943987587183E-01 a      2910     2    30     3     1
  1.3028850566062216E+00 b      2911     3     1
