################################################################################
# Neural network connection values (weights and biases).
################################################################################
# Col  Name       Description
################################################################################
# 1    connection Neural network connection value.
# 2    t          Connection type (a = weight, b = bias).
# 3    index      Index enumerating weights.
# 4    l_s        Starting point layer (end point layer for biases).
# 5    n_s        Starting point neuron in starting layer (end point neuron for biases).
# 6    l_e        End point layer.
# 7    n_e        End point neuron in end layer.
################################################################################
#                      1 2         3     4     5     6     7
#             connection t     index   l_s   n_s   l_e   n_e
############################################################
  5.3658507043222690E+00 a         1     0     1     1     1
  5.0842170926206700E+00 a         2     0     1     1     2
 -4.7080872867245210E-01 a         3     0     1     1     3
 -2.5182656845797079E-02 a         4     0     1     1     4
  7.4754869854572270E+00 a         5     0     1     1     5
  1.0140265462332469E+01 a         6     0     1     1     6
 -8.8266635932356574E-01 a         7     0     1     1     7
 -4.9084776603229416E+00 a         8     0     1     1     8
 -8.4644518066967720E+00 a         9     0     1     1     9
  2.2001410588032724E+00 a        10     0     1     1    10
 -7.8044309458676491E+00 a        11     0     1     1    11
  4.1375839087442250E+00 a        12     0     1     1    12
 -3.5117475303126229E+00 a        13     0     1     1    13
  4.1474377137678262E+00 a        14     0     1     1    14
 -1.1009393723522395E+01 a        15     0     1     1    15
  5.0097515022197268E+00 a        16     0     1     1    16
 -5.7543411135140907E+00 a        17     0     1     1    17
  2.1215593044416203E+00 a        18     0     1     1    18
 -5.1404039544857696E+00 a        19     0     1     1    19
  8.0027703647785642E-01 a        20     0     1     1    20
 -7.4794738356462664E-01 a        21     0     1     1    21
  3.1090333032402442E+00 a        22     0     1     1    22
 -4.1743797876731161E+00 a        23     0     1     1    23
  1.0419295905148612E+01 a        24     0     1     1    24
 -3.6284986955736844E+00 a        25     0     1     1    25
 -1.3768937245082546E+01 a        26     0     1     1    26
 -7.4317888686402354E+00 a        27     0     1     1    27
  4.3002812037152012E+00 a        28     0     1     1    28
 -1.3092171536677553E+00 a        29     0     1     1    29
  9.0252198530144589E-01 a        30     0     1     1    30
 -1.2318783226662905E+01 a        31     0     2     1     1
  9.3555660235151805E+00 a        32     0     2     1     2
  9.2769669860342159E+00 a        33     0     2     1     3
  6.3760451608608770E+00 a        34     0     2     1     4
 -4.5931737233304997E+00 a        35     0     2     1     5
 -5.5566216686492966E+00 a        36     0     2     1     6
  7.6991861386068017E+00 a        37     0     2     1     7
  2.8019091068477215E+00 a        38     0     2     1     8
 -5.1929165114159692E-01 a        39     0     2     1     9
  2.9752534221752014E+00 a        40     0     2     1    10
  1.9108101819865265E+01 a        41     0     2     1    11
  1.0504783589953796E+01 a        42     0     2     1    12
 -6.9869646370738181E-01 a        43     0     2     1    13
  2.6698966196048528E+00 a        44     0     2     1    14
  1.9087119312867607E+01 a        45     0     2     1    15
 -3.6472728757141617E+00 a        46     0     2     1    16
  9.3293933823205659E+00 a        47     0     2     1    17
  6.5184332944066559E-01 a        48     0     2     1    18
  1.8143818651692118E+01 a        49     0     2     1    19
  7.2999054254728142E+00 a        50     0     2     1    20
  1.6663552688136210E+01 a        51     0     2     1    21
 -2.8660039639708721E+00 a        52     0     2     1    22
 -5.4788076843386033E+00 a        53     0     2     1    23
  1.0998557510237600E+01 a        54     0     2     1    24
  1.2277413660304836E+01 a        55     0     2     1    25
 -1.6111914576753136E+01 a        56     0     2     1    26
 -5.7754156493401227E+00 a        57     0     2     1    27
  3.1907021511973646E+01 a        58     0     2     1    28
 -1.6744722071202023E+00 a        59     0     2     1    29
 -1.1852208441297304E+01 a        60     0     2     1    30
 -4.5925264107686754E+00 a        61     0     3     1     1
  3.1070031986100183E-01 a        62     0     3     1     2
 -3.7663750900060173E+00 a        63     0     3     1     3
  2.6403698610826427E+00 a        64     0     3     1     4
  8.4803988077027501E+00 a        65     0     3     1     5
  1.4870184793973731E+01 a        66     0     3     1     6
  3.6393967125413305E+00 a        67     0     3     1     7
 -6.7476163401490330E-01 a        68     0     3     1     8
 -4.8523752395507935E-01 a        69     0     3     1     9
  2.6625029775697282E+00 a        70     0     3     1    10
  4.7092125296009868E-01 a        71     0     3     1    11
  8.9246811718319385E+00 a        72     0     3     1    12
  1.9279451780012056E+00 a        73     0     3     1    13
  1.4785454876572111E+00 a        74     0     3     1    14
  9.2434745079324951E+00 a        75     0     3     1    15
  4.6428202028604950E+00 a        76     0     3     1    16
 -7.3059642388859762E+00 a        77     0     3     1    17
 -8.0141235533092559E+00 a        78     0     3     1    18
  7.8812425331841532E-03 a        79     0     3     1    19
  7.6532657684242777E-01 a        80     0     3     1    20
 -1.7246668447930887E+01 a        81     0     3     1    21
  9.2636900529271915E-01 a        82     0     3     1    22
  1.0479465613632142E+01 a        83     0     3     1    23
 -1.2524368160585242E+01 a        84     0     3     1    24
 -5.7522681961894611E+00 a        85     0     3     1    25
  2.0517837957911897E+00 a        86     0     3     1    26
  4.2281212689056025E+00 a        87     0     3     1    27
 -1.9613480436112303E+00 a        88     0     3     1    28
 -9.2623899204448374E+00 a        89     0     3     1    29
  6.4331206842165471E+00 a        90     0     3     1    30
 -6.7412371652676356E+01 a        91     0     4     1     1
  4.4976352487078923E+00 a        92     0     4     1     2
  4.2482067178903398E+00 a        93     0     4     1     3
 -3.1016985006617613E+01 a        94     0     4     1     4
  2.9152107240145998E+01 a        95     0     4     1     5
 -6.5313046481709485E+00 a        96     0     4     1     6
 -1.5145844777697814E+01 a        97     0     4     1     7
 -3.4104139416608106E+01 a        98     0     4     1     8
 -1.0251104687730189E+01 a        99     0     4     1     9
  8.1403985313740090E+00 a       100     0     4     1    10
  3.3333247508180484E+01 a       101     0     4     1    11
  4.7502644006846033E+01 a       102     0     4     1    12
 -4.1965705342590411E+01 a       103     0     4     1    13
  3.2361701406131638E+00 a       104     0     4     1    14
  3.0092297614334765E+01 a       105     0     4     1    15
 -1.2637158004340854E+01 a       106     0     4     1    16
  2.7748601614877768E+00 a       107     0     4     1    17
  1.5028196756649502E+01 a       108     0     4     1    18
  2.8930587469840720E+01 a       109     0     4     1    19
  2.4376603260504741E+01 a       110     0     4     1    20
  4.1407768711216058E+01 a       111     0     4     1    21
 -8.3453927461766835E+00 a       112     0     4     1    22
 -5.5815406333053996E+00 a       113     0     4     1    23
  4.6976943809865048E+01 a       114     0     4     1    24
  7.3513662648268419E+00 a       115     0     4     1    25
 -3.2738322731673364E+01 a       116     0     4     1    26
  2.3711242828494545E+00 a       117     0     4     1    27
  1.1903098482767387E+01 a       118     0     4     1    28
  1.5319996769260269E+01 a       119     0     4     1    29
 -1.6944166002388805E+01 a       120     0     4     1    30
  1.9953517183828060E+00 a       121     0     5     1     1
 -6.0382162898620999E+00 a       122     0     5     1     2
 -1.3051076249178681E+00 a       123     0     5     1     3
  4.9497560143704993E+00 a       124     0     5     1     4
  1.7597891436119604E+00 a       125     0     5     1     5
 -2.5351064102498824E+00 a       126     0     5     1     6
 -1.0179327603922919E+00 a       127     0     5     1     7
  4.2722658041468176E+00 a       128     0     5     1     8
 -2.7270519549430700E-01 a       129     0     5     1     9
 -1.9277419582414348E+00 a       130     0     5     1    10
 -4.4524233312112987E-01 a       131     0     5     1    11
  6.4984840795574010E+00 a       132     0     5     1    12
  4.0252289763896707E+00 a       133     0     5     1    13
 -4.8230968242594302E-01 a       134     0     5     1    14
  6.5924897415217965E+00 a       135     0     5     1    15
  1.0356880644179287E+00 a       136     0     5     1    16
  3.9534887227209894E+00 a       137     0     5     1    17
 -1.3177523037397609E+00 a       138     0     5     1    18
  3.6587266741566280E+00 a       139     0     5     1    19
 -5.4466232834260495E+00 a       140     0     5     1    20
 -5.7218579214056930E+00 a       141     0     5     1    21
  4.9160226995985346E-01 a       142     0     5     1    22
  3.6204869339229901E+00 a       143     0     5     1    23
 -2.2492251061429172E+00 a       144     0     5     1    24
  3.5416166140981393E+00 a       145     0     5     1    25
  2.1750716743338359E+00 a       146     0     5     1    26
 -1.2522101073944794E-01 a       147     0     5     1    27
 -7.3396164744403292E-01 a       148     0     5     1    28
 -2.5935785102136473E+00 a       149     0     5     1    29
  2.4453173992085611E+00 a       150     0     5     1    30
 -4.6592846085231940E+00 a       151     0     6     1     1
  9.7891948363934139E-02 a       152     0     6     1     2
 -6.4095191250937926E+00 a       153     0     6     1     3
 -1.6970133166614408E-02 a       154     0     6     1     4
 -1.9860974293065685E+00 a       155     0     6     1     5
  5.4466243906237088E-01 a       156     0     6     1     6
  7.9496456157373030E-01 a       157     0     6     1     7
 -2.3290360864819126E+00 a       158     0     6     1     8
 -1.0420589681180847E+00 a       159     0     6     1     9
  7.1974539123278456E+00 a       160     0     6     1    10
 -8.5261113247834910E+00 a       161     0     6     1    11
 -4.9097232427055584E+00 a       162     0     6     1    12
 -4.7041525679803637E+00 a       163     0     6     1    13
 -8.0028616523815421E-01 a       164     0     6     1    14
 -1.0680813839339670E+01 a       165     0     6     1    15
  2.2901745004123580E-01 a       166     0     6     1    16
 -1.2457890171684414E+00 a       167     0     6     1    17
  7.8436343116789542E-01 a       168     0     6     1    18
 -1.2622848442802428E+00 a       169     0     6     1    19
 -3.0014780165383725E-01 a       170     0     6     1    20
  4.9752513608101765E+00 a       171     0     6     1    21
 -1.9600142267945357E+00 a       172     0     6     1    22
 -2.6285782293494964E+00 a       173     0     6     1    23
  7.5644693470682167E+00 a       174     0     6     1    24
 -3.2999251178910298E+00 a       175     0     6     1    25
 -7.2482626813964330E+00 a       176     0     6     1    26
  2.3329060172099206E-01 a       177     0     6     1    27
 -1.3315910036305176E+00 a       178     0     6     1    28
  5.5357465927689953E+00 a       179     0     6     1    29
 -2.5886262998644276E+00 a       180     0     6     1    30
  2.4480695671247713E-01 a       181     0     7     1     1
 -9.9998511927218736E+00 a       182     0     7     1     2
 -2.7828808045268487E+00 a       183     0     7     1     3
  5.0018696140931027E+00 a       184     0     7     1     4
  2.2174961430856360E-01 a       185     0     7     1     5
  2.8307258686225731E+00 a       186     0     7     1     6
 -1.6591909940097216E+00 a       187     0     7     1     7
  7.4324394206551343E+00 a       188     0     7     1     8
  1.8270919235620140E+00 a       189     0     7     1     9
 -3.1792368062260286E+00 a       190     0     7     1    10
 -2.7886679894361049E-01 a       191     0     7     1    11
 -4.9847846325250256E+00 a       192     0     7     1    12
  4.3050025342328935E+00 a       193     0     7     1    13
 -4.6656901804160267E+00 a       194     0     7     1    14
  8.9708047700246727E+00 a       195     0     7     1    15
  1.9479361863685288E-01 a       196     0     7     1    16
  5.0649414818483489E+00 a       197     0     7     1    17
 -2.1981548868000500E+00 a       198     0     7     1    18
  1.2875599807102059E+01 a       199     0     7     1    19
 -4.1578881407844559E+00 a       200     0     7     1    20
 -1.2699895369001442E+00 a       201     0     7     1    21
  3.3678593821236841E-01 a       202     0     7     1    22
  6.2471147545397283E+00 a       203     0     7     1    23
 -4.1506712387931550E+00 a       204     0     7     1    24
  3.2227880695346084E-01 a       205     0     7     1    25
  1.3167199556446816E+01 a       206     0     7     1    26
  2.3990576785215456E+00 a       207     0     7     1    27
 -1.0792705186502211E+01 a       208     0     7     1    28
 -5.9399461457330034E+00 a       209     0     7     1    29
 -1.4679459026042190E+00 a       210     0     7     1    30
  3.5714034393064762E+00 a       211     0     8     1     1
 -9.3613221841830203E+00 a       212     0     8     1     2
 -6.8900883047006687E+00 a       213     0     8     1     3
  8.2885661705941338E+00 a       214     0     8     1     4
 -1.0585730559115756E+01 a       215     0     8     1     5
 -9.3904290837224966E+00 a       216     0     8     1     6
  1.3486451955953005E+00 a       217     0     8     1     7
  6.4521360812470467E+00 a       218     0     8     1     8
  1.3858556709360654E+01 a       219     0     8     1     9
 -1.4846388500238421E+00 a       220     0     8     1    10
 -1.6590022939219229E+00 a       221     0     8     1    11
 -5.7511328692597132E+00 a       222     0     8     1    12
  8.1386694504600730E+00 a       223     0     8     1    13
 -7.5759725644677429E+00 a       224     0     8     1    14
  4.1367873217724034E+00 a       225     0     8     1    15
 -1.3558741682231281E+00 a       226     0     8     1    16
  1.2673674957455550E+01 a       227     0     8     1    17
 -9.4588269263210751E+00 a       228     0     8     1    18
  6.9376811967851824E+00 a       229     0     8     1    19
 -5.2867523645680858E+00 a       230     0     8     1    20
 -6.1461332034920115E+00 a       231     0     8     1    21
  1.8464399492112042E+00 a       232     0     8     1    22
 -1.4036783220210919E-01 a       233     0     8     1    23
 -1.4149224027645500E+01 a       234     0     8     1    24
 -1.5268735119946459E+00 a       235     0     8     1    25
  1.5693917490840803E+01 a       236     0     8     1    26
  1.5575198738430819E+01 a       237     0     8     1    27
 -1.3893946769437040E+01 a       238     0     8     1    28
  4.1634721877335199E+00 a       239     0     8     1    29
  1.5791310775814358E+00 a       240     0     8     1    30
  1.3583908501154783E+01 a       241     0     9     1     1
 -1.3009662195226122E+01 a       242     0     9     1     2
 -7.6885357092653077E+00 a       243     0     9     1     3
 -5.3182233636599623E+00 a       244     0     9     1     4
 -7.3103420896901232E+00 a       245     0     9     1     5
  2.4159679350332016E+01 a       246     0     9     1     6
  4.9409635090010875E+00 a       247     0     9     1     7
  1.1442722185344216E+01 a       248     0     9     1     8
 -1.0505635477152794E+01 a       249     0     9     1     9
  1.0472342998128543E+01 a       250     0     9     1    10
 -1.3395381784361762E+01 a       251     0     9     1    11
 -1.6952651254126227E+01 a       252     0     9     1    12
  2.3271536476157397E+01 a       253     0     9     1    13
 -3.5137705105884711E+00 a       254     0     9     1    14
 -1.6242972160893235E+01 a       255     0     9     1    15
  1.4180259769380061E+01 a       256     0     9     1    16
 -5.6122292910016069E+00 a       257     0     9     1    17
  1.6852430547754249E+01 a       258     0     9     1    18
  1.2189399163091529E+01 a       259     0     9     1    19
 -3.7209334053653782E+00 a       260     0     9     1    20
 -1.1722154241885935E+01 a       261     0     9     1    21
 -8.2795106348943226E-01 a       262     0     9     1    22
  9.6445576115806275E-01 a       263     0     9     1    23
  2.4620714539061099E+00 a       264     0     9     1    24
 -9.9444533222830156E-01 a       265     0     9     1    25
  1.2609610499954780E+01 a       266     0     9     1    26
 -3.7387658220435291E+00 a       267     0     9     1    27
 -6.4503493552645734E+00 a       268     0     9     1    28
 -5.0295353305316493E-01 a       269     0     9     1    29
  4.6531266726183276E+00 a       270     0     9     1    30
  1.4598225093130173E+00 a       271     0    10     1     1
 -1.2541422989647961E+00 a       272     0    10     1     2
  7.7395494069668724E-01 a       273     0    10     1     3
 -5.4949592089874633E-01 a       274     0    10     1     4
  9.2263406657263500E-02 a       275     0    10     1     5
 -4.9578665757576950E+00 a       276     0    10     1     6
  1.2184921233176533E+00 a       277     0    10     1     7
  2.0986892989709686E-02 a       278     0    10     1     8
 -2.8074636497170466E+00 a       279     0    10     1     9
  2.5480553672226698E+00 a       280     0    10     1    10
  1.9262210978665781E+00 a       281     0    10     1    11
  3.1097384151391525E+00 a       282     0    10     1    12
  1.0171867568126761E-01 a       283     0    10     1    13
  7.9530860875413958E-02 a       284     0    10     1    14
  1.5329778040556981E+00 a       285     0    10     1    15
  1.2891365219687994E+00 a       286     0    10     1    16
 -5.7377052595463007E-01 a       287     0    10     1    17
 -2.7915779214037134E-01 a       288     0    10     1    18
 -1.6319300145704694E+00 a       289     0    10     1    19
 -5.3683800692294588E+00 a       290     0    10     1    20
 -2.4860499171108694E+00 a       291     0    10     1    21
 -1.9297893342058619E+00 a       292     0    10     1    22
  8.4660978391409825E-01 a       293     0    10     1    23
 -2.8886176857343839E+00 a       294     0    10     1    24
  8.8045459564174955E-01 a       295     0    10     1    25
 -2.8847621510792245E+00 a       296     0    10     1    26
 -1.0768447312449929E+00 a       297     0    10     1    27
  1.2504022578091447E+00 a       298     0    10     1    28
  1.0206651437721137E+00 a       299     0    10     1    29
  2.3631026825005419E+00 a       300     0    10     1    30
 -2.2313093801964139E+00 a       301     0    11     1     1
  4.5355797980492490E-01 a       302     0    11     1     2
  1.5579389601294309E+00 a       303     0    11     1     3
 -2.3626680136464837E-01 a       304     0    11     1     4
 -5.0357553195644375E-02 a       305     0    11     1     5
  3.1630708235364300E+00 a       306     0    11     1     6
 -2.4610867038369415E+00 a       307     0    11     1     7
  3.8874418771097674E-01 a       308     0    11     1     8
  2.8235636287197976E+00 a       309     0    11     1     9
 -4.2150025550850012E-01 a       310     0    11     1    10
 -4.9014594362798620E+00 a       311     0    11     1    11
 -2.7603394876718093E+00 a       312     0    11     1    12
  2.3999392974005200E+00 a       313     0    11     1    13
  3.1299547629191240E+00 a       314     0    11     1    14
  3.0257514352246689E-01 a       315     0    11     1    15
 -1.3981710683031057E+00 a       316     0    11     1    16
  1.0995077317924706E+00 a       317     0    11     1    17
  1.5266842766729569E+00 a       318     0    11     1    18
  3.4431714854998492E+00 a       319     0    11     1    19
  4.2498375695191228E+00 a       320     0    11     1    20
  2.3335763054540171E+00 a       321     0    11     1    21
  3.0693253708383530E+00 a       322     0    11     1    22
  4.3770306510327617E-01 a       323     0    11     1    23
  4.7511408137231088E+00 a       324     0    11     1    24
 -4.3744053824443924E-01 a       325     0    11     1    25
 -1.8272243458394727E-01 a       326     0    11     1    26
 -9.8727396907499598E-02 a       327     0    11     1    27
  5.2424807096899464E-02 a       328     0    11     1    28
  3.1673075050151676E-02 a       329     0    11     1    29
 -3.1825513119273769E+00 a       330     0    11     1    30
  1.6149354097481222E+01 a       331     0    12     1     1
 -1.1104820716058377E+01 a       332     0    12     1     2
 -7.8705272568327422E-01 a       333     0    12     1     3
 -2.4074320788097605E+00 a       334     0    12     1     4
  1.4566637629280141E+00 a       335     0    12     1     5
 -3.9914321055735020E+00 a       336     0    12     1     6
 -7.2723779090165230E+00 a       337     0    12     1     7
  1.1245859158278057E+01 a       338     0    12     1     8
 -1.7222518728253122E+00 a       339     0    12     1     9
  1.2910084011746221E+00 a       340     0    12     1    10
 -7.7949740117204529E+00 a       341     0    12     1    11
 -1.0716262799149725E+01 a       342     0    12     1    12
  4.2515513838114893E+00 a       343     0    12     1    13
 -6.1780844893645277E+00 a       344     0    12     1    14
 -1.1912529757620547E+01 a       345     0    12     1    15
  9.5344494869953600E+00 a       346     0    12     1    16
 -4.3871313545267236E+00 a       347     0    12     1    17
  1.7291127843312781E+00 a       348     0    12     1    18
 -1.0127503118104789E+01 a       349     0    12     1    19
 -7.9049997493877360E+00 a       350     0    12     1    20
 -8.3401819480600103E+00 a       351     0    12     1    21
 -1.9418402161677020E+00 a       352     0    12     1    22
 -1.0286230414305944E+01 a       353     0    12     1    23
  1.2054424678413689E+00 a       354     0    12     1    24
 -4.6452646339577504E+00 a       355     0    12     1    25
  1.0227947776712316E+01 a       356     0    12     1    26
  3.3196381530296573E+00 a       357     0    12     1    27
 -2.1169540933101665E+01 a       358     0    12     1    28
 -1.0004254802593950E+00 a       359     0    12     1    29
  6.6091662233319894E+00 a       360     0    12     1    30
  1.5593433303155471E+01 a       361     0    13     1     1
 -1.4719993794529202E+01 a       362     0    13     1     2
  1.1762623063586815E+01 a       363     0    13     1     3
  1.9374580001160854E+01 a       364     0    13     1     4
 -3.7186808188804559E+00 a       365     0    13     1     5
 -1.2377471949564937E+01 a       366     0    13     1     6
  1.5053521764623181E+01 a       367     0    13     1     7
  1.8497343293114266E+00 a       368     0    13     1     8
  1.5412161615471037E+01 a       369     0    13     1     9
 -5.2888382065994248E+00 a       370     0    13     1    10
 -3.8413248740124382E+00 a       371     0    13     1    11
  5.1917175479036146E+00 a       372     0    13     1    12
 -1.0358994069867913E+01 a       373     0    13     1    13
  6.9213401443096734E+00 a       374     0    13     1    14
  3.7714531614583882E+00 a       375     0    13     1    15
 -1.4917549146858816E+01 a       376     0    13     1    16
  1.1168912745138693E+01 a       377     0    13     1    17
 -1.7026573686747962E+01 a       378     0    13     1    18
  7.4360971570087271E+00 a       379     0    13     1    19
 -2.9846978736204037E+00 a       380     0    13     1    20
 -3.1722092680271103E+00 a       381     0    13     1    21
  1.5073276356361680E+00 a       382     0    13     1    22
  6.6008087583475641E+00 a       383     0    13     1    23
 -1.0604031289876781E+01 a       384     0    13     1    24
 -4.8040504311947325E+00 a       385     0    13     1    25
  1.9721751439578890E+00 a       386     0    13     1    26
 -1.0727826013437431E+01 a       387     0    13     1    27
  1.8498708067251439E+01 a       388     0    13     1    28
 -4.8642669469965263E+00 a       389     0    13     1    29
 -4.1643421292960321E+00 a       390     0    13     1    30
  8.9469579808549629E+00 a       391     0    14     1     1
  5.8641663379690829E+00 a       392     0    14     1     2
  4.0246966047067385E+00 a       393     0    14     1     3
  5.4906413633831193E+00 a       394     0    14     1     4
 -1.4237130737529045E+01 a       395     0    14     1     5
  1.8190384073720843E+01 a       396     0    14     1     6
  1.7157519438448190E+01 a       397     0    14     1     7
 -1.2812263129763968E+01 a       398     0    14     1     8
  3.9485613028057540E+00 a       399     0    14     1     9
  5.5676126805428092E+00 a       400     0    14     1    10
 -1.3634817654545468E+01 a       401     0    14     1    11
 -1.2794631187211223E+01 a       402     0    14     1    12
  4.6377989419339674E+00 a       403     0    14     1    13
  1.4912308012539473E+01 a       404     0    14     1    14
 -1.1008968493077818E+01 a       405     0    14     1    15
 -2.0867533054394414E+01 a       406     0    14     1    16
 -5.2455979962553831E+00 a       407     0    14     1    17
 -1.2154989620445660E+01 a       408     0    14     1    18
  1.1521298130134204E+01 a       409     0    14     1    19
  1.0568720086104685E+01 a       410     0    14     1    20
 -1.3832346944129009E+01 a       411     0    14     1    21
  7.5547470456295085E-01 a       412     0    14     1    22
  1.5446437741639274E+01 a       413     0    14     1    23
 -2.5038736420875281E+01 a       414     0    14     1    24
  2.3753004712230072E-01 a       415     0    14     1    25
  9.2073944567063641E+00 a       416     0    14     1    26
 -1.6623082939836804E+00 a       417     0    14     1    27
  2.7181581176637518E+01 a       418     0    14     1    28
 -1.4087752144465309E+00 a       419     0    14     1    29
 -1.1068034112929498E+01 a       420     0    14     1    30
 -1.7948376172639417E+01 a       421     0    15     1     1
  1.0570491797180301E+01 a       422     0    15     1     2
 -1.9021066831636169E+00 a       423     0    15     1     3
 -8.6757166382762332E+00 a       424     0    15     1     4
 -1.3530618413481827E+01 a       425     0    15     1     5
  3.8622857442446914E+01 a       426     0    15     1     6
  1.0980858754603478E+01 a       427     0    15     1     7
 -2.3172810638683369E+01 a       428     0    15     1     8
  1.7684021810003340E+01 a       429     0    15     1     9
  2.6782860268498165E-01 a       430     0    15     1    10
 -1.3298224425252226E+01 a       431     0    15     1    11
  1.3719897416107681E+01 a       432     0    15     1    12
 -4.8356938749863030E+00 a       433     0    15     1    13
  1.2922079711477162E+01 a       434     0    15     1    14
 -2.7179548734574830E+00 a       435     0    15     1    15
  2.4478595802602117E+00 a       436     0    15     1    16
 -7.9776050930866065E+00 a       437     0    15     1    17
 -3.2617505291594573E+00 a       438     0    15     1    18
  1.4459722350314603E+01 a       439     0    15     1    19
  2.2707084042900021E+01 a       440     0    15     1    20
 -3.5987082412084943E+00 a       441     0    15     1    21
  1.7020932569822566E+01 a       442     0    15     1    22
  3.7629185929783738E+01 a       443     0    15     1    23
 -7.4388609332802558E+00 a       444     0    15     1    24
 -2.8283615225218193E+00 a       445     0    15     1    25
  6.3976232235681840E-01 a       446     0    15     1    26
  1.3723367978942912E+01 a       447     0    15     1    27
  3.2996351642666255E+01 a       448     0    15     1    28
 -3.0468403292482602E+00 a       449     0    15     1    29
 -5.0833402100961740E+00 a       450     0    15     1    30
  4.9798279186524486E+00 a       451     0    16     1     1
 -3.9845701505954927E+00 a       452     0    16     1     2
  5.9438865942357451E+00 a       453     0    16     1     3
  7.1536871814472516E+00 a       454     0    16     1     4
  4.4604665422592022E+00 a       455     0    16     1     5
 -3.5945084938511265E+01 a       456     0    16     1     6
 -1.5983960232123990E+00 a       457     0    16     1     7
  7.8763113685990929E+00 a       458     0    16     1     8
 -1.3001609129766363E+01 a       459     0    16     1     9
 -5.0182296378025093E+00 a       460     0    16     1    10
  8.9994103899970845E+00 a       461     0    16     1    11
 -1.4095929787945513E+01 a       462     0    16     1    12
 -3.0611601404438338E-01 a       463     0    16     1    13
 -6.8094917455744373E+00 a       464     0    16     1    14
 -2.5270540453821178E+00 a       465     0    16     1    15
 -1.1100876423532974E+01 a       466     0    16     1    16
  1.2846631607746044E+01 a       467     0    16     1    17
  7.4641913706760787E+00 a       468     0    16     1    18
 -6.2547834323560378E+00 a       469     0    16     1    19
 -1.3012340393701317E+01 a       470     0    16     1    20
  1.2202179654295721E+01 a       471     0    16     1    21
 -1.3092343244029328E+01 a       472     0    16     1    22
 -2.9795837445993644E+01 a       473     0    16     1    23
  6.8880204421444702E-01 a       474     0    16     1    24
  7.7513260614380295E+00 a       475     0    16     1    25
 -9.0407048568678974E+00 a       476     0    16     1    26
 -9.6127437632154660E+00 a       477     0    16     1    27
 -6.4360648016055970E+00 a       478     0    16     1    28
  4.2950124100558620E+00 a       479     0    16     1    29
 -8.2706964585507343E+00 a       480     0    16     1    30
  4.7731650274091777E+01 a       481     0    17     1     1
  6.4791449718817047E+00 a       482     0    17     1     2
 -3.4349147041727157E+00 a       483     0    17     1     3
  1.3812466168766692E+01 a       484     0    17     1     4
  6.1809527207237007E+00 a       485     0    17     1     5
  1.1155822106876919E+01 a       486     0    17     1     6
  1.7845502804552915E+01 a       487     0    17     1     7
  9.0805929146668536E+00 a       488     0    17     1     8
  2.1513830149377933E+00 a       489     0    17     1     9
 -1.3599485627328598E+01 a       490     0    17     1    10
 -2.0404621520930835E+01 a       491     0    17     1    11
 -9.5588753629489336E+00 a       492     0    17     1    12
  1.2582790854281476E+00 a       493     0    17     1    13
  2.4281997680941942E+01 a       494     0    17     1    14
  1.1553148911609044E+00 a       495     0    17     1    15
 -2.1399539461063327E+01 a       496     0    17     1    16
 -4.9064209673713135E+00 a       497     0    17     1    17
  1.5837211665262526E+01 a       498     0    17     1    18
 -1.0735579966010009E+01 a       499     0    17     1    19
 -1.2390608008372428E+01 a       500     0    17     1    20
 -1.7900095935582140E+01 a       501     0    17     1    21
 -3.0205845928305179E+00 a       502     0    17     1    22
  5.5420415333960422E+00 a       503     0    17     1    23
  1.5653573217422293E+01 a       504     0    17     1    24
  2.2381551727519688E-01 a       505     0    17     1    25
  4.3886216138666354E+00 a       506     0    17     1    26
  5.5253086282324784E+00 a       507     0    17     1    27
 -1.5027722889069619E+01 a       508     0    17     1    28
 -7.4484381076412931E-01 a       509     0    17     1    29
  3.5084720885085829E+00 a       510     0    17     1    30
 -2.7982275596898297E+01 a       511     0    18     1     1
  2.2942598881079594E+01 a       512     0    18     1     2
  2.5077597968220150E+01 a       513     0    18     1     3
  3.9511507715333729E+00 a       514     0    18     1     4
 -1.1170141489946600E+01 a       515     0    18     1     5
 -1.2806366397010406E+01 a       516     0    18     1     6
 -9.3085460562016049E+00 a       517     0    18     1     7
 -1.0049796649207037E+01 a       518     0    18     1     8
 -5.3887496213556808E+01 a       519     0    18     1     9
  1.3274745007204508E+01 a       520     0    18     1    10
  1.3673888510789288E+01 a       521     0    18     1    11
  8.4848727278889911E+00 a       522     0    18     1    12
 -1.3085305684166102E+01 a       523     0    18     1    13
 -6.9486238941943412E+00 a       524     0    18     1    14
  1.2117344919127415E-01 a       525     0    18     1    15
  6.4009231865323490E-01 a       526     0    18     1    16
  1.1022163576415328E-01 a       527     0    18     1    17
  1.1317835719729304E+01 a       528     0    18     1    18
  9.8774028191539696E+00 a       529     0    18     1    19
 -3.3928121022615003E+00 a       530     0    18     1    20
  2.8760567393554769E+01 a       531     0    18     1    21
  1.0145871611927266E+01 a       532     0    18     1    22
 -2.6332083793491061E+00 a       533     0    18     1    23
  6.2680420139687945E+00 a       534     0    18     1    24
 -9.2799445864663017E+00 a       535     0    18     1    25
 -2.2593090523172563E+01 a       536     0    18     1    26
 -2.9378488762664464E+01 a       537     0    18     1    27
 -1.9825120202965930E+01 a       538     0    18     1    28
 -2.6322611391628627E+01 a       539     0    18     1    29
 -1.2925124354615038E+01 a       540     0    18     1    30
 -3.6572470600446515E+01 a       541     0    19     1     1
  2.6265215687623218E+01 a       542     0    19     1     2
 -1.1596889356704553E+01 a       543     0    19     1     3
  1.7354454694724197E+01 a       544     0    19     1     4
  6.3744169753788826E+00 a       545     0    19     1     5
  9.3853617986669025E-01 a       546     0    19     1     6
  1.3808700432145352E+01 a       547     0    19     1     7
 -5.1325981664609728E+01 a       548     0    19     1     8
 -2.5645040659986144E+01 a       549     0    19     1     9
  2.6242204354301060E+00 a       550     0    19     1    10
  2.7368305755013544E+00 a       551     0    19     1    11
 -6.5897663090815763E+00 a       552     0    19     1    12
  5.6705686624385203E+00 a       553     0    19     1    13
 -1.6857294872525145E+01 a       554     0    19     1    14
 -3.2480442341025459E+01 a       555     0    19     1    15
  6.3785032901597853E+00 a       556     0    19     1    16
 -1.3180620501376653E+01 a       557     0    19     1    17
  2.5898200956094497E+00 a       558     0    19     1    18
 -3.5626819977861750E+01 a       559     0    19     1    19
  1.2167377233266707E+01 a       560     0    19     1    20
 -3.0550350195822574E+01 a       561     0    19     1    21
  3.2643350483950755E+01 a       562     0    19     1    22
 -1.6314512329369812E+01 a       563     0    19     1    23
 -2.6749266113966332E+01 a       564     0    19     1    24
 -8.4654923819900372E+00 a       565     0    19     1    25
  1.2177746973322079E-01 a       566     0    19     1    26
  1.9661554748811906E+01 a       567     0    19     1    27
 -1.1732749924031998E+01 a       568     0    19     1    28
 -3.8844048472193386E+01 a       569     0    19     1    29
  9.3092181502070819E+00 a       570     0    19     1    30
  3.0161993333605834E+00 a       571     0    20     1     1
 -4.7093025377364164E+00 a       572     0    20     1     2
 -2.2226338920121789E+00 a       573     0    20     1     3
 -9.7068958012959179E+00 a       574     0    20     1     4
 -1.9916635202492245E+01 a       575     0    20     1     5
  1.2530461683262335E+01 a       576     0    20     1     6
  3.5381721389680663E+00 a       577     0    20     1     7
 -1.5676866586706611E+01 a       578     0    20     1     8
 -2.0737894428828248E+01 a       579     0    20     1     9
  1.1762045909065112E+01 a       580     0    20     1    10
 -3.8572229013405014E+01 a       581     0    20     1    11
 -2.2319448961700282E+01 a       582     0    20     1    12
  6.2045544362209339E+00 a       583     0    20     1    13
  9.1989381980846541E-01 a       584     0    20     1    14
  3.6488750759626494E+00 a       585     0    20     1    15
  7.8046182724376134E+00 a       586     0    20     1    16
  9.6427100090220446E+00 a       587     0    20     1    17
  6.6564612523866362E+00 a       588     0    20     1    18
  1.7166594282347489E+01 a       589     0    20     1    19
  2.2768984495947159E+01 a       590     0    20     1    20
  1.6198780896542640E+01 a       591     0    20     1    21
 -8.0208707138667990E+00 a       592     0    20     1    22
  1.6952383036143949E+01 a       593     0    20     1    23
 -5.0997031880751011E+00 a       594     0    20     1    24
 -4.3877938140779094E+00 a       595     0    20     1    25
  1.4565402152497819E+01 a       596     0    20     1    26
 -3.6638454508300287E+00 a       597     0    20     1    27
 -1.6795804487011999E+01 a       598     0    20     1    28
  7.3078135653505099E+00 a       599     0    20     1    29
 -1.4947412373930813E+01 a       600     0    20     1    30
 -1.9028070271592728E+01 a       601     0    21     1     1
 -9.2046430284847318E+00 a       602     0    21     1     2
 -7.7875396746501551E+00 a       603     0    21     1     3
  2.4988098072549753E-01 a       604     0    21     1     4
 -5.6307139933962986E+00 a       605     0    21     1     5
 -1.0622447721522663E+01 a       606     0    21     1     6
 -3.6653350577137846E+00 a       607     0    21     1     7
  2.0447033657695104E+00 a       608     0    21     1     8
  1.1860712206064459E+01 a       609     0    21     1     9
 -1.0443300525409860E+01 a       610     0    21     1    10
 -3.2471432653585346E+00 a       611     0    21     1    11
 -2.4663107944180727E+00 a       612     0    21     1    12
 -8.5342559493962682E+00 a       613     0    21     1    13
 -4.1218642612085734E+00 a       614     0    21     1    14
 -7.4672120744300630E+00 a       615     0    21     1    15
  8.4490063999725606E+00 a       616     0    21     1    16
 -5.8795449741933803E+00 a       617     0    21     1    17
 -2.6051565016209068E+01 a       618     0    21     1    18
  2.6168348225175706E+01 a       619     0    21     1    19
  2.2118192352503566E+01 a       620     0    21     1    20
  1.9478084064145150E+01 a       621     0    21     1    21
  1.3973255070469254E+01 a       622     0    21     1    22
  2.5830979378313668E+01 a       623     0    21     1    23
 -4.6365385077311601E+00 a       624     0    21     1    24
  7.0666452499699721E+00 a       625     0    21     1    25
 -8.6823320339150900E+00 a       626     0    21     1    26
 -8.8687081054431651E+00 a       627     0    21     1    27
 -8.6479831761158703E+00 a       628     0    21     1    28
  1.2488668202921460E+01 a       629     0    21     1    29
 -1.7172979479450394E+01 a       630     0    21     1    30
 -2.5050121182419371E+01 a       631     0    22     1     1
  1.4643863109418138E+00 a       632     0    22     1     2
 -6.7403528235033494E-01 a       633     0    22     1     3
  6.5966134673418910E+00 a       634     0    22     1     4
 -1.5308342117830499E+01 a       635     0    22     1     5
  6.2039104986843148E+00 a       636     0    22     1     6
  2.9631994667962623E+01 a       637     0    22     1     7
  2.8360888315594721E+01 a       638     0    22     1     8
  2.9022736529840515E+01 a       639     0    22     1     9
  1.2422108085697424E+01 a       640     0    22     1    10
  1.1488807631912774E+01 a       641     0    22     1    11
  1.6925445037823224E+01 a       642     0    22     1    12
  1.3280182597790571E+01 a       643     0    22     1    13
 -6.7221419444203239E+00 a       644     0    22     1    14
  3.9339234749543749E+01 a       645     0    22     1    15
  4.5847951747019302E+01 a       646     0    22     1    16
  1.1946230052853576E+01 a       647     0    22     1    17
  3.2132990819204906E+01 a       648     0    22     1    18
  2.2708403338439751E+01 a       649     0    22     1    19
  7.5787920682046215E+00 a       650     0    22     1    20
  1.6995107500078412E+01 a       651     0    22     1    21
  5.7203113850451839E+00 a       652     0    22     1    22
  5.9104177454068560E+00 a       653     0    22     1    23
  2.6291328704630953E+01 a       654     0    22     1    24
 -1.0718789283280058E+01 a       655     0    22     1    25
 -1.0627113145713583E+01 a       656     0    22     1    26
 -6.4236948616588935E-02 a       657     0    22     1    27
  2.6945285030508082E+01 a       658     0    22     1    28
 -5.2448410789457816E+00 a       659     0    22     1    29
 -3.6476773178567290E-01 a       660     0    22     1    30
  3.5739145679721943E+01 a       661     0    23     1     1
 -4.1025999145874003E+01 a       662     0    23     1     2
  1.6249223747520436E+01 a       663     0    23     1     3
 -4.0152364635015312E+00 a       664     0    23     1     4
 -2.1753487210801367E+01 a       665     0    23     1     5
  3.9944449179284920E+00 a       666     0    23     1     6
 -4.5251056875607333E+01 a       667     0    23     1     7
  9.8706558473348558E+00 a       668     0    23     1     8
  7.5351559266385175E+00 a       669     0    23     1     9
  4.5937334345957348E+00 a       670     0    23     1    10
  7.9909212458903847E+00 a       671     0    23     1    11
  3.9097266177247088E+00 a       672     0    23     1    12
 -2.1554564097933712E-01 a       673     0    23     1    13
  5.5623963638049378E+00 a       674     0    23     1    14
  4.1659205687166132E+00 a       675     0    23     1    15
 -4.4366866458089183E+00 a       676     0    23     1    16
  1.5921422560788702E+01 a       677     0    23     1    17
 -1.2258071101818144E+01 a       678     0    23     1    18
  1.2392775693754038E+01 a       679     0    23     1    19
 -2.3688364883966749E+01 a       680     0    23     1    20
 -6.9272063644855857E+00 a       681     0    23     1    21
 -2.0275728944223852E+00 a       682     0    23     1    22
  1.0596951151116954E+01 a       683     0    23     1    23
  2.2297709405150092E+00 a       684     0    23     1    24
  1.6198034486358360E+01 a       685     0    23     1    25
  5.9038495803841764E+00 a       686     0    23     1    26
 -2.9729104871331000E+01 a       687     0    23     1    27
  4.6651519572850987E+01 a       688     0    23     1    28
  6.7860501623834280E+00 a       689     0    23     1    29
 -1.3861271483421616E+01 a       690     0    23     1    30
  2.4733010590380200E+01 a       691     0    24     1     1
  9.4384721963009710E+00 a       692     0    24     1     2
  1.4493312100212110E+01 a       693     0    24     1     3
 -5.9777377939785108E+00 a       694     0    24     1     4
  1.2594000197736380E+01 a       695     0    24     1     5
  1.0047463532973637E+01 a       696     0    24     1     6
  2.1357307205172633E+00 a       697     0    24     1     7
  6.2763935651756517E+00 a       698     0    24     1     8
 -1.5296591421139253E+01 a       699     0    24     1     9
  1.1765208397799030E+01 a       700     0    24     1    10
  4.7640730430724805E+00 a       701     0    24     1    11
 -3.1730236043890758E+00 a       702     0    24     1    12
 -8.7149216810912478E+00 a       703     0    24     1    13
  1.4574725624064705E+01 a       704     0    24     1    14
  1.6379395739370388E+01 a       705     0    24     1    15
 -6.8847434599091137E+00 a       706     0    24     1    16
  1.4285184236428245E+01 a       707     0    24     1    17
  3.8610092433154321E+01 a       708     0    24     1    18
 -2.8979922428364308E+01 a       709     0    24     1    19
 -1.9472599521494267E+01 a       710     0    24     1    20
 -2.3760847169400559E+01 a       711     0    24     1    21
 -2.6086638311180355E+01 a       712     0    24     1    22
 -3.3881293954819597E+01 a       713     0    24     1    23
  2.6105307190545188E+00 a       714     0    24     1    24
 -4.4874666530080312E+00 a       715     0    24     1    25
  5.3282628780097712E+00 a       716     0    24     1    26
  1.5023608251150518E+01 a       717     0    24     1    27
  5.1251261992646029E+00 a       718     0    24     1    28
 -1.7579333314292771E+01 a       719     0    24     1    29
  2.8123505588389698E+01 a       720     0    24     1    30
  7.8906355375685351E+00 a       721     0    25     1     1
 -6.9726083919157906E+00 a       722     0    25     1     2
  2.3094456349464217E+01 a       723     0    25     1     3
  1.8491558925024680E+01 a       724     0    25     1     4
  1.5964509886121091E+01 a       725     0    25     1     5
  5.9841354562181674E+00 a       726     0    25     1     6
  3.2233548918888042E+00 a       727     0    25     1     7
  1.6411351194651623E+01 a       728     0    25     1     8
  4.2883617486347942E+00 a       729     0    25     1     9
  1.0573267362146959E+01 a       730     0    25     1    10
  4.7081808572864347E+01 a       731     0    25     1    11
  1.8075658356234882E+01 a       732     0    25     1    12
 -4.2236356949113008E+00 a       733     0    25     1    13
  1.1627156703206598E+01 a       734     0    25     1    14
 -2.0924022149506453E-02 a       735     0    25     1    15
  1.0104639497384966E+01 a       736     0    25     1    16
 -9.5057466003012436E+00 a       737     0    25     1    17
  3.3248394289068699E+01 a       738     0    25     1    18
  3.9630310745552890E+01 a       739     0    25     1    19
 -1.6718341199572333E+01 a       740     0    25     1    20
 -1.2641991148290300E+01 a       741     0    25     1    21
  1.9053669458708899E+01 a       742     0    25     1    22
 -9.8443557553845773E-01 a       743     0    25     1    23
  8.1525216192152463E+00 a       744     0    25     1    24
  2.0745636151358728E+00 a       745     0    25     1    25
 -6.2754689497158820E+00 a       746     0    25     1    26
 -2.3878812206649473E+00 a       747     0    25     1    27
  2.1570897406585512E+01 a       748     0    25     1    28
 -3.7835037980369481E+00 a       749     0    25     1    29
 -1.9416142018208376E+01 a       750     0    25     1    30
 -2.3224959891893285E+01 a       751     0    26     1     1
  2.5773452571685016E+01 a       752     0    26     1     2
 -3.7407438933015015E+01 a       753     0    26     1     3
 -1.2153962069851879E+01 a       754     0    26     1     4
 -2.5400370006935844E+01 a       755     0    26     1     5
  1.0171291173242409E+00 a       756     0    26     1     6
 -3.7899708449528853E+00 a       757     0    26     1     7
  6.0882951613947265E+00 a       758     0    26     1     8
  1.6819022731075325E+01 a       759     0    26     1     9
  1.6300585017748801E+01 a       760     0    26     1    10
 -2.4730398992658866E+00 a       761     0    26     1    11
 -2.4360586278238014E+01 a       762     0    26     1    12
  2.2354947924077226E+01 a       763     0    26     1    13
 -2.1451627667556028E+01 a       764     0    26     1    14
 -1.0481721283485854E+01 a       765     0    26     1    15
  3.3863730250474653E+00 a       766     0    26     1    16
  5.9681283230882718E+00 a       767     0    26     1    17
 -2.9074573526829877E+01 a       768     0    26     1    18
 -3.6157756391802574E+00 a       769     0    26     1    19
  3.4603513893154247E-01 a       770     0    26     1    20
 -1.4806227075594769E+01 a       771     0    26     1    21
  6.8236472090562907E+00 a       772     0    26     1    22
 -9.1473744053182369E+00 a       773     0    26     1    23
 -3.9357337745704065E+01 a       774     0    26     1    24
  1.3783950830450239E+01 a       775     0    26     1    25
  2.1619474649863108E+01 a       776     0    26     1    26
  2.5928602610921228E+01 a       777     0    26     1    27
  1.9970647435019870E+01 a       778     0    26     1    28
  1.8979706150865312E+01 a       779     0    26     1    29
 -6.3727242401065953E-01 a       780     0    26     1    30
  8.9885256817456654E+00 a       781     0    27     1     1
 -5.2154645788404990E+00 a       782     0    27     1     2
 -3.1241785531559376E+01 a       783     0    27     1     3
 -2.8015233161955994E+01 a       784     0    27     1     4
 -9.6420663659767385E+00 a       785     0    27     1     5
  4.7597323605159891E-02 a       786     0    27     1     6
  3.9323226201060693E+00 a       787     0    27     1     7
 -6.0426744003143034E+00 a       788     0    27     1     8
  2.6559963974545166E+01 a       789     0    27     1     9
 -2.1336621512622703E+01 a       790     0    27     1    10
  3.6428710968536455E+00 a       791     0    27     1    11
  2.4265712317540373E+00 a       792     0    27     1    12
 -1.7631202838169269E+00 a       793     0    27     1    13
  1.0652676169995232E+01 a       794     0    27     1    14
  1.0456420657447957E+01 a       795     0    27     1    15
  3.9573587096940344E+01 a       796     0    27     1    16
  9.4179209077799104E+00 a       797     0    27     1    17
  1.6502985349772135E+01 a       798     0    27     1    18
 -4.3383696563665195E+00 a       799     0    27     1    19
  5.3437848878694698E+00 a       800     0    27     1    20
  1.6471055810222484E+01 a       801     0    27     1    21
 -5.0360626065427523E+00 a       802     0    27     1    22
  3.0589113887734114E+00 a       803     0    27     1    23
 -2.7936592128175917E+01 a       804     0    27     1    24
  5.5256625754275621E+00 a       805     0    27     1    25
  1.5652248887722040E+01 a       806     0    27     1    26
  2.5564390456066629E+01 a       807     0    27     1    27
 -1.1237086470104021E+01 a       808     0    27     1    28
  2.6696617374774590E+01 a       809     0    27     1    29
 -1.0688957630952963E+01 a       810     0    27     1    30
 -3.7937652841622267E+00 a       811     0    28     1     1
  1.2748839063404874E+01 a       812     0    28     1     2
 -5.1569149407304424E+00 a       813     0    28     1     3
  3.8271931803338584E+00 a       814     0    28     1     4
  3.6384049503678240E-02 a       815     0    28     1     5
  3.9427088267712409E+00 a       816     0    28     1     6
 -7.6446935999520340E+00 a       817     0    28     1     7
 -4.4852198317367291E+00 a       818     0    28     1     8
 -3.1780732883044323E+01 a       819     0    28     1     9
  1.9732028449334511E+01 a       820     0    28     1    10
 -1.1781283100186176E+01 a       821     0    28     1    11
 -3.8806060896099828E+00 a       822     0    28     1    12
 -2.2742782373528008E+00 a       823     0    28     1    13
 -3.7212729067762098E+01 a       824     0    28     1    14
  1.5792938932124152E+01 a       825     0    28     1    15
  4.4452862453578685E+00 a       826     0    28     1    16
 -4.1325195993346471E+00 a       827     0    28     1    17
 -1.7838658458354800E+01 a       828     0    28     1    18
  1.4695468971869413E+01 a       829     0    28     1    19
 -1.1809326334025904E+01 a       830     0    28     1    20
  1.1957238968884090E+01 a       831     0    28     1    21
 -2.8203450044725084E+01 a       832     0    28     1    22
  1.5978508643457124E+01 a       833     0    28     1    23
  6.3921349333796824E+00 a       834     0    28     1    24
 -1.3506030650234580E+01 a       835     0    28     1    25
 -1.8856150665508082E+01 a       836     0    28     1    26
  6.1272322411292386E+00 a       837     0    28     1    27
 -3.6795550613046075E+01 a       838     0    28     1    28
 -4.1006815394114817E+01 a       839     0    28     1    29
  8.0485835741699869E+00 a       840     0    28     1    30
 -1.6955516607028297E+01 a       841     0    29     1     1
 -3.0429590993546194E+00 a       842     0    29     1     2
 -5.8830227502676449E+00 a       843     0    29     1     3
 -8.4024603420956225E+00 a       844     0    29     1     4
 -2.8924026982199824E+00 a       845     0    29     1     5
 -1.8670075823487990E+00 a       846     0    29     1     6
  1.4949553258656845E+01 a       847     0    29     1     7
  4.5899022917359735E+00 a       848     0    29     1     8
 -1.1391804558734968E+01 a       849     0    29     1     9
 -1.0746476990262270E+01 a       850     0    29     1    10
 -9.2173474459046254E+00 a       851     0    29     1    11
 -4.0828302790680926E-01 a       852     0    29     1    12
  1.4580437613459868E+01 a       853     0    29     1    13
 -6.5524956710818909E+00 a       854     0    29     1    14
 -3.5172354045755307E+00 a       855     0    29     1    15
 -8.3454512427750025E+00 a       856     0    29     1    16
 -2.0159913174029661E+01 a       857     0    29     1    17
 -2.3302156426004430E+01 a       858     0    29     1    18
  2.0178016632707060E+01 a       859     0    29     1    19
  2.0607895548972341E+01 a       860     0    29     1    20
  2.5470934787553642E+01 a       861     0    29     1    21
 -5.6999255669587985E+00 a       862     0    29     1    22
  2.0569751351836555E+01 a       863     0    29     1    23
  3.0165996491490603E+01 a       864     0    29     1    24
  6.6896704171124259E+00 a       865     0    29     1    25
  2.1137949322613370E+00 a       866     0    29     1    26
 -1.0987101190770236E+01 a       867     0    29     1    27
 -1.1437619459668779E+01 a       868     0    29     1    28
  2.6554156977872520E+01 a       869     0    29     1    29
 -1.7496456021344297E+01 a       870     0    29     1    30
  1.9894060247262477E+01 a       871     0    30     1     1
 -2.1090625650054527E+01 a       872     0    30     1     2
  4.3009383016118953E+01 a       873     0    30     1     3
  2.2788797768375463E+01 a       874     0    30     1     4
 -7.6466041726153620E+00 a       875     0    30     1     5
  2.5292985700445843E+01 a       876     0    30     1     6
  1.2832317100187534E+01 a       877     0    30     1     7
 -2.3599218427759183E+01 a       878     0    30     1     8
  2.3869719966703659E+01 a       879     0    30     1     9
  1.7421631368084771E+01 a       880     0    30     1    10
 -2.0840743314943701E+01 a       881     0    30     1    11
  4.0959588161247183E+01 a       882     0    30     1    12
 -6.6380145531224262E+00 a       883     0    30     1    13
  3.1197927188650572E+00 a       884     0    30     1    14
  1.6877757747856620E+01 a       885     0    30     1    15
  2.9932052658333963E+00 a       886     0    30     1    16
 -5.1241628542022690E+00 a       887     0    30     1    17
  2.2197749098412391E+01 a       888     0    30     1    18
  2.0969205393017059E+01 a       889     0    30     1    19
 -3.6228165486227887E+01 a       890     0    30     1    20
  6.9784600272227859E+00 a       891     0    30     1    21
  2.1741207788737057E+01 a       892     0    30     1    22
  2.3438153281699234E+00 a       893     0    30     1    23
  7.8860350324945436E+00 a       894     0    30     1    24
  9.3410998127962745E+00 a       895     0    30     1    25
 -2.0423098306202910E+01 a       896     0    30     1    26
 -2.7863273878221204E+01 a       897     0    30     1    27
 -4.6022035677956907E+01 a       898     0    30     1    28
 -3.7605675719557944E+01 a       899     0    30     1    29
 -3.3036679248840128E-01 a       900     0    30     1    30
 -6.2610343816536949E+00 a       901     0    31     1     1
 -3.7756281867718783E+01 a       902     0    31     1     2
  6.8329970307012102E+00 a       903     0    31     1     3
  2.0172706231253293E-01 a       904     0    31     1     4
  1.0123622848727816E+01 a       905     0    31     1     5
 -1.2458577958235633E+01 a       906     0    31     1     6
 -2.6554538838876933E+01 a       907     0    31     1     7
 -8.2773327126996747E+00 a       908     0    31     1     8
 -2.3937400405875191E+01 a       909     0    31     1     9
 -2.1583382251191900E+01 a       910     0    31     1    10
  2.1937262326425408E+01 a       911     0    31     1    11
 -1.9026335570544109E+01 a       912     0    31     1    12
 -1.2628606803935410E+01 a       913     0    31     1    13
  5.5408616141915488E+00 a       914     0    31     1    14
 -8.3282790897282251E+00 a       915     0    31     1    15
  8.2349498637880547E+00 a       916     0    31     1    16
  1.3713139550008776E+01 a       917     0    31     1    17
 -9.8696839810043624E+00 a       918     0    31     1    18
  6.6266070381163207E+00 a       919     0    31     1    19
 -1.6975679428624157E-01 a       920     0    31     1    20
  4.9056655598611751E+00 a       921     0    31     1    21
 -8.6588343845576450E+00 a       922     0    31     1    22
  1.7424761276019420E+00 a       923     0    31     1    23
  1.7012994363347751E+01 a       924     0    31     1    24
 -6.0182068181723389E+00 a       925     0    31     1    25
 -9.4396839592276756E+00 a       926     0    31     1    26
  4.0925536314593902E+00 a       927     0    31     1    27
  9.3145955456240195E+00 a       928     0    31     1    28
 -1.1937441930709396E+01 a       929     0    31     1    29
  5.1932884186012307E-01 a       930     0    31     1    30
  6.0764639023401812E-01 a       931     0    32     1     1
  1.0426389748341935E+00 a       932     0    32     1     2
 -3.6049061255570707E+00 a       933     0    32     1     3
  8.6755215841087239E+00 a       934     0    32     1     4
 -3.8086642784244146E-01 a       935     0    32     1     5
  3.7828401873139694E-01 a       936     0    32     1     6
 -1.3202302989763695E+01 a       937     0    32     1     7
 -4.4621053989793271E+00 a       938     0    32     1     8
  8.5522638520806211E+00 a       939     0    32     1     9
 -4.8146708330077752E+00 a       940     0    32     1    10
  1.0269104348187335E+01 a       941     0    32     1    11
 -1.7960642043597521E+00 a       942     0    32     1    12
 -1.1877743159736387E+01 a       943     0    32     1    13
 -1.3049872354241256E+00 a       944     0    32     1    14
 -6.2219718300290761E-01 a       945     0    32     1    15
  1.1307174312791751E+01 a       946     0    32     1    16
  1.2632466971096889E+01 a       947     0    32     1    17
  5.6651019450647819E+00 a       948     0    32     1    18
 -8.6616390444648719E+00 a       949     0    32     1    19
 -6.0136067197024250E+00 a       950     0    32     1    20
 -4.0392965046463685E+00 a       951     0    32     1    21
  1.1640766694958543E+01 a       952     0    32     1    22
 -4.8569063720785710E+00 a       953     0    32     1    23
 -9.8142123605220881E+00 a       954     0    32     1    24
 -6.8894710393694316E+00 a       955     0    32     1    25
 -8.4986183426233353E-01 a       956     0    32     1    26
  8.1060843737032275E+00 a       957     0    32     1    27
  8.1704865338121078E+00 a       958     0    32     1    28
 -1.7998006052265566E+01 a       959     0    32     1    29
 -5.1743743469546877E-01 a       960     0    32     1    30
 -1.1047041009724991E+01 a       961     0    33     1     1
  2.6054072514869091E+01 a       962     0    33     1     2
 -2.5229118181044555E+01 a       963     0    33     1     3
  4.9471848750386416E+00 a       964     0    33     1     4
  1.5436362278856304E+00 a       965     0    33     1     5
  5.7424268975648616E+00 a       966     0    33     1     6
 -4.3932186474784354E+00 a       967     0    33     1     7
  8.6285412996600215E+00 a       968     0    33     1     8
 -1.7306847932623828E+01 a       969     0    33     1     9
 -7.1685619981441215E+00 a       970     0    33     1    10
  5.2786327926603178E+00 a       971     0    33     1    11
 -3.6440140774888086E+00 a       972     0    33     1    12
  2.4757621355132031E+01 a       973     0    33     1    13
 -1.4423806031750461E-01 a       974     0    33     1    14
  6.5288849157801279E+00 a       975     0    33     1    15
  9.8926162000291225E+00 a       976     0    33     1    16
  6.0269403821795668E+00 a       977     0    33     1    17
 -3.8794700956343426E+00 a       978     0    33     1    18
 -1.8248421952962183E+01 a       979     0    33     1    19
  2.9057988801670653E+01 a       980     0    33     1    20
 -2.1102945314095467E+00 a       981     0    33     1    21
 -1.0309475048947542E+01 a       982     0    33     1    22
 -2.7373678321520982E+00 a       983     0    33     1    23
  1.6344603114028509E+01 a       984     0    33     1    24
 -1.3680745866914517E+01 a       985     0    33     1    25
  9.7380129590172650E+00 a       986     0    33     1    26
  4.7430137922731852E+00 a       987     0    33     1    27
  2.1513692293142675E+01 a       988     0    33     1    28
  2.6933288601582159E+01 a       989     0    33     1    29
 -4.9999348992671191E+00 a       990     0    33     1    30
  1.7101800440581499E+01 a       991     0    34     1     1
 -3.7225298374841582E+00 a       992     0    34     1     2
 -1.5321386912656978E+01 a       993     0    34     1     3
  8.6711700599322175E+00 a       994     0    34     1     4
 -2.4797952635508935E+01 a       995     0    34     1     5
  1.2376043588146700E+01 a       996     0    34     1     6
  3.8956426365024841E+00 a       997     0    34     1     7
 -5.4917760820433861E+00 a       998     0    34     1     8
  2.0966819163487521E+01 a       999     0    34     1     9
 -2.6337315177132394E+00 a      1000     0    34     1    10
  1.9828314889401934E+01 a      1001     0    34     1    11
  4.7180425512065076E+00 a      1002     0    34     1    12
 -1.3364500818885263E+01 a      1003     0    34     1    13
 -1.0146500820534682E+01 a      1004     0    34     1    14
  2.9570028918934064E+00 a      1005     0    34     1    15
  3.3045297634248769E+01 a      1006     0    34     1    16
  8.5418692056884158E+00 a      1007     0    34     1    17
 -3.5686623848454646E-01 a      1008     0    34     1    18
  1.5239778809816762E+01 a      1009     0    34     1    19
 -2.2030975265016352E+01 a      1010     0    34     1    20
  1.1653860318458040E+01 a      1011     0    34     1    21
 -1.6785209759412535E+01 a      1012     0    34     1    22
  9.8681756839794055E+00 a      1013     0    34     1    23
  1.1628532564566159E+00 a      1014     0    34     1    24
  5.6444309719002366E+00 a      1015     0    34     1    25
 -1.1648414687327259E+01 a      1016     0    34     1    26
  1.4207782522967131E+01 a      1017     0    34     1    27
  2.8034631477597061E+00 a      1018     0    34     1    28
  2.7633195444723593E+00 a      1019     0    34     1    29
  1.0745869518651471E+01 a      1020     0    34     1    30
 -4.3176701597574887E+00 a      1021     0    35     1     1
 -1.4674132135911400E+01 a      1022     0    35     1     2
  1.0872504029588996E+00 a      1023     0    35     1     3
 -3.1386830492622387E+01 a      1024     0    35     1     4
  1.3631709198595034E+01 a      1025     0    35     1     5
 -4.0381605815689838E+01 a      1026     0    35     1     6
 -1.2618747059025086E+01 a      1027     0    35     1     7
  2.9672232722056631E+01 a      1028     0    35     1     8
 -1.0923900366389907E+01 a      1029     0    35     1     9
 -2.5370505294437450E+01 a      1030     0    35     1    10
  1.5237616273287948E+01 a      1031     0    35     1    11
 -3.3606669779833688E+01 a      1032     0    35     1    12
 -3.6038832864878088E+01 a      1033     0    35     1    13
 -2.2640506738379380E+00 a      1034     0    35     1    14
 -1.5112731662990118E+01 a      1035     0    35     1    15
 -9.6622130574095308E+00 a      1036     0    35     1    16
 -5.6071795539721760E+00 a      1037     0    35     1    17
 -1.3185488145798905E+01 a      1038     0    35     1    18
  2.3918806401100756E+00 a      1039     0    35     1    19
 -2.4352777241856951E+00 a      1040     0    35     1    20
  1.3819965580791886E+01 a      1041     0    35     1    21
 -2.7463868084370660E+01 a      1042     0    35     1    22
 -8.5917110577034368E+00 a      1043     0    35     1    23
 -7.6652177245916375E+00 a      1044     0    35     1    24
  1.5127710847853933E+01 a      1045     0    35     1    25
 -4.3446267705336590E+00 a      1046     0    35     1    26
  1.3889048317073744E+01 a      1047     0    35     1    27
 -2.7586149719652968E+00 a      1048     0    35     1    28
 -8.7648505854828933E+00 a      1049     0    35     1    29
  9.3707129009673444E+00 a      1050     0    35     1    30
 -1.6989789984395077E+01 a      1051     0    36     1     1
  1.5097956908621720E+01 a      1052     0    36     1     2
  1.6297440960102545E+01 a      1053     0    36     1     3
 -5.0032695578091637E+00 a      1054     0    36     1     4
  1.3856894799493080E+01 a      1055     0    36     1     5
  6.7437618230112299E+00 a      1056     0    36     1     6
 -6.6841434356183271E-01 a      1057     0    36     1     7
  1.5034979264678150E-01 a      1058     0    36     1     8
 -2.4180336896481418E+01 a      1059     0    36     1     9
  1.1264447493862713E+01 a      1060     0    36     1    10
 -1.9744866993420100E+01 a      1061     0    36     1    11
  1.0302436239974029E+00 a      1062     0    36     1    12
  1.7308196162280932E+01 a      1063     0    36     1    13
  6.1582824810131518E+00 a      1064     0    36     1    14
  7.5274283919870477E+00 a      1065     0    36     1    15
 -2.2171226502291177E+01 a      1066     0    36     1    16
 -6.8210227050013490E+00 a      1067     0    36     1    17
  8.2150169895890599E+00 a      1068     0    36     1    18
  6.4442500318317597E-01 a      1069     0    36     1    19
  1.6202968327230707E+01 a      1070     0    36     1    20
  1.2640849527808973E+00 a      1071     0    36     1    21
  2.2252904422377565E+01 a      1072     0    36     1    22
 -1.5434309413059024E+01 a      1073     0    36     1    23
  3.8611454547213868E+00 a      1074     0    36     1    24
 -6.5791285162334532E+00 a      1075     0    36     1    25
  1.9201932727068506E+01 a      1076     0    36     1    26
 -1.3392616692183056E+01 a      1077     0    36     1    27
 -9.2007418640802232E+00 a      1078     0    36     1    28
 -6.7020659927195201E+00 a      1079     0    36     1    29
 -4.6672162346396142E+00 a      1080     0    36     1    30
  1.4629262250675463E+01 a      1081     0    37     1     1
 -2.4892127752922370E+01 a      1082     0    37     1     2
 -1.4941482014785347E+01 a      1083     0    37     1     3
  4.2258333420419003E+00 a      1084     0    37     1     4
 -6.1053554618932004E+00 a      1085     0    37     1     5
 -9.7072412204242582E+00 a      1086     0    37     1     6
  3.8362104352548090E+00 a      1087     0    37     1     7
  3.2894929718115651E+00 a      1088     0    37     1     8
  1.3121923603887909E+01 a      1089     0    37     1     9
 -8.8180850471884504E+00 a      1090     0    37     1    10
  5.7805215378356447E+00 a      1091     0    37     1    11
  2.8489187207283266E+00 a      1092     0    37     1    12
 -4.1057204878226123E+00 a      1093     0    37     1    13
  3.1067302709745972E+00 a      1094     0    37     1    14
 -6.6566955244064765E+00 a      1095     0    37     1    15
  8.1680192550115982E-01 a      1096     0    37     1    16
  8.9258115492049352E+00 a      1097     0    37     1    17
 -8.2006061067122609E+00 a      1098     0    37     1    18
 -6.8377928907800438E+00 a      1099     0    37     1    19
 -5.8044063993941206E+00 a      1100     0    37     1    20
 -1.4448514732917101E+01 a      1101     0    37     1    21
 -1.4238414079298327E+01 a      1102     0    37     1    22
  2.0438081017221151E+01 a      1103     0    37     1    23
 -3.2724867586299236E+00 a      1104     0    37     1    24
 -2.9503232417477583E+00 a      1105     0    37     1    25
 -2.9891669687694726E+01 a      1106     0    37     1    26
  1.0451379115477636E+01 a      1107     0    37     1    27
  1.4938975976565111E+01 a      1108     0    37     1    28
 -2.8035882273855917E+00 a      1109     0    37     1    29
 -8.2606886157788288E+00 a      1110     0    37     1    30
  9.1709904801909694E+00 a      1111     0    38     1     1
 -1.1976240816979177E+01 a      1112     0    38     1     2
 -7.6758956233996900E-01 a      1113     0    38     1     3
  9.4716469477474021E+00 a      1114     0    38     1     4
 -1.7512855578634003E+01 a      1115     0    38     1     5
 -6.1234148534371018E+00 a      1116     0    38     1     6
  9.5381053519874133E+00 a      1117     0    38     1     7
  1.8399383558486402E+01 a      1118     0    38     1     8
  5.2312622854036279E+00 a      1119     0    38     1     9
 -1.7731097015545721E+01 a      1120     0    38     1    10
 -1.3627984479340185E+01 a      1121     0    38     1    11
  9.3056129511196168E+00 a      1122     0    38     1    12
  1.4070328085844805E+01 a      1123     0    38     1    13
  1.6830415013533575E+01 a      1124     0    38     1    14
 -8.7072908648461720E+00 a      1125     0    38     1    15
 -1.3563809826833163E+01 a      1126     0    38     1    16
  1.0204466262216510E+01 a      1127     0    38     1    17
  1.1292395027770219E+01 a      1128     0    38     1    18
  3.0264380251076435E+01 a      1129     0    38     1    19
  1.6541484018456938E+01 a      1130     0    38     1    20
  1.1150362628819030E+01 a      1131     0    38     1    21
 -8.7564168079644542E+00 a      1132     0    38     1    22
  1.0750519162059829E+01 a      1133     0    38     1    23
  1.1901422034559721E+00 a      1134     0    38     1    24
 -1.3015792975206146E+01 a      1135     0    38     1    25
  2.9830171526720136E+01 a      1136     0    38     1    26
  8.4195649378815922E+00 a      1137     0    38     1    27
  2.2957738680595334E+01 a      1138     0    38     1    28
 -1.3824789135411569E+01 a      1139     0    38     1    29
  5.9021195384946497E+00 a      1140     0    38     1    30
 -2.1067367383035678E+00 a      1141     0    39     1     1
 -1.2076534960551055E+00 a      1142     0    39     1     2
 -8.2873158085979892E-02 a      1143     0    39     1     3
 -7.5920564429760207E+00 a      1144     0    39     1     4
  5.8444049044997550E+00 a      1145     0    39     1     5
  3.3805686880074315E-01 a      1146     0    39     1     6
 -7.9174557381258048E-01 a      1147     0    39     1     7
 -9.5796415582139023E+00 a      1148     0    39     1     8
 -1.3346901568528822E+00 a      1149     0    39     1     9
  1.2287128686766215E+01 a      1150     0    39     1    10
  7.1331803852576927E+00 a      1151     0    39     1    11
 -2.7710003586670870E+00 a      1152     0    39     1    12
 -1.2951768296513194E+01 a      1153     0    39     1    13
 -8.4492885137284137E+00 a      1154     0    39     1    14
 -2.0219401630418510E+00 a      1155     0    39     1    15
  3.2898698720727362E+00 a      1156     0    39     1    16
 -2.3991125567562142E+00 a      1157     0    39     1    17
  3.2460600453456345E-01 a      1158     0    39     1    18
 -8.0443279106198258E+00 a      1159     0    39     1    19
 -3.1458139278116168E+00 a      1160     0    39     1    20
 -9.4767103513923985E+00 a      1161     0    39     1    21
  9.2807117864378146E+00 a      1162     0    39     1    22
 -2.0286175822157713E+00 a      1163     0    39     1    23
 -1.4730011843197550E+00 a      1164     0    39     1    24
  4.6888033430397122E+00 a      1165     0    39     1    25
 -1.1037711679125490E+01 a      1166     0    39     1    26
 -7.3169717327758175E+00 a      1167     0    39     1    27
 -5.8649265485264035E+00 a      1168     0    39     1    28
 -1.0081762453395364E+00 a      1169     0    39     1    29
 -2.7435232010636281E+00 a      1170     0    39     1    30
 -9.7550109403135892E+00 a      1171     0    40     1     1
  2.7192802661260302E+01 a      1172     0    40     1     2
  1.0300066232138217E+01 a      1173     0    40     1     3
  9.6857487376169367E+00 a      1174     0    40     1     4
 -3.0522328910402772E+00 a      1175     0    40     1     5
  2.6643611327092504E+01 a      1176     0    40     1     6
 -1.0882285811928440E+00 a      1177     0    40     1     7
 -2.5133934490949272E+01 a      1178     0    40     1     8
  6.2679636938881300E+00 a      1179     0    40     1     9
  2.1487277194215253E+01 a      1180     0    40     1    10
  5.6699318654136235E+00 a      1181     0    40     1    11
  3.9046058004039010E+00 a      1182     0    40     1    12
  5.5562782890082998E+00 a      1183     0    40     1    13
 -1.0659462945016568E+01 a      1184     0    40     1    14
  1.5872845253995644E+01 a      1185     0    40     1    15
  1.1417048299568430E+01 a      1186     0    40     1    16
 -5.4919602144592652E+00 a      1187     0    40     1    17
  2.0285494453900577E+00 a      1188     0    40     1    18
 -1.5673914312708039E+01 a      1189     0    40     1    19
 -1.3157835588305398E+01 a      1190     0    40     1    20
  2.9000709435032457E+00 a      1191     0    40     1    21
  1.8154902177770985E+01 a      1192     0    40     1    22
 -1.0210640049241412E+01 a      1193     0    40     1    23
 -2.4407607554843316E+00 a      1194     0    40     1    24
  5.2706043463388736E+00 a      1195     0    40     1    25
 -1.0840168759533286E+00 a      1196     0    40     1    26
 -8.3335842751469773E+00 a      1197     0    40     1    27
 -7.3659847439103601E+00 a      1198     0    40     1    28
  1.4146585674700912E+01 a      1199     0    40     1    29
  5.2631629494670849E+00 a      1200     0    40     1    30
  3.6110870330460273E+01 a      1201     0    41     1     1
 -1.1626487366173375E+00 a      1202     0    41     1     2
  4.1264751951001287E+01 a      1203     0    41     1     3
 -3.9881099226910095E+00 a      1204     0    41     1     4
 -5.3623137394605314E+00 a      1205     0    41     1     5
  6.8696441888688806E+00 a      1206     0    41     1     6
 -2.3700034880908930E+01 a      1207     0    41     1     7
 -9.1470262510650393E+00 a      1208     0    41     1     8
 -1.8034067298835016E+01 a      1209     0    41     1     9
 -2.0321013656948264E+01 a      1210     0    41     1    10
 -7.0831180796983393E+00 a      1211     0    41     1    11
  7.4301194050988837E+00 a      1212     0    41     1    12
  7.4060757425991728E+00 a      1213     0    41     1    13
 -2.4357088639541487E+01 a      1214     0    41     1    14
 -1.0706100024121287E+01 a      1215     0    41     1    15
  1.1470484873485518E+01 a      1216     0    41     1    16
 -1.6435467972677166E+01 a      1217     0    41     1    17
  5.0628948850721898E+00 a      1218     0    41     1    18
 -2.4171492885619397E+01 a      1219     0    41     1    19
  4.8875864238799123E+00 a      1220     0    41     1    20
 -9.7489467130069229E+00 a      1221     0    41     1    21
 -3.2560911014418842E+01 a      1222     0    41     1    22
 -1.0432387357145510E+01 a      1223     0    41     1    23
  1.6746416158840634E+00 a      1224     0    41     1    24
 -7.4357167645666138E+00 a      1225     0    41     1    25
 -2.8018918468668765E+01 a      1226     0    41     1    26
  1.5195783870662728E+01 a      1227     0    41     1    27
  3.8603307658340689E+00 a      1228     0    41     1    28
  1.1651229591809365E+01 a      1229     0    41     1    29
 -3.4853339257609363E+01 a      1230     0    41     1    30
 -2.6908856598574911E+01 a      1231     0    42     1     1
 -9.6884921934361916E+00 a      1232     0    42     1     2
 -2.6338508214188217E+01 a      1233     0    42     1     3
 -2.7544973161233428E+00 a      1234     0    42     1     4
 -8.0591370757986596E+00 a      1235     0    42     1     5
  3.4981514326593910E+00 a      1236     0    42     1     6
  1.3501387023999019E+01 a      1237     0    42     1     7
  5.2323971553880213E+00 a      1238     0    42     1     8
  1.1755439621231133E+01 a      1239     0    42     1     9
 -6.6009514878405771E+00 a      1240     0    42     1    10
  5.6013481965182095E+00 a      1241     0    42     1    11
 -2.4847413494803948E+01 a      1242     0    42     1    12
 -3.2248640703583682E+00 a      1243     0    42     1    13
 -1.4743128866232189E+00 a      1244     0    42     1    14
 -6.6682421058282015E+00 a      1245     0    42     1    15
 -9.0733325117338186E+00 a      1246     0    42     1    16
 -9.2583264060086012E-01 a      1247     0    42     1    17
  6.8253256171623891E+00 a      1248     0    42     1    18
  1.2909756375853810E+01 a      1249     0    42     1    19
  2.1480440689987919E+01 a      1250     0    42     1    20
  1.7403336824043492E+01 a      1251     0    42     1    21
  1.3984076889306133E+01 a      1252     0    42     1    22
  6.8352595977093902E+00 a      1253     0    42     1    23
 -5.7356393241848025E+00 a      1254     0    42     1    24
  4.2846910909872638E-01 a      1255     0    42     1    25
  2.6044794453225641E+01 a      1256     0    42     1    26
 -3.8880217327620308E+00 a      1257     0    42     1    27
 -3.6241391105455816E+00 a      1258     0    42     1    28
 -1.1698720935178725E+01 a      1259     0    42     1    29
  1.8535512452210540E+01 a      1260     0    42     1    30
 -1.9268083751109117E+01 a      1261     0    43     1     1
 -6.4482654913473674E+00 a      1262     0    43     1     2
 -3.1518591235478663E+01 a      1263     0    43     1     3
  4.1160878906495837E+00 a      1264     0    43     1     4
 -5.9685074965084395E+00 a      1265     0    43     1     5
  4.4940974923704751E+00 a      1266     0    43     1     6
  1.1992899199927889E+01 a      1267     0    43     1     7
 -2.9040414913036914E+00 a      1268     0    43     1     8
  5.4120098037041311E+00 a      1269     0    43     1     9
  2.9977475578003139E+00 a      1270     0    43     1    10
 -8.3777062607522979E+00 a      1271     0    43     1    11
  3.7074229493586057E+00 a      1272     0    43     1    12
 -8.0209856758691664E+00 a      1273     0    43     1    13
  3.0640870950067924E+00 a      1274     0    43     1    14
  9.9002825126578244E+00 a      1275     0    43     1    15
  9.1763921628119167E+00 a      1276     0    43     1    16
  1.1857036195966881E+01 a      1277     0    43     1    17
  1.3317878387933597E+00 a      1278     0    43     1    18
  1.0093030216215357E+01 a      1279     0    43     1    19
 -6.9807313342970911E-01 a      1280     0    43     1    20
  5.9791714183460627E+00 a      1281     0    43     1    21
  1.5619776953761035E+00 a      1282     0    43     1    22
  8.7041010278145468E+00 a      1283     0    43     1    23
  5.8080937523506204E+00 a      1284     0    43     1    24
 -2.5682378907301597E+00 a      1285     0    43     1    25
  3.1102681782095846E+01 a      1286     0    43     1    26
 -4.2673985654945241E+00 a      1287     0    43     1    27
  3.1822042050927770E+00 a      1288     0    43     1    28
  5.1853876697113110E-01 a      1289     0    43     1    29
  4.0706026409221330E+01 a      1290     0    43     1    30
  1.9940266922884934E+01 a      1291     0    44     1     1
  1.3636259900451426E+01 a      1292     0    44     1     2
  3.0550187587087233E+01 a      1293     0    44     1     3
 -1.7511021411958962E+00 a      1294     0    44     1     4
 -5.9909530414441985E+00 a      1295     0    44     1     5
 -6.9233418237215787E+00 a      1296     0    44     1     6
  3.5365797859978905E+00 a      1297     0    44     1     7
  6.2319826033069345E+00 a      1298     0    44     1     8
  2.8464235784084253E+00 a      1299     0    44     1     9
  9.3131949809854468E+00 a      1300     0    44     1    10
  6.8712008656216916E+00 a      1301     0    44     1    11
  1.0158697342313099E+00 a      1302     0    44     1    12
  2.0344577830465976E+01 a      1303     0    44     1    13
  1.2083984048294980E+01 a      1304     0    44     1    14
  3.4798162732304283E-01 a      1305     0    44     1    15
 -6.9075686024131935E+00 a      1306     0    44     1    16
  5.8314730579279210E+00 a      1307     0    44     1    17
 -7.1023604843325803E+00 a      1308     0    44     1    18
 -3.5825188629253959E+00 a      1309     0    44     1    19
  9.9290230174392029E+00 a      1310     0    44     1    20
 -1.4758592825385630E+01 a      1311     0    44     1    21
  8.2389232594773247E+00 a      1312     0    44     1    22
 -1.4612091270752424E+01 a      1313     0    44     1    23
 -1.4136339906430445E+01 a      1314     0    44     1    24
  1.3747075705151762E+01 a      1315     0    44     1    25
 -3.1237515501410353E+01 a      1316     0    44     1    26
  2.3581679823254991E+00 a      1317     0    44     1    27
 -4.0779112889154927E+00 a      1318     0    44     1    28
 -6.8630591142465027E+00 a      1319     0    44     1    29
 -2.2337380731698012E+01 a      1320     0    44     1    30
 -1.2942339983520029E+01 a      1321     0    45     1     1
 -3.0875024441542870E+01 a      1322     0    45     1     2
 -1.0977342129520922E+01 a      1323     0    45     1     3
 -2.1362270057923900E+00 a      1324     0    45     1     4
  2.6988074608484574E+01 a      1325     0    45     1     5
  3.3055668518794472E+00 a      1326     0    45     1     6
 -1.4000628040040548E+01 a      1327     0    45     1     7
  2.8525570484451577E+00 a      1328     0    45     1     8
 -9.5558879314687690E+00 a      1329     0    45     1     9
 -5.6025014248641556E+00 a      1330     0    45     1    10
 -1.6291047663892293E+01 a      1331     0    45     1    11
  7.4879921522688457E+00 a      1332     0    45     1    12
 -1.4139317900370765E+01 a      1333     0    45     1    13
 -1.7319322110672637E+01 a      1334     0    45     1    14
 -8.5597091105992504E+00 a      1335     0    45     1    15
 -1.4820032341173246E+00 a      1336     0    45     1    16
 -1.4189361185517075E+01 a      1337     0    45     1    17
 -6.3068751006762136E-01 a      1338     0    45     1    18
 -7.9121860286992023E+00 a      1339     0    45     1    19
  1.5714723289958435E+01 a      1340     0    45     1    20
 -9.6017607729729644E+00 a      1341     0    45     1    21
  6.3027491666422533E-02 a      1342     0    45     1    22
 -8.7297345608325205E+00 a      1343     0    45     1    23
  8.1074201326671993E+00 a      1344     0    45     1    24
 -3.1842121848002685E+00 a      1345     0    45     1    25
  8.9921019844160472E+00 a      1346     0    45     1    26
  2.3169152241540028E+00 a      1347     0    45     1    27
 -2.8525759895434541E+00 a      1348     0    45     1    28
  8.7610311645143604E+00 a      1349     0    45     1    29
  9.2112811899636284E+00 a      1350     0    45     1    30
  3.5730485238318650E+01 a      1351     0    46     1     1
  7.1026533299562011E+00 a      1352     0    46     1     2
  1.6643218235538932E+01 a      1353     0    46     1     3
  4.1832515883428654E+00 a      1354     0    46     1     4
 -1.4909548328054589E+00 a      1355     0    46     1     5
  1.7485218785976375E+01 a      1356     0    46     1     6
  2.1460192571916874E+00 a      1357     0    46     1     7
 -2.1198169200091113E+00 a      1358     0    46     1     8
 -1.9196675809700909E+00 a      1359     0    46     1     9
  1.0993770255510652E+01 a      1360     0    46     1    10
 -8.6237823083336611E+00 a      1361     0    46     1    11
  2.7966330631003200E+00 a      1362     0    46     1    12
  1.1803501686898709E+01 a      1363     0    46     1    13
 -7.4453260675049515E+00 a      1364     0    46     1    14
  4.1292838478499405E+01 a      1365     0    46     1    15
 -3.0957505197142701E+00 a      1366     0    46     1    16
  2.5634458253377879E+01 a      1367     0    46     1    17
  1.3316475679636994E+01 a      1368     0    46     1    18
 -1.8873891158707725E+01 a      1369     0    46     1    19
  1.2585060508174968E+00 a      1370     0    46     1    20
 -6.4197443628902668E+00 a      1371     0    46     1    21
 -2.1942279358592284E+01 a      1372     0    46     1    22
 -1.4329222911463759E+01 a      1373     0    46     1    23
  6.1609206274061838E+00 a      1374     0    46     1    24
  2.2089725551746575E+01 a      1375     0    46     1    25
  1.4694583055577690E+01 a      1376     0    46     1    26
  1.6885473859359085E+01 a      1377     0    46     1    27
  9.9578417489916848E+00 a      1378     0    46     1    28
  1.8620970547202923E+01 a      1379     0    46     1    29
  1.6954512012464722E+01 a      1380     0    46     1    30
 -1.1017724945559578E+01 a      1381     0    47     1     1
  2.3938898096520159E+01 a      1382     0    47     1     2
 -5.3931405406921771E+00 a      1383     0    47     1     3
 -8.5322312998186369E+00 a      1384     0    47     1     4
  9.3784067048273378E+00 a      1385     0    47     1     5
 -1.0996560549144135E+01 a      1386     0    47     1     6
  1.3192310615755355E+01 a      1387     0    47     1     7
 -2.4081391566311168E+00 a      1388     0    47     1     8
  2.0154252105061111E+01 a      1389     0    47     1     9
  1.1482004366850177E+01 a      1390     0    47     1    10
  2.2618049433625814E+01 a      1391     0    47     1    11
  9.4312899923762785E+00 a      1392     0    47     1    12
 -1.1167515382920108E+00 a      1393     0    47     1    13
  3.5771530479137709E+01 a      1394     0    47     1    14
  1.4041825107216875E+01 a      1395     0    47     1    15
 -1.4580663887007237E+01 a      1396     0    47     1    16
  3.4877811662414984E+00 a      1397     0    47     1    17
  3.7993407260702727E-01 a      1398     0    47     1    18
 -4.0595620631859584E+00 a      1399     0    47     1    19
 -1.7633141498236427E+01 a      1400     0    47     1    20
 -6.4462608073649257E+00 a      1401     0    47     1    21
  3.0161101228252559E+01 a      1402     0    47     1    22
  9.9165432645211993E-01 a      1403     0    47     1    23
 -1.6233931177721375E+00 a      1404     0    47     1    24
  2.2191125803020487E+01 a      1405     0    47     1    25
  1.6746752890613503E+00 a      1406     0    47     1    26
 -1.7065256181395725E+01 a      1407     0    47     1    27
  9.3120100665152510E+00 a      1408     0    47     1    28
 -6.8539553180347657E+00 a      1409     0    47     1    29
  6.2850278883454358E+00 a      1410     0    47     1    30
 -2.3879573920426893E+01 a      1411     0    48     1     1
 -1.4664650485200152E+01 a      1412     0    48     1     2
 -5.7799661510705294E+00 a      1413     0    48     1     3
 -3.0890541694856339E+00 a      1414     0    48     1     4
  1.7565820139507288E+01 a      1415     0    48     1     5
 -2.2391586270862188E+01 a      1416     0    48     1     6
 -9.3173753727156114E+00 a      1417     0    48     1     7
 -4.0670159548612503E+01 a      1418     0    48     1     8
  2.4539699636702252E+01 a      1419     0    48     1     9
 -5.1092409144181117E+00 a      1420     0    48     1    10
  4.5112492759099176E+01 a      1421     0    48     1    11
 -2.5734892067445177E+01 a      1422     0    48     1    12
 -2.2715516735832331E+01 a      1423     0    48     1    13
 -1.8194286016239502E+01 a      1424     0    48     1    14
 -3.4619823930474588E+01 a      1425     0    48     1    15
 -2.5727341020445778E+00 a      1426     0    48     1    16
 -3.0501423897115014E+00 a      1427     0    48     1    17
 -2.1208109989526310E+01 a      1428     0    48     1    18
 -1.5222676853129560E+01 a      1429     0    48     1    19
  4.3459003459308665E+00 a      1430     0    48     1    20
 -1.2815725458176303E+01 a      1431     0    48     1    21
  1.8695828718399305E+01 a      1432     0    48     1    22
 -1.3523283889657767E+01 a      1433     0    48     1    23
 -1.8762773421718698E+01 a      1434     0    48     1    24
 -1.1228205120038195E+01 a      1435     0    48     1    25
 -3.1760485703068543E+01 a      1436     0    48     1    26
  6.0888743274341162E-01 a      1437     0    48     1    27
  1.1380337988039499E+00 a      1438     0    48     1    28
 -3.1727532390526374E+01 a      1439     0    48     1    29
 -6.4260111913424041E+01 a      1440     0    48     1    30
  1.6130858134064837E+01 a      1441     0    49     1     1
  4.6498851138525112E+01 a      1442     0    49     1     2
  7.9347506852240288E+00 a      1443     0    49     1     3
  6.9619326204891454E+00 a      1444     0    49     1     4
 -4.9157640121891944E+01 a      1445     0    49     1     5
  4.4825307296553660E+00 a      1446     0    49     1     6
  1.6260731897572256E+01 a      1447     0    49     1     7
 -5.3831134355788555E+00 a      1448     0    49     1     8
  1.2614164028596004E+01 a      1449     0    49     1     9
  1.2731383457917835E+00 a      1450     0    49     1    10
  2.6310560112945382E+01 a      1451     0    49     1    11
 -8.7336636692274787E+00 a      1452     0    49     1    12
  2.0884463990447497E+01 a      1453     0    49     1    13
  2.4619686833166192E+01 a      1454     0    49     1    14
  3.2346660766995350E+00 a      1455     0    49     1    15
 -1.2164280957684517E-01 a      1456     0    49     1    16
  2.0094844160147407E+01 a      1457     0    49     1    17
  6.0929925286447402E+00 a      1458     0    49     1    18
  4.6041476516357536E+00 a      1459     0    49     1    19
 -4.0997355339136767E+01 a      1460     0    49     1    20
  2.9071731863829850E+01 a      1461     0    49     1    21
 -5.6048050610831339E+00 a      1462     0    49     1    22
  2.0646281784844962E+01 a      1463     0    49     1    23
 -7.9884688496603289E+00 a      1464     0    49     1    24
  3.2322804117541839E+00 a      1465     0    49     1    25
  5.8086327544982153E+00 a      1466     0    49     1    26
 -5.6416906009890075E+00 a      1467     0    49     1    27
  9.4827623976173676E+00 a      1468     0    49     1    28
 -9.7508854911869314E+00 a      1469     0    49     1    29
 -1.4783761070386927E+01 a      1470     0    49     1    30
 -2.9613468967578225E+01 a      1471     0    50     1     1
  5.1356346874115175E+00 a      1472     0    50     1     2
 -2.4087559847068803E+01 a      1473     0    50     1     3
 -3.5497481217304290E+00 a      1474     0    50     1     4
 -4.6004517287803077E+00 a      1475     0    50     1     5
 -1.3847290663999502E+01 a      1476     0    50     1     6
  1.0217721509408182E+01 a      1477     0    50     1     7
  3.8198087587344027E+01 a      1478     0    50     1     8
 -2.2087998272179277E-01 a      1479     0    50     1     9
 -2.8331362177582097E+01 a      1480     0    50     1    10
 -5.3874075578204748E+00 a      1481     0    50     1    11
  2.5397395974900274E+01 a      1482     0    50     1    12
 -3.5576885377991530E+00 a      1483     0    50     1    13
  9.0240141556579534E+00 a      1484     0    50     1    14
 -3.7519977110840529E+01 a      1485     0    50     1    15
  1.4012827000099932E+01 a      1486     0    50     1    16
 -2.9911611448662288E+01 a      1487     0    50     1    17
 -3.0213946264392074E+01 a      1488     0    50     1    18
  1.6662968007205773E+01 a      1489     0    50     1    19
 -1.6706899898972903E+01 a      1490     0    50     1    20
  1.1418129235684905E+01 a      1491     0    50     1    21
  9.1858962090366187E+00 a      1492     0    50     1    22
  2.2407034850804045E+01 a      1493     0    50     1    23
  4.3178568265450936E+00 a      1494     0    50     1    24
 -2.3033845313806314E+01 a      1495     0    50     1    25
 -4.9925631218398570E+00 a      1496     0    50     1    26
 -1.4194818263530301E+01 a      1497     0    50     1    27
 -1.8291520225177302E+00 a      1498     0    50     1    28
 -7.2028200382379994E+00 a      1499     0    50     1    29
  1.7051571545341925E+01 a      1500     0    50     1    30
  3.2235277606632820E+01 a      1501     0    51     1     1
  2.3382322099623980E+01 a      1502     0    51     1     2
  2.1700224001084855E+01 a      1503     0    51     1     3
  1.0151303889358406E+01 a      1504     0    51     1     4
 -1.3410600631904454E-01 a      1505     0    51     1     5
  1.5840948362494547E+01 a      1506     0    51     1     6
  9.1722383696164222E-01 a      1507     0    51     1     7
  2.0250950252364589E+01 a      1508     0    51     1     8
 -4.6476258900984803E+01 a      1509     0    51     1     9
  2.3907781504723747E+01 a      1510     0    51     1    10
 -4.0549378776233269E+01 a      1511     0    51     1    11
  3.3207213697534435E+01 a      1512     0    51     1    12
  7.4520383167355604E+00 a      1513     0    51     1    13
  1.7712249865977444E+01 a      1514     0    51     1    14
  3.2815887759213119E+01 a      1515     0    51     1    15
  1.0221254517237565E+01 a      1516     0    51     1    16
  8.4579992006796783E+00 a      1517     0    51     1    17
  2.4356694006200247E+01 a      1518     0    51     1    18
  8.8323138894690914E+00 a      1519     0    51     1    19
 -2.0987031322260581E+01 a      1520     0    51     1    20
  3.3586800387306357E+00 a      1521     0    51     1    21
 -2.4859610049484314E+01 a      1522     0    51     1    22
  4.3088908015134670E+00 a      1523     0    51     1    23
  4.1996114760880996E+00 a      1524     0    51     1    24
 -6.2420209502792803E+00 a      1525     0    51     1    25
  1.1556702604029264E+01 a      1526     0    51     1    26
 -7.2766379088626723E+00 a      1527     0    51     1    27
 -1.4890719689908389E+01 a      1528     0    51     1    28
  3.1466899831827700E+01 a      1529     0    51     1    29
  2.7234680200216982E+01 a      1530     0    51     1    30
 -7.7375402752898532E+00 a      1531     0    52     1     1
 -1.0089223657049072E+01 a      1532     0    52     1     2
 -1.0791781783683049E+01 a      1533     0    52     1     3
 -5.6932086787588680E+00 a      1534     0    52     1     4
  1.6201793522840781E+01 a      1535     0    52     1     5
 -3.0224471753041167E+00 a      1536     0    52     1     6
 -1.1970074907211915E+01 a      1537     0    52     1     7
 -1.1813224939848931E+01 a      1538     0    52     1     8
 -3.9939438339444555E+00 a      1539     0    52     1     9
 -1.0006769472995730E+01 a      1540     0    52     1    10
 -3.6652447397217718E+00 a      1541     0    52     1    11
 -7.1966206302389431E+00 a      1542     0    52     1    12
 -1.4667618014858013E+01 a      1543     0    52     1    13
 -1.6325013437902882E+01 a      1544     0    52     1    14
 -8.9628783537308490E+00 a      1545     0    52     1    15
  4.4433570026860369E+00 a      1546     0    52     1    16
 -2.1653348099922649E+01 a      1547     0    52     1    17
  8.8963893665727145E+00 a      1548     0    52     1    18
  6.3313513855634396E-01 a      1549     0    52     1    19
 -1.6797325811254495E+01 a      1550     0    52     1    20
  1.0751071193333694E+01 a      1551     0    52     1    21
 -1.1696597469336732E+01 a      1552     0    52     1    22
  2.0383991021006000E+01 a      1553     0    52     1    23
  1.7781057582971290E+01 a      1554     0    52     1    24
 -1.5899852553574155E+01 a      1555     0    52     1    25
  7.9400716617567451E+00 a      1556     0    52     1    26
 -1.2254255346555878E+00 a      1557     0    52     1    27
  1.3799756662795760E+01 a      1558     0    52     1    28
  1.6380240879055792E+00 a      1559     0    52     1    29
 -4.1512544685844359E+00 a      1560     0    52     1    30
 -1.9312130129300527E+01 a      1561     0    53     1     1
 -2.7314343757951836E+01 a      1562     0    53     1     2
 -4.1899839052217471E+00 a      1563     0    53     1     3
 -6.3992101787362321E+00 a      1564     0    53     1     4
  3.0580448758828105E+01 a      1565     0    53     1     5
 -5.0042088856749247E+00 a      1566     0    53     1     6
  3.7724517247842065E-01 a      1567     0    53     1     7
  3.8072676044862561E+00 a      1568     0    53     1     8
 -3.3002473806839556E+00 a      1569     0    53     1     9
 -2.9840022029269420E-01 a      1570     0    53     1    10
 -1.2792272040082691E+01 a      1571     0    53     1    11
  1.3312146357631938E-01 a      1572     0    53     1    12
 -1.7865137873652536E+01 a      1573     0    53     1    13
 -8.3972997277447856E+00 a      1574     0    53     1    14
  6.6820168222548357E+00 a      1575     0    53     1    15
  1.8748642340675827E+00 a      1576     0    53     1    16
 -4.2331099550327975E+00 a      1577     0    53     1    17
 -1.7037862570163025E+01 a      1578     0    53     1    18
  4.9791546133386078E+00 a      1579     0    53     1    19
  4.0540766573745238E+01 a      1580     0    53     1    20
 -2.1332453450485424E+01 a      1581     0    53     1    21
  2.1162398692868929E+00 a      1582     0    53     1    22
 -2.7363943811640699E+01 a      1583     0    53     1    23
 -5.9891390774152597E-01 a      1584     0    53     1    24
  1.6285210288635255E+00 a      1585     0    53     1    25
 -1.6974343560995454E+01 a      1586     0    53     1    26
  4.4929493679657950E+00 a      1587     0    53     1    27
 -2.3178736405787916E+01 a      1588     0    53     1    28
  4.8216636508150614E+00 a      1589     0    53     1    29
  2.0190130631981965E+01 a      1590     0    53     1    30
  1.0383028878229799E+01 a      1591     0    54     1     1
 -5.1283465899112040E+00 a      1592     0    54     1     2
  1.3271734235848713E+01 a      1593     0    54     1     3
 -2.7293640824638610E-01 a      1594     0    54     1     4
 -3.5924660473371275E+00 a      1595     0    54     1     5
  6.6169752030157465E+00 a      1596     0    54     1     6
 -1.5715642603951130E+01 a      1597     0    54     1     7
 -1.7128065204626807E+01 a      1598     0    54     1     8
 -1.5945814621283374E+01 a      1599     0    54     1     9
  2.6236343152285041E+01 a      1600     0    54     1    10
  7.6294830315154121E+00 a      1601     0    54     1    11
 -3.1655453822169882E+01 a      1602     0    54     1    12
  3.6840213318559081E+00 a      1603     0    54     1    13
  4.9309305067250770E+00 a      1604     0    54     1    14
  1.8069158050541400E+01 a      1605     0    54     1    15
 -1.3213893573457222E+01 a      1606     0    54     1    16
  7.8269193664635344E+00 a      1607     0    54     1    17
  7.7357051403815689E+00 a      1608     0    54     1    18
  6.2307497891052233E+00 a      1609     0    54     1    19
  2.3219569754213413E+01 a      1610     0    54     1    20
  1.0686900313376126E+00 a      1611     0    54     1    21
  7.5831354877433554E+00 a      1612     0    54     1    22
 -1.0972803626241634E+01 a      1613     0    54     1    23
  5.4138331228645100E+00 a      1614     0    54     1    24
  3.3758494262981551E+00 a      1615     0    54     1    25
 -5.2271905431225207E-01 a      1616     0    54     1    26
  4.1432211405746129E+00 a      1617     0    54     1    27
  1.4004860567581705E+00 a      1618     0    54     1    28
  4.3401630757459921E+00 a      1619     0    54     1    29
 -5.5141973350965872E+00 a      1620     0    54     1    30
 -1.9392754334704200E+01 a      1621     0    55     1     1
 -1.6547611085843652E+01 a      1622     0    55     1     2
 -5.6709894887586794E+00 a      1623     0    55     1     3
 -4.1208112325471120E+00 a      1624     0    55     1     4
  1.0529565785784579E+01 a      1625     0    55     1     5
 -1.9209421461864924E+01 a      1626     0    55     1     6
 -1.8013379445313852E+01 a      1627     0    55     1     7
  1.1542515983106503E+01 a      1628     0    55     1     8
  2.1106969187170250E+01 a      1629     0    55     1     9
  1.1005137294303615E+00 a      1630     0    55     1    10
  2.3869193556779265E+01 a      1631     0    55     1    11
 -2.6582020378550261E+01 a      1632     0    55     1    12
 -6.0035113540257949E+00 a      1633     0    55     1    13
 -2.3627557419991330E+01 a      1634     0    55     1    14
 -7.1969838565988500E+00 a      1635     0    55     1    15
  1.4291043096753130E+01 a      1636     0    55     1    16
 -2.5830237666820526E+01 a      1637     0    55     1    17
 -4.7666303934857339E+01 a      1638     0    55     1    18
 -1.5944344546787480E+01 a      1639     0    55     1    19
  2.7790410407000959E+01 a      1640     0    55     1    20
  6.5442525800208724E+00 a      1641     0    55     1    21
 -8.0451465977473502E-01 a      1642     0    55     1    22
 -2.5451515053034540E-01 a      1643     0    55     1    23
 -7.2112839005007769E+00 a      1644     0    55     1    24
 -1.0753690198565524E+01 a      1645     0    55     1    25
 -8.6735883101254245E+00 a      1646     0    55     1    26
  1.2905431370465422E+01 a      1647     0    55     1    27
  2.6172598649762758E+01 a      1648     0    55     1    28
  1.7173565768394292E+00 a      1649     0    55     1    29
  9.8682772442289113E-01 a      1650     0    55     1    30
  1.4987540037842555E+01 a      1651     0    56     1     1
  1.0362720807996860E+01 a      1652     0    56     1     2
  6.9279362010850445E+00 a      1653     0    56     1     3
  1.0053448127946497E+01 a      1654     0    56     1     4
 -5.5843594406347234E+00 a      1655     0    56     1     5
  6.0962004590956216E+00 a      1656     0    56     1     6
 -1.9020191631408021E+01 a      1657     0    56     1     7
  1.5497133081168142E+01 a      1658     0    56     1     8
 -1.0263673507587306E+01 a      1659     0    56     1     9
 -2.1130418774627429E+01 a      1660     0    56     1    10
 -8.6751937012152833E+00 a      1661     0    56     1    11
 -9.5086634043360903E+00 a      1662     0    56     1    12
  7.9683642292189898E+00 a      1663     0    56     1    13
 -4.7648224816369513E+00 a      1664     0    56     1    14
 -1.6196595687315472E+01 a      1665     0    56     1    15
 -1.9745448923779513E+01 a      1666     0    56     1    16
 -8.3940657681835162E-01 a      1667     0    56     1    17
 -1.3678504196590731E+00 a      1668     0    56     1    18
 -2.3408276876434723E+01 a      1669     0    56     1    19
  1.8455400589682867E+01 a      1670     0    56     1    20
  8.6411435607270466E+00 a      1671     0    56     1    21
 -5.4294365043494208E+00 a      1672     0    56     1    22
 -3.3533239467251197E+00 a      1673     0    56     1    23
 -7.0594799860585766E+00 a      1674     0    56     1    24
  1.2926655158265129E+01 a      1675     0    56     1    25
  5.8298140918833976E+00 a      1676     0    56     1    26
  3.1064711193121974E+00 a      1677     0    56     1    27
 -9.5883241488381055E-01 a      1678     0    56     1    28
 -1.1891734700715366E+01 a      1679     0    56     1    29
 -1.8427712826018993E+01 a      1680     0    56     1    30
  1.3550269540752942E+00 a      1681     0    57     1     1
 -9.8742600577332453E+00 a      1682     0    57     1     2
  3.6976278195326282E+00 a      1683     0    57     1     3
 -2.4167457510098487E+00 a      1684     0    57     1     4
 -1.7746758957789282E+01 a      1685     0    57     1     5
  1.5872855015718578E+01 a      1686     0    57     1     6
  2.0800911345584790E+01 a      1687     0    57     1     7
 -2.6023333911619453E+00 a      1688     0    57     1     8
  1.9702091431157729E+01 a      1689     0    57     1     9
 -2.4398632928857065E+01 a      1690     0    57     1    10
 -2.0786447746254581E+01 a      1691     0    57     1    11
  2.5837386573197112E+01 a      1692     0    57     1    12
  1.1819214167885368E+01 a      1693     0    57     1    13
  7.5283234189677062E+00 a      1694     0    57     1    14
 -9.7955056406398757E+00 a      1695     0    57     1    15
 -1.0041292093439283E+01 a      1696     0    57     1    16
  3.5501369271531207E+00 a      1697     0    57     1    17
  3.5879364654773561E+01 a      1698     0    57     1    18
  2.2279283874197660E+00 a      1699     0    57     1    19
 -1.2740506198921480E+01 a      1700     0    57     1    20
 -8.6997300469486731E+00 a      1701     0    57     1    21
 -1.1201825858064902E+00 a      1702     0    57     1    22
  6.4904826875790977E+00 a      1703     0    57     1    23
  9.6933322724002959E+00 a      1704     0    57     1    24
  3.1131644748333599E+01 a      1705     0    57     1    25
  7.4579460942751297E+00 a      1706     0    57     1    26
 -3.5125844673193800E+00 a      1707     0    57     1    27
  1.1282815321169776E+01 a      1708     0    57     1    28
 -8.5933997497280288E+00 a      1709     0    57     1    29
  7.0227530846461295E-01 a      1710     0    57     1    30
 -3.0109997043818071E+00 a      1711     0    58     1     1
  1.3604737929402799E+00 a      1712     0    58     1     2
 -5.6559512048185372E+00 a      1713     0    58     1     3
 -2.8251910496373998E+00 a      1714     0    58     1     4
  6.0574701099326846E+00 a      1715     0    58     1     5
 -9.9519994379550205E+00 a      1716     0    58     1     6
  1.8528673594886101E+01 a      1717     0    58     1     7
  2.3260356485643033E+01 a      1718     0    58     1     8
 -1.1812503092730761E+01 a      1719     0    58     1     9
  1.9743455915464558E+01 a      1720     0    58     1    10
  6.3644310866403997E-01 a      1721     0    58     1    11
 -4.3058370204903325E+00 a      1722     0    58     1    12
 -5.7871673653107809E+00 a      1723     0    58     1    13
  1.7926696725086778E+01 a      1724     0    58     1    14
  2.2955476902449590E+01 a      1725     0    58     1    15
  1.3470080710060291E+01 a      1726     0    58     1    16
  2.4153900999781978E+01 a      1727     0    58     1    17
 -1.9347336828506776E+01 a      1728     0    58     1    18
  2.5665388918045064E+01 a      1729     0    58     1    19
 -1.2906338761840924E+01 a      1730     0    58     1    20
  1.3426080884528972E+01 a      1731     0    58     1    21
 -3.5650438963995401E+00 a      1732     0    58     1    22
 -1.8004244193583524E+01 a      1733     0    58     1    23
 -9.9561893496299394E+00 a      1734     0    58     1    24
 -8.8608447907232240E+00 a      1735     0    58     1    25
 -1.4785714821311897E+01 a      1736     0    58     1    26
  9.8420786390456438E+00 a      1737     0    58     1    27
 -3.1043770301279228E+01 a      1738     0    58     1    28
  2.7173422403049454E+01 a      1739     0    58     1    29
  5.6415469519620487E+00 a      1740     0    58     1    30
  1.7916167417941573E+01 a      1741     0    59     1     1
  1.0987661563254649E+01 a      1742     0    59     1     2
  3.7605014065217293E+00 a      1743     0    59     1     3
  4.6263187613772114E+00 a      1744     0    59     1     4
 -1.2618532560452566E+01 a      1745     0    59     1     5
  7.7185659354730456E+00 a      1746     0    59     1     6
 -4.7377640260583362E+00 a      1747     0    59     1     7
 -3.7951379271417602E+00 a      1748     0    59     1     8
  7.6154737040958409E+00 a      1749     0    59     1     9
  3.4396051567795927E+00 a      1750     0    59     1    10
  5.4703973837199209E+00 a      1751     0    59     1    11
  4.0920762433426594E+00 a      1752     0    59     1    12
  1.6670257541830694E+01 a      1753     0    59     1    13
 -3.1705887899520495E+00 a      1754     0    59     1    14
 -2.9339080704965319E+00 a      1755     0    59     1    15
 -5.9103719524789113E+00 a      1756     0    59     1    16
 -3.6282378960181916E+00 a      1757     0    59     1    17
  2.0265987751008904E+01 a      1758     0    59     1    18
 -1.1820647216750881E+01 a      1759     0    59     1    19
 -2.3716767676664901E+01 a      1760     0    59     1    20
 -5.9145977797181031E+00 a      1761     0    59     1    21
  3.7328885552366819E+00 a      1762     0    59     1    22
  1.1450050953789441E+01 a      1763     0    59     1    23
 -1.6996888965171286E+00 a      1764     0    59     1    24
 -1.2228743248313365E+00 a      1765     0    59     1    25
  1.4599342259138318E+01 a      1766     0    59     1    26
 -2.9850051395308763E+00 a      1767     0    59     1    27
  2.2679736316900268E+01 a      1768     0    59     1    28
 -8.0647093756831350E+00 a      1769     0    59     1    29
 -7.8369577488004873E+00 a      1770     0    59     1    30
 -1.3663369808779519E+01 a      1771     0    60     1     1
  1.7768445525305964E+01 a      1772     0    60     1     2
 -2.4255321093788545E+01 a      1773     0    60     1     3
 -3.3482643315796610E+00 a      1774     0    60     1     4
  1.8427511789246573E+01 a      1775     0    60     1     5
 -1.5487537741143889E+01 a      1776     0    60     1     6
  1.3859014644483928E+01 a      1777     0    60     1     7
  9.8859065667788801E+00 a      1778     0    60     1     8
  9.6329337197947211E+00 a      1779     0    60     1     9
 -5.3323747451548433E+00 a      1780     0    60     1    10
  1.0120209605661607E+01 a      1781     0    60     1    11
  1.2804807990705228E+01 a      1782     0    60     1    12
 -8.6231660047425400E+00 a      1783     0    60     1    13
 -9.7472290022014754E+00 a      1784     0    60     1    14
  1.0564560119115715E-01 a      1785     0    60     1    15
  1.5934205355854298E+01 a      1786     0    60     1    16
 -9.2178576113013158E+00 a      1787     0    60     1    17
 -1.6729886455470112E+01 a      1788     0    60     1    18
 -1.2807101697888893E+01 a      1789     0    60     1    19
 -2.1988094340424816E+01 a      1790     0    60     1    20
  6.3278368392229698E+00 a      1791     0    60     1    21
 -3.0875783011245601E+00 a      1792     0    60     1    22
  6.6021474650001277E+00 a      1793     0    60     1    23
 -7.4407105084987073E+00 a      1794     0    60     1    24
 -1.5645548834577587E+01 a      1795     0    60     1    25
 -7.1746346863484964E+00 a      1796     0    60     1    26
 -2.6413520445494809E+00 a      1797     0    60     1    27
 -1.6288910329901828E+01 a      1798     0    60     1    28
  8.3569385476439386E+00 a      1799     0    60     1    29
  1.5306088315105637E+01 a      1800     0    60     1    30
  1.8758204426770373E+01 a      1801     0    61     1     1
 -6.8232461231761938E+00 a      1802     0    61     1     2
  1.1398828363394188E+01 a      1803     0    61     1     3
  2.4362769429881833E+01 a      1804     0    61     1     4
  2.2811555605210259E+01 a      1805     0    61     1     5
 -2.6791976522228511E+00 a      1806     0    61     1     6
 -1.5942602308084702E+01 a      1807     0    61     1     7
  4.3489334357109648E+00 a      1808     0    61     1     8
  2.9028564921534912E+01 a      1809     0    61     1     9
 -1.5962636938860227E+01 a      1810     0    61     1    10
  9.3212923137766488E+00 a      1811     0    61     1    11
 -8.9725844226786933E+00 a      1812     0    61     1    12
 -5.0640468503342428E-01 a      1813     0    61     1    13
  9.5988036071867704E+00 a      1814     0    61     1    14
 -5.1465777760855040E+00 a      1815     0    61     1    15
 -3.7853274608509196E+01 a      1816     0    61     1    16
  4.9059305299576881E+00 a      1817     0    61     1    17
 -3.3338988923273590E+01 a      1818     0    61     1    18
 -3.9019332368916679E+01 a      1819     0    61     1    19
 -2.1204861669906747E+00 a      1820     0    61     1    20
 -4.2289723677065830E+01 a      1821     0    61     1    21
  6.4021732609666211E+00 a      1822     0    61     1    22
 -2.2831291025478329E+01 a      1823     0    61     1    23
  7.0931904773191530E+00 a      1824     0    61     1    24
  2.1332777519569257E+00 a      1825     0    61     1    25
  3.2248682075779254E+00 a      1826     0    61     1    26
  5.1623867115933200E+00 a      1827     0    61     1    27
  3.2429901258592452E+01 a      1828     0    61     1    28
 -2.1961223985399863E+00 a      1829     0    61     1    29
  2.8680059245688675E+01 a      1830     0    61     1    30
 -1.9707731837574233E+01 a      1831     0    62     1     1
 -4.1876274941320224E+00 a      1832     0    62     1     2
  2.9141124882562162E+00 a      1833     0    62     1     3
 -2.3749412803528315E+01 a      1834     0    62     1     4
 -3.3047253038914661E+01 a      1835     0    62     1     5
 -9.2412699880059801E+00 a      1836     0    62     1     6
 -1.7148951373474844E+01 a      1837     0    62     1     7
 -2.4486918546339593E+00 a      1838     0    62     1     8
  1.2752931887666652E+01 a      1839     0    62     1     9
 -1.3635411619471453E+01 a      1840     0    62     1    10
 -3.3377558820596150E+01 a      1841     0    62     1    11
 -4.3689334236889206E+00 a      1842     0    62     1    12
  8.0584114831961529E-01 a      1843     0    62     1    13
  7.5343314063932381E+00 a      1844     0    62     1    14
 -1.6416344921617007E+01 a      1845     0    62     1    15
 -3.2562853417572640E+01 a      1846     0    62     1    16
  5.3976232688863997E+00 a      1847     0    62     1    17
 -1.3077792463825295E+01 a      1848     0    62     1    18
 -3.7364511580640603E+01 a      1849     0    62     1    19
  2.0210167675820099E+01 a      1850     0    62     1    20
  1.5800613935957275E+01 a      1851     0    62     1    21
  1.1177294198964480E+01 a      1852     0    62     1    22
 -1.8206483285974354E+01 a      1853     0    62     1    23
 -1.0126037121575024E+01 a      1854     0    62     1    24
  1.8359857192008977E+01 a      1855     0    62     1    25
 -1.8911275974216706E+00 a      1856     0    62     1    26
 -1.3607951384675125E+00 a      1857     0    62     1    27
  1.1212773271073750E+01 a      1858     0    62     1    28
 -1.0924764414770864E+01 a      1859     0    62     1    29
  1.4011215565623445E+00 a      1860     0    62     1    30
  7.7722947216549851E+00 a      1861     0    63     1     1
  2.6912247587942460E+01 a      1862     0    63     1     2
 -1.6753790505536028E+00 a      1863     0    63     1     3
 -1.2366631345559247E+01 a      1864     0    63     1     4
  1.6337882329158148E+01 a      1865     0    63     1     5
  1.8129170251217658E-01 a      1866     0    63     1     6
  2.1451983489348304E+01 a      1867     0    63     1     7
 -6.3735762710327981E-01 a      1868     0    63     1     8
  1.1059562016280374E+01 a      1869     0    63     1     9
 -4.0787612483906335E+00 a      1870     0    63     1    10
 -2.9024615657288642E+01 a      1871     0    63     1    11
  2.7247147896300230E+01 a      1872     0    63     1    12
  1.5391978133747646E+00 a      1873     0    63     1    13
 -2.5648795334714998E+00 a      1874     0    63     1    14
 -5.2728230892590799E+00 a      1875     0    63     1    15
 -2.3079939994338762E+01 a      1876     0    63     1    16
 -2.5439564609839373E+01 a      1877     0    63     1    17
  5.9436722084320976E+00 a      1878     0    63     1    18
 -1.1439324121421771E+01 a      1879     0    63     1    19
  4.3013560966417757E+00 a      1880     0    63     1    20
  3.0089831367933186E+00 a      1881     0    63     1    21
 -1.3366165779180484E+01 a      1882     0    63     1    22
  7.7114789008785376E+00 a      1883     0    63     1    23
 -2.6675398198258353E+01 a      1884     0    63     1    24
  4.4920220311292818E+00 a      1885     0    63     1    25
  6.4639249969730628E-01 a      1886     0    63     1    26
 -5.1014767871199114E+00 a      1887     0    63     1    27
 -4.3408720044725136E+01 a      1888     0    63     1    28
  2.3649961516189126E+01 a      1889     0    63     1    29
  1.9814895815578538E+01 a      1890     0    63     1    30
 -1.4114452989818813E+00 a      1891     0    64     1     1
  1.3974166682882920E+00 a      1892     0    64     1     2
  7.9626662628311786E+00 a      1893     0    64     1     3
  1.2618216053720118E+01 a      1894     0    64     1     4
  3.5735074095307624E+01 a      1895     0    64     1     5
 -8.5967369655598631E+00 a      1896     0    64     1     6
  1.2091293711646314E+01 a      1897     0    64     1     7
  7.1803934076010538E+00 a      1898     0    64     1     8
 -1.3130055475458349E+01 a      1899     0    64     1     9
  2.5584601229903483E+00 a      1900     0    64     1    10
  4.9855231068752861E+00 a      1901     0    64     1    11
 -1.5431351504308195E+00 a      1902     0    64     1    12
  2.0211467497545524E+01 a      1903     0    64     1    13
  1.8267909625545304E+01 a      1904     0    64     1    14
 -1.4258804501479565E+01 a      1905     0    64     1    15
 -1.7250192289124790E+01 a      1906     0    64     1    16
 -1.0445454171174134E+01 a      1907     0    64     1    17
  1.0240480988621174E+01 a      1908     0    64     1    18
 -5.9485656325108121E+00 a      1909     0    64     1    19
  1.4239996718875499E+01 a      1910     0    64     1    20
 -2.7016109790488549E+01 a      1911     0    64     1    21
  1.3747677179060258E+01 a      1912     0    64     1    22
  1.1529504416486462E+00 a      1913     0    64     1    23
  1.6601183864616932E+01 a      1914     0    64     1    24
 -9.2676974623704567E+00 a      1915     0    64     1    25
  1.6196578511995980E+01 a      1916     0    64     1    26
 -1.8840494305279829E+01 a      1917     0    64     1    27
  1.4602516878855086E+01 a      1918     0    64     1    28
  3.2496193237846818E+01 a      1919     0    64     1    29
 -2.0960963782215019E+00 a      1920     0    64     1    30
 -2.3425140230025715E-01 b      1921     1     1
  3.9107259316392967E-01 b      1922     1     2
 -5.4333359914478008E-01 b      1923     1     3
 -8.4782558215264670E-01 b      1924     1     4
 -3.7667475664006980E+00 b      1925     1     5
  3.3152099685250978E+00 b      1926     1     6
  3.7773881537096323E-03 b      1927     1     7
  4.8192768430014007E-02 b      1928     1     8
 -4.6981923217122183E+00 b      1929     1     9
 -1.8499780380560966E+00 b      1930     1    10
  1.4604141832917215E+00 b      1931     1    11
 -1.4965204475983569E+00 b      1932     1    12
 -1.8887476199588331E+00 b      1933     1    13
 -3.1989578072665976E+00 b      1934     1    14
 -2.5404550702300668E+00 b      1935     1    15
 -1.2580960142769113E+00 b      1936     1    16
 -1.8929283415158116E+00 b      1937     1    17
 -4.2404532131483252E+00 b      1938     1    18
 -7.3340792127187127E-01 b      1939     1    19
 -3.3488957337552443E+00 b      1940     1    20
 -2.1179156333839648E+00 b      1941     1    21
 -4.2931199220166656E+00 b      1942     1    22
  1.7305025249982322E+00 b      1943     1    23
 -1.1873363230021276E+01 b      1944     1    24
  1.6265069501903355E+00 b      1945     1    25
 -6.8739376898440574E-01 b      1946     1    26
 -7.0973905434510887E-01 b      1947     1    27
 -1.3366526214732379E+00 b      1948     1    28
 -3.3597185517275325E+00 b      1949     1    29
 -1.2803348146900266E+00 b      1950     1    30
 -1.3247183620055463E+00 a      1951     1     1     2     1
 -2.7521995879473353E+00 a      1952     1     1     2     2
 -1.9898890783055687E+00 a      1953     1     1     2     3
  9.3332704567318320E-02 a      1954     1     1     2     4
 -3.5228963732600715E+00 a      1955     1     1     2     5
  2.7591841090049907E+00 a      1956     1     1     2     6
  3.3243935076731673E-01 a      1957     1     1     2     7
  3.4159570639264397E-01 a      1958     1     1     2     8
  2.0696735746540829E+00 a      1959     1     1     2     9
  2.3674313476228370E-01 a      1960     1     1     2    10
  1.2324346116942659E+00 a      1961     1     1     2    11
  1.2652659545653511E-01 a      1962     1     1     2    12
  3.1344204846226704E+00 a      1963     1     1     2    13
  1.6831603992753053E+00 a      1964     1     1     2    14
 -1.0826384650639957E+00 a      1965     1     1     2    15
 -4.3598578412342182E-01 a      1966     1     1     2    16
  2.5133811100370740E+00 a      1967     1     1     2    17
  9.6916811161889127E-01 a      1968     1     1     2    18
 -9.1194774985982685E-01 a      1969     1     1     2    19
  4.7961223282818400E-03 a      1970     1     1     2    20
  8.4562714695142455E-02 a      1971     1     1     2    21
 -1.4786224776854014E-02 a      1972     1     1     2    22
 -1.1105820305213450E+00 a      1973     1     1     2    23
  1.5730800223689254E+00 a      1974     1     1     2    24
 -1.6912847216978372E-01 a      1975     1     1     2    25
  9.6016598039915002E-01 a      1976     1     1     2    26
  5.7407420712337021E-01 a      1977     1     1     2    27
 -8.0088110918997768E-01 a      1978     1     1     2    28
  1.4310000888964638E+00 a      1979     1     1     2    29
 -9.0281424901585472E-01 a      1980     1     1     2    30
 -4.2603442557504301E-01 a      1981     1     2     2     1
  2.7275498715914797E+00 a      1982     1     2     2     2
 -3.2953649029024503E+00 a      1983     1     2     2     3
  2.4504285568617692E+00 a      1984     1     2     2     4
  1.2812692143537785E+00 a      1985     1     2     2     5
  1.7984338659197991E+00 a      1986     1     2     2     6
 -2.7964062319020311E+00 a      1987     1     2     2     7
  1.0108010325342101E+00 a      1988     1     2     2     8
  3.4238140256705609E+00 a      1989     1     2     2     9
  1.0422268241387700E+00 a      1990     1     2     2    10
  2.1434821811309651E-02 a      1991     1     2     2    11
 -1.2204082689339226E+00 a      1992     1     2     2    12
  2.8367892999844935E-01 a      1993     1     2     2    13
  2.1968749314888307E+00 a      1994     1     2     2    14
  5.9809571552532836E-01 a      1995     1     2     2    15
  1.3055964454818783E+00 a      1996     1     2     2    16
 -3.6220167450890544E+00 a      1997     1     2     2    17
  7.8875156789629308E-01 a      1998     1     2     2    18
 -4.7372545577969810E-01 a      1999     1     2     2    19
 -1.0156390013252629E-01 a      2000     1     2     2    20
  3.3365547936256696E+00 a      2001     1     2     2    21
  3.8987622453434290E-01 a      2002     1     2     2    22
  3.1420176031114737E+00 a      2003     1     2     2    23
  6.0481556459294994E-01 a      2004     1     2     2    24
  1.7360332432718883E+00 a      2005     1     2     2    25
  2.1235179926139365E+00 a      2006     1     2     2    26
  2.5128009660922795E-02 a      2007     1     2     2    27
  2.8626815032901294E+00 a      2008     1     2     2    28
 -5.0974966543704647E-01 a      2009     1     2     2    29
  1.2857618372088579E+00 a      2010     1     2     2    30
  4.5941954742211399E-01 a      2011     1     3     2     1
  1.6648837938348024E-01 a      2012     1     3     2     2
 -3.3576040462925918E+00 a      2013     1     3     2     3
  1.4937581644823590E+00 a      2014     1     3     2     4
 -9.1094265976801403E-01 a      2015     1     3     2     5
 -2.2300931625230609E+00 a      2016     1     3     2     6
 -5.9470611778612081E-01 a      2017     1     3     2     7
  1.9287909784926496E+00 a      2018     1     3     2     8
  1.7551724113129457E+00 a      2019     1     3     2     9
 -1.2360817427510793E+00 a      2020     1     3     2    10
 -8.5580061679619635E-01 a      2021     1     3     2    11
  1.9636543281491597E-01 a      2022     1     3     2    12
 -3.5433191376802724E+00 a      2023     1     3     2    13
  3.9108685516442172E+00 a      2024     1     3     2    14
  8.4543896393766105E-01 a      2025     1     3     2    15
  1.3977353532615835E+00 a      2026     1     3     2    16
  1.6698886265371489E+00 a      2027     1     3     2    17
 -7.1518562371445393E-01 a      2028     1     3     2    18
  2.4233177796460781E-04 a      2029     1     3     2    19
  5.5120054584603928E-01 a      2030     1     3     2    20
 -9.9294435414119628E-02 a      2031     1     3     2    21
 -5.3347035743722171E-01 a      2032     1     3     2    22
  1.2170925754979116E+00 a      2033     1     3     2    23
  7.5841210455164609E-01 a      2034     1     3     2    24
  1.5258725112780129E+00 a      2035     1     3     2    25
  1.3295807554726451E+00 a      2036     1     3     2    26
 -1.9036981303472761E-01 a      2037     1     3     2    27
  1.0983248236254397E+00 a      2038     1     3     2    28
  3.2825708172272666E-01 a      2039     1     3     2    29
 -2.1745276402669376E+00 a      2040     1     3     2    30
 -2.6597764850256009E+00 a      2041     1     4     2     1
 -4.7850190208252358E-01 a      2042     1     4     2     2
  2.4489472409865862E+00 a      2043     1     4     2     3
  2.7068778436098806E+00 a      2044     1     4     2     4
 -1.5839856620363812E+00 a      2045     1     4     2     5
  1.4909378575403205E+00 a      2046     1     4     2     6
  1.4807245099152638E-02 a      2047     1     4     2     7
  1.0859402794712520E+00 a      2048     1     4     2     8
 -2.4712283357677913E+00 a      2049     1     4     2     9
  1.4831062645585389E+00 a      2050     1     4     2    10
 -2.7576879540229946E+00 a      2051     1     4     2    11
  6.8869728567252186E-01 a      2052     1     4     2    12
  4.1741138151904594E-01 a      2053     1     4     2    13
  1.6771254853461899E+00 a      2054     1     4     2    14
 -5.0026258846993787E-01 a      2055     1     4     2    15
 -2.7417171957410051E+00 a      2056     1     4     2    16
  1.7021082814585592E-01 a      2057     1     4     2    17
 -3.6817311662351835E+00 a      2058     1     4     2    18
 -7.2323768712375580E-01 a      2059     1     4     2    19
  1.6977203779434202E-01 a      2060     1     4     2    20
  2.3118721774544038E+00 a      2061     1     4     2    21
 -3.1686210513022622E-01 a      2062     1     4     2    22
 -1.2670803141512859E+00 a      2063     1     4     2    23
 -1.8950192454555939E-01 a      2064     1     4     2    24
 -1.4482731480058686E+00 a      2065     1     4     2    25
  3.6600994699173295E-01 a      2066     1     4     2    26
  1.8286118487757210E+00 a      2067     1     4     2    27
 -9.5449289409508198E-01 a      2068     1     4     2    28
 -2.7647908040232267E+00 a      2069     1     4     2    29
  3.4175714453310008E-01 a      2070     1     4     2    30
  9.4080964474341555E-01 a      2071     1     5     2     1
  8.0648896355753186E-01 a      2072     1     5     2     2
  2.0708072973534621E+00 a      2073     1     5     2     3
 -1.3910802474405093E+00 a      2074     1     5     2     4
 -3.7141900642004422E+00 a      2075     1     5     2     5
 -2.1783133988189238E+00 a      2076     1     5     2     6
 -6.8814939467971625E-01 a      2077     1     5     2     7
  6.5072915495959394E-01 a      2078     1     5     2     8
  1.0179466952120424E+00 a      2079     1     5     2     9
 -1.4879860636169231E+00 a      2080     1     5     2    10
  9.8230750475717492E-03 a      2081     1     5     2    11
  5.9841449383851530E-01 a      2082     1     5     2    12
  1.6034467615401854E-01 a      2083     1     5     2    13
  2.3687243206925271E-01 a      2084     1     5     2    14
 -8.3740553254711991E-01 a      2085     1     5     2    15
  6.6544684776926821E-01 a      2086     1     5     2    16
 -3.9823923702180170E-01 a      2087     1     5     2    17
  1.4734979220556672E+00 a      2088     1     5     2    18
 -4.3539701117445734E-01 a      2089     1     5     2    19
  6.7490420071347967E-01 a      2090     1     5     2    20
  3.1743182036635287E-01 a      2091     1     5     2    21
 -2.2826949703817265E-01 a      2092     1     5     2    22
 -1.1246801383982095E+00 a      2093     1     5     2    23
 -7.7944184322385335E-01 a      2094     1     5     2    24
  3.8870469395255536E-01 a      2095     1     5     2    25
 -2.3842167592933028E+00 a      2096     1     5     2    26
  3.2383230202551638E-01 a      2097     1     5     2    27
  8.0917682191732943E-01 a      2098     1     5     2    28
  1.4553585807134057E+00 a      2099     1     5     2    29
  1.0962702527446961E+00 a      2100     1     5     2    30
  3.9821490308298496E-01 a      2101     1     6     2     1
 -1.5661795935461302E+00 a      2102     1     6     2     2
 -2.6828038895967515E-01 a      2103     1     6     2     3
 -1.8969179399189358E-02 a      2104     1     6     2     4
  8.0264714026158457E-01 a      2105     1     6     2     5
 -1.3319641224982592E+00 a      2106     1     6     2     6
  4.7591643542958334E-01 a      2107     1     6     2     7
 -8.3380239393372768E-01 a      2108     1     6     2     8
 -8.5667597676504004E-01 a      2109     1     6     2     9
 -5.9585689586555712E-01 a      2110     1     6     2    10
  1.8395918355162674E-01 a      2111     1     6     2    11
 -5.9589102718369502E-01 a      2112     1     6     2    12
 -3.1873594194374144E+00 a      2113     1     6     2    13
 -1.0926721679124134E+00 a      2114     1     6     2    14
 -9.1043045052349847E-01 a      2115     1     6     2    15
 -6.3098378033450808E-01 a      2116     1     6     2    16
  1.9775075866122986E+00 a      2117     1     6     2    17
  1.3174222619788481E-01 a      2118     1     6     2    18
  2.6137502588995504E-01 a      2119     1     6     2    19
 -1.8102076625773706E+00 a      2120     1     6     2    20
 -1.0191854315581168E+00 a      2121     1     6     2    21
 -1.0365594749793203E+00 a      2122     1     6     2    22
  1.4420954949587150E+00 a      2123     1     6     2    23
  1.5247935240585098E+00 a      2124     1     6     2    24
 -2.0428983774920725E-01 a      2125     1     6     2    25
  9.7969660001180098E-02 a      2126     1     6     2    26
  2.7219112433250748E-02 a      2127     1     6     2    27
  1.6688221098616526E-01 a      2128     1     6     2    28
 -3.4097920046480912E-01 a      2129     1     6     2    29
 -2.3278399959713975E-01 a      2130     1     6     2    30
  3.0788367455385548E+00 a      2131     1     7     2     1
 -7.4067079103828537E-01 a      2132     1     7     2     2
 -2.1352690130026328E+00 a      2133     1     7     2     3
 -3.9079162262991614E+00 a      2134     1     7     2     4
 -2.1878612134515181E+00 a      2135     1     7     2     5
  4.2045208263604144E+00 a      2136     1     7     2     6
 -2.6145043226876963E+00 a      2137     1     7     2     7
  1.8065780143822370E+00 a      2138     1     7     2     8
  3.7164676924891660E-01 a      2139     1     7     2     9
 -1.3586278823673044E+00 a      2140     1     7     2    10
 -3.8397237655975491E-01 a      2141     1     7     2    11
  3.6596473599485613E-01 a      2142     1     7     2    12
 -1.2923404164731225E+00 a      2143     1     7     2    13
  1.4533500115911407E-01 a      2144     1     7     2    14
  2.0791891072686379E+00 a      2145     1     7     2    15
 -2.2074202576913731E+00 a      2146     1     7     2    16
  5.3906849274543376E+00 a      2147     1     7     2    17
 -2.3953922742585170E+00 a      2148     1     7     2    18
  8.2753184323451745E-01 a      2149     1     7     2    19
  3.3733161131253492E-01 a      2150     1     7     2    20
 -2.4607996787787871E+00 a      2151     1     7     2    21
  1.6901858258566691E+00 a      2152     1     7     2    22
 -1.9649086991994587E+00 a      2153     1     7     2    23
 -2.3252837233369936E+00 a      2154     1     7     2    24
 -1.2459783710497907E+00 a      2155     1     7     2    25
 -1.7681707291249675E+00 a      2156     1     7     2    26
  2.0722887029997881E+00 a      2157     1     7     2    27
  5.4277069221030494E-01 a      2158     1     7     2    28
 -1.1587846400035229E+00 a      2159     1     7     2    29
  8.7790137764274367E-01 a      2160     1     7     2    30
  1.5866467212718258E+00 a      2161     1     8     2     1
  1.1161052399444717E+00 a      2162     1     8     2     2
  8.5054023404090229E-01 a      2163     1     8     2     3
  1.0810498089153553E+00 a      2164     1     8     2     4
 -3.4212281946454526E-01 a      2165     1     8     2     5
  3.6752519473337713E+00 a      2166     1     8     2     6
 -8.1578193437760116E-01 a      2167     1     8     2     7
 -2.7855752172210074E-01 a      2168     1     8     2     8
 -1.4414574879751665E+00 a      2169     1     8     2     9
  2.9739667720701992E+00 a      2170     1     8     2    10
  2.3090045762200613E+00 a      2171     1     8     2    11
  9.4692013551363641E-01 a      2172     1     8     2    12
  2.3271321162119221E+00 a      2173     1     8     2    13
  1.5877385767069474E-01 a      2174     1     8     2    14
  1.2438095225497521E+00 a      2175     1     8     2    15
  1.7353793724878275E+00 a      2176     1     8     2    16
  1.0556760983061844E+00 a      2177     1     8     2    17
 -1.3088463150350991E+00 a      2178     1     8     2    18
  2.0101887491493717E-01 a      2179     1     8     2    19
  8.4373358435010481E-01 a      2180     1     8     2    20
  2.7248943816966942E-01 a      2181     1     8     2    21
 -1.4746884601013650E+00 a      2182     1     8     2    22
 -1.1788410125228396E-01 a      2183     1     8     2    23
  9.0229226599160872E-01 a      2184     1     8     2    24
  9.0713302516363281E-02 a      2185     1     8     2    25
  2.2110815569897260E-02 a      2186     1     8     2    26
 -1.8397795713549472E+00 a      2187     1     8     2    27
 -1.2851945224173961E-01 a      2188     1     8     2    28
 -2.1953006785229885E+00 a      2189     1     8     2    29
 -1.2752616925814100E+00 a      2190     1     8     2    30
  4.8015001996763440E-01 a      2191     1     9     2     1
  2.8046786693521875E+00 a      2192     1     9     2     2
 -1.3007086162985870E+00 a      2193     1     9     2     3
  1.9794205836619334E+00 a      2194     1     9     2     4
  2.3329606950644433E+00 a      2195     1     9     2     5
 -1.9938692620072334E+00 a      2196     1     9     2     6
  4.5666553139029858E-01 a      2197     1     9     2     7
 -6.4861166386290303E-02 a      2198     1     9     2     8
 -2.8539517218650952E+00 a      2199     1     9     2     9
  1.8083905550350652E+00 a      2200     1     9     2    10
  2.0250621840014920E+00 a      2201     1     9     2    11
  1.0208522291894750E+00 a      2202     1     9     2    12
  4.9370319086390829E-01 a      2203     1     9     2    13
  1.8369435321710050E+00 a      2204     1     9     2    14
  2.8957076575896423E-02 a      2205     1     9     2    15
 -1.9207337590195936E+00 a      2206     1     9     2    16
 -1.1119044989097655E+00 a      2207     1     9     2    17
  6.3368640668550436E-01 a      2208     1     9     2    18
  3.2654654491881359E+00 a      2209     1     9     2    19
  1.5780757141221452E-01 a      2210     1     9     2    20
  1.5557518367389671E+00 a      2211     1     9     2    21
  1.7895069254929041E+00 a      2212     1     9     2    22
  2.2139997301421381E+00 a      2213     1     9     2    23
 -4.0217366623067130E-01 a      2214     1     9     2    24
 -2.6629242226656891E-01 a      2215     1     9     2    25
  1.9733931070657889E+00 a      2216     1     9     2    26
 -1.6074016579926240E+00 a      2217     1     9     2    27
  7.0791949619271899E-01 a      2218     1     9     2    28
 -2.3351054165010252E+00 a      2219     1     9     2    29
 -1.5324288462078799E+00 a      2220     1     9     2    30
 -1.3884465319421657E-01 a      2221     1    10     2     1
  1.6341358885142434E+00 a      2222     1    10     2     2
  1.3874191800016098E+00 a      2223     1    10     2     3
 -2.3172420623836611E+00 a      2224     1    10     2     4
 -4.6796943169681740E+00 a      2225     1    10     2     5
 -2.1168610841784244E-01 a      2226     1    10     2     6
  1.3604618410716784E+00 a      2227     1    10     2     7
  1.0557384328074046E+00 a      2228     1    10     2     8
 -1.3162972311085444E+00 a      2229     1    10     2     9
  1.9709506403082140E+00 a      2230     1    10     2    10
  1.7574552077736059E+00 a      2231     1    10     2    11
  1.0027397739321313E+00 a      2232     1    10     2    12
 -1.3865825701401699E-01 a      2233     1    10     2    13
  1.8915182657044181E+00 a      2234     1    10     2    14
 -2.0807486886087709E-01 a      2235     1    10     2    15
 -9.2111886536563647E-01 a      2236     1    10     2    16
 -2.3754530752886098E+00 a      2237     1    10     2    17
  2.9013129850940129E+00 a      2238     1    10     2    18
  1.1074807946599319E+00 a      2239     1    10     2    19
 -1.2060033776265489E+00 a      2240     1    10     2    20
  2.7867006632828595E-01 a      2241     1    10     2    21
 -9.1272571905992161E-01 a      2242     1    10     2    22
 -4.1306998200388417E-01 a      2243     1    10     2    23
  2.5714875051264297E-01 a      2244     1    10     2    24
  3.2034801107297577E+00 a      2245     1    10     2    25
  8.1398719038452805E-01 a      2246     1    10     2    26
 -5.0113154529937221E-01 a      2247     1    10     2    27
  1.2857579158106673E+00 a      2248     1    10     2    28
 -1.1290187207312909E+00 a      2249     1    10     2    29
 -2.4792727525818763E+00 a      2250     1    10     2    30
  7.4526027093770253E-01 a      2251     1    11     2     1
  1.6213146071348805E+00 a      2252     1    11     2     2
  1.3560120653768821E+00 a      2253     1    11     2     3
  1.6047611867010312E+00 a      2254     1    11     2     4
  1.5483428587280887E+00 a      2255     1    11     2     5
 -9.5924700730383439E-01 a      2256     1    11     2     6
  3.8667558100410510E-01 a      2257     1    11     2     7
 -4.0719890034786793E-01 a      2258     1    11     2     8
 -5.4417881760775544E-01 a      2259     1    11     2     9
 -6.5552161606566683E-01 a      2260     1    11     2    10
  3.9363305180526365E-01 a      2261     1    11     2    11
 -5.1991310343257813E-01 a      2262     1    11     2    12
 -1.4416396956073376E+00 a      2263     1    11     2    13
 -1.2593072101851237E+00 a      2264     1    11     2    14
  5.8179855410311199E-01 a      2265     1    11     2    15
  2.2368719548322242E+00 a      2266     1    11     2    16
  1.0292240685363272E+00 a      2267     1    11     2    17
 -3.1546009365849641E+00 a      2268     1    11     2    18
  7.7341499938492975E-01 a      2269     1    11     2    19
  6.5091773936016739E-01 a      2270     1    11     2    20
  9.6298058367180972E-01 a      2271     1    11     2    21
  1.5141664777522681E+00 a      2272     1    11     2    22
  2.3501709438907001E+00 a      2273     1    11     2    23
 -1.2648922050011440E+00 a      2274     1    11     2    24
  2.7150860668047178E-01 a      2275     1    11     2    25
 -5.1349941885579931E-01 a      2276     1    11     2    26
 -2.5914710844618299E-01 a      2277     1    11     2    27
 -2.6556627954119567E+00 a      2278     1    11     2    28
 -9.7792543066059123E-01 a      2279     1    11     2    29
  7.0155536730390988E-01 a      2280     1    11     2    30
  2.2138148052948838E+00 a      2281     1    12     2     1
  3.3239810512493833E+00 a      2282     1    12     2     2
 -2.6366204036653884E-01 a      2283     1    12     2     3
 -9.6265122494544819E-01 a      2284     1    12     2     4
 -1.0068838488463645E+00 a      2285     1    12     2     5
  4.0305362805597378E-01 a      2286     1    12     2     6
  6.9579688436342518E-02 a      2287     1    12     2     7
  8.6236154925558833E-02 a      2288     1    12     2     8
 -9.0520751080772899E-01 a      2289     1    12     2     9
  9.5036239645495024E-01 a      2290     1    12     2    10
 -7.4718147500606047E-01 a      2291     1    12     2    11
 -1.4550140422031534E+00 a      2292     1    12     2    12
 -1.0152547676591950E+00 a      2293     1    12     2    13
 -3.3019685989022536E+00 a      2294     1    12     2    14
  1.0498303895290479E+00 a      2295     1    12     2    15
 -2.5756662527728841E-01 a      2296     1    12     2    16
  5.5268883846514383E-01 a      2297     1    12     2    17
  2.0926097631236531E+00 a      2298     1    12     2    18
 -2.4373519440911262E-01 a      2299     1    12     2    19
 -6.5065257835363199E-01 a      2300     1    12     2    20
 -1.4582184582474349E+00 a      2301     1    12     2    21
  1.4772808409734413E+00 a      2302     1    12     2    22
 -3.4062981898957956E-01 a      2303     1    12     2    23
  2.7257508706368512E+00 a      2304     1    12     2    24
  1.1822911687269353E+00 a      2305     1    12     2    25
 -1.0714037451677247E+00 a      2306     1    12     2    26
  1.8865110246617804E+00 a      2307     1    12     2    27
 -1.7218086930860663E-01 a      2308     1    12     2    28
  1.3390458982635780E+00 a      2309     1    12     2    29
 -9.4110097078492139E-01 a      2310     1    12     2    30
  8.5692424353462437E-01 a      2311     1    13     2     1
 -1.1799014953793514E+00 a      2312     1    13     2     2
 -3.0151194256866992E-01 a      2313     1    13     2     3
 -8.5517969754321166E-01 a      2314     1    13     2     4
  3.8036451773896620E+00 a      2315     1    13     2     5
  7.0650917591934193E-01 a      2316     1    13     2     6
 -2.6005246064996823E-01 a      2317     1    13     2     7
  2.4947218368298468E-01 a      2318     1    13     2     8
 -4.9855741176381785E-01 a      2319     1    13     2     9
 -1.3925600070484516E+00 a      2320     1    13     2    10
  2.4016924823328706E-01 a      2321     1    13     2    11
  3.3664094618228158E-01 a      2322     1    13     2    12
 -2.0593242085406316E+00 a      2323     1    13     2    13
 -5.4915845655529871E+00 a      2324     1    13     2    14
  1.8468744358026352E+00 a      2325     1    13     2    15
  2.3027979833770917E+00 a      2326     1    13     2    16
 -1.4113835707801974E+00 a      2327     1    13     2    17
 -2.0663486335616246E+00 a      2328     1    13     2    18
 -2.0207137531308210E+00 a      2329     1    13     2    19
  3.4448548756528904E-02 a      2330     1    13     2    20
  2.2446273260394600E-01 a      2331     1    13     2    21
 -1.6754142337261970E+00 a      2332     1    13     2    22
  1.9883026811870979E+00 a      2333     1    13     2    23
 -1.9648313649974920E+00 a      2334     1    13     2    24
  4.6300119164689296E-01 a      2335     1    13     2    25
 -2.0062750669004117E-01 a      2336     1    13     2    26
 -6.6210574992792237E-01 a      2337     1    13     2    27
 -2.0489789045635889E+00 a      2338     1    13     2    28
  2.8510302354871038E+00 a      2339     1    13     2    29
 -1.2724519177718197E+00 a      2340     1    13     2    30
 -1.8002103317561935E+00 a      2341     1    14     2     1
  8.6754229168253161E-01 a      2342     1    14     2     2
  1.3819273986236591E+00 a      2343     1    14     2     3
 -3.7884836438406766E-01 a      2344     1    14     2     4
  3.3936743342984105E-01 a      2345     1    14     2     5
  1.1939314734476472E+00 a      2346     1    14     2     6
  1.1512887517102524E+00 a      2347     1    14     2     7
  1.4450327065121500E+00 a      2348     1    14     2     8
  1.5253391335990119E+00 a      2349     1    14     2     9
  6.1477726902186669E-01 a      2350     1    14     2    10
  1.4072544311086830E+00 a      2351     1    14     2    11
 -1.2503463390513050E+00 a      2352     1    14     2    12
  9.8761145989427346E-01 a      2353     1    14     2    13
  7.5493108258892760E-01 a      2354     1    14     2    14
  1.0685116981706408E+00 a      2355     1    14     2    15
 -1.9070086921463905E+00 a      2356     1    14     2    16
  1.0048342500915639E+00 a      2357     1    14     2    17
 -2.9292966590529219E+00 a      2358     1    14     2    18
 -6.9187094991705411E-01 a      2359     1    14     2    19
 -3.4983759498035011E-01 a      2360     1    14     2    20
 -1.4571346256067650E+00 a      2361     1    14     2    21
  3.1980263139967411E+00 a      2362     1    14     2    22
  1.8837668154149729E+00 a      2363     1    14     2    23
 -9.8884630715168575E-01 a      2364     1    14     2    24
 -1.1986305923590106E+00 a      2365     1    14     2    25
  1.0383775504424031E+00 a      2366     1    14     2    26
  2.3291607813939549E-01 a      2367     1    14     2    27
 -1.5610107738187162E-01 a      2368     1    14     2    28
  4.8637257048677469E+00 a      2369     1    14     2    29
  1.2549617238218689E+00 a      2370     1    14     2    30
 -6.7090822140583359E-02 a      2371     1    15     2     1
  1.1123421041898569E+00 a      2372     1    15     2     2
 -2.1002756719344065E-01 a      2373     1    15     2     3
  1.5799371560817401E+00 a      2374     1    15     2     4
 -6.2514418169626362E-01 a      2375     1    15     2     5
  3.0877636076793291E-01 a      2376     1    15     2     6
 -2.3813803985132079E-01 a      2377     1    15     2     7
 -1.6972088001840118E+00 a      2378     1    15     2     8
  1.5762766048034385E+00 a      2379     1    15     2     9
 -6.9967296772443577E-01 a      2380     1    15     2    10
 -1.5641378131809975E+00 a      2381     1    15     2    11
 -8.8890573051397459E-01 a      2382     1    15     2    12
  1.7750984699004002E+00 a      2383     1    15     2    13
 -5.3829896553940826E-01 a      2384     1    15     2    14
 -1.8814048911049732E+00 a      2385     1    15     2    15
 -5.1159581129689113E-01 a      2386     1    15     2    16
  1.4838553082907178E+00 a      2387     1    15     2    17
 -3.9524950229433999E+00 a      2388     1    15     2    18
  1.3361999280557297E+00 a      2389     1    15     2    19
 -2.6581048616824643E-01 a      2390     1    15     2    20
  6.7411410083286316E-01 a      2391     1    15     2    21
  2.3118951480603198E+00 a      2392     1    15     2    22
 -1.2995961927237873E+00 a      2393     1    15     2    23
  9.0297004377414725E-01 a      2394     1    15     2    24
 -2.1999427958078005E-01 a      2395     1    15     2    25
  6.8910750352950600E-01 a      2396     1    15     2    26
  2.8240495020036154E-02 a      2397     1    15     2    27
  2.1396445292294797E-01 a      2398     1    15     2    28
  2.8675415335498844E+00 a      2399     1    15     2    29
 -5.4072416517216659E-01 a      2400     1    15     2    30
  1.6319204455023322E+00 a      2401     1    16     2     1
 -2.1369435708203222E+00 a      2402     1    16     2     2
 -3.3931596937524535E+00 a      2403     1    16     2     3
 -4.8888480893266320E-02 a      2404     1    16     2     4
  8.8607363027698061E-01 a      2405     1    16     2     5
  1.1001151196013750E+00 a      2406     1    16     2     6
 -2.1193180678064016E+00 a      2407     1    16     2     7
 -2.8957047950472165E-01 a      2408     1    16     2     8
 -1.6738530824049149E+00 a      2409     1    16     2     9
  8.5659041721717721E-01 a      2410     1    16     2    10
  1.6122465895640394E+00 a      2411     1    16     2    11
 -1.4801740744323939E+00 a      2412     1    16     2    12
 -1.2319883399520148E+00 a      2413     1    16     2    13
  6.1676927533443215E-01 a      2414     1    16     2    14
  8.2074326294600664E-01 a      2415     1    16     2    15
 -1.3688638517668319E+00 a      2416     1    16     2    16
  1.1120132839105064E+00 a      2417     1    16     2    17
  1.6263933780049642E+00 a      2418     1    16     2    18
  1.6031904192789448E+00 a      2419     1    16     2    19
  1.1720988302518894E-01 a      2420     1    16     2    20
 -2.3916289594373854E+00 a      2421     1    16     2    21
  3.1098818451658405E+00 a      2422     1    16     2    22
 -5.1489601995891876E+00 a      2423     1    16     2    23
 -2.5392605558403556E+00 a      2424     1    16     2    24
  2.1410802629671863E+00 a      2425     1    16     2    25
 -7.2995333080810165E-01 a      2426     1    16     2    26
 -3.1389300044265394E+00 a      2427     1    16     2    27
 -8.5490298094949513E-01 a      2428     1    16     2    28
 -2.7098071521518916E+00 a      2429     1    16     2    29
 -8.3006102848146313E-01 a      2430     1    16     2    30
  2.6568937027520445E-01 a      2431     1    17     2     1
 -1.0300383361173142E+00 a      2432     1    17     2     2
 -7.6586958304952968E-01 a      2433     1    17     2     3
 -9.1538586774570618E-01 a      2434     1    17     2     4
  1.7275623414398356E+00 a      2435     1    17     2     5
 -1.4199793758662855E+00 a      2436     1    17     2     6
  1.7642666503420419E+00 a      2437     1    17     2     7
 -1.2318604987940240E-01 a      2438     1    17     2     8
  6.5445724725738552E-01 a      2439     1    17     2     9
  2.9375152481094025E-01 a      2440     1    17     2    10
 -6.6543275181277461E-01 a      2441     1    17     2    11
  1.0799101093044496E+00 a      2442     1    17     2    12
  1.4892198243543384E+00 a      2443     1    17     2    13
 -2.2670112789774560E-01 a      2444     1    17     2    14
 -2.3137625901597212E-02 a      2445     1    17     2    15
 -5.1805688283886955E+00 a      2446     1    17     2    16
 -4.4417291767813092E+00 a      2447     1    17     2    17
  2.0696530152137553E+00 a      2448     1    17     2    18
 -1.3248774667383540E+00 a      2449     1    17     2    19
  1.4444974585644310E+00 a      2450     1    17     2    20
  6.8742171166273469E-01 a      2451     1    17     2    21
 -1.4237858737152168E-01 a      2452     1    17     2    22
  3.5445098288123735E+00 a      2453     1    17     2    23
  1.5262915974464839E+00 a      2454     1    17     2    24
 -1.0668013958899449E+00 a      2455     1    17     2    25
 -1.6436280296207149E+00 a      2456     1    17     2    26
  1.5734798197730189E+00 a      2457     1    17     2    27
  1.0152911446129680E+00 a      2458     1    17     2    28
 -1.8388675405781203E+00 a      2459     1    17     2    29
 -1.1082752286408296E-01 a      2460     1    17     2    30
  8.2373716610740677E-01 a      2461     1    18     2     1
  1.3260679608368653E+00 a      2462     1    18     2     2
  6.4978887051920109E-01 a      2463     1    18     2     3
  1.9977613157416494E+00 a      2464     1    18     2     4
 -1.7329546032629430E+00 a      2465     1    18     2     5
 -4.4624368122497575E+00 a      2466     1    18     2     6
 -6.8919185377569164E-02 a      2467     1    18     2     7
 -1.4122500418457877E+00 a      2468     1    18     2     8
  1.4765906393886259E+00 a      2469     1    18     2     9
  4.1602320510398505E-01 a      2470     1    18     2    10
 -5.9110331337383415E-01 a      2471     1    18     2    11
 -1.9000744222928576E+00 a      2472     1    18     2    12
  2.6490481813752504E+00 a      2473     1    18     2    13
  8.9869961951918292E-02 a      2474     1    18     2    14
 -1.4908185668284661E-02 a      2475     1    18     2    15
  1.8310849647197598E+00 a      2476     1    18     2    16
  2.9951540331377084E-02 a      2477     1    18     2    17
  3.1777401640217144E+00 a      2478     1    18     2    18
  1.5222647283799164E+00 a      2479     1    18     2    19
  1.2826353868406798E-01 a      2480     1    18     2    20
  2.0428588047353100E-01 a      2481     1    18     2    21
  9.6508742097975531E-01 a      2482     1    18     2    22
 -2.6668486223986809E+00 a      2483     1    18     2    23
  1.8929388318457765E+00 a      2484     1    18     2    24
 -5.8912523715689413E-01 a      2485     1    18     2    25
 -1.5880484556587285E-01 a      2486     1    18     2    26
 -2.8035912903705604E+00 a      2487     1    18     2    27
 -3.7675269380627341E-01 a      2488     1    18     2    28
  3.0004737394559045E+00 a      2489     1    18     2    29
  8.3478513460284576E-01 a      2490     1    18     2    30
  7.1837405324860437E-02 a      2491     1    19     2     1
  4.0697265576977731E-01 a      2492     1    19     2     2
 -6.0652330887424686E+00 a      2493     1    19     2     3
  5.0744728882480827E-01 a      2494     1    19     2     4
 -1.0594357040930261E-01 a      2495     1    19     2     5
 -5.3406784687729072E+00 a      2496     1    19     2     6
 -7.1648229158897947E-01 a      2497     1    19     2     7
 -6.5007455244331869E-01 a      2498     1    19     2     8
 -3.1946651791106890E+00 a      2499     1    19     2     9
 -2.0443148749430615E+00 a      2500     1    19     2    10
 -1.1051503471159878E+00 a      2501     1    19     2    11
 -1.1139421453997835E+00 a      2502     1    19     2    12
 -1.3592770893836394E+00 a      2503     1    19     2    13
 -2.9709064252058139E+00 a      2504     1    19     2    14
  2.1034822940984801E-01 a      2505     1    19     2    15
  1.1683803317971775E+00 a      2506     1    19     2    16
 -2.8715035489150781E-01 a      2507     1    19     2    17
 -6.8617213247134556E-01 a      2508     1    19     2    18
 -3.4681448118342617E-01 a      2509     1    19     2    19
 -1.4175690128334477E+00 a      2510     1    19     2    20
 -5.3539497255241675E-01 a      2511     1    19     2    21
 -1.5392967335157683E+00 a      2512     1    19     2    22
 -2.7393972548854034E-01 a      2513     1    19     2    23
  2.5406814580765058E-01 a      2514     1    19     2    24
 -2.1428867683954089E+00 a      2515     1    19     2    25
  1.9218689329910776E-01 a      2516     1    19     2    26
 -5.0562907469510399E-01 a      2517     1    19     2    27
  6.1095341941629011E-01 a      2518     1    19     2    28
 -1.5314635269687848E+00 a      2519     1    19     2    29
  4.3019070364961254E-01 a      2520     1    19     2    30
  1.7148053736783228E-02 a      2521     1    20     2     1
 -2.5853548489241631E+00 a      2522     1    20     2     2
  4.1982419689519475E+00 a      2523     1    20     2     3
 -5.8510003346197847E-01 a      2524     1    20     2     4
  7.5876638221005233E-01 a      2525     1    20     2     5
  3.7720196451710062E+00 a      2526     1    20     2     6
  1.0664371757672584E+00 a      2527     1    20     2     7
  2.2193023084725946E-01 a      2528     1    20     2     8
  9.9680182243485638E-01 a      2529     1    20     2     9
  2.4660180034497842E-01 a      2530     1    20     2    10
 -6.5995348647416796E-01 a      2531     1    20     2    11
 -1.1988205167332322E+00 a      2532     1    20     2    12
  8.4086702392739876E-01 a      2533     1    20     2    13
 -6.6232300477571360E-01 a      2534     1    20     2    14
 -8.0379301945206227E-01 a      2535     1    20     2    15
 -1.7918120070040613E+00 a      2536     1    20     2    16
  2.1903328031245026E+00 a      2537     1    20     2    17
 -2.8909836152676314E+00 a      2538     1    20     2    18
 -9.3089424438479418E-01 a      2539     1    20     2    19
 -1.9506008253667736E-01 a      2540     1    20     2    20
 -1.0384172192926000E+00 a      2541     1    20     2    21
  1.2377830210836021E+00 a      2542     1    20     2    22
 -2.6086798910593747E+00 a      2543     1    20     2    23
 -1.0895372831489436E+00 a      2544     1    20     2    24
 -1.2971986660080710E+00 a      2545     1    20     2    25
 -5.0155464314452824E-01 a      2546     1    20     2    26
 -2.1120271281612795E-02 a      2547     1    20     2    27
 -6.3528824725312849E-01 a      2548     1    20     2    28
  4.2687647831573168E+00 a      2549     1    20     2    29
 -1.8171751304566791E-01 a      2550     1    20     2    30
  2.0957245212635947E+00 a      2551     1    21     2     1
 -1.0767503876155793E+00 a      2552     1    21     2     2
 -5.1113842149306832E-01 a      2553     1    21     2     3
 -2.0673670291203368E+00 a      2554     1    21     2     4
 -2.2125321595696925E+00 a      2555     1    21     2     5
 -1.0651279389973412E+00 a      2556     1    21     2     6
  5.0563174878764461E-01 a      2557     1    21     2     7
  2.6849454760735503E+00 a      2558     1    21     2     8
  2.1160240499394725E+00 a      2559     1    21     2     9
  1.2664372973897349E+00 a      2560     1    21     2    10
 -7.2659543386530245E-01 a      2561     1    21     2    11
 -3.3715026950697352E-01 a      2562     1    21     2    12
  1.0164701586381397E+00 a      2563     1    21     2    13
 -4.4713283919917712E+00 a      2564     1    21     2    14
 -9.5327705466210921E-01 a      2565     1    21     2    15
  2.6626914523625929E+00 a      2566     1    21     2    16
 -8.0069222538583096E-01 a      2567     1    21     2    17
  8.3640721226480863E-01 a      2568     1    21     2    18
 -3.6576240158054287E+00 a      2569     1    21     2    19
 -1.3361410143811787E+00 a      2570     1    21     2    20
 -1.0370889650863997E+00 a      2571     1    21     2    21
 -1.1650392102683993E+00 a      2572     1    21     2    22
 -2.9954881220939980E+00 a      2573     1    21     2    23
  2.2517428101852421E+00 a      2574     1    21     2    24
 -1.0252176048194213E+00 a      2575     1    21     2    25
 -2.5791907175316360E+00 a      2576     1    21     2    26
  1.8569717551393090E+00 a      2577     1    21     2    27
 -3.9785186357458429E+00 a      2578     1    21     2    28
 -2.0876674425810595E+00 a      2579     1    21     2    29
 -2.6920807971211378E+00 a      2580     1    21     2    30
 -8.9571146273850905E-02 a      2581     1    22     2     1
  6.4639333644214259E-01 a      2582     1    22     2     2
  6.8291581776504995E-01 a      2583     1    22     2     3
  4.9575698797099699E-01 a      2584     1    22     2     4
  2.5734093680957293E+00 a      2585     1    22     2     5
 -9.5130072992804149E-01 a      2586     1    22     2     6
 -1.1855904151459500E+00 a      2587     1    22     2     7
  1.7310549815889090E-01 a      2588     1    22     2     8
 -1.4779675249470530E+00 a      2589     1    22     2     9
  1.1072976384485669E+00 a      2590     1    22     2    10
  3.1581364281405550E-01 a      2591     1    22     2    11
  1.2493212246755769E+00 a      2592     1    22     2    12
  2.7987241180268358E+00 a      2593     1    22     2    13
  2.4419475891850750E-01 a      2594     1    22     2    14
  1.1237227539283443E+00 a      2595     1    22     2    15
  1.2314398041960257E+00 a      2596     1    22     2    16
 -1.7683121640979818E+00 a      2597     1    22     2    17
  1.7387805050854206E+00 a      2598     1    22     2    18
  2.5576436593644614E+00 a      2599     1    22     2    19
  1.4542178472174772E+00 a      2600     1    22     2    20
  2.0855493959381559E+00 a      2601     1    22     2    21
 -9.7102338959397683E-01 a      2602     1    22     2    22
 -1.9126095237801173E+00 a      2603     1    22     2    23
 -5.3847423246853476E-01 a      2604     1    22     2    24
  1.5803156740402247E+00 a      2605     1    22     2    25
 -2.6537431523814772E+00 a      2606     1    22     2    26
 -2.3960235796754423E+00 a      2607     1    22     2    27
 -1.1340257595636116E+00 a      2608     1    22     2    28
 -3.6152195928426578E+00 a      2609     1    22     2    29
 -2.8939921888281743E+00 a      2610     1    22     2    30
 -1.2777089495538693E-01 a      2611     1    23     2     1
 -4.7635200404222122E-01 a      2612     1    23     2     2
 -2.7044631855473589E+00 a      2613     1    23     2     3
 -2.8025697729385035E+00 a      2614     1    23     2     4
 -3.3355007779425128E+00 a      2615     1    23     2     5
 -2.9397963836976801E+00 a      2616     1    23     2     6
 -1.2297113392772121E+00 a      2617     1    23     2     7
 -5.1847167400058236E-01 a      2618     1    23     2     8
 -9.0017505528141339E-01 a      2619     1    23     2     9
 -2.1294338523406577E+00 a      2620     1    23     2    10
  1.1962374625310888E+00 a      2621     1    23     2    11
  2.9977409497413537E-01 a      2622     1    23     2    12
 -2.0041301446863709E+00 a      2623     1    23     2    13
  1.5058510443386042E+00 a      2624     1    23     2    14
 -1.7349876306696492E+00 a      2625     1    23     2    15
 -5.2914751995884339E+00 a      2626     1    23     2    16
  6.7306536531160011E-01 a      2627     1    23     2    17
  1.2611132769958464E+00 a      2628     1    23     2    18
 -1.1388318199370744E+00 a      2629     1    23     2    19
 -1.8967985873087965E+00 a      2630     1    23     2    20
  7.2212503683614891E-03 a      2631     1    23     2    21
 -2.0804028346225238E+00 a      2632     1    23     2    22
 -9.4666820345148717E-01 a      2633     1    23     2    23
  1.1033774345112901E+00 a      2634     1    23     2    24
  1.0041885781126239E+00 a      2635     1    23     2    25
  8.1509710871386487E-01 a      2636     1    23     2    26
  1.1256809437241587E-01 a      2637     1    23     2    27
  2.8522386390232474E-01 a      2638     1    23     2    28
 -3.0026030733002202E+00 a      2639     1    23     2    29
  7.7736904495211334E-01 a      2640     1    23     2    30
  1.2564795790796102E-01 a      2641     1    24     2     1
  3.0574451827022511E+00 a      2642     1    24     2     2
  3.5060643217531355E+00 a      2643     1    24     2     3
 -1.5063351699100711E+00 a      2644     1    24     2     4
 -2.7206990462987188E+00 a      2645     1    24     2     5
 -6.8441850961260553E-01 a      2646     1    24     2     6
  1.9710600631806057E+00 a      2647     1    24     2     7
 -3.4722700818828631E+00 a      2648     1    24     2     8
 -3.9673909538449639E-02 a      2649     1    24     2     9
 -1.0635831555982105E+00 a      2650     1    24     2    10
 -1.2009847881730611E+00 a      2651     1    24     2    11
  4.5924096872988302E-03 a      2652     1    24     2    12
  1.7952824976002688E+00 a      2653     1    24     2    13
  1.1051245351101215E+00 a      2654     1    24     2    14
 -1.8661512220880805E+00 a      2655     1    24     2    15
 -7.2821680120702303E-01 a      2656     1    24     2    16
  3.0325107287174440E+00 a      2657     1    24     2    17
  8.4701321453885370E-01 a      2658     1    24     2    18
 -2.7300492197407547E+00 a      2659     1    24     2    19
  7.8298553561284423E-01 a      2660     1    24     2    20
 -3.0416213588911489E+00 a      2661     1    24     2    21
  1.9334722206179694E-01 a      2662     1    24     2    22
 -1.0804228651762438E+00 a      2663     1    24     2    23
 -2.2334656777667963E+00 a      2664     1    24     2    24
 -3.4335953350888540E+00 a      2665     1    24     2    25
 -4.5303155134440205E+00 a      2666     1    24     2    26
 -2.0301233748490524E+00 a      2667     1    24     2    27
  1.1929582239638785E+00 a      2668     1    24     2    28
 -1.5505330922993843E+00 a      2669     1    24     2    29
  3.6241141462386941E+00 a      2670     1    24     2    30
 -1.4029040584132160E+00 a      2671     1    25     2     1
  1.3044332139012857E+00 a      2672     1    25     2     2
  1.2769395272873914E+00 a      2673     1    25     2     3
 -3.4304295850351716E+00 a      2674     1    25     2     4
 -4.3965157172126812E-01 a      2675     1    25     2     5
  1.1017203551182917E+00 a      2676     1    25     2     6
 -5.0642456637526978E-01 a      2677     1    25     2     7
 -8.3814217846770012E-01 a      2678     1    25     2     8
 -2.8395288969926313E+00 a      2679     1    25     2     9
 -1.5691376859879658E+00 a      2680     1    25     2    10
  2.2826876068089857E-01 a      2681     1    25     2    11
  5.2184735794193604E-01 a      2682     1    25     2    12
  2.2254539428150126E+00 a      2683     1    25     2    13
 -3.1227769955243727E+00 a      2684     1    25     2    14
  7.4225556386860791E-02 a      2685     1    25     2    15
 -6.6754157278124227E-01 a      2686     1    25     2    16
 -8.5873663997568439E-01 a      2687     1    25     2    17
  8.8567247835969665E-01 a      2688     1    25     2    18
 -4.4330386210835300E-02 a      2689     1    25     2    19
  8.3269916195247240E-01 a      2690     1    25     2    20
 -5.2038330571114400E-01 a      2691     1    25     2    21
 -2.9283367394754798E+00 a      2692     1    25     2    22
 -5.1381112893655145E-01 a      2693     1    25     2    23
 -5.1175461829356006E-01 a      2694     1    25     2    24
  8.7344355329306211E-01 a      2695     1    25     2    25
  1.0760330365400015E+00 a      2696     1    25     2    26
 -6.1441752475051314E-01 a      2697     1    25     2    27
 -9.4778774737321481E-01 a      2698     1    25     2    28
 -6.5650483305335205E+00 a      2699     1    25     2    29
 -6.2534926694847226E-01 a      2700     1    25     2    30
  1.4838346608022257E-01 a      2701     1    26     2     1
 -2.4107545255707946E-01 a      2702     1    26     2     2
 -1.7324793756327519E+00 a      2703     1    26     2     3
  1.2908443591909737E+00 a      2704     1    26     2     4
  1.4185728792064947E+00 a      2705     1    26     2     5
  1.1159081333223355E+00 a      2706     1    26     2     6
  1.2912068459787449E-01 a      2707     1    26     2     7
 -7.5107622181996778E-02 a      2708     1    26     2     8
  3.9366544679644213E+00 a      2709     1    26     2     9
  1.7964931456499831E+00 a      2710     1    26     2    10
  6.6731900863237592E-01 a      2711     1    26     2    11
  3.8380831121259634E-01 a      2712     1    26     2    12
  7.5260225318236040E-01 a      2713     1    26     2    13
  4.1922849463111145E-01 a      2714     1    26     2    14
 -7.8745146169007740E-02 a      2715     1    26     2    15
  3.3197599569532983E+00 a      2716     1    26     2    16
 -4.8132393151296453E+00 a      2717     1    26     2    17
  3.0254853148801937E+00 a      2718     1    26     2    18
  9.5178018808115744E-02 a      2719     1    26     2    19
  1.1313275938054683E+00 a      2720     1    26     2    20
 -2.6313040488157684E-02 a      2721     1    26     2    21
  1.2793177294790379E+00 a      2722     1    26     2    22
 -2.6272692247724252E+00 a      2723     1    26     2    23
  4.5261221312299993E-01 a      2724     1    26     2    24
 -8.9344276545471191E-01 a      2725     1    26     2    25
  7.0673385318966564E-01 a      2726     1    26     2    26
  1.2451696297115633E+00 a      2727     1    26     2    27
  1.2744473204972369E+00 a      2728     1    26     2    28
  1.2754270089648403E+00 a      2729     1    26     2    29
  3.5052029886890546E-01 a      2730     1    26     2    30
 -7.8207427158964182E-01 a      2731     1    27     2     1
 -4.9560545967370517E+00 a      2732     1    27     2     2
 -2.3617392931384380E+00 a      2733     1    27     2     3
 -1.6106898065134057E+00 a      2734     1    27     2     4
  5.2276990904327546E-02 a      2735     1    27     2     5
 -1.0180599093493943E+00 a      2736     1    27     2     6
 -1.2169074547436016E+00 a      2737     1    27     2     7
  2.0145268424465970E-01 a      2738     1    27     2     8
  7.5470377442910053E-01 a      2739     1    27     2     9
  1.6778653632157443E+00 a      2740     1    27     2    10
 -1.3658146934591641E-02 a      2741     1    27     2    11
 -4.3064117721239620E-01 a      2742     1    27     2    12
 -4.2312087625094401E+00 a      2743     1    27     2    13
  1.6685792054634510E+00 a      2744     1    27     2    14
  2.6000385177316692E+00 a      2745     1    27     2    15
 -1.7894891962288715E+00 a      2746     1    27     2    16
 -5.4280990260453406E+00 a      2747     1    27     2    17
  4.9408348119661433E-01 a      2748     1    27     2    18
 -2.7487487841235172E+00 a      2749     1    27     2    19
 -1.1756579918020984E+00 a      2750     1    27     2    20
 -1.4746468832681670E+00 a      2751     1    27     2    21
  7.3697427704099305E-01 a      2752     1    27     2    22
  1.7796067581913225E-01 a      2753     1    27     2    23
  1.3556517634197180E+00 a      2754     1    27     2    24
 -6.5460584756811124E-01 a      2755     1    27     2    25
  1.8034066719443145E+00 a      2756     1    27     2    26
  5.6850765969054107E-01 a      2757     1    27     2    27
 -5.2342588061838102E-01 a      2758     1    27     2    28
 -7.2935784546330118E-01 a      2759     1    27     2    29
  2.9367570724573577E-01 a      2760     1    27     2    30
  7.5077996679194414E-01 a      2761     1    28     2     1
 -3.0442298036784232E-01 a      2762     1    28     2     2
  1.0899356250570968E+00 a      2763     1    28     2     3
  8.2230667645416822E-01 a      2764     1    28     2     4
 -2.0008286279595864E+00 a      2765     1    28     2     5
 -1.4905133105636736E+00 a      2766     1    28     2     6
 -6.6549464834667127E-01 a      2767     1    28     2     7
  1.1726718628232062E+00 a      2768     1    28     2     8
  9.4696613509280303E-01 a      2769     1    28     2     9
  1.6739360410526266E-01 a      2770     1    28     2    10
 -1.4465583541782130E+00 a      2771     1    28     2    11
  1.1941317561119041E-01 a      2772     1    28     2    12
 -2.6620858013124078E+00 a      2773     1    28     2    13
 -4.5411443800012957E-01 a      2774     1    28     2    14
  7.3672758125728133E-01 a      2775     1    28     2    15
  6.7724953665232623E-01 a      2776     1    28     2    16
 -9.6935379868840976E-01 a      2777     1    28     2    17
  2.2347611699412013E+00 a      2778     1    28     2    18
 -3.2674979638303309E-01 a      2779     1    28     2    19
 -1.2020117772149044E+00 a      2780     1    28     2    20
  1.8003350270758873E+00 a      2781     1    28     2    21
  1.6813552902771498E+00 a      2782     1    28     2    22
 -2.9930022780919270E+00 a      2783     1    28     2    23
  1.2851839474102864E+00 a      2784     1    28     2    24
 -6.7647011733138707E-01 a      2785     1    28     2    25
 -8.6359794794456402E-01 a      2786     1    28     2    26
  1.8037312611550744E+00 a      2787     1    28     2    27
  4.7183892521634357E-01 a      2788     1    28     2    28
  1.3923713139818361E+00 a      2789     1    28     2    29
  1.0468822589054336E+00 a      2790     1    28     2    30
  6.5092881620142706E-01 a      2791     1    29     2     1
 -2.0318062499140295E+00 a      2792     1    29     2     2
  1.8333506913411539E+00 a      2793     1    29     2     3
 -2.0563231829820192E+00 a      2794     1    29     2     4
  3.2317213624795960E+00 a      2795     1    29     2     5
 -3.3990563852752262E+00 a      2796     1    29     2     6
  6.3546013397812429E-01 a      2797     1    29     2     7
 -4.0167881310073366E+00 a      2798     1    29     2     8
  1.1580303478742127E+00 a      2799     1    29     2     9
 -1.2474640637894621E+00 a      2800     1    29     2    10
  8.9772477001683282E-01 a      2801     1    29     2    11
 -3.7145375788580587E-01 a      2802     1    29     2    12
 -9.0809907048094696E-01 a      2803     1    29     2    13
 -2.0303765203193596E+00 a      2804     1    29     2    14
  5.7425039370710584E-01 a      2805     1    29     2    15
  1.2652202533501458E+00 a      2806     1    29     2    16
  9.4347245607921459E-01 a      2807     1    29     2    17
 -1.2372724635448558E+00 a      2808     1    29     2    18
  4.8107429105981336E-01 a      2809     1    29     2    19
 -3.2239578107128311E-02 a      2810     1    29     2    20
 -8.9838606900987383E-01 a      2811     1    29     2    21
  3.1977325537230911E-01 a      2812     1    29     2    22
  8.6963442734202501E-01 a      2813     1    29     2    23
 -6.1192583180760894E-02 a      2814     1    29     2    24
 -3.5630936319936182E+00 a      2815     1    29     2    25
 -1.6116000566443278E+00 a      2816     1    29     2    26
  1.6701834886932412E+00 a      2817     1    29     2    27
 -3.1044826822723741E+00 a      2818     1    29     2    28
  1.3515852301171993E-01 a      2819     1    29     2    29
 -1.5558201920098822E+00 a      2820     1    29     2    30
  9.6458683753421176E-02 a      2821     1    30     2     1
 -2.0032707038355961E+00 a      2822     1    30     2     2
  1.1194942299109800E+00 a      2823     1    30     2     3
 -1.3033220552839564E+00 a      2824     1    30     2     4
 -1.1877635455528284E+00 a      2825     1    30     2     5
  1.3339621877765320E+00 a      2826     1    30     2     6
  1.0735410143085282E-01 a      2827     1    30     2     7
 -1.8871064844625560E-01 a      2828     1    30     2     8
 -1.4275053064724752E+00 a      2829     1    30     2     9
  1.1148769390322095E+00 a      2830     1    30     2    10
 -1.8321772944478570E-01 a      2831     1    30     2    11
  6.6417460779783022E-01 a      2832     1    30     2    12
  1.1912950210822519E+00 a      2833     1    30     2    13
  2.4420723755499443E-01 a      2834     1    30     2    14
  2.3117027511354143E-01 a      2835     1    30     2    15
  2.2164845680851222E-01 a      2836     1    30     2    16
  2.5388443118993791E-02 a      2837     1    30     2    17
 -1.2269737222115031E+00 a      2838     1    30     2    18
  2.4693048990608546E-01 a      2839     1    30     2    19
 -2.1306587728968415E-01 a      2840     1    30     2    20
 -2.2219167840329699E+00 a      2841     1    30     2    21
 -2.1328931681394829E+00 a      2842     1    30     2    22
 -6.8185920260170552E-01 a      2843     1    30     2    23
  1.0512142974021788E+00 a      2844     1    30     2    24
 -2.3836371865168786E+00 a      2845     1    30     2    25
  3.4788692081899247E-02 a      2846     1    30     2    26
 -1.1679305998759659E+00 a      2847     1    30     2    27
  3.5391633117339016E-01 a      2848     1    30     2    28
  3.5177738784110268E-01 a      2849     1    30     2    29
  6.2894297142702027E-01 a      2850     1    30     2    30
  5.0273645710347212E+00 b      2851     2     1
  1.6496807071555180E+00 b      2852     2     2
 -4.5296856417003886E+00 b      2853     2     3
 -2.5650649697754901E+00 b      2854     2     4
 -6.2754777537041999E+00 b      2855     2     5
  2.1940775541875808E+00 b      2856     2     6
  4.7192737378849499E+00 b      2857     2     7
 -8.6757449600733132E+00 b      2858     2     8
 -6.8702676783159475E+00 b      2859     2     9
 -6.6510570377853782E+00 b      2860     2    10
 -5.3171409746706750E+00 b      2861     2    11
 -1.0366784619205807E+00 b      2862     2    12
  6.9305246476444680E+00 b      2863     2    13
  3.6743561392296349E+00 b      2864     2    14
 -3.6284896526036481E+00 b      2865     2    15
  2.8106166979999250E+00 b      2866     2    16
 -1.8083306060651726E+01 b      2867     2    17
 -1.2238135100124746E+01 b      2868     2    18
 -3.9966855188976971E+00 b      2869     2    19
  3.2616043444229308E+00 b      2870     2    20
  7.8936160311266077E+00 b      2871     2    21
 -5.1970301861564376E+00 b      2872     2    22
 -6.3731122188134870E-01 b      2873     2    23
 -6.3816394108950112E+00 b      2874     2    24
  1.3801816329546421E+01 b      2875     2    25
 -1.2553626075576141E+00 b      2876     2    26
 -4.5794162434595638E+00 b      2877     2    27
 -2.2265831697616019E+00 b      2878     2    28
  8.4693562965793738E+00 b      2879     2    29
  3.1922839875771429E+00 b      2880     2    30
 -1.6274542241367004E-01 a      2881     2     1     3     1
 -3.7519790613465727E-02 a      2882     2     2     3     1
  5.4525955362319210E-02 a      2883     2     3     3     1
 -1.3996735089665280E-01 a      2884     2     4     3     1
  5.9507189268350774E-02 a      2885     2     5     3     1
 -1.4004885734286666E-02 a      2886     2     6     3     1
  3.5192965189591564E-02 a      2887     2     7     3     1
  4.6130820007332179E-02 a      2888     2     8     3     1
 -5.5792037997148491E-02 a      2889     2     9     3     1
  2.9759827040185139E-02 a      2890     2    10     3     1
  1.1422822270436343E-01 a      2891     2    11     3     1
 -2.5657339440759597E-01 a      2892     2    12     3     1
  2.3285877755887183E-02 a      2893     2    13     3     1
  6.5136508866385336E-03 a      2894     2    14     3     1
  1.0035407421838137E-01 a      2895     2    15     3     1
  6.3212092399200573E-02 a      2896     2    16     3     1
  1.9216754467238504E-02 a      2897     2    17     3     1
 -3.3915907618668924E-02 a      2898     2    18     3     1
  9.5157955064582952E-02 a      2899     2    19     3     1
 -4.7893763187114614E-02 a      2900     2    20     3     1
  3.7584655141500611E-02 a      2901     2    21     3     1
  6.0166038019231143E-02 a      2902     2    22     3     1
 -5.1414194394058463E-02 a      2903     2    23     3     1
  7.1733452504879322E-02 a      2904     2    24     3     1
 -5.1598253029682135E-02 a      2905     2    25     3     1
 -3.0298284305992077E-02 a      2906     2    26     3     1
 -3.9050470952783654E-02 a      2907     2    27     3     1
  4.7467223989914868E-02 a      2908     2    28     3     1
  8.4141321723575885E-02 a      2909     2    29     3     1
  9.6413719864633887E-02 a      2910     2    30     3     1
  7.6849669078479599E-01 b      2911     3     1
