################################################################################
# Neural network connection values (weights and biases).
################################################################################
# Col  Name       Description
################################################################################
# 1    connection Neural network connection value.
# 2    t          Connection type (a = weight, b = bias).
# 3    index      Index enumerating weights.
# 4    l_s        Starting point layer (end point layer for biases).
# 5    n_s        Starting point neuron in starting layer (end point neuron for biases).
# 6    l_e        End point layer.
# 7    n_e        End point neuron in end layer.
################################################################################
#                      1 2         3     4     5     6     7
#             connection t     index   l_s   n_s   l_e   n_e
############################################################
 -2.5664725808389868E+00 a         1     0     1     1     1
 -4.0526841350566869E+00 a         2     0     1     1     2
 -3.9699778298197894E+00 a         3     0     1     1     3
 -7.9848639681148219E+00 a         4     0     1     1     4
 -2.7994801003277119E+00 a         5     0     1     1     5
  1.9322596142747277E+00 a         6     0     1     1     6
 -8.3607672967332665E+00 a         7     0     1     1     7
 -3.4103882658636464E+00 a         8     0     1     1     8
 -1.6012726670673491E+01 a         9     0     1     1     9
 -2.9281439021274522E+00 a        10     0     1     1    10
 -1.3599717073154510E+01 a        11     0     1     1    11
  2.3255074634297510E+00 a        12     0     1     1    12
 -4.9177061759688137E+00 a        13     0     1     1    13
 -2.3298492423696075E+01 a        14     0     1     1    14
  1.9490747310490317E+01 a        15     0     1     1    15
  1.2900737228263290E+01 a        16     0     1     1    16
 -5.1141633154244213E+00 a        17     0     1     1    17
  4.0053059053493216E+00 a        18     0     1     1    18
  2.8448187781742813E+01 a        19     0     1     1    19
  9.9690700517855397E+00 a        20     0     1     1    20
 -1.3832147653930369E+00 a        21     0     1     1    21
  5.4542980367677725E+00 a        22     0     1     1    22
  4.0813699785124884E+00 a        23     0     1     1    23
 -4.9443725263220673E+00 a        24     0     1     1    24
  1.8032295939089202E+01 a        25     0     1     1    25
  8.7074509664715496E+00 a        26     0     1     1    26
 -1.5963738223964219E+01 a        27     0     1     1    27
 -8.8045279970222943E+00 a        28     0     1     1    28
  4.9213689222886732E+00 a        29     0     1     1    29
 -1.4984677439634936E+01 a        30     0     1     1    30
  1.5247102956700127E+00 a        31     0     2     1     1
  7.2389736573334300E+00 a        32     0     2     1     2
  3.7926417814451092E+00 a        33     0     2     1     3
  1.1283269412580873E+01 a        34     0     2     1     4
  2.1248588449545533E+01 a        35     0     2     1     5
  4.9729633281433516E-01 a        36     0     2     1     6
 -2.5455578441876337E+01 a        37     0     2     1     7
  1.2806538151540181E+01 a        38     0     2     1     8
  1.4192831544985978E+01 a        39     0     2     1     9
  4.0351938152296283E+00 a        40     0     2     1    10
 -3.5530750626067414E-01 a        41     0     2     1    11
 -1.5697006275145725E+01 a        42     0     2     1    12
 -5.7202941730024381E+00 a        43     0     2     1    13
 -1.3589926067475862E+01 a        44     0     2     1    14
  5.2728724807453746E+00 a        45     0     2     1    15
 -3.1732982427395591E+00 a        46     0     2     1    16
  6.5789793943163388E-01 a        47     0     2     1    17
 -2.1566746895995088E+01 a        48     0     2     1    18
 -1.4513168095775926E+01 a        49     0     2     1    19
  1.2788113065220134E+01 a        50     0     2     1    20
 -2.4445755084106779E+00 a        51     0     2     1    21
 -1.8822818265671739E+01 a        52     0     2     1    22
  1.3511267151814996E+01 a        53     0     2     1    23
  8.5181603344459607E+00 a        54     0     2     1    24
 -6.2386474403820040E+00 a        55     0     2     1    25
 -1.0624188622547431E+01 a        56     0     2     1    26
 -4.3992679487171866E+00 a        57     0     2     1    27
 -1.1173373074131078E+01 a        58     0     2     1    28
 -3.0895027846772365E+00 a        59     0     2     1    29
  8.9390376158861500E+00 a        60     0     2     1    30
 -6.6441175394451628E+00 a        61     0     3     1     1
  5.1942543212946726E+00 a        62     0     3     1     2
 -2.2339842434484023E+01 a        63     0     3     1     3
 -1.0377411938909477E+01 a        64     0     3     1     4
 -1.7851614366652335E+01 a        65     0     3     1     5
  1.9851749739555963E+01 a        66     0     3     1     6
  2.0177897014479612E+01 a        67     0     3     1     7
 -6.0984514742112159E+00 a        68     0     3     1     8
  2.5886030513837927E+01 a        69     0     3     1     9
 -8.2955338132711915E+00 a        70     0     3     1    10
 -1.5712471416342703E+01 a        71     0     3     1    11
  4.1364199722056405E+01 a        72     0     3     1    12
 -5.5950777594653731E+00 a        73     0     3     1    13
 -2.0065317945137301E-01 a        74     0     3     1    14
  1.1448396608680715E+01 a        75     0     3     1    15
  6.6810837811205526E-01 a        76     0     3     1    16
 -2.7815476671267905E+00 a        77     0     3     1    17
  2.3096464647385201E+01 a        78     0     3     1    18
  3.3078355153643429E+01 a        79     0     3     1    19
 -1.8077804837078016E+01 a        80     0     3     1    20
  8.6349544081944493E-02 a        81     0     3     1    21
  3.3974417288861986E+01 a        82     0     3     1    22
 -9.0745323602858772E+00 a        83     0     3     1    23
 -1.7096651224890444E+01 a        84     0     3     1    24
  5.4903862639775918E+00 a        85     0     3     1    25
  6.9399197612161005E+00 a        86     0     3     1    26
 -4.6803562294720413E-01 a        87     0     3     1    27
  7.7231588878479114E+00 a        88     0     3     1    28
  1.6370863068227901E+01 a        89     0     3     1    29
 -1.8769614276049882E+01 a        90     0     3     1    30
  8.0945779196544765E-01 a        91     0     4     1     1
  5.0131010808697321E+00 a        92     0     4     1     2
 -6.3797632395660964E+00 a        93     0     4     1     3
 -8.4360343941081462E-01 a        94     0     4     1     4
  1.2578451270893194E+00 a        95     0     4     1     5
  2.2640894400207787E+00 a        96     0     4     1     6
 -1.8195983999465524E+00 a        97     0     4     1     7
  3.4143927416746114E+00 a        98     0     4     1     8
  5.1795423657747390E+00 a        99     0     4     1     9
 -1.9055379096701239E+00 a       100     0     4     1    10
 -1.4839754759493964E+00 a       101     0     4     1    11
  1.5914188950156625E+00 a       102     0     4     1    12
 -3.4123107728682722E+00 a       103     0     4     1    13
  1.1058292131462595E+00 a       104     0     4     1    14
  2.7525206558768240E+00 a       105     0     4     1    15
  7.0619179875615794E+00 a       106     0     4     1    16
 -4.2159197482745470E-01 a       107     0     4     1    17
  4.7157764669673288E+00 a       108     0     4     1    18
  4.1890514274813730E+00 a       109     0     4     1    19
  1.6051385138758048E+00 a       110     0     4     1    20
  2.9296531759803273E+00 a       111     0     4     1    21
 -4.6254717546944297E+00 a       112     0     4     1    22
  2.0679170704552070E+00 a       113     0     4     1    23
  1.7081502938094806E+00 a       114     0     4     1    24
 -2.2106171870418487E-01 a       115     0     4     1    25
  9.9891045773072829E-01 a       116     0     4     1    26
 -4.4031942745319377E+00 a       117     0     4     1    27
 -1.3096342664354617E+00 a       118     0     4     1    28
  3.3848473543274649E+00 a       119     0     4     1    29
 -8.3463828225016434E-01 a       120     0     4     1    30
  2.8858501926075416E-02 a       121     0     5     1     1
 -4.9859049680708800E+00 a       122     0     5     1     2
  2.7673370411303373E+00 a       123     0     5     1     3
  5.9299368405934088E+00 a       124     0     5     1     4
  1.5897540639421956E+00 a       125     0     5     1     5
  4.2329338666946441E+00 a       126     0     5     1     6
  7.3774061582219763E-01 a       127     0     5     1     7
 -3.1978383507782890E+00 a       128     0     5     1     8
  3.7655882941698939E+00 a       129     0     5     1     9
  4.5020817153701538E+00 a       130     0     5     1    10
 -6.0468903300492816E+00 a       131     0     5     1    11
 -1.1609274542215131E+00 a       132     0     5     1    12
 -1.2717458310459839E+00 a       133     0     5     1    13
  8.4415163573123642E-01 a       134     0     5     1    14
 -2.8826782312912997E+00 a       135     0     5     1    15
  4.0254090340269411E+00 a       136     0     5     1    16
 -4.1729020682078737E+00 a       137     0     5     1    17
  7.5761485974893752E-03 a       138     0     5     1    18
 -1.5947950955571579E+00 a       139     0     5     1    19
 -2.9341808637489715E+00 a       140     0     5     1    20
  3.5890887138230867E+00 a       141     0     5     1    21
 -2.1728654672939919E-02 a       142     0     5     1    22
  3.4449723133891643E+00 a       143     0     5     1    23
 -2.3847576548054596E+00 a       144     0     5     1    24
 -3.4094760359137863E+00 a       145     0     5     1    25
  2.5840467581052440E-01 a       146     0     5     1    26
 -1.3221733911759237E-02 a       147     0     5     1    27
 -4.0523556448363101E+00 a       148     0     5     1    28
 -6.5209210796140227E-01 a       149     0     5     1    29
 -4.5225202804399983E-01 a       150     0     5     1    30
 -3.2877371475239152E+00 a       151     0     6     1     1
 -1.5427305294662949E+01 a       152     0     6     1     2
 -1.1405889114932419E+01 a       153     0     6     1     3
  8.3996627937398566E-02 a       154     0     6     1     4
  2.3543524244043490E+00 a       155     0     6     1     5
  1.7324065503023011E+01 a       156     0     6     1     6
  5.8660115316680175E+00 a       157     0     6     1     7
 -2.4873359014339820E+00 a       158     0     6     1     8
  5.5871123333364920E+00 a       159     0     6     1     9
  1.4290915811720478E+01 a       160     0     6     1    10
  8.7685840455451536E-01 a       161     0     6     1    11
  5.4794515713549741E+00 a       162     0     6     1    12
  9.0198764165211323E+00 a       163     0     6     1    13
  1.7326532833250713E+01 a       164     0     6     1    14
  2.5241768389472257E+00 a       165     0     6     1    15
  2.4023528753705987E+00 a       166     0     6     1    16
 -1.0396500365063794E+01 a       167     0     6     1    17
  7.5962161715878365E+00 a       168     0     6     1    18
  1.0400719262515770E+00 a       169     0     6     1    19
  6.2771275043855708E+00 a       170     0     6     1    20
 -5.2845450875661859E+00 a       171     0     6     1    21
  1.3626484875229748E+01 a       172     0     6     1    22
  1.6741332696232387E+01 a       173     0     6     1    23
  1.3590716552086226E+01 a       174     0     6     1    24
  1.5501658124654514E+00 a       175     0     6     1    25
  1.4345218631290933E+01 a       176     0     6     1    26
  5.0379543646708829E+00 a       177     0     6     1    27
 -7.3527203126250695E+00 a       178     0     6     1    28
 -1.0868863661132592E+01 a       179     0     6     1    29
  4.0929738459870606E+00 a       180     0     6     1    30
 -1.7678752705424614E+01 a       181     0     7     1     1
 -2.0950729109630856E+01 a       182     0     7     1     2
 -4.5012735931085270E+00 a       183     0     7     1     3
  1.4539394998484994E+00 a       184     0     7     1     4
 -7.3637319254384419E+00 a       185     0     7     1     5
  1.2240854060860153E+01 a       186     0     7     1     6
 -1.1838668827940323E+01 a       187     0     7     1     7
  1.7289748814079551E+00 a       188     0     7     1     8
 -7.1881978735208687E+00 a       189     0     7     1     9
  1.1747546455931888E+01 a       190     0     7     1    10
 -8.4306411912218699E+00 a       191     0     7     1    11
  8.6239360718478668E+00 a       192     0     7     1    12
 -6.2477188182083614E+00 a       193     0     7     1    13
  1.6756342153857635E+00 a       194     0     7     1    14
  2.5912192205666955E+01 a       195     0     7     1    15
  8.6457114066774565E+00 a       196     0     7     1    16
 -8.6028282630635289E+00 a       197     0     7     1    17
  1.4814476941889021E+01 a       198     0     7     1    18
  2.2580456652504797E+01 a       199     0     7     1    19
  2.3751624341980129E+01 a       200     0     7     1    20
  1.4434177164889955E-01 a       201     0     7     1    21
  1.6142276036973730E+01 a       202     0     7     1    22
  1.0344405070800315E+01 a       203     0     7     1    23
 -4.9516756733961378E+00 a       204     0     7     1    24
  2.1975337039344659E+01 a       205     0     7     1    25
  1.9590543846155498E+01 a       206     0     7     1    26
  9.4473349433645692E-01 a       207     0     7     1    27
 -1.7021188976994819E+00 a       208     0     7     1    28
 -1.1685844171530634E+01 a       209     0     7     1    29
 -1.1500072637727763E+00 a       210     0     7     1    30
  2.0812004501402148E+00 a       211     0     8     1     1
  4.0514720826188544E-01 a       212     0     8     1     2
  1.1393882007861828E+01 a       213     0     8     1     3
  6.2375478252399184E+00 a       214     0     8     1     4
  9.9183476533771984E+00 a       215     0     8     1     5
  4.5882049564576617E+00 a       216     0     8     1     6
  2.1486024520404232E+00 a       217     0     8     1     7
  1.1025092850438927E+00 a       218     0     8     1     8
 -5.2129344253128806E+00 a       219     0     8     1     9
  2.6879237947836985E+00 a       220     0     8     1    10
 -9.2698561976188145E+00 a       221     0     8     1    11
 -9.4401703956244365E+00 a       222     0     8     1    12
  5.1153727919437575E+00 a       223     0     8     1    13
  1.3442361503388954E+01 a       224     0     8     1    14
 -1.2492472253754793E+01 a       225     0     8     1    15
 -1.2420154697717965E+01 a       226     0     8     1    16
  7.7546373731745089E+00 a       227     0     8     1    17
 -1.2876196125386976E+01 a       228     0     8     1    18
  8.8067644699414718E+00 a       229     0     8     1    19
  4.8759468563398798E+00 a       230     0     8     1    20
  2.1603701284108916E+00 a       231     0     8     1    21
 -3.1973422225460197E+00 a       232     0     8     1    22
 -6.5254152313013662E+00 a       233     0     8     1    23
  6.7809618054425140E+00 a       234     0     8     1    24
 -7.5183848827019943E+00 a       235     0     8     1    25
 -2.2618259428608964E+00 a       236     0     8     1    26
  5.7473660783039042E+00 a       237     0     8     1    27
  6.9003022727975125E+00 a       238     0     8     1    28
  1.5426093721653920E+00 a       239     0     8     1    29
  3.6565304716247204E-01 a       240     0     8     1    30
 -2.7524888921384667E+00 a       241     0     9     1     1
  1.8145025501690144E+00 a       242     0     9     1     2
 -1.7987244664688390E+01 a       243     0     9     1     3
 -3.9783918584638824E+00 a       244     0     9     1     4
 -4.6395195631804498E+00 a       245     0     9     1     5
  6.6848672994097571E+00 a       246     0     9     1     6
  3.8318360590490474E+00 a       247     0     9     1     7
  1.9356557073715970E+00 a       248     0     9     1     8
  8.2672699587159515E-01 a       249     0     9     1     9
 -4.7039254173107388E+00 a       250     0     9     1    10
  1.1725521364425168E+01 a       251     0     9     1    11
  1.5298963745878925E+01 a       252     0     9     1    12
 -1.1285429637230841E+01 a       253     0     9     1    13
 -4.6616314466371911E+00 a       254     0     9     1    14
  9.7159881764104110E+00 a       255     0     9     1    15
 -8.4968016433044209E+00 a       256     0     9     1    16
 -1.4295831977177791E+01 a       257     0     9     1    17
 -7.5992506412220155E+00 a       258     0     9     1    18
  4.1027402647796390E-01 a       259     0     9     1    19
 -9.1666523064379888E+00 a       260     0     9     1    20
  1.5811506998846654E+00 a       261     0     9     1    21
  5.0540968402842763E+00 a       262     0     9     1    22
  1.5485957411180724E+00 a       263     0     9     1    23
 -1.2045826449535161E+01 a       264     0     9     1    24
 -8.5329466175234581E-01 a       265     0     9     1    25
  5.3859877455243810E+00 a       266     0     9     1    26
  1.2592346053266999E+01 a       267     0     9     1    27
 -4.8347585685972847E+00 a       268     0     9     1    28
 -4.3763469156812362E-01 a       269     0     9     1    29
  1.5006744990983834E+00 a       270     0     9     1    30
  1.0616331083735002E+00 a       271     0    10     1     1
 -1.0295224895464148E+01 a       272     0    10     1     2
  1.2206266429480955E+01 a       273     0    10     1     3
 -9.4590665996340366E+00 a       274     0    10     1     4
 -1.7572800085379363E+01 a       275     0    10     1     5
  1.5742679196478151E+00 a       276     0    10     1     6
  1.1939487732461275E+01 a       277     0    10     1     7
 -8.5075121671897413E+00 a       278     0    10     1     8
 -3.5720058365251582E+01 a       279     0    10     1     9
 -7.0434404655167686E+00 a       280     0    10     1    10
  8.9203816231387012E-01 a       281     0    10     1    11
 -5.5997503115861633E+00 a       282     0    10     1    12
  1.0257041403416642E+01 a       283     0    10     1    13
  1.1509923020589170E+01 a       284     0    10     1    14
 -1.5781304517832451E+01 a       285     0    10     1    15
  7.7037916880502033E+00 a       286     0    10     1    16
  8.4659477028225965E+00 a       287     0    10     1    17
  6.2959482707986956E+00 a       288     0    10     1    18
  1.1982963697556938E+01 a       289     0    10     1    19
 -7.3999453012995708E+00 a       290     0    10     1    20
 -5.4680336933041662E+00 a       291     0    10     1    21
 -1.6046329248996017E+01 a       292     0    10     1    22
 -1.2546793201148855E+01 a       293     0    10     1    23
  1.1148811179872908E+01 a       294     0    10     1    24
  8.5042504428773746E+00 a       295     0    10     1    25
  3.0004369314913495E+00 a       296     0    10     1    26
  4.3671523002403116E+00 a       297     0    10     1    27
 -3.5317240163065606E+00 a       298     0    10     1    28
  1.4397521599640829E+01 a       299     0    10     1    29
 -7.0380546010428188E-02 a       300     0    10     1    30
  2.2577562585620425E+00 a       301     0    11     1     1
 -1.1312415550392913E+01 a       302     0    11     1     2
  2.2871462592915556E+01 a       303     0    11     1     3
  6.1791088810919303E+00 a       304     0    11     1     4
  3.1086373099903373E+00 a       305     0    11     1     5
 -1.6474990943940316E+01 a       306     0    11     1     6
  4.5784955798517613E-01 a       307     0    11     1     7
 -8.9878965397139177E-01 a       308     0    11     1     8
 -2.1528879805584705E+01 a       309     0    11     1     9
  8.0529220038744835E+00 a       310     0    11     1    10
  1.6593513487275995E+01 a       311     0    11     1    11
 -2.0584910157919218E+01 a       312     0    11     1    12
  1.5920933913766440E+01 a       313     0    11     1    13
  9.9043943280532876E+00 a       314     0    11     1    14
 -1.1169179729057973E+01 a       315     0    11     1    15
 -7.8585038194013244E+00 a       316     0    11     1    16
  4.6693630600924525E+00 a       317     0    11     1    17
 -7.9800441895780398E+00 a       318     0    11     1    18
 -1.7449304042403416E+01 a       319     0    11     1    19
  8.3078875490285906E+00 a       320     0    11     1    20
  2.4469638215979170E+00 a       321     0    11     1    21
 -1.1080680585287229E+01 a       322     0    11     1    22
 -2.4439106587728139E+00 a       323     0    11     1    23
  6.7243999385340283E+00 a       324     0    11     1    24
 -7.9829686325694995E+00 a       325     0    11     1    25
 -1.2887173667219898E+00 a       326     0    11     1    26
  1.1615540136305430E+01 a       327     0    11     1    27
  7.6754727421458808E+00 a       328     0    11     1    28
 -1.3717538196155632E+01 a       329     0    11     1    29
  6.9776079523394356E+00 a       330     0    11     1    30
  1.0231255993509711E+00 a       331     0    12     1     1
 -2.3984543783578256E+00 a       332     0    12     1     2
  2.9444973284006939E+00 a       333     0    12     1     3
  3.5575479252714465E-01 a       334     0    12     1     4
  2.3740304579688214E+00 a       335     0    12     1     5
  1.0172447702500236E+00 a       336     0    12     1     6
 -9.6203725783777538E-01 a       337     0    12     1     7
 -1.7271058719981466E-01 a       338     0    12     1     8
  1.4252982881515737E+00 a       339     0    12     1     9
  3.2959021128802807E-01 a       340     0    12     1    10
 -3.2679360976119849E+00 a       341     0    12     1    11
 -4.1774945264377011E-01 a       342     0    12     1    12
  3.2707613014894521E-01 a       343     0    12     1    13
  2.2183844815847698E+00 a       344     0    12     1    14
 -2.9036657794148915E+00 a       345     0    12     1    15
  4.8236237025954581E-01 a       346     0    12     1    16
  1.6199535758124917E+00 a       347     0    12     1    17
 -2.7851828814999373E+00 a       348     0    12     1    18
  1.1633953669630976E+00 a       349     0    12     1    19
 -9.2794525837339525E-01 a       350     0    12     1    20
  1.7322574588194530E+00 a       351     0    12     1    21
  4.2590784188685769E+00 a       352     0    12     1    22
  1.1867323055579715E+00 a       353     0    12     1    23
  3.2187712224678520E+00 a       354     0    12     1    24
  6.0191180492580765E-01 a       355     0    12     1    25
  8.2298888779162926E-01 a       356     0    12     1    26
 -1.6040958717350133E+00 a       357     0    12     1    27
 -3.2169032856024649E-01 a       358     0    12     1    28
 -1.0360294825934234E-01 a       359     0    12     1    29
  2.3702664893037220E+00 a       360     0    12     1    30
  1.9357585284101453E+00 a       361     0    13     1     1
  4.9759636258339670E+00 a       362     0    13     1     2
 -1.9947940370939510E+00 a       363     0    13     1     3
 -1.9500780428667617E+00 a       364     0    13     1     4
  2.6389426242107823E+00 a       365     0    13     1     5
 -3.0014137516903254E+00 a       366     0    13     1     6
  4.9320731283161541E+00 a       367     0    13     1     7
  1.3462379820211094E+00 a       368     0    13     1     8
 -4.7382584159055314E+00 a       369     0    13     1     9
 -2.1497711290049351E+00 a       370     0    13     1    10
  4.4334451578698868E+00 a       371     0    13     1    11
  6.3348217338538504E+00 a       372     0    13     1    12
 -7.6577038700078848E-01 a       373     0    13     1    13
 -2.1786737800034515E+00 a       374     0    13     1    14
  5.3921217404496771E+00 a       375     0    13     1    15
  4.7322459799929453E+00 a       376     0    13     1    16
  2.9049772573099455E+00 a       377     0    13     1    17
  6.3314055311175110E+00 a       378     0    13     1    18
 -2.5363593021856379E-01 a       379     0    13     1    19
  4.2208502036466342E+00 a       380     0    13     1    20
 -8.5666572381590389E-01 a       381     0    13     1    21
 -5.5673191925991450E+00 a       382     0    13     1    22
 -1.2769375294512995E+00 a       383     0    13     1    23
 -7.8284384348887155E+00 a       384     0    13     1    24
 -1.4556784590173950E+00 a       385     0    13     1    25
 -3.0699838840737708E+00 a       386     0    13     1    26
  2.9311214053906998E+00 a       387     0    13     1    27
 -9.1575665768055980E-01 a       388     0    13     1    28
  7.7819446557212957E-01 a       389     0    13     1    29
 -6.3026190711600072E-01 a       390     0    13     1    30
 -6.1581618249334245E+00 a       391     0    14     1     1
  5.4341611555300311E+00 a       392     0    14     1     2
  2.0385380108534381E+00 a       393     0    14     1     3
 -4.1805847547468540E+00 a       394     0    14     1     4
  3.8488406043799421E+00 a       395     0    14     1     5
 -9.9538002541970805E+00 a       396     0    14     1     6
 -4.0057533134029963E+00 a       397     0    14     1     7
  5.8477610625143646E+00 a       398     0    14     1     8
 -1.0897241345144877E+01 a       399     0    14     1     9
 -7.6574142799093092E+00 a       400     0    14     1    10
 -3.3715837717575372E+00 a       401     0    14     1    11
  4.0937737068937077E+00 a       402     0    14     1    12
 -1.0034171515543388E+01 a       403     0    14     1    13
 -1.0652471174826044E+01 a       404     0    14     1    14
  6.7283198270718918E+00 a       405     0    14     1    15
  1.2036586252642245E+00 a       406     0    14     1    16
  3.9522224697319559E+00 a       407     0    14     1    17
  2.5924580682622551E+00 a       408     0    14     1    18
  1.7517578029128189E+00 a       409     0    14     1    19
  2.2699130483993146E+00 a       410     0    14     1    20
  5.1647559599324211E+00 a       411     0    14     1    21
 -1.2155271060392540E+01 a       412     0    14     1    22
 -1.2813683861316747E+01 a       413     0    14     1    23
 -2.1113226215967824E+01 a       414     0    14     1    24
 -3.9716795992707525E+00 a       415     0    14     1    25
 -1.2131922411170267E+01 a       416     0    14     1    26
  1.1913913403180307E-01 a       417     0    14     1    27
  8.7989766723980445E-01 a       418     0    14     1    28
  3.3543180366499885E+00 a       419     0    14     1    29
  2.8661618327329813E-01 a       420     0    14     1    30
  1.1948568222079313E+01 a       421     0    15     1     1
  1.4012589217598467E+01 a       422     0    15     1     2
  1.2522666026097623E+01 a       423     0    15     1     3
  1.4035482178415226E-01 a       424     0    15     1     4
  2.2493365712287590E+00 a       425     0    15     1     5
 -1.6899875538401819E+01 a       426     0    15     1     6
  3.9292126267126606E+00 a       427     0    15     1     7
 -3.5474389306187346E+00 a       428     0    15     1     8
 -4.1351741613763613E+00 a       429     0    15     1     9
 -1.3074994737946424E+01 a       430     0    15     1    10
  1.2329248374375930E+00 a       431     0    15     1    11
 -9.8780067144491195E+00 a       432     0    15     1    12
 -8.4751947116471147E+00 a       433     0    15     1    13
 -1.5061902491929471E+01 a       434     0    15     1    14
 -8.2542383143771403E+00 a       435     0    15     1    15
 -4.9646663605674615E+00 a       436     0    15     1    16
  9.7672391139631731E+00 a       437     0    15     1    17
 -1.4422196404692016E+01 a       438     0    15     1    18
 -1.2007457256687561E+01 a       439     0    15     1    19
 -1.5375758808902225E+01 a       440     0    15     1    20
  1.3830420255047491E+00 a       441     0    15     1    21
 -2.1106879982813307E+01 a       442     0    15     1    22
 -1.6015004359262253E+01 a       443     0    15     1    23
 -1.5985497147337519E+01 a       444     0    15     1    24
 -1.2680772719170804E+01 a       445     0    15     1    25
 -1.7377484211336199E+01 a       446     0    15     1    26
 -3.7407459118324793E+00 a       447     0    15     1    27
  3.4473921719282905E+00 a       448     0    15     1    28
  1.5513993090124883E+01 a       449     0    15     1    29
 -2.6082271928448915E+00 a       450     0    15     1    30
  7.0034806474934621E+00 a       451     0    16     1     1
  1.4530504702898618E+01 a       452     0    16     1     2
  4.3840703426280756E+00 a       453     0    16     1     3
  1.8344625942661339E+00 a       454     0    16     1     4
  1.8984156606835271E+01 a       455     0    16     1     5
 -5.8698354350198689E-01 a       456     0    16     1     6
  2.0090060248806012E+01 a       457     0    16     1     7
  1.2386865263221618E+00 a       458     0    16     1     8
  2.6219726197573689E+00 a       459     0    16     1     9
 -4.1232259485381597E+00 a       460     0    16     1    10
  6.8238851067382962E+00 a       461     0    16     1    11
  3.0974097499629001E+00 a       462     0    16     1    12
  8.1390050333859758E+00 a       463     0    16     1    13
  1.7650933403463174E+01 a       464     0    16     1    14
 -1.8905912242096704E+01 a       465     0    16     1    15
 -1.5246857480399555E+01 a       466     0    16     1    16
  9.9262438595077302E+00 a       467     0    16     1    17
 -1.3969137790435983E+01 a       468     0    16     1    18
 -2.2632574925876920E+01 a       469     0    16     1    19
 -1.7649130823239009E+01 a       470     0    16     1    20
  3.0633808374310245E+00 a       471     0    16     1    21
 -1.1682653069520535E+01 a       472     0    16     1    22
  4.7699650153579431E-01 a       473     0    16     1    23
  4.7271994739737062E+00 a       474     0    16     1    24
 -3.3356653857898806E+01 a       475     0    16     1    25
 -1.0601140200699957E+01 a       476     0    16     1    26
  1.2910236390962194E+01 a       477     0    16     1    27
  2.0292071780929950E+00 a       478     0    16     1    28
  5.5613349651730193E+00 a       479     0    16     1    29
  6.6510082489997329E+00 a       480     0    16     1    30
  3.8640037385507040E+00 a       481     0    17     1     1
 -3.9225974562096293E+00 a       482     0    17     1     2
  1.8664128869592339E+01 a       483     0    17     1     3
 -3.2356358679534369E-01 a       484     0    17     1     4
  6.3624532482430531E+00 a       485     0    17     1     5
  6.1750701416120277E+00 a       486     0    17     1     6
 -5.0686251549670560E+00 a       487     0    17     1     7
 -4.1742487401085508E+00 a       488     0    17     1     8
 -7.4229504888198514E+00 a       489     0    17     1     9
 -3.3713449077299456E+00 a       490     0    17     1    10
 -5.3549398959120875E-01 a       491     0    17     1    11
 -5.4611243449337588E+00 a       492     0    17     1    12
  5.1678698560610128E+00 a       493     0    17     1    13
  3.2657863171313029E+00 a       494     0    17     1    14
 -6.6274369133642272E+00 a       495     0    17     1    15
 -4.9133519075283481E+00 a       496     0    17     1    16
  1.1883215870234464E+01 a       497     0    17     1    17
 -1.1758642525652041E+01 a       498     0    17     1    18
  1.7941185093248482E+01 a       499     0    17     1    19
  1.0763758680277748E+01 a       500     0    17     1    20
 -1.8125264910944914E+00 a       501     0    17     1    21
 -9.6576086246296278E+00 a       502     0    17     1    22
 -3.4823258456626665E+00 a       503     0    17     1    23
  1.6216303923362947E+01 a       504     0    17     1    24
 -2.7557361465875267E+00 a       505     0    17     1    25
 -6.3628875538756651E+00 a       506     0    17     1    26
  1.9938198705482149E+00 a       507     0    17     1    27
  8.4084541489456992E+00 a       508     0    17     1    28
  4.9183591938719280E+00 a       509     0    17     1    29
 -7.3743671099341510E+00 a       510     0    17     1    30
 -2.9547430639665118E+00 a       511     0    18     1     1
  1.1797245834592362E+01 a       512     0    18     1     2
 -1.3493888720433002E+01 a       513     0    18     1     3
  1.0453905900164793E+01 a       514     0    18     1     4
  9.8683949308097940E+00 a       515     0    18     1     5
  8.7850161547400045E+00 a       516     0    18     1     6
 -1.7133266885619802E-01 a       517     0    18     1     7
  8.9413234821582428E+00 a       518     0    18     1     8
  3.2086851258200646E+01 a       519     0    18     1     9
  2.5647153595709371E+00 a       520     0    18     1    10
  1.3554282268526272E+00 a       521     0    18     1    11
  1.4459519187913433E+01 a       522     0    18     1    12
 -8.9775971572412576E+00 a       523     0    18     1    13
 -5.2044821827765135E+00 a       524     0    18     1    14
  1.7609343881891537E+01 a       525     0    18     1    15
 -2.2752062435582403E+01 a       526     0    18     1    16
 -6.2986393511268561E+00 a       527     0    18     1    17
 -6.7820213355336509E+00 a       528     0    18     1    18
 -2.9159350778564668E+00 a       529     0    18     1    19
 -4.7952281382507123E-02 a       530     0    18     1    20
  3.0341823161574388E+00 a       531     0    18     1    21
  2.0284346015770318E+01 a       532     0    18     1    22
  6.9071986009017854E+00 a       533     0    18     1    23
 -1.0023750075419892E+01 a       534     0    18     1    24
 -1.0279706038342431E+01 a       535     0    18     1    25
  2.4251184411734661E+00 a       536     0    18     1    26
  3.0301654336056827E-01 a       537     0    18     1    27
  5.3871846523618059E+00 a       538     0    18     1    28
 -1.2044881248041914E+01 a       539     0    18     1    29
 -3.7621613627367512E+00 a       540     0    18     1    30
 -6.4326546005276057E+00 a       541     0    19     1     1
  6.4436389237630776E-01 a       542     0    19     1     2
  1.7715152084173742E+01 a       543     0    19     1     3
  2.4958336892499414E+01 a       544     0    19     1     4
 -1.9546530811463814E+01 a       545     0    19     1     5
 -1.0116655830958219E+01 a       546     0    19     1     6
  5.8270239879533001E+00 a       547     0    19     1     7
 -1.2458231170122831E+01 a       548     0    19     1     8
  2.9375839445062826E+00 a       549     0    19     1     9
 -9.7924267831212681E+00 a       550     0    19     1    10
  2.3456009242035623E+01 a       551     0    19     1    11
 -3.7198309931987708E+00 a       552     0    19     1    12
 -4.1160185259507847E+00 a       553     0    19     1    13
  5.2005088790923644E+00 a       554     0    19     1    14
  2.4151807509923224E+00 a       555     0    19     1    15
  1.0656953418031385E+01 a       556     0    19     1    16
 -4.3123457325641370E+00 a       557     0    19     1    17
  1.8447888640361150E+01 a       558     0    19     1    18
 -5.3376808609238902E+00 a       559     0    19     1    19
 -7.0745886218355425E+00 a       560     0    19     1    20
 -1.5339160766191604E+01 a       561     0    19     1    21
  3.7385003881167300E+00 a       562     0    19     1    22
 -3.4986459613310412E+00 a       563     0    19     1    23
 -1.5170300078958729E+01 a       564     0    19     1    24
  3.5772376699282389E+00 a       565     0    19     1    25
  1.0851069322136080E+01 a       566     0    19     1    26
  1.7768491955491591E+01 a       567     0    19     1    27
 -5.6973936325855457E-02 a       568     0    19     1    28
 -5.5156023211265106E+00 a       569     0    19     1    29
 -5.3365849253201196E-02 a       570     0    19     1    30
 -3.2176957897044524E+01 a       571     0    20     1     1
  1.3414798208719324E+01 a       572     0    20     1     2
 -1.8286153245237607E+01 a       573     0    20     1     3
  9.6036091882251498E+00 a       574     0    20     1     4
 -1.5474225364924969E+01 a       575     0    20     1     5
 -1.5038131334920172E+01 a       576     0    20     1     6
 -7.6735835508681403E+00 a       577     0    20     1     7
 -2.0402402303296867E+00 a       578     0    20     1     8
 -3.0501942673084137E+01 a       579     0    20     1     9
  3.0423735795414796E+01 a       580     0    20     1    10
 -5.0532566064556654E+00 a       581     0    20     1    11
 -3.2200260172205617E+00 a       582     0    20     1    12
 -1.5393801178844497E+00 a       583     0    20     1    13
  1.7049943707751272E+01 a       584     0    20     1    14
 -4.7421464191930234E+00 a       585     0    20     1    15
  1.0742528714652911E+01 a       586     0    20     1    16
 -9.9650761899852185E+00 a       587     0    20     1    17
  7.4550376483403253E+00 a       588     0    20     1    18
 -3.5272049703523038E+01 a       589     0    20     1    19
  3.8200677552241835E+00 a       590     0    20     1    20
  6.5202281398521589E-01 a       591     0    20     1    21
 -2.7392793852437688E+01 a       592     0    20     1    22
  9.3456677172496772E+00 a       593     0    20     1    23
 -2.2300544080514360E+01 a       594     0    20     1    24
  1.6367499558928944E+01 a       595     0    20     1    25
  1.3170223618680609E+01 a       596     0    20     1    26
 -5.6428084513545604E+00 a       597     0    20     1    27
 -6.6866548968945629E+00 a       598     0    20     1    28
  9.6156972254426289E+00 a       599     0    20     1    29
  1.5059236310511022E+01 a       600     0    20     1    30
  1.2861174567459628E+01 a       601     0    21     1     1
 -8.7604655305924215E+00 a       602     0    21     1     2
  5.1702082077106922E+01 a       603     0    21     1     3
  6.1861761943359861E+00 a       604     0    21     1     4
  1.7765794975645719E+01 a       605     0    21     1     5
  1.8233944595531266E+01 a       606     0    21     1     6
 -4.7195073108810695E+00 a       607     0    21     1     7
  8.7524566443267080E+00 a       608     0    21     1     8
  2.6862921620303357E+00 a       609     0    21     1     9
 -2.2102989854568133E+01 a       610     0    21     1    10
 -3.2415697241225644E+01 a       611     0    21     1    11
  3.1326483927374813E+01 a       612     0    21     1    12
  1.3311902853228219E+01 a       613     0    21     1    13
 -1.7332881839648383E+01 a       614     0    21     1    14
  1.7862162447843033E+01 a       615     0    21     1    15
 -7.5441046594840952E-02 a       616     0    21     1    16
  1.6281329224529422E+01 a       617     0    21     1    17
 -3.7102087144592810E-01 a       618     0    21     1    18
  5.2242543446650060E+00 a       619     0    21     1    19
 -1.4429080950961984E+01 a       620     0    21     1    20
 -1.1908864467600981E+01 a       621     0    21     1    21
  2.6745345856308898E+01 a       622     0    21     1    22
 -1.0344465654178173E+01 a       623     0    21     1    23
  5.1832197136340987E+00 a       624     0    21     1    24
  1.1518760228983835E+00 a       625     0    21     1    25
  5.4912093947698288E+00 a       626     0    21     1    26
  6.1901440524989866E+00 a       627     0    21     1    27
 -9.1347726474302942E+00 a       628     0    21     1    28
 -1.8895986639234186E+00 a       629     0    21     1    29
 -7.6889358439271943E-02 a       630     0    21     1    30
  2.2168988150163340E+00 a       631     0    22     1     1
  9.9611776074747969E+00 a       632     0    22     1     2
 -1.2019449399468181E+01 a       633     0    22     1     3
 -1.6969585088028825E+01 a       634     0    22     1     4
 -1.8474580685821582E+01 a       635     0    22     1     5
  2.8697861443572488E+00 a       636     0    22     1     6
  1.3569001128215707E+01 a       637     0    22     1     7
 -1.4333476459850550E+01 a       638     0    22     1     8
 -1.4320515387466260E+01 a       639     0    22     1     9
 -9.7234901914627887E+00 a       640     0    22     1    10
  2.3441668057500329E+00 a       641     0    22     1    11
 -1.0875439290728295E+01 a       642     0    22     1    12
 -1.9839916137155722E+00 a       643     0    22     1    13
 -2.2934206386633992E+01 a       644     0    22     1    14
 -9.1198156330466379E-02 a       645     0    22     1    15
 -1.9565630753103601E+01 a       646     0    22     1    16
 -2.0610703019899582E+01 a       647     0    22     1    17
  2.6654390882153823E+01 a       648     0    22     1    18
 -1.8804140507005121E-01 a       649     0    22     1    19
 -1.3852418203124822E+01 a       650     0    22     1    20
 -1.6742180563497929E+01 a       651     0    22     1    21
  1.6444198281147684E+00 a       652     0    22     1    22
  9.0370663251997474E+00 a       653     0    22     1    23
 -1.1019675995320018E+01 a       654     0    22     1    24
 -2.0428862852025201E+01 a       655     0    22     1    25
 -2.4972285834737992E+01 a       656     0    22     1    26
 -3.7523487798960042E+00 a       657     0    22     1    27
 -1.2843117319796866E+01 a       658     0    22     1    28
 -3.2311689988822545E+00 a       659     0    22     1    29
 -1.8016537541051505E+01 a       660     0    22     1    30
  2.2951717119605686E+01 a       661     0    23     1     1
  3.5441211462166976E+01 a       662     0    23     1     2
  6.6018329147374093E+00 a       663     0    23     1     3
 -4.4912470557751902E+00 a       664     0    23     1     4
  1.0126038314993497E+01 a       665     0    23     1     5
  2.5904241845362463E-01 a       666     0    23     1     6
 -7.0378628656033735E+00 a       667     0    23     1     7
 -4.2376003575784562E+00 a       668     0    23     1     8
  1.6554265044747101E+01 a       669     0    23     1     9
 -5.4196285789847787E+00 a       670     0    23     1    10
 -5.3248336555755698E+00 a       671     0    23     1    11
  1.9009466230647046E+01 a       672     0    23     1    12
  3.3855975632971621E+01 a       673     0    23     1    13
  7.5849657583081855E+00 a       674     0    23     1    14
 -7.8851368747049442E+00 a       675     0    23     1    15
 -2.4172067571070794E+01 a       676     0    23     1    16
  6.3309675688328495E+00 a       677     0    23     1    17
 -2.6283302554407168E+01 a       678     0    23     1    18
 -4.1090698854551690E+01 a       679     0    23     1    19
 -9.6875702658947542E+00 a       680     0    23     1    20
 -4.8519995338000976E+00 a       681     0    23     1    21
  1.0599943032394263E+00 a       682     0    23     1    22
  7.2151095365844675E+00 a       683     0    23     1    23
  2.7864152166259736E+01 a       684     0    23     1    24
 -2.4138319944443779E+01 a       685     0    23     1    25
  1.5519560474495552E+01 a       686     0    23     1    26
  4.7238445339861906E-01 a       687     0    23     1    27
  2.1096307890420547E+01 a       688     0    23     1    28
  1.3774716785136084E+01 a       689     0    23     1    29
 -3.1130940197302223E+01 a       690     0    23     1    30
 -4.3794943194593580E-02 a       691     0    24     1     1
 -2.8778898455681638E+01 a       692     0    24     1     2
  2.3468424256592826E+01 a       693     0    24     1     3
 -6.7267224088107609E+00 a       694     0    24     1     4
 -2.6836329844701986E+01 a       695     0    24     1     5
 -2.2329092408391865E+01 a       696     0    24     1     6
 -7.1271476544177803E+00 a       697     0    24     1     7
 -6.1789264507232500E-01 a       698     0    24     1     8
 -4.9307956573096101E+00 a       699     0    24     1     9
  4.1177676474787006E+00 a       700     0    24     1    10
  7.6003162874533441E+00 a       701     0    24     1    11
 -3.1808375762538919E+01 a       702     0    24     1    12
 -1.9108296747631503E+01 a       703     0    24     1    13
  5.5753021697203131E+00 a       704     0    24     1    14
  1.7610568551876945E+01 a       705     0    24     1    15
  3.5679302947603588E+00 a       706     0    24     1    16
 -7.3880064735768851E+00 a       707     0    24     1    17
  1.2361462961664964E+01 a       708     0    24     1    18
  2.0355959515611545E+01 a       709     0    24     1    19
  7.1231872892144672E+00 a       710     0    24     1    20
  1.2144363294460350E+01 a       711     0    24     1    21
 -4.6412525322251357E+00 a       712     0    24     1    22
 -5.9319295355771544E+00 a       713     0    24     1    23
 -2.1161741948840547E+01 a       714     0    24     1    24
  3.1295469276209790E+01 a       715     0    24     1    25
 -2.0836371765953501E+01 a       716     0    24     1    26
 -3.9910951682030680E+00 a       717     0    24     1    27
 -6.4804267179998520E-01 a       718     0    24     1    28
 -2.5978296402666352E+01 a       719     0    24     1    29
  2.5757371801418341E+01 a       720     0    24     1    30
  4.5697617184714163E+00 a       721     0    25     1     1
 -8.6353735857573344E-01 a       722     0    25     1     2
 -9.0559739543289144E+00 a       723     0    25     1     3
  9.5200575511303729E+00 a       724     0    25     1     4
 -9.3063598866680994E+00 a       725     0    25     1     5
 -2.9926134170728336E-01 a       726     0    25     1     6
 -2.1703935164284958E+00 a       727     0    25     1     7
  1.3448425073988615E+01 a       728     0    25     1     8
 -8.5150405427167346E+00 a       729     0    25     1     9
 -4.5635418466645961E+00 a       730     0    25     1    10
 -1.2241130074874002E+01 a       731     0    25     1    11
  6.2111241033321400E+00 a       732     0    25     1    12
 -7.3111356292136644E+00 a       733     0    25     1    13
 -3.6027225879470048E+00 a       734     0    25     1    14
  1.8324699846371466E+01 a       735     0    25     1    15
  3.7312810081294160E+01 a       736     0    25     1    16
 -5.8650553430143608E+00 a       737     0    25     1    17
  2.0232815853547534E+00 a       738     0    25     1    18
  1.9546635777267198E+01 a       739     0    25     1    19
  4.5491350878482333E+00 a       740     0    25     1    20
  1.1428439093402766E+01 a       741     0    25     1    21
  1.2077518397406195E+01 a       742     0    25     1    22
  6.5810683442306583E+00 a       743     0    25     1    23
  3.5452698238441582E-01 a       744     0    25     1    24
  1.1638382509185796E+01 a       745     0    25     1    25
  8.5317784687017504E+00 a       746     0    25     1    26
  8.3179446051354926E+00 a       747     0    25     1    27
  1.1627000800419172E+01 a       748     0    25     1    28
  1.4111902910041263E+01 a       749     0    25     1    29
 -5.2292297827789858E+00 a       750     0    25     1    30
 -4.0381024065487399E+00 a       751     0    26     1     1
  2.6713766313955620E+00 a       752     0    26     1     2
 -2.0315538600951303E+01 a       753     0    26     1     3
 -2.4761332670023108E+01 a       754     0    26     1     4
  2.4613341590113777E+01 a       755     0    26     1     5
 -6.1747210348872605E-01 a       756     0    26     1     6
 -9.4481419637032253E+00 a       757     0    26     1     7
  2.1196668570554196E+00 a       758     0    26     1     8
  3.9386712996036963E+00 a       759     0    26     1     9
  2.2282792102216065E-01 a       760     0    26     1    10
  1.4543082542990426E+01 a       761     0    26     1    11
 -1.5109843940631251E+00 a       762     0    26     1    12
  1.4939874433696327E+00 a       763     0    26     1    13
  6.0179908710532910E+00 a       764     0    26     1    14
  8.1288095009265843E-02 a       765     0    26     1    15
 -1.9199957080386735E+01 a       766     0    26     1    16
  1.8005334651845113E+00 a       767     0    26     1    17
 -1.3469559014756852E+01 a       768     0    26     1    18
 -2.9852600208253154E+01 a       769     0    26     1    19
 -1.0744242927224818E+01 a       770     0    26     1    20
 -3.4152235697324098E+00 a       771     0    26     1    21
 -2.3590477278417271E+01 a       772     0    26     1    22
  7.5207790443942351E+00 a       773     0    26     1    23
 -1.4485384830149094E+01 a       774     0    26     1    24
 -1.2462418611609335E+01 a       775     0    26     1    25
  2.0608875573668817E+00 a       776     0    26     1    26
 -2.4940110621660729E+01 a       777     0    26     1    27
 -1.6140831973715333E+01 a       778     0    26     1    28
 -1.4204744010442603E+00 a       779     0    26     1    29
 -6.0863605108682606E+00 a       780     0    26     1    30
  6.2742601160689020E+00 a       781     0    27     1     1
 -3.8394342774489648E-01 a       782     0    27     1     2
 -1.2965292432177704E+00 a       783     0    27     1     3
  1.5842036181202507E+01 a       784     0    27     1     4
  4.5774412646239018E+00 a       785     0    27     1     5
  1.7465521966456162E+01 a       786     0    27     1     6
  2.0394821434889451E+01 a       787     0    27     1     7
  1.6576756755107405E+00 a       788     0    27     1     8
  2.0336662558778791E+01 a       789     0    27     1     9
  1.9145124611448743E+01 a       790     0    27     1    10
 -1.8377615116072040E+01 a       791     0    27     1    11
  2.5444712330861758E+01 a       792     0    27     1    12
  7.7316809245781597E+00 a       793     0    27     1    13
  1.9647992856141356E+00 a       794     0    27     1    14
 -1.3808486922434643E+01 a       795     0    27     1    15
 -1.2233395039169264E+00 a       796     0    27     1    16
 -4.6645064390666970E+00 a       797     0    27     1    17
  3.7975183521034905E+00 a       798     0    27     1    18
  1.1865007553327366E+01 a       799     0    27     1    19
  5.8983742757267499E-01 a       800     0    27     1    20
 -8.1012958479858224E+00 a       801     0    27     1    21
  1.3177316986214935E+01 a       802     0    27     1    22
 -1.0617785149079745E+01 a       803     0    27     1    23
  1.1773843052192118E+01 a       804     0    27     1    24
 -2.5325061966285678E+00 a       805     0    27     1    25
 -4.7269174637287898E+00 a       806     0    27     1    26
  2.0901276700869680E+01 a       807     0    27     1    27
 -2.5195150339733630E-01 a       808     0    27     1    28
  1.6163678752001957E+01 a       809     0    27     1    29
  1.4021583825913641E+01 a       810     0    27     1    30
  2.2264927435971870E+01 a       811     0    28     1     1
  1.5127965006677236E+01 a       812     0    28     1     2
  7.5863395016643080E+00 a       813     0    28     1     3
  2.3600979179574559E+00 a       814     0    28     1     4
  1.2544154977185880E+01 a       815     0    28     1     5
 -3.1989167745810354E+00 a       816     0    28     1     6
  1.6073088377258316E+01 a       817     0    28     1     7
 -4.4564222558944628E+00 a       818     0    28     1     8
  1.7576490787007771E+01 a       819     0    28     1     9
  1.4439142018300076E+01 a       820     0    28     1    10
  2.7203498349137046E+01 a       821     0    28     1    11
 -2.0665789877057989E+01 a       822     0    28     1    12
 -1.3204886292149489E+01 a       823     0    28     1    13
 -1.7574800893858356E+01 a       824     0    28     1    14
 -2.0246762245846632E+01 a       825     0    28     1    15
 -1.6371404400971514E+01 a       826     0    28     1    16
 -4.9448517804407388E-01 a       827     0    28     1    17
 -6.2420692623146738E+00 a       828     0    28     1    18
  1.2431461055397296E+01 a       829     0    28     1    19
 -3.8289991517705233E+00 a       830     0    28     1    20
  8.1198249515376926E+00 a       831     0    28     1    21
 -1.1765695811615405E+01 a       832     0    28     1    22
 -4.4634809353629006E+00 a       833     0    28     1    23
  1.6180686171632850E+01 a       834     0    28     1    24
  9.2834386319891422E+00 a       835     0    28     1    25
 -1.4856388899572167E+01 a       836     0    28     1    26
  8.3451230145646225E+00 a       837     0    28     1    27
  6.8812147274309510E+00 a       838     0    28     1    28
 -4.6059351096939327E+00 a       839     0    28     1    29
 -1.0212564136308885E+01 a       840     0    28     1    30
 -1.4476682117637736E+01 a       841     0    29     1     1
 -1.4048853436248567E+01 a       842     0    29     1     2
 -8.6114132589044790E+00 a       843     0    29     1     3
 -1.8185352762359724E+01 a       844     0    29     1     4
  9.4920308881407820E+00 a       845     0    29     1     5
 -2.0190012452698472E+01 a       846     0    29     1     6
 -2.7471895383724686E+01 a       847     0    29     1     7
  1.9289017586942505E+00 a       848     0    29     1     8
  1.0621819892415120E+01 a       849     0    29     1     9
  1.9439946125995785E+01 a       850     0    29     1    10
  4.6001686507906543E+00 a       851     0    29     1    11
  1.4486577257471151E+01 a       852     0    29     1    12
 -2.3299220695288967E+00 a       853     0    29     1    13
  4.5436724143262929E+01 a       854     0    29     1    14
  1.1010882969755629E+01 a       855     0    29     1    15
  3.2317538771115380E+01 a       856     0    29     1    16
 -2.4211406309180679E+00 a       857     0    29     1    17
 -2.0405643879737255E+01 a       858     0    29     1    18
  7.3538410206334148E-01 a       859     0    29     1    19
  2.5072204476191200E+01 a       860     0    29     1    20
  2.8523506895212680E+01 a       861     0    29     1    21
 -8.6325487393063280E+00 a       862     0    29     1    22
  1.2392536615618042E+01 a       863     0    29     1    23
  4.0110533539578368E+00 a       864     0    29     1    24
  1.8989426636791613E+01 a       865     0    29     1    25
  1.9211132143134407E+01 a       866     0    29     1    26
 -3.5944738682861690E+00 a       867     0    29     1    27
  2.1544331509746023E+01 a       868     0    29     1    28
  9.2289507279260814E+00 a       869     0    29     1    29
  3.1845994030592788E+01 a       870     0    29     1    30
 -1.2926778491891977E+01 a       871     0    30     1     1
  8.0486668776473156E+00 a       872     0    30     1     2
  2.6340187002575220E+01 a       873     0    30     1     3
  6.1565368468501749E+00 a       874     0    30     1     4
  2.2118117958130085E+01 a       875     0    30     1     5
 -3.4325856861443329E+00 a       876     0    30     1     6
  1.6359722455081749E+00 a       877     0    30     1     7
 -3.6801189339870857E+00 a       878     0    30     1     8
 -3.2377103410529073E-01 a       879     0    30     1     9
  1.3937560120935741E+01 a       880     0    30     1    10
 -3.1170014928674139E+01 a       881     0    30     1    11
 -1.6732925524070613E+01 a       882     0    30     1    12
  9.6782286334126582E+00 a       883     0    30     1    13
 -1.1221525393301306E+01 a       884     0    30     1    14
 -1.6845147377709321E+01 a       885     0    30     1    15
 -2.8213876144028980E+01 a       886     0    30     1    16
 -1.7436325939823867E+01 a       887     0    30     1    17
  1.2811288682485969E+01 a       888     0    30     1    18
  5.4608027275953228E+00 a       889     0    30     1    19
  1.3322354616936499E+01 a       890     0    30     1    20
  4.4283461153294414E+00 a       891     0    30     1    21
  1.1653367478307327E+01 a       892     0    30     1    22
 -1.6368015503497482E+01 a       893     0    30     1    23
  1.7028884617940447E+00 a       894     0    30     1    24
  6.4019889957837535E+00 a       895     0    30     1    25
 -1.2507323622182559E+01 a       896     0    30     1    26
  6.0895389719578992E+00 a       897     0    30     1    27
  6.3276042680539470E+00 a       898     0    30     1    28
 -1.5778063223854872E+01 a       899     0    30     1    29
  5.1039431321268358E+00 a       900     0    30     1    30
 -1.1769509915567147E+01 a       901     0    31     1     1
  1.3319824991907595E+01 a       902     0    31     1     2
 -1.9193237026715579E+01 a       903     0    31     1     3
  3.3825446335206966E+00 a       904     0    31     1     4
  1.3981725729301607E+01 a       905     0    31     1     5
 -3.5161822592081116E+00 a       906     0    31     1     6
 -9.3494604442833769E+00 a       907     0    31     1     7
  1.0709155039327285E+01 a       908     0    31     1     8
 -7.1943787057455886E+00 a       909     0    31     1     9
 -8.1125980939258273E+00 a       910     0    31     1    10
 -1.8748878870104462E+00 a       911     0    31     1    11
 -3.8674238787477195E+00 a       912     0    31     1    12
 -7.1123740131585285E+00 a       913     0    31     1    13
 -1.2880190186269948E+01 a       914     0    31     1    14
 -3.5458186384193757E+00 a       915     0    31     1    15
  1.5064960978420059E+01 a       916     0    31     1    16
  8.3756470301921837E+00 a       917     0    31     1    17
  6.5556404626942770E+00 a       918     0    31     1    18
 -2.8201593996148762E+00 a       919     0    31     1    19
  6.9501244682914116E+00 a       920     0    31     1    20
  4.1928887619289714E+00 a       921     0    31     1    21
 -3.5843358793455997E+00 a       922     0    31     1    22
 -1.8489470463223283E+00 a       923     0    31     1    23
  4.8512258789402785E-01 a       924     0    31     1    24
 -1.9285039140974106E+01 a       925     0    31     1    25
  1.4263733147715209E+01 a       926     0    31     1    26
 -7.6335453074031916E+00 a       927     0    31     1    27
  9.5753070708696857E+00 a       928     0    31     1    28
 -1.2781514069605608E+00 a       929     0    31     1    29
 -3.0696866542187862E+00 a       930     0    31     1    30
  1.8927719998372163E+00 a       931     0    32     1     1
  1.3088294404326386E+00 a       932     0    32     1     2
  1.6888559445270630E+01 a       933     0    32     1     3
 -9.1011165350412409E+00 a       934     0    32     1     4
 -1.2128144138111598E+01 a       935     0    32     1     5
  1.9992708805418686E+00 a       936     0    32     1     6
 -1.3387403205643627E+01 a       937     0    32     1     7
 -1.6188449415246005E+01 a       938     0    32     1     8
 -2.4321084989976274E+01 a       939     0    32     1     9
 -1.1140367844887544E+01 a       940     0    32     1    10
 -7.5797526651846914E+00 a       941     0    32     1    11
 -1.2524023760429307E+01 a       942     0    32     1    12
  7.0010461540071156E-01 a       943     0    32     1    13
  1.2977380529863487E+00 a       944     0    32     1    14
  1.7592358777740557E+01 a       945     0    32     1    15
  9.5432617184290578E+00 a       946     0    32     1    16
 -8.5500734866607164E+00 a       947     0    32     1    17
  1.5942109664520798E+00 a       948     0    32     1    18
  8.3767279113024102E+00 a       949     0    32     1    19
  5.9723240673529139E+00 a       950     0    32     1    20
  1.0774721734002799E+01 a       951     0    32     1    21
  9.0063693501659454E+00 a       952     0    32     1    22
 -2.6161284069243917E+00 a       953     0    32     1    23
 -1.6041300885319958E+00 a       954     0    32     1    24
  7.8968669578737387E+00 a       955     0    32     1    25
 -3.6927221451912202E+00 a       956     0    32     1    26
  1.7461145459842538E+01 a       957     0    32     1    27
 -7.7539216250943657E+00 a       958     0    32     1    28
  7.9435939562486046E+00 a       959     0    32     1    29
 -1.2091503166922053E+01 a       960     0    32     1    30
 -6.0846596682166236E+00 a       961     0    33     1     1
 -8.2103468185108563E-01 a       962     0    33     1     2
 -9.2888132690153089E+00 a       963     0    33     1     3
 -3.2027933286817643E+00 a       964     0    33     1     4
  3.4112547254747604E+01 a       965     0    33     1     5
 -2.0723956943115020E+01 a       966     0    33     1     6
  8.4773255684525761E+00 a       967     0    33     1     7
  1.2552211683176011E+00 a       968     0    33     1     8
 -1.8033183870399288E+01 a       969     0    33     1     9
  2.4062428776552654E+01 a       970     0    33     1    10
 -7.2230189376223466E+00 a       971     0    33     1    11
  2.8820087784022368E+00 a       972     0    33     1    12
  3.1285779321375077E+01 a       973     0    33     1    13
 -3.8065218127971022E+01 a       974     0    33     1    14
  1.1281807379744226E+01 a       975     0    33     1    15
 -5.6120872140920328E+00 a       976     0    33     1    16
  5.5987398025167829E+00 a       977     0    33     1    17
  3.0161133899696541E-01 a       978     0    33     1    18
  2.4105221329232268E+01 a       979     0    33     1    19
  1.2310165773424435E+01 a       980     0    33     1    20
 -2.9436708073540458E+00 a       981     0    33     1    21
 -1.5079069421926492E+01 a       982     0    33     1    22
  2.7615263975456146E+00 a       983     0    33     1    23
 -1.9565709230672677E+01 a       984     0    33     1    24
 -1.5826794923665931E+01 a       985     0    33     1    25
  2.4776856913389327E+01 a       986     0    33     1    26
 -3.1919142890098836E+01 a       987     0    33     1    27
  3.4749507306614717E+01 a       988     0    33     1    28
 -2.2916668175696952E+01 a       989     0    33     1    29
  1.1128230773240098E+01 a       990     0    33     1    30
  3.5410694676604031E+00 a       991     0    34     1     1
  5.9020185809376224E+00 a       992     0    34     1     2
 -4.9364076853133310E-01 a       993     0    34     1     3
  2.4447576026357591E+01 a       994     0    34     1     4
 -5.1637159557095833E+00 a       995     0    34     1     5
  1.0269255619326353E+01 a       996     0    34     1     6
  1.0395918434512330E+01 a       997     0    34     1     7
  3.0533547562065304E+00 a       998     0    34     1     8
  6.4346552397568724E-01 a       999     0    34     1     9
 -1.4077424605149478E+01 a      1000     0    34     1    10
 -2.7811810480655290E+00 a      1001     0    34     1    11
  2.5856658847612901E+00 a      1002     0    34     1    12
  7.8813139787507849E+00 a      1003     0    34     1    13
 -9.2156518912925076E+00 a      1004     0    34     1    14
 -1.8662993645297131E+01 a      1005     0    34     1    15
  8.3186985379789774E-02 a      1006     0    34     1    16
  1.0829197801980632E+01 a      1007     0    34     1    17
  2.7924851526140424E+00 a      1008     0    34     1    18
 -2.0703482130836277E+00 a      1009     0    34     1    19
 -3.1985839330113235E+00 a      1010     0    34     1    20
 -1.2818711355017841E+01 a      1011     0    34     1    21
 -7.5331135335854493E-01 a      1012     0    34     1    22
 -1.3041281129703918E+01 a      1013     0    34     1    23
 -1.5687550510041437E+01 a      1014     0    34     1    24
 -1.1756089174897017E+01 a      1015     0    34     1    25
  6.2133870786303840E+00 a      1016     0    34     1    26
 -4.1685521530327074E+00 a      1017     0    34     1    27
 -9.5719341417960724E+00 a      1018     0    34     1    28
  3.8017824400784872E+00 a      1019     0    34     1    29
 -1.3739940470900748E+01 a      1020     0    34     1    30
 -1.6691214957558568E+01 a      1021     0    35     1     1
  2.5056328241526888E+01 a      1022     0    35     1     2
  3.1802047419630476E+01 a      1023     0    35     1     3
 -3.0628412565998402E+00 a      1024     0    35     1     4
  4.8580822838172981E+00 a      1025     0    35     1     5
  2.4460479745077638E+01 a      1026     0    35     1     6
 -1.9866895082587142E+01 a      1027     0    35     1     7
 -1.1063681342741404E+01 a      1028     0    35     1     8
  1.5492488125105170E+00 a      1029     0    35     1     9
 -2.1525994086231158E+01 a      1030     0    35     1    10
 -9.1320324701161404E+00 a      1031     0    35     1    11
  1.6058075776819663E+01 a      1032     0    35     1    12
  1.2351022596359376E+01 a      1033     0    35     1    13
  4.3091231462187887E+00 a      1034     0    35     1    14
 -1.2603768513345841E+01 a      1035     0    35     1    15
  6.7417671510452770E-01 a      1036     0    35     1    16
  1.5804722305265583E+01 a      1037     0    35     1    17
 -6.9210488622124422E-01 a      1038     0    35     1    18
 -1.2024338540891351E+01 a      1039     0    35     1    19
 -9.1796437473386820E+00 a      1040     0    35     1    20
  9.0601043731152178E+00 a      1041     0    35     1    21
 -2.4972022876054773E+01 a      1042     0    35     1    22
 -6.6270230193070772E+00 a      1043     0    35     1    23
  1.6006426778068412E+00 a      1044     0    35     1    24
 -4.4004167655680455E+01 a      1045     0    35     1    25
  3.9473047643163754E+00 a      1046     0    35     1    26
  5.9155534780523222E+00 a      1047     0    35     1    27
  5.0490746192044362E+00 a      1048     0    35     1    28
  1.7788499201665087E+00 a      1049     0    35     1    29
  3.6280618298525935E-01 a      1050     0    35     1    30
  6.6392340821822371E+00 a      1051     0    36     1     1
 -1.2302963735156331E+00 a      1052     0    36     1     2
 -3.1604252556412491E+00 a      1053     0    36     1     3
 -1.6730893860610332E+00 a      1054     0    36     1     4
  3.6777185858203443E+00 a      1055     0    36     1     5
 -3.0000622643396230E-01 a      1056     0    36     1     6
 -6.5167198743846875E+00 a      1057     0    36     1     7
  1.2077211149685411E+01 a      1058     0    36     1     8
 -2.5722315737438057E+00 a      1059     0    36     1     9
  1.0074968379083222E+00 a      1060     0    36     1    10
  1.0466540643874287E+01 a      1061     0    36     1    11
 -1.5460940946938367E+01 a      1062     0    36     1    12
 -2.6426602499662071E+00 a      1063     0    36     1    13
 -1.1177660455194317E+01 a      1064     0    36     1    14
  7.2659395094939123E+00 a      1065     0    36     1    15
 -1.0262511068073612E+01 a      1066     0    36     1    16
  4.3723159595224912E+00 a      1067     0    36     1    17
 -5.0053095237155505E+00 a      1068     0    36     1    18
  8.5291725306692836E+00 a      1069     0    36     1    19
 -9.0529809737981566E+00 a      1070     0    36     1    20
  7.1898771750937254E+00 a      1071     0    36     1    21
  1.7829455591370571E+00 a      1072     0    36     1    22
  1.5269367971859513E+01 a      1073     0    36     1    23
  8.8821997213984794E-01 a      1074     0    36     1    24
 -2.5627691752588300E+00 a      1075     0    36     1    25
  1.0272964987802519E+01 a      1076     0    36     1    26
 -8.1416313441730512E+00 a      1077     0    36     1    27
 -1.0158357289800821E+00 a      1078     0    36     1    28
  6.1494653894805251E-01 a      1079     0    36     1    29
  3.8928722861543830E+00 a      1080     0    36     1    30
 -1.0094851382898982E+00 a      1081     0    37     1     1
  7.7200926449083482E+00 a      1082     0    37     1     2
 -2.2712695724735031E+01 a      1083     0    37     1     3
 -3.6909367207028683E+00 a      1084     0    37     1     4
  1.5830627299840128E+00 a      1085     0    37     1     5
 -5.5492307367489149E+00 a      1086     0    37     1     6
 -4.3907482100631068E+00 a      1087     0    37     1     7
  1.8638612410436362E+00 a      1088     0    37     1     8
 -1.0147545035112985E+01 a      1089     0    37     1     9
 -1.1606534411560250E+00 a      1090     0    37     1    10
 -1.0793786855945337E+01 a      1091     0    37     1    11
 -1.0294519800611898E+01 a      1092     0    37     1    12
 -2.0171346465627064E+01 a      1093     0    37     1    13
  6.0387978846248658E-01 a      1094     0    37     1    14
 -2.8718339364122858E-01 a      1095     0    37     1    15
  1.5300319263301105E+01 a      1096     0    37     1    16
  9.5241103582936990E+00 a      1097     0    37     1    17
  1.6933583763518065E+01 a      1098     0    37     1    18
 -6.0370164157438788E+00 a      1099     0    37     1    19
  5.7025961923768911E+00 a      1100     0    37     1    20
 -5.7519073478478147E+00 a      1101     0    37     1    21
 -3.2348517554895113E+00 a      1102     0    37     1    22
 -1.5604648610259584E+01 a      1103     0    37     1    23
  4.1548911267688515E+00 a      1104     0    37     1    24
 -1.6857174305675574E+01 a      1105     0    37     1    25
 -8.0083367500310559E-02 a      1106     0    37     1    26
  3.8347913638861103E-01 a      1107     0    37     1    27
 -2.5294334232133364E+00 a      1108     0    37     1    28
 -6.4640792126896622E+00 a      1109     0    37     1    29
 -5.0690024408562895E+00 a      1110     0    37     1    30
  1.2761495267590613E+01 a      1111     0    38     1     1
 -2.0263242039996445E+01 a      1112     0    38     1     2
 -1.8062946946095774E+01 a      1113     0    38     1     3
 -6.2204200726483911E+00 a      1114     0    38     1     4
  1.8279829694433503E+00 a      1115     0    38     1     5
 -1.8643053178186335E+01 a      1116     0    38     1     6
  8.1804980791028079E+00 a      1117     0    38     1     7
  1.1327554479379366E+01 a      1118     0    38     1     8
 -2.3940273046303395E+00 a      1119     0    38     1     9
 -4.6109108661704423E-01 a      1120     0    38     1    10
  1.4535488602060182E+01 a      1121     0    38     1    11
 -1.1469092195351623E+01 a      1122     0    38     1    12
 -6.3941802268580563E+00 a      1123     0    38     1    13
 -9.8726776644389975E+00 a      1124     0    38     1    14
  2.0102079244458622E+01 a      1125     0    38     1    15
 -7.5220821060680532E+00 a      1126     0    38     1    16
 -7.6942813761429907E+00 a      1127     0    38     1    17
  1.0290174154500755E+00 a      1128     0    38     1    18
  1.0623099502455572E+01 a      1129     0    38     1    19
 -3.8105792409679746E+00 a      1130     0    38     1    20
 -7.5157441314488658E+00 a      1131     0    38     1    21
  1.8697665428305005E+01 a      1132     0    38     1    22
  8.2636300467416612E-01 a      1133     0    38     1    23
 -7.1069024482493610E+00 a      1134     0    38     1    24
  1.7899432677107256E+01 a      1135     0    38     1    25
  7.4376790373866912E+00 a      1136     0    38     1    26
 -8.6304207751276607E+00 a      1137     0    38     1    27
  1.9338688375949911E+00 a      1138     0    38     1    28
 -4.0265470696795219E-01 a      1139     0    38     1    29
 -3.8433468182644535E+00 a      1140     0    38     1    30
 -8.1108924057037757E-01 a      1141     0    39     1     1
 -1.5959899498562969E+01 a      1142     0    39     1     2
  5.6374748588159164E+01 a      1143     0    39     1     3
 -5.5179597343622544E-01 a      1144     0    39     1     4
 -3.3231379000060533E-02 a      1145     0    39     1     5
  3.1814321759134501E-01 a      1146     0    39     1     6
 -7.8262760917726935E+00 a      1147     0    39     1     7
 -4.7779078544250790E+00 a      1148     0    39     1     8
  5.4555452184529756E+00 a      1149     0    39     1     9
 -1.6269959113469397E+01 a      1150     0    39     1    10
  2.9379826368379494E+01 a      1151     0    39     1    11
  1.1643677361262917E+01 a      1152     0    39     1    12
 -1.6258911154979756E+01 a      1153     0    39     1    13
  1.3209219580287079E-01 a      1154     0    39     1    14
 -2.2977461047976242E+01 a      1155     0    39     1    15
 -1.1786363948688029E+01 a      1156     0    39     1    16
 -3.7842464892682713E+01 a      1157     0    39     1    17
 -2.4106949045703548E+01 a      1158     0    39     1    18
 -3.5999720349891957E+00 a      1159     0    39     1    19
 -7.5126736087990391E+00 a      1160     0    39     1    20
 -4.8362794383529160E+00 a      1161     0    39     1    21
 -9.2639893103739066E+00 a      1162     0    39     1    22
  1.4463772941126654E+01 a      1163     0    39     1    23
  1.4900640938414993E+00 a      1164     0    39     1    24
  3.2578323471701417E+01 a      1165     0    39     1    25
 -8.2372919082357470E+00 a      1166     0    39     1    26
  3.3301449170626096E+00 a      1167     0    39     1    27
 -1.2500294468725041E+01 a      1168     0    39     1    28
  3.8809505004592729E+01 a      1169     0    39     1    29
  1.9097662618246525E-01 a      1170     0    39     1    30
 -7.6061339211755925E+00 a      1171     0    40     1     1
  4.4291043893343476E+00 a      1172     0    40     1     2
 -3.8013711472650513E+01 a      1173     0    40     1     3
 -1.0975711944050301E+01 a      1174     0    40     1     4
 -4.3805043289770111E+00 a      1175     0    40     1     5
  3.9466323284225915E+00 a      1176     0    40     1     6
 -3.3720733841016295E+00 a      1177     0    40     1     7
  8.8187280554576191E+00 a      1178     0    40     1     8
 -1.2851463765920419E+01 a      1179     0    40     1     9
  7.5115390489454654E+00 a      1180     0    40     1    10
 -1.3871313590320044E+01 a      1181     0    40     1    11
 -9.1210267409309189E+00 a      1182     0    40     1    12
  9.7835093284507177E+00 a      1183     0    40     1    13
  7.3783512840379082E+00 a      1184     0    40     1    14
  4.0149320245450104E+00 a      1185     0    40     1    15
  1.2129199841333570E+01 a      1186     0    40     1    16
  2.7035104160573198E+01 a      1187     0    40     1    17
  5.5476068526502358E+00 a      1188     0    40     1    18
 -1.5786777126371327E+00 a      1189     0    40     1    19
  4.3606921325272419E+00 a      1190     0    40     1    20
  5.5649264128758356E+00 a      1191     0    40     1    21
  1.5458093846678373E+01 a      1192     0    40     1    22
 -1.3991920020375598E+01 a      1193     0    40     1    23
 -6.3662544616012768E+00 a      1194     0    40     1    24
 -1.3798482920785512E+01 a      1195     0    40     1    25
  1.8370549459114680E+00 a      1196     0    40     1    26
 -1.6865812215769880E+00 a      1197     0    40     1    27
 -5.7192550534073749E+00 a      1198     0    40     1    28
 -3.8192343475433887E+01 a      1199     0    40     1    29
  1.5411963076694084E+01 a      1200     0    40     1    30
  1.9349042755531509E+00 a      1201     0    41     1     1
  2.8242886271802718E+00 a      1202     0    41     1     2
  3.2736206829391366E+00 a      1203     0    41     1     3
  3.2678804160130359E+00 a      1204     0    41     1     4
  5.4050308304740047E-01 a      1205     0    41     1     5
 -4.5725382451883672E+00 a      1206     0    41     1     6
  1.0051645740364625E+01 a      1207     0    41     1     7
 -7.1171510459600071E+00 a      1208     0    41     1     8
  3.5508108126496507E-01 a      1209     0    41     1     9
  1.4395268218020012E+01 a      1210     0    41     1    10
 -9.7931071912438270E+00 a      1211     0    41     1    11
  1.4170126080902628E+01 a      1212     0    41     1    12
  1.5688304703440124E+00 a      1213     0    41     1    13
  2.0764585184540884E+01 a      1214     0    41     1    14
 -1.3163926002175108E+01 a      1215     0    41     1    15
  1.1631672869922728E+01 a      1216     0    41     1    16
 -4.5988173532953072E+00 a      1217     0    41     1    17
  5.8605355472634120E+00 a      1218     0    41     1    18
 -7.4350477959928298E+00 a      1219     0    41     1    19
  9.8811529503767588E+00 a      1220     0    41     1    20
  6.9906654421331083E-01 a      1221     0    41     1    21
  2.0729020675256464E+00 a      1222     0    41     1    22
  1.8137618355207323E+00 a      1223     0    41     1    23
 -1.0015411933596152E+01 a      1224     0    41     1    24
  1.6598275993437309E+01 a      1225     0    41     1    25
 -1.9010842385537714E+01 a      1226     0    41     1    26
  8.0900772120451077E+00 a      1227     0    41     1    27
 -6.9717502114694527E+00 a      1228     0    41     1    28
 -2.2521800167450916E+00 a      1229     0    41     1    29
  5.9088483386597197E+00 a      1230     0    41     1    30
 -1.1050996181877752E+01 a      1231     0    42     1     1
  1.3166440277828011E+01 a      1232     0    42     1     2
 -7.5484351995474324E+00 a      1233     0    42     1     3
 -1.3144992106770122E+01 a      1234     0    42     1     4
 -1.1532251492965104E+01 a      1235     0    42     1     5
  1.3673571954694829E+01 a      1236     0    42     1     6
 -1.6887363923815621E+00 a      1237     0    42     1     7
 -1.5708361514987168E+01 a      1238     0    42     1     8
 -2.3084967250241914E-01 a      1239     0    42     1     9
 -1.6287163761880326E+01 a      1240     0    42     1    10
  1.0468461717084761E+01 a      1241     0    42     1    11
 -9.7135978459171355E+00 a      1242     0    42     1    12
 -5.0327726369091259E+00 a      1243     0    42     1    13
 -1.5289176353050021E+01 a      1244     0    42     1    14
 -3.3877403837065259E+01 a      1245     0    42     1    15
 -3.1818230840083398E+01 a      1246     0    42     1    16
  2.4770672422345767E+00 a      1247     0    42     1    17
 -1.3015942165196739E+00 a      1248     0    42     1    18
 -7.0492508378021812E+00 a      1249     0    42     1    19
 -6.8654967866419927E+00 a      1250     0    42     1    20
 -1.5270632504064229E+01 a      1251     0    42     1    21
 -8.9842619273244495E-01 a      1252     0    42     1    22
 -1.0668439671478740E+01 a      1253     0    42     1    23
  2.0291216171017584E+01 a      1254     0    42     1    24
  7.6493609826629738E+00 a      1255     0    42     1    25
 -2.4622263305232681E+00 a      1256     0    42     1    26
 -1.2702776761302795E+01 a      1257     0    42     1    27
 -1.2414286046075487E+00 a      1258     0    42     1    28
  1.2413196924080500E+01 a      1259     0    42     1    29
 -6.8304341038379741E+00 a      1260     0    42     1    30
 -1.5129815638991186E+01 a      1261     0    43     1     1
 -1.5223880292538409E+01 a      1262     0    43     1     2
 -3.5956059626477519E+01 a      1263     0    43     1     3
  2.0894922490343372E+01 a      1264     0    43     1     4
 -9.8856839414155555E+00 a      1265     0    43     1     5
 -2.3139419617937822E+01 a      1266     0    43     1     6
 -1.6120293193351920E+01 a      1267     0    43     1     7
  2.8215083656387510E+01 a      1268     0    43     1     8
 -1.3737773661818973E+00 a      1269     0    43     1     9
  1.1616861276175360E+01 a      1270     0    43     1    10
  1.3376697119677510E+00 a      1271     0    43     1    11
 -1.1664226892232355E+01 a      1272     0    43     1    12
  1.3178723094830886E+01 a      1273     0    43     1    13
  3.4385870600642974E+01 a      1274     0    43     1    14
  5.1633675870627078E+00 a      1275     0    43     1    15
  2.6315278933799014E+01 a      1276     0    43     1    16
 -4.2771497893813653E+00 a      1277     0    43     1    17
 -3.0392572884515584E+01 a      1278     0    43     1    18
  9.1231969230809593E+00 a      1279     0    43     1    19
  1.3965184409870954E+01 a      1280     0    43     1    20
  1.7338560286728253E+01 a      1281     0    43     1    21
  6.4588190786161750E+00 a      1282     0    43     1    22
  4.4314444555395234E+00 a      1283     0    43     1    23
 -5.2637423432216162E+00 a      1284     0    43     1    24
  7.2427322587786735E-01 a      1285     0    43     1    25
  2.5911292714577112E+01 a      1286     0    43     1    26
  4.8076072585778746E+00 a      1287     0    43     1    27
  4.4769687603097360E+01 a      1288     0    43     1    28
 -1.1083145034552167E+01 a      1289     0    43     1    29
  5.2747648382717731E+00 a      1290     0    43     1    30
  9.3617815755566571E+00 a      1291     0    44     1     1
  1.0725894339939739E+00 a      1292     0    44     1     2
  2.2884693401837005E+01 a      1293     0    44     1     3
  3.0753210522997181E+00 a      1294     0    44     1     4
  3.4778572896810633E+00 a      1295     0    44     1     5
  2.3322329998134217E+00 a      1296     0    44     1     6
  1.3087632087309533E+01 a      1297     0    44     1     7
 -1.4818722694600492E+01 a      1298     0    44     1     8
 -4.6679730253383580E+00 a      1299     0    44     1     9
 -6.7654677358073503E+00 a      1300     0    44     1    10
  3.1592348152369811E+00 a      1301     0    44     1    11
  1.2702470258629203E+01 a      1302     0    44     1    12
 -2.8417408411012848E+00 a      1303     0    44     1    13
  2.6827280076486586E+00 a      1304     0    44     1    14
  3.9742800528805384E+00 a      1305     0    44     1    15
 -5.8717464635342571E+00 a      1306     0    44     1    16
 -1.5017340640142818E+01 a      1307     0    44     1    17
  6.8828544238547824E+00 a      1308     0    44     1    18
 -1.9467841977382232E+01 a      1309     0    44     1    19
  3.5699345424656626E+00 a      1310     0    44     1    20
 -6.7720229446528455E+00 a      1311     0    44     1    21
 -1.7582298260109372E+00 a      1312     0    44     1    22
  1.1005049799909514E+00 a      1313     0    44     1    23
 -7.0146850694962319E+00 a      1314     0    44     1    24
  5.2020158167024793E+00 a      1315     0    44     1    25
 -1.6854107179140936E+01 a      1316     0    44     1    26
  5.7323234859005789E-01 a      1317     0    44     1    27
 -1.6588625064710744E+01 a      1318     0    44     1    28
  1.0650659364889247E+01 a      1319     0    44     1    29
 -2.8582660219574509E+00 a      1320     0    44     1    30
  5.3230117716055170E-01 a      1321     0    45     1     1
  1.4040906357015597E+01 a      1322     0    45     1     2
  2.8529119623675321E+00 a      1323     0    45     1     3
  3.1903140151275045E-01 a      1324     0    45     1     4
  5.6129575057564907E+00 a      1325     0    45     1     5
 -6.2279389396108487E+00 a      1326     0    45     1     6
 -1.8242945015606868E+01 a      1327     0    45     1     7
  1.5137552541575269E+01 a      1328     0    45     1     8
  7.9607863666132577E+00 a      1329     0    45     1     9
  1.4963852719560913E+00 a      1330     0    45     1    10
 -3.5657672323837128E+00 a      1331     0    45     1    11
  3.3568121656211297E+01 a      1332     0    45     1    12
 -4.5470885386403015E-01 a      1333     0    45     1    13
 -5.9746360329437751E+00 a      1334     0    45     1    14
 -1.7477467529351131E+01 a      1335     0    45     1    15
 -4.4266407685047993E+00 a      1336     0    45     1    16
 -2.6455362115500463E+00 a      1337     0    45     1    17
  5.1213920749225776E+00 a      1338     0    45     1    18
 -6.6009324892542809E+00 a      1339     0    45     1    19
 -1.9009348243324212E+01 a      1340     0    45     1    20
 -5.4339304870339085E+00 a      1341     0    45     1    21
  9.4918489696764361E+00 a      1342     0    45     1    22
 -2.5235993801849595E+01 a      1343     0    45     1    23
  1.4029474643745591E+01 a      1344     0    45     1    24
  7.1976713681897175E+00 a      1345     0    45     1    25
 -1.3509238469912761E+01 a      1346     0    45     1    26
 -2.2217847820888537E+01 a      1347     0    45     1    27
 -4.8178056575426762E+00 a      1348     0    45     1    28
  2.0979817984825939E+01 a      1349     0    45     1    29
 -8.9582560031065972E-01 a      1350     0    45     1    30
  3.0458806704412558E+00 a      1351     0    46     1     1
  6.5562394346510207E+00 a      1352     0    46     1     2
 -5.4026715489041681E+00 a      1353     0    46     1     3
 -4.1581473017420976E+00 a      1354     0    46     1     4
 -3.9684795393742771E+00 a      1355     0    46     1     5
 -3.0770297397652193E+00 a      1356     0    46     1     6
 -7.9490798089014181E+00 a      1357     0    46     1     7
  3.5437232723989909E+00 a      1358     0    46     1     8
  4.5034280846679788E+00 a      1359     0    46     1     9
  4.3622881881091562E+00 a      1360     0    46     1    10
 -8.2069696775678942E+00 a      1361     0    46     1    11
  4.7008957994985007E-01 a      1362     0    46     1    12
  3.6728811845679354E+00 a      1363     0    46     1    13
 -1.8121622325704121E+00 a      1364     0    46     1    14
 -2.5328646708112710E+00 a      1365     0    46     1    15
  7.7554889476425410E+00 a      1366     0    46     1    16
  8.8624679074688153E+00 a      1367     0    46     1    17
 -7.4726873397765248E-01 a      1368     0    46     1    18
  1.0573513091113245E+01 a      1369     0    46     1    19
  2.5634376799010421E+00 a      1370     0    46     1    20
  2.7170221677501529E+00 a      1371     0    46     1    21
 -4.0084774996557089E+00 a      1372     0    46     1    22
  5.5095868866637487E-01 a      1373     0    46     1    23
  3.5924458868170759E+00 a      1374     0    46     1    24
 -3.7874416726938156E+00 a      1375     0    46     1    25
  8.2594341662888198E+00 a      1376     0    46     1    26
 -8.8565278980519384E+00 a      1377     0    46     1    27
  6.8126746602171622E+00 a      1378     0    46     1    28
 -1.2287860235593357E+00 a      1379     0    46     1    29
  3.1118481899396850E+00 a      1380     0    46     1    30
 -9.8093389971994824E+00 a      1381     0    47     1     1
 -6.3780689377818920E+00 a      1382     0    47     1     2
 -3.3948293437342170E-01 a      1383     0    47     1     3
 -7.0506066363173625E+00 a      1384     0    47     1     4
 -7.5674654725098875E+00 a      1385     0    47     1     5
  1.2887389759629318E+01 a      1386     0    47     1     6
  6.9565690395254771E+00 a      1387     0    47     1     7
 -1.1250671315468844E+01 a      1388     0    47     1     8
  3.9425982884663218E+00 a      1389     0    47     1     9
  8.1673606359555535E+00 a      1390     0    47     1    10
  2.1851674824366585E+00 a      1391     0    47     1    11
 -3.3707697630519704E+01 a      1392     0    47     1    12
 -7.9135465051150122E-01 a      1393     0    47     1    13
 -2.2558954064362911E+00 a      1394     0    47     1    14
  1.2012602806880799E+00 a      1395     0    47     1    15
 -6.3342484941149335E+00 a      1396     0    47     1    16
  1.6318053430107089E+00 a      1397     0    47     1    17
 -6.8437338746749585E+00 a      1398     0    47     1    18
  1.5848270788491390E+00 a      1399     0    47     1    19
  9.4674668931791395E+00 a      1400     0    47     1    20
 -7.2351807646021919E+00 a      1401     0    47     1    21
 -1.7037593393042435E+01 a      1402     0    47     1    22
  1.6913226068032952E+01 a      1403     0    47     1    23
  1.8667586544484871E+00 a      1404     0    47     1    24
  3.2542443308599260E+00 a      1405     0    47     1    25
  5.6601116855899569E+00 a      1406     0    47     1    26
  1.3288920145384093E+01 a      1407     0    47     1    27
 -6.7463455434853636E-01 a      1408     0    47     1    28
 -1.0966263509639580E+01 a      1409     0    47     1    29
 -3.1621945231236523E+00 a      1410     0    47     1    30
  1.5482400533682329E+01 a      1411     0    48     1     1
 -2.2537786978902428E+01 a      1412     0    48     1     2
  6.9864909298478102E+00 a      1413     0    48     1     3
  2.2724530821447382E+00 a      1414     0    48     1     4
 -6.0663359211026169E+00 a      1415     0    48     1     5
 -3.7938275984305347E+00 a      1416     0    48     1     6
  4.9000409618331178E+00 a      1417     0    48     1     7
  2.8392093288737019E-01 a      1418     0    48     1     8
 -1.0688437961609482E+01 a      1419     0    48     1     9
  2.7419653340569452E+00 a      1420     0    48     1    10
  6.6128966533042532E-01 a      1421     0    48     1    11
 -8.2109951726599633E+00 a      1422     0    48     1    12
  5.4684798826074417E+00 a      1423     0    48     1    13
  1.6429724808605702E+01 a      1424     0    48     1    14
  3.5384078474628247E+01 a      1425     0    48     1    15
  7.7108164356762110E+00 a      1426     0    48     1    16
 -1.3043182688966648E+00 a      1427     0    48     1    17
 -1.2236621480078414E+01 a      1428     0    48     1    18
  9.3113391602420919E+00 a      1429     0    48     1    19
  1.3167734992314989E+01 a      1430     0    48     1    20
  1.7527736829982118E+01 a      1431     0    48     1    21
  1.2711351471302940E+01 a      1432     0    48     1    22
  2.0905759994287791E+01 a      1433     0    48     1    23
 -1.0714764510654103E+01 a      1434     0    48     1    24
 -9.1037175264378867E+00 a      1435     0    48     1    25
  1.0882387716441857E+01 a      1436     0    48     1    26
  1.5727434437868082E+01 a      1437     0    48     1    27
  1.4091634915220020E+01 a      1438     0    48     1    28
 -2.3438426571365078E+01 a      1439     0    48     1    29
  1.2041350583993149E+01 a      1440     0    48     1    30
  1.3907825765381247E+01 a      1441     0    49     1     1
  5.8212625244521998E+00 a      1442     0    49     1     2
  2.4060926138864414E+01 a      1443     0    49     1     3
 -1.5924927532191219E+01 a      1444     0    49     1     4
  6.8353859464767304E+00 a      1445     0    49     1     5
  1.2790371228837985E+01 a      1446     0    49     1     6
  4.6474514648032041E+00 a      1447     0    49     1     7
 -9.8192099804954101E+00 a      1448     0    49     1     8
  8.4740120099035501E+00 a      1449     0    49     1     9
 -2.4038711534788963E+00 a      1450     0    49     1    10
 -1.1159436146512453E+01 a      1451     0    49     1    11
 -2.1006952946272239E-01 a      1452     0    49     1    12
 -1.2966951528986874E+01 a      1453     0    49     1    13
 -4.7929640037386335E+01 a      1454     0    49     1    14
 -1.4694367884768100E+00 a      1455     0    49     1    15
 -2.0432149271798348E+01 a      1456     0    49     1    16
  2.0427561587267213E+01 a      1457     0    49     1    17
  3.7780027244720287E+01 a      1458     0    49     1    18
  1.8100471228876422E+01 a      1459     0    49     1    19
 -2.2518980965436114E+01 a      1460     0    49     1    20
 -1.3770732126090861E+01 a      1461     0    49     1    21
 -4.4045671555743189E+00 a      1462     0    49     1    22
 -3.7235942171197407E+00 a      1463     0    49     1    23
  1.5857057628254589E+01 a      1464     0    49     1    24
 -4.9476220334807213E+00 a      1465     0    49     1    25
 -1.6398816900323819E+01 a      1466     0    49     1    26
 -8.7074765690584854E-01 a      1467     0    49     1    27
 -4.4945031528709677E+01 a      1468     0    49     1    28
 -7.9900480589349705E+00 a      1469     0    49     1    29
 -8.2022992685662572E+00 a      1470     0    49     1    30
 -2.1865298016887822E+00 a      1471     0    50     1     1
  1.6585406546230772E+01 a      1472     0    50     1     2
  4.2201268447629438E+01 a      1473     0    50     1     3
  2.1579065643124231E+01 a      1474     0    50     1     4
 -1.0129788512071913E-02 a      1475     0    50     1     5
 -6.5258225762294488E+00 a      1476     0    50     1     6
 -1.0570588524287317E+01 a      1477     0    50     1     7
  1.8027401463305349E+01 a      1478     0    50     1     8
  1.3238928091236013E+00 a      1479     0    50     1     9
 -1.3120961259040667E+01 a      1480     0    50     1    10
  1.7309965130526592E+01 a      1481     0    50     1    11
  1.5135265188478281E+01 a      1482     0    50     1    12
  1.3434114380358464E+01 a      1483     0    50     1    13
  2.2519159273131745E+01 a      1484     0    50     1    14
  2.7624928603893167E+01 a      1485     0    50     1    15
  2.8277326494044893E+01 a      1486     0    50     1    16
 -1.1777102788079297E+01 a      1487     0    50     1    17
  5.2312856070100828E+00 a      1488     0    50     1    18
 -2.1896301275124120E+01 a      1489     0    50     1    19
  3.4235252416603950E+00 a      1490     0    50     1    20
  1.8686076053844825E+01 a      1491     0    50     1    21
 -3.0352793515266017E+00 a      1492     0    50     1    22
  1.4429613718449746E+01 a      1493     0    50     1    23
 -1.5879337924013563E+00 a      1494     0    50     1    24
  1.0075517385665627E+01 a      1495     0    50     1    25
 -1.6592639975653483E+01 a      1496     0    50     1    26
  2.0306474065869839E-01 a      1497     0    50     1    27
  1.4179262848561372E+01 a      1498     0    50     1    28
  7.0133132537483844E-01 a      1499     0    50     1    29
 -1.1878040356318461E+01 a      1500     0    50     1    30
 -2.0291665561090784E+00 a      1501     0    51     1     1
  1.4895181557533579E+01 a      1502     0    51     1     2
 -3.9113451276788609E+01 a      1503     0    51     1     3
 -4.5487549187074228E+00 a      1504     0    51     1     4
  1.5512263881467403E+01 a      1505     0    51     1     5
 -1.0206080468881710E+01 a      1506     0    51     1     6
  1.8323784255113473E+01 a      1507     0    51     1     7
 -1.4944616645702895E+01 a      1508     0    51     1     8
  6.3989460902267989E+00 a      1509     0    51     1     9
  1.3507465108265166E+01 a      1510     0    51     1    10
 -6.6512154229873310E+00 a      1511     0    51     1    11
 -4.8976369838714655E+00 a      1512     0    51     1    12
  2.7096978227863917E+00 a      1513     0    51     1    13
 -7.7300831102578931E+00 a      1514     0    51     1    14
 -2.8626063405587953E+01 a      1515     0    51     1    15
  9.4641302537930638E+00 a      1516     0    51     1    16
  1.2632127332890366E+01 a      1517     0    51     1    17
  2.4408120796026953E+01 a      1518     0    51     1    18
  1.0763849643910635E+01 a      1519     0    51     1    19
 -1.5213263359185307E+01 a      1520     0    51     1    20
 -1.2325923043936497E+01 a      1521     0    51     1    21
  2.5746887224942969E+00 a      1522     0    51     1    22
 -1.6441742376273062E+01 a      1523     0    51     1    23
  7.3773468773193320E+00 a      1524     0    51     1    24
  4.9239768564523017E+00 a      1525     0    51     1    25
  1.6878658365488718E+01 a      1526     0    51     1    26
  1.5435669347261781E+01 a      1527     0    51     1    27
 -3.3928305226814246E+01 a      1528     0    51     1    28
  1.9985351724366584E+01 a      1529     0    51     1    29
 -1.3596270995264002E+01 a      1530     0    51     1    30
 -6.8737196778377845E+00 a      1531     0    52     1     1
  1.1390659137972159E+01 a      1532     0    52     1     2
  3.0483160021691646E+01 a      1533     0    52     1     3
  1.1703133339644001E+00 a      1534     0    52     1     4
  1.2630547268195423E+01 a      1535     0    52     1     5
 -5.9121097381411989E+00 a      1536     0    52     1     6
  2.0755059806392566E+01 a      1537     0    52     1     7
 -1.9335495947561792E+01 a      1538     0    52     1     8
  1.0926946407022051E+01 a      1539     0    52     1     9
 -5.0996563883685120E+00 a      1540     0    52     1    10
  3.1688718812270452E+01 a      1541     0    52     1    11
 -2.4276211487502099E+01 a      1542     0    52     1    12
 -5.6540638494828341E+00 a      1543     0    52     1    13
  7.6942109315504075E+00 a      1544     0    52     1    14
 -2.2278227615665225E-01 a      1545     0    52     1    15
  8.4195931644011228E+00 a      1546     0    52     1    16
 -1.2028905199398611E+01 a      1547     0    52     1    17
  1.0553041193987280E+00 a      1548     0    52     1    18
  7.9884574584984129E+00 a      1549     0    52     1    19
  4.5246882593638107E+00 a      1550     0    52     1    20
 -1.2432796846547888E+01 a      1551     0    52     1    21
  6.2685759946178035E+00 a      1552     0    52     1    22
  3.1027688882730939E+01 a      1553     0    52     1    23
 -7.1270116454569461E+00 a      1554     0    52     1    24
  5.3593692300507270E+00 a      1555     0    52     1    25
 -8.6917232801189348E-01 a      1556     0    52     1    26
 -3.0576044775354596E+00 a      1557     0    52     1    27
  7.9271780683888231E+00 a      1558     0    52     1    28
 -1.7685386157626635E+01 a      1559     0    52     1    29
  3.9352585733873986E+00 a      1560     0    52     1    30
 -1.7932783783435283E+01 a      1561     0    53     1     1
 -9.2008586887571422E+00 a      1562     0    53     1     2
  1.1717902920723425E+01 a      1563     0    53     1     3
 -6.2074616732007319E+00 a      1564     0    53     1     4
  5.9670424285346693E+00 a      1565     0    53     1     5
  1.2319635715397117E+01 a      1566     0    53     1     6
  1.1162363638907696E+01 a      1567     0    53     1     7
  5.3607766074032668E+00 a      1568     0    53     1     8
 -6.9111558209496060E+00 a      1569     0    53     1     9
  1.0673406605313033E+01 a      1570     0    53     1    10
 -7.2587766536182299E+00 a      1571     0    53     1    11
  5.0389058628448780E+00 a      1572     0    53     1    12
  3.8009334927345498E-02 a      1573     0    53     1    13
 -5.1768235062230934E+00 a      1574     0    53     1    14
  1.1894482091608266E+01 a      1575     0    53     1    15
 -1.0462251631432283E+01 a      1576     0    53     1    16
  1.2683366536426444E+01 a      1577     0    53     1    17
 -3.6849465667638814E-01 a      1578     0    53     1    18
 -1.1590297229769771E+01 a      1579     0    53     1    19
 -9.7018935376971900E+00 a      1580     0    53     1    20
  7.3023472250240546E+00 a      1581     0    53     1    21
  8.8585099202314890E+00 a      1582     0    53     1    22
 -2.9856199616305172E+00 a      1583     0    53     1    23
  9.8614129838672966E+00 a      1584     0    53     1    24
  2.1633308861127816E+01 a      1585     0    53     1    25
 -1.2312150198611425E+00 a      1586     0    53     1    26
  1.9945776717158367E+01 a      1587     0    53     1    27
  7.8689134394982680E+00 a      1588     0    53     1    28
  1.6101311572455976E+00 a      1589     0    53     1    29
  6.3607397012406972E+00 a      1590     0    53     1    30
  1.6598967921135962E+01 a      1591     0    54     1     1
  1.7464085149087043E+00 a      1592     0    54     1     2
  1.1738330668315320E-02 a      1593     0    54     1     3
  1.1572625280327928E+01 a      1594     0    54     1     4
 -7.3067089497113136E+00 a      1595     0    54     1     5
  4.6781412333455102E-01 a      1596     0    54     1     6
 -5.4498944357720447E+00 a      1597     0    54     1     7
  1.3137528707636937E+01 a      1598     0    54     1     8
 -3.7989457092570698E+00 a      1599     0    54     1     9
 -4.6833498981747361E+00 a      1600     0    54     1    10
 -1.8625088201944290E+01 a      1601     0    54     1    11
  2.7272864681493953E+01 a      1602     0    54     1    12
  7.1063574438706194E+00 a      1603     0    54     1    13
  5.0301391365986987E+00 a      1604     0    54     1    14
  9.5003485034581860E+00 a      1605     0    54     1    15
  1.9441494844543137E+00 a      1606     0    54     1    16
  8.4319362323426112E+00 a      1607     0    54     1    17
  1.5423268257840552E+00 a      1608     0    54     1    18
 -1.5398194277623672E+01 a      1609     0    54     1    19
  7.5918107754177211E-01 a      1610     0    54     1    20
  8.0090720374743540E+00 a      1611     0    54     1    21
  8.2389585299392429E+00 a      1612     0    54     1    22
 -1.9302818254936195E+01 a      1613     0    54     1    23
  2.1369513775302784E+00 a      1614     0    54     1    24
 -1.0119202059508352E+01 a      1615     0    54     1    25
  7.6769468746702527E+00 a      1616     0    54     1    26
  5.8826604234331139E+00 a      1617     0    54     1    27
  1.3768372386841110E+00 a      1618     0    54     1    28
  1.2524252882847859E+01 a      1619     0    54     1    29
  4.8095883190846331E+00 a      1620     0    54     1    30
  4.4002735444775869E+00 a      1621     0    55     1     1
 -1.1156986473320506E+01 a      1622     0    55     1     2
 -4.2433438136555894E+00 a      1623     0    55     1     3
 -9.0174650399034348E+00 a      1624     0    55     1     4
 -2.8910036361798383E+01 a      1625     0    55     1     5
 -2.0737512603499320E+00 a      1626     0    55     1     6
 -3.5300261980958673E+01 a      1627     0    55     1     7
  2.4924545550989212E+01 a      1628     0    55     1     8
 -1.8948889345066469E+01 a      1629     0    55     1     9
  1.5921730053885224E+00 a      1630     0    55     1    10
 -3.0775395537131597E+01 a      1631     0    55     1    11
  1.4473375330737937E+01 a      1632     0    55     1    12
 -4.6664866616067862E+00 a      1633     0    55     1    13
 -1.3333771926982864E+01 a      1634     0    55     1    14
  5.1822959344654684E+00 a      1635     0    55     1    15
 -1.7699413287779148E+01 a      1636     0    55     1    16
 -6.0531381572799758E-01 a      1637     0    55     1    17
 -1.9557254721693361E+01 a      1638     0    55     1    18
 -4.9389383275062597E+00 a      1639     0    55     1    19
  1.3413523278182346E+01 a      1640     0    55     1    20
  2.2558393175953142E+01 a      1641     0    55     1    21
 -2.2043494831618990E+01 a      1642     0    55     1    22
 -1.3715822308471719E+01 a      1643     0    55     1    23
  5.6005616723759815E+00 a      1644     0    55     1    24
 -2.2215881715990244E+00 a      1645     0    55     1    25
 -2.5068950922988719E+01 a      1646     0    55     1    26
 -3.0833207566661287E+01 a      1647     0    55     1    27
  2.6422211169984745E+01 a      1648     0    55     1    28
 -9.8551149458815726E+00 a      1649     0    55     1    29
  1.4860323887327224E+01 a      1650     0    55     1    30
  1.4251341919895500E+01 a      1651     0    56     1     1
 -1.6819588864005732E+00 a      1652     0    56     1     2
 -4.8900634972302456E+01 a      1653     0    56     1     3
  1.1636756566636037E+00 a      1654     0    56     1     4
 -8.3291967463790755E+00 a      1655     0    56     1     5
 -1.5439742228942359E+01 a      1656     0    56     1     6
 -4.7811301159536370E+00 a      1657     0    56     1     7
 -8.3298201511330099E+00 a      1658     0    56     1     8
  2.1474615659031542E+01 a      1659     0    56     1     9
 -1.9060910512134086E+01 a      1660     0    56     1    10
  2.4336723716367370E+01 a      1661     0    56     1    11
 -2.3549747991636071E+01 a      1662     0    56     1    12
  2.7211197462405612E+00 a      1663     0    56     1    13
  1.9651319193109664E+01 a      1664     0    56     1    14
 -2.1596678994078687E+01 a      1665     0    56     1    15
  1.5798327202874660E+01 a      1666     0    56     1    16
 -1.0809949297583975E+01 a      1667     0    56     1    17
 -5.2275342967243672E+00 a      1668     0    56     1    18
  1.3520934270221312E+01 a      1669     0    56     1    19
  1.1459578044129403E+01 a      1670     0    56     1    20
 -4.5386064622294029E+00 a      1671     0    56     1    21
 -6.0246905518826193E+00 a      1672     0    56     1    22
 -2.4707309679578535E+00 a      1673     0    56     1    23
 -1.1782786415618686E+01 a      1674     0    56     1    24
 -2.3928966031562087E+01 a      1675     0    56     1    25
  5.1051469927547872E+00 a      1676     0    56     1    26
 -1.9730142500361929E+01 a      1677     0    56     1    27
  4.7937989215458549E-01 a      1678     0    56     1    28
 -3.0764071364471453E+00 a      1679     0    56     1    29
 -7.0199611821120529E+00 a      1680     0    56     1    30
  1.2639364575820883E+01 a      1681     0    57     1     1
 -2.4017837698364467E+01 a      1682     0    57     1     2
 -7.7802338164622240E+00 a      1683     0    57     1     3
 -2.6584346560808889E+01 a      1684     0    57     1     4
  1.2873767768011131E+01 a      1685     0    57     1     5
  1.4065270846801535E+01 a      1686     0    57     1     6
  1.4753413001550737E+01 a      1687     0    57     1     7
 -6.3719858654152519E+00 a      1688     0    57     1     8
  2.3256355673136436E+01 a      1689     0    57     1     9
  9.1521083106004184E+00 a      1690     0    57     1    10
 -6.8212753697359698E+00 a      1691     0    57     1    11
 -5.6033214852882667E+00 a      1692     0    57     1    12
  8.6943741195731661E-01 a      1693     0    57     1    13
 -1.8140648852299968E+01 a      1694     0    57     1    14
 -7.8705325566452080E+00 a      1695     0    57     1    15
 -2.4275560207271212E+01 a      1696     0    57     1    16
  8.6113249298274255E+00 a      1697     0    57     1    17
 -1.6306258530658431E+00 a      1698     0    57     1    18
  1.2346144544536108E+00 a      1699     0    57     1    19
  7.6241266252991480E+00 a      1700     0    57     1    20
 -1.3225042510749375E+01 a      1701     0    57     1    21
  1.9321650669934019E+01 a      1702     0    57     1    22
 -9.7060070553380520E+00 a      1703     0    57     1    23
  8.4064071749698552E+00 a      1704     0    57     1    24
 -1.8836943056914155E+01 a      1705     0    57     1    25
 -1.2411325733080249E+01 a      1706     0    57     1    26
 -1.0739846718235992E+01 a      1707     0    57     1    27
 -1.5602144675007308E+00 a      1708     0    57     1    28
 -1.3603312497406167E+01 a      1709     0    57     1    29
  1.7058438863869331E+01 a      1710     0    57     1    30
 -2.2846118763892239E+01 a      1711     0    58     1     1
 -1.6899180472823179E+01 a      1712     0    58     1     2
 -2.3424468457953544E+01 a      1713     0    58     1     3
 -4.0862903887009585E+00 a      1714     0    58     1     4
  1.5641592518872603E+01 a      1715     0    58     1     5
  1.7977817725494944E+01 a      1716     0    58     1     6
  1.3366723462289180E+01 a      1717     0    58     1     7
 -1.5997094136892736E+00 a      1718     0    58     1     8
 -1.7633131630434040E+01 a      1719     0    58     1     9
  3.8623503531576100E+00 a      1720     0    58     1    10
  6.5923415008388631E+00 a      1721     0    58     1    11
 -1.6413355403842694E+01 a      1722     0    58     1    12
 -1.9360624373419185E+01 a      1723     0    58     1    13
 -8.0792199408956495E+00 a      1724     0    58     1    14
 -4.4567855252662136E+00 a      1725     0    58     1    15
  2.2057867211589251E+01 a      1726     0    58     1    16
 -3.8020165958265357E+00 a      1727     0    58     1    17
  1.3330474350729592E+01 a      1728     0    58     1    18
  3.0842050138032068E+01 a      1729     0    58     1    19
 -3.9892758608801047E+00 a      1730     0    58     1    20
 -2.7032956473131309E+00 a      1731     0    58     1    21
  3.2665117524804361E+00 a      1732     0    58     1    22
  9.1838441737395673E+00 a      1733     0    58     1    23
 -1.6956891143317218E+01 a      1734     0    58     1    24
  1.4104288924783445E+01 a      1735     0    58     1    25
  9.7263001539048777E-01 a      1736     0    58     1    26
  2.7347440751386247E+00 a      1737     0    58     1    27
 -2.7239720965226429E+01 a      1738     0    58     1    28
  6.3858860384594482E+00 a      1739     0    58     1    29
 -1.9304296738246378E+00 a      1740     0    58     1    30
  1.0722338179993274E+01 a      1741     0    59     1     1
 -5.9033360383359046E+00 a      1742     0    59     1     2
 -7.1726123029314488E+00 a      1743     0    59     1     3
  1.3828129266930022E+01 a      1744     0    59     1     4
 -5.1189906528779616E+01 a      1745     0    59     1     5
  3.7652610633095018E+00 a      1746     0    59     1     6
  2.1784576491300790E+01 a      1747     0    59     1     7
  2.4081339865272373E+01 a      1748     0    59     1     8
  1.9189467403021958E+01 a      1749     0    59     1     9
 -1.6265285988544413E+01 a      1750     0    59     1    10
  3.7970645694298220E+01 a      1751     0    59     1    11
  1.8773236952787919E+01 a      1752     0    59     1    12
 -1.5707048818257771E+01 a      1753     0    59     1    13
  1.6040416914420728E+01 a      1754     0    59     1    14
 -3.7365123264024396E+00 a      1755     0    59     1    15
  3.1456038922177072E+01 a      1756     0    59     1    16
  1.5842767340063554E+01 a      1757     0    59     1    17
 -9.1054480905212571E+00 a      1758     0    59     1    18
 -5.1766964780916611E+00 a      1759     0    59     1    19
 -4.4895741163934151E+00 a      1760     0    59     1    20
 -5.4928389109570226E+00 a      1761     0    59     1    21
  1.5934469838786589E+01 a      1762     0    59     1    22
  1.4701816505593992E+01 a      1763     0    59     1    23
  2.2516003359225703E+01 a      1764     0    59     1    24
  1.6307410283537849E+00 a      1765     0    59     1    25
 -4.9650850715200816E+00 a      1766     0    59     1    26
  5.1452446941022645E-01 a      1767     0    59     1    27
 -2.2752971484254298E+00 a      1768     0    59     1    28
  1.2172870215235343E+00 a      1769     0    59     1    29
  3.1042534794015029E+00 a      1770     0    59     1    30
 -1.2211789834952993E+00 a      1771     0    60     1     1
 -5.3711636416830286E+00 a      1772     0    60     1     2
  1.5008948468834959E+00 a      1773     0    60     1     3
 -1.4542394952948355E+01 a      1774     0    60     1     4
 -1.0048021068566667E+01 a      1775     0    60     1     5
  1.8355439930365351E+00 a      1776     0    60     1     6
 -5.7744171035548861E+00 a      1777     0    60     1     7
 -9.2060708327043503E+00 a      1778     0    60     1     8
 -2.3544496215863596E+01 a      1779     0    60     1     9
 -2.0408127647219992E+01 a      1780     0    60     1    10
  1.6870806383508661E+01 a      1781     0    60     1    11
  1.1397556320182263E+01 a      1782     0    60     1    12
  6.4192549172255520E+00 a      1783     0    60     1    13
  1.9969984113257865E+01 a      1784     0    60     1    14
 -3.6594691761893463E+00 a      1785     0    60     1    15
 -3.5940193700392502E+00 a      1786     0    60     1    16
  1.8846908345315736E+01 a      1787     0    60     1    17
  8.6461553278848635E-01 a      1788     0    60     1    18
 -1.8086923406590635E+01 a      1789     0    60     1    19
 -2.2657095970433019E+01 a      1790     0    60     1    20
 -4.0931856994504141E+00 a      1791     0    60     1    21
 -1.3726778870947944E+01 a      1792     0    60     1    22
  9.6695713712465192E+00 a      1793     0    60     1    23
 -8.9149596837431400E+00 a      1794     0    60     1    24
 -2.2224744047395056E+01 a      1795     0    60     1    25
  6.3340229086259914E+00 a      1796     0    60     1    26
 -2.3265391570895957E+01 a      1797     0    60     1    27
 -1.4513923632731801E+01 a      1798     0    60     1    28
 -1.0140998394306909E+01 a      1799     0    60     1    29
  6.7474310159839010E+00 a      1800     0    60     1    30
  1.0382441583679691E+01 a      1801     0    61     1     1
  1.5486489088532483E+01 a      1802     0    61     1     2
 -6.6614740237294541E+00 a      1803     0    61     1     3
  1.2867145600807445E+01 a      1804     0    61     1     4
  6.0059565285217742E+00 a      1805     0    61     1     5
  2.6398651746407541E+01 a      1806     0    61     1     6
 -5.3383823757849544E+00 a      1807     0    61     1     7
 -1.2796488288501223E+01 a      1808     0    61     1     8
  3.0001808233168120E+01 a      1809     0    61     1     9
  3.1819608998207469E+00 a      1810     0    61     1    10
 -1.2028615112606401E+01 a      1811     0    61     1    11
  7.9373188574018441E+00 a      1812     0    61     1    12
 -4.4569936551544076E-01 a      1813     0    61     1    13
  2.4766927030577371E+01 a      1814     0    61     1    14
 -2.8414696720059425E+01 a      1815     0    61     1    15
 -1.9233567055566510E+01 a      1816     0    61     1    16
  8.2685780867299332E+00 a      1817     0    61     1    17
  5.4405806910379804E+00 a      1818     0    61     1    18
 -9.2898834211230508E+00 a      1819     0    61     1    19
 -1.7915651703976572E+01 a      1820     0    61     1    20
  5.8403393225866056E+00 a      1821     0    61     1    21
 -1.6639450168460598E+01 a      1822     0    61     1    22
  2.8821192651617897E+00 a      1823     0    61     1    23
  3.2891690030807110E+00 a      1824     0    61     1    24
 -3.6250928459094518E+00 a      1825     0    61     1    25
 -8.7920699317735718E+00 a      1826     0    61     1    26
  1.5558302946897781E+01 a      1827     0    61     1    27
 -7.1039525030199790E+00 a      1828     0    61     1    28
  3.2792985442808934E+01 a      1829     0    61     1    29
 -1.7028422362900688E+01 a      1830     0    61     1    30
  1.9134575607216462E+01 a      1831     0    62     1     1
 -1.4526910074576952E+01 a      1832     0    62     1     2
 -7.3623500170966985E+00 a      1833     0    62     1     3
  3.8730052752982278E+00 a      1834     0    62     1     4
 -7.0255263817449543E-01 a      1835     0    62     1     5
 -2.4697544101931555E+01 a      1836     0    62     1     6
  1.7463061594583756E+01 a      1837     0    62     1     7
  8.9796630827212827E+00 a      1838     0    62     1     8
  7.0283312136145462E+00 a      1839     0    62     1     9
  4.1009065289087907E+00 a      1840     0    62     1    10
  1.7744550492492561E+01 a      1841     0    62     1    11
 -1.5068908727947004E+01 a      1842     0    62     1    12
 -2.1521029492696853E+00 a      1843     0    62     1    13
 -1.7705585055737558E+01 a      1844     0    62     1    14
  2.7997875756637431E+00 a      1845     0    62     1    15
  1.1563456014707961E+01 a      1846     0    62     1    16
 -3.2911826794044279E+00 a      1847     0    62     1    17
 -2.8581102043697315E-01 a      1848     0    62     1    18
  1.7189444041596317E+01 a      1849     0    62     1    19
  1.1359340816732560E+01 a      1850     0    62     1    20
 -1.1049960212842141E+01 a      1851     0    62     1    21
  3.6446367764251226E+00 a      1852     0    62     1    22
  1.0276693012224932E+01 a      1853     0    62     1    23
  2.0833435908658067E+00 a      1854     0    62     1    24
  2.0165049804620669E+01 a      1855     0    62     1    25
  8.1625504751237692E+00 a      1856     0    62     1    26
 -6.1214693666445652E-01 a      1857     0    62     1    27
 -4.5767195214418397E+00 a      1858     0    62     1    28
 -4.7479301004074770E-01 a      1859     0    62     1    29
  3.4131427761799653E+00 a      1860     0    62     1    30
 -2.0537312151378991E+01 a      1861     0    63     1     1
  6.7970228934760124E+00 a      1862     0    63     1     2
 -1.1185170378356849E+01 a      1863     0    63     1     3
 -7.5233122309040006E+00 a      1864     0    63     1     4
  4.5771872661772223E-01 a      1865     0    63     1     5
  7.0366472220261027E+00 a      1866     0    63     1     6
 -9.7840978964427823E+00 a      1867     0    63     1     7
 -4.9171207191761814E+00 a      1868     0    63     1     8
 -7.7910798910577332E+00 a      1869     0    63     1     9
  1.4515069445764334E+01 a      1870     0    63     1    10
 -2.3302420503397059E+01 a      1871     0    63     1    11
 -1.3369472104278108E+00 a      1872     0    63     1    12
 -1.2954107851070553E+01 a      1873     0    63     1    13
 -8.9539072963740884E-01 a      1874     0    63     1    14
  1.8892235344477029E+01 a      1875     0    63     1    15
 -3.5797799750776975E+00 a      1876     0    63     1    16
 -2.1588863000528647E+01 a      1877     0    63     1    17
 -7.6189814486526144E+00 a      1878     0    63     1    18
 -1.0852136178146961E+00 a      1879     0    63     1    19
  1.5509972724784703E+01 a      1880     0    63     1    20
  7.4702947720502184E+00 a      1881     0    63     1    21
  1.6390332825071919E+01 a      1882     0    63     1    22
 -1.7971145836722062E+01 a      1883     0    63     1    23
  9.3930411932457858E+00 a      1884     0    63     1    24
  1.0769762022590491E+01 a      1885     0    63     1    25
 -1.5374151462981933E+01 a      1886     0    63     1    26
  1.5760726718021935E+01 a      1887     0    63     1    27
  2.1058682389101051E+01 a      1888     0    63     1    28
 -5.0877698364182367E+00 a      1889     0    63     1    29
  6.5116625615672830E-01 a      1890     0    63     1    30
  2.9196870049558505E+00 a      1891     0    64     1     1
 -5.3993296010685983E+00 a      1892     0    64     1     2
  8.6642019572123186E+00 a      1893     0    64     1     3
  6.3552993639338036E+00 a      1894     0    64     1     4
 -6.1967119501484618E+00 a      1895     0    64     1     5
  9.4510994670415513E+00 a      1896     0    64     1     6
  1.2192101120684468E+01 a      1897     0    64     1     7
 -1.1972016571518043E+00 a      1898     0    64     1     8
  1.7563010619755474E+01 a      1899     0    64     1     9
  3.8305192787451481E+00 a      1900     0    64     1    10
  6.1302748043550706E+00 a      1901     0    64     1    11
  1.1083376988586780E+01 a      1902     0    64     1    12
 -5.8709131348754684E-01 a      1903     0    64     1    13
  1.1154760464087113E+01 a      1904     0    64     1    14
 -8.7167455113730483E+00 a      1905     0    64     1    15
 -1.6661148476440196E+01 a      1906     0    64     1    16
 -1.5055581274856435E+00 a      1907     0    64     1    17
 -8.3044276607997300E+00 a      1908     0    64     1    18
 -7.3910875292150440E+00 a      1909     0    64     1    19
 -1.1185247964292760E+01 a      1910     0    64     1    20
 -5.5283468991604154E+00 a      1911     0    64     1    21
  3.7171840091084936E+00 a      1912     0    64     1    22
  5.7533550137794469E+00 a      1913     0    64     1    23
 -3.4529999537058154E-02 a      1914     0    64     1    24
  1.4232674557520765E+01 a      1915     0    64     1    25
 -7.5560638883841884E+00 a      1916     0    64     1    26
 -7.6823221109777973E-01 a      1917     0    64     1    27
 -4.5098880354605102E+00 a      1918     0    64     1    28
  1.1858285919938210E+00 a      1919     0    64     1    29
  7.8774110991469231E+00 a      1920     0    64     1    30
  1.4508130725739632E+00 b      1921     1     1
  2.1094773207732809E+00 b      1922     1     2
 -3.8039269049998321E+00 b      1923     1     3
 -6.1763732617399221E+00 b      1924     1     4
 -4.9918665634221576E-01 b      1925     1     5
  2.1000347000590343E+00 b      1926     1     6
  1.5621411312199294E+00 b      1927     1     7
  9.0273183133569879E-01 b      1928     1     8
 -1.4909749593834931E+00 b      1929     1     9
 -2.9913724701513228E-01 b      1930     1    10
 -1.4384413109441108E+00 b      1931     1    11
 -1.6517848106799422E+00 b      1932     1    12
 -1.5422889037794409E+00 b      1933     1    13
 -2.2477703659888615E+00 b      1934     1    14
 -6.1586581155654194E+00 b      1935     1    15
  1.8115209841520503E+00 b      1936     1    16
  9.1827713945492040E-01 b      1937     1    17
  2.4653803591943402E+00 b      1938     1    18
 -4.5759169229079237E+00 b      1939     1    19
 -8.9540884428593959E-01 b      1940     1    20
  7.5178995257558878E-01 b      1941     1    21
 -2.0481681028142029E+00 b      1942     1    22
 -9.3739635772248753E-01 b      1943     1    23
 -1.0053716048671575E+00 b      1944     1    24
 -7.4450299231591954E-01 b      1945     1    25
  1.1321569247571515E+00 b      1946     1    26
 -2.2900663853827430E+00 b      1947     1    27
 -6.3699153412069354E-01 b      1948     1    28
 -1.3512951752482101E+00 b      1949     1    29
 -1.9602398415604403E+00 b      1950     1    30
  3.6912213795427280E+00 a      1951     1     1     2     1
 -6.6974605666370546E-01 a      1952     1     1     2     2
 -9.9601455398188354E-01 a      1953     1     1     2     3
 -2.3929432272537947E+00 a      1954     1     1     2     4
 -1.0340663530388068E+00 a      1955     1     1     2     5
 -1.4612616617411771E+00 a      1956     1     1     2     6
  2.9584184630414245E-01 a      1957     1     1     2     7
 -6.0656151809122960E-01 a      1958     1     1     2     8
 -1.5932406912291330E+00 a      1959     1     1     2     9
 -2.0441475625838876E+00 a      1960     1     1     2    10
  2.2523608162519571E-01 a      1961     1     1     2    11
  3.0092579491697935E-01 a      1962     1     1     2    12
 -3.1839265227238350E-01 a      1963     1     1     2    13
 -1.2546277021196019E-02 a      1964     1     1     2    14
  1.4792767028138289E+00 a      1965     1     1     2    15
 -2.1775088796366067E+00 a      1966     1     1     2    16
  8.0167488780510243E-01 a      1967     1     1     2    17
 -1.7872703616692300E+00 a      1968     1     1     2    18
  4.9082218059651689E-01 a      1969     1     1     2    19
  1.7737699496395236E+00 a      1970     1     1     2    20
 -7.5469952166235343E-01 a      1971     1     1     2    21
 -4.2943287648653439E-01 a      1972     1     1     2    22
 -4.5354994230123880E-01 a      1973     1     1     2    23
 -2.6543948383872853E+00 a      1974     1     1     2    24
  4.2630821970946782E+00 a      1975     1     1     2    25
  2.3979865992873808E-01 a      1976     1     1     2    26
 -4.8805918321466518E-01 a      1977     1     1     2    27
  1.5040208971245097E+00 a      1978     1     1     2    28
  9.5452659872995926E-01 a      1979     1     1     2    29
  7.4134261977608640E-01 a      1980     1     1     2    30
  7.1524704046879517E-01 a      1981     1     2     2     1
 -3.5011876307585182E-01 a      1982     1     2     2     2
 -6.7536374524684095E-01 a      1983     1     2     2     3
  8.7786266078855391E-01 a      1984     1     2     2     4
  1.1187627386790835E+00 a      1985     1     2     2     5
  3.5453285327305023E-01 a      1986     1     2     2     6
  2.7042749341817278E+00 a      1987     1     2     2     7
  5.5170553948584167E-01 a      1988     1     2     2     8
 -9.0737393558299129E-01 a      1989     1     2     2     9
  1.7208975582477115E+00 a      1990     1     2     2    10
 -8.4106830142491928E-01 a      1991     1     2     2    11
  1.5461415551105739E+00 a      1992     1     2     2    12
  1.4745033943870228E-02 a      1993     1     2     2    13
  3.0615401677293839E-03 a      1994     1     2     2    14
 -2.2745933911328415E+00 a      1995     1     2     2    15
 -2.3234659285555210E+00 a      1996     1     2     2    16
  3.7622416038834436E+00 a      1997     1     2     2    17
 -3.7701837345799466E-01 a      1998     1     2     2    18
 -2.5295590026170794E-01 a      1999     1     2     2    19
 -2.2309627871805371E+00 a      2000     1     2     2    20
  1.1185188754723787E+00 a      2001     1     2     2    21
 -1.0888985702338052E+00 a      2002     1     2     2    22
 -6.2863257098559355E-01 a      2003     1     2     2    23
  1.2131598231467406E+00 a      2004     1     2     2    24
  8.2401094656744300E-01 a      2005     1     2     2    25
 -9.0202255734097780E-01 a      2006     1     2     2    26
  5.0397714459811249E-01 a      2007     1     2     2    27
  1.1009750235020024E-01 a      2008     1     2     2    28
  2.0970613181970918E-01 a      2009     1     2     2    29
  9.4407365176573410E-01 a      2010     1     2     2    30
  2.5321335585907390E+00 a      2011     1     3     2     1
 -2.4480531479634688E+00 a      2012     1     3     2     2
  5.3962278454630097E-01 a      2013     1     3     2     3
 -3.2934818168864930E+00 a      2014     1     3     2     4
 -7.5620817724151690E-01 a      2015     1     3     2     5
  3.6963053459001566E-01 a      2016     1     3     2     6
 -8.7981036951206359E-01 a      2017     1     3     2     7
 -2.7024890346917158E-01 a      2018     1     3     2     8
  1.1593311490909528E+00 a      2019     1     3     2     9
  3.1672714242342453E-01 a      2020     1     3     2    10
  3.7175603952429950E+00 a      2021     1     3     2    11
 -1.9390813683290982E+00 a      2022     1     3     2    12
 -2.3638313741155565E+00 a      2023     1     3     2    13
  2.4378214947228898E+00 a      2024     1     3     2    14
 -1.6781793121924955E+00 a      2025     1     3     2    15
 -1.1627699386822461E-02 a      2026     1     3     2    16
 -2.3558529373634309E+00 a      2027     1     3     2    17
 -6.3676228104747479E-01 a      2028     1     3     2    18
  5.4561953827930862E+00 a      2029     1     3     2    19
  1.3366389614304017E+00 a      2030     1     3     2    20
  5.6453050686307138E-01 a      2031     1     3     2    21
  5.7976932225102376E-02 a      2032     1     3     2    22
  1.4330753292180389E+00 a      2033     1     3     2    23
  1.8701664439558585E+00 a      2034     1     3     2    24
  3.9179867966771720E-01 a      2035     1     3     2    25
 -2.3569127117137896E+00 a      2036     1     3     2    26
 -1.1231428625134823E+00 a      2037     1     3     2    27
  1.9189856751919026E+00 a      2038     1     3     2    28
  1.5479943345509568E+00 a      2039     1     3     2    29
  1.5191443046388867E-01 a      2040     1     3     2    30
 -4.1815976634405496E+00 a      2041     1     4     2     1
  3.2624641769405813E+00 a      2042     1     4     2     2
  3.4244482284923943E+00 a      2043     1     4     2     3
 -4.7595264797439879E-01 a      2044     1     4     2     4
  6.8511726102656800E-01 a      2045     1     4     2     5
 -1.2903733241722084E+00 a      2046     1     4     2     6
 -3.6004491861502008E+00 a      2047     1     4     2     7
  1.8946198745761238E+00 a      2048     1     4     2     8
 -1.0019041275070344E+00 a      2049     1     4     2     9
  1.8426020287135563E+00 a      2050     1     4     2    10
  7.7827437468829941E-01 a      2051     1     4     2    11
  1.9422203839401695E+00 a      2052     1     4     2    12
  6.1849884127782264E+00 a      2053     1     4     2    13
  4.2604853484087402E+00 a      2054     1     4     2    14
  7.6655757121257206E+00 a      2055     1     4     2    15
  5.9523061305300384E-01 a      2056     1     4     2    16
  4.8458232839293514E+00 a      2057     1     4     2    17
 -1.2965437019051678E+00 a      2058     1     4     2    18
  1.0045885617933903E+00 a      2059     1     4     2    19
 -2.4305923731734733E+00 a      2060     1     4     2    20
 -1.0876379345957554E+00 a      2061     1     4     2    21
 -5.1514094758854456E-01 a      2062     1     4     2    22
  1.9403984406329116E+00 a      2063     1     4     2    23
  4.7616973006335579E+00 a      2064     1     4     2    24
  3.3453781114764234E+00 a      2065     1     4     2    25
  1.5938855226230103E-01 a      2066     1     4     2    26
  5.1394335262927981E-01 a      2067     1     4     2    27
 -5.8544810920657653E-01 a      2068     1     4     2    28
 -9.8170103992187185E-01 a      2069     1     4     2    29
  1.3342392788685182E+00 a      2070     1     4     2    30
  1.9025802723598695E+00 a      2071     1     5     2     1
  2.1625265164029335E+00 a      2072     1     5     2     2
  1.9905448180442189E+00 a      2073     1     5     2     3
 -6.4492703542212064E+00 a      2074     1     5     2     4
 -1.7763446087130670E+00 a      2075     1     5     2     5
  1.4165276194085825E+00 a      2076     1     5     2     6
  1.0362644904231165E-01 a      2077     1     5     2     7
 -2.3536667983369584E+00 a      2078     1     5     2     8
  3.0213992125468314E+00 a      2079     1     5     2     9
 -2.4486274022768058E+00 a      2080     1     5     2    10
 -5.2129891675868378E-01 a      2081     1     5     2    11
 -3.2586413352225381E+00 a      2082     1     5     2    12
  3.0235156388407898E+00 a      2083     1     5     2    13
 -3.4398679250590658E-01 a      2084     1     5     2    14
 -1.8461788014191263E+00 a      2085     1     5     2    15
 -1.6969577884700152E-01 a      2086     1     5     2    16
  3.6961593812150573E-01 a      2087     1     5     2    17
  3.4173508348635604E+00 a      2088     1     5     2    18
  3.6640332675567217E-01 a      2089     1     5     2    19
 -4.5982716295803145E+00 a      2090     1     5     2    20
 -1.7085222551996895E+00 a      2091     1     5     2    21
  2.8139587431788932E-01 a      2092     1     5     2    22
 -6.1421858458924596E-02 a      2093     1     5     2    23
  6.6177777572219476E+00 a      2094     1     5     2    24
 -2.0233718442552440E+00 a      2095     1     5     2    25
  9.6235278574230199E-01 a      2096     1     5     2    26
  1.4659442456378211E+00 a      2097     1     5     2    27
 -2.1079726994766359E+00 a      2098     1     5     2    28
 -1.0247738181753432E-01 a      2099     1     5     2    29
 -1.9002376814640820E+00 a      2100     1     5     2    30
  1.8451310138254021E-01 a      2101     1     6     2     1
 -6.6362815160138566E-01 a      2102     1     6     2     2
  1.0133247015987292E+00 a      2103     1     6     2     3
  3.0436723787651482E-01 a      2104     1     6     2     4
 -1.4053765451427427E+00 a      2105     1     6     2     5
 -7.3713283697719359E-02 a      2106     1     6     2     6
  3.7783228750921599E-01 a      2107     1     6     2     7
 -5.7940187345588889E-01 a      2108     1     6     2     8
 -3.2046566650742764E-01 a      2109     1     6     2     9
 -1.7438227788548353E+00 a      2110     1     6     2    10
 -3.3643914693387633E-01 a      2111     1     6     2    11
 -8.3881398375959793E-01 a      2112     1     6     2    12
 -4.8465120472807388E-01 a      2113     1     6     2    13
 -2.6771607684838820E-03 a      2114     1     6     2    14
 -1.9121695235344731E+00 a      2115     1     6     2    15
  6.7098544999642823E-02 a      2116     1     6     2    16
 -1.5873984711918279E+00 a      2117     1     6     2    17
  1.9948228442143925E+00 a      2118     1     6     2    18
 -1.8973549240473994E-02 a      2119     1     6     2    19
  6.4918314262531562E-01 a      2120     1     6     2    20
 -1.0298932191232077E+00 a      2121     1     6     2    21
 -8.3313560518883154E-02 a      2122     1     6     2    22
 -1.9522796072783359E+00 a      2123     1     6     2    23
  2.7176699605774696E-01 a      2124     1     6     2    24
  2.0794128120273062E-01 a      2125     1     6     2    25
 -8.0713569186745682E-01 a      2126     1     6     2    26
 -1.3072032924953800E-01 a      2127     1     6     2    27
 -9.1031658309037133E-01 a      2128     1     6     2    28
 -2.2560105735737075E+00 a      2129     1     6     2    29
 -1.7032819075037203E-01 a      2130     1     6     2    30
  2.2937049148732722E-01 a      2131     1     7     2     1
 -2.8006307445580809E+00 a      2132     1     7     2     2
 -2.4808942838631056E+00 a      2133     1     7     2     3
 -9.0680430597347261E-01 a      2134     1     7     2     4
 -1.0925000480966296E-01 a      2135     1     7     2     5
 -1.7237191767857905E+00 a      2136     1     7     2     6
  2.0684034380980476E+00 a      2137     1     7     2     7
 -3.8403630592136966E+00 a      2138     1     7     2     8
  1.6379561821767072E-01 a      2139     1     7     2     9
 -2.0146471238931229E+00 a      2140     1     7     2    10
  9.3417388285462122E-01 a      2141     1     7     2    11
 -2.5180686025760637E+00 a      2142     1     7     2    12
 -1.8763912423740123E+00 a      2143     1     7     2    13
  2.1659248485788929E+00 a      2144     1     7     2    14
 -4.2385410941180632E+00 a      2145     1     7     2    15
 -1.5664384529881166E+00 a      2146     1     7     2    16
 -2.4089638745368873E+00 a      2147     1     7     2    17
  1.6905221735735667E+00 a      2148     1     7     2    18
 -5.8588243489074954E-01 a      2149     1     7     2    19
 -2.0914830699957590E-01 a      2150     1     7     2    20
  3.5853191556499473E+00 a      2151     1     7     2    21
  6.0389957040683440E-01 a      2152     1     7     2    22
 -7.8359302731537439E-01 a      2153     1     7     2    23
 -1.7323986050348367E-01 a      2154     1     7     2    24
 -2.1913893923614158E+00 a      2155     1     7     2    25
 -1.1364994037119676E+00 a      2156     1     7     2    26
 -6.0590894882290247E-02 a      2157     1     7     2    27
  1.0231148837852662E+00 a      2158     1     7     2    28
  2.2406268041568485E+00 a      2159     1     7     2    29
  1.1699124711298394E+00 a      2160     1     7     2    30
 -3.8954682624360899E+00 a      2161     1     8     2     1
 -1.9108809144854420E+00 a      2162     1     8     2     2
  2.3100548159402434E+00 a      2163     1     8     2     3
  2.9922090349380925E-01 a      2164     1     8     2     4
  7.2184908936665104E-01 a      2165     1     8     2     5
 -5.4351556069947837E-01 a      2166     1     8     2     6
 -3.3833869968752450E-01 a      2167     1     8     2     7
 -8.8430044042104394E-01 a      2168     1     8     2     8
  1.7162331183119073E+00 a      2169     1     8     2     9
 -4.8662239858161427E-01 a      2170     1     8     2    10
  3.8827266621545303E-01 a      2171     1     8     2    11
 -2.6269831183151870E+00 a      2172     1     8     2    12
 -6.1418599262365889E+00 a      2173     1     8     2    13
 -1.0626012071641584E+00 a      2174     1     8     2    14
  1.9350888651960532E+00 a      2175     1     8     2    15
  1.0811310675945887E+00 a      2176     1     8     2    16
 -3.2428567434489088E+00 a      2177     1     8     2    17
 -1.1079485929191295E+00 a      2178     1     8     2    18
  1.3441521159593268E+00 a      2179     1     8     2    19
 -1.3771128179936667E+00 a      2180     1     8     2    20
 -9.8245201728175469E-01 a      2181     1     8     2    21
  1.5704546301109892E+00 a      2182     1     8     2    22
  2.5936419866833025E+00 a      2183     1     8     2    23
 -2.5751645343520320E+00 a      2184     1     8     2    24
  1.3560438776924923E+00 a      2185     1     8     2    25
 -3.9441820950513096E-01 a      2186     1     8     2    26
 -4.2225089511592323E-01 a      2187     1     8     2    27
  1.3710552326594685E+00 a      2188     1     8     2    28
 -3.1018313027884842E-02 a      2189     1     8     2    29
 -7.3785855291364924E-03 a      2190     1     8     2    30
  7.9195640013914648E-01 a      2191     1     9     2     1
 -8.0380034354627816E-01 a      2192     1     9     2     2
 -2.4567213910516030E+00 a      2193     1     9     2     3
  2.7068799964424606E-01 a      2194     1     9     2     4
  1.5550112725747456E+00 a      2195     1     9     2     5
 -8.6995592911440378E-02 a      2196     1     9     2     6
  1.5867209925776895E+00 a      2197     1     9     2     7
 -1.0837154496102792E+00 a      2198     1     9     2     8
 -4.1512745231386361E-01 a      2199     1     9     2     9
 -2.5094722394696096E+00 a      2200     1     9     2    10
 -1.4840158174213520E+00 a      2201     1     9     2    11
  1.1181050443593639E+00 a      2202     1     9     2    12
 -2.5639563423781314E-01 a      2203     1     9     2    13
 -1.3128659079783478E+00 a      2204     1     9     2    14
 -2.3935541843576198E+00 a      2205     1     9     2    15
 -7.5599101187970974E-01 a      2206     1     9     2    16
  1.8897962918944424E+00 a      2207     1     9     2    17
 -2.5127597468166476E+00 a      2208     1     9     2    18
 -2.5699775161537408E+00 a      2209     1     9     2    19
  1.0150521986576393E+00 a      2210     1     9     2    20
  1.4964577506738832E+00 a      2211     1     9     2    21
  1.0898682495308605E-01 a      2212     1     9     2    22
 -1.4675365130979210E+00 a      2213     1     9     2    23
 -1.8009767180559122E+00 a      2214     1     9     2    24
  6.1637334696941282E-01 a      2215     1     9     2    25
 -2.1443092383193121E+00 a      2216     1     9     2    26
  1.2095414144626326E+00 a      2217     1     9     2    27
  6.1617548209326822E-01 a      2218     1     9     2    28
  7.6301729792652162E-01 a      2219     1     9     2    29
 -7.1027265915334079E-02 a      2220     1     9     2    30
 -1.3063152947796624E+00 a      2221     1    10     2     1
  2.4480417836225368E-01 a      2222     1    10     2     2
  7.3145643462597787E-01 a      2223     1    10     2     3
  1.9658065031406383E-01 a      2224     1    10     2     4
  5.1499635135155397E-01 a      2225     1    10     2     5
  1.4160180255291992E+00 a      2226     1    10     2     6
  4.4044740771109853E-01 a      2227     1    10     2     7
  1.1406109670428228E+00 a      2228     1    10     2     8
 -1.6893355683970290E+00 a      2229     1    10     2     9
  2.2742913853481923E+00 a      2230     1    10     2    10
 -2.4077663221478551E+00 a      2231     1    10     2    11
  1.2047252071225854E+00 a      2232     1    10     2    12
  5.9115037948871227E-02 a      2233     1    10     2    13
  3.9971616309051655E-01 a      2234     1    10     2    14
 -2.9563141625787641E+00 a      2235     1    10     2    15
 -8.0555389474198891E-01 a      2236     1    10     2    16
 -1.1814942576045127E+00 a      2237     1    10     2    17
  2.6481501074066425E+00 a      2238     1    10     2    18
 -3.3898990482072038E+00 a      2239     1    10     2    19
 -1.1740522365136015E+00 a      2240     1    10     2    20
 -2.3236806439422510E+00 a      2241     1    10     2    21
  5.1954269197440761E-01 a      2242     1    10     2    22
  2.3223236879093085E+00 a      2243     1    10     2    23
 -2.5096799139253512E+00 a      2244     1    10     2    24
  1.4136304895449872E+00 a      2245     1    10     2    25
  5.5587827766856879E-01 a      2246     1    10     2    26
  1.7966051605502313E+00 a      2247     1    10     2    27
  2.9993324919056441E-01 a      2248     1    10     2    28
 -1.4253575866182764E+00 a      2249     1    10     2    29
 -7.7177439540775672E-01 a      2250     1    10     2    30
 -6.3389333684074769E+00 a      2251     1    11     2     1
  1.6015887599819374E-02 a      2252     1    11     2     2
 -3.7124897578243754E+00 a      2253     1    11     2     3
  6.2395359600889333E-01 a      2254     1    11     2     4
 -6.9151643285012143E-01 a      2255     1    11     2     5
 -7.6531049087282876E-01 a      2256     1    11     2     6
  1.0834000573157689E+00 a      2257     1    11     2     7
  1.6359336584831523E+00 a      2258     1    11     2     8
 -4.4135423383974128E+00 a      2259     1    11     2     9
  1.4329930548948808E+00 a      2260     1    11     2    10
  4.7463337752024187E-01 a      2261     1    11     2    11
 -4.9058051361559546E-01 a      2262     1    11     2    12
  2.9961027627743936E-01 a      2263     1    11     2    13
  2.3355251143840703E+00 a      2264     1    11     2    14
  1.2152821936453444E-01 a      2265     1    11     2    15
  1.4950945075184339E+00 a      2266     1    11     2    16
  1.7872259544499283E+00 a      2267     1    11     2    17
 -1.0528744349186651E-01 a      2268     1    11     2    18
  2.3009730486322151E+00 a      2269     1    11     2    19
  2.2337029558130150E-01 a      2270     1    11     2    20
  1.5740689530745009E+00 a      2271     1    11     2    21
  1.9784066175453145E+00 a      2272     1    11     2    22
  6.9925558271728372E-01 a      2273     1    11     2    23
 -2.0251296421031686E+00 a      2274     1    11     2    24
  2.1080252710846050E+00 a      2275     1    11     2    25
 -2.0516124874891730E+00 a      2276     1    11     2    26
  1.4983437675688374E+00 a      2277     1    11     2    27
  1.3584469912516970E+00 a      2278     1    11     2    28
  9.9910263946053346E-01 a      2279     1    11     2    29
  7.5814183751058162E-01 a      2280     1    11     2    30
  1.0286627272427973E+00 a      2281     1    12     2     1
  4.9128237184426848E-01 a      2282     1    12     2     2
 -9.3279357282738717E-01 a      2283     1    12     2     3
  6.7169951488415480E-01 a      2284     1    12     2     4
 -1.6800031364428109E-01 a      2285     1    12     2     5
  2.5976678346374760E-01 a      2286     1    12     2     6
  3.9506553828387625E-01 a      2287     1    12     2     7
  5.0997179674870141E-01 a      2288     1    12     2     8
 -1.9416914288242937E-02 a      2289     1    12     2     9
  1.5486924168006111E+00 a      2290     1    12     2    10
  9.1712228755638669E-01 a      2291     1    12     2    11
 -9.1435131865194563E-01 a      2292     1    12     2    12
 -2.1726857341947947E+00 a      2293     1    12     2    13
 -2.8165550127489998E+00 a      2294     1    12     2    14
  2.4988219270365715E+00 a      2295     1    12     2    15
 -3.1833514240290470E+00 a      2296     1    12     2    16
 -9.7499216726046578E-01 a      2297     1    12     2    17
 -3.2254729083229563E+00 a      2298     1    12     2    18
 -7.6934731133787548E-01 a      2299     1    12     2    19
 -2.2890250534579346E+00 a      2300     1    12     2    20
 -8.0675103499760381E-01 a      2301     1    12     2    21
  2.1468077709212502E-01 a      2302     1    12     2    22
  1.7976708779206869E+00 a      2303     1    12     2    23
 -9.0896840075528684E-01 a      2304     1    12     2    24
 -1.4396580497227125E+00 a      2305     1    12     2    25
 -3.9730612168341759E+00 a      2306     1    12     2    26
 -1.3178265087802403E+00 a      2307     1    12     2    27
 -2.6004383567568945E-01 a      2308     1    12     2    28
 -2.3430851880364152E+00 a      2309     1    12     2    29
 -4.6431807102578621E-01 a      2310     1    12     2    30
  2.1724958503694553E-01 a      2311     1    13     2     1
  1.3672068886678546E-01 a      2312     1    13     2     2
 -3.2897433436696344E-01 a      2313     1    13     2     3
  2.1811461148402461E-01 a      2314     1    13     2     4
  5.2396022388036634E-01 a      2315     1    13     2     5
  6.9603114714290026E-01 a      2316     1    13     2     6
 -3.3153600050124371E-01 a      2317     1    13     2     7
  1.6121122026389325E+00 a      2318     1    13     2     8
 -1.0329218228459953E+00 a      2319     1    13     2     9
  4.9411552871254327E-01 a      2320     1    13     2    10
  1.1456179061109839E+00 a      2321     1    13     2    11
 -5.9383529785257927E-01 a      2322     1    13     2    12
  3.5262979715802474E+00 a      2323     1    13     2    13
  4.5853350263695694E+00 a      2324     1    13     2    14
 -8.5747286154476097E+00 a      2325     1    13     2    15
  1.4300310001214778E+00 a      2326     1    13     2    16
 -1.4695845415161508E+00 a      2327     1    13     2    17
 -3.6232102217053415E+00 a      2328     1    13     2    18
  2.1584158166750460E+00 a      2329     1    13     2    19
  5.2774150842705647E-01 a      2330     1    13     2    20
  1.8563541532023925E-01 a      2331     1    13     2    21
 -1.0525502344821780E+00 a      2332     1    13     2    22
 -1.1483811923868284E-01 a      2333     1    13     2    23
 -1.0541618760783114E+00 a      2334     1    13     2    24
 -1.4858200340733745E+00 a      2335     1    13     2    25
  3.5439401397705530E+00 a      2336     1    13     2    26
  1.8856853412016475E-01 a      2337     1    13     2    27
  1.4489938993086866E+00 a      2338     1    13     2    28
 -2.6563855184300778E-01 a      2339     1    13     2    29
  6.3607903263741283E-01 a      2340     1    13     2    30
 -5.2775461855606682E+00 a      2341     1    14     2     1
  6.1460211023363201E-02 a      2342     1    14     2     2
  5.2054110716274382E-01 a      2343     1    14     2     3
 -1.5655037224510118E+00 a      2344     1    14     2     4
 -1.8744728847484124E+00 a      2345     1    14     2     5
  1.4083900270107580E-01 a      2346     1    14     2     6
 -2.8881829319473424E+00 a      2347     1    14     2     7
 -6.6425216923835229E-01 a      2348     1    14     2     8
 -3.0858317165835989E+00 a      2349     1    14     2     9
  1.4878549681059259E+00 a      2350     1    14     2    10
 -2.3363943684333779E+00 a      2351     1    14     2    11
 -4.1020495227928224E+00 a      2352     1    14     2    12
  6.1953649437869895E+00 a      2353     1    14     2    13
  6.1514082355122151E+00 a      2354     1    14     2    14
  6.7507319360001832E+00 a      2355     1    14     2    15
 -1.4961870261036945E+00 a      2356     1    14     2    16
 -3.3364410325664546E+00 a      2357     1    14     2    17
 -2.8614807847605346E+00 a      2358     1    14     2    18
 -2.1794982590213916E+00 a      2359     1    14     2    19
 -4.7301190879350674E-01 a      2360     1    14     2    20
 -4.1711548943696108E+00 a      2361     1    14     2    21
  1.3770444582117174E+00 a      2362     1    14     2    22
  2.4697170527500960E+00 a      2363     1    14     2    23
  5.9256818721745008E-01 a      2364     1    14     2    24
 -2.5092118866287985E+00 a      2365     1    14     2    25
 -1.3854329709194029E+00 a      2366     1    14     2    26
 -1.5843593929643307E+00 a      2367     1    14     2    27
 -2.5190433009403281E+00 a      2368     1    14     2    28
  4.1309410707939498E-01 a      2369     1    14     2    29
  1.1666838128066574E+00 a      2370     1    14     2    30
 -1.3232903385097763E+00 a      2371     1    15     2     1
 -1.0863328961266469E-01 a      2372     1    15     2     2
 -7.6693474568570552E-01 a      2373     1    15     2     3
  5.5999018991437111E-01 a      2374     1    15     2     4
  1.0823543166778384E+00 a      2375     1    15     2     5
  1.4127554113522247E+00 a      2376     1    15     2     6
 -2.4892180387021732E+00 a      2377     1    15     2     7
  6.1295413715331315E-01 a      2378     1    15     2     8
 -1.6127378691812140E+00 a      2379     1    15     2     9
 -7.0627288079740669E-01 a      2380     1    15     2    10
 -2.3531108027815169E+00 a      2381     1    15     2    11
  1.0039378168088293E+00 a      2382     1    15     2    12
  9.4760889188402897E-01 a      2383     1    15     2    13
 -3.3485731907091645E+00 a      2384     1    15     2    14
  3.3599787326647026E+00 a      2385     1    15     2    15
  1.9201442660565465E-01 a      2386     1    15     2    16
  4.2121339640975091E+00 a      2387     1    15     2    17
 -1.9984446978914536E+00 a      2388     1    15     2    18
  9.8312397851314393E-01 a      2389     1    15     2    19
 -3.3855183138005276E+00 a      2390     1    15     2    20
  1.8310767933591034E+00 a      2391     1    15     2    21
 -1.0130476971354283E+00 a      2392     1    15     2    22
 -9.0701158180484021E-02 a      2393     1    15     2    23
  2.8269411220078422E+00 a      2394     1    15     2    24
  3.1897599941529009E+00 a      2395     1    15     2    25
  9.3760058958695336E-01 a      2396     1    15     2    26
  1.3784290643256114E+00 a      2397     1    15     2    27
  2.5671165951763291E+00 a      2398     1    15     2    28
  5.2321080126331432E-01 a      2399     1    15     2    29
  2.1840203624634166E-01 a      2400     1    15     2    30
 -7.4837764675261587E-01 a      2401     1    16     2     1
  4.0492381671832717E-01 a      2402     1    16     2     2
  4.0680342729530095E-01 a      2403     1    16     2     3
  6.9781327298469753E-01 a      2404     1    16     2     4
 -6.7803889350840629E-01 a      2405     1    16     2     5
  1.6909317599305183E+00 a      2406     1    16     2     6
  1.0207483474918029E+00 a      2407     1    16     2     7
  1.8477396526148573E+00 a      2408     1    16     2     8
  1.4838086756015709E+00 a      2409     1    16     2     9
 -2.9600987587133132E-01 a      2410     1    16     2    10
  1.6113457436925378E+00 a      2411     1    16     2    11
  2.6094300604538939E-01 a      2412     1    16     2    12
 -4.7054144372563383E-01 a      2413     1    16     2    13
  1.4128376005006216E+00 a      2414     1    16     2    14
 -3.6907615186218927E+00 a      2415     1    16     2    15
  3.3070103014910601E-01 a      2416     1    16     2    16
 -7.0845349649058997E-01 a      2417     1    16     2    17
  1.8234919251819959E-01 a      2418     1    16     2    18
 -7.6313016086883212E-01 a      2419     1    16     2    19
 -2.5995027892769746E+00 a      2420     1    16     2    20
  9.1374840950361780E-01 a      2421     1    16     2    21
  9.6784769601002540E-01 a      2422     1    16     2    22
 -9.0146993323462832E-01 a      2423     1    16     2    23
  2.6521096608299475E+00 a      2424     1    16     2    24
  2.6265410971575607E+00 a      2425     1    16     2    25
  1.6539116094316382E+00 a      2426     1    16     2    26
  9.9678161688209321E-01 a      2427     1    16     2    27
  7.5941024879134722E-01 a      2428     1    16     2    28
 -1.4343081938216373E+00 a      2429     1    16     2    29
  3.8968314089521128E-01 a      2430     1    16     2    30
 -1.3753363932668621E+00 a      2431     1    17     2     1
  1.0279840263882065E-01 a      2432     1    17     2     2
 -8.0158695288659376E-02 a      2433     1    17     2     3
 -7.6176974313651480E-01 a      2434     1    17     2     4
  6.4718670960447422E-01 a      2435     1    17     2     5
 -1.5475026838581636E+00 a      2436     1    17     2     6
 -1.7132228658307356E+00 a      2437     1    17     2     7
 -5.5396103351448282E-02 a      2438     1    17     2     8
  1.2331992323081080E+00 a      2439     1    17     2     9
  1.9994293541508845E+00 a      2440     1    17     2    10
  3.8614850392619577E+00 a      2441     1    17     2    11
  4.4447466832817355E-02 a      2442     1    17     2    12
  8.3121343082594379E-01 a      2443     1    17     2    13
  2.0317356931812678E+00 a      2444     1    17     2    14
 -1.3395828834141115E+00 a      2445     1    17     2    15
  7.9315428070915892E-02 a      2446     1    17     2    16
 -1.3130677478163439E+00 a      2447     1    17     2    17
  4.1538204733174453E+00 a      2448     1    17     2    18
  1.6301767235495437E+00 a      2449     1    17     2    19
  1.8395253784277146E+00 a      2450     1    17     2    20
 -9.9737820952896947E-02 a      2451     1    17     2    21
 -1.0688870335063121E+00 a      2452     1    17     2    22
  6.1980611332272714E-02 a      2453     1    17     2    23
  1.5772469420788601E-01 a      2454     1    17     2    24
 -1.0318081582248839E+00 a      2455     1    17     2    25
  2.4922117321879302E-02 a      2456     1    17     2    26
 -1.7295189791885490E+00 a      2457     1    17     2    27
 -7.5043788384170626E-02 a      2458     1    17     2    28
  3.0827031568874674E-01 a      2459     1    17     2    29
 -2.2376979311944470E-01 a      2460     1    17     2    30
  2.6753731602744302E-01 a      2461     1    18     2     1
  2.1236363733687438E+00 a      2462     1    18     2     2
  4.8735780238987003E-02 a      2463     1    18     2     3
  6.0064294046901723E-01 a      2464     1    18     2     4
  1.0604154968622836E+00 a      2465     1    18     2     5
 -2.6027448191617020E+00 a      2466     1    18     2     6
 -1.0587339071299520E+00 a      2467     1    18     2     7
 -6.3366247180627444E-01 a      2468     1    18     2     8
  4.5537830826385445E-01 a      2469     1    18     2     9
 -3.4237437805160309E+00 a      2470     1    18     2    10
  7.9462801990839227E-01 a      2471     1    18     2    11
  1.2370300414071074E+00 a      2472     1    18     2    12
  2.1925892946068131E+00 a      2473     1    18     2    13
  5.3187763831043722E-01 a      2474     1    18     2    14
  1.8459446008578866E+00 a      2475     1    18     2    15
  9.2933977898733211E-01 a      2476     1    18     2    16
  6.8877214262967168E-01 a      2477     1    18     2    17
 -1.2164173835232188E+00 a      2478     1    18     2    18
 -3.9036114563590091E-01 a      2479     1    18     2    19
  1.6065016490577941E+00 a      2480     1    18     2    20
 -2.8269481352504915E+00 a      2481     1    18     2    21
  6.3936302845554627E-01 a      2482     1    18     2    22
 -3.5970644024904014E-01 a      2483     1    18     2    23
 -2.3934630697373414E+00 a      2484     1    18     2    24
 -3.6303055968963821E-01 a      2485     1    18     2    25
  1.7456929395046308E-01 a      2486     1    18     2    26
  3.5671423968639232E-02 a      2487     1    18     2    27
 -1.4187645929446437E+00 a      2488     1    18     2    28
 -7.3773254049069426E-01 a      2489     1    18     2    29
 -1.0837971503549535E+00 a      2490     1    18     2    30
  2.6468030941960436E+00 a      2491     1    19     2     1
  2.9427611773952284E-01 a      2492     1    19     2     2
  9.2740980936349060E-01 a      2493     1    19     2     3
  2.7947799898255310E+00 a      2494     1    19     2     4
 -5.4079467922100077E-01 a      2495     1    19     2     5
 -2.5564648344581298E+00 a      2496     1    19     2     6
  1.5975483666505803E+00 a      2497     1    19     2     7
 -5.1645041515110512E-01 a      2498     1    19     2     8
 -1.5889239271763493E+00 a      2499     1    19     2     9
  2.2450808383605749E+00 a      2500     1    19     2    10
 -2.3017951328482122E+00 a      2501     1    19     2    11
  2.3660640049352151E+00 a      2502     1    19     2    12
 -1.1210649118371223E+00 a      2503     1    19     2    13
 -3.1495050384454448E-01 a      2504     1    19     2    14
  4.4151104220268816E-01 a      2505     1    19     2    15
 -2.3672269215058912E+00 a      2506     1    19     2    16
 -2.0268915144234652E+00 a      2507     1    19     2    17
 -7.9814866006815832E-01 a      2508     1    19     2    18
 -4.7358547705507692E-01 a      2509     1    19     2    19
  2.2688576783894101E+00 a      2510     1    19     2    20
  2.4480084592457643E-01 a      2511     1    19     2    21
 -1.3847655333594251E+00 a      2512     1    19     2    22
  1.5995500768662012E-02 a      2513     1    19     2    23
 -2.6618120147866504E+00 a      2514     1    19     2    24
 -2.7261864402417748E+00 a      2515     1    19     2    25
 -4.7684978184409871E-01 a      2516     1    19     2    26
  1.5956569485091237E+00 a      2517     1    19     2    27
 -8.9849078018250772E-01 a      2518     1    19     2    28
 -1.0587291659968900E+00 a      2519     1    19     2    29
  1.5181968743305754E+00 a      2520     1    19     2    30
  1.6782476482654325E+00 a      2521     1    20     2     1
  2.3309984553164731E+00 a      2522     1    20     2     2
 -2.8261529652687711E+00 a      2523     1    20     2     3
  8.7986753971361564E-01 a      2524     1    20     2     4
  2.2266570122083946E+00 a      2525     1    20     2     5
  2.9408666412415663E+00 a      2526     1    20     2     6
  9.7715124809318632E-01 a      2527     1    20     2     7
  3.1772697594539878E-02 a      2528     1    20     2     8
 -9.9069220539213398E-01 a      2529     1    20     2     9
  8.8179511624970863E-01 a      2530     1    20     2    10
 -7.0656671895297951E-01 a      2531     1    20     2    11
  2.1426566988371590E-02 a      2532     1    20     2    12
  5.2756747168833396E-01 a      2533     1    20     2    13
  2.1556174545917854E+00 a      2534     1    20     2    14
 -7.5985539988307427E-01 a      2535     1    20     2    15
 -1.2993028863899987E+00 a      2536     1    20     2    16
  3.6241708535378265E+00 a      2537     1    20     2    17
 -6.6987054521371803E-01 a      2538     1    20     2    18
  2.9923934550980764E+00 a      2539     1    20     2    19
  1.4696915626441878E+00 a      2540     1    20     2    20
  4.3372546559807272E+00 a      2541     1    20     2    21
 -3.5577270354605872E+00 a      2542     1    20     2    22
  6.2690168480228725E-01 a      2543     1    20     2    23
  7.8373885146815292E-01 a      2544     1    20     2    24
 -3.2953766106802185E+00 a      2545     1    20     2    25
 -1.2830557930549551E+00 a      2546     1    20     2    26
  1.4356878956149983E+00 a      2547     1    20     2    27
  8.7617543153961996E-01 a      2548     1    20     2    28
  1.4142307782287327E+00 a      2549     1    20     2    29
  9.0125857176449364E-01 a      2550     1    20     2    30
  6.3423296359537060E+00 a      2551     1    21     2     1
 -7.4895426431522816E-01 a      2552     1    21     2     2
 -1.2246386897509756E+00 a      2553     1    21     2     3
  2.0040664504730845E+00 a      2554     1    21     2     4
 -2.1828213912179861E+00 a      2555     1    21     2     5
  3.6000912402444163E-01 a      2556     1    21     2     6
 -3.0660045107333431E+00 a      2557     1    21     2     7
 -6.5241587914631860E-01 a      2558     1    21     2     8
 -4.7398891345954569E-03 a      2559     1    21     2     9
 -2.5162139946075577E+00 a      2560     1    21     2    10
 -2.1017964721299531E+00 a      2561     1    21     2    11
 -2.5998469302062839E+00 a      2562     1    21     2    12
 -1.0103438280122117E+00 a      2563     1    21     2    13
 -9.2178515771674352E-01 a      2564     1    21     2    14
 -8.6834011566049929E-01 a      2565     1    21     2    15
  7.6144228505379830E-01 a      2566     1    21     2    16
  7.8555760087167770E-01 a      2567     1    21     2    17
 -1.2688731468166619E+00 a      2568     1    21     2    18
  2.5935554971194006E+00 a      2569     1    21     2    19
  1.1855413804828490E+00 a      2570     1    21     2    20
  4.1365046999543820E+00 a      2571     1    21     2    21
  1.9036090513268455E-01 a      2572     1    21     2    22
 -1.4049333702374449E+00 a      2573     1    21     2    23
  1.5748737536823925E+00 a      2574     1    21     2    24
 -1.3116107868192921E+00 a      2575     1    21     2    25
  6.6166424432090754E-01 a      2576     1    21     2    26
  8.7668768060823354E-01 a      2577     1    21     2    27
  1.1839451643175249E-01 a      2578     1    21     2    28
  1.4456738052821461E+00 a      2579     1    21     2    29
 -7.1035566460925725E-01 a      2580     1    21     2    30
 -2.2590045853276741E-01 a      2581     1    22     2     1
  1.1054899192957224E+00 a      2582     1    22     2     2
 -2.6091760717644292E+00 a      2583     1    22     2     3
  2.0298212824207695E+00 a      2584     1    22     2     4
  2.5737372536076411E+00 a      2585     1    22     2     5
  1.2352367302494713E-01 a      2586     1    22     2     6
 -7.7982764002806926E-01 a      2587     1    22     2     7
 -9.6865705035924121E-02 a      2588     1    22     2     8
 -8.4093441703920913E-01 a      2589     1    22     2     9
 -1.1116660582385511E+00 a      2590     1    22     2    10
 -1.1558474772301075E+00 a      2591     1    22     2    11
  1.6776129793136025E+00 a      2592     1    22     2    12
 -1.4876793631415179E+00 a      2593     1    22     2    13
 -2.0873661969623574E+00 a      2594     1    22     2    14
 -4.3995398664078520E+00 a      2595     1    22     2    15
  1.2371513378374256E-01 a      2596     1    22     2    16
  8.9914850213187414E-01 a      2597     1    22     2    17
 -2.5242061471724453E+00 a      2598     1    22     2    18
  1.2879746792856899E+00 a      2599     1    22     2    19
  1.2861991920998630E+00 a      2600     1    22     2    20
  1.0976314798600928E+00 a      2601     1    22     2    21
 -3.8126311817845893E-01 a      2602     1    22     2    22
  4.2833321560844556E-01 a      2603     1    22     2    23
 -4.5426808290468834E+00 a      2604     1    22     2    24
 -9.1776567561552225E-01 a      2605     1    22     2    25
  1.2456018399410171E+00 a      2606     1    22     2    26
  3.9348218086538855E-01 a      2607     1    22     2    27
  1.5790009993191978E+00 a      2608     1    22     2    28
  2.1300893125091740E+00 a      2609     1    22     2    29
 -1.3288952181329989E+00 a      2610     1    22     2    30
 -4.5824441969347101E+00 a      2611     1    23     2     1
  2.9405562410799004E+00 a      2612     1    23     2     2
  2.3027720417145665E+00 a      2613     1    23     2     3
 -3.3662207541188299E-01 a      2614     1    23     2     4
  9.3743329080082161E-01 a      2615     1    23     2     5
 -3.7326339785259628E+00 a      2616     1    23     2     6
 -4.2120338014361193E-02 a      2617     1    23     2     7
  7.1553767194019013E-01 a      2618     1    23     2     8
  3.3454316490889124E-01 a      2619     1    23     2     9
  1.8513445428960051E+00 a      2620     1    23     2    10
 -2.6077791924319289E+00 a      2621     1    23     2    11
 -1.5504591525424605E+00 a      2622     1    23     2    12
  2.5216059365314085E+00 a      2623     1    23     2    13
  7.3422000085652495E-01 a      2624     1    23     2    14
 -3.0704008368161846E+00 a      2625     1    23     2    15
 -1.1404267992207950E+00 a      2626     1    23     2    16
 -2.2255200950596228E+00 a      2627     1    23     2    17
  1.0317725800704429E+00 a      2628     1    23     2    18
  1.8564129241303238E+00 a      2629     1    23     2    19
 -6.7483010341534511E-01 a      2630     1    23     2    20
 -3.8974052018393046E-01 a      2631     1    23     2    21
 -2.2957580795144050E+00 a      2632     1    23     2    22
  1.2117975630418625E+00 a      2633     1    23     2    23
  9.9156483064047685E-01 a      2634     1    23     2    24
 -2.6027279168015682E+00 a      2635     1    23     2    25
  3.0131881026782309E-01 a      2636     1    23     2    26
  6.9935246210446944E-02 a      2637     1    23     2    27
 -2.3786392195871673E+00 a      2638     1    23     2    28
 -7.0722926787380924E-01 a      2639     1    23     2    29
 -3.1289359064049793E-01 a      2640     1    23     2    30
  1.6407694975060527E-01 a      2641     1    24     2     1
  1.2112343023117793E-01 a      2642     1    24     2     2
  8.7955687942814620E-01 a      2643     1    24     2     3
 -2.0019830991953160E+00 a      2644     1    24     2     4
  2.5008142432178804E-02 a      2645     1    24     2     5
  1.1171149656797976E+00 a      2646     1    24     2     6
  6.0822528216671834E-01 a      2647     1    24     2     7
 -1.0935803546692564E-01 a      2648     1    24     2     8
 -6.8726219273426103E-01 a      2649     1    24     2     9
  1.4179758723102549E+00 a      2650     1    24     2    10
 -3.6983875365301420E+00 a      2651     1    24     2    11
 -1.3587152934845586E+00 a      2652     1    24     2    12
 -1.4192971861502107E-01 a      2653     1    24     2    13
 -3.6185904609813209E+00 a      2654     1    24     2    14
  4.3064846196375468E+00 a      2655     1    24     2    15
  1.2551751948808074E+00 a      2656     1    24     2    16
 -6.1079596820132398E-01 a      2657     1    24     2    17
 -1.0368007549539411E+00 a      2658     1    24     2    18
 -6.0291882270679693E+00 a      2659     1    24     2    19
 -1.7013839714032655E+00 a      2660     1    24     2    20
  4.4466003942449184E-01 a      2661     1    24     2    21
  8.4137104135082230E-01 a      2662     1    24     2    22
 -4.8990576104854064E-02 a      2663     1    24     2    23
  2.6916456377345468E+00 a      2664     1    24     2    24
  3.1983075108147792E+00 a      2665     1    24     2    25
  1.4507610834956066E+00 a      2666     1    24     2    26
  8.9362350292554671E-01 a      2667     1    24     2    27
  7.8383319819516728E-01 a      2668     1    24     2    28
 -2.4453560630564231E+00 a      2669     1    24     2    29
 -1.6767671807202089E-01 a      2670     1    24     2    30
 -6.1278880566689120E-01 a      2671     1    25     2     1
  1.4977224073552085E+00 a      2672     1    25     2     2
  1.3707981754231731E+00 a      2673     1    25     2     3
  2.1012372963742969E+00 a      2674     1    25     2     4
 -1.7407787141575470E+00 a      2675     1    25     2     5
  7.4470546869745091E-01 a      2676     1    25     2     6
 -6.6326514766830913E-01 a      2677     1    25     2     7
 -1.7514709685490120E+00 a      2678     1    25     2     8
  7.8783775091038843E-01 a      2679     1    25     2     9
 -3.2372805204483943E+00 a      2680     1    25     2    10
 -3.7932261303763655E+00 a      2681     1    25     2    11
  2.6932224267865674E+00 a      2682     1    25     2    12
 -1.4380168313284991E+00 a      2683     1    25     2    13
 -3.9248416536353057E+00 a      2684     1    25     2    14
 -3.3903376064606485E+00 a      2685     1    25     2    15
  7.7792942776870533E-01 a      2686     1    25     2    16
  5.2216619830737232E-01 a      2687     1    25     2    17
 -1.9064156518480970E+00 a      2688     1    25     2    18
 -1.0589293585654291E+00 a      2689     1    25     2    19
 -2.6403932167058441E-01 a      2690     1    25     2    20
 -7.1681504667624263E-01 a      2691     1    25     2    21
  1.5831048805408880E+00 a      2692     1    25     2    22
 -1.8532136087821860E+00 a      2693     1    25     2    23
  7.9123031061456028E-01 a      2694     1    25     2    24
 -4.2072133103633949E+00 a      2695     1    25     2    25
  1.4942625909573939E+00 a      2696     1    25     2    26
  1.3179489065698520E+00 a      2697     1    25     2    27
 -5.9663212197899691E+00 a      2698     1    25     2    28
  9.8728830490662056E-01 a      2699     1    25     2    29
  2.9946817307063500E-01 a      2700     1    25     2    30
 -1.8701899378133682E+00 a      2701     1    26     2     1
 -9.3056064176575670E-01 a      2702     1    26     2     2
 -2.5846441153829649E+00 a      2703     1    26     2     3
 -1.0331590289115662E+00 a      2704     1    26     2     4
  2.7887556778484646E-01 a      2705     1    26     2     5
  1.0681548555409066E+00 a      2706     1    26     2     6
  4.4122813973830288E+00 a      2707     1    26     2     7
 -1.0931873573620841E+00 a      2708     1    26     2     8
  1.8026037423957053E-01 a      2709     1    26     2     9
 -2.5205394868485875E+00 a      2710     1    26     2    10
  1.3857584621827470E+00 a      2711     1    26     2    11
 -2.3626439126221421E-01 a      2712     1    26     2    12
 -8.4111852294331912E-01 a      2713     1    26     2    13
  1.6365343332419275E+00 a      2714     1    26     2    14
 -7.2960724913307970E+00 a      2715     1    26     2    15
 -4.1385059858445622E-01 a      2716     1    26     2    16
 -1.3025727946012085E+00 a      2717     1    26     2    17
  3.7835833040071354E-01 a      2718     1    26     2    18
  1.1608545136702875E+00 a      2719     1    26     2    19
  1.2537928003860774E+00 a      2720     1    26     2    20
 -7.5510089313818229E-01 a      2721     1    26     2    21
 -9.5733555518679792E-01 a      2722     1    26     2    22
  3.6959627761728109E-01 a      2723     1    26     2    23
 -8.4674153025811427E-01 a      2724     1    26     2    24
 -2.9673051644465320E+00 a      2725     1    26     2    25
 -2.1615341903955310E+00 a      2726     1    26     2    26
 -1.7531558470483897E+00 a      2727     1    26     2    27
 -2.6936169151193829E+00 a      2728     1    26     2    28
  4.3693941716377532E-01 a      2729     1    26     2    29
 -9.8616620233988490E-03 a      2730     1    26     2    30
  1.0212532080377204E+00 a      2731     1    27     2     1
 -2.9061874540421164E+00 a      2732     1    27     2     2
 -3.4522798889333197E+00 a      2733     1    27     2     3
  5.1684106947800601E-01 a      2734     1    27     2     4
 -6.0352941170365337E-01 a      2735     1    27     2     5
  1.9893827788884453E+00 a      2736     1    27     2     6
  2.7309403654120548E+00 a      2737     1    27     2     7
  2.3550258259286867E+00 a      2738     1    27     2     8
  2.3877048191816739E+00 a      2739     1    27     2     9
  3.8225022255702817E-01 a      2740     1    27     2    10
  1.2807605945317853E+00 a      2741     1    27     2    11
  7.0045326658090867E-01 a      2742     1    27     2    12
 -1.6453242011854903E+00 a      2743     1    27     2    13
 -5.8112317314002642E+00 a      2744     1    27     2    14
  2.4360007216585866E+00 a      2745     1    27     2    15
  1.8954425376203132E+00 a      2746     1    27     2    16
 -2.2308600668502891E+00 a      2747     1    27     2    17
  8.7813612909066285E-01 a      2748     1    27     2    18
 -5.3301115870444464E+00 a      2749     1    27     2    19
  1.6964836133699497E+00 a      2750     1    27     2    20
 -1.2969803819003483E+00 a      2751     1    27     2    21
  6.3062326494114862E-01 a      2752     1    27     2    22
 -1.3563743761187492E+00 a      2753     1    27     2    23
 -2.6939353254918617E+00 a      2754     1    27     2    24
  2.8682709797112445E+00 a      2755     1    27     2    25
  1.8550062964221532E+00 a      2756     1    27     2    26
 -2.3748612820598352E+00 a      2757     1    27     2    27
  8.6335997630935302E-01 a      2758     1    27     2    28
  6.7734887651243314E-01 a      2759     1    27     2    29
  1.1673990684586120E+00 a      2760     1    27     2    30
 -5.9639462512101182E-01 a      2761     1    28     2     1
 -2.5489453162766225E+00 a      2762     1    28     2     2
 -1.6036204677746726E+00 a      2763     1    28     2     3
 -2.6715574200707897E+00 a      2764     1    28     2     4
 -1.6104111411959623E+00 a      2765     1    28     2     5
  3.7122560171386104E-01 a      2766     1    28     2     6
 -5.9053440459931856E+00 a      2767     1    28     2     7
 -5.1691390611599564E-01 a      2768     1    28     2     8
  1.9222256940577302E+00 a      2769     1    28     2     9
 -1.1237531875451532E+00 a      2770     1    28     2    10
 -5.2160487115961995E+00 a      2771     1    28     2    11
  2.6577998926792987E+00 a      2772     1    28     2    12
  4.5207633693049426E-01 a      2773     1    28     2    13
 -1.3137753354414656E+00 a      2774     1    28     2    14
 -5.9257497767848486E+00 a      2775     1    28     2    15
 -8.9075326428377577E-01 a      2776     1    28     2    16
 -2.1129855409268385E+00 a      2777     1    28     2    17
 -4.2168991791727919E+00 a      2778     1    28     2    18
 -4.4794621277872082E+00 a      2779     1    28     2    19
 -1.1474924407959817E+00 a      2780     1    28     2    20
 -2.3899055426540015E+00 a      2781     1    28     2    21
 -2.5240732202806787E-01 a      2782     1    28     2    22
  3.1125865920935369E-01 a      2783     1    28     2    23
  4.1623082303454395E-01 a      2784     1    28     2    24
 -3.0837887855980015E+00 a      2785     1    28     2    25
  2.5446825223244609E+00 a      2786     1    28     2    26
 -3.8113899664635142E-01 a      2787     1    28     2    27
  3.2468630997547621E-01 a      2788     1    28     2    28
  7.2674783250029584E-01 a      2789     1    28     2    29
 -6.0325198676350300E-01 a      2790     1    28     2    30
 -2.9667696445148670E+00 a      2791     1    29     2     1
 -1.1323834214544608E+00 a      2792     1    29     2     2
 -7.8628161085925374E-01 a      2793     1    29     2     3
 -4.8163762188598893E+00 a      2794     1    29     2     4
 -1.9683828062161848E+00 a      2795     1    29     2     5
 -4.8392565958180639E-01 a      2796     1    29     2     6
 -8.4891097871943699E-01 a      2797     1    29     2     7
  3.0426769179790631E+00 a      2798     1    29     2     8
 -1.1659595335266413E+00 a      2799     1    29     2     9
 -4.7875810089191534E-01 a      2800     1    29     2    10
 -2.8258090410712073E+00 a      2801     1    29     2    11
 -3.8480721550083961E+00 a      2802     1    29     2    12
 -3.6192927654851839E+00 a      2803     1    29     2    13
  2.3373131223272483E+00 a      2804     1    29     2    14
  5.4403271628706467E+00 a      2805     1    29     2    15
  2.4125353650886603E+00 a      2806     1    29     2    16
 -2.7379722876007722E+00 a      2807     1    29     2    17
  4.4035724960901188E+00 a      2808     1    29     2    18
  4.5459393639935569E-01 a      2809     1    29     2    19
  1.4747185149325157E+00 a      2810     1    29     2    20
 -5.3612080636764325E-01 a      2811     1    29     2    21
  9.7487563998350057E-01 a      2812     1    29     2    22
 -7.6968139791246948E-01 a      2813     1    29     2    23
 -1.9135111635426403E+00 a      2814     1    29     2    24
 -3.6425146082478550E+00 a      2815     1    29     2    25
 -1.1053638571251736E+00 a      2816     1    29     2    26
  1.6388637371816652E+00 a      2817     1    29     2    27
 -1.3199700126267873E+00 a      2818     1    29     2    28
  2.5148311684820754E+00 a      2819     1    29     2    29
 -3.3343726730059187E+00 a      2820     1    29     2    30
  1.5213877196488592E+00 a      2821     1    30     2     1
 -1.4688651286372245E+00 a      2822     1    30     2     2
  4.3484073766185910E-01 a      2823     1    30     2     3
  1.4017021135846779E+00 a      2824     1    30     2     4
 -4.7035148699530072E-01 a      2825     1    30     2     5
 -2.1975511861054495E+00 a      2826     1    30     2     6
  1.4256345928302812E+00 a      2827     1    30     2     7
 -3.4785070798582929E-01 a      2828     1    30     2     8
 -4.3563938876285935E-01 a      2829     1    30     2     9
  1.9893284456148053E-01 a      2830     1    30     2    10
  4.7145965533388134E-01 a      2831     1    30     2    11
 -1.9083544149632141E+00 a      2832     1    30     2    12
 -3.3278218041827121E+00 a      2833     1    30     2    13
 -2.0487868598712624E+00 a      2834     1    30     2    14
  1.1794954414258318E+00 a      2835     1    30     2    15
  1.4173901211720394E+00 a      2836     1    30     2    16
  3.8361997575044748E+00 a      2837     1    30     2    17
 -1.5344760899000016E+00 a      2838     1    30     2    18
  9.4278529748001494E-01 a      2839     1    30     2    19
  1.9758189970657865E+00 a      2840     1    30     2    20
  5.7443838727139784E-01 a      2841     1    30     2    21
 -1.4223172878453383E+00 a      2842     1    30     2    22
 -1.0592574447269161E-01 a      2843     1    30     2    23
  7.8069694684020885E-01 a      2844     1    30     2    24
  1.7585424701678129E-01 a      2845     1    30     2    25
  4.7807240406610513E-01 a      2846     1    30     2    26
 -1.5195263225559483E+00 a      2847     1    30     2    27
  1.4340688956953482E+00 a      2848     1    30     2    28
 -1.0496052759174033E+00 a      2849     1    30     2    29
  4.9416470215258407E-01 a      2850     1    30     2    30
  9.1920434034015308E+00 b      2851     2     1
  2.0499953654541216E+00 b      2852     2     2
  1.7094481743281662E+01 b      2853     2     3
 -1.3274272658515640E+00 b      2854     2     4
  2.9013810835947402E+00 b      2855     2     5
 -1.0229996481603251E-01 b      2856     2     6
 -1.3975584844434247E+01 b      2857     2     7
 -9.1267232018236246E+00 b      2858     2     8
  1.7019522450813058E+00 b      2859     2     9
  6.7479331933398674E+00 b      2860     2    10
  1.0152589882740120E+01 b      2861     2    11
  3.0434496293502469E+00 b      2862     2    12
 -2.4606431261069344E+00 b      2863     2    13
 -4.4317072524886374E+00 b      2864     2    14
  3.6106534272389311E+01 b      2865     2    15
 -1.6058064384615165E+00 b      2866     2    16
  7.5561598789023043E-01 b      2867     2    17
  2.8879693005830953E+00 b      2868     2    18
 -7.5833531936353360E+00 b      2869     2    19
 -6.6178754798018211E+00 b      2870     2    20
 -1.3902360155180414E+01 b      2871     2    21
  8.6709919791500276E+00 b      2872     2    22
  4.7826736113623323E+00 b      2873     2    23
 -1.5560157912694086E+01 b      2874     2    24
 -5.3753157051267064E-01 b      2875     2    25
 -2.0469131524931758E+00 b      2876     2    26
 -5.7424869834045129E+00 b      2877     2    27
  2.2583461334923425E+00 b      2878     2    28
  4.2624754787616270E+00 b      2879     2    29
  2.1970602084919020E+00 b      2880     2    30
  2.3632345006289357E-02 a      2881     2     1     3     1
 -1.2045418056708160E-01 a      2882     2     2     3     1
  5.1316532890687099E-02 a      2883     2     3     3     1
 -1.9814551326739292E-02 a      2884     2     4     3     1
  1.1430557936777058E-01 a      2885     2     5     3     1
 -1.7876968466348817E-01 a      2886     2     6     3     1
 -3.4780925760600316E-02 a      2887     2     7     3     1
  6.9871962047661301E-02 a      2888     2     8     3     1
 -4.2412171519509233E-02 a      2889     2     9     3     1
 -9.7065922243339486E-02 a      2890     2    10     3     1
 -4.3864026816382809E-02 a      2891     2    11     3     1
 -5.0031807799011362E-02 a      2892     2    12     3     1
 -6.3105734834879065E-02 a      2893     2    13     3     1
 -4.9270493008253750E-02 a      2894     2    14     3     1
 -3.7267131306222334E-02 a      2895     2    15     3     1
  1.3434167047660242E-01 a      2896     2    16     3     1
  6.6559142581935613E-02 a      2897     2    17     3     1
 -3.7766224382461541E-04 a      2898     2    18     3     1
  2.5287218130340644E-03 a      2899     2    19     3     1
  3.4263347413146794E-02 a      2900     2    20     3     1
 -9.2304550145076672E-02 a      2901     2    21     3     1
 -1.8195550272490094E-01 a      2902     2    22     3     1
  1.4484092340430973E-01 a      2903     2    23     3     1
 -9.1529638497502598E-03 a      2904     2    24     3     1
  6.1592106555086136E-03 a      2905     2    25     3     1
 -1.3166428887486356E-01 a      2906     2    26     3     1
  2.2545605681047412E-01 a      2907     2    27     3     1
 -1.4489496618752529E-01 a      2908     2    28     3     1
  1.4540169353991469E-01 a      2909     2    29     3     1
  2.8824352216160820E-01 a      2910     2    30     3     1
 -5.8404460218590692E-01 b      2911     3     1
