################################################################################
# Neural network connection values (weights and biases).
################################################################################
# Col  Name       Description
################################################################################
# 1    connection Neural network connection value.
# 2    t          Connection type (a = weight, b = bias).
# 3    index      Index enumerating weights.
# 4    l_s        Starting point layer (end point layer for biases).
# 5    n_s        Starting point neuron in starting layer (end point neuron for biases).
# 6    l_e        End point layer.
# 7    n_e        End point neuron in end layer.
################################################################################
#                      1 2         3     4     5     6     7
#             connection t     index   l_s   n_s   l_e   n_e
############################################################
  1.7131471311084848E+01 a         1     0     1     1     1
  2.9751072049847131E+00 a         2     0     1     1     2
 -1.2256233541352367E+01 a         3     0     1     1     3
  8.0052937598824734E+00 a         4     0     1     1     4
  6.5698341751014659E+00 a         5     0     1     1     5
  1.7389797360218985E+01 a         6     0     1     1     6
 -6.3068255901238324E+00 a         7     0     1     1     7
 -6.6766700696305961E+00 a         8     0     1     1     8
  1.7402729250552742E+01 a         9     0     1     1     9
  2.6579651533903963E+01 a        10     0     1     1    10
 -8.3190591165668657E+00 a        11     0     1     1    11
 -6.8941268649454046E-01 a        12     0     1     1    12
  1.6194900304249792E+01 a        13     0     1     1    13
  1.2555738070177924E+01 a        14     0     1     1    14
  2.6259477259154418E-01 a        15     0     1     1    15
 -5.0300372276295198E+00 a        16     0     1     1    16
  2.6903978059638676E+00 a        17     0     1     1    17
 -7.2055719732578218E+00 a        18     0     1     1    18
  7.3677440900254931E-01 a        19     0     1     1    19
  5.8181051392195933E+00 a        20     0     1     1    20
  7.9065404879312939E-01 a        21     0     1     1    21
  1.3009872413085496E+01 a        22     0     1     1    22
 -6.2001247264737183E+00 a        23     0     1     1    23
  1.7454481669240735E+01 a        24     0     1     1    24
  1.5172462515427302E+01 a        25     0     1     1    25
 -2.4007894287544310E+01 a        26     0     1     1    26
  8.7801619391238432E+00 a        27     0     1     1    27
  1.4442542118787300E+00 a        28     0     1     1    28
  4.9689669495032734E-01 a        29     0     1     1    29
  1.7850370271152968E+01 a        30     0     1     1    30
  7.9927319784162139E+00 a        31     0     2     1     1
 -1.6116214864010797E+01 a        32     0     2     1     2
 -1.1595194177625020E+01 a        33     0     2     1     3
 -9.4703367428774197E+00 a        34     0     2     1     4
  1.0987447392324718E+01 a        35     0     2     1     5
  1.1405470379810657E+01 a        36     0     2     1     6
  2.4830251192138437E+00 a        37     0     2     1     7
  1.0034751286577839E+01 a        38     0     2     1     8
  1.3028115128312594E+01 a        39     0     2     1     9
  5.4638343195096217E+00 a        40     0     2     1    10
  1.3902712312506509E+00 a        41     0     2     1    11
  7.3453757234489636E+00 a        42     0     2     1    12
  3.8903746076006471E+00 a        43     0     2     1    13
  7.8045725628182021E+00 a        44     0     2     1    14
  2.1263864322019153E+01 a        45     0     2     1    15
 -1.1264287610612001E+01 a        46     0     2     1    16
 -6.9547040311992943E+00 a        47     0     2     1    17
 -4.4542036317259986E-01 a        48     0     2     1    18
  1.0785581992793764E+01 a        49     0     2     1    19
 -5.3526325722776873E+00 a        50     0     2     1    20
  4.3875641369209317E+00 a        51     0     2     1    21
 -2.2231468737595552E+01 a        52     0     2     1    22
  9.4386722494755873E+00 a        53     0     2     1    23
 -4.2300632145381432E+00 a        54     0     2     1    24
  9.2117586322492571E+00 a        55     0     2     1    25
 -4.5645313530627689E+00 a        56     0     2     1    26
 -4.4804649626748079E+00 a        57     0     2     1    27
 -1.1596719072266348E+01 a        58     0     2     1    28
 -1.7018594639916695E-01 a        59     0     2     1    29
 -4.4925381564850514E-01 a        60     0     2     1    30
  3.4862471542859081E+00 a        61     0     3     1     1
  1.2050426651051836E+01 a        62     0     3     1     2
  4.7344016602737149E+00 a        63     0     3     1     3
 -6.5227475528819001E-01 a        64     0     3     1     4
 -6.3053388893481106E+00 a        65     0     3     1     5
  1.9922793508695410E+01 a        66     0     3     1     6
 -1.4725578743125173E+01 a        67     0     3     1     7
  1.5916275236474434E+01 a        68     0     3     1     8
 -5.6726156542252895E+00 a        69     0     3     1     9
 -3.7638898166399208E+00 a        70     0     3     1    10
  7.7774747646502629E+00 a        71     0     3     1    11
  9.3844546880440083E-01 a        72     0     3     1    12
  9.8828232949247585E+00 a        73     0     3     1    13
  8.5441654650040419E+00 a        74     0     3     1    14
  3.5358381541043884E+00 a        75     0     3     1    15
  3.0882293665923751E+01 a        76     0     3     1    16
 -2.7168319767114433E+00 a        77     0     3     1    17
  1.2525568773162541E+00 a        78     0     3     1    18
  1.7584583179767639E+00 a        79     0     3     1    19
  1.9948812001407441E+00 a        80     0     3     1    20
 -4.6049401707681197E+00 a        81     0     3     1    21
  1.1410762437231458E+01 a        82     0     3     1    22
  1.4444551886220642E+00 a        83     0     3     1    23
 -6.5065865542865069E+00 a        84     0     3     1    24
  2.6012199394589555E+01 a        85     0     3     1    25
  6.2466099542084539E+00 a        86     0     3     1    26
  2.2192380849177578E+01 a        87     0     3     1    27
  1.1643259960329075E+01 a        88     0     3     1    28
 -1.1030504100757721E+01 a        89     0     3     1    29
  9.5297368770208628E+00 a        90     0     3     1    30
  2.6656297998223435E+00 a        91     0     4     1     1
 -5.9402026851928431E+00 a        92     0     4     1     2
  1.7474759489981562E+00 a        93     0     4     1     3
 -6.5207897776094281E+00 a        94     0     4     1     4
  3.4282275134123217E+00 a        95     0     4     1     5
 -9.7841407246527385E+00 a        96     0     4     1     6
  6.4499771828737504E+00 a        97     0     4     1     7
 -1.3715951214989721E+01 a        98     0     4     1     8
  3.5629222687634146E+00 a        99     0     4     1     9
  3.2121533861139095E-01 a       100     0     4     1    10
 -9.9035594468392176E+00 a       101     0     4     1    11
  3.5658697113990674E+00 a       102     0     4     1    12
 -1.0756047803497069E+01 a       103     0     4     1    13
 -1.2780005358590138E+01 a       104     0     4     1    14
 -7.3943511936024500E+00 a       105     0     4     1    15
 -2.6109138013431711E+01 a       106     0     4     1    16
  6.0556484309827692E+00 a       107     0     4     1    17
  4.7820609779341234E+00 a       108     0     4     1    18
 -2.9374936404192833E+00 a       109     0     4     1    19
 -6.7786606349581007E+00 a       110     0     4     1    20
  5.0436920651208057E+00 a       111     0     4     1    21
 -1.5879195966515544E+01 a       112     0     4     1    22
  3.4943840247549502E+00 a       113     0     4     1    23
  4.0154783271703378E+00 a       114     0     4     1    24
 -2.3940039482425099E+01 a       115     0     4     1    25
 -4.3289749113390616E+00 a       116     0     4     1    26
 -1.4686168766740328E+01 a       117     0     4     1    27
 -8.9150249400376449E+00 a       118     0     4     1    28
  6.8606107887690060E-01 a       119     0     4     1    29
 -1.4628771923744742E+01 a       120     0     4     1    30
 -5.3386115577795668E+00 a       121     0     5     1     1
  4.9338211263070049E+00 a       122     0     5     1     2
 -8.5277661770036470E+00 a       123     0     5     1     3
 -1.0072789012069079E+00 a       124     0     5     1     4
 -4.7596720433542448E+00 a       125     0     5     1     5
 -2.9798462262623979E+00 a       126     0     5     1     6
 -2.9852451152194361E+00 a       127     0     5     1     7
  2.1027164539818184E+00 a       128     0     5     1     8
  3.8795848777801338E+00 a       129     0     5     1     9
 -5.3287887554011792E+00 a       130     0     5     1    10
 -1.8967714482334153E+00 a       131     0     5     1    11
 -3.2920946189393425E+00 a       132     0     5     1    12
 -1.1206061079062901E+00 a       133     0     5     1    13
  1.6938430761035566E+00 a       134     0     5     1    14
  2.4880548074342608E+00 a       135     0     5     1    15
  4.6540806100629206E-01 a       136     0     5     1    16
 -7.3424982803931016E+00 a       137     0     5     1    17
 -1.8124418100628357E+00 a       138     0     5     1    18
 -3.0310237104091948E+00 a       139     0     5     1    19
 -1.9791566709166746E+00 a       140     0     5     1    20
 -3.5342768348779741E+00 a       141     0     5     1    21
  5.9128263341776428E+00 a       142     0     5     1    22
 -6.5736050531340586E+00 a       143     0     5     1    23
  1.1130533462293661E+00 a       144     0     5     1    24
 -6.8607936829336780E-01 a       145     0     5     1    25
 -2.9068525412579702E+00 a       146     0     5     1    26
 -2.7883944087239847E+00 a       147     0     5     1    27
 -1.0063262793476577E+00 a       148     0     5     1    28
  6.1813106860648126E-01 a       149     0     5     1    29
 -1.8065965497759815E+00 a       150     0     5     1    30
 -7.2448994725349500E+00 a       151     0     6     1     1
 -5.9488592750147600E+00 a       152     0     6     1     2
  6.2595127739319425E+00 a       153     0     6     1     3
 -3.9110865707533176E+00 a       154     0     6     1     4
  6.0407946941785138E+00 a       155     0     6     1     5
 -1.0932985125984308E+01 a       156     0     6     1     6
  8.9058010574987936E+00 a       157     0     6     1     7
 -8.7653791523532512E+00 a       158     0     6     1     8
 -1.6599971199659333E+01 a       159     0     6     1     9
  1.2230095533801141E+01 a       160     0     6     1    10
  1.0244818323526456E+01 a       161     0     6     1    11
  1.2816783278790771E+01 a       162     0     6     1    12
  1.3078670094208261E+01 a       163     0     6     1    13
 -6.2703345877239771E+00 a       164     0     6     1    14
 -4.0494274363294691E+00 a       165     0     6     1    15
 -9.5928859687655947E+00 a       166     0     6     1    16
  1.9111764447607353E+01 a       167     0     6     1    17
  7.7477885586490363E+00 a       168     0     6     1    18
  2.6345690842012370E+00 a       169     0     6     1    19
 -6.0872207200465294E+00 a       170     0     6     1    20
  7.9174963752527105E+00 a       171     0     6     1    21
 -1.0436281204848910E+01 a       172     0     6     1    22
  9.0187097637146341E+00 a       173     0     6     1    23
  6.3454058715997554E+00 a       174     0     6     1    24
 -1.7439257891598952E+00 a       175     0     6     1    25
  1.7158370263314236E+01 a       176     0     6     1    26
  1.2114638757793580E+01 a       177     0     6     1    27
  7.9093604436114866E+00 a       178     0     6     1    28
 -2.1924831672888141E+00 a       179     0     6     1    29
  1.5979391715896869E+00 a       180     0     6     1    30
 -2.4670760529798549E+01 a       181     0     7     1     1
 -6.0680663905280197E+00 a       182     0     7     1     2
  2.8386492265864144E-01 a       183     0     7     1     3
 -2.7297691561098176E+00 a       184     0     7     1     4
  7.5672804787843639E-01 a       185     0     7     1     5
 -2.0690090907037348E+01 a       186     0     7     1     6
  9.1785101211667608E-01 a       187     0     7     1     7
 -6.5402461611402387E+00 a       188     0     7     1     8
 -1.3062470307829450E+01 a       189     0     7     1     9
 -9.4663285932081831E-01 a       190     0     7     1    10
  3.5841824982188739E+00 a       191     0     7     1    11
 -1.1333916988417378E+00 a       192     0     7     1    12
  6.9298823870416824E+00 a       193     0     7     1    13
 -1.1055648308751669E+01 a       194     0     7     1    14
  2.7125678049714863E+00 a       195     0     7     1    15
 -5.2861500797842069E+00 a       196     0     7     1    16
  5.6370821377839864E+00 a       197     0     7     1    17
  1.3450418653549168E+01 a       198     0     7     1    18
  6.8883270667950081E+00 a       199     0     7     1    19
 -1.6916100219136393E+01 a       200     0     7     1    20
  9.5203173669606223E+00 a       201     0     7     1    21
 -2.7738732448895287E-01 a       202     0     7     1    22
 -2.6184173163042064E+00 a       203     0     7     1    23
 -4.2947350679877738E+00 a       204     0     7     1    24
 -4.0890635127135209E+00 a       205     0     7     1    25
  4.5432946346143366E+00 a       206     0     7     1    26
  5.2670581369364706E+00 a       207     0     7     1    27
 -8.3019408437502449E+00 a       208     0     7     1    28
 -4.3063226376991635E+00 a       209     0     7     1    29
 -1.0023231612346869E+01 a       210     0     7     1    30
 -1.1340094874078748E+01 a       211     0     8     1     1
  3.2172196339666033E+00 a       212     0     8     1     2
  1.4410420406244496E+01 a       213     0     8     1     3
 -1.1766031234133013E+01 a       214     0     8     1     4
  7.7032785475586257E-02 a       215     0     8     1     5
 -1.6770874373858669E+00 a       216     0     8     1     6
 -1.0908112790788877E+01 a       217     0     8     1     7
  6.1558619943714028E+00 a       218     0     8     1     8
 -1.0915888349873390E+01 a       219     0     8     1     9
 -1.0621196330320704E+01 a       220     0     8     1    10
 -4.8073262324415547E+00 a       221     0     8     1    11
  6.5490613832605371E-01 a       222     0     8     1    12
  2.5046783989109728E-01 a       223     0     8     1    13
 -2.2878157164801397E+01 a       224     0     8     1    14
  9.4503841128962591E+00 a       225     0     8     1    15
  4.8932784891837597E+00 a       226     0     8     1    16
 -1.4191764169411114E+00 a       227     0     8     1    17
 -2.9306196921449683E+01 a       228     0     8     1    18
  1.9392621010719187E+00 a       229     0     8     1    19
  9.9504693436878640E+00 a       230     0     8     1    20
 -5.1853357891123188E+00 a       231     0     8     1    21
 -1.8881569026094780E+01 a       232     0     8     1    22
  4.7679386997467494E+00 a       233     0     8     1    23
 -6.8217336624913569E+00 a       234     0     8     1    24
 -1.3251748079636705E+01 a       235     0     8     1    25
  2.6725196605355634E+01 a       236     0     8     1    26
 -8.8680130820729115E+00 a       237     0     8     1    27
  1.4686050677200686E+00 a       238     0     8     1    28
  1.3162617727968906E+00 a       239     0     8     1    29
 -7.7849916415669416E+00 a       240     0     8     1    30
  1.1501712330957981E+01 a       241     0     9     1     1
 -6.4590924256319902E+00 a       242     0     9     1     2
 -7.9208092275419197E+00 a       243     0     9     1     3
 -8.4163780384101674E+00 a       244     0     9     1     4
 -3.6786003382463686E+00 a       245     0     9     1     5
 -6.8214185645078880E+00 a       246     0     9     1     6
 -7.3922627858555270E+00 a       247     0     9     1     7
 -8.5477336074114998E+00 a       248     0     9     1     8
  3.0356491444973135E+00 a       249     0     9     1     9
 -3.8664118616360232E+00 a       250     0     9     1    10
 -7.0494016114037006E+00 a       251     0     9     1    11
 -7.3500776358126965E+00 a       252     0     9     1    12
  2.7162537680581638E+00 a       253     0     9     1    13
 -8.7889362238022901E+00 a       254     0     9     1    14
  6.0676354216642521E+00 a       255     0     9     1    15
  4.7936277241651903E-01 a       256     0     9     1    16
 -5.6606755913918647E+00 a       257     0     9     1    17
  1.6100199101100465E+01 a       258     0     9     1    18
 -2.0324076038731376E-01 a       259     0     9     1    19
  8.2071375129025075E+00 a       260     0     9     1    20
 -1.6325242713488336E+01 a       261     0     9     1    21
 -1.6221034616674498E+01 a       262     0     9     1    22
  1.0673015901683460E+01 a       263     0     9     1    23
 -1.5588934578378627E+01 a       264     0     9     1    24
  4.7253121814333836E+00 a       265     0     9     1    25
  5.0594690550935550E-01 a       266     0     9     1    26
 -3.4203326114080261E+00 a       267     0     9     1    27
  6.9825332373463258E+00 a       268     0     9     1    28
 -3.3364025165133540E+00 a       269     0     9     1    29
  4.0774160840596121E+00 a       270     0     9     1    30
  2.0250424349068790E+00 a       271     0    10     1     1
  4.7086661671482117E+00 a       272     0    10     1     2
 -5.0012798083052745E+00 a       273     0    10     1     3
  3.1340860131714718E+00 a       274     0    10     1     4
 -2.4273103000604839E+00 a       275     0    10     1     5
  6.3111207651084755E-01 a       276     0    10     1     6
  4.4130559471659350E+00 a       277     0    10     1     7
  6.2689319062790352E+00 a       278     0    10     1     8
  4.2077390834085424E+00 a       279     0    10     1     9
 -1.8739157708433953E+00 a       280     0    10     1    10
  6.4830337768561268E+00 a       281     0    10     1    11
  4.9896253325502382E-01 a       282     0    10     1    12
  4.1464790167335561E+00 a       283     0    10     1    13
  6.9388710561099618E+00 a       284     0    10     1    14
 -1.4045185692258735E+00 a       285     0    10     1    15
  1.6255746971974048E+00 a       286     0    10     1    16
 -4.9757392530258987E-01 a       287     0    10     1    17
 -1.7346303992138576E+00 a       288     0    10     1    18
  1.9229918100105705E+00 a       289     0    10     1    19
  3.9425951597306530E+00 a       290     0    10     1    20
 -6.2384925915716991E+00 a       291     0    10     1    21
  4.4087652341674435E+00 a       292     0    10     1    22
  1.9678246921642897E+00 a       293     0    10     1    23
  6.9986358379141960E+00 a       294     0    10     1    24
 -4.1860463863824577E+00 a       295     0    10     1    25
 -4.6245804076109764E-01 a       296     0    10     1    26
  1.4311329321618862E+00 a       297     0    10     1    27
  5.9666301106889652E-01 a       298     0    10     1    28
  1.2486565493587016E+00 a       299     0    10     1    29
 -6.7932302663326327E+00 a       300     0    10     1    30
  6.1068496609551612E+00 a       301     0    11     1     1
 -1.0015038126231680E+01 a       302     0    11     1     2
 -3.3103567153921588E+01 a       303     0    11     1     3
 -3.5836863103584534E+01 a       304     0    11     1     4
 -5.2756681176974904E+00 a       305     0    11     1     5
 -9.8085032541446573E+00 a       306     0    11     1     6
 -1.2637653534440823E+01 a       307     0    11     1     7
  2.2045802330634082E+01 a       308     0    11     1     8
  6.5827142389405262E+00 a       309     0    11     1     9
  6.8863334273725330E-01 a       310     0    11     1    10
  1.2801987489649711E+01 a       311     0    11     1    11
 -1.1606374219629631E+01 a       312     0    11     1    12
 -4.7266774265630200E+00 a       313     0    11     1    13
  1.1409294550251740E+01 a       314     0    11     1    14
  1.4163040291503435E+00 a       315     0    11     1    15
  2.6705386888816678E+00 a       316     0    11     1    16
 -7.5042056576309388E+00 a       317     0    11     1    17
  5.0231861118051011E+00 a       318     0    11     1    18
 -1.0328182821364198E+01 a       319     0    11     1    19
 -5.4050423223249568E+00 a       320     0    11     1    20
  1.5143703024536965E+01 a       321     0    11     1    21
 -6.8861952436691212E+00 a       322     0    11     1    22
 -5.4497340428941152E+00 a       323     0    11     1    23
 -1.3729400927755917E+01 a       324     0    11     1    24
 -7.1677333667426879E+00 a       325     0    11     1    25
  8.0423945859869050E+00 a       326     0    11     1    26
  2.4201383200453672E+00 a       327     0    11     1    27
 -8.5785515570785726E+00 a       328     0    11     1    28
  2.4328791953392942E-01 a       329     0    11     1    29
  5.3905962747770015E+00 a       330     0    11     1    30
 -3.0823489367156345E+00 a       331     0    12     1     1
  7.4016525232461083E-01 a       332     0    12     1     2
  1.3415047527478967E+00 a       333     0    12     1     3
  4.1650041132655252E-01 a       334     0    12     1     4
  2.5090685354038542E+00 a       335     0    12     1     5
  4.2518757641117078E-01 a       336     0    12     1     6
 -8.3540017664862418E+00 a       337     0    12     1     7
 -7.8581833461747417E+00 a       338     0    12     1     8
 -2.8008955919747520E+00 a       339     0    12     1     9
  4.3489610024450807E+00 a       340     0    12     1    10
 -1.2682007132174620E+01 a       341     0    12     1    11
 -1.1661183444067984E+00 a       342     0    12     1    12
  3.6207349799788868E-01 a       343     0    12     1    13
 -2.7445010519633537E+00 a       344     0    12     1    14
  1.2998870514801735E+00 a       345     0    12     1    15
 -7.4821985908124660E+00 a       346     0    12     1    16
 -7.9820888223500397E-01 a       347     0    12     1    17
 -2.6069628428285645E+00 a       348     0    12     1    18
 -6.1596849371522886E+00 a       349     0    12     1    19
  4.8509841740512165E+00 a       350     0    12     1    20
  4.3305797016688370E+00 a       351     0    12     1    21
 -6.5233727605936140E+00 a       352     0    12     1    22
 -2.2856867982124021E+00 a       353     0    12     1    23
  2.0255562859699050E+00 a       354     0    12     1    24
  4.1599376450610198E-01 a       355     0    12     1    25
 -5.0917414397197405E+00 a       356     0    12     1    26
  3.7551110220503894E+00 a       357     0    12     1    27
  9.6955026530723405E+00 a       358     0    12     1    28
 -3.4024081512308813E-01 a       359     0    12     1    29
  7.8009686838286321E+00 a       360     0    12     1    30
  1.7706517091434808E+01 a       361     0    13     1     1
  6.0329957199815780E+00 a       362     0    13     1     2
 -9.2771018239214325E+00 a       363     0    13     1     3
  1.6528581557399155E-01 a       364     0    13     1     4
 -6.9955983430613573E+00 a       365     0    13     1     5
  1.4528690207544138E+01 a       366     0    13     1     6
 -1.9778673500949594E+01 a       367     0    13     1     7
  2.7653114779882100E+00 a       368     0    13     1     8
  2.8725598984091217E+01 a       369     0    13     1     9
 -2.7131584738256960E+00 a       370     0    13     1    10
 -2.0456746132944730E+01 a       371     0    13     1    11
 -1.1148151826197362E+01 a       372     0    13     1    12
 -7.8048346382668914E+00 a       373     0    13     1    13
  1.4264919357673767E+01 a       374     0    13     1    14
  6.5802456330759513E+00 a       375     0    13     1    15
  3.0192432988281768E+00 a       376     0    13     1    16
 -2.8381125532245221E+01 a       377     0    13     1    17
 -2.2065058254821135E+01 a       378     0    13     1    18
 -5.7055383372764634E+00 a       379     0    13     1    19
  2.1746816563250409E+01 a       380     0    13     1    20
 -7.6066823574189635E-01 a       381     0    13     1    21
  1.1719807979678770E+01 a       382     0    13     1    22
 -7.2232593224174808E+00 a       383     0    13     1    23
 -2.1350393829706658E+00 a       384     0    13     1    24
  4.8927834490968420E+00 a       385     0    13     1    25
 -2.1482348785009240E+01 a       386     0    13     1    26
 -1.3184656541922239E+01 a       387     0    13     1    27
 -2.2004391233294842E+00 a       388     0    13     1    28
  4.4018529026821192E+00 a       389     0    13     1    29
  5.4392582266326057E+00 a       390     0    13     1    30
 -4.1198685886366060E-01 a       391     0    14     1     1
 -1.3719236836036067E+01 a       392     0    14     1     2
 -4.1628335358069553E+00 a       393     0    14     1     3
 -1.1738585260440242E+01 a       394     0    14     1     4
  4.0634375885506655E+00 a       395     0    14     1     5
  1.7032317482077994E+00 a       396     0    14     1     6
 -1.1011388962832047E+01 a       397     0    14     1     7
 -7.1352340008697963E+00 a       398     0    14     1     8
  9.1555561671528674E-01 a       399     0    14     1     9
 -1.0111276131316671E+00 a       400     0    14     1    10
 -1.7034584776654668E+01 a       401     0    14     1    11
  8.0971809474919478E+00 a       402     0    14     1    12
  3.6195978095818169E+00 a       403     0    14     1    13
  4.0853184349472560E+00 a       404     0    14     1    14
 -1.9551969687678415E+01 a       405     0    14     1    15
  2.5344882750420599E+00 a       406     0    14     1    16
  5.2697986814954563E+00 a       407     0    14     1    17
  1.4794853616560895E+01 a       408     0    14     1    18
  2.3216433912790739E+00 a       409     0    14     1    19
 -2.1394943362226602E+01 a       410     0    14     1    20
  1.0794528901925615E+01 a       411     0    14     1    21
  3.3447826032484422E+00 a       412     0    14     1    22
  6.5775793282994712E+00 a       413     0    14     1    23
 -1.4139358583266539E+00 a       414     0    14     1    24
  1.0187661777167560E-01 a       415     0    14     1    25
 -2.6752065379224312E+01 a       416     0    14     1    26
 -3.1723622634178239E-01 a       417     0    14     1    27
  1.1453776915603930E+00 a       418     0    14     1    28
 -7.5478893261425495E-01 a       419     0    14     1    29
 -7.6264967711801130E+00 a       420     0    14     1    30
 -2.7452555838579626E+00 a       421     0    15     1     1
 -1.6532326800916799E+01 a       422     0    15     1     2
 -1.6028099072155555E+01 a       423     0    15     1     3
 -7.8491597364875165E+00 a       424     0    15     1     4
 -1.0305878661518102E+00 a       425     0    15     1     5
 -2.5157896532402649E+01 a       426     0    15     1     6
 -8.6404140501358846E+00 a       427     0    15     1     7
 -3.4250174487912530E+00 a       428     0    15     1     8
 -4.4160033913634145E+00 a       429     0    15     1     9
  2.2627424497023165E+00 a       430     0    15     1    10
 -4.2565067850177769E+00 a       431     0    15     1    11
 -1.0143788076239140E+01 a       432     0    15     1    12
  1.9740264263011058E+00 a       433     0    15     1    13
  3.1732784937778611E+00 a       434     0    15     1    14
 -9.7843165563176715E+00 a       435     0    15     1    15
  1.3127822482401135E+00 a       436     0    15     1    16
 -7.5223068137738480E-01 a       437     0    15     1    17
 -6.2955935185297003E+00 a       438     0    15     1    18
 -3.4131581997391702E+00 a       439     0    15     1    19
  1.2576585621944192E+01 a       440     0    15     1    20
 -1.0105532626544953E+01 a       441     0    15     1    21
 -1.4690518484344246E+00 a       442     0    15     1    22
 -2.0566923364454333E+00 a       443     0    15     1    23
 -1.6003123476950560E+00 a       444     0    15     1    24
 -7.2211925532260004E+00 a       445     0    15     1    25
  5.5251784044456613E+00 a       446     0    15     1    26
 -7.6221509318839873E+00 a       447     0    15     1    27
  3.1065024746105996E+00 a       448     0    15     1    28
 -1.6162157715822194E+00 a       449     0    15     1    29
  5.1932639255879582E+00 a       450     0    15     1    30
 -1.1627494815046463E+01 a       451     0    16     1     1
 -2.3275816174214135E+01 a       452     0    16     1     2
 -1.6512973638879870E+01 a       453     0    16     1     3
  5.9512179641411729E+00 a       454     0    16     1     4
  1.5626838773538507E+01 a       455     0    16     1     5
 -9.0701880140671793E+00 a       456     0    16     1     6
  1.5190827803494619E+01 a       457     0    16     1     7
  2.3088806248795879E+00 a       458     0    16     1     8
  1.1017062874974595E+01 a       459     0    16     1     9
  1.4113156357517258E+01 a       460     0    16     1    10
  2.2195698309445793E+00 a       461     0    16     1    11
  3.6326233574671067E+00 a       462     0    16     1    12
  2.9078355849792965E+00 a       463     0    16     1    13
  1.7475000436212802E+01 a       464     0    16     1    14
  8.8088152268032882E+00 a       465     0    16     1    15
 -1.6852305055594819E+01 a       466     0    16     1    16
 -2.5689856680544021E+00 a       467     0    16     1    17
 -1.6066981720497992E+01 a       468     0    16     1    18
  8.7278316174943207E+00 a       469     0    16     1    19
 -2.4003453770922443E+00 a       470     0    16     1    20
  1.1837977074128522E+01 a       471     0    16     1    21
 -8.1629329311774868E+00 a       472     0    16     1    22
 -7.6592637424249652E+00 a       473     0    16     1    23
  8.7416227254228129E+00 a       474     0    16     1    24
 -3.9142590935190533E+00 a       475     0    16     1    25
 -5.8284860750784775E+00 a       476     0    16     1    26
 -1.1276989894854784E+01 a       477     0    16     1    27
 -1.3572413920310431E+01 a       478     0    16     1    28
  1.0310519440579993E+01 a       479     0    16     1    29
  2.8782435801269185E-01 a       480     0    16     1    30
  3.0945827600849372E+00 a       481     0    17     1     1
  8.0282166885753359E+00 a       482     0    17     1     2
  8.5101627677462250E+00 a       483     0    17     1     3
  1.9304606332714915E+01 a       484     0    17     1     4
  6.0118729937652793E-01 a       485     0    17     1     5
  1.3026275922155206E+01 a       486     0    17     1     6
  1.0743261856499062E+01 a       487     0    17     1     7
 -1.4874341361344580E+01 a       488     0    17     1     8
  1.8028310501177895E+01 a       489     0    17     1     9
  8.3053569918291341E+00 a       490     0    17     1    10
 -7.5981187388755940E+00 a       491     0    17     1    11
 -1.0600933380165198E+01 a       492     0    17     1    12
  9.1486389676545681E+00 a       493     0    17     1    13
  1.4535819399585456E+01 a       494     0    17     1    14
  1.0902476054614018E+01 a       495     0    17     1    15
 -1.0334450085321674E+01 a       496     0    17     1    16
 -1.1874973365965534E+01 a       497     0    17     1    17
  2.1540792610878739E+01 a       498     0    17     1    18
  9.1149640807244960E+00 a       499     0    17     1    19
  8.1075770599715842E+00 a       500     0    17     1    20
 -2.5238496146873729E+01 a       501     0    17     1    21
  1.0433882342872044E+01 a       502     0    17     1    22
  1.6481619012018037E+01 a       503     0    17     1    23
  1.1717172124168636E+01 a       504     0    17     1    24
 -4.6010816457792121E+00 a       505     0    17     1    25
  1.1360776407054407E+01 a       506     0    17     1    26
  1.3899926917693430E+00 a       507     0    17     1    27
  1.1070937636433561E+01 a       508     0    17     1    28
  1.4119068616405286E+01 a       509     0    17     1    29
  6.6314770572601960E+00 a       510     0    17     1    30
 -3.0326684828944477E+00 a       511     0    18     1     1
 -1.3909760956318127E+00 a       512     0    18     1     2
  5.8660879029672541E-01 a       513     0    18     1     3
  2.0323805764076233E+00 a       514     0    18     1     4
  2.7401851558076715E+00 a       515     0    18     1     5
 -9.7537785630611307E+00 a       516     0    18     1     6
  1.8684162676976983E+00 a       517     0    18     1     7
 -2.9766649815389443E+00 a       518     0    18     1     8
  6.5812817411512992E+00 a       519     0    18     1     9
 -1.1054693629895020E+01 a       520     0    18     1    10
 -7.9437874173215999E+00 a       521     0    18     1    11
  8.5587804705170079E-01 a       522     0    18     1    12
  3.5186201489964484E+00 a       523     0    18     1    13
 -7.1441558236066527E+00 a       524     0    18     1    14
  1.1035458463702246E+00 a       525     0    18     1    15
 -1.4931753600099735E+00 a       526     0    18     1    16
 -3.2470749835324692E-01 a       527     0    18     1    17
 -5.5656387167281629E+00 a       528     0    18     1    18
  9.6801751075933395E-01 a       529     0    18     1    19
 -1.0675360452787066E+00 a       530     0    18     1    20
 -4.2830894064338541E+00 a       531     0    18     1    21
  1.4279148686018091E+00 a       532     0    18     1    22
 -1.8441723327099422E+00 a       533     0    18     1    23
  2.1933472036096373E+00 a       534     0    18     1    24
  1.6264161569535163E-01 a       535     0    18     1    25
 -3.5619643572636561E+00 a       536     0    18     1    26
  5.0899297667586625E+00 a       537     0    18     1    27
 -5.4733072981966817E+00 a       538     0    18     1    28
  2.1195976306764925E+00 a       539     0    18     1    29
  2.4054588797723389E+00 a       540     0    18     1    30
 -1.4013925319190017E+01 a       541     0    19     1     1
 -2.7659605041396301E+01 a       542     0    19     1     2
  1.0823687247652307E+01 a       543     0    19     1     3
  3.8160345019817621E+00 a       544     0    19     1     4
 -1.1618985444067873E+00 a       545     0    19     1     5
 -6.6676458034170105E+00 a       546     0    19     1     6
 -5.9384769824335590E+00 a       547     0    19     1     7
 -1.1240158328246640E+01 a       548     0    19     1     8
 -1.1341852156382968E+01 a       549     0    19     1     9
  3.5409508872890694E+00 a       550     0    19     1    10
 -1.9459547925583602E+00 a       551     0    19     1    11
 -8.2437630060267146E+00 a       552     0    19     1    12
 -4.1290533287671023E+00 a       553     0    19     1    13
 -1.8103159254359433E+01 a       554     0    19     1    14
  3.1315973941670388E+00 a       555     0    19     1    15
  2.3098375669241586E+00 a       556     0    19     1    16
 -3.7507865011702441E+00 a       557     0    19     1    17
 -1.2134356547419237E+01 a       558     0    19     1    18
 -4.3153300314201637E+00 a       559     0    19     1    19
 -1.7891193961421290E+01 a       560     0    19     1    20
  1.2613797023381300E+01 a       561     0    19     1    21
 -5.5110999124401481E+00 a       562     0    19     1    22
 -8.6170705516169122E+00 a       563     0    19     1    23
  2.1380669517332933E+01 a       564     0    19     1    24
  1.0540576738590808E+01 a       565     0    19     1    25
  1.0327766773219212E+01 a       566     0    19     1    26
  5.4623719649618172E+00 a       567     0    19     1    27
  1.7001064312401817E+00 a       568     0    19     1    28
 -1.7365965257112933E+01 a       569     0    19     1    29
 -5.2077704826324238E+00 a       570     0    19     1    30
 -5.6839010237029530E+00 a       571     0    20     1     1
  8.4858772946130223E+00 a       572     0    20     1     2
 -1.5197502644482412E+00 a       573     0    20     1     3
 -5.1495024906662588E+00 a       574     0    20     1     4
  3.8855765195178127E+00 a       575     0    20     1     5
  1.3511120554214415E+01 a       576     0    20     1     6
 -1.6182948104060426E+00 a       577     0    20     1     7
  1.0087954280197943E+01 a       578     0    20     1     8
 -2.4335317162887740E+00 a       579     0    20     1     9
 -3.8260721573186336E+00 a       580     0    20     1    10
  7.9223448747088092E+00 a       581     0    20     1    11
  6.0546160508350342E+00 a       582     0    20     1    12
 -6.1029869861980606E+00 a       583     0    20     1    13
  7.6321417616728056E+00 a       584     0    20     1    14
  7.1766713380604239E+00 a       585     0    20     1    15
 -9.5625023423959341E+00 a       586     0    20     1    16
 -6.5224607524416669E+00 a       587     0    20     1    17
 -4.1000060296347873E-01 a       588     0    20     1    18
 -7.4070027478567875E+00 a       589     0    20     1    19
 -1.2641555561940908E+01 a       590     0    20     1    20
  1.4969235672717881E+01 a       591     0    20     1    21
  8.8784460736234863E+00 a       592     0    20     1    22
 -2.0506242441721145E+01 a       593     0    20     1    23
  4.9909387672513592E+00 a       594     0    20     1    24
 -1.7985006145595686E+00 a       595     0    20     1    25
 -6.9133841321644729E+00 a       596     0    20     1    26
 -4.6566341522936687E+00 a       597     0    20     1    27
 -3.5343390029881649E+00 a       598     0    20     1    28
  1.9103501487234227E+00 a       599     0    20     1    29
  1.0737825974458138E+01 a       600     0    20     1    30
 -3.4167913880777743E+00 a       601     0    21     1     1
 -9.1878828700593971E+00 a       602     0    21     1     2
  3.7912691145161941E+00 a       603     0    21     1     3
  2.4103571832076291E+01 a       604     0    21     1     4
 -1.8552870200901128E-01 a       605     0    21     1     5
 -1.0638363929267626E+01 a       606     0    21     1     6
  7.8559159969932733E+00 a       607     0    21     1     7
 -2.4757826879522945E+01 a       608     0    21     1     8
  3.2640825298551546E+00 a       609     0    21     1     9
 -1.4788571105859148E+01 a       610     0    21     1    10
 -3.9086431530093981E+00 a       611     0    21     1    11
  2.4451361402498306E+00 a       612     0    21     1    12
  6.4627558902836957E-01 a       613     0    21     1    13
 -8.6083662939666059E+00 a       614     0    21     1    14
 -3.6486771264585500E+00 a       615     0    21     1    15
 -4.9517767137861100E+00 a       616     0    21     1    16
  2.3008540412568223E+01 a       617     0    21     1    17
  2.4100590977794731E+01 a       618     0    21     1    18
  4.1570659486664683E+00 a       619     0    21     1    19
  2.8166792615531167E+00 a       620     0    21     1    20
  5.3842653313317292E+00 a       621     0    21     1    21
 -6.3602678689083261E+00 a       622     0    21     1    22
  1.4932812345755689E+01 a       623     0    21     1    23
 -6.6611827406313227E+00 a       624     0    21     1    24
  9.3535145245433924E+00 a       625     0    21     1    25
 -7.5102243261567816E+00 a       626     0    21     1    26
  5.9065111856635673E+00 a       627     0    21     1    27
 -3.5784041971695504E+00 a       628     0    21     1    28
 -2.3107121443497707E+01 a       629     0    21     1    29
 -1.0569647131081975E+01 a       630     0    21     1    30
 -3.9813544546869629E+01 a       631     0    22     1     1
 -2.5160057419807149E+00 a       632     0    22     1     2
 -8.0566594293238687E+00 a       633     0    22     1     3
  1.5244335553168188E+01 a       634     0    22     1     4
  3.1350443493654914E+00 a       635     0    22     1     5
 -2.1491505116279750E+01 a       636     0    22     1     6
  1.1320077646349263E+01 a       637     0    22     1     7
  1.0840433959214041E+01 a       638     0    22     1     8
 -4.3547086038763396E+00 a       639     0    22     1     9
 -1.6970732796666855E+01 a       640     0    22     1    10
  8.3690826932044509E+00 a       641     0    22     1    11
  2.6946996245705099E+00 a       642     0    22     1    12
  3.6612361437394148E-01 a       643     0    22     1    13
  4.5741827307737104E+00 a       644     0    22     1    14
  1.1211427143372623E+01 a       645     0    22     1    15
 -1.3026755435825541E+01 a       646     0    22     1    16
  1.4205764911618395E+01 a       647     0    22     1    17
  4.8623748906391437E+00 a       648     0    22     1    18
 -5.8701531099856066E+00 a       649     0    22     1    19
  2.1937384633589376E+00 a       650     0    22     1    20
 -3.4644581517061281E+00 a       651     0    22     1    21
  2.4284507485903472E+01 a       652     0    22     1    22
  2.0779470132564835E+00 a       653     0    22     1    23
  6.2813314301093701E+00 a       654     0    22     1    24
 -6.0568501716308294E+00 a       655     0    22     1    25
 -1.1428398099189881E+01 a       656     0    22     1    26
 -1.0043376475606875E+01 a       657     0    22     1    27
 -1.7635122086619464E+01 a       658     0    22     1    28
 -8.1928640492073370E+00 a       659     0    22     1    29
 -5.1349058213367389E+00 a       660     0    22     1    30
  6.1297879082508926E+00 a       661     0    23     1     1
 -1.6009199886640680E+01 a       662     0    23     1     2
  1.2952314036079524E+00 a       663     0    23     1     3
  7.9451362115583422E+00 a       664     0    23     1     4
 -3.5473405215073521E+00 a       665     0    23     1     5
  3.2620391313406256E+00 a       666     0    23     1     6
 -2.9541588299457464E+00 a       667     0    23     1     7
 -5.1366503775985199E+00 a       668     0    23     1     8
  1.9111625967961139E+00 a       669     0    23     1     9
  2.8086677359757797E+01 a       670     0    23     1    10
 -1.4204590557799241E+01 a       671     0    23     1    11
 -6.9181521073785435E-01 a       672     0    23     1    12
  8.8899079435451576E+00 a       673     0    23     1    13
  1.6254621668646635E-02 a       674     0    23     1    14
  8.5824460431922756E+00 a       675     0    23     1    15
  1.0379786802651003E+00 a       676     0    23     1    16
 -6.5325317374039455E+00 a       677     0    23     1    17
 -1.2945260623067398E+01 a       678     0    23     1    18
  5.2491102468637330E+00 a       679     0    23     1    19
 -3.9235043373046330E+00 a       680     0    23     1    20
 -1.6253658218271667E+01 a       681     0    23     1    21
  8.2673277997026311E+00 a       682     0    23     1    22
  4.6602073610477968E+00 a       683     0    23     1    23
  2.5299527272809565E+00 a       684     0    23     1    24
 -7.5279463678106992E-02 a       685     0    23     1    25
  4.9398441464812883E+00 a       686     0    23     1    26
  6.9816411223730412E+00 a       687     0    23     1    27
  5.9995677940257108E+00 a       688     0    23     1    28
 -5.3841509006084305E+00 a       689     0    23     1    29
 -3.0992412236679524E+01 a       690     0    23     1    30
  1.8114052414878812E+00 a       691     0    24     1     1
  2.1021539536361495E+01 a       692     0    24     1     2
 -1.0365569546688857E+01 a       693     0    24     1     3
  2.1322538677265836E+01 a       694     0    24     1     4
 -5.4432457432761918E+00 a       695     0    24     1     5
  1.9987426504319075E+01 a       696     0    24     1     6
  1.3442482789123082E+01 a       697     0    24     1     7
  2.4674887077426085E+01 a       698     0    24     1     8
 -9.4132399789988508E+00 a       699     0    24     1     9
  2.3689606556973413E+00 a       700     0    24     1    10
 -1.1569611638091915E+01 a       701     0    24     1    11
  4.3642849259649044E+00 a       702     0    24     1    12
  1.0974356009892094E+01 a       703     0    24     1    13
 -1.0933009916185405E+01 a       704     0    24     1    14
  8.0924193720150690E+00 a       705     0    24     1    15
 -1.0182839386589510E+01 a       706     0    24     1    16
  3.8083824574777175E-01 a       707     0    24     1    17
 -1.9945282493303601E+01 a       708     0    24     1    18
 -1.0916204355625206E+01 a       709     0    24     1    19
  1.2349556799555463E+01 a       710     0    24     1    20
  4.3634147197478468E+00 a       711     0    24     1    21
  1.3510846097351930E+00 a       712     0    24     1    22
 -1.7066292892100219E+00 a       713     0    24     1    23
 -2.3690334499685748E+00 a       714     0    24     1    24
  4.2896672228785908E+00 a       715     0    24     1    25
 -6.9869576791256742E+00 a       716     0    24     1    26
 -4.9860503868073112E+00 a       717     0    24     1    27
 -1.3459412381810589E+01 a       718     0    24     1    28
 -7.7140318109115187E+00 a       719     0    24     1    29
  1.9254396830336653E+01 a       720     0    24     1    30
 -7.1523593685564446E+00 a       721     0    25     1     1
  1.0795581660515655E+01 a       722     0    25     1     2
 -2.0656644645621384E+01 a       723     0    25     1     3
 -2.9725071177873687E+01 a       724     0    25     1     4
  2.7154276561596000E+00 a       725     0    25     1     5
  2.3836979390832309E+00 a       726     0    25     1     6
 -1.1602333731539536E+01 a       727     0    25     1     7
  1.9086344223224842E+01 a       728     0    25     1     8
  3.0963531065748406E+00 a       729     0    25     1     9
  2.1483699760806928E+01 a       730     0    25     1    10
  1.2861891283742734E+01 a       731     0    25     1    11
 -5.8600589208916476E-01 a       732     0    25     1    12
 -1.0462672735775593E+01 a       733     0    25     1    13
 -4.8759100988314117E+00 a       734     0    25     1    14
 -1.1158887401350013E+01 a       735     0    25     1    15
  7.3430295484900598E-03 a       736     0    25     1    16
 -4.3887672782377694E+00 a       737     0    25     1    17
 -6.6306062746808383E+00 a       738     0    25     1    18
  4.7671946637107920E+00 a       739     0    25     1    19
 -3.6423576665586719E+00 a       740     0    25     1    20
 -4.1887145719521843E+00 a       741     0    25     1    21
 -1.3713201063338280E+01 a       742     0    25     1    22
  6.1498564896050185E+00 a       743     0    25     1    23
 -4.3283059413310774E+00 a       744     0    25     1    24
 -7.7087277503681211E+00 a       745     0    25     1    25
  7.3668315786211975E+00 a       746     0    25     1    26
 -6.1134569488211756E+00 a       747     0    25     1    27
  4.5063566224379272E+00 a       748     0    25     1    28
  1.4839162192265119E+01 a       749     0    25     1    29
  1.6255806892652593E+01 a       750     0    25     1    30
  1.0839815671237645E+00 a       751     0    26     1     1
 -7.6822787962957784E-01 a       752     0    26     1     2
  8.9188323366981137E-01 a       753     0    26     1     3
 -4.8822117700026384E+00 a       754     0    26     1     4
 -1.4215170315086747E+00 a       755     0    26     1     5
  2.1055517770809885E+01 a       756     0    26     1     6
  7.0958680395673790E+00 a       757     0    26     1     7
  6.6208393002829053E+00 a       758     0    26     1     8
  9.6152300799656998E-01 a       759     0    26     1     9
  1.5153886725228473E+01 a       760     0    26     1    10
  1.5704771371109684E+01 a       761     0    26     1    11
  9.2495960122234830E+00 a       762     0    26     1    12
 -4.6644253650323044E+00 a       763     0    26     1    13
  4.3861444783544599E+00 a       764     0    26     1    14
  4.6017935890219004E+00 a       765     0    26     1    15
  1.2650629213234301E+00 a       766     0    26     1    16
  1.5238515876532879E+00 a       767     0    26     1    17
 -8.7066996289434613E+00 a       768     0    26     1    18
  5.5958992389239270E+00 a       769     0    26     1    19
  1.7363201106475930E+00 a       770     0    26     1    20
  4.4087772163368495E+00 a       771     0    26     1    21
 -1.3221183826396109E+01 a       772     0    26     1    22
  3.2462402217908775E+00 a       773     0    26     1    23
  2.2645499311027315E+00 a       774     0    26     1    24
 -7.1439105674278949E+00 a       775     0    26     1    25
  9.3393798001152852E+00 a       776     0    26     1    26
  8.4722997041585391E-01 a       777     0    26     1    27
  3.5782469553788006E+00 a       778     0    26     1    28
  5.5896720863427174E-01 a       779     0    26     1    29
 -1.5747248869088741E+00 a       780     0    26     1    30
  4.9186449251722690E+00 a       781     0    27     1     1
  1.3565373212013110E+01 a       782     0    27     1     2
  1.7406358390019667E+00 a       783     0    27     1     3
 -7.6566410013526891E+00 a       784     0    27     1     4
 -9.8197812675045970E+00 a       785     0    27     1     5
 -2.0371378199090120E+01 a       786     0    27     1     6
 -1.7682637392731273E+01 a       787     0    27     1     7
 -1.6024779951263127E+01 a       788     0    27     1     8
 -1.2303498836525280E+01 a       789     0    27     1     9
 -3.5095681766706988E+01 a       790     0    27     1    10
 -1.3134133838605925E+01 a       791     0    27     1    11
 -1.1823372268737190E+01 a       792     0    27     1    12
 -6.5507512873275253E+00 a       793     0    27     1    13
 -7.0434569816238506E+00 a       794     0    27     1    14
 -3.3471223019665501E+01 a       795     0    27     1    15
  1.2190717752212368E+00 a       796     0    27     1    16
  1.6203436115110552E+01 a       797     0    27     1    17
  3.0735989436856414E+01 a       798     0    27     1    18
 -1.7537986528215321E-01 a       799     0    27     1    19
  2.4670164805915917E+01 a       800     0    27     1    20
 -1.6293367131101641E+00 a       801     0    27     1    21
 -5.3989757427055052E+00 a       802     0    27     1    22
  1.2088075226430703E+00 a       803     0    27     1    23
 -2.0929109116111551E+01 a       804     0    27     1    24
  2.3729672577891336E+00 a       805     0    27     1    25
 -7.6072084920357828E+00 a       806     0    27     1    26
 -7.9617604979904453E+00 a       807     0    27     1    27
 -4.6357825178459953E+00 a       808     0    27     1    28
 -4.9089028872390844E-01 a       809     0    27     1    29
  1.7992055065756350E+01 a       810     0    27     1    30
  1.2290953323573270E+01 a       811     0    28     1     1
  1.8183510519553279E+00 a       812     0    28     1     2
  3.9981970891071772E-01 a       813     0    28     1     3
 -1.3487692216950627E+01 a       814     0    28     1     4
  1.1629914613398046E+01 a       815     0    28     1     5
  7.6919215025141021E+00 a       816     0    28     1     6
 -1.5633526605939137E+01 a       817     0    28     1     7
 -5.4067466415824397E+00 a       818     0    28     1     8
  1.9806674734760954E+01 a       819     0    28     1     9
  7.1491694691209107E-01 a       820     0    28     1    10
  7.5522958200540931E+00 a       821     0    28     1    11
 -5.3869494296528897E+00 a       822     0    28     1    12
  3.7745697867963375E+00 a       823     0    28     1    13
 -6.7193713895027845E+00 a       824     0    28     1    14
 -9.7933530213435187E+00 a       825     0    28     1    15
  1.6262445450913617E+01 a       826     0    28     1    16
  2.4181233982311485E+00 a       827     0    28     1    17
 -6.6849006469113901E+00 a       828     0    28     1    18
  1.7935657463741283E+01 a       829     0    28     1    19
  1.4913543322646280E+01 a       830     0    28     1    20
 -2.1022999579818020E+01 a       831     0    28     1    21
 -1.8703309732367092E+01 a       832     0    28     1    22
 -1.7401534989652657E+01 a       833     0    28     1    23
  1.0288232291801446E+01 a       834     0    28     1    24
 -3.1361982995926613E-01 a       835     0    28     1    25
 -4.2239478863249795E+00 a       836     0    28     1    26
  1.4178683194105780E+01 a       837     0    28     1    27
  5.4667041227822146E+00 a       838     0    28     1    28
  6.8586551983183348E+00 a       839     0    28     1    29
 -2.5063371966671856E+01 a       840     0    28     1    30
 -7.2229289969168873E+00 a       841     0    29     1     1
 -1.3946477493938352E+00 a       842     0    29     1     2
  4.7565518064079990E+00 a       843     0    29     1     3
  1.9706091554221807E+01 a       844     0    29     1     4
  4.3652576065520137E+00 a       845     0    29     1     5
  5.2583422153062083E+00 a       846     0    29     1     6
  1.1634519848555533E+01 a       847     0    29     1     7
 -3.0197285208345637E+00 a       848     0    29     1     8
  3.5269773668938256E+00 a       849     0    29     1     9
  3.1226155721786957E+00 a       850     0    29     1    10
 -5.2250893169564252E+00 a       851     0    29     1    11
 -2.4232007420756999E-01 a       852     0    29     1    12
  6.7521826965386991E+00 a       853     0    29     1    13
  3.8442758306096159E+00 a       854     0    29     1    14
  1.0327616993523339E+01 a       855     0    29     1    15
  2.5236981252975117E+01 a       856     0    29     1    16
  5.2515824162566913E+00 a       857     0    29     1    17
 -1.0471759897303542E+01 a       858     0    29     1    18
 -1.1410406217034742E+01 a       859     0    29     1    19
  2.7634331857291482E+01 a       860     0    29     1    20
  5.5189155233058731E+00 a       861     0    29     1    21
  1.2868975651682562E+00 a       862     0    29     1    22
  5.5575079328815571E+00 a       863     0    29     1    23
  7.5514071852218736E+00 a       864     0    29     1    24
  3.1204427591533879E+00 a       865     0    29     1    25
  2.3325210489382022E+00 a       866     0    29     1    26
  4.1982515944256527E+00 a       867     0    29     1    27
  3.6439242724749321E+00 a       868     0    29     1    28
 -1.1463196936725273E+01 a       869     0    29     1    29
 -6.9918576957972167E+00 a       870     0    29     1    30
 -7.0810919558958814E+00 a       871     0    30     1     1
  5.8144035043766373E-01 a       872     0    30     1     2
  9.7640442951441742E+00 a       873     0    30     1     3
  3.2206139286889996E+00 a       874     0    30     1     4
  6.5420810282863107E+00 a       875     0    30     1     5
 -2.0559173559461208E+01 a       876     0    30     1     6
 -1.6256900997136178E+01 a       877     0    30     1     7
 -5.5687801854140382E+00 a       878     0    30     1     8
 -2.9425651775575772E+00 a       879     0    30     1     9
  1.7086988130608842E+00 a       880     0    30     1    10
 -1.0338172072556123E+01 a       881     0    30     1    11
  1.6612570861894999E-01 a       882     0    30     1    12
  4.0046072828383261E-01 a       883     0    30     1    13
 -1.7437918398062418E+01 a       884     0    30     1    14
  1.7865794622956901E+01 a       885     0    30     1    15
  1.6985955207317442E+01 a       886     0    30     1    16
 -5.3391660617874805E+00 a       887     0    30     1    17
  2.0251724131453241E+01 a       888     0    30     1    18
 -1.3739626518335514E+01 a       889     0    30     1    19
 -2.2534764263991843E+01 a       890     0    30     1    20
  1.9148224167375766E+01 a       891     0    30     1    21
  1.3511465103707534E+01 a       892     0    30     1    22
  7.0665042946075287E+00 a       893     0    30     1    23
 -5.6179683473209110E+00 a       894     0    30     1    24
  7.9050219763050524E+00 a       895     0    30     1    25
 -4.1862796362271713E+00 a       896     0    30     1    26
 -7.9747011692885938E-01 a       897     0    30     1    27
  6.3540891925244134E+00 a       898     0    30     1    28
 -5.2632026585511360E-01 a       899     0    30     1    29
 -6.6850684434060517E+00 a       900     0    30     1    30
 -8.9537568420480582E+00 a       901     0    31     1     1
  4.0351878259620326E+00 a       902     0    31     1     2
  6.8335931308287936E+00 a       903     0    31     1     3
  1.9719869627709773E+01 a       904     0    31     1     4
 -1.4546923402151588E+01 a       905     0    31     1     5
 -1.0716159310499016E+01 a       906     0    31     1     6
 -1.3436272410842138E+00 a       907     0    31     1     7
  6.4823917649493170E+00 a       908     0    31     1     8
 -2.2710477632377014E+01 a       909     0    31     1     9
  7.5032714613810301E+00 a       910     0    31     1    10
  7.6384909743863183E+00 a       911     0    31     1    11
  8.4626246598208477E-01 a       912     0    31     1    12
 -2.5912969887413437E+00 a       913     0    31     1    13
 -7.8101527876917505E+00 a       914     0    31     1    14
 -2.1371361288007509E+00 a       915     0    31     1    15
 -9.2684113278518048E+00 a       916     0    31     1    16
 -3.5935040802475542E+00 a       917     0    31     1    17
  1.8639547599797140E+01 a       918     0    31     1    18
 -2.7354186722143812E+01 a       919     0    31     1    19
 -2.0001733865520364E+01 a       920     0    31     1    20
  1.1148052402804835E+01 a       921     0    31     1    21
  7.7581765735311770E+00 a       922     0    31     1    22
  1.6328364618115664E+01 a       923     0    31     1    23
  7.1534027406249168E+00 a       924     0    31     1    24
  3.1927683610252924E+00 a       925     0    31     1    25
 -9.7035828704798917E+00 a       926     0    31     1    26
  1.0686550504132285E+01 a       927     0    31     1    27
  4.1470878531202775E+00 a       928     0    31     1    28
 -1.0512631114641968E+00 a       929     0    31     1    29
 -1.1348979030364545E+01 a       930     0    31     1    30
 -7.4896398613539727E-01 a       931     0    32     1     1
  1.5070317720381965E-01 a       932     0    32     1     2
 -3.7435441859316865E+00 a       933     0    32     1     3
  5.6293430297764910E+00 a       934     0    32     1     4
  1.3110277173252960E+01 a       935     0    32     1     5
  2.4584654553226031E+01 a       936     0    32     1     6
  1.0548174591229364E+01 a       937     0    32     1     7
  1.5056253390613801E+01 a       938     0    32     1     8
 -1.1466539472526309E+01 a       939     0    32     1     9
 -3.9916574153324440E+00 a       940     0    32     1    10
 -2.2429111209000901E+01 a       941     0    32     1    11
 -1.5743801961385984E-01 a       942     0    32     1    12
 -8.9492090982997414E+00 a       943     0    32     1    13
  2.3008044912217855E+01 a       944     0    32     1    14
 -7.2431905702837807E-01 a       945     0    32     1    15
  1.4380038803803274E+00 a       946     0    32     1    16
 -5.8773016405913312E+00 a       947     0    32     1    17
 -2.7569785250690938E+01 a       948     0    32     1    18
  1.5452683787220387E+00 a       949     0    32     1    19
  1.3221003858626561E+01 a       950     0    32     1    20
  9.2281537132156899E+00 a       951     0    32     1    21
 -3.0814018279695343E+00 a       952     0    32     1    22
 -3.2362540326530489E+00 a       953     0    32     1    23
  5.8088792261857751E+00 a       954     0    32     1    24
  1.0003767142283209E+01 a       955     0    32     1    25
 -3.7908491947117784E-01 a       956     0    32     1    26
  2.1548998963619745E+01 a       957     0    32     1    27
 -4.6926770279065178E+00 a       958     0    32     1    28
 -7.0432960559409556E+00 a       959     0    32     1    29
  2.3121568133411934E+00 a       960     0    32     1    30
  1.3723770678751674E+01 a       961     0    33     1     1
  6.8788491196378565E-01 a       962     0    33     1     2
 -1.0687213428574001E+01 a       963     0    33     1     3
 -2.1076464715571468E+01 a       964     0    33     1     4
 -1.8902358575081962E+01 a       965     0    33     1     5
 -1.3546830147814530E+01 a       966     0    33     1     6
  1.5126883991195346E+01 a       967     0    33     1     7
 -9.7188045686845093E-01 a       968     0    33     1     8
  2.7133270952604224E+01 a       969     0    33     1     9
 -6.3631634240857791E+00 a       970     0    33     1    10
  1.4847394038486394E+01 a       971     0    33     1    11
 -1.0839168098338314E+01 a       972     0    33     1    12
  3.8496539708169100E+00 a       973     0    33     1    13
 -6.6241614123800190E+00 a       974     0    33     1    14
 -8.6649989803804193E+00 a       975     0    33     1    15
  2.2390201752555374E+01 a       976     0    33     1    16
 -5.3807711971730869E+00 a       977     0    33     1    17
  2.2065918751313859E+01 a       978     0    33     1    18
  2.2394837349852132E+01 a       979     0    33     1    19
  1.9777848022805351E+00 a       980     0    33     1    20
 -1.9067439660804776E+01 a       981     0    33     1    21
 -1.5499586710555203E+01 a       982     0    33     1    22
 -6.8449469607012148E+00 a       983     0    33     1    23
 -1.3540826057071566E+01 a       984     0    33     1    24
  2.4890771058769876E+00 a       985     0    33     1    25
  3.8196915971138363E+00 a       986     0    33     1    26
 -6.5527735573360095E+00 a       987     0    33     1    27
  1.1140566301320991E+01 a       988     0    33     1    28
  2.3457829997778454E+01 a       989     0    33     1    29
  1.9353501031602974E+01 a       990     0    33     1    30
  1.0857116596548570E+01 a       991     0    34     1     1
 -2.8228431562631027E+00 a       992     0    34     1     2
 -6.6651604988889712E+00 a       993     0    34     1     3
 -8.5388322975433706E+00 a       994     0    34     1     4
 -6.8514770771877105E+00 a       995     0    34     1     5
 -1.4361710104337536E+01 a       996     0    34     1     6
 -7.2417405385135698E+00 a       997     0    34     1     7
 -3.8905243476379733E-02 a       998     0    34     1     8
  8.9755837012565642E+00 a       999     0    34     1     9
  5.4215584895624733E+00 a      1000     0    34     1    10
  3.8970380759046588E+00 a      1001     0    34     1    11
  2.1169992909732103E+00 a      1002     0    34     1    12
  1.9049522435778144E+01 a      1003     0    34     1    13
 -2.5515013701002719E+01 a      1004     0    34     1    14
  1.7659785355173657E+01 a      1005     0    34     1    15
  1.8572389000596932E+01 a      1006     0    34     1    16
  3.5185688594322779E+00 a      1007     0    34     1    17
  1.6954587988434238E+01 a      1008     0    34     1    18
 -6.9797697756691344E+00 a      1009     0    34     1    19
  8.9259332472203816E+00 a      1010     0    34     1    20
 -6.7252941946678613E+00 a      1011     0    34     1    21
 -2.1275627537122201E+01 a      1012     0    34     1    22
 -4.5443907487727442E+00 a      1013     0    34     1    23
  1.2652610416970456E+01 a      1014     0    34     1    24
 -1.2130501203441109E+00 a      1015     0    34     1    25
  1.0022285771369948E+01 a      1016     0    34     1    26
 -1.7483046786330736E+01 a      1017     0    34     1    27
  2.4122180041211500E+01 a      1018     0    34     1    28
  3.7863833442375090E+00 a      1019     0    34     1    29
  3.1154933261143687E+00 a      1020     0    34     1    30
  1.9797665017929724E+00 a      1021     0    35     1     1
  6.4633144701827918E+00 a      1022     0    35     1     2
  2.5853615221508695E+00 a      1023     0    35     1     3
 -4.8625681777109375E-01 a      1024     0    35     1     4
  2.5346203895365460E+00 a      1025     0    35     1     5
  7.6782218922541858E+00 a      1026     0    35     1     6
  4.9356391905215506E+00 a      1027     0    35     1     7
 -2.3667845941577156E+01 a      1028     0    35     1     8
 -1.1315362747843738E+01 a      1029     0    35     1     9
 -3.1736941545178361E+00 a      1030     0    35     1    10
 -6.5014075810693459E+00 a      1031     0    35     1    11
  2.2237067981054506E+00 a      1032     0    35     1    12
 -1.3942455707170007E+00 a      1033     0    35     1    13
  7.6010479119471841E-01 a      1034     0    35     1    14
  2.8382497583026227E+00 a      1035     0    35     1    15
  5.7975238185807987E+00 a      1036     0    35     1    16
  1.3437097637025623E+01 a      1037     0    35     1    17
  3.0962707547910755E+00 a      1038     0    35     1    18
 -1.1228876939778090E+01 a      1039     0    35     1    19
  1.2869033577391829E+00 a      1040     0    35     1    20
 -5.5209117336333549E+00 a      1041     0    35     1    21
  6.7248377970786803E+00 a      1042     0    35     1    22
  1.2610581927251573E+01 a      1043     0    35     1    23
 -1.6911837929373541E+00 a      1044     0    35     1    24
 -1.8125925306291257E+00 a      1045     0    35     1    25
 -6.3901621032892262E+00 a      1046     0    35     1    26
  6.4756991252255665E+00 a      1047     0    35     1    27
  3.7592909524236751E+00 a      1048     0    35     1    28
 -7.9716311169338168E+00 a      1049     0    35     1    29
 -8.2956433967271419E+00 a      1050     0    35     1    30
 -8.2073129036003962E+00 a      1051     0    36     1     1
  2.8002502528105815E+01 a      1052     0    36     1     2
  1.5788194529988440E+01 a      1053     0    36     1     3
  1.8703046606601033E+00 a      1054     0    36     1     4
 -1.4885010880477086E+01 a      1055     0    36     1     5
  9.4343916968600201E+00 a      1056     0    36     1     6
  1.8253248791186902E+01 a      1057     0    36     1     7
  4.4757796417866533E+00 a      1058     0    36     1     8
 -5.7533401043560088E+00 a      1059     0    36     1     9
  7.6312223738084928E+00 a      1060     0    36     1    10
  3.6140887121865095E+00 a      1061     0    36     1    11
  4.2686763771391872E-01 a      1062     0    36     1    12
 -1.0267749390994645E+01 a      1063     0    36     1    13
  9.5723516174542080E+00 a      1064     0    36     1    14
 -2.6442378148626968E+00 a      1065     0    36     1    15
 -8.1291059775848584E+00 a      1066     0    36     1    16
  1.0456643501840267E+01 a      1067     0    36     1    17
  8.4636142251509554E+00 a      1068     0    36     1    18
 -2.2424337758604629E-01 a      1069     0    36     1    19
 -1.9396060867416665E+01 a      1070     0    36     1    20
  6.1693323046498589E+00 a      1071     0    36     1    21
  2.6050719555754203E+00 a      1072     0    36     1    22
  1.5818385703008412E+01 a      1073     0    36     1    23
 -2.3346126266028837E+00 a      1074     0    36     1    24
  5.6716432291120809E+00 a      1075     0    36     1    25
  1.0810498218371743E+01 a      1076     0    36     1    26
 -5.8750364992927939E-01 a      1077     0    36     1    27
 -1.3632456973174520E+01 a      1078     0    36     1    28
  8.4265545254724259E+00 a      1079     0    36     1    29
  2.1672990096524272E+00 a      1080     0    36     1    30
  2.4026768922039782E-01 a      1081     0    37     1     1
 -1.0253875516513441E+01 a      1082     0    37     1     2
 -4.7274332405322239E+00 a      1083     0    37     1     3
  8.9122682042012631E+00 a      1084     0    37     1     4
  1.0896163764846158E+01 a      1085     0    37     1     5
 -1.2278879349303133E+00 a      1086     0    37     1     6
 -1.2342204287741550E+01 a      1087     0    37     1     7
 -4.0796659282230463E+00 a      1088     0    37     1     8
  5.1600051946190737E+00 a      1089     0    37     1     9
 -3.7174192247189808E+00 a      1090     0    37     1    10
  8.1972275317191237E+00 a      1091     0    37     1    11
  5.6344733327141971E-01 a      1092     0    37     1    12
 -4.3360033798814497E+00 a      1093     0    37     1    13
 -1.7964873248150535E+00 a      1094     0    37     1    14
 -2.5710203621193384E+00 a      1095     0    37     1    15
 -6.5876166006315922E+00 a      1096     0    37     1    16
 -9.6645973260578639E+00 a      1097     0    37     1    17
 -1.9364211160526920E-01 a      1098     0    37     1    18
  8.2733470758805758E+00 a      1099     0    37     1    19
 -1.2404571116526952E+00 a      1100     0    37     1    20
  2.3713632463964607E+00 a      1101     0    37     1    21
  1.0981303769637320E+01 a      1102     0    37     1    22
 -6.4210931596376986E+00 a      1103     0    37     1    23
 -9.6882094377050123E+00 a      1104     0    37     1    24
 -5.8392224774737871E+00 a      1105     0    37     1    25
 -7.1299807776808777E+00 a      1106     0    37     1    26
  1.4710034752646701E+00 a      1107     0    37     1    27
 -7.2586915703198347E+00 a      1108     0    37     1    28
 -1.2128813794442919E+00 a      1109     0    37     1    29
 -7.3789254728838118E+00 a      1110     0    37     1    30
 -1.0373711855834406E+01 a      1111     0    38     1     1
 -2.7514502986518128E+01 a      1112     0    38     1     2
 -8.4364933289703945E+00 a      1113     0    38     1     3
 -3.7797889700722092E+00 a      1114     0    38     1     4
  2.2680501364947990E+01 a      1115     0    38     1     5
  1.8705441132356868E+00 a      1116     0    38     1     6
 -2.5515118699712808E+01 a      1117     0    38     1     7
  6.5996609235188419E+00 a      1118     0    38     1     8
 -3.1047602121609774E+00 a      1119     0    38     1     9
  3.3204950041113177E+00 a      1120     0    38     1    10
 -8.2576027893376249E+00 a      1121     0    38     1    11
  2.3197096201921297E+00 a      1122     0    38     1    12
  2.0866543305194591E+00 a      1123     0    38     1    13
  9.2850693022144135E+00 a      1124     0    38     1    14
 -4.5431692346969332E-01 a      1125     0    38     1    15
 -1.6410622028273629E+01 a      1126     0    38     1    16
 -7.7986625591128202E+00 a      1127     0    38     1    17
 -3.5340240398466918E+01 a      1128     0    38     1    18
 -3.7701000143795915E+00 a      1129     0    38     1    19
  4.5293597667751593E+00 a      1130     0    38     1    20
  9.5053241471109402E+00 a      1131     0    38     1    21
  8.5538175315495337E+00 a      1132     0    38     1    22
 -2.1633198971680162E+01 a      1133     0    38     1    23
  6.7274949347878632E+00 a      1134     0    38     1    24
 -8.7003929450466178E+00 a      1135     0    38     1    25
 -3.0834084102755281E+00 a      1136     0    38     1    26
 -6.8008825349138879E-01 a      1137     0    38     1    27
 -8.9833611979579615E+00 a      1138     0    38     1    28
 -1.3547267236947597E+01 a      1139     0    38     1    29
 -4.7861367019746464E+00 a      1140     0    38     1    30
  3.2552480423000647E+00 a      1141     0    39     1     1
  6.4104668040837360E+00 a      1142     0    39     1     2
  2.6709597974131690E+01 a      1143     0    39     1     3
  2.2560032505502338E+01 a      1144     0    39     1     4
 -9.6469371547441707E-01 a      1145     0    39     1     5
  1.2456561050637902E+01 a      1146     0    39     1     6
  1.9708240584558233E+01 a      1147     0    39     1     7
  2.4490742574525651E-01 a      1148     0    39     1     8
 -1.0615987043111726E+01 a      1149     0    39     1     9
  1.0017143530790971E+01 a      1150     0    39     1    10
  1.2822541721405498E+01 a      1151     0    39     1    11
  6.8323826250204815E+00 a      1152     0    39     1    12
 -5.8446358107236343E+00 a      1153     0    39     1    13
 -2.2774572672151958E+01 a      1154     0    39     1    14
  2.9867819393338124E+01 a      1155     0    39     1    15
  1.2213032005915478E+01 a      1156     0    39     1    16
  1.8145390868513580E+01 a      1157     0    39     1    17
  1.7936137745877922E+01 a      1158     0    39     1    18
  1.4553334635364058E+01 a      1159     0    39     1    19
 -4.1642183714089160E+00 a      1160     0    39     1    20
 -2.3820363274267966E+00 a      1161     0    39     1    21
 -4.0860459936194680E+00 a      1162     0    39     1    22
  1.8463767495611542E+01 a      1163     0    39     1    23
 -7.9549788614060972E+00 a      1164     0    39     1    24
  1.7114770529268821E+01 a      1165     0    39     1    25
 -8.9192661671295390E+00 a      1166     0    39     1    26
 -4.1114696233433463E+00 a      1167     0    39     1    27
  5.9823231303749731E+00 a      1168     0    39     1    28
  1.0082951640713663E+01 a      1169     0    39     1    29
 -6.0457178447928284E-01 a      1170     0    39     1    30
  1.4693644570929534E+01 a      1171     0    40     1     1
  1.2888423212533032E+01 a      1172     0    40     1     2
 -3.3872707921927570E-01 a      1173     0    40     1     3
 -6.1624230252400469E+00 a      1174     0    40     1     4
  1.3814847373585334E+01 a      1175     0    40     1     5
  2.8432100874564510E+00 a      1176     0    40     1     6
  2.5809757535040068E+00 a      1177     0    40     1     7
 -4.4377509022162114E+00 a      1178     0    40     1     8
  1.2818188372795072E+01 a      1179     0    40     1     9
  5.2484549128544948E+00 a      1180     0    40     1    10
 -5.7444601570075617E+00 a      1181     0    40     1    11
 -4.7807068812395421E+00 a      1182     0    40     1    12
  2.3011710192392581E+01 a      1183     0    40     1    13
 -7.9453252637869909E+00 a      1184     0    40     1    14
 -2.9361679755334873E+01 a      1185     0    40     1    15
  2.8314752677785673E+01 a      1186     0    40     1    16
  1.6513382839006258E+01 a      1187     0    40     1    17
  1.1746977027192694E+01 a      1188     0    40     1    18
  1.0037127726753646E+01 a      1189     0    40     1    19
  1.2160001903142097E+01 a      1190     0    40     1    20
 -1.2772060993999958E+01 a      1191     0    40     1    21
 -1.3787077570360444E+00 a      1192     0    40     1    22
 -1.0725153018461327E+01 a      1193     0    40     1    23
  1.1061836603553088E+01 a      1194     0    40     1    24
  3.1551752445167449E+00 a      1195     0    40     1    25
 -3.2521630533287409E+00 a      1196     0    40     1    26
 -8.4280590555061643E+00 a      1197     0    40     1    27
 -1.6877317083480449E+01 a      1198     0    40     1    28
 -7.4251113664823682E+00 a      1199     0    40     1    29
 -2.3670446521947636E-01 a      1200     0    40     1    30
 -3.2673851254133588E+00 a      1201     0    41     1     1
 -2.6160414486325747E+00 a      1202     0    41     1     2
  6.9000820568444154E-01 a      1203     0    41     1     3
  8.1140757828248695E+00 a      1204     0    41     1     4
  4.7964669888411748E+00 a      1205     0    41     1     5
  1.9213135835602670E+00 a      1206     0    41     1     6
 -5.9723253436314820E+00 a      1207     0    41     1     7
  9.7654838273734370E+00 a      1208     0    41     1     8
  1.5547279593893888E+00 a      1209     0    41     1     9
 -1.3186954661054148E+01 a      1210     0    41     1    10
 -3.7101966302625025E+00 a      1211     0    41     1    11
  9.0295421931986297E-01 a      1212     0    41     1    12
 -1.6170137096827506E+01 a      1213     0    41     1    13
  1.1727918787106961E-01 a      1214     0    41     1    14
 -1.0963841749887743E+01 a      1215     0    41     1    15
  8.4057579980120618E+00 a      1216     0    41     1    16
 -1.6104256198317646E+01 a      1217     0    41     1    17
 -2.6835720321059451E+01 a      1218     0    41     1    18
  1.0228601667967692E+00 a      1219     0    41     1    19
 -3.3896408103364863E+00 a      1220     0    41     1    20
  1.8838425720673143E+01 a      1221     0    41     1    21
 -1.5442629975361575E+01 a      1222     0    41     1    22
 -1.5124528325363183E+01 a      1223     0    41     1    23
  2.0194307980806720E+01 a      1224     0    41     1    24
  2.0470266687232455E-01 a      1225     0    41     1    25
 -4.4033111141166943E+00 a      1226     0    41     1    26
  1.0646978894340297E+01 a      1227     0    41     1    27
 -2.8967285260865752E+00 a      1228     0    41     1    28
 -8.1691679094343037E+00 a      1229     0    41     1    29
 -1.3590581411516325E+01 a      1230     0    41     1    30
  5.3260707322405283E+00 a      1231     0    42     1     1
  1.0144203207405923E+01 a      1232     0    42     1     2
  5.0170667023137030E+00 a      1233     0    42     1     3
 -1.1764344101739777E+01 a      1234     0    42     1     4
  1.0458077862422012E+01 a      1235     0    42     1     5
  1.4815910886338463E+01 a      1236     0    42     1     6
  1.5862183696166230E+01 a      1237     0    42     1     7
 -9.0099341283565437E-01 a      1238     0    42     1     8
 -1.0029842560401243E+00 a      1239     0    42     1     9
  1.6808007518282981E+01 a      1240     0    42     1    10
 -7.5735962506923604E+00 a      1241     0    42     1    11
  1.1827278083425671E+01 a      1242     0    42     1    12
 -5.9190585338367239E+00 a      1243     0    42     1    13
 -4.7443746937361650E+00 a      1244     0    42     1    14
  1.7546637733339392E+00 a      1245     0    42     1    15
 -2.4611156583914142E+00 a      1246     0    42     1    16
  1.4449547951710313E+01 a      1247     0    42     1    17
  1.8234417354616074E+01 a      1248     0    42     1    18
 -1.1292143032643816E+01 a      1249     0    42     1    19
  1.2236336061326975E+01 a      1250     0    42     1    20
 -1.4556548626957133E+01 a      1251     0    42     1    21
  1.1070063661708536E+01 a      1252     0    42     1    22
  7.5545215527492235E+00 a      1253     0    42     1    23
 -4.8854747028274508E+00 a      1254     0    42     1    24
 -1.0840249419045328E+01 a      1255     0    42     1    25
  1.7555515007305527E+01 a      1256     0    42     1    26
  9.6087192405813138E+00 a      1257     0    42     1    27
 -3.1032768456675508E+00 a      1258     0    42     1    28
 -2.7629302733328326E-01 a      1259     0    42     1    29
  7.5285383914464523E+00 a      1260     0    42     1    30
 -3.9213032436235427E+00 a      1261     0    43     1     1
 -1.7977649440030582E+01 a      1262     0    43     1     2
 -6.2291358715393530E+00 a      1263     0    43     1     3
 -1.4447523776775588E+01 a      1264     0    43     1     4
  1.8148309261557156E+01 a      1265     0    43     1     5
 -1.1302416608674381E+01 a      1266     0    43     1     6
 -8.3979344468702202E+00 a      1267     0    43     1     7
 -7.8731348049260603E+00 a      1268     0    43     1     8
 -1.2043328859851107E+01 a      1269     0    43     1     9
 -1.0009515279454963E+01 a      1270     0    43     1    10
  1.1675249399268589E+01 a      1271     0    43     1    11
 -1.5078402219235052E+01 a      1272     0    43     1    12
 -1.8882221140704541E+01 a      1273     0    43     1    13
  1.0807465208426825E+01 a      1274     0    43     1    14
 -1.7977000164172023E+00 a      1275     0    43     1    15
 -1.5139179712428275E+01 a      1276     0    43     1    16
 -9.8603427063715916E+00 a      1277     0    43     1    17
 -1.6123323507861251E+01 a      1278     0    43     1    18
  1.0734093254725007E+01 a      1279     0    43     1    19
  1.6461874362565894E+01 a      1280     0    43     1    20
  1.3020510985769810E+01 a      1281     0    43     1    21
  3.0082941095808930E+00 a      1282     0    43     1    22
 -1.4233257733073181E+00 a      1283     0    43     1    23
 -6.1299857282420387E+00 a      1284     0    43     1    24
 -1.2785507194108414E+01 a      1285     0    43     1    25
  9.4295110067907135E+00 a      1286     0    43     1    26
  2.9672640763565639E-01 a      1287     0    43     1    27
 -2.0388686788150128E+01 a      1288     0    43     1    28
 -4.3116349776390575E+00 a      1289     0    43     1    29
  8.9590566358021073E-01 a      1290     0    43     1    30
 -7.9176045269151196E-01 a      1291     0    44     1     1
 -2.2523158602270144E+01 a      1292     0    44     1     2
  1.9649308590238004E+01 a      1293     0    44     1     3
  8.5692815312437496E+00 a      1294     0    44     1     4
 -2.5701222945273706E+01 a      1295     0    44     1     5
 -8.4953096826350034E+00 a      1296     0    44     1     6
 -5.8353923428355248E-01 a      1297     0    44     1     7
  6.8046617687474935E+00 a      1298     0    44     1     8
  2.0476315736120076E+00 a      1299     0    44     1     9
 -1.2701732388692976E+01 a      1300     0    44     1    10
  5.5420554301542442E+00 a      1301     0    44     1    11
  1.7557285427108543E+01 a      1302     0    44     1    12
 -1.9236792951382899E+01 a      1303     0    44     1    13
 -2.8668831869870859E+00 a      1304     0    44     1    14
  5.5828625704826873E+00 a      1305     0    44     1    15
  3.2867166550095197E+00 a      1306     0    44     1    16
 -1.1885039310213001E+01 a      1307     0    44     1    17
  1.1529425656580147E+01 a      1308     0    44     1    18
 -9.6309349153280301E+00 a      1309     0    44     1    19
 -4.2745778490996926E+01 a      1310     0    44     1    20
 -9.7175367619531059E+00 a      1311     0    44     1    21
  7.6220610099554369E+00 a      1312     0    44     1    22
  2.8054489780018712E+00 a      1313     0    44     1    23
 -3.9128989129206211E+01 a      1314     0    44     1    24
  5.1723535105606597E+00 a      1315     0    44     1    25
  8.8965226972783782E+00 a      1316     0    44     1    26
 -2.3410720453627789E+01 a      1317     0    44     1    27
 -1.0484121836161599E+01 a      1318     0    44     1    28
  5.5869291436991686E+00 a      1319     0    44     1    29
  6.7419321227475075E+00 a      1320     0    44     1    30
 -9.9163612862737320E+00 a      1321     0    45     1     1
  6.8119151576658945E+00 a      1322     0    45     1     2
 -5.6223302869427130E+00 a      1323     0    45     1     3
  1.2504751592117122E-01 a      1324     0    45     1     4
 -5.1963056133813801E+00 a      1325     0    45     1     5
 -8.7592270040884657E+00 a      1326     0    45     1     6
 -4.6203791461217874E+00 a      1327     0    45     1     7
 -1.0673444320142924E+00 a      1328     0    45     1     8
  3.9787548028025728E+00 a      1329     0    45     1     9
 -1.2318160184607729E+01 a      1330     0    45     1    10
  2.1170855443530212E+00 a      1331     0    45     1    11
 -4.0515650858323943E-01 a      1332     0    45     1    12
  2.8852593500460286E+00 a      1333     0    45     1    13
 -5.6752639652720671E-01 a      1334     0    45     1    14
 -2.0653965180447491E+00 a      1335     0    45     1    15
  6.9000923390462674E+00 a      1336     0    45     1    16
  4.1797612983069756E+00 a      1337     0    45     1    17
 -9.6290250990563941E-01 a      1338     0    45     1    18
  1.0691690203202050E+01 a      1339     0    45     1    19
 -1.3157122275618940E+00 a      1340     0    45     1    20
 -1.3947808245859186E+00 a      1341     0    45     1    21
 -5.5075029068572192E+00 a      1342     0    45     1    22
  4.8645003777386080E+00 a      1343     0    45     1    23
  1.8205167752298506E+00 a      1344     0    45     1    24
 -1.3961876160442042E+00 a      1345     0    45     1    25
  2.5535039209402468E+00 a      1346     0    45     1    26
 -5.3434479981159519E+00 a      1347     0    45     1    27
  9.1382697573885583E+00 a      1348     0    45     1    28
 -1.7532912432788677E+00 a      1349     0    45     1    29
 -5.1784547592523795E+00 a      1350     0    45     1    30
 -7.8477261227707540E-01 a      1351     0    46     1     1
  1.7169778918375986E+01 a      1352     0    46     1     2
 -1.5862773734332642E+01 a      1353     0    46     1     3
  7.6598448997841908E+00 a      1354     0    46     1     4
  9.5491694903492075E+00 a      1355     0    46     1     5
  1.7758724848722540E+01 a      1356     0    46     1     6
  1.0495578486492345E+00 a      1357     0    46     1     7
 -8.3022324973358774E-01 a      1358     0    46     1     8
 -8.0403462845350415E-01 a      1359     0    46     1     9
  1.6515884066791699E+01 a      1360     0    46     1    10
 -7.2688246277604440E+00 a      1361     0    46     1    11
 -9.2199917488295799E+00 a      1362     0    46     1    12
  2.4184578030377647E+01 a      1363     0    46     1    13
  1.1318475163350222E+01 a      1364     0    46     1    14
 -2.8396750088570295E+00 a      1365     0    46     1    15
  2.2591463220743004E+00 a      1366     0    46     1    16
  1.7379869232729288E+01 a      1367     0    46     1    17
  1.5439227133100719E+00 a      1368     0    46     1    18
  2.6645726305264135E+00 a      1369     0    46     1    19
  1.8347049406208782E+01 a      1370     0    46     1    20
  2.5501192588680484E+00 a      1371     0    46     1    21
 -6.1500760635385108E+00 a      1372     0    46     1    22
  8.4919402811630178E+00 a      1373     0    46     1    23
  3.4398307205401920E+01 a      1374     0    46     1    24
  1.7672496458362354E+00 a      1375     0    46     1    25
 -1.3030700774777145E+01 a      1376     0    46     1    26
  2.5184188300065959E+01 a      1377     0    46     1    27
  2.0732284041595957E+01 a      1378     0    46     1    28
 -9.1100272693644637E+00 a      1379     0    46     1    29
 -7.3165949106094379E+00 a      1380     0    46     1    30
 -2.3025225170388190E+00 a      1381     0    47     1     1
 -4.3885592361331422E+00 a      1382     0    47     1     2
 -8.4404266385210356E+00 a      1383     0    47     1     3
 -9.4864678385462007E+00 a      1384     0    47     1     4
 -1.1588842061611286E+01 a      1385     0    47     1     5
  9.4220233267309972E+00 a      1386     0    47     1     6
 -6.6411005591376995E+00 a      1387     0    47     1     7
  2.2393937903326922E+01 a      1388     0    47     1     8
 -1.0093106279821416E+01 a      1389     0    47     1     9
 -1.9781433899541494E+01 a      1390     0    47     1    10
  2.8640934651286880E+00 a      1391     0    47     1    11
  9.6536854310695439E+00 a      1392     0    47     1    12
 -1.1529825940458887E+01 a      1393     0    47     1    13
  2.1540433959532141E+01 a      1394     0    47     1    14
 -3.4182410950502842E+00 a      1395     0    47     1    15
 -2.1986452935688316E+01 a      1396     0    47     1    16
 -1.4491463179410946E+01 a      1397     0    47     1    17
 -1.2455053078740089E+01 a      1398     0    47     1    18
 -2.3267669029741285E+01 a      1399     0    47     1    19
 -2.1735019890450296E+01 a      1400     0    47     1    20
  3.1614757646455707E+00 a      1401     0    47     1    21
 -1.1342836358081836E+01 a      1402     0    47     1    22
  7.1992337686384795E+00 a      1403     0    47     1    23
  7.0484221065557384E-01 a      1404     0    47     1    24
 -9.0153629177895169E+00 a      1405     0    47     1    25
  1.4317218263602518E+01 a      1406     0    47     1    26
  7.0813760002350170E+00 a      1407     0    47     1    27
  9.4555922031600161E+00 a      1408     0    47     1    28
  1.0656927874074626E+00 a      1409     0    47     1    29
  3.1050978173583657E+00 a      1410     0    47     1    30
  6.3242276818755423E+00 a      1411     0    48     1     1
 -9.1162638381482104E+00 a      1412     0    48     1     2
 -1.5807390264684960E+00 a      1413     0    48     1     3
 -2.2870948845343349E+01 a      1414     0    48     1     4
 -2.1661111795641386E+01 a      1415     0    48     1     5
 -3.5434961936452649E+00 a      1416     0    48     1     6
 -2.2439276756716762E+00 a      1417     0    48     1     7
  1.2434813179227783E+01 a      1418     0    48     1     8
  6.8444606999850643E+00 a      1419     0    48     1     9
 -4.3063602115138044E+00 a      1420     0    48     1    10
  9.0406035896684873E+00 a      1421     0    48     1    11
  2.9964776322910192E+00 a      1422     0    48     1    12
  1.5277315149731409E+01 a      1423     0    48     1    13
 -8.3676981888920121E+00 a      1424     0    48     1    14
 -2.1104504384072779E+01 a      1425     0    48     1    15
 -7.4246617610770942E+00 a      1426     0    48     1    16
  7.8555557321861857E-01 a      1427     0    48     1    17
  1.1061062030616485E+01 a      1428     0    48     1    18
 -3.9015243491532994E+00 a      1429     0    48     1    19
 -6.1336779584356558E+00 a      1430     0    48     1    20
 -3.3432551472775309E+01 a      1431     0    48     1    21
  1.8956302106468968E+01 a      1432     0    48     1    22
  9.3322587437917885E+00 a      1433     0    48     1    23
  4.8406486644112334E+00 a      1434     0    48     1    24
 -1.2567745132157040E+00 a      1435     0    48     1    25
  4.7177652439385760E+00 a      1436     0    48     1    26
 -1.0179255578602229E+01 a      1437     0    48     1    27
  1.0659947436376038E+01 a      1438     0    48     1    28
  1.1605609646196443E+01 a      1439     0    48     1    29
 -4.5999630768906927E+00 a      1440     0    48     1    30
 -1.0686661304477433E+01 a      1441     0    49     1     1
 -1.7818248366539664E+00 a      1442     0    49     1     2
 -1.5733988811708501E+01 a      1443     0    49     1     3
  2.0403632334465527E+01 a      1444     0    49     1     4
 -6.1712560908264198E+00 a      1445     0    49     1     5
 -1.8213146233226649E+01 a      1446     0    49     1     6
 -6.1037012773397805E+00 a      1447     0    49     1     7
 -5.4550138685759668E+00 a      1448     0    49     1     8
 -7.4730601953729314E+00 a      1449     0    49     1     9
  4.9308519255329939E+00 a      1450     0    49     1    10
  6.0883929288983056E+00 a      1451     0    49     1    11
 -7.5091861518138927E+00 a      1452     0    49     1    12
  6.0186600168834543E+00 a      1453     0    49     1    13
  1.3566471371250699E+01 a      1454     0    49     1    14
  1.0694502024437480E+01 a      1455     0    49     1    15
  8.4656831359797824E+00 a      1456     0    49     1    16
 -1.4336719210970719E+00 a      1457     0    49     1    17
  6.7458256421755332E+00 a      1458     0    49     1    18
 -1.3025045721613708E+00 a      1459     0    49     1    19
 -1.0442477990998379E+01 a      1460     0    49     1    20
  2.0980442110825521E+01 a      1461     0    49     1    21
 -1.7079354631990899E+01 a      1462     0    49     1    22
 -2.5954849351774289E-02 a      1463     0    49     1    23
 -9.3708155998430875E+00 a      1464     0    49     1    24
  9.4147756460211465E+00 a      1465     0    49     1    25
 -1.2255497213420714E+01 a      1466     0    49     1    26
 -1.1373074684963544E+01 a      1467     0    49     1    27
  1.0459719455458435E+01 a      1468     0    49     1    28
 -1.9978895740519336E+00 a      1469     0    49     1    29
 -2.8791864599297923E+00 a      1470     0    49     1    30
  1.2508179352120317E+01 a      1471     0    50     1     1
 -1.7549715295862391E+01 a      1472     0    50     1     2
  5.8507058856337926E+00 a      1473     0    50     1     3
  7.8408144526715589E+00 a      1474     0    50     1     4
  7.1272218760444606E+00 a      1475     0    50     1     5
  1.3068633392707186E+01 a      1476     0    50     1     6
  2.1294835311029079E+00 a      1477     0    50     1     7
  9.5581791932749525E+00 a      1478     0    50     1     8
  4.6419083716965392E+00 a      1479     0    50     1     9
  7.2571072294385797E+00 a      1480     0    50     1    10
  2.2227669565870212E+00 a      1481     0    50     1    11
 -8.1768134278984785E+00 a      1482     0    50     1    12
 -1.3765246543375593E+00 a      1483     0    50     1    13
  5.6476621272932990E+00 a      1484     0    50     1    14
 -6.0333306522329044E+00 a      1485     0    50     1    15
 -1.2864670441744963E+01 a      1486     0    50     1    16
 -1.1385826246753140E+01 a      1487     0    50     1    17
 -8.1332707830174993E+00 a      1488     0    50     1    18
 -1.0313118954422762E+01 a      1489     0    50     1    19
  6.7707858171982114E+00 a      1490     0    50     1    20
  2.6522125454167069E+00 a      1491     0    50     1    21
  7.0535721648469858E+00 a      1492     0    50     1    22
 -9.3062506176692050E+00 a      1493     0    50     1    23
  1.6367651029366150E+00 a      1494     0    50     1    24
  1.9069201435123482E+00 a      1495     0    50     1    25
 -3.7308018366696967E+00 a      1496     0    50     1    26
  7.9504749969694117E+00 a      1497     0    50     1    27
 -1.5445489822378480E+01 a      1498     0    50     1    28
  7.7849799049942074E+00 a      1499     0    50     1    29
  1.2893380636318235E+00 a      1500     0    50     1    30
  6.4629329714015498E+00 a      1501     0    51     1     1
  8.4838291062652313E+00 a      1502     0    51     1     2
 -2.1134785478442648E+00 a      1503     0    51     1     3
  1.8156518757213139E+01 a      1504     0    51     1     4
  6.2690144058007764E+00 a      1505     0    51     1     5
  9.9819422216404092E+00 a      1506     0    51     1     6
  1.3676058675410623E+01 a      1507     0    51     1     7
 -1.4147281604077625E+01 a      1508     0    51     1     8
 -2.3945680623993852E+00 a      1509     0    51     1     9
 -1.7326340245605017E+01 a      1510     0    51     1    10
 -1.2991698960805051E+01 a      1511     0    51     1    11
 -1.8135641233591972E+01 a      1512     0    51     1    12
  4.7822608863471630E-02 a      1513     0    51     1    13
 -3.3645199487104844E+00 a      1514     0    51     1    14
  1.7680864437024702E+01 a      1515     0    51     1    15
 -8.8220911561621289E+00 a      1516     0    51     1    16
  3.6195754738862513E+00 a      1517     0    51     1    17
 -3.7639230132057606E+00 a      1518     0    51     1    18
 -8.1492996676943275E+00 a      1519     0    51     1    19
 -1.0066228114991673E+00 a      1520     0    51     1    20
 -2.6709402273338188E+00 a      1521     0    51     1    21
  1.0814922131530610E+01 a      1522     0    51     1    22
 -2.0736863645418968E+01 a      1523     0    51     1    23
 -2.5252175353382771E+01 a      1524     0    51     1    24
 -4.3214317927017474E+00 a      1525     0    51     1    25
 -1.1942003244018856E+01 a      1526     0    51     1    26
 -1.4633791009100479E+00 a      1527     0    51     1    27
  2.3583569369268002E+01 a      1528     0    51     1    28
  1.4710745602956791E+01 a      1529     0    51     1    29
  2.3562468199723966E+01 a      1530     0    51     1    30
  9.7302562053159196E+00 a      1531     0    52     1     1
  1.8282362866086789E+01 a      1532     0    52     1     2
  7.1965155619610295E+00 a      1533     0    52     1     3
 -1.7784895665919578E+00 a      1534     0    52     1     4
 -1.3747793464304769E+00 a      1535     0    52     1     5
 -2.7436188775434786E+01 a      1536     0    52     1     6
  4.2837219425636688E+00 a      1537     0    52     1     7
 -1.0154559194682003E+01 a      1538     0    52     1     8
 -2.5351291845972175E+00 a      1539     0    52     1     9
  2.5015179895349782E+00 a      1540     0    52     1    10
  2.8443285381239455E+01 a      1541     0    52     1    11
  1.4230613546593101E+01 a      1542     0    52     1    12
 -9.9410350962178669E+00 a      1543     0    52     1    13
  6.8695182087812858E+00 a      1544     0    52     1    14
 -2.2301296348568815E+01 a      1545     0    52     1    15
  1.6109248475298774E+01 a      1546     0    52     1    16
  1.6025372090473994E+01 a      1547     0    52     1    17
  1.2710807478392566E+01 a      1548     0    52     1    18
  1.5016470270859598E+01 a      1549     0    52     1    19
  2.8645357820182948E+01 a      1550     0    52     1    20
 -3.1390813353248976E+00 a      1551     0    52     1    21
 -5.1092747980253606E+00 a      1552     0    52     1    22
 -1.1313786897035627E+01 a      1553     0    52     1    23
 -3.1293917525287775E+00 a      1554     0    52     1    24
  8.5415651633802021E+00 a      1555     0    52     1    25
 -7.7420633717005440E+00 a      1556     0    52     1    26
  4.5366778322543899E+00 a      1557     0    52     1    27
 -6.3379651579348151E+00 a      1558     0    52     1    28
 -1.1029193507178189E+01 a      1559     0    52     1    29
 -2.4716988467967301E+01 a      1560     0    52     1    30
 -7.1475305076962412E+00 a      1561     0    53     1     1
  1.9258117647243416E+00 a      1562     0    53     1     2
  2.7186407189873418E+00 a      1563     0    53     1     3
  1.9496122841454529E+01 a      1564     0    53     1     4
  4.9030122375477558E-01 a      1565     0    53     1     5
 -5.9277467943199431E+00 a      1566     0    53     1     6
  1.3744953347452597E+01 a      1567     0    53     1     7
 -2.0779927332147235E+01 a      1568     0    53     1     8
 -4.8506686890699520E+00 a      1569     0    53     1     9
  6.8146066193271349E+00 a      1570     0    53     1    10
  4.7628652564668017E-01 a      1571     0    53     1    11
 -1.0978700895040834E+01 a      1572     0    53     1    12
 -1.1077067235345448E+01 a      1573     0    53     1    13
  5.6300467278255999E+00 a      1574     0    53     1    14
  1.3917025594750200E+01 a      1575     0    53     1    15
 -3.9230597253787319E-01 a      1576     0    53     1    16
 -4.6418416083018839E+00 a      1577     0    53     1    17
  1.5130628088377838E+01 a      1578     0    53     1    18
  7.6454264053901166E-01 a      1579     0    53     1    19
  1.3286955507078027E+01 a      1580     0    53     1    20
  1.2119261153585088E+01 a      1581     0    53     1    21
  6.6605634930990263E+00 a      1582     0    53     1    22
  1.8864221946921860E+00 a      1583     0    53     1    23
 -8.9711653278044103E+00 a      1584     0    53     1    24
  2.9368291558474726E+00 a      1585     0    53     1    25
  9.6837087174157332E-01 a      1586     0    53     1    26
 -7.9174965456083930E+00 a      1587     0    53     1    27
 -3.0572531239960448E+00 a      1588     0    53     1    28
 -6.0063247764711738E+00 a      1589     0    53     1    29
  3.8713899157835914E+00 a      1590     0    53     1    30
  5.1410416118612243E+00 a      1591     0    54     1     1
  7.4547787884910477E-01 a      1592     0    54     1     2
  1.5765598265453994E+01 a      1593     0    54     1     3
 -9.8647201579484936E+00 a      1594     0    54     1     4
  1.3920526117157015E+01 a      1595     0    54     1     5
  1.5531010256138744E+00 a      1596     0    54     1     6
 -6.4358954803611095E+00 a      1597     0    54     1     7
 -1.6151019280477165E+01 a      1598     0    54     1     8
  1.6256855442349942E+00 a      1599     0    54     1     9
 -1.7572499946684360E+01 a      1600     0    54     1    10
 -8.6914402380321309E+00 a      1601     0    54     1    11
  1.8171419215345215E+00 a      1602     0    54     1    12
 -1.7358475047722077E+01 a      1603     0    54     1    13
 -5.9249208849144672E+00 a      1604     0    54     1    14
 -2.4412199248660733E+00 a      1605     0    54     1    15
 -9.7909369590894499E+00 a      1606     0    54     1    16
 -7.0609341970307327E+00 a      1607     0    54     1    17
 -7.5781793618995499E+00 a      1608     0    54     1    18
  7.4392834150170914E+00 a      1609     0    54     1    19
  1.0050900733037606E+01 a      1610     0    54     1    20
 -1.3387219887559262E+01 a      1611     0    54     1    21
  5.5780777027217399E+00 a      1612     0    54     1    22
 -1.5261176972872921E+01 a      1613     0    54     1    23
 -4.8059456124150710E+00 a      1614     0    54     1    24
 -6.7481813654915950E+00 a      1615     0    54     1    25
  1.0199149925469366E+00 a      1616     0    54     1    26
  5.4612569833071438E+00 a      1617     0    54     1    27
 -9.2371419695889738E+00 a      1618     0    54     1    28
 -2.6549871619711318E+00 a      1619     0    54     1    29
 -3.0181560955935738E+00 a      1620     0    54     1    30
 -4.6950379731539078E+00 a      1621     0    55     1     1
  2.0836379543973379E+01 a      1622     0    55     1     2
  4.1952857749167656E+00 a      1623     0    55     1     3
 -2.1728260492868881E+01 a      1624     0    55     1     4
 -4.2142903624831245E+00 a      1625     0    55     1     5
 -1.2796083975470092E+00 a      1626     0    55     1     6
  1.1645511480886179E+00 a      1627     0    55     1     7
 -2.1173400568308938E+00 a      1628     0    55     1     8
 -1.2123933205532632E+01 a      1629     0    55     1     9
 -5.9291371657690028E+00 a      1630     0    55     1    10
 -7.7779220376884284E-01 a      1631     0    55     1    11
  1.4656818884475175E+01 a      1632     0    55     1    12
 -3.7355860094902607E+00 a      1633     0    55     1    13
 -7.1560128368607545E+00 a      1634     0    55     1    14
  1.0725741021534223E+01 a      1635     0    55     1    15
  6.9367127154846875E+00 a      1636     0    55     1    16
  7.1351976978403533E+00 a      1637     0    55     1    17
 -6.5801842340370487E-01 a      1638     0    55     1    18
  5.1604183591346482E+00 a      1639     0    55     1    19
 -1.5037189082330679E+01 a      1640     0    55     1    20
  2.2637110582613795E+00 a      1641     0    55     1    21
  4.8692794100106838E+00 a      1642     0    55     1    22
  4.6672936945210344E+00 a      1643     0    55     1    23
  4.2115439567066835E+00 a      1644     0    55     1    24
 -1.5623770415822323E+01 a      1645     0    55     1    25
  5.0851612150115955E+00 a      1646     0    55     1    26
 -7.9981846830939318E+00 a      1647     0    55     1    27
  1.3530069249259872E+01 a      1648     0    55     1    28
 -4.1398008788720055E+00 a      1649     0    55     1    29
  5.6705628509805424E+00 a      1650     0    55     1    30
 -2.6179021928309103E+00 a      1651     0    56     1     1
 -3.3730959472497681E+00 a      1652     0    56     1     2
  1.1428417533593755E+01 a      1653     0    56     1     3
 -2.4264585655910615E+01 a      1654     0    56     1     4
 -7.9674842300572166E+00 a      1655     0    56     1     5
 -1.4807804015250799E+01 a      1656     0    56     1     6
  5.8842233174902558E-01 a      1657     0    56     1     7
  1.4807260064238902E+01 a      1658     0    56     1     8
  1.1461490174076081E+01 a      1659     0    56     1     9
  7.5059104092681272E-01 a      1660     0    56     1    10
 -2.9266745625799340E-01 a      1661     0    56     1    11
  1.2614264461129133E+01 a      1662     0    56     1    12
 -1.4924069712448051E+00 a      1663     0    56     1    13
 -8.5835032663804398E+00 a      1664     0    56     1    14
 -9.7447981301684266E+00 a      1665     0    56     1    15
  3.4551233735132630E-01 a      1666     0    56     1    16
 -1.1787761322806787E+01 a      1667     0    56     1    17
 -4.2423017370631877E+00 a      1668     0    56     1    18
 -3.8337262014585036E+00 a      1669     0    56     1    19
 -5.6701540977860105E+00 a      1670     0    56     1    20
 -4.4316231241037620E+00 a      1671     0    56     1    21
 -6.2621789367975280E+00 a      1672     0    56     1    22
 -1.6370285034774963E+00 a      1673     0    56     1    23
  8.1210988140616749E+00 a      1674     0    56     1    24
 -1.8709052295702726E+00 a      1675     0    56     1    25
  1.5483115039726961E+01 a      1676     0    56     1    26
 -1.0273398582837503E+01 a      1677     0    56     1    27
 -2.5739667850783206E+01 a      1678     0    56     1    28
 -1.9546572566120841E+00 a      1679     0    56     1    29
 -7.3461805643738831E+00 a      1680     0    56     1    30
  4.6717473302507022E+00 a      1681     0    57     1     1
  1.2379608995782405E+00 a      1682     0    57     1     2
 -9.8839754683390169E+00 a      1683     0    57     1     3
  3.3203972653953753E+00 a      1684     0    57     1     4
  1.8006297209827773E+00 a      1685     0    57     1     5
  5.9046676030608687E+00 a      1686     0    57     1     6
  2.5156804009127272E+00 a      1687     0    57     1     7
  2.5022110206428138E+01 a      1688     0    57     1     8
  7.1308205276837153E+00 a      1689     0    57     1     9
  9.6690266308155266E+00 a      1690     0    57     1    10
  1.3790854585358860E+01 a      1691     0    57     1    11
  7.4683054837256191E-01 a      1692     0    57     1    12
  2.3205720308009504E+01 a      1693     0    57     1    13
  8.8967608295381528E-01 a      1694     0    57     1    14
  4.6190942622997311E-01 a      1695     0    57     1    15
  7.2248266867587301E+00 a      1696     0    57     1    16
  9.1266130886187948E+00 a      1697     0    57     1    17
 -8.4869765132418848E+00 a      1698     0    57     1    18
 -3.0808669500188666E+00 a      1699     0    57     1    19
 -1.4119563428736267E+01 a      1700     0    57     1    20
  5.6804737799888505E+00 a      1701     0    57     1    21
 -7.8064195264614984E+00 a      1702     0    57     1    22
  8.3714620156603541E+00 a      1703     0    57     1    23
  1.3239686472878221E+01 a      1704     0    57     1    24
  4.7589664886774159E+00 a      1705     0    57     1    25
  4.9875519687734400E+00 a      1706     0    57     1    26
  1.1170749237763630E+01 a      1707     0    57     1    27
 -1.3746015939658640E+00 a      1708     0    57     1    28
  9.5766390859658532E+00 a      1709     0    57     1    29
  7.4964849990517237E+00 a      1710     0    57     1    30
 -1.8125803924044814E+00 a      1711     0    58     1     1
 -1.4665599911738136E+01 a      1712     0    58     1     2
 -2.0907289508785677E+01 a      1713     0    58     1     3
  2.3486930624287147E+01 a      1714     0    58     1     4
 -3.0063521908089692E+00 a      1715     0    58     1     5
 -1.8467638921082155E-01 a      1716     0    58     1     6
  4.9807722876008373E+00 a      1717     0    58     1     7
 -1.3809520511219111E+00 a      1718     0    58     1     8
  1.3784614690844023E+01 a      1719     0    58     1     9
  1.4914939181157070E+01 a      1720     0    58     1    10
 -4.6233897732632663E+00 a      1721     0    58     1    11
 -1.0427761763207272E+01 a      1722     0    58     1    12
  8.2713578132614938E+00 a      1723     0    58     1    13
 -8.0287438722481064E-01 a      1724     0    58     1    14
 -1.3352902515383159E+01 a      1725     0    58     1    15
  3.1385154177679699E+00 a      1726     0    58     1    16
  6.1960822229975143E+00 a      1727     0    58     1    17
  1.2945872645135049E+01 a      1728     0    58     1    18
 -5.4417949809875106E+00 a      1729     0    58     1    19
  2.0630254495988229E+01 a      1730     0    58     1    20
  2.0574719939721566E+00 a      1731     0    58     1    21
 -1.2161580115227292E+01 a      1732     0    58     1    22
  1.0137776225320955E+01 a      1733     0    58     1    23
 -4.3706086567874376E+00 a      1734     0    58     1    24
  2.4073559490650439E+01 a      1735     0    58     1    25
 -3.4648115719579082E+00 a      1736     0    58     1    26
  6.2288309261275554E+00 a      1737     0    58     1    27
 -6.7713363439617167E+00 a      1738     0    58     1    28
 -9.4292730596879455E+00 a      1739     0    58     1    29
 -8.7449410186280190E+00 a      1740     0    58     1    30
  4.2017288880813659E+01 a      1741     0    59     1     1
  5.8657251253578933E+00 a      1742     0    59     1     2
 -7.7686559949627281E+00 a      1743     0    59     1     3
  1.2722953507456348E+01 a      1744     0    59     1     4
 -7.3931683687480483E+00 a      1745     0    59     1     5
  3.1854621621062780E+01 a      1746     0    59     1     6
 -2.1089111168500492E+00 a      1747     0    59     1     7
 -1.0964326044613482E+01 a      1748     0    59     1     8
 -1.7822980178917106E+01 a      1749     0    59     1     9
  1.7863598722533904E+01 a      1750     0    59     1    10
 -3.3321347585032575E+00 a      1751     0    59     1    11
 -1.1261868017203953E+00 a      1752     0    59     1    12
 -8.3853315189901856E-01 a      1753     0    59     1    13
  1.3989357508590880E+01 a      1754     0    59     1    14
  3.5686539503404897E+00 a      1755     0    59     1    15
  7.1768022128018547E+00 a      1756     0    59     1    16
 -3.1841140831675085E+00 a      1757     0    59     1    17
  4.0049110332719886E+00 a      1758     0    59     1    18
 -6.4838521985919761E-01 a      1759     0    59     1    19
  9.1560233616430420E-01 a      1760     0    59     1    20
  3.3292933091188246E+00 a      1761     0    59     1    21
 -1.3060336092137474E+01 a      1762     0    59     1    22
  1.5679423374934190E+01 a      1763     0    59     1    23
 -1.9411434250232560E+01 a      1764     0    59     1    24
  7.7740758490641877E+00 a      1765     0    59     1    25
  6.3389790093059520E-02 a      1766     0    59     1    26
  1.3054704038223683E+01 a      1767     0    59     1    27
  3.8401495937718572E+01 a      1768     0    59     1    28
  1.7533983884522232E+01 a      1769     0    59     1    29
  2.0656255435091097E+01 a      1770     0    59     1    30
  1.4735709145076918E+01 a      1771     0    60     1     1
  6.1848740085621809E+00 a      1772     0    60     1     2
  3.0791731310905902E+01 a      1773     0    60     1     3
 -1.5454492880076767E+01 a      1774     0    60     1     4
 -5.6638418959255992E+00 a      1775     0    60     1     5
 -3.2739134417151905E-01 a      1776     0    60     1     6
  6.0693592298969687E-02 a      1777     0    60     1     7
 -2.2120363579326718E-01 a      1778     0    60     1     8
 -1.8865160699946351E+01 a      1779     0    60     1     9
 -1.9771474818855729E+01 a      1780     0    60     1    10
 -1.2938397036500930E+00 a      1781     0    60     1    11
 -1.2407476488895119E+01 a      1782     0    60     1    12
 -2.2949448000403244E+01 a      1783     0    60     1    13
  1.2984750569642657E+01 a      1784     0    60     1    14
  1.2279343659195344E+01 a      1785     0    60     1    15
 -1.3509074714930996E+01 a      1786     0    60     1    16
 -2.8552124166772536E+01 a      1787     0    60     1    17
 -1.7496410033448459E+01 a      1788     0    60     1    18
  5.3306994017863572E+00 a      1789     0    60     1    19
 -2.2265347943406617E+01 a      1790     0    60     1    20
 -1.0975814715301755E+01 a      1791     0    60     1    21
  2.0877127643900639E+01 a      1792     0    60     1    22
 -2.5502731928984680E+01 a      1793     0    60     1    23
  5.7613093268891866E+00 a      1794     0    60     1    24
 -1.4744293935395980E+01 a      1795     0    60     1    25
  5.5908493318202912E-01 a      1796     0    60     1    26
 -1.3050069627913059E+01 a      1797     0    60     1    27
 -8.3875858575652706E-01 a      1798     0    60     1    28
  2.0593505514974801E+01 a      1799     0    60     1    29
  8.2347991732819157E+00 a      1800     0    60     1    30
 -2.5080161176070082E+00 a      1801     0    61     1     1
  1.0089578221771415E+01 a      1802     0    61     1     2
  4.4516818158607725E+00 a      1803     0    61     1     3
 -1.1256787657149575E+01 a      1804     0    61     1     4
  8.7371785913616051E+00 a      1805     0    61     1     5
 -1.7286915828158227E+00 a      1806     0    61     1     6
  1.0113347332765081E+00 a      1807     0    61     1     7
 -1.2675340870409666E+01 a      1808     0    61     1     8
  1.3626590061082005E+01 a      1809     0    61     1     9
  1.8214638519026400E+00 a      1810     0    61     1    10
 -1.4835421268220891E+01 a      1811     0    61     1    11
  4.3841936259314842E+00 a      1812     0    61     1    12
  3.6153805238891434E-01 a      1813     0    61     1    13
 -3.8660420705926084E+00 a      1814     0    61     1    14
  1.2210420143991803E+00 a      1815     0    61     1    15
 -5.6653070325270882E-01 a      1816     0    61     1    16
  4.8809946542533504E+00 a      1817     0    61     1    17
 -6.1429404083422123E-01 a      1818     0    61     1    18
  1.8119894046753817E+01 a      1819     0    61     1    19
  2.3091891899957862E-03 a      1820     0    61     1    20
 -2.2423862029159509E+00 a      1821     0    61     1    21
  3.9778312106801144E+00 a      1822     0    61     1    22
 -1.3577352972288269E+01 a      1823     0    61     1    23
 -5.2135096697102563E+00 a      1824     0    61     1    24
 -1.8977345824643631E+01 a      1825     0    61     1    25
  1.2618021821000992E+01 a      1826     0    61     1    26
 -2.2186630561698962E+01 a      1827     0    61     1    27
 -1.5853207850734092E+01 a      1828     0    61     1    28
 -7.9132711983523807E+00 a      1829     0    61     1    29
  8.4496221311698285E+00 a      1830     0    61     1    30
 -2.4000051895641972E-01 a      1831     0    62     1     1
 -1.1469799753629935E+01 a      1832     0    62     1     2
  2.1764887319508194E+01 a      1833     0    62     1     3
 -1.0515762470851469E+01 a      1834     0    62     1     4
  6.7555483756068764E+00 a      1835     0    62     1     5
  3.5907108886917110E+00 a      1836     0    62     1     6
  4.9205940603431504E+00 a      1837     0    62     1     7
  7.5014500088622471E+00 a      1838     0    62     1     8
  3.8096029827652451E+00 a      1839     0    62     1     9
 -2.4003666171732352E+01 a      1840     0    62     1    10
 -1.8801385528865677E+00 a      1841     0    62     1    11
  1.3637353747137682E+01 a      1842     0    62     1    12
  4.6455455673213057E+00 a      1843     0    62     1    13
 -3.1146991843418488E+00 a      1844     0    62     1    14
  6.4464524880440521E+00 a      1845     0    62     1    15
 -1.1211311977035779E+01 a      1846     0    62     1    16
  1.3258211446517969E+01 a      1847     0    62     1    17
 -1.3804561041472509E+01 a      1848     0    62     1    18
  2.6628957898627639E+00 a      1849     0    62     1    19
  4.7955120426821356E+00 a      1850     0    62     1    20
  1.1124461802454496E+01 a      1851     0    62     1    21
  3.6674195833928787E+00 a      1852     0    62     1    22
  1.6540150215389467E+01 a      1853     0    62     1    23
 -5.5022708574337331E+00 a      1854     0    62     1    24
  9.0759389146575380E+00 a      1855     0    62     1    25
 -1.1199208990134533E+01 a      1856     0    62     1    26
  7.5150800631730945E+00 a      1857     0    62     1    27
 -7.6337413404601904E+00 a      1858     0    62     1    28
 -1.0202696369917051E+01 a      1859     0    62     1    29
  1.1868782498695440E-02 a      1860     0    62     1    30
 -4.6377905046244292E+00 a      1861     0    63     1     1
  6.2697902076105203E+00 a      1862     0    63     1     2
 -1.3961595256395265E+00 a      1863     0    63     1     3
  1.0358606928872711E+00 a      1864     0    63     1     4
 -1.5186120058369440E+01 a      1865     0    63     1     5
  3.6963412110377072E+00 a      1866     0    63     1     6
  4.6661718569197026E+00 a      1867     0    63     1     7
 -1.3749460495383799E+01 a      1868     0    63     1     8
  7.5609616962823356E-01 a      1869     0    63     1     9
  2.6419609328458926E+00 a      1870     0    63     1    10
  1.5492041377246778E+01 a      1871     0    63     1    11
 -7.7956978016758756E+00 a      1872     0    63     1    12
 -4.1716391549535237E+00 a      1873     0    63     1    13
  1.2167712992350172E+01 a      1874     0    63     1    14
 -3.3561840607774236E+01 a      1875     0    63     1    15
 -1.0082931932595043E+01 a      1876     0    63     1    16
  5.4299832781591908E+00 a      1877     0    63     1    17
  3.3769420533077916E+00 a      1878     0    63     1    18
  8.8588746786626356E+00 a      1879     0    63     1    19
 -1.0216568636114072E+01 a      1880     0    63     1    20
 -2.0458644193282542E+01 a      1881     0    63     1    21
  6.4820422672112530E+00 a      1882     0    63     1    22
 -2.1072762325887213E+00 a      1883     0    63     1    23
 -3.2974166579387925E+00 a      1884     0    63     1    24
 -1.0636106248308229E+01 a      1885     0    63     1    25
  2.5864723359705977E+00 a      1886     0    63     1    26
 -1.1651102801134224E+01 a      1887     0    63     1    27
 -2.0234417792202088E+00 a      1888     0    63     1    28
  1.5749667594395190E+01 a      1889     0    63     1    29
  5.9369328427241452E+00 a      1890     0    63     1    30
 -4.2350346191163785E-01 a      1891     0    64     1     1
 -2.2606155214011823E+00 a      1892     0    64     1     2
 -1.4231992460006362E+00 a      1893     0    64     1     3
 -1.2711724182702719E+00 a      1894     0    64     1     4
  4.7924477824723608E+00 a      1895     0    64     1     5
  8.6206998594172646E-01 a      1896     0    64     1     6
  8.7155827250738422E+00 a      1897     0    64     1     7
  5.7638457356538222E+00 a      1898     0    64     1     8
  2.8568364730599249E+00 a      1899     0    64     1     9
  2.6042542822819605E+00 a      1900     0    64     1    10
  3.6513272345993864E+00 a      1901     0    64     1    11
 -3.5334467847539019E+00 a      1902     0    64     1    12
  2.0242537267353113E+00 a      1903     0    64     1    13
  2.2046453446206637E+00 a      1904     0    64     1    14
  2.4029932461627088E+00 a      1905     0    64     1    15
 -1.2326055216836899E+01 a      1906     0    64     1    16
 -5.2820570799782063E+00 a      1907     0    64     1    17
 -8.2472047716898089E+00 a      1908     0    64     1    18
  3.2704762235042639E+00 a      1909     0    64     1    19
 -2.5654068670507773E+01 a      1910     0    64     1    20
 -2.9191196769007410E+00 a      1911     0    64     1    21
  1.8283680682821779E+00 a      1912     0    64     1    22
  4.3842448358170055E-01 a      1913     0    64     1    23
  7.3452591956009190E+00 a      1914     0    64     1    24
  2.9475604014214913E+00 a      1915     0    64     1    25
 -9.5538516272302676E-01 a      1916     0    64     1    26
  2.4219880149991018E+00 a      1917     0    64     1    27
 -3.4928031215339650E+00 a      1918     0    64     1    28
  3.0705242369770369E+00 a      1919     0    64     1    29
 -5.2435781387131364E-01 a      1920     0    64     1    30
 -5.3278514952903255E-01 b      1921     1     1
 -4.1908354357958757E+00 b      1922     1     2
 -3.9381996963557037E-01 b      1923     1     3
 -1.9422400192536671E+00 b      1924     1     4
  7.5118045077017215E-01 b      1925     1     5
 -1.5988872192365560E+00 b      1926     1     6
  2.7772383583395639E+00 b      1927     1     7
 -9.4317615649357978E-01 b      1928     1     8
  2.3295097223734604E+00 b      1929     1     9
 -3.3904228270626415E+00 b      1930     1    10
  2.3344060822762644E+00 b      1931     1    11
  7.8590171952622090E-01 b      1932     1    12
  1.0233347538853559E+00 b      1933     1    13
 -1.9374396854725887E-01 b      1934     1    14
 -2.4238433566905510E-01 b      1935     1    15
 -4.6372296819022685E-01 b      1936     1    16
 -1.4019964088303960E+00 b      1937     1    17
  5.5738369399698584E-01 b      1938     1    18
  1.6793400729478281E+00 b      1939     1    19
 -6.1568288193438425E+00 b      1940     1    20
 -2.7305698042728155E+00 b      1941     1    21
 -1.8642924779558661E+00 b      1942     1    22
  6.0570241590261253E-01 b      1943     1    23
  1.9506044903971966E+00 b      1944     1    24
  1.2456779556237656E+00 b      1945     1    25
  2.0757603560422462E+00 b      1946     1    26
 -4.6631947149389813E-01 b      1947     1    27
  7.7256235651148053E-01 b      1948     1    28
  8.4648290314191610E-01 b      1949     1    29
  8.8062447474122574E-01 b      1950     1    30
 -5.6419842151488231E-01 a      1951     1     1     2     1
 -3.4398270480898083E+00 a      1952     1     1     2     2
 -7.3050402916117774E-01 a      1953     1     1     2     3
  4.4534963262404564E-01 a      1954     1     1     2     4
  7.1295926196069759E-01 a      1955     1     1     2     5
  1.9214456221632312E+00 a      1956     1     1     2     6
  1.1161940030173743E+00 a      1957     1     1     2     7
  9.8022914099100855E-01 a      1958     1     1     2     8
  2.4937864844662383E+00 a      1959     1     1     2     9
  3.2026974276380762E+00 a      1960     1     1     2    10
  4.5216120694787820E+00 a      1961     1     1     2    11
 -6.4786527145101147E-01 a      1962     1     1     2    12
 -2.5340726836930122E-01 a      1963     1     1     2    13
  1.7501902182307538E+00 a      1964     1     1     2    14
 -1.4665988933821821E+00 a      1965     1     1     2    15
 -5.2339246861064648E-01 a      1966     1     1     2    16
  9.7497524244987555E-01 a      1967     1     1     2    17
  1.9075438814392534E+00 a      1968     1     1     2    18
  2.8582139791980565E+00 a      1969     1     1     2    19
 -3.6374551718076451E+00 a      1970     1     1     2    20
 -6.9602738789058349E-01 a      1971     1     1     2    21
  3.3731075253402509E+00 a      1972     1     1     2    22
  2.2295825060029082E+00 a      1973     1     1     2    23
 -9.6881598608560704E-01 a      1974     1     1     2    24
 -8.9577237214217886E-01 a      1975     1     1     2    25
  1.7474456436412353E+00 a      1976     1     1     2    26
 -5.4701707942526911E-01 a      1977     1     1     2    27
  1.0366142683083674E+00 a      1978     1     1     2    28
 -3.5264319567004327E+00 a      1979     1     1     2    29
  7.2580576846791944E-01 a      1980     1     1     2    30
  4.5763930526567425E+00 a      1981     1     2     2     1
 -4.9530290666251569E+00 a      1982     1     2     2     2
  3.7538965621887983E+00 a      1983     1     2     2     3
  5.1716595672999004E+00 a      1984     1     2     2     4
 -3.7544511649179535E+00 a      1985     1     2     2     5
  1.4207356134716527E+00 a      1986     1     2     2     6
  5.6019616023638950E+00 a      1987     1     2     2     7
  2.3519101959376121E+00 a      1988     1     2     2     8
  4.3545002252686921E-01 a      1989     1     2     2     9
 -2.8528245882352525E+00 a      1990     1     2     2    10
 -1.4702818986124848E+00 a      1991     1     2     2    11
 -3.3136919040309715E-01 a      1992     1     2     2    12
  3.5880133717520217E+00 a      1993     1     2     2    13
  2.9848283361977535E+00 a      1994     1     2     2    14
 -6.0597733277276055E-03 a      1995     1     2     2    15
  1.6946320152422328E-01 a      1996     1     2     2    16
 -1.0748160881652635E+00 a      1997     1     2     2    17
 -1.7947725316987815E+00 a      1998     1     2     2    18
  1.3806174976711130E+00 a      1999     1     2     2    19
  2.5715039887047081E-01 a      2000     1     2     2    20
  3.1929477092272043E+00 a      2001     1     2     2    21
  3.0469456523483669E+00 a      2002     1     2     2    22
  4.1991468886658101E+00 a      2003     1     2     2    23
  3.8147281372539337E+00 a      2004     1     2     2    24
 -8.7056286126966964E-01 a      2005     1     2     2    25
 -2.2189431085997846E+00 a      2006     1     2     2    26
  2.2222131778804606E+00 a      2007     1     2     2    27
 -1.9915251379568892E+00 a      2008     1     2     2    28
  4.1764353290696121E+00 a      2009     1     2     2    29
  1.7960723275573842E+00 a      2010     1     2     2    30
 -2.7975913642473116E-01 a      2011     1     3     2     1
 -3.2533184484472838E-01 a      2012     1     3     2     2
  4.9539403237144014E-01 a      2013     1     3     2     3
 -1.0072144748759220E+00 a      2014     1     3     2     4
 -8.7399288754812110E-01 a      2015     1     3     2     5
 -5.6052045148419785E-02 a      2016     1     3     2     6
  1.5900928956620426E+00 a      2017     1     3     2     7
 -4.2396787996538690E+00 a      2018     1     3     2     8
  1.8132993569246816E-01 a      2019     1     3     2     9
 -1.5615650950233320E+00 a      2020     1     3     2    10
  3.0250157129335198E-01 a      2021     1     3     2    11
  1.9221280019128290E-01 a      2022     1     3     2    12
  2.7149432908110527E-01 a      2023     1     3     2    13
 -6.9242810109429187E-01 a      2024     1     3     2    14
 -9.0489788658211301E-01 a      2025     1     3     2    15
  4.5065687742687626E+00 a      2026     1     3     2    16
 -7.4063085074181523E-01 a      2027     1     3     2    17
  5.8178583180826182E-01 a      2028     1     3     2    18
 -5.6097577619225947E-01 a      2029     1     3     2    19
  2.7404737348655885E+00 a      2030     1     3     2    20
 -8.1905531593244130E-01 a      2031     1     3     2    21
 -2.3829429863685553E-02 a      2032     1     3     2    22
 -2.0822141160408951E+00 a      2033     1     3     2    23
  7.3110942535133916E-01 a      2034     1     3     2    24
  1.1791442809902015E-01 a      2035     1     3     2    25
 -2.9791761520746243E+00 a      2036     1     3     2    26
 -9.4515118703024659E-01 a      2037     1     3     2    27
  1.8996142500484108E+00 a      2038     1     3     2    28
 -3.4928074245163234E+00 a      2039     1     3     2    29
 -4.2675620625311561E-01 a      2040     1     3     2    30
  7.2725316009718899E-01 a      2041     1     4     2     1
 -5.1854885455390332E-01 a      2042     1     4     2     2
  4.0984697546909177E-01 a      2043     1     4     2     3
 -3.0034005454957358E+00 a      2044     1     4     2     4
  2.9346445041776709E-01 a      2045     1     4     2     5
  1.4268900296988052E+00 a      2046     1     4     2     6
 -4.5196176878224339E+00 a      2047     1     4     2     7
 -1.0037535336924495E+00 a      2048     1     4     2     8
 -2.8105878769379218E+00 a      2049     1     4     2     9
 -2.5751789190598657E+00 a      2050     1     4     2    10
  3.4167119529742598E+00 a      2051     1     4     2    11
  6.3396787735770088E-01 a      2052     1     4     2    12
  2.9376141650035521E+00 a      2053     1     4     2    13
  3.6075428563536600E+00 a      2054     1     4     2    14
 -1.8949019094652142E+00 a      2055     1     4     2    15
  2.6376626966055289E-01 a      2056     1     4     2    16
 -5.4711171110032808E+00 a      2057     1     4     2    17
 -2.1046392305331927E+00 a      2058     1     4     2    18
 -2.3295060440127860E-01 a      2059     1     4     2    19
 -1.2350366572020521E+00 a      2060     1     4     2    20
 -1.0149680363247480E+00 a      2061     1     4     2    21
 -7.1689843066016901E-01 a      2062     1     4     2    22
  3.3596318074132432E+00 a      2063     1     4     2    23
  5.8459588299347010E-01 a      2064     1     4     2    24
 -1.8698086044226159E+00 a      2065     1     4     2    25
  2.8417038130338770E+00 a      2066     1     4     2    26
 -1.7029271712342862E+00 a      2067     1     4     2    27
 -8.6813223503417514E-01 a      2068     1     4     2    28
 -8.3907969845784236E-01 a      2069     1     4     2    29
 -1.0833839876171845E+00 a      2070     1     4     2    30
 -2.9063322163919199E+00 a      2071     1     5     2     1
  2.3831095621047846E+00 a      2072     1     5     2     2
  1.8153334022524024E+00 a      2073     1     5     2     3
  2.4617509100214999E-01 a      2074     1     5     2     4
  4.8319129139433897E-01 a      2075     1     5     2     5
  8.8448740603471709E-01 a      2076     1     5     2     6
  5.1868655876464942E+00 a      2077     1     5     2     7
  2.9033764100574992E+00 a      2078     1     5     2     8
  1.3606215786423881E+00 a      2079     1     5     2     9
 -1.3636572682899544E+00 a      2080     1     5     2    10
  1.3384798456680864E+00 a      2081     1     5     2    11
  8.0153627631929028E-02 a      2082     1     5     2    12
  1.9710107648225723E+00 a      2083     1     5     2    13
  1.1427922820820523E-01 a      2084     1     5     2    14
 -8.0184393037794799E-01 a      2085     1     5     2    15
 -9.6868109556012605E-01 a      2086     1     5     2    16
 -1.3180999600882106E+00 a      2087     1     5     2    17
  1.2884991894293030E-01 a      2088     1     5     2    18
  1.2872096654544074E+00 a      2089     1     5     2    19
  5.8603052717223725E-01 a      2090     1     5     2    20
  1.1551345678939329E+00 a      2091     1     5     2    21
  2.6146378859717507E+00 a      2092     1     5     2    22
 -3.2425970937878801E+00 a      2093     1     5     2    23
 -7.2558857011722122E-01 a      2094     1     5     2    24
 -1.2437525542801424E-01 a      2095     1     5     2    25
 -1.9137232795744841E+00 a      2096     1     5     2    26
  6.2156227997285773E-01 a      2097     1     5     2    27
  1.4264125005027053E+00 a      2098     1     5     2    28
 -2.9677069824432136E+00 a      2099     1     5     2    29
  1.1962593817994009E+00 a      2100     1     5     2    30
  1.1500682511664502E+00 a      2101     1     6     2     1
  2.1524632678345261E+00 a      2102     1     6     2     2
  2.2836880688299761E+00 a      2103     1     6     2     3
  2.8271317313868943E-01 a      2104     1     6     2     4
  3.0877843780685135E+00 a      2105     1     6     2     5
 -2.2600621511920242E+00 a      2106     1     6     2     6
  1.0984916286241482E+00 a      2107     1     6     2     7
 -2.6984978381471461E+00 a      2108     1     6     2     8
  3.8092467291363445E+00 a      2109     1     6     2     9
 -2.0103394166870707E+00 a      2110     1     6     2    10
  1.3412012453981983E+00 a      2111     1     6     2    11
 -1.5306880741719537E+00 a      2112     1     6     2    12
  1.5553367756242449E+00 a      2113     1     6     2    13
  3.1521445900040250E+00 a      2114     1     6     2    14
  8.2510222466439587E-01 a      2115     1     6     2    15
 -2.7206244970038092E+00 a      2116     1     6     2    16
 -2.1831340147034517E+00 a      2117     1     6     2    17
  1.3426736613417365E+00 a      2118     1     6     2    18
 -3.7030879838682662E-01 a      2119     1     6     2    19
 -3.0506307763778167E+00 a      2120     1     6     2    20
 -7.7909108588811182E-01 a      2121     1     6     2    21
  1.7822115863510099E-01 a      2122     1     6     2    22
  4.5885098937934155E+00 a      2123     1     6     2    23
  1.5838052656062942E+00 a      2124     1     6     2    24
 -3.0120095593885958E+00 a      2125     1     6     2    25
 -2.8880185215567873E+00 a      2126     1     6     2    26
 -9.0675729237836358E-02 a      2127     1     6     2    27
  1.7819581596919134E+00 a      2128     1     6     2    28
  9.7301559889932798E-01 a      2129     1     6     2    29
  3.1293223127188785E+00 a      2130     1     6     2    30
 -3.9747044391105888E+00 a      2131     1     7     2     1
 -2.6052022158443271E+00 a      2132     1     7     2     2
  1.1825626017212814E+00 a      2133     1     7     2     3
  9.2044563377708510E-01 a      2134     1     7     2     4
 -1.0624498138400502E+00 a      2135     1     7     2     5
  1.1300945696947542E+00 a      2136     1     7     2     6
 -5.5771827152321755E-02 a      2137     1     7     2     7
 -1.4687958608620473E+00 a      2138     1     7     2     8
  6.3909722526597990E-01 a      2139     1     7     2     9
 -3.5639250050991964E+00 a      2140     1     7     2    10
  1.4126562915586143E+00 a      2141     1     7     2    11
 -2.7390068201269424E-01 a      2142     1     7     2    12
 -1.4618936164667300E+00 a      2143     1     7     2    13
 -1.9462658914296487E+00 a      2144     1     7     2    14
  4.3259440374657354E-01 a      2145     1     7     2    15
 -2.3693241654194668E+00 a      2146     1     7     2    16
 -6.8164801645753126E-01 a      2147     1     7     2    17
 -7.6229957991968389E-01 a      2148     1     7     2    18
 -9.9815549317202190E-01 a      2149     1     7     2    19
 -1.2610492429632392E-01 a      2150     1     7     2    20
 -1.0793406721941423E-02 a      2151     1     7     2    21
  2.4036839543954125E+00 a      2152     1     7     2    22
 -3.3641245625937248E+00 a      2153     1     7     2    23
 -5.2640415208031568E+00 a      2154     1     7     2    24
 -7.9886493325807703E-02 a      2155     1     7     2    25
 -2.8439528844861245E-01 a      2156     1     7     2    26
 -4.8213896992696470E-01 a      2157     1     7     2    27
 -1.3347244534908527E+00 a      2158     1     7     2    28
  1.4545113286094642E+00 a      2159     1     7     2    29
 -3.9752688580465945E-01 a      2160     1     7     2    30
  2.8103377934284914E+00 a      2161     1     8     2     1
  2.5801304837306929E+00 a      2162     1     8     2     2
 -1.6310623251918928E+00 a      2163     1     8     2     3
  8.3085340471962399E-01 a      2164     1     8     2     4
 -1.3271144557581986E+00 a      2165     1     8     2     5
 -1.6498465763909738E+00 a      2166     1     8     2     6
 -1.4144278628111751E+00 a      2167     1     8     2     7
  2.7078347144928729E+00 a      2168     1     8     2     8
  3.6638229865592100E+00 a      2169     1     8     2     9
  7.8174947579215082E-01 a      2170     1     8     2    10
 -1.2783996120485854E+00 a      2171     1     8     2    11
 -5.1365032253461174E-01 a      2172     1     8     2    12
 -2.8056096821205054E+00 a      2173     1     8     2    13
  6.3091182629069142E-01 a      2174     1     8     2    14
 -7.0860555004594916E-01 a      2175     1     8     2    15
  5.7031625193473122E-02 a      2176     1     8     2    16
  2.0274427363367060E+00 a      2177     1     8     2    17
  1.4009031594254244E+00 a      2178     1     8     2    18
  1.0440515469950657E+00 a      2179     1     8     2    19
  2.1589652206921741E+00 a      2180     1     8     2    20
  2.4312605738638279E-01 a      2181     1     8     2    21
  2.5581328719194918E+00 a      2182     1     8     2    22
 -2.3361462912692899E+00 a      2183     1     8     2    23
 -6.2396161715697729E-01 a      2184     1     8     2    24
 -4.9134763444899471E-01 a      2185     1     8     2    25
 -2.3506075763360221E+00 a      2186     1     8     2    26
  4.3978464791548089E-01 a      2187     1     8     2    27
 -2.6207465494962539E+00 a      2188     1     8     2    28
  1.2477204215796497E-01 a      2189     1     8     2    29
  1.8773540875765844E+00 a      2190     1     8     2    30
  2.7648127960480235E+00 a      2191     1     9     2     1
  1.9266107818798857E+00 a      2192     1     9     2     2
  2.0870221432594445E+00 a      2193     1     9     2     3
  2.5501893173140364E+00 a      2194     1     9     2     4
 -4.3362628345145116E-01 a      2195     1     9     2     5
 -4.5417973029862182E+00 a      2196     1     9     2     6
  3.9082166347468363E+00 a      2197     1     9     2     7
  2.7733735913933084E+00 a      2198     1     9     2     8
 -4.2835501417558168E+00 a      2199     1     9     2     9
  2.1925729640087996E+00 a      2200     1     9     2    10
 -5.6977573085646362E+00 a      2201     1     9     2    11
 -7.2056217643669729E-01 a      2202     1     9     2    12
 -1.4552845260999010E+00 a      2203     1     9     2    13
 -8.8221810605698436E-01 a      2204     1     9     2    14
 -2.0602902107760128E+00 a      2205     1     9     2    15
 -8.0035359517590443E+00 a      2206     1     9     2    16
  1.3145410314509585E+00 a      2207     1     9     2    17
 -5.7088313490501708E-01 a      2208     1     9     2    18
 -2.6695160820097410E+00 a      2209     1     9     2    19
  1.6114919102006415E+00 a      2210     1     9     2    20
  3.4261608939500792E+00 a      2211     1     9     2    21
  1.0115375140817782E+00 a      2212     1     9     2    22
  3.8980627134134758E+00 a      2213     1     9     2    23
  6.0268147621998047E-01 a      2214     1     9     2    24
  3.6652724798219927E-01 a      2215     1     9     2    25
  5.7917070520471692E-01 a      2216     1     9     2    26
  5.7494727862773487E-01 a      2217     1     9     2    27
 -1.4983877531929661E+00 a      2218     1     9     2    28
 -2.3718878713098492E+00 a      2219     1     9     2    29
  1.6912950408633916E+00 a      2220     1     9     2    30
 -2.3197133922242106E+00 a      2221     1    10     2     1
  5.2806382588279832E-01 a      2222     1    10     2     2
  2.2929701516954293E-01 a      2223     1    10     2     3
  9.6190060423939849E-01 a      2224     1    10     2     4
 -2.2518879726807781E+00 a      2225     1    10     2     5
  3.7923176095083084E+00 a      2226     1    10     2     6
 -7.7786116144696154E+00 a      2227     1    10     2     7
 -7.6479404584477395E-01 a      2228     1    10     2     8
  1.6310048823564962E+00 a      2229     1    10     2     9
  9.0726464000818174E-01 a      2230     1    10     2    10
 -2.0089347412918297E+00 a      2231     1    10     2    11
 -2.7647912960749177E-01 a      2232     1    10     2    12
 -6.4698325975870852E-01 a      2233     1    10     2    13
 -2.6908326400914584E-01 a      2234     1    10     2    14
 -4.4845550377179771E-01 a      2235     1    10     2    15
  4.9476316614516902E-01 a      2236     1    10     2    16
  3.1612385452388043E+00 a      2237     1    10     2    17
  2.0090767838678367E+00 a      2238     1    10     2    18
 -1.6680598455758291E+00 a      2239     1    10     2    19
 -7.1864614455808262E-01 a      2240     1    10     2    20
 -1.0942186009166006E+00 a      2241     1    10     2    21
 -5.7833706658079569E+00 a      2242     1    10     2    22
 -2.3447416175263491E+00 a      2243     1    10     2    23
  2.8356970358634590E+00 a      2244     1    10     2    24
  2.1152617692043783E+00 a      2245     1    10     2    25
  3.4580047241353058E+00 a      2246     1    10     2    26
 -1.0638716554437844E-01 a      2247     1    10     2    27
 -2.4009463324538433E-01 a      2248     1    10     2    28
 -2.4800785937053025E+00 a      2249     1    10     2    29
  7.6396792731275176E-01 a      2250     1    10     2    30
  6.4573173143149554E-01 a      2251     1    11     2     1
 -1.3819081640083719E+00 a      2252     1    11     2     2
 -1.6990396369257310E-01 a      2253     1    11     2     3
  9.7703073264631790E-02 a      2254     1    11     2     4
  2.2798367282885219E+00 a      2255     1    11     2     5
  9.3530679114836712E-01 a      2256     1    11     2     6
 -4.5868009657047377E+00 a      2257     1    11     2     7
 -2.9662438795050745E+00 a      2258     1    11     2     8
  2.4180637180229017E+00 a      2259     1    11     2     9
 -4.4432514205723939E+00 a      2260     1    11     2    10
  1.6354717016162807E+00 a      2261     1    11     2    11
 -1.2111772408592687E+00 a      2262     1    11     2    12
  1.6083775771468878E+00 a      2263     1    11     2    13
 -9.4905944421478761E-01 a      2264     1    11     2    14
 -3.0809887781843209E-01 a      2265     1    11     2    15
  1.6381230858236895E+00 a      2266     1    11     2    16
  2.6670458173519447E+00 a      2267     1    11     2    17
 -7.4623170054909349E-01 a      2268     1    11     2    18
 -9.9579266118797327E-01 a      2269     1    11     2    19
  1.3671997118597232E+00 a      2270     1    11     2    20
 -4.9222079820279147E-01 a      2271     1    11     2    21
 -1.6523220931956217E+00 a      2272     1    11     2    22
 -7.2025237260590036E-01 a      2273     1    11     2    23
 -2.4706473679990975E+00 a      2274     1    11     2    24
  1.1521804044583468E+00 a      2275     1    11     2    25
 -2.0275899472520911E-01 a      2276     1    11     2    26
 -1.8332246750194642E-02 a      2277     1    11     2    27
  2.1647841136032477E+00 a      2278     1    11     2    28
 -1.6684054507804371E+00 a      2279     1    11     2    29
 -3.2489949761139023E+00 a      2280     1    11     2    30
 -1.5429998259957574E+00 a      2281     1    12     2     1
 -4.1075168928848732E-01 a      2282     1    12     2     2
  1.7960687213031330E+00 a      2283     1    12     2     3
 -7.5205260172628663E-01 a      2284     1    12     2     4
  1.3010955752296454E+00 a      2285     1    12     2     5
  1.3839687730701618E+00 a      2286     1    12     2     6
 -2.1286155280618209E+00 a      2287     1    12     2     7
 -1.7601366100629763E+00 a      2288     1    12     2     8
 -2.1315750632893953E+00 a      2289     1    12     2     9
 -1.1412146571746082E+00 a      2290     1    12     2    10
  6.2725457723182398E-01 a      2291     1    12     2    11
 -1.3887644300692922E-01 a      2292     1    12     2    12
 -3.3067551477289694E+00 a      2293     1    12     2    13
 -1.7126307358203861E+00 a      2294     1    12     2    14
  1.4210774309651804E+00 a      2295     1    12     2    15
 -4.7086111239204911E+00 a      2296     1    12     2    16
 -1.8734192941897823E+00 a      2297     1    12     2    17
  2.7148670817682768E-01 a      2298     1    12     2    18
 -2.2383230899205192E-01 a      2299     1    12     2    19
 -1.3661292783931536E+00 a      2300     1    12     2    20
 -1.3961517590133281E+00 a      2301     1    12     2    21
 -6.6196855046246315E+00 a      2302     1    12     2    22
  2.2956535346346869E+00 a      2303     1    12     2    23
 -1.7911767656592235E+00 a      2304     1    12     2    24
 -3.7705875974444454E+00 a      2305     1    12     2    25
  3.6456247900168365E-01 a      2306     1    12     2    26
  6.8690527321499173E-01 a      2307     1    12     2    27
 -8.8186819323892840E-01 a      2308     1    12     2    28
  7.5265332643472960E-01 a      2309     1    12     2    29
  1.0234822563265942E+00 a      2310     1    12     2    30
  1.3507814582467133E+00 a      2311     1    13     2     1
  2.7433082162640976E+00 a      2312     1    13     2     2
 -3.4480538515740933E+00 a      2313     1    13     2     3
 -1.4498669748253947E+00 a      2314     1    13     2     4
 -6.2443116629114925E-01 a      2315     1    13     2     5
 -1.4127790364528190E+00 a      2316     1    13     2     6
 -8.5160428429882895E-01 a      2317     1    13     2     7
 -2.5352708267507507E+00 a      2318     1    13     2     8
  2.8873761282703057E+00 a      2319     1    13     2     9
 -1.3452926834202503E+00 a      2320     1    13     2    10
  2.6933758263101742E-01 a      2321     1    13     2    11
  1.2112817005074425E+00 a      2322     1    13     2    12
 -1.1062633929641372E+00 a      2323     1    13     2    13
 -1.7334651834088866E+00 a      2324     1    13     2    14
 -1.5488397810367582E+00 a      2325     1    13     2    15
 -4.7262517095004251E+00 a      2326     1    13     2    16
 -9.2610078505751492E+00 a      2327     1    13     2    17
  1.7497221705915593E+00 a      2328     1    13     2    18
  1.1024183650119299E-01 a      2329     1    13     2    19
 -1.3464571268794070E+00 a      2330     1    13     2    20
 -1.5842203192506690E+00 a      2331     1    13     2    21
 -3.8883545884429671E-01 a      2332     1    13     2    22
  2.3935596136995723E+00 a      2333     1    13     2    23
  2.7287992215842980E+00 a      2334     1    13     2    24
 -2.2792249029317557E+00 a      2335     1    13     2    25
 -5.1595346246869800E-01 a      2336     1    13     2    26
 -1.2570700403581933E-01 a      2337     1    13     2    27
 -1.6410778147158056E-01 a      2338     1    13     2    28
  4.6583776423183965E+00 a      2339     1    13     2    29
 -1.6816815105437286E+00 a      2340     1    13     2    30
  5.0607724617956307E-01 a      2341     1    14     2     1
 -1.7850963592794455E+00 a      2342     1    14     2     2
  1.1452647002916876E+00 a      2343     1    14     2     3
 -9.0938082679288645E-01 a      2344     1    14     2     4
 -1.2066129567099604E+00 a      2345     1    14     2     5
  1.1935715323668701E+00 a      2346     1    14     2     6
  9.2282944219405505E-01 a      2347     1    14     2     7
  6.4805134475185844E-01 a      2348     1    14     2     8
  6.2094138032639101E-01 a      2349     1    14     2     9
  1.1668610138107112E-03 a      2350     1    14     2    10
 -8.5931872875552573E-01 a      2351     1    14     2    11
 -1.0565846854741090E+00 a      2352     1    14     2    12
 -2.7387714034824722E+00 a      2353     1    14     2    13
  1.2246684003591881E+00 a      2354     1    14     2    14
  2.3514749346419377E+00 a      2355     1    14     2    15
  9.9940605089050372E-01 a      2356     1    14     2    16
  2.6352403450678037E+00 a      2357     1    14     2    17
  2.1012816097353664E+00 a      2358     1    14     2    18
 -2.2733690341081725E+00 a      2359     1    14     2    19
 -1.6379755163672751E+00 a      2360     1    14     2    20
 -5.9380656754618226E-02 a      2361     1    14     2    21
 -2.3067022931866199E+00 a      2362     1    14     2    22
 -1.6527016600010269E+00 a      2363     1    14     2    23
  6.8254913015530994E-02 a      2364     1    14     2    24
  2.0104750758344219E+00 a      2365     1    14     2    25
  9.8261530119291929E-01 a      2366     1    14     2    26
  6.0168241260784672E-01 a      2367     1    14     2    27
  1.6146278356671209E-01 a      2368     1    14     2    28
  1.3060767085019289E+00 a      2369     1    14     2    29
 -1.7217636730681143E-01 a      2370     1    14     2    30
 -6.8235227356943040E-01 a      2371     1    15     2     1
  3.7797998827130561E+00 a      2372     1    15     2     2
 -1.8217202998460551E+00 a      2373     1    15     2     3
  9.3463181347318103E-01 a      2374     1    15     2     4
  1.9610856737076348E+00 a      2375     1    15     2     5
 -6.3865444972173897E+00 a      2376     1    15     2     6
  3.2902845372937550E+00 a      2377     1    15     2     7
  1.4030539312950914E+00 a      2378     1    15     2     8
 -1.5444373270488281E+00 a      2379     1    15     2     9
 -2.0110003295714343E+00 a      2380     1    15     2    10
 -3.5370492633791328E+00 a      2381     1    15     2    11
 -2.0299384722996541E+00 a      2382     1    15     2    12
  2.2547162801376790E+00 a      2383     1    15     2    13
 -9.6190284989000607E-01 a      2384     1    15     2    14
 -1.3773720098623224E-01 a      2385     1    15     2    15
 -2.6628245688900454E-01 a      2386     1    15     2    16
 -2.3198994617270885E+00 a      2387     1    15     2    17
  6.9413538568178501E-02 a      2388     1    15     2    18
 -2.3434757166133041E-01 a      2389     1    15     2    19
  3.4699886691714168E+00 a      2390     1    15     2    20
 -6.5873767164884600E-01 a      2391     1    15     2    21
 -2.1841958637173771E+00 a      2392     1    15     2    22
  1.4166479543541037E+00 a      2393     1    15     2    23
  2.4613312689767524E+00 a      2394     1    15     2    24
 -1.3372876565279570E+00 a      2395     1    15     2    25
 -9.6716242043305034E-02 a      2396     1    15     2    26
 -8.7064692142550215E-01 a      2397     1    15     2    27
 -1.2063648828426877E-02 a      2398     1    15     2    28
 -1.0845906168981065E+00 a      2399     1    15     2    29
  2.3238279258812380E+00 a      2400     1    15     2    30
 -4.4776837978353334E-01 a      2401     1    16     2     1
  5.6703317453403168E-01 a      2402     1    16     2     2
  1.9800458539307186E+00 a      2403     1    16     2     3
  8.2269601391372982E-01 a      2404     1    16     2     4
  1.3726186656349064E+00 a      2405     1    16     2     5
  3.7566063749971196E-01 a      2406     1    16     2     6
 -2.9105203597095910E+00 a      2407     1    16     2     7
 -6.1301415583332808E-01 a      2408     1    16     2     8
  3.6988770235575528E+00 a      2409     1    16     2     9
 -9.2160231492342759E-01 a      2410     1    16     2    10
  5.0875373073091035E-01 a      2411     1    16     2    11
  9.6229409142161715E-01 a      2412     1    16     2    12
 -2.0503640147206550E+00 a      2413     1    16     2    13
 -4.2611588237557134E+00 a      2414     1    16     2    14
 -1.6845136792268897E-01 a      2415     1    16     2    15
 -9.6815826129812321E-02 a      2416     1    16     2    16
  1.5850438471609329E+00 a      2417     1    16     2    17
  2.1838232623787963E+00 a      2418     1    16     2    18
  1.5106036188137539E+00 a      2419     1    16     2    19
 -2.7860945820516746E-02 a      2420     1    16     2    20
  4.7973110519381101E-01 a      2421     1    16     2    21
 -1.5774705210963862E+00 a      2422     1    16     2    22
  1.6637423483448739E+00 a      2423     1    16     2    23
 -9.0297844329836219E-01 a      2424     1    16     2    24
  3.3745265659671699E+00 a      2425     1    16     2    25
 -3.1298046348402792E-01 a      2426     1    16     2    26
  3.1424244975427074E-01 a      2427     1    16     2    27
 -4.2882941049378759E-01 a      2428     1    16     2    28
 -4.1631902148150046E-01 a      2429     1    16     2    29
 -2.0471639378614994E+00 a      2430     1    16     2    30
  1.2290217907116099E+00 a      2431     1    17     2     1
 -1.3256574359568776E+00 a      2432     1    17     2     2
  3.1638490045263540E-01 a      2433     1    17     2     3
 -2.4911345122391473E+00 a      2434     1    17     2     4
 -6.7597062484511128E-01 a      2435     1    17     2     5
 -3.2730403325099361E-01 a      2436     1    17     2     6
  1.6530841335597388E-01 a      2437     1    17     2     7
  4.3201314003113978E-01 a      2438     1    17     2     8
 -1.0858298672121440E-01 a      2439     1    17     2     9
  5.8255931062557078E+00 a      2440     1    17     2    10
 -9.5339390024516357E-01 a      2441     1    17     2    11
  1.5913482132096275E+00 a      2442     1    17     2    12
  2.4360883089227263E+00 a      2443     1    17     2    13
 -4.9488829798826944E-01 a      2444     1    17     2    14
 -3.8659354248761990E-01 a      2445     1    17     2    15
  4.6445553180522197E+00 a      2446     1    17     2    16
  2.9108202793441982E+00 a      2447     1    17     2    17
 -7.7775872930759737E-01 a      2448     1    17     2    18
  2.8109035801620837E-02 a      2449     1    17     2    19
  7.9263568921171468E-01 a      2450     1    17     2    20
 -1.4776419925401916E+00 a      2451     1    17     2    21
  2.3965977585818852E+00 a      2452     1    17     2    22
 -1.8935165410466344E+00 a      2453     1    17     2    23
 -9.3110648021212994E-01 a      2454     1    17     2    24
  2.7392751737498278E-01 a      2455     1    17     2    25
  2.8737443139818997E-01 a      2456     1    17     2    26
 -7.4099272676137207E-01 a      2457     1    17     2    27
 -1.3275305781043938E+00 a      2458     1    17     2    28
 -2.9358291315238212E+00 a      2459     1    17     2    29
 -3.1579385395191983E-01 a      2460     1    17     2    30
 -1.4641383908733616E+00 a      2461     1    18     2     1
 -2.3487240375666056E+00 a      2462     1    18     2     2
 -1.8703048560770325E-01 a      2463     1    18     2     3
  1.1176733529486382E+00 a      2464     1    18     2     4
 -8.6470416273591699E-01 a      2465     1    18     2     5
  1.6730642288329451E+00 a      2466     1    18     2     6
  1.8406370272350472E+00 a      2467     1    18     2     7
  2.6176415065515224E+00 a      2468     1    18     2     8
 -2.2064808303274694E-01 a      2469     1    18     2     9
 -5.5688017119682487E-01 a      2470     1    18     2    10
  1.1425049972100427E+00 a      2471     1    18     2    11
  8.7870835289588545E-01 a      2472     1    18     2    12
 -2.2686338180336243E+00 a      2473     1    18     2    13
  3.1184936781027832E+00 a      2474     1    18     2    14
  1.4112511491385313E+00 a      2475     1    18     2    15
 -1.0209760796843592E+00 a      2476     1    18     2    16
 -1.2716357219075036E+00 a      2477     1    18     2    17
  1.2443764037390865E+00 a      2478     1    18     2    18
 -3.3587562655935099E-01 a      2479     1    18     2    19
 -1.5023057539616509E+00 a      2480     1    18     2    20
  9.2349755677915046E-01 a      2481     1    18     2    21
  2.0565126256091695E+00 a      2482     1    18     2    22
  1.1939607961822662E+00 a      2483     1    18     2    23
 -5.6000996305059170E-01 a      2484     1    18     2    24
  3.9319748226737677E-01 a      2485     1    18     2    25
  2.0390725547982849E-01 a      2486     1    18     2    26
  2.0504066746108454E-01 a      2487     1    18     2    27
 -2.4202281124372407E+00 a      2488     1    18     2    28
  1.3636557655223969E+00 a      2489     1    18     2    29
  2.6102939578202213E+00 a      2490     1    18     2    30
 -2.6348042506374725E+00 a      2491     1    19     2     1
 -3.0967845074319977E+00 a      2492     1    19     2     2
 -8.2151506475183511E-01 a      2493     1    19     2     3
 -9.6924992884595929E-01 a      2494     1    19     2     4
 -1.8128944443678201E+00 a      2495     1    19     2     5
  6.1666984085746472E+00 a      2496     1    19     2     6
  2.0467528024492920E+00 a      2497     1    19     2     7
  1.1188276195009788E+00 a      2498     1    19     2     8
 -6.1443636368662524E-01 a      2499     1    19     2     9
  3.1730144502474866E+00 a      2500     1    19     2    10
  1.3270912859645816E+00 a      2501     1    19     2    11
  5.6528181023511137E-01 a      2502     1    19     2    12
 -7.8382666209424456E-01 a      2503     1    19     2    13
  2.7160150263325864E+00 a      2504     1    19     2    14
  4.8183131969218274E-01 a      2505     1    19     2    15
  1.5831021954254162E-01 a      2506     1    19     2    16
 -1.9164497848743258E+00 a      2507     1    19     2    17
 -9.3072833018250103E-02 a      2508     1    19     2    18
 -2.0088239451966561E+00 a      2509     1    19     2    19
 -1.7022988781209905E+00 a      2510     1    19     2    20
  9.9512639866554919E-01 a      2511     1    19     2    21
  5.3563311857035645E-01 a      2512     1    19     2    22
 -1.5269837239354520E+00 a      2513     1    19     2    23
  1.2016283533281731E+00 a      2514     1    19     2    24
 -8.5534601509998820E-01 a      2515     1    19     2    25
 -8.6396497347690016E-01 a      2516     1    19     2    26
 -7.9232476284234443E-01 a      2517     1    19     2    27
 -7.1620340625143042E-01 a      2518     1    19     2    28
 -1.1259500130545725E+00 a      2519     1    19     2    29
 -1.0802790471242798E+00 a      2520     1    19     2    30
 -2.4163008736077587E+00 a      2521     1    20     2     1
 -6.3877732373748541E-01 a      2522     1    20     2     2
  1.3932354310977630E+00 a      2523     1    20     2     3
 -5.1269642481307964E-01 a      2524     1    20     2     4
  1.5422233340747806E+00 a      2525     1    20     2     5
 -1.1832899809211703E+00 a      2526     1    20     2     6
  2.7601785548038542E+00 a      2527     1    20     2     7
 -1.7266560042345477E-01 a      2528     1    20     2     8
  7.8387702425526395E-01 a      2529     1    20     2     9
 -2.2322177364451572E+00 a      2530     1    20     2    10
  4.1905160746660064E+00 a      2531     1    20     2    11
  4.3067182162752182E-02 a      2532     1    20     2    12
 -4.0157159630704458E+00 a      2533     1    20     2    13
 -2.4665547740215352E+00 a      2534     1    20     2    14
  8.2962723845460895E-01 a      2535     1    20     2    15
  2.4129370756301034E+00 a      2536     1    20     2    16
 -6.3857094266391679E-01 a      2537     1    20     2    17
 -1.3516651009849228E+00 a      2538     1    20     2    18
  1.2694106062452521E+00 a      2539     1    20     2    19
  8.9056197390722536E-01 a      2540     1    20     2    20
 -1.6872726969529648E+00 a      2541     1    20     2    21
  1.9697093421977978E+00 a      2542     1    20     2    22
 -4.8176418247130892E-01 a      2543     1    20     2    23
 -5.0998186316430649E-01 a      2544     1    20     2    24
 -2.6244017040380028E+00 a      2545     1    20     2    25
 -6.5882208397912179E-01 a      2546     1    20     2    26
  2.3387179732732473E-02 a      2547     1    20     2    27
  1.0672450545748959E+00 a      2548     1    20     2    28
 -2.6947747807218643E+00 a      2549     1    20     2    29
 -1.2836845758549666E+00 a      2550     1    20     2    30
 -1.5445362399253423E-01 a      2551     1    21     2     1
 -3.0669919248441746E-01 a      2552     1    21     2     2
 -1.5233024895482705E+00 a      2553     1    21     2     3
 -6.0234043931816739E-01 a      2554     1    21     2     4
  1.3969760863312011E+00 a      2555     1    21     2     5
 -3.9452451472143180E+00 a      2556     1    21     2     6
  7.6113609344675637E-01 a      2557     1    21     2     7
  3.1725995964851030E+00 a      2558     1    21     2     8
 -1.8176199384714606E+00 a      2559     1    21     2     9
  4.1867126664959448E-01 a      2560     1    21     2    10
 -2.6996398179748782E-01 a      2561     1    21     2    11
 -1.1453297729060343E+00 a      2562     1    21     2    12
  1.1899976914152264E+00 a      2563     1    21     2    13
  2.2585126133060065E+00 a      2564     1    21     2    14
  1.2848060574844775E-01 a      2565     1    21     2    15
  1.8694274229500729E+00 a      2566     1    21     2    16
  1.3567025373055608E+00 a      2567     1    21     2    17
 -2.2029789705518175E+00 a      2568     1    21     2    18
  1.2655914182765926E+00 a      2569     1    21     2    19
 -5.6483198516056243E-01 a      2570     1    21     2    20
 -4.1403786725630709E-01 a      2571     1    21     2    21
  1.8180834367204539E+00 a      2572     1    21     2    22
 -3.8128861576463768E-01 a      2573     1    21     2    23
 -3.1021512670261968E+00 a      2574     1    21     2    24
  2.0018378752322294E+00 a      2575     1    21     2    25
  1.1881041276532492E-01 a      2576     1    21     2    26
 -4.0836135146553015E-02 a      2577     1    21     2    27
 -8.9613592169868006E-01 a      2578     1    21     2    28
  1.6283264114344764E+00 a      2579     1    21     2    29
 -6.4008174895304721E+00 a      2580     1    21     2    30
  1.7626561673991070E+00 a      2581     1    22     2     1
 -1.6456585790438480E+00 a      2582     1    22     2     2
  3.6470035640991949E-01 a      2583     1    22     2     3
  1.3336708917312083E+00 a      2584     1    22     2     4
 -1.8164483575883508E+00 a      2585     1    22     2     5
  1.1903933239974187E+00 a      2586     1    22     2     6
 -1.2355608017297806E+00 a      2587     1    22     2     7
 -1.0872103220926308E+00 a      2588     1    22     2     8
  2.2291395807151622E+00 a      2589     1    22     2     9
  9.8540266850944047E-01 a      2590     1    22     2    10
  9.5844656869301992E-01 a      2591     1    22     2    11
  5.1271914126231699E-01 a      2592     1    22     2    12
 -2.4932646057031858E+00 a      2593     1    22     2    13
  1.1874571276975772E+00 a      2594     1    22     2    14
 -3.6557440256487678E-01 a      2595     1    22     2    15
  2.8376897533333785E+00 a      2596     1    22     2    16
  1.7472246297201206E+00 a      2597     1    22     2    17
 -1.6439645824320321E+00 a      2598     1    22     2    18
  8.5405568521940545E-01 a      2599     1    22     2    19
 -1.3434564509664157E-01 a      2600     1    22     2    20
 -1.6561597677526660E+00 a      2601     1    22     2    21
 -5.2909451875643896E+00 a      2602     1    22     2    22
 -1.2438009221180595E+00 a      2603     1    22     2    23
  1.9699823376003069E+00 a      2604     1    22     2    24
  1.7077018276596163E+00 a      2605     1    22     2    25
 -2.1917912947822886E+00 a      2606     1    22     2    26
 -6.3430750594788843E-01 a      2607     1    22     2    27
 -1.3919014157629161E+00 a      2608     1    22     2    28
 -1.7996612229170361E+00 a      2609     1    22     2    29
 -2.1048970821852930E+00 a      2610     1    22     2    30
  1.8830827117670204E-01 a      2611     1    23     2     1
  2.7037355337438291E+00 a      2612     1    23     2     2
 -1.9332649977586849E+00 a      2613     1    23     2     3
  1.9589892961611466E-01 a      2614     1    23     2     4
  8.8341921888143082E-01 a      2615     1    23     2     5
 -6.8999737177785558E+00 a      2616     1    23     2     6
 -3.5645053483459863E+00 a      2617     1    23     2     7
 -1.9974147515930125E+00 a      2618     1    23     2     8
 -3.0979568205346886E+00 a      2619     1    23     2     9
  2.9719723949871962E-01 a      2620     1    23     2    10
 -8.9612007648434100E-01 a      2621     1    23     2    11
 -1.4101256189083817E+00 a      2622     1    23     2    12
  2.3620652636680273E+00 a      2623     1    23     2    13
 -7.2954649104505206E-02 a      2624     1    23     2    14
  3.9342962107044777E-01 a      2625     1    23     2    15
 -2.2834675888258706E+00 a      2626     1    23     2    16
  1.5823334898961081E+00 a      2627     1    23     2    17
  1.0741523446572568E-01 a      2628     1    23     2    18
  1.4480919348872299E+00 a      2629     1    23     2    19
 -2.6779046540870105E-01 a      2630     1    23     2    20
 -6.3268408498366813E-01 a      2631     1    23     2    21
 -1.0259759000607901E-01 a      2632     1    23     2    22
  2.8598774077975935E+00 a      2633     1    23     2    23
  1.6536242030824706E+00 a      2634     1    23     2    24
  2.3683060674762174E-01 a      2635     1    23     2    25
  3.3476108797819486E+00 a      2636     1    23     2    26
 -4.5950961934857076E-01 a      2637     1    23     2    27
  2.3429280142188800E+00 a      2638     1    23     2    28
 -3.4683334249780042E+00 a      2639     1    23     2    29
  1.8796987050718994E+00 a      2640     1    23     2    30
 -1.9013192761196991E+00 a      2641     1    24     2     1
 -1.6329685529558804E+00 a      2642     1    24     2     2
  3.6263300202885562E-01 a      2643     1    24     2     3
 -1.3086878031695544E+00 a      2644     1    24     2     4
 -4.8268678532956732E-01 a      2645     1    24     2     5
 -1.2357335535877250E+00 a      2646     1    24     2     6
 -2.4072023797101370E+00 a      2647     1    24     2     7
  1.5500949700272029E-01 a      2648     1    24     2     8
 -1.3563721068395007E+00 a      2649     1    24     2     9
  2.6323956935130077E+00 a      2650     1    24     2    10
 -4.7857922219897614E-01 a      2651     1    24     2    11
  1.6889139368010361E-01 a      2652     1    24     2    12
  1.1351373506582898E+00 a      2653     1    24     2    13
 -2.1555931075423214E+00 a      2654     1    24     2    14
 -6.3580223391243451E-01 a      2655     1    24     2    15
  4.1898518087065240E+00 a      2656     1    24     2    16
  8.5088782589785028E-01 a      2657     1    24     2    17
 -1.4586739487949376E+00 a      2658     1    24     2    18
  9.6901187255115850E-01 a      2659     1    24     2    19
  1.6805851495830717E+00 a      2660     1    24     2    20
  8.7627309887862026E-01 a      2661     1    24     2    21
 -1.3443110780822995E+00 a      2662     1    24     2    22
 -4.4190904597710210E+00 a      2663     1    24     2    23
 -4.3330120613578087E+00 a      2664     1    24     2    24
 -1.6005641309219558E+00 a      2665     1    24     2    25
 -2.9148124625187952E+00 a      2666     1    24     2    26
 -9.9752176336045018E-01 a      2667     1    24     2    27
 -2.4610247137808658E-01 a      2668     1    24     2    28
 -4.3287745461199362E-01 a      2669     1    24     2    29
 -5.4586414686227003E-01 a      2670     1    24     2    30
  1.2741976380704001E+00 a      2671     1    25     2     1
  1.5205879371222173E+00 a      2672     1    25     2     2
  9.6195433813669096E-01 a      2673     1    25     2     3
  1.9362890386247905E-01 a      2674     1    25     2     4
  1.0368146664792788E+00 a      2675     1    25     2     5
 -1.3415076485771242E+00 a      2676     1    25     2     6
  1.7053603249655241E-01 a      2677     1    25     2     7
 -1.7537603421297558E+00 a      2678     1    25     2     8
  2.8027593864199124E-01 a      2679     1    25     2     9
 -2.4060290069365760E+00 a      2680     1    25     2    10
 -3.2249380567663009E+00 a      2681     1    25     2    11
  1.6530610734280224E+00 a      2682     1    25     2    12
 -2.9799615388285021E+00 a      2683     1    25     2    13
 -2.0153309694702908E+00 a      2684     1    25     2    14
  5.5741122650857711E-01 a      2685     1    25     2    15
 -3.0262012727435303E+00 a      2686     1    25     2    16
 -2.6995854234815546E+00 a      2687     1    25     2    17
  1.8909687639314451E-01 a      2688     1    25     2    18
 -1.7097354272425349E+00 a      2689     1    25     2    19
  3.9758826400940021E-02 a      2690     1    25     2    20
  2.0635926925399177E+00 a      2691     1    25     2    21
  2.8644964461041447E+00 a      2692     1    25     2    22
  2.3719687626837307E+00 a      2693     1    25     2    23
 -6.9941862416916978E-01 a      2694     1    25     2    24
 -1.9059715815903140E+00 a      2695     1    25     2    25
 -3.0790023750072577E+00 a      2696     1    25     2    26
 -9.2335787311814943E-01 a      2697     1    25     2    27
 -4.6341879157931265E-01 a      2698     1    25     2    28
 -5.3114182181952141E-01 a      2699     1    25     2    29
  2.8361482308252648E+00 a      2700     1    25     2    30
 -6.3309764423939441E-01 a      2701     1    26     2     1
  1.0775588401112319E+00 a      2702     1    26     2     2
 -3.4586658916871311E+00 a      2703     1    26     2     3
 -4.9291658246960496E-01 a      2704     1    26     2     4
 -2.9610349492110584E+00 a      2705     1    26     2     5
  8.0849205630857190E-01 a      2706     1    26     2     6
  1.4958993336511234E-01 a      2707     1    26     2     7
 -2.2660377237446121E+00 a      2708     1    26     2     8
 -3.1452052429414499E+00 a      2709     1    26     2     9
  1.2141003967017183E+00 a      2710     1    26     2    10
 -9.1545298425718580E-01 a      2711     1    26     2    11
  8.0181368289763977E-01 a      2712     1    26     2    12
  1.8844220584278146E+00 a      2713     1    26     2    13
 -2.5113615084636498E+00 a      2714     1    26     2    14
 -2.5515307744714195E+00 a      2715     1    26     2    15
 -6.5195423728751445E-01 a      2716     1    26     2    16
 -4.1608731453601671E+00 a      2717     1    26     2    17
 -8.0018996535813325E-01 a      2718     1    26     2    18
 -2.7195956769825949E+00 a      2719     1    26     2    19
  8.9601087002022894E-01 a      2720     1    26     2    20
 -1.7997841610673673E+00 a      2721     1    26     2    21
 -2.4595019390793675E+00 a      2722     1    26     2    22
  5.9378800130328779E-01 a      2723     1    26     2    23
  3.4563012804682680E-01 a      2724     1    26     2    24
 -2.4317036626379354E+00 a      2725     1    26     2    25
 -2.6066224761788086E+00 a      2726     1    26     2    26
 -1.1742050410677669E+00 a      2727     1    26     2    27
  2.9825131193211551E+00 a      2728     1    26     2    28
  4.7630480212011062E+00 a      2729     1    26     2    29
 -1.8121555045137181E+00 a      2730     1    26     2    30
 -2.6099519115913417E+00 a      2731     1    27     2     1
 -6.0758123347371573E-01 a      2732     1    27     2     2
 -2.5596987385944483E+00 a      2733     1    27     2     3
  9.8411098242056161E-01 a      2734     1    27     2     4
  2.1125044552396268E+00 a      2735     1    27     2     5
  4.2613316788881300E-01 a      2736     1    27     2     6
  2.6994914387919540E+00 a      2737     1    27     2     7
 -3.6860032521848651E-01 a      2738     1    27     2     8
 -3.1325866333562105E+00 a      2739     1    27     2     9
  2.0538432614007448E-02 a      2740     1    27     2    10
  2.1935723306114610E+00 a      2741     1    27     2    11
  7.3933276981298895E-02 a      2742     1    27     2    12
  5.2517921793419819E-01 a      2743     1    27     2    13
  3.8037140151701221E-01 a      2744     1    27     2    14
  2.4412428923707861E+00 a      2745     1    27     2    15
 -1.7224378053324569E+00 a      2746     1    27     2    16
  1.4048648313695142E+00 a      2747     1    27     2    17
 -5.4250937698671320E-01 a      2748     1    27     2    18
  8.3499393252210607E-01 a      2749     1    27     2    19
  3.6729502000172232E-01 a      2750     1    27     2    20
 -2.5084498315022130E+00 a      2751     1    27     2    21
  3.5496241929303113E-01 a      2752     1    27     2    22
  2.0781138440156591E-01 a      2753     1    27     2    23
  1.0416093964866755E+00 a      2754     1    27     2    24
  2.2111062062860842E+00 a      2755     1    27     2    25
 -4.1672642568052226E-01 a      2756     1    27     2    26
  2.0002977073650260E-01 a      2757     1    27     2    27
  1.4523981137272253E+00 a      2758     1    27     2    28
 -1.9709171116734228E+00 a      2759     1    27     2    29
 -2.0467225402711282E+00 a      2760     1    27     2    30
 -1.1745728511294360E+00 a      2761     1    28     2     1
 -3.1012340722079199E+00 a      2762     1    28     2     2
 -3.4256196951607565E-01 a      2763     1    28     2     3
  2.5100888145361253E+00 a      2764     1    28     2     4
 -7.6883843943873620E-01 a      2765     1    28     2     5
 -9.0878477036974348E-01 a      2766     1    28     2     6
  4.2356509976000947E+00 a      2767     1    28     2     7
 -1.5470364064259901E+00 a      2768     1    28     2     8
 -9.0659780347384467E-01 a      2769     1    28     2     9
 -2.0807141975059906E+00 a      2770     1    28     2    10
 -1.0625991662097014E+00 a      2771     1    28     2    11
 -2.5054898686588194E+00 a      2772     1    28     2    12
  2.0991621561962437E+00 a      2773     1    28     2    13
 -2.6289062287727005E+00 a      2774     1    28     2    14
  8.9454335221912873E-01 a      2775     1    28     2    15
  1.3755225657161978E+00 a      2776     1    28     2    16
 -1.7426113795564504E+00 a      2777     1    28     2    17
  1.3451695735682430E+00 a      2778     1    28     2    18
 -3.3976803798270944E-01 a      2779     1    28     2    19
  2.3474894606144388E-02 a      2780     1    28     2    20
  8.4571099456565524E-01 a      2781     1    28     2    21
 -2.0136990872460228E+00 a      2782     1    28     2    22
 -2.2411486638498399E+00 a      2783     1    28     2    23
  1.7050324131181860E+00 a      2784     1    28     2    24
  2.2091532854521709E+00 a      2785     1    28     2    25
  2.4847140040925222E+00 a      2786     1    28     2    26
  7.7812541748716180E-01 a      2787     1    28     2    27
  1.6876982195017205E+00 a      2788     1    28     2    28
  1.9649907099792290E+00 a      2789     1    28     2    29
  2.6036589634373924E-01 a      2790     1    28     2    30
 -2.0934164339121542E-01 a      2791     1    29     2     1
  3.3583446092170952E+00 a      2792     1    29     2     2
 -2.2693181866417298E+00 a      2793     1    29     2     3
  6.3440263278985121E-01 a      2794     1    29     2     4
 -3.9626939293806146E-01 a      2795     1    29     2     5
 -1.7348129967866937E+00 a      2796     1    29     2     6
 -9.6504221869165219E-01 a      2797     1    29     2     7
  7.4072040916288140E-01 a      2798     1    29     2     8
 -7.2060393320435356E-01 a      2799     1    29     2     9
 -2.5105009011249430E-01 a      2800     1    29     2    10
 -7.1171634870175893E-01 a      2801     1    29     2    11
  2.1169310151030070E+00 a      2802     1    29     2    12
  1.3559252601753089E+00 a      2803     1    29     2    13
  2.3300564201304623E+00 a      2804     1    29     2    14
  2.3122498842239541E+00 a      2805     1    29     2    15
 -5.9226071685042880E-01 a      2806     1    29     2    16
  4.6321588810424608E+00 a      2807     1    29     2    17
 -8.7377015860086049E-01 a      2808     1    29     2    18
  6.1974914369844925E-02 a      2809     1    29     2    19
 -4.2244576476398334E+00 a      2810     1    29     2    20
  8.5512719806241189E-01 a      2811     1    29     2    21
  7.4292357055201208E-02 a      2812     1    29     2    22
 -2.7067933829861883E+00 a      2813     1    29     2    23
 -2.2911765550523495E+00 a      2814     1    29     2    24
  3.9689524107342105E+00 a      2815     1    29     2    25
 -6.9046002492774455E-02 a      2816     1    29     2    26
  1.0318412657713605E+00 a      2817     1    29     2    27
 -1.0837808072040438E-01 a      2818     1    29     2    28
  1.1659080289757111E+00 a      2819     1    29     2    29
  1.9860086118429860E+00 a      2820     1    29     2    30
 -2.8192622166681813E-01 a      2821     1    30     2     1
  8.4302967589653932E-01 a      2822     1    30     2     2
 -2.2320401500216827E+00 a      2823     1    30     2     3
  3.6977620209513673E+00 a      2824     1    30     2     4
 -2.9336811161050687E+00 a      2825     1    30     2     5
  1.0120844377810201E-01 a      2826     1    30     2     6
  4.6797042354177160E-01 a      2827     1    30     2     7
 -4.6302418730921041E-01 a      2828     1    30     2     8
 -6.2028903529208146E-01 a      2829     1    30     2     9
  4.1763964263535645E+00 a      2830     1    30     2    10
  2.3286748828096480E+00 a      2831     1    30     2    11
 -3.7647261694386844E+00 a      2832     1    30     2    12
 -1.7040949971805670E+00 a      2833     1    30     2    13
  9.2326507759044135E-02 a      2834     1    30     2    14
 -7.6211161360262056E-02 a      2835     1    30     2    15
 -3.7573675203730379E+00 a      2836     1    30     2    16
  1.4241554677653292E+00 a      2837     1    30     2    17
  1.3218290907032951E-01 a      2838     1    30     2    18
 -1.5120196895654496E+00 a      2839     1    30     2    19
 -7.8733769941549214E-01 a      2840     1    30     2    20
  5.1940512909056691E-01 a      2841     1    30     2    21
  7.4282909859891788E-01 a      2842     1    30     2    22
  3.0252896539075630E-01 a      2843     1    30     2    23
 -5.5161721872693201E+00 a      2844     1    30     2    24
  5.7895709915184890E-01 a      2845     1    30     2    25
 -2.8695199244674237E-02 a      2846     1    30     2    26
  1.4436465403481709E+00 a      2847     1    30     2    27
 -1.6206737993535847E+00 a      2848     1    30     2    28
  3.0710333976903930E+00 a      2849     1    30     2    29
 -6.7043605069440615E-01 a      2850     1    30     2    30
  6.2509815878189370E+00 b      2851     2     1
  5.3128645153201415E+00 b      2852     2     2
  8.4553271763784270E+00 b      2853     2     3
 -3.7792714411795378E+00 b      2854     2     4
  5.1357472022227464E+00 b      2855     2     5
 -5.7354084767487246E+00 b      2856     2     6
 -1.0979784139554923E+01 b      2857     2     7
  8.9359621437804062E+00 b      2858     2     8
  4.9024730408693440E+00 b      2859     2     9
 -8.0420322143202352E+00 b      2860     2    10
 -9.1614066434744839E+00 b      2861     2    11
  5.3926384202172395E+00 b      2862     2    12
  4.0468294590097269E+00 b      2863     2    13
  6.5103541116792156E+00 b      2864     2    14
  1.7227109653615937E+00 b      2865     2    15
  4.8393445304144969E+00 b      2866     2    16
  1.0236532563592265E+01 b      2867     2    17
 -1.1358349941081839E+01 b      2868     2    18
  2.6158285907999850E+00 b      2869     2    19
 -1.2645222304370058E+00 b      2870     2    20
  1.9430704461040866E+00 b      2871     2    21
  4.3096144691472906E+00 b      2872     2    22
 -8.1462249156315529E+00 b      2873     2    23
  1.2387610440290890E+00 b      2874     2    24
  4.1737715695820716E+00 b      2875     2    25
  1.0356035184341852E+01 b      2876     2    26
 -1.0839928020403369E+00 b      2877     2    27
 -6.4942674935354716E-02 b      2878     2    28
 -2.2101463386827800E+00 b      2879     2    29
 -9.9737200575037299E+00 b      2880     2    30
 -2.4593799073726941E-02 a      2881     2     1     3     1
  4.7677932973929239E-04 a      2882     2     2     3     1
  3.6887796022329826E-02 a      2883     2     3     3     1
  3.4914792348805415E-02 a      2884     2     4     3     1
 -2.6577079319093283E-02 a      2885     2     5     3     1
  3.5194645389277773E-02 a      2886     2     6     3     1
 -1.0819582198398556E-02 a      2887     2     7     3     1
 -4.2562612772748337E-02 a      2888     2     8     3     1
 -3.1666624085765052E-02 a      2889     2     9     3     1
 -8.7041337310737790E-03 a      2890     2    10     3     1
 -3.9480511795305144E-02 a      2891     2    11     3     1
 -2.4205210495825791E-02 a      2892     2    12     3     1
 -5.2475523300512444E-02 a      2893     2    13     3     1
  4.6717655859032030E-02 a      2894     2    14     3     1
 -2.1391470245781946E-02 a      2895     2    15     3     1
  7.1693113834828135E-03 a      2896     2    16     3     1
 -5.1829880108792336E-03 a      2897     2    17     3     1
  5.3515995409575183E-02 a      2898     2    18     3     1
  9.7847040650357944E-02 a      2899     2    19     3     1
 -4.5541028838236838E-02 a      2900     2    20     3     1
  2.3312760249932146E-02 a      2901     2    21     3     1
 -6.0105290374136144E-03 a      2902     2    22     3     1
  4.2779516475666461E-02 a      2903     2    23     3     1
  4.7260348353662343E-02 a      2904     2    24     3     1
  1.4961951899285883E-02 a      2905     2    25     3     1
 -4.5709672661437398E-02 a      2906     2    26     3     1
  8.4478304826218098E-02 a      2907     2    27     3     1
  4.4206301453689742E-02 a      2908     2    28     3     1
 -6.9205585194229181E-03 a      2909     2    29     3     1
  8.4468402084654955E-03 a      2910     2    30     3     1
  2.9280797228530218E+00 b      2911     3     1
