################################################################################
# Neural network connection values (weights and biases).
################################################################################
# Col  Name       Description
################################################################################
# 1    connection Neural network connection value.
# 2    t          Connection type (a = weight, b = bias).
# 3    index      Index enumerating weights.
# 4    l_s        Starting point layer (end point layer for biases).
# 5    n_s        Starting point neuron in starting layer (end point neuron for biases).
# 6    l_e        End point layer.
# 7    n_e        End point neuron in end layer.
################################################################################
#                      1 2         3     4     5     6     7
#             connection t     index   l_s   n_s   l_e   n_e
############################################################
 -7.3486540317558138E+00 a         1     0     1     1     1
  2.0772389157206796E+00 a         2     0     1     1     2
  3.0031947904214880E+00 a         3     0     1     1     3
  1.0148609485127412E+01 a         4     0     1     1     4
  5.4108604007658059E+00 a         5     0     1     1     5
  1.1544125533308002E+01 a         6     0     1     1     6
  5.2739368142985095E+00 a         7     0     1     1     7
  1.6234592474134075E+00 a         8     0     1     1     8
  6.3642788012753746E+00 a         9     0     1     1     9
  6.6081152079982592E+00 a        10     0     1     1    10
 -1.3212527318293274E+01 a        11     0     1     1    11
  8.1508087677199406E+00 a        12     0     1     1    12
  8.1285790679703123E+00 a        13     0     1     1    13
 -1.3990180181536136E+01 a        14     0     1     1    14
 -1.4869360473055632E-01 a        15     0     1     1    15
  1.5913889944262362E+01 a        16     0     1     1    16
 -2.8496854074844453E+00 a        17     0     1     1    17
  3.5042676918977067E+00 a        18     0     1     1    18
 -7.5833713074515270E+00 a        19     0     1     1    19
 -4.9964583931217579E+00 a        20     0     1     1    20
 -1.8901934087758325E+00 a        21     0     1     1    21
  4.8196630316382887E+00 a        22     0     1     1    22
 -2.8907407903749034E+00 a        23     0     1     1    23
  6.3062154313827645E-01 a        24     0     1     1    24
  3.6444830345531267E+00 a        25     0     1     1    25
 -3.5819231625454906E+00 a        26     0     1     1    26
  5.0221323136627172E+00 a        27     0     1     1    27
  8.0949561796721454E+00 a        28     0     1     1    28
  2.6729606222307476E+00 a        29     0     1     1    29
 -6.9336597369977051E+00 a        30     0     1     1    30
  1.2189128602012726E+01 a        31     0     2     1     1
 -5.0366078984467837E+00 a        32     0     2     1     2
 -5.5088194639361063E+00 a        33     0     2     1     3
  6.3383960276847020E+00 a        34     0     2     1     4
 -4.9861132931008884E-01 a        35     0     2     1     5
 -3.4597193729907789E+00 a        36     0     2     1     6
 -1.2103829693850594E+01 a        37     0     2     1     7
  8.2532523513374638E+00 a        38     0     2     1     8
  1.9522113336090163E+00 a        39     0     2     1     9
 -4.7381816439160995E-01 a        40     0     2     1    10
 -6.2043322099813452E+00 a        41     0     2     1    11
 -8.3556562835356356E+00 a        42     0     2     1    12
  1.7238495379199084E+00 a        43     0     2     1    13
  1.2739106177025715E+01 a        44     0     2     1    14
 -6.8030652435467465E+00 a        45     0     2     1    15
  1.3816501024679200E+00 a        46     0     2     1    16
  5.5480400391522471E+00 a        47     0     2     1    17
  4.2900141427331731E+00 a        48     0     2     1    18
 -2.0330891395414362E+01 a        49     0     2     1    19
 -1.1052095119249220E+01 a        50     0     2     1    20
 -5.2911023821349712E+00 a        51     0     2     1    21
 -2.9796633017371938E+00 a        52     0     2     1    22
  1.4717406632310675E+01 a        53     0     2     1    23
  1.5993706857026027E+00 a        54     0     2     1    24
 -8.7008251843991449E+00 a        55     0     2     1    25
  7.7289271721065527E+00 a        56     0     2     1    26
  5.5113182127518634E+00 a        57     0     2     1    27
  1.7530834959820096E+00 a        58     0     2     1    28
 -1.4675276199601128E+00 a        59     0     2     1    29
 -3.4874584063340301E+00 a        60     0     2     1    30
 -6.2122271663701882E+00 a        61     0     3     1     1
  4.2341012105066058E+00 a        62     0     3     1     2
  1.4790014240382712E+00 a        63     0     3     1     3
 -9.8270474739799241E+00 a        64     0     3     1     4
 -1.4729485062975163E+00 a        65     0     3     1     5
  3.9780734346252822E+00 a        66     0     3     1     6
  3.1414352999028732E+00 a        67     0     3     1     7
  1.7111466636849413E+00 a        68     0     3     1     8
 -4.0952524131655954E+00 a        69     0     3     1     9
  1.0611911429931815E+00 a        70     0     3     1    10
 -4.3964150512427169E+00 a        71     0     3     1    11
 -4.9818162444818510E+00 a        72     0     3     1    12
 -2.1602079335783838E+01 a        73     0     3     1    13
  2.6584046450076406E+00 a        74     0     3     1    14
  4.1916433373862487E+00 a        75     0     3     1    15
  3.1800042051755777E+00 a        76     0     3     1    16
  3.7888003138184279E-01 a        77     0     3     1    17
  7.5097410450600499E-01 a        78     0     3     1    18
  1.4090873851654944E+01 a        79     0     3     1    19
 -1.5555380237679273E+01 a        80     0     3     1    20
  6.5268621382280151E-02 a        81     0     3     1    21
 -4.8676081693173998E+00 a        82     0     3     1    22
 -1.2507352481560927E+01 a        83     0     3     1    23
 -8.2257845154319238E+00 a        84     0     3     1    24
  1.3539765325483101E+01 a        85     0     3     1    25
  2.4206897626788777E+00 a        86     0     3     1    26
  4.4306671509061086E+00 a        87     0     3     1    27
  7.7911887065426821E+00 a        88     0     3     1    28
 -1.4195797726027617E+01 a        89     0     3     1    29
 -5.8207745633421677E+00 a        90     0     3     1    30
 -3.7915953349063614E+00 a        91     0     4     1     1
 -1.6492988535346336E+00 a        92     0     4     1     2
 -3.1471816404343547E+00 a        93     0     4     1     3
  3.4549272244529654E+01 a        94     0     4     1     4
  9.0792167920072941E-04 a        95     0     4     1     5
 -1.1378056636867438E+01 a        96     0     4     1     6
  3.6128951130035212E+00 a        97     0     4     1     7
 -1.8588228100652188E+01 a        98     0     4     1     8
 -1.5647975811026544E+01 a        99     0     4     1     9
 -1.2705396905246804E+00 a       100     0     4     1    10
 -4.9152166170307265E-01 a       101     0     4     1    11
 -1.2817455095508459E+01 a       102     0     4     1    12
 -5.6856343481781133E+00 a       103     0     4     1    13
  1.2849628009944638E+00 a       104     0     4     1    14
 -4.6560803794698522E+00 a       105     0     4     1    15
 -2.1767742044508267E+01 a       106     0     4     1    16
 -7.4009341004925862E+00 a       107     0     4     1    17
  2.1626954140654352E+01 a       108     0     4     1    18
 -2.4417009781130634E+01 a       109     0     4     1    19
 -1.5510021187842111E+00 a       110     0     4     1    20
  2.4057898252250571E+00 a       111     0     4     1    21
  1.7657785178787009E+01 a       112     0     4     1    22
  1.2826063666435905E+01 a       113     0     4     1    23
  3.6641472812534616E+01 a       114     0     4     1    24
  1.5840339806683867E+01 a       115     0     4     1    25
 -8.3182707196638237E+00 a       116     0     4     1    26
  5.4591551417403096E+01 a       117     0     4     1    27
  1.9393400079226062E+01 a       118     0     4     1    28
 -3.7091042526314593E+00 a       119     0     4     1    29
 -4.7453065580768055E+01 a       120     0     4     1    30
 -1.6255666185662285E+00 a       121     0     5     1     1
 -1.5895754233146291E+00 a       122     0     5     1     2
 -6.5324614040365081E-01 a       123     0     5     1     3
  1.4701850165689050E+00 a       124     0     5     1     4
 -1.5730073354207563E-02 a       125     0     5     1     5
 -6.1051519575468625E+00 a       126     0     5     1     6
 -5.5134563745859300E+00 a       127     0     5     1     7
 -1.6891807420352039E+00 a       128     0     5     1     8
 -9.1091872361660382E+00 a       129     0     5     1     9
 -4.5084869282772044E-01 a       130     0     5     1    10
  1.6586339429455110E-01 a       131     0     5     1    11
  4.9925800741320323E+00 a       132     0     5     1    12
  5.0774343917877971E+00 a       133     0     5     1    13
  2.6637189096146869E+00 a       134     0     5     1    14
 -9.9241178244460073E+00 a       135     0     5     1    15
 -5.9184963229667629E+00 a       136     0     5     1    16
  7.3981152419480889E+00 a       137     0     5     1    17
 -4.8637783177907483E+00 a       138     0     5     1    18
 -3.8171208213326362E+00 a       139     0     5     1    19
  7.1834394827757164E-01 a       140     0     5     1    20
  4.6282222135282902E+00 a       141     0     5     1    21
  8.8836762821435056E-01 a       142     0     5     1    22
  5.0205058449475337E-01 a       143     0     5     1    23
 -5.7573461850418077E+00 a       144     0     5     1    24
 -5.9706189079045335E-01 a       145     0     5     1    25
  6.6950839276395380E+00 a       146     0     5     1    26
  3.5817706388942472E-01 a       147     0     5     1    27
  2.8893675243851835E-02 a       148     0     5     1    28
  4.3641696243984507E+00 a       149     0     5     1    29
  2.8587058270726851E+00 a       150     0     5     1    30
  1.6717157141475862E-02 a       151     0     6     1     1
  2.7198397992253165E+00 a       152     0     6     1     2
  2.0245189936902022E+00 a       153     0     6     1     3
  3.3658458545391916E+00 a       154     0     6     1     4
  1.9773566099779027E+00 a       155     0     6     1     5
  9.0593320281271161E+00 a       156     0     6     1     6
  6.9859412833289039E+00 a       157     0     6     1     7
 -1.7262841377476303E+00 a       158     0     6     1     8
 -4.6644838894430611E+00 a       159     0     6     1     9
 -2.1591305611999712E+00 a       160     0     6     1    10
 -2.8382553904146373E+00 a       161     0     6     1    11
  2.0617741685514672E+00 a       162     0     6     1    12
 -5.0967581105305628E+00 a       163     0     6     1    13
  1.0124606329148730E-01 a       164     0     6     1    14
  4.3712619617504682E+00 a       165     0     6     1    15
  7.7195533347836705E+00 a       166     0     6     1    16
 -8.6876726171678413E+00 a       167     0     6     1    17
  4.1271885293047639E+00 a       168     0     6     1    18
 -5.9371878009917944E+00 a       169     0     6     1    19
 -2.4632228108893539E+00 a       170     0     6     1    20
 -1.8107885384447051E+00 a       171     0     6     1    21
 -3.7000336436874011E+00 a       172     0     6     1    22
 -2.6154147103980998E+00 a       173     0     6     1    23
 -1.5410752661998239E+00 a       174     0     6     1    24
  9.7392923183716782E+00 a       175     0     6     1    25
 -6.6065695731152232E+00 a       176     0     6     1    26
 -3.4729111204544556E+00 a       177     0     6     1    27
  2.0464211385414059E+00 a       178     0     6     1    28
  3.3371028949024950E-01 a       179     0     6     1    29
 -3.7703773662253375E+00 a       180     0     6     1    30
 -3.0042470557905325E+00 a       181     0     7     1     1
 -2.6889170903142898E+00 a       182     0     7     1     2
  3.5541013251843423E-01 a       183     0     7     1     3
 -1.1510816305498825E+01 a       184     0     7     1     4
 -3.5795255609815584E+00 a       185     0     7     1     5
  7.0098729808529181E-01 a       186     0     7     1     6
 -1.1487097428335698E+01 a       187     0     7     1     7
 -3.9689431747900978E+00 a       188     0     7     1     8
 -9.3956107274471918E+00 a       189     0     7     1     9
 -7.7731966333462366E-01 a       190     0     7     1    10
 -3.1923184540386482E+00 a       191     0     7     1    11
  1.5120592679693287E-01 a       192     0     7     1    12
 -6.4990976505885376E+00 a       193     0     7     1    13
 -2.3209766898715278E-01 a       194     0     7     1    14
 -1.0592233104617589E+01 a       195     0     7     1    15
 -1.1831071865960245E+01 a       196     0     7     1    16
  5.5899933831909179E+00 a       197     0     7     1    17
 -6.7850599480059799E+00 a       198     0     7     1    18
 -2.6343650106849861E+00 a       199     0     7     1    19
  3.4962293521950714E+00 a       200     0     7     1    20
  1.9843858194374551E+00 a       201     0     7     1    21
 -1.6437496713409112E+00 a       202     0     7     1    22
 -1.7881747934994408E+00 a       203     0     7     1    23
 -1.0939872713665547E+01 a       204     0     7     1    24
  5.3800480476972812E-01 a       205     0     7     1    25
  5.4476144434460556E+00 a       206     0     7     1    26
 -3.3559921693257948E+00 a       207     0     7     1    27
  1.6050561436387369E+00 a       208     0     7     1    28
 -4.2776937179573142E+00 a       209     0     7     1    29
  1.6922476831096926E+00 a       210     0     7     1    30
  8.1232089228277431E+00 a       211     0     8     1     1
 -2.1194199422743352E+00 a       212     0     8     1     2
  2.6032904994551984E+00 a       213     0     8     1     3
 -1.4753167240272221E+01 a       214     0     8     1     4
 -4.7938743444978948E+00 a       215     0     8     1     5
 -6.0685310037701834E+00 a       216     0     8     1     6
 -5.1774673765542083E+00 a       217     0     8     1     7
  6.5776947079876855E+00 a       218     0     8     1     8
 -2.1474395227273546E+00 a       219     0     8     1     9
 -4.7756772646187153E+00 a       220     0     8     1    10
  1.9489321626970391E+01 a       221     0     8     1    11
 -4.6329633667903689E+00 a       222     0     8     1    12
 -6.4101650731930997E+00 a       223     0     8     1    13
  1.4568427541949035E+01 a       224     0     8     1    14
  2.8130412211418361E+00 a       225     0     8     1    15
 -1.3179627274025830E+01 a       226     0     8     1    16
  2.2857755099023440E+00 a       227     0     8     1    17
 -3.0260464141407066E+00 a       228     0     8     1    18
  5.6483007030386707E+00 a       229     0     8     1    19
  6.4319704268256652E+00 a       230     0     8     1    20
  1.6815914275301389E+00 a       231     0     8     1    21
 -5.3347271309803439E+00 a       232     0     8     1    22
  2.0344703761564862E+00 a       233     0     8     1    23
 -1.5088408255742742E+00 a       234     0     8     1    24
 -9.4321232180076886E-01 a       235     0     8     1    25
  2.3719553688646713E-02 a       236     0     8     1    26
 -1.8441192122665608E+01 a       237     0     8     1    27
 -1.2322773926068141E+01 a       238     0     8     1    28
  3.7294104818475744E+00 a       239     0     8     1    29
  1.6865636538599276E+01 a       240     0     8     1    30
 -1.2209833347398762E+00 a       241     0     9     1     1
  1.9441931564995752E+01 a       242     0     9     1     2
  7.4706168578070224E+00 a       243     0     9     1     3
  7.0620331188761232E-01 a       244     0     9     1     4
  7.5549229167151895E+00 a       245     0     9     1     5
  1.0429241018946424E+01 a       246     0     9     1     6
  3.7238672140401725E+00 a       247     0     9     1     7
 -8.1511038059054464E+00 a       248     0     9     1     8
 -1.1345854555821896E+01 a       249     0     9     1     9
  9.2555766938319799E+00 a       250     0     9     1    10
 -7.4939042386153529E+00 a       251     0     9     1    11
  6.7277450599698057E+00 a       252     0     9     1    12
 -7.6299546387245822E+00 a       253     0     9     1    13
 -1.3016878405137254E+01 a       254     0     9     1    14
 -1.6826382551554538E+01 a       255     0     9     1    15
  5.2944736209837959E+00 a       256     0     9     1    16
 -4.8537845745416712E+00 a       257     0     9     1    17
 -1.5538619417091304E+01 a       258     0     9     1    18
  2.9409759726828506E+00 a       259     0     9     1    19
  3.3128175959409706E-01 a       260     0     9     1    20
 -3.7174231195451117E+00 a       261     0     9     1    21
  2.3426602264417607E+01 a       262     0     9     1    22
 -1.6424030619926029E+01 a       263     0     9     1    23
 -3.8915942159940426E+00 a       264     0     9     1    24
  1.0969873112994517E+00 a       265     0     9     1    25
  9.6096483510752275E+00 a       266     0     9     1    26
 -3.4379331126609096E+00 a       267     0     9     1    27
  6.0626407347719340E+00 a       268     0     9     1    28
 -4.3795623493954983E+00 a       269     0     9     1    29
 -1.5359151195967791E-01 a       270     0     9     1    30
  1.7881148688542126E+00 a       271     0    10     1     1
  6.8166729932464898E-01 a       272     0    10     1     2
 -2.3708625516827455E+00 a       273     0    10     1     3
  5.8020075081471658E+00 a       274     0    10     1     4
 -8.0239289678578618E-01 a       275     0    10     1     5
  3.9798256327897819E-01 a       276     0    10     1     6
 -5.9283120782489063E-01 a       277     0    10     1     7
 -3.3773584319792684E+00 a       278     0    10     1     8
 -2.8899122281855485E+00 a       279     0    10     1     9
 -3.9918535067320032E-01 a       280     0    10     1    10
  1.0708448492415019E+00 a       281     0    10     1    11
  3.4979086788581601E+00 a       282     0    10     1    12
  2.6086981855956437E+00 a       283     0    10     1    13
 -1.8917885606327884E+00 a       284     0    10     1    14
 -1.0858057382675792E+00 a       285     0    10     1    15
 -1.3341208696652638E+00 a       286     0    10     1    16
  1.9885333963829570E+00 a       287     0    10     1    17
  8.1639470148668214E-01 a       288     0    10     1    18
  1.6079854734485239E+00 a       289     0    10     1    19
 -1.1733577964219775E+00 a       290     0    10     1    20
  2.1147695518126874E+00 a       291     0    10     1    21
 -1.9471987064165872E+00 a       292     0    10     1    22
 -2.0920380012512556E+00 a       293     0    10     1    23
  3.7134040797216006E-01 a       294     0    10     1    24
 -1.8250030558005896E+00 a       295     0    10     1    25
  1.3223135171716890E-01 a       296     0    10     1    26
 -7.2341548162826952E-01 a       297     0    10     1    27
 -2.4369715411628414E+00 a       298     0    10     1    28
  2.8093868436539120E+00 a       299     0    10     1    29
  3.2430694634430896E-01 a       300     0    10     1    30
 -1.9113541122363080E+00 a       301     0    11     1     1
 -2.7993698173884596E+00 a       302     0    11     1     2
 -1.5030426007236390E+00 a       303     0    11     1     3
 -7.4517913808905056E-01 a       304     0    11     1     4
 -8.1296148954955272E-01 a       305     0    11     1     5
  3.4928794880269445E+00 a       306     0    11     1     6
  2.7231655653106541E+00 a       307     0    11     1     7
  9.2048512009486816E-01 a       308     0    11     1     8
 -4.4540617167140839E+00 a       309     0    11     1     9
  1.7453714705279229E+00 a       310     0    11     1    10
 -2.1565314831058799E+00 a       311     0    11     1    11
 -1.0779269541038106E+00 a       312     0    11     1    12
 -7.1009567101153381E+00 a       313     0    11     1    13
  3.3285540408159768E+00 a       314     0    11     1    14
  9.7578036312742462E+00 a       315     0    11     1    15
  3.8702061526763814E+00 a       316     0    11     1    16
 -2.5311477198081915E+00 a       317     0    11     1    17
 -6.3063262310781472E+00 a       318     0    11     1    18
 -4.9247800580701391E+00 a       319     0    11     1    19
 -2.1265994721699104E+00 a       320     0    11     1    20
  1.1322244135759587E+00 a       321     0    11     1    21
 -3.1875884776957610E+00 a       322     0    11     1    22
  1.5574606566960056E+00 a       323     0    11     1    23
  4.5770280535154123E-01 a       324     0    11     1    24
  1.0682039986323300E+01 a       325     0    11     1    25
 -4.6993816020926132E-01 a       326     0    11     1    26
 -8.5124257391217717E-01 a       327     0    11     1    27
  2.4455769566990213E+00 a       328     0    11     1    28
  7.1514854404002670E-01 a       329     0    11     1    29
 -2.3449918807642893E+00 a       330     0    11     1    30
 -2.9398981123313400E-01 a       331     0    12     1     1
  3.9129790460662908E+00 a       332     0    12     1     2
  5.0590531591247458E+00 a       333     0    12     1     3
 -1.7044714886460739E+00 a       334     0    12     1     4
  1.1877749671099089E+00 a       335     0    12     1     5
  6.3422203005897533E+00 a       336     0    12     1     6
 -1.1383832478779243E-01 a       337     0    12     1     7
 -4.8594410584532044E+00 a       338     0    12     1     8
 -4.7058547092975944E+00 a       339     0    12     1     9
 -6.9197482405545951E-01 a       340     0    12     1    10
  8.8944775736234387E+00 a       341     0    12     1    11
  4.3972191144119881E+00 a       342     0    12     1    12
 -3.2419606745970562E+00 a       343     0    12     1    13
 -5.8319250098339657E+00 a       344     0    12     1    14
 -2.7226811746950998E+00 a       345     0    12     1    15
  4.4630187756947945E+00 a       346     0    12     1    16
 -5.8287174315299390E+00 a       347     0    12     1    17
 -3.8529457845984583E+00 a       348     0    12     1    18
  7.4431312802359963E+00 a       349     0    12     1    19
  9.2106630944154699E-01 a       350     0    12     1    20
  4.6706009081784892E+00 a       351     0    12     1    21
  5.3892533163873884E+00 a       352     0    12     1    22
 -1.2657663211781728E+01 a       353     0    12     1    23
  3.0746008379639873E+00 a       354     0    12     1    24
  8.1845881259330238E+00 a       355     0    12     1    25
 -9.3138359405353235E+00 a       356     0    12     1    26
  4.8414058089364840E+00 a       357     0    12     1    27
  5.3496096411499954E+00 a       358     0    12     1    28
  2.2603646416820122E-01 a       359     0    12     1    29
  2.2654089630858123E+00 a       360     0    12     1    30
 -2.4679610668155458E+00 a       361     0    13     1     1
 -2.7986245933467416E+01 a       362     0    13     1     2
  5.7107807068765641E+00 a       363     0    13     1     3
 -2.7361649153727313E+01 a       364     0    13     1     4
 -3.8855011348525466E+00 a       365     0    13     1     5
 -9.4857618553895495E+00 a       366     0    13     1     6
  5.1626122574895046E+00 a       367     0    13     1     7
  1.5274829016046848E+01 a       368     0    13     1     8
  4.6821786757658842E+01 a       369     0    13     1     9
 -1.7323917217321409E+01 a       370     0    13     1    10
  3.7847116791079358E+00 a       371     0    13     1    11
  7.0628437291576178E+00 a       372     0    13     1    12
  3.3073904485429919E+00 a       373     0    13     1    13
  1.5611027464543900E+01 a       374     0    13     1    14
  1.2589281983900920E+01 a       375     0    13     1    15
  3.0266006384727939E+00 a       376     0    13     1    16
 -7.8696232168855940E-01 a       377     0    13     1    17
  1.2990981853384424E+01 a       378     0    13     1    18
 -1.3773627870165498E+01 a       379     0    13     1    19
 -8.9115625915588415E-01 a       380     0    13     1    20
  1.4758575027482830E+00 a       381     0    13     1    21
 -9.3036837930354288E+00 a       382     0    13     1    22
  6.0755954664710750E+00 a       383     0    13     1    23
 -9.3779294235500377E+00 a       384     0    13     1    24
 -1.7429687374503344E+00 a       385     0    13     1    25
  2.2156797763839453E+00 a       386     0    13     1    26
  1.9275961754875754E+00 a       387     0    13     1    27
 -6.9715489313685035E+00 a       388     0    13     1    28
 -7.6700379321010956E+00 a       389     0    13     1    29
  8.5593938731375090E+00 a       390     0    13     1    30
 -2.5853439846639144E+01 a       391     0    14     1     1
  4.3548150156021252E+00 a       392     0    14     1     2
  1.6332722594987281E+00 a       393     0    14     1     3
 -1.7684924819949401E+01 a       394     0    14     1     4
 -4.2723079108029344E-01 a       395     0    14     1     5
 -1.4852500884667526E+01 a       396     0    14     1     6
  4.8175474550549282E+00 a       397     0    14     1     7
  8.3650408492726065E+00 a       398     0    14     1     8
  1.5975979442978712E+01 a       399     0    14     1     9
 -2.3805959171984455E+01 a       400     0    14     1    10
  4.8340101944006042E+00 a       401     0    14     1    11
 -3.8950067459122009E+00 a       402     0    14     1    12
  1.9966550342474807E+01 a       403     0    14     1    13
 -2.4139778299795318E+00 a       404     0    14     1    14
  1.1441572599825246E+01 a       405     0    14     1    15
 -9.9762067224385778E+00 a       406     0    14     1    16
  6.0116272705349889E+00 a       407     0    14     1    17
 -3.5724552348697349E+00 a       408     0    14     1    18
 -2.6096770706302772E+00 a       409     0    14     1    19
 -3.3424806204601043E+00 a       410     0    14     1    20
 -6.7844760876756141E+00 a       411     0    14     1    21
  5.6113930941362264E+00 a       412     0    14     1    22
 -6.5772554370486489E+00 a       413     0    14     1    23
 -1.1989778824358222E+01 a       414     0    14     1    24
 -1.5107896628805936E+01 a       415     0    14     1    25
  2.3600543529471871E+01 a       416     0    14     1    26
 -3.5963697910034476E+01 a       417     0    14     1    27
 -2.2224166235067866E+01 a       418     0    14     1    28
 -3.2621250822920271E+00 a       419     0    14     1    29
  1.9753582226866516E+01 a       420     0    14     1    30
 -3.7457323315046139E+01 a       421     0    15     1     1
 -1.0326104423006466E+01 a       422     0    15     1     2
  1.6896056804926982E+01 a       423     0    15     1     3
 -9.2665614989941218E+00 a       424     0    15     1     4
 -1.6420361892194236E+01 a       425     0    15     1     5
 -1.0051308919123612E+01 a       426     0    15     1     6
  4.4337594434747061E+01 a       427     0    15     1     7
  9.5206458508357485E+00 a       428     0    15     1     8
  1.2142393151128914E+00 a       429     0    15     1     9
  1.0814674387559227E+01 a       430     0    15     1    10
  1.2561876660463074E+01 a       431     0    15     1    11
 -9.8903815452079460E+00 a       432     0    15     1    12
  1.5373827636223636E+01 a       433     0    15     1    13
  6.7684489183052881E+00 a       434     0    15     1    14
  5.0996234403903848E+00 a       435     0    15     1    15
 -1.4564414625321270E+01 a       436     0    15     1    16
  7.4113159121265646E+00 a       437     0    15     1    17
 -3.0486043722066308E-01 a       438     0    15     1    18
  2.1072309178068856E+01 a       439     0    15     1    19
  9.0206375340876459E+00 a       440     0    15     1    20
 -6.5086493488443056E+00 a       441     0    15     1    21
 -1.6611893095045868E+01 a       442     0    15     1    22
 -6.2587809763421154E+00 a       443     0    15     1    23
 -1.2340562962532085E+01 a       444     0    15     1    24
  1.3539809063623636E+01 a       445     0    15     1    25
  1.1308057125609650E+01 a       446     0    15     1    26
 -4.0478326020414759E+00 a       447     0    15     1    27
 -3.9535842536345327E+00 a       448     0    15     1    28
 -1.0100995262390365E+01 a       449     0    15     1    29
 -1.3796784542766526E+01 a       450     0    15     1    30
  2.6640633541218119E+01 a       451     0    16     1     1
 -4.2912368207257146E+00 a       452     0    16     1     2
 -1.2904890523407715E+01 a       453     0    16     1     3
  1.5329231517678046E+01 a       454     0    16     1     4
  8.4416572554482006E+00 a       455     0    16     1     5
 -1.7456693890155452E+00 a       456     0    16     1     6
 -2.6680273419220715E+01 a       457     0    16     1     7
 -2.2066157431402549E+00 a       458     0    16     1     8
  7.2250479217116448E+00 a       459     0    16     1     9
 -1.2351874162376888E+01 a       460     0    16     1    10
 -8.0007835581447644E+00 a       461     0    16     1    11
  9.4672415353753241E+00 a       462     0    16     1    12
 -7.1555954288506136E+00 a       463     0    16     1    13
 -4.4593860277509405E+00 a       464     0    16     1    14
  1.2431943542036810E+00 a       465     0    16     1    15
  5.6146814176167714E+00 a       466     0    16     1    16
 -6.0127468470225249E+00 a       467     0    16     1    17
 -3.8672506588058981E+00 a       468     0    16     1    18
 -2.6241183259261710E+01 a       469     0    16     1    19
 -9.7661272069282905E+00 a       470     0    16     1    20
  1.2399619672109479E+00 a       471     0    16     1    21
  1.5470194311013760E+01 a       472     0    16     1    22
  1.5539195765660804E+01 a       473     0    16     1    23
  1.4281976992354801E+01 a       474     0    16     1    24
 -2.0590045321314356E+01 a       475     0    16     1    25
 -2.9955388167564589E-01 a       476     0    16     1    26
 -9.8431618721865455E+00 a       477     0    16     1    27
 -1.1009994199379749E+01 a       478     0    16     1    28
  1.6124514341696266E+01 a       479     0    16     1    29
  1.9240554556420047E+01 a       480     0    16     1    30
 -1.5822796939128937E+01 a       481     0    17     1     1
 -1.0411881123300645E+01 a       482     0    17     1     2
 -8.4453276092441474E+00 a       483     0    17     1     3
 -3.7772636262339137E+00 a       484     0    17     1     4
 -8.3614380306317049E+00 a       485     0    17     1     5
 -1.1269952258584095E+00 a       486     0    17     1     6
 -4.9005154924721568E+00 a       487     0    17     1     7
  6.9406995323141274E+00 a       488     0    17     1     8
 -3.4355855894971100E+01 a       489     0    17     1     9
 -1.9974305272726983E+01 a       490     0    17     1    10
 -1.2386287437028910E+01 a       491     0    17     1    11
  6.9777949475826269E+00 a       492     0    17     1    12
  3.5355142560487508E+01 a       493     0    17     1    13
  2.4027040337569240E+01 a       494     0    17     1    14
 -2.7931398671000762E+00 a       495     0    17     1    15
 -1.6885688097374953E+01 a       496     0    17     1    16
 -2.6587943460567622E+01 a       497     0    17     1    17
 -8.5024129198037652E+00 a       498     0    17     1    18
 -1.1635504425270547E+01 a       499     0    17     1    19
  4.7440817553172799E+01 a       500     0    17     1    20
 -2.4721531496757152E+01 a       501     0    17     1    21
 -1.5461795252418842E+01 a       502     0    17     1    22
  1.5568724139541223E+01 a       503     0    17     1    23
  6.1223141189311976E+00 a       504     0    17     1    24
  2.5901337657704321E+01 a       505     0    17     1    25
 -1.3236910558050788E+01 a       506     0    17     1    26
 -4.6675753757152414E+01 a       507     0    17     1    27
 -1.4551725824292115E+01 a       508     0    17     1    28
 -9.8175733834030199E-01 a       509     0    17     1    29
  8.2864629651425528E+00 a       510     0    17     1    30
  1.9815544480553559E+01 a       511     0    18     1     1
 -6.5112143664410240E+00 a       512     0    18     1     2
 -2.7897334837551362E+01 a       513     0    18     1     3
 -3.4255941750241536E+00 a       514     0    18     1     4
  2.5359145522566169E+00 a       515     0    18     1     5
  6.5423804270807429E+00 a       516     0    18     1     6
 -1.2660700079080945E+01 a       517     0    18     1     7
 -3.5764839856018384E+01 a       518     0    18     1     8
 -1.0986343764976043E+00 a       519     0    18     1     9
  5.7643507661778584E+00 a       520     0    18     1    10
  5.8118415152111877E+00 a       521     0    18     1    11
 -3.5639538530503927E+00 a       522     0    18     1    12
 -5.1641703601841877E+00 a       523     0    18     1    13
 -2.0381672998590448E+00 a       524     0    18     1    14
  1.1872748725889396E+01 a       525     0    18     1    15
 -3.5298654582267874E-01 a       526     0    18     1    16
  2.8870701512232277E+01 a       527     0    18     1    17
 -2.1113189186902379E+00 a       528     0    18     1    18
  2.1128612166489987E+01 a       529     0    18     1    19
 -2.2429817512852559E+01 a       530     0    18     1    20
  2.2432444274748313E+01 a       531     0    18     1    21
 -1.5919054312899545E+01 a       532     0    18     1    22
  4.4895409813914284E+00 a       533     0    18     1    23
 -9.4291079569285206E+00 a       534     0    18     1    24
 -1.4820473535276635E+01 a       535     0    18     1    25
  8.3606310761715754E+00 a       536     0    18     1    26
  2.7736516779282393E+01 a       537     0    18     1    27
 -3.3620098125160451E+00 a       538     0    18     1    28
  9.9668802176168239E+00 a       539     0    18     1    29
 -1.9825259938051467E+01 a       540     0    18     1    30
  9.7231684824610127E+00 a       541     0    19     1     1
  4.4018145020128586E+01 a       542     0    19     1     2
  2.9165641743141276E+01 a       543     0    19     1     3
 -8.3466711962576916E+00 a       544     0    19     1     4
  1.6473024830222528E+01 a       545     0    19     1     5
 -4.0389446593925484E+01 a       546     0    19     1     6
 -2.1380660460735996E+01 a       547     0    19     1     7
  2.8865887657929544E+01 a       548     0    19     1     8
  1.1287216003955914E+01 a       549     0    19     1     9
 -1.7734384315698513E+01 a       550     0    19     1    10
  2.7141925324041686E+01 a       551     0    19     1    11
 -1.5484252400340630E+01 a       552     0    19     1    12
 -2.1591145713115343E+00 a       553     0    19     1    13
 -3.7877714206646327E+00 a       554     0    19     1    14
 -4.5050325513296512E+00 a       555     0    19     1    15
  1.1010087256378137E+01 a       556     0    19     1    16
  1.3801621185119942E+01 a       557     0    19     1    17
  6.3780677752469623E+00 a       558     0    19     1    18
  5.5850029814392581E+00 a       559     0    19     1    19
  1.3883650809622555E+01 a       560     0    19     1    20
 -9.7544432519883220E+00 a       561     0    19     1    21
  1.7293560009609738E+01 a       562     0    19     1    22
 -2.5846458215814888E+01 a       563     0    19     1    23
  2.6520502635971241E+01 a       564     0    19     1    24
 -4.0913574996285869E+00 a       565     0    19     1    25
  2.2595457544669575E+00 a       566     0    19     1    26
 -8.7743467342176693E+00 a       567     0    19     1    27
 -4.0540926436651858E+01 a       568     0    19     1    28
 -3.5880355670787850E+01 a       569     0    19     1    29
 -2.3948446041059263E+01 a       570     0    19     1    30
 -9.4892384072014231E+00 a       571     0    20     1     1
  1.1036708216803459E+00 a       572     0    20     1     2
 -8.2913194312970404E+00 a       573     0    20     1     3
 -3.1960034773987549E+00 a       574     0    20     1     4
 -2.5582392211533154E+01 a       575     0    20     1     5
  1.2295796802559064E+01 a       576     0    20     1     6
  2.3779906196697147E+00 a       577     0    20     1     7
 -2.0543668310290464E+01 a       578     0    20     1     8
  3.2054356737008732E+01 a       579     0    20     1     9
 -8.9730942889875003E+00 a       580     0    20     1    10
  2.4388284485194966E+00 a       581     0    20     1    11
  9.3946101987736386E-01 a       582     0    20     1    12
  1.9272142474658125E+01 a       583     0    20     1    13
  3.4297934624654114E+00 a       584     0    20     1    14
 -2.1422528183879681E+01 a       585     0    20     1    15
  6.1131992061357030E+00 a       586     0    20     1    16
 -6.8834807481044207E+00 a       587     0    20     1    17
 -2.7790740327704295E+00 a       588     0    20     1    18
  1.5633562033447220E+01 a       589     0    20     1    19
 -1.3066259261683082E+00 a       590     0    20     1    20
 -2.0490811568525764E+01 a       591     0    20     1    21
 -1.4954727963507276E+01 a       592     0    20     1    22
  1.2771771793608739E+01 a       593     0    20     1    23
 -1.2112536984240348E+01 a       594     0    20     1    24
  1.0208889614468848E+01 a       595     0    20     1    25
 -3.4626379439742272E-01 a       596     0    20     1    26
  5.9117463404316628E-01 a       597     0    20     1    27
 -5.4056277318244179E+00 a       598     0    20     1    28
 -3.1585502535150248E+01 a       599     0    20     1    29
  2.2543353688802745E+00 a       600     0    20     1    30
  8.8869234327246271E+00 a       601     0    21     1     1
  6.2878963462522872E+00 a       602     0    21     1     2
 -6.8606251742728457E+00 a       603     0    21     1     3
  6.0808992861179556E+00 a       604     0    21     1     4
 -7.0196572631522542E+00 a       605     0    21     1     5
 -1.0667404300880023E+01 a       606     0    21     1     6
  2.1798284901776337E+00 a       607     0    21     1     7
 -2.5159607988143073E+01 a       608     0    21     1     8
 -1.3646678223600405E+01 a       609     0    21     1     9
  2.4222052731913969E+01 a       610     0    21     1    10
  3.5816991638938900E-01 a       611     0    21     1    11
  1.3693078542757637E+00 a       612     0    21     1    12
  6.3105187604721342E+00 a       613     0    21     1    13
  1.9409355579635850E+01 a       614     0    21     1    14
 -2.8887172012554028E+00 a       615     0    21     1    15
 -5.7838385662186881E-02 a       616     0    21     1    16
  8.5051458692702102E+00 a       617     0    21     1    17
  2.0361458479009762E+01 a       618     0    21     1    18
  2.0195132046816408E+01 a       619     0    21     1    19
  7.2665640997091918E+00 a       620     0    21     1    20
 -1.0864197688496098E+01 a       621     0    21     1    21
 -1.7115783227150011E+01 a       622     0    21     1    22
  2.3108713927266226E+01 a       623     0    21     1    23
 -5.8720599268421081E+00 a       624     0    21     1    24
 -8.6306158323917010E+00 a       625     0    21     1    25
 -6.1577738373252684E+00 a       626     0    21     1    26
 -9.1395261497682156E+00 a       627     0    21     1    27
  2.0839380213493133E+01 a       628     0    21     1    28
 -1.6412496541331756E+00 a       629     0    21     1    29
  2.0373877685107518E+00 a       630     0    21     1    30
  2.6464274111915071E+01 a       631     0    22     1     1
 -1.2727059013033619E+01 a       632     0    22     1     2
  2.4821406466147799E+01 a       633     0    22     1     3
 -1.2304919752378446E+01 a       634     0    22     1     4
  7.4773341293717310E+00 a       635     0    22     1     5
  1.4148370302417780E+01 a       636     0    22     1     6
  7.7082879592346867E+00 a       637     0    22     1     7
 -1.3825565613575970E+00 a       638     0    22     1     8
  3.4056748041302072E+01 a       639     0    22     1     9
  2.1804467372263030E+01 a       640     0    22     1    10
 -1.3776772271364985E+00 a       641     0    22     1    11
 -9.8648068062474046E+00 a       642     0    22     1    12
 -3.9348197280029261E+01 a       643     0    22     1    13
  1.2709136750453855E+01 a       644     0    22     1    14
  6.5890363564039767E+00 a       645     0    22     1    15
  1.4610438595731994E+00 a       646     0    22     1    16
 -4.2956668546541001E+00 a       647     0    22     1    17
  2.3117796222559250E-01 a       648     0    22     1    18
  6.9652411912679764E+00 a       649     0    22     1    19
 -3.8578086427150211E+01 a       650     0    22     1    20
  7.1789271163950712E+00 a       651     0    22     1    21
 -5.7651789055163221E+00 a       652     0    22     1    22
 -4.9989644305533005E+00 a       653     0    22     1    23
 -2.1212830797120837E+01 a       654     0    22     1    24
 -8.9566698626096528E+00 a       655     0    22     1    25
 -6.5524366695174328E+00 a       656     0    22     1    26
  2.0822702789339026E+01 a       657     0    22     1    27
 -9.8122507803216941E+00 a       658     0    22     1    28
  1.6453204120150286E+01 a       659     0    22     1    29
  8.0440050220319730E+00 a       660     0    22     1    30
 -9.4130936379688492E+00 a       661     0    23     1     1
 -1.8262800992427032E+01 a       662     0    23     1     2
 -1.8141036222567237E+01 a       663     0    23     1     3
  3.5745642654764493E+00 a       664     0    23     1     4
  5.9349302370245738E-01 a       665     0    23     1     5
  2.5565859341555339E+00 a       666     0    23     1     6
  1.6219482892907447E+01 a       667     0    23     1     7
 -2.6958285128762117E+01 a       668     0    23     1     8
 -2.1508736093803694E+01 a       669     0    23     1     9
  5.0271140904976930E+00 a       670     0    23     1    10
 -2.8139075288663321E+01 a       671     0    23     1    11
  5.5633674202945631E+00 a       672     0    23     1    12
  9.9624055126491289E+00 a       673     0    23     1    13
 -2.0319572715172537E+01 a       674     0    23     1    14
 -2.8341010283787504E+00 a       675     0    23     1    15
 -2.6285699395442652E+00 a       676     0    23     1    16
  2.5380308639671611E+01 a       677     0    23     1    17
 -6.4560047041456299E+00 a       678     0    23     1    18
 -2.1831296247989020E+01 a       679     0    23     1    19
  7.8352781815047345E-02 a       680     0    23     1    20
  1.5590320186733633E+01 a       681     0    23     1    21
 -1.0864177638546582E+00 a       682     0    23     1    22
  1.5768165608270357E+01 a       683     0    23     1    23
 -1.0712643553598324E+01 a       684     0    23     1    24
 -2.0680518526033387E+00 a       685     0    23     1    25
  1.3491490877762764E+01 a       686     0    23     1    26
  2.0515888194445688E+00 a       687     0    23     1    27
  3.5213264543594136E+01 a       688     0    23     1    28
  7.3534957608767595E+00 a       689     0    23     1    29
  3.5224892066346648E+01 a       690     0    23     1    30
 -1.6620407271973175E+01 a       691     0    24     1     1
 -2.6371716402106106E+01 a       692     0    24     1     2
  4.6088222100534937E+00 a       693     0    24     1     3
 -2.2613394353733804E+00 a       694     0    24     1     4
  5.5067448401168617E+00 a       695     0    24     1     5
  2.0270885092327408E+01 a       696     0    24     1     6
  9.1670627028014842E+00 a       697     0    24     1     7
  1.7481636827691329E+01 a       698     0    24     1     8
  1.1130218113363311E+01 a       699     0    24     1     9
 -3.2319884980814955E+01 a       700     0    24     1    10
  7.7151620099206453E-01 a       701     0    24     1    11
  2.8917025900869858E-01 a       702     0    24     1    12
 -6.2392261677269829E+00 a       703     0    24     1    13
 -3.0804110660455418E+01 a       704     0    24     1    14
  3.0495065369459664E+00 a       705     0    24     1    15
 -1.0317528448124149E+01 a       706     0    24     1    16
 -1.6754528331746954E+01 a       707     0    24     1    17
 -2.7431321971416168E+01 a       708     0    24     1    18
 -3.7886656342561636E+01 a       709     0    24     1    19
 -1.4910645009407917E+01 a       710     0    24     1    20
  1.9540796361226107E+01 a       711     0    24     1    21
  1.4270593687760616E+01 a       712     0    24     1    22
 -3.6692779470376799E+01 a       713     0    24     1    23
  8.8662434668603662E+00 a       714     0    24     1    24
  9.7928886143135063E+00 a       715     0    24     1    25
 -5.3617135016479645E-01 a       716     0    24     1    26
  1.1018556547125405E+01 a       717     0    24     1    27
 -1.6224417810551547E+01 a       718     0    24     1    28
  8.4324927083523047E+00 a       719     0    24     1    29
 -3.5631760335498490E+00 a       720     0    24     1    30
 -1.0049729594239198E+01 a       721     0    25     1     1
 -3.8058618206381754E+00 a       722     0    25     1     2
  1.9421656232725365E+01 a       723     0    25     1     3
  1.5088112451510380E+01 a       724     0    25     1     4
 -2.1703059768544360E+01 a       725     0    25     1     5
 -4.7291320281467337E+00 a       726     0    25     1     6
  3.9787865444240988E-01 a       727     0    25     1     7
  2.4603452594037986E+01 a       728     0    25     1     8
 -1.5460024894646480E+01 a       729     0    25     1     9
  6.1002511409615705E+00 a       730     0    25     1    10
  2.4364961781174159E+01 a       731     0    25     1    11
 -6.3740931929161135E+00 a       732     0    25     1    12
  6.2415062090866069E+00 a       733     0    25     1    13
  9.6971263264878385E+00 a       734     0    25     1    14
 -9.3103096096499502E+00 a       735     0    25     1    15
  9.7906514640339282E+00 a       736     0    25     1    16
  2.1165044409113555E+01 a       737     0    25     1    17
 -2.2132337635616262E+00 a       738     0    25     1    18
 -4.0797720000514104E+01 a       739     0    25     1    19
  4.9325285466670614E+00 a       740     0    25     1    20
  2.2770166728929961E+01 a       741     0    25     1    21
  4.3417466668641431E+00 a       742     0    25     1    22
 -4.1816179749137078E+01 a       743     0    25     1    23
  2.4246844343241328E+01 a       744     0    25     1    24
  1.3196516537719591E+01 a       745     0    25     1    25
 -1.5851929289036697E+01 a       746     0    25     1    26
 -2.3877437807837065E+00 a       747     0    25     1    27
 -3.0403520449642066E+01 a       748     0    25     1    28
  2.2338960516595872E+01 a       749     0    25     1    29
 -9.5315895354368028E+00 a       750     0    25     1    30
  1.4092114226343591E+01 a       751     0    26     1     1
  2.5254429233045823E+01 a       752     0    26     1     2
  2.0379958338902441E+01 a       753     0    26     1     3
  2.1615694470887142E+01 a       754     0    26     1     4
 -1.9331906328416302E+01 a       755     0    26     1     5
  1.9365857310751188E+01 a       756     0    26     1     6
  1.1975163385378343E+01 a       757     0    26     1     7
  1.6267209128621474E+01 a       758     0    26     1     8
  5.5756506287824037E-01 a       759     0    26     1     9
  2.1554238786532938E+01 a       760     0    26     1    10
  2.5610160334971287E+01 a       761     0    26     1    11
 -5.2721197962065114E+00 a       762     0    26     1    12
 -5.4447797168943444E+00 a       763     0    26     1    13
 -1.7848873974037960E-01 a       764     0    26     1    14
 -1.0690412561697848E+01 a       765     0    26     1    15
  2.1719716719471787E+01 a       766     0    26     1    16
  1.5621299866788683E+00 a       767     0    26     1    17
 -1.9772128812214493E+01 a       768     0    26     1    18
  3.0499551853781930E+00 a       769     0    26     1    19
 -1.4011127339455552E+01 a       770     0    26     1    20
 -1.6836707192763722E+01 a       771     0    26     1    21
  9.0467880737086990E+00 a       772     0    26     1    22
  7.8803221047301228E+00 a       773     0    26     1    23
  1.7538900584647003E+01 a       774     0    26     1    24
 -1.4829141645050820E+01 a       775     0    26     1    25
  1.5015822615924979E+01 a       776     0    26     1    26
 -4.9722210042982226E+01 a       777     0    26     1    27
  1.0583500048415642E+01 a       778     0    26     1    28
 -2.0467716857086042E+01 a       779     0    26     1    29
  2.6313497518085760E+00 a       780     0    26     1    30
 -1.0097087333163351E+01 a       781     0    27     1     1
  2.6789366029114543E+01 a       782     0    27     1     2
 -2.4370947731394699E+00 a       783     0    27     1     3
 -1.0624408708481550E+00 a       784     0    27     1     4
 -8.7445578309589251E+00 a       785     0    27     1     5
  4.3302215701666640E+00 a       786     0    27     1     6
 -1.8801447455603263E+01 a       787     0    27     1     7
  1.3659959422756598E+01 a       788     0    27     1     8
 -6.9833946938759741E+00 a       789     0    27     1     9
  9.8722015041606745E+00 a       790     0    27     1    10
  1.2051826905594498E+00 a       791     0    27     1    11
  5.7341359328488006E-01 a       792     0    27     1    12
  1.5961891803704667E+01 a       793     0    27     1    13
 -8.5557812784788823E+00 a       794     0    27     1    14
 -8.7135076683785400E+00 a       795     0    27     1    15
 -1.2169808095193084E+00 a       796     0    27     1    16
  8.9520671001563574E+00 a       797     0    27     1    17
  2.1333693757637061E+01 a       798     0    27     1    18
 -3.7761432077810453E-01 a       799     0    27     1    19
  7.6964197093295201E+00 a       800     0    27     1    20
  1.3247948756018912E+01 a       801     0    27     1    21
 -6.7039091958951120E+00 a       802     0    27     1    22
 -5.5138873253146574E+00 a       803     0    27     1    23
 -1.6298922100100397E+00 a       804     0    27     1    24
 -5.5441303800186956E+00 a       805     0    27     1    25
 -8.3952622001830530E+00 a       806     0    27     1    26
 -1.0448677585032899E+01 a       807     0    27     1    27
  1.4793011650930039E+00 a       808     0    27     1    28
 -2.8636472741510213E+00 a       809     0    27     1    29
 -4.5382336861823482E+00 a       810     0    27     1    30
 -7.8297007864464296E-01 a       811     0    28     1     1
 -2.9337203704112774E+01 a       812     0    28     1     2
 -5.4279127047443083E+00 a       813     0    28     1     3
 -3.4365562982604978E+01 a       814     0    28     1     4
  9.7402757559329594E+00 a       815     0    28     1     5
  1.9359037196141269E+00 a       816     0    28     1     6
 -1.5529914696936673E+01 a       817     0    28     1     7
 -3.6023133879826787E+01 a       818     0    28     1     8
  1.4326919809380700E+01 a       819     0    28     1     9
 -1.4863049219288328E+01 a       820     0    28     1    10
 -1.1532151609716774E+01 a       821     0    28     1    11
 -3.7495679586500010E+00 a       822     0    28     1    12
 -2.9571344607199993E+01 a       823     0    28     1    13
  8.1316982907256907E+00 a       824     0    28     1    14
 -3.1565523431361440E+00 a       825     0    28     1    15
 -8.3139014883380131E+00 a       826     0    28     1    16
  5.9438550184785548E+00 a       827     0    28     1    17
  1.2512682616854594E+01 a       828     0    28     1    18
  1.3031192866744652E+01 a       829     0    28     1    19
  3.7721873937848812E+01 a       830     0    28     1    20
 -2.0410226342062057E+01 a       831     0    28     1    21
  1.3565209925472685E+01 a       832     0    28     1    22
  5.0397512245053919E+00 a       833     0    28     1    23
  1.5152426100517931E+00 a       834     0    28     1    24
 -1.9984504064398582E+01 a       835     0    28     1    25
  6.0746740781952786E+00 a       836     0    28     1    26
 -2.1544676243631233E+00 a       837     0    28     1    27
 -6.8081885604837176E+00 a       838     0    28     1    28
  5.8597585895213680E+00 a       839     0    28     1    29
  6.6784285113727853E+00 a       840     0    28     1    30
  6.2100836923278484E+00 a       841     0    29     1     1
  1.5687954324346753E+01 a       842     0    29     1     2
 -8.1396097426499061E+00 a       843     0    29     1     3
 -4.9703603165386738E+00 a       844     0    29     1     4
 -3.9279927345269536E+00 a       845     0    29     1     5
 -9.4575679551085319E+00 a       846     0    29     1     6
 -6.1836661013869820E+00 a       847     0    29     1     7
  8.8506768621607490E-01 a       848     0    29     1     8
  5.7937837315956164E-01 a       849     0    29     1     9
  2.5773237388871706E+01 a       850     0    29     1    10
 -1.9189478617643896E+00 a       851     0    29     1    11
  3.7464877902220075E+00 a       852     0    29     1    12
 -6.5488705505660665E+00 a       853     0    29     1    13
  3.1497586110462617E+01 a       854     0    29     1    14
  9.9801877505940340E+00 a       855     0    29     1    15
  1.7362446801764278E+01 a       856     0    29     1    16
  5.7877641382202736E+00 a       857     0    29     1    17
  8.6104980320700992E+00 a       858     0    29     1    18
  2.0447869691399326E+01 a       859     0    29     1    19
  7.9166438682905982E+00 a       860     0    29     1    20
 -1.0536184300527156E+00 a       861     0    29     1    21
 -1.0241973695055288E+01 a       862     0    29     1    22
  2.1728553227139830E+01 a       863     0    29     1    23
 -7.4487602538671220E+00 a       864     0    29     1    24
 -4.4054704995561647E+00 a       865     0    29     1    25
  5.4254989165867427E+00 a       866     0    29     1    26
 -1.0581321240396599E+00 a       867     0    29     1    27
  2.7909222976586006E+00 a       868     0    29     1    28
 -8.7663595258848712E+00 a       869     0    29     1    29
 -1.8000519734348639E+01 a       870     0    29     1    30
 -5.7528113780926713E+00 a       871     0    30     1     1
  2.4120043565378766E+00 a       872     0    30     1     2
 -3.6175376119116848E+01 a       873     0    30     1     3
 -2.2118013993498032E+01 a       874     0    30     1     4
  3.2609041372379323E+01 a       875     0    30     1     5
 -5.8538028771592963E+00 a       876     0    30     1     6
 -8.0301930471464278E+00 a       877     0    30     1     7
  7.6119265461104835E+00 a       878     0    30     1     8
 -1.9370203101494194E+01 a       879     0    30     1     9
 -3.0287726447786785E+01 a       880     0    30     1    10
 -1.0435929059006632E+01 a       881     0    30     1    11
  2.7691965494079868E-01 a       882     0    30     1    12
 -1.3109593291580339E+01 a       883     0    30     1    13
 -3.2509420981093990E+00 a       884     0    30     1    14
  4.7011522561562735E+00 a       885     0    30     1    15
  7.3773326212446042E+00 a       886     0    30     1    16
  1.2145803592238169E-01 a       887     0    30     1    17
 -1.0418234443486606E+01 a       888     0    30     1    18
  4.4616070836500663E+00 a       889     0    30     1    19
  3.4561021255932216E+00 a       890     0    30     1    20
  1.5711943755895296E+01 a       891     0    30     1    21
  1.2905493712569170E+01 a       892     0    30     1    22
  8.6862661818390148E+00 a       893     0    30     1    23
 -5.6553261906181413E+00 a       894     0    30     1    24
  4.4186115371164107E+01 a       895     0    30     1    25
  8.7495608463864851E+00 a       896     0    30     1    26
  2.2772598609027789E+01 a       897     0    30     1    27
 -5.8536173906000748E+00 a       898     0    30     1    28
  4.1810334913415971E+01 a       899     0    30     1    29
  9.2310803969589621E+00 a       900     0    30     1    30
  1.2545793899143227E+01 a       901     0    31     1     1
 -4.8951030406637219E+00 a       902     0    31     1     2
  9.0834033209136660E+00 a       903     0    31     1     3
  2.6988969959258595E+00 a       904     0    31     1     4
 -1.7075003343588241E-01 a       905     0    31     1     5
 -1.7872707085423013E+01 a       906     0    31     1     6
 -1.0713679703241656E+00 a       907     0    31     1     7
 -2.5503182237601032E+00 a       908     0    31     1     8
 -5.8068861229532400E+00 a       909     0    31     1     9
  1.2173888291732034E+01 a       910     0    31     1    10
 -2.3167194248725718E+00 a       911     0    31     1    11
 -7.5052829366338134E+00 a       912     0    31     1    12
  1.5982030682633951E+01 a       913     0    31     1    13
 -1.6991286941208045E+01 a       914     0    31     1    14
 -4.1793173975387763E+00 a       915     0    31     1    15
 -1.4696002292939562E+01 a       916     0    31     1    16
  9.1940221380859164E+00 a       917     0    31     1    17
  7.2140271031149430E+00 a       918     0    31     1    18
  4.4743131408213417E+00 a       919     0    31     1    19
  1.1173992934959621E+01 a       920     0    31     1    20
 -9.1381726555700626E-01 a       921     0    31     1    21
 -3.1240869060707293E+00 a       922     0    31     1    22
 -7.5740078511166686E+00 a       923     0    31     1    23
 -6.5322192736180646E+00 a       924     0    31     1    24
 -8.7685409151977591E+00 a       925     0    31     1    25
  1.6030963323836960E+00 a       926     0    31     1    26
  3.0153472758147846E+01 a       927     0    31     1    27
  1.1238161929034005E+01 a       928     0    31     1    28
 -3.4237806607059680E+00 a       929     0    31     1    29
 -2.1971011473714011E+01 a       930     0    31     1    30
  1.1436889168760955E+00 a       931     0    32     1     1
 -5.2604317204509048E+00 a       932     0    32     1     2
  7.4877104120723921E+00 a       933     0    32     1     3
  1.1536583146819772E+00 a       934     0    32     1     4
 -2.9952469930142006E-01 a       935     0    32     1     5
  9.8585436891186742E+00 a       936     0    32     1     6
 -2.4020683805387995E+00 a       937     0    32     1     7
 -5.0140083907333857E+00 a       938     0    32     1     8
  3.3418095958992078E+00 a       939     0    32     1     9
 -5.7945152615417168E+00 a       940     0    32     1    10
 -7.9987663132078275E+00 a       941     0    32     1    11
  3.9182687273775016E+00 a       942     0    32     1    12
  8.9306773321388473E+00 a       943     0    32     1    13
 -2.4139564530500511E+01 a       944     0    32     1    14
 -1.4194551481321806E+01 a       945     0    32     1    15
 -1.2863935410044229E+01 a       946     0    32     1    16
 -1.5164487482070534E+01 a       947     0    32     1    17
  2.1400421686196105E+00 a       948     0    32     1    18
 -5.1007153010058150E+00 a       949     0    32     1    19
 -4.7498420889143640E+00 a       950     0    32     1    20
 -1.6794322101887666E+01 a       951     0    32     1    21
 -6.4794553143011147E+00 a       952     0    32     1    22
 -6.3902070835922764E+00 a       953     0    32     1    23
 -2.0867820693598604E+00 a       954     0    32     1    24
  2.2204953857276881E+00 a       955     0    32     1    25
 -8.3429185472093490E+00 a       956     0    32     1    26
 -7.3621036598289722E+00 a       957     0    32     1    27
  4.1305200272307125E+00 a       958     0    32     1    28
  9.2112574718333828E+00 a       959     0    32     1    29
  1.9240987968466747E+00 a       960     0    32     1    30
 -2.9724547260885932E+00 a       961     0    33     1     1
 -3.0726715933325668E+01 a       962     0    33     1     2
 -2.3186303233227568E-01 a       963     0    33     1     3
  2.3549651931821828E+01 a       964     0    33     1     4
 -2.0811251346367158E+01 a       965     0    33     1     5
  7.4768252669438686E+00 a       966     0    33     1     6
  1.6354476929404644E+01 a       967     0    33     1     7
 -2.3518698899807244E+01 a       968     0    33     1     8
  2.3637540485926188E+01 a       969     0    33     1     9
  1.1128479113136795E+01 a       970     0    33     1    10
 -1.3426263675128080E+01 a       971     0    33     1    11
  1.7669610250689338E+01 a       972     0    33     1    12
 -7.3341556489079737E-02 a       973     0    33     1    13
 -1.0642140272056967E+01 a       974     0    33     1    14
 -8.2857174196407239E+00 a       975     0    33     1    15
 -4.9652537567718609E+00 a       976     0    33     1    16
 -7.1425816957202519E+00 a       977     0    33     1    17
  1.4202797260384830E+01 a       978     0    33     1    18
 -1.1497711654459239E+01 a       979     0    33     1    19
 -2.7210184683042421E+01 a       980     0    33     1    20
  1.4521285172418938E+00 a       981     0    33     1    21
 -1.2112567339101734E+00 a       982     0    33     1    22
 -1.3312424356967886E+01 a       983     0    33     1    23
 -1.6981092332170518E+00 a       984     0    33     1    24
 -2.4645049050868128E+01 a       985     0    33     1    25
 -2.2634275509081789E+01 a       986     0    33     1    26
 -9.2007685593071553E+00 a       987     0    33     1    27
 -2.0601418003900509E+00 a       988     0    33     1    28
 -3.2621503645485127E+01 a       989     0    33     1    29
  2.6000411401543211E-01 a       990     0    33     1    30
 -2.8400464656219107E+01 a       991     0    34     1     1
 -1.2229041339337376E+00 a       992     0    34     1     2
  1.8485327010815194E+01 a       993     0    34     1     3
 -1.2174254372144896E+01 a       994     0    34     1     4
 -1.5322261308573442E+01 a       995     0    34     1     5
 -6.5697157239390709E+00 a       996     0    34     1     6
  1.4799527578218470E+01 a       997     0    34     1     7
  8.0278713153359771E-01 a       998     0    34     1     8
  9.9485137199100357E+00 a       999     0    34     1     9
  7.3286540405040022E+00 a      1000     0    34     1    10
  1.6701983021464791E+01 a      1001     0    34     1    11
  1.3224210339862163E+01 a      1002     0    34     1    12
  8.3195821313896641E+00 a      1003     0    34     1    13
 -1.1703875099924026E+01 a      1004     0    34     1    14
 -1.4159188412832233E+01 a      1005     0    34     1    15
  1.3398796582046202E+00 a      1006     0    34     1    16
  1.0753832414660421E+01 a      1007     0    34     1    17
  1.5740337608213048E+01 a      1008     0    34     1    18
 -1.7439011169232696E+01 a      1009     0    34     1    19
  6.8261431774073840E+00 a      1010     0    34     1    20
 -8.3076459368610713E+00 a      1011     0    34     1    21
 -1.2853792847793135E+00 a      1012     0    34     1    22
 -1.4809875030081491E+01 a      1013     0    34     1    23
  1.4110198014774760E+01 a      1014     0    34     1    24
  2.3681154594126208E+00 a      1015     0    34     1    25
 -3.6069165111307675E+00 a      1016     0    34     1    26
 -1.3357976013933508E+00 a      1017     0    34     1    27
  1.1464254227335022E+01 a      1018     0    34     1    28
  1.1590297538187396E+01 a      1019     0    34     1    29
 -1.5580493552134064E+01 a      1020     0    34     1    30
  6.8135174591278842E+00 a      1021     0    35     1     1
  1.2334582167333638E+01 a      1022     0    35     1     2
  3.1863526841146854E+01 a      1023     0    35     1     3
 -3.2804383234046410E+00 a      1024     0    35     1     4
  9.6478105921053086E+00 a      1025     0    35     1     5
 -6.6726545170792191E+00 a      1026     0    35     1     6
  9.5263728228267830E-01 a      1027     0    35     1     7
  4.3683234581652153E+00 a      1028     0    35     1     8
  2.1592153520753987E+00 a      1029     0    35     1     9
  1.2804967077493355E+01 a      1030     0    35     1    10
  2.5205446372403518E+01 a      1031     0    35     1    11
 -2.8757053041350145E+00 a      1032     0    35     1    12
  8.4601773055947920E+00 a      1033     0    35     1    13
  3.5355140591886858E-01 a      1034     0    35     1    14
  1.9014827281852380E+01 a      1035     0    35     1    15
  3.3757170089810840E-01 a      1036     0    35     1    16
 -2.8728611451405297E+00 a      1037     0    35     1    17
  8.8074657669496617E+00 a      1038     0    35     1    18
 -3.4005290702018645E+00 a      1039     0    35     1    19
  2.9943605687389752E+01 a      1040     0    35     1    20
 -4.2535472449376863E+00 a      1041     0    35     1    21
 -1.6600820330996665E+01 a      1042     0    35     1    22
  1.0797480957748197E+01 a      1043     0    35     1    23
 -1.6577900475976286E+00 a      1044     0    35     1    24
 -3.3389487546757330E+01 a      1045     0    35     1    25
  9.0040749816294312E+00 a      1046     0    35     1    26
  2.0654671307197056E+01 a      1047     0    35     1    27
  2.2243458579618839E+01 a      1048     0    35     1    28
  9.8558607298172678E+00 a      1049     0    35     1    29
 -4.2117020899442066E+00 a      1050     0    35     1    30
  2.5175630553543030E+01 a      1051     0    36     1     1
 -2.0384157074477809E+00 a      1052     0    36     1     2
 -2.0148968529340443E+01 a      1053     0    36     1     3
  1.7509283801458746E+01 a      1054     0    36     1     4
  1.7077473392795895E+01 a      1055     0    36     1     5
  2.6354769186581912E+01 a      1056     0    36     1     6
 -1.6764683096313011E+01 a      1057     0    36     1     7
 -9.0079243485077232E+00 a      1058     0    36     1     8
 -9.9363286248567793E+00 a      1059     0    36     1     9
 -2.1186021169678000E+00 a      1060     0    36     1    10
 -2.7614434891369765E+01 a      1061     0    36     1    11
 -4.9869832658960060E+00 a      1062     0    36     1    12
 -5.1235371057986621E+00 a      1063     0    36     1    13
  7.7403895089971613E+00 a      1064     0    36     1    14
 -7.9556571358052688E+00 a      1065     0    36     1    15
  3.8154126203163266E+00 a      1066     0    36     1    16
 -7.6720262538145008E+00 a      1067     0    36     1    17
 -1.5144918323056540E+01 a      1068     0    36     1    18
  1.0369466817619189E+01 a      1069     0    36     1    19
 -9.6580733419237941E+00 a      1070     0    36     1    20
  1.3674535668165374E+01 a      1071     0    36     1    21
  5.0095548192354844E+00 a      1072     0    36     1    22
  1.7670416279338411E+01 a      1073     0    36     1    23
 -1.3522300990273461E+01 a      1074     0    36     1    24
 -3.3040696989745446E+00 a      1075     0    36     1    25
  9.3476391543723292E+00 a      1076     0    36     1    26
 -2.7191900174001477E-01 a      1077     0    36     1    27
 -1.6045766965363715E+01 a      1078     0    36     1    28
 -3.1462728346955173E+00 a      1079     0    36     1    29
  1.2881834082841340E+01 a      1080     0    36     1    30
 -9.1418204909787573E+00 a      1081     0    37     1     1
  6.1241648714652319E+00 a      1082     0    37     1     2
  4.8451380264457855E+00 a      1083     0    37     1     3
 -1.9952714903418357E+01 a      1084     0    37     1     4
 -1.7795238264575911E+01 a      1085     0    37     1     5
 -2.9145561965172128E+01 a      1086     0    37     1     6
  2.0399218527382494E+01 a      1087     0    37     1     7
  9.6780361474280383E+00 a      1088     0    37     1     8
  5.8524247940869714E+00 a      1089     0    37     1     9
 -3.2727097275929404E+00 a      1090     0    37     1    10
  1.7106559839153093E+01 a      1091     0    37     1    11
  7.4774566556861348E+00 a      1092     0    37     1    12
 -3.0004091644804385E+00 a      1093     0    37     1    13
 -7.0878472619968882E+00 a      1094     0    37     1    14
 -9.0782334205883526E+00 a      1095     0    37     1    15
 -1.6327564231947424E+01 a      1096     0    37     1    16
  3.0575583094046221E+00 a      1097     0    37     1    17
 -9.1336714922922235E-01 a      1098     0    37     1    18
  9.1466203771813124E+00 a      1099     0    37     1    19
  1.4553646281002495E+00 a      1100     0    37     1    20
 -1.1006554589537108E+01 a      1101     0    37     1    21
 -1.6423033455776912E+00 a      1102     0    37     1    22
 -1.3703965221755762E+01 a      1103     0    37     1    23
  1.8122887680274061E+01 a      1104     0    37     1    24
  1.6360529646783558E+01 a      1105     0    37     1    25
 -9.8361101843018766E+00 a      1106     0    37     1    26
 -5.0785003338138490E-01 a      1107     0    37     1    27
  1.3261750823161826E+00 a      1108     0    37     1    28
 -6.3575346821049212E+00 a      1109     0    37     1    29
 -7.7809015774307415E+00 a      1110     0    37     1    30
  6.5923547305298236E+00 a      1111     0    38     1     1
 -1.5895407930153887E+01 a      1112     0    38     1     2
 -5.2458562386707031E-01 a      1113     0    38     1     3
  1.9608086405739076E+00 a      1114     0    38     1     4
 -3.5390976348126877E+01 a      1115     0    38     1     5
 -4.2342995120899500E+00 a      1116     0    38     1     6
 -7.6940259244241949E+00 a      1117     0    38     1     7
 -6.3469208541899107E+00 a      1118     0    38     1     8
  4.3886511313516491E-01 a      1119     0    38     1     9
  8.2723292853915407E+00 a      1120     0    38     1    10
  9.9901181264374426E+00 a      1121     0    38     1    11
 -5.1511356268153091E-02 a      1122     0    38     1    12
 -1.2398351010074617E+01 a      1123     0    38     1    13
 -1.3492477883490430E+01 a      1124     0    38     1    14
  3.8632098698564414E+00 a      1125     0    38     1    15
 -1.3370862606848560E+01 a      1126     0    38     1    16
 -1.4907861541001932E+01 a      1127     0    38     1    17
 -1.9433476652561961E+01 a      1128     0    38     1    18
  1.4557296350990510E+01 a      1129     0    38     1    19
 -8.4834802876128972E+00 a      1130     0    38     1    20
  1.0127323879522718E+01 a      1131     0    38     1    21
  4.4535249109878619E+00 a      1132     0    38     1    22
  2.2041479304431284E+01 a      1133     0    38     1    23
  9.0605806186207545E+00 a      1134     0    38     1    24
 -8.0965267960818341E+00 a      1135     0    38     1    25
  1.6842149142022599E+01 a      1136     0    38     1    26
  1.7792196765602949E+01 a      1137     0    38     1    27
 -2.5110502604644324E+01 a      1138     0    38     1    28
  1.3070497404922579E+00 a      1139     0    38     1    29
  8.3745995357763142E-02 a      1140     0    38     1    30
  1.5058979424461123E+00 a      1141     0    39     1     1
  1.5249598597602084E+01 a      1142     0    39     1     2
 -1.7266206964336555E+00 a      1143     0    39     1     3
 -1.0235197651595428E+01 a      1144     0    39     1     4
  1.9322343469935436E+01 a      1145     0    39     1     5
  1.2476378472957015E+00 a      1146     0    39     1     6
  2.9038133016155649E+00 a      1147     0    39     1     7
  6.0368868467045269E+00 a      1148     0    39     1     8
 -8.4347000706571262E-01 a      1149     0    39     1     9
 -8.3905089702249818E+00 a      1150     0    39     1    10
 -3.4077170657231068E+00 a      1151     0    39     1    11
 -4.1302717685432224E+00 a      1152     0    39     1    12
  6.5597755655447099E+00 a      1153     0    39     1    13
  2.8039194695350044E+01 a      1154     0    39     1    14
  5.9729826227506893E+00 a      1155     0    39     1    15
  1.0315096901534062E+01 a      1156     0    39     1    16
  1.0657024979083277E+01 a      1157     0    39     1    17
  5.2077728425970466E+00 a      1158     0    39     1    18
  6.7891883995246238E-01 a      1159     0    39     1    19
  1.5617799517754040E+01 a      1160     0    39     1    20
 -4.6257934681307304E+00 a      1161     0    39     1    21
 -3.5550736319223124E+00 a      1162     0    39     1    22
 -2.1810443006067324E+00 a      1163     0    39     1    23
 -1.4582474485062924E+00 a      1164     0    39     1    24
  1.1142041329261435E+01 a      1165     0    39     1    25
 -6.0619706909860627E+00 a      1166     0    39     1    26
 -4.5660265448073112E+00 a      1167     0    39     1    27
  8.0688172175231117E+00 a      1168     0    39     1    28
  4.0962224614297815E+00 a      1169     0    39     1    29
 -6.0517256623874047E+00 a      1170     0    39     1    30
 -1.3643546325489606E+01 a      1171     0    40     1     1
 -3.5459735866024271E+00 a      1172     0    40     1     2
 -2.1555762531736544E+00 a      1173     0    40     1     3
  6.2898520657968184E+00 a      1174     0    40     1     4
  1.9227581288825562E+01 a      1175     0    40     1     5
  1.7208413944612396E+01 a      1176     0    40     1     6
 -1.2039511006042771E+01 a      1177     0    40     1     7
  9.3104343901395170E-01 a      1178     0    40     1     8
 -2.1676461235588378E+00 a      1179     0    40     1     9
  1.2833191238258659E+00 a      1180     0    40     1    10
 -1.7217565083437382E+01 a      1181     0    40     1    11
 -5.7674912822889786E+00 a      1182     0    40     1    12
  9.0240539216400553E+00 a      1183     0    40     1    13
  3.2753919129386766E+00 a      1184     0    40     1    14
 -6.0406565109825614E+00 a      1185     0    40     1    15
  1.1983845232835874E+01 a      1186     0    40     1    16
  1.1609434116476814E+01 a      1187     0    40     1    17
  8.5314065960036256E+00 a      1188     0    40     1    18
 -1.9956963231768032E+01 a      1189     0    40     1    19
 -8.2144809219457020E+00 a      1190     0    40     1    20
 -2.1185123841190698E+00 a      1191     0    40     1    21
  7.8003055880376673E+00 a      1192     0    40     1    22
 -2.1123307330762053E+01 a      1193     0    40     1    23
 -1.4717676752673531E+01 a      1194     0    40     1    24
  2.3728800131494467E+00 a      1195     0    40     1    25
 -4.7458976249678270E-01 a      1196     0    40     1    26
 -2.4750803416443095E+01 a      1197     0    40     1    27
  5.6480293554332688E+00 a      1198     0    40     1    28
  1.8518681573459030E+00 a      1199     0    40     1    29
  7.0973478189929349E+00 a      1200     0    40     1    30
  3.1712075504586213E+01 a      1201     0    41     1     1
  2.4888979688237505E+01 a      1202     0    41     1     2
 -2.3927592513177068E+01 a      1203     0    41     1     3
  3.8123859338131375E+01 a      1204     0    41     1     4
 -1.0359126527537486E+01 a      1205     0    41     1     5
 -6.5669547537962183E+00 a      1206     0    41     1     6
  5.2879303252302234E+00 a      1207     0    41     1     7
  3.1632255898900397E+01 a      1208     0    41     1     8
  3.7379146300101596E+01 a      1209     0    41     1     9
  4.0080910170953445E+01 a      1210     0    41     1    10
  4.1259226436945902E+00 a      1211     0    41     1    11
 -4.4987512511962633E+00 a      1212     0    41     1    12
  1.7872571528062842E-01 a      1213     0    41     1    13
 -2.9011146656700422E+01 a      1214     0    41     1    14
 -2.6221199808250167E-01 a      1215     0    41     1    15
  2.1729823467859255E+00 a      1216     0    41     1    16
 -6.3709954111967573E+00 a      1217     0    41     1    17
 -9.7930146577486514E+00 a      1218     0    41     1    18
  5.7732787879984189E+00 a      1219     0    41     1    19
  5.9949972414172752E+00 a      1220     0    41     1    20
  2.5270814206210326E+00 a      1221     0    41     1    21
 -2.3866770560454761E+01 a      1222     0    41     1    22
 -8.0930373056382781E+00 a      1223     0    41     1    23
  1.7162850002030041E+01 a      1224     0    41     1    24
 -4.8923362446605410E+01 a      1225     0    41     1    25
 -9.0195179500889697E+00 a      1226     0    41     1    26
 -1.3903839309016510E+01 a      1227     0    41     1    27
 -3.7431528828000364E+00 a      1228     0    41     1    28
  1.8758905255465773E+01 a      1229     0    41     1    29
  2.8279052523224848E+01 a      1230     0    41     1    30
 -2.6358004476159405E+01 a      1231     0    42     1     1
 -4.7535087901158359E+00 a      1232     0    42     1     2
  3.5318550200887316E+01 a      1233     0    42     1     3
 -3.8331080103066540E+01 a      1234     0    42     1     4
  3.9580222095176620E+00 a      1235     0    42     1     5
  6.8266014259461083E-01 a      1236     0    42     1     6
 -1.5127475774057448E+01 a      1237     0    42     1     7
 -3.0083540652515985E+01 a      1238     0    42     1     8
  1.4398867229408592E+00 a      1239     0    42     1     9
 -2.9884819517393097E+01 a      1240     0    42     1    10
 -1.8114769046043635E+00 a      1241     0    42     1    11
 -4.6562547047289025E+00 a      1242     0    42     1    12
  1.0617846932182507E+01 a      1243     0    42     1    13
  2.2811772213505740E-01 a      1244     0    42     1    14
 -1.1051801435788123E+01 a      1245     0    42     1    15
  9.1829226955901717E+00 a      1246     0    42     1    16
  7.5410838024910340E+00 a      1247     0    42     1    17
  2.1019973681568764E+01 a      1248     0    42     1    18
  1.2133912076919366E+01 a      1249     0    42     1    19
  7.9136846086269479E+00 a      1250     0    42     1    20
 -1.2652168448606869E+01 a      1251     0    42     1    21
  2.2788807617798746E+01 a      1252     0    42     1    22
 -1.9590678831893360E+01 a      1253     0    42     1    23
 -1.0569275616950341E+01 a      1254     0    42     1    24
 -2.5588257971526538E+01 a      1255     0    42     1    25
  1.6852142331426716E+00 a      1256     0    42     1    26
 -1.4360404197218459E+00 a      1257     0    42     1    27
  1.0888710221131387E+01 a      1258     0    42     1    28
 -1.3451066803772079E+01 a      1259     0    42     1    29
 -1.5573693192915799E+01 a      1260     0    42     1    30
 -1.8665024776478791E+01 a      1261     0    43     1     1
 -8.1135694592838519E+00 a      1262     0    43     1     2
  2.7469139538345264E+01 a      1263     0    43     1     3
 -1.5148113144208148E+01 a      1264     0    43     1     4
  1.5315483977378566E+01 a      1265     0    43     1     5
 -9.5463621919615758E+00 a      1266     0    43     1     6
 -1.1791637920386171E+01 a      1267     0    43     1     7
 -2.6698156779805025E+01 a      1268     0    43     1     8
 -3.6237401816121242E+00 a      1269     0    43     1     9
 -2.0192588236285022E+01 a      1270     0    43     1    10
  1.4270981979930323E+01 a      1271     0    43     1    11
 -6.5253577158176377E+00 a      1272     0    43     1    12
  1.2999503757083168E+01 a      1273     0    43     1    13
  1.7604092608728312E+01 a      1274     0    43     1    14
  1.3961794787764783E+00 a      1275     0    43     1    15
  4.4736157988313163E+00 a      1276     0    43     1    16
  6.1849258851423761E+00 a      1277     0    43     1    17
  1.6729492469191012E+01 a      1278     0    43     1    18
  1.1181566749801874E+01 a      1279     0    43     1    19
  3.2934882937535201E+00 a      1280     0    43     1    20
  6.6788888143591469E+00 a      1281     0    43     1    21
  2.6969450519766696E+01 a      1282     0    43     1    22
 -8.6310415993010103E+00 a      1283     0    43     1    23
 -9.3193339090991998E+00 a      1284     0    43     1    24
  9.8198046122441323E+00 a      1285     0    43     1    25
 -2.4142505814528500E-01 a      1286     0    43     1    26
 -7.7082504868126582E+00 a      1287     0    43     1    27
 -1.0375452941296972E+01 a      1288     0    43     1    28
 -2.5273053054057026E+01 a      1289     0    43     1    29
  1.0307406245585772E+01 a      1290     0    43     1    30
  3.2294582854741414E+00 a      1291     0    44     1     1
 -3.7067261946560293E+00 a      1292     0    44     1     2
 -2.8721362771221024E+01 a      1293     0    44     1     3
  1.4392514191942595E+01 a      1294     0    44     1     4
 -1.8519372139097040E+01 a      1295     0    44     1     5
  1.0242879840234256E+01 a      1296     0    44     1     6
  1.3016505642090156E+01 a      1297     0    44     1     7
  2.6760346099866439E+01 a      1298     0    44     1     8
  7.9724765007568910E-01 a      1299     0    44     1     9
  1.3083489772798551E+01 a      1300     0    44     1    10
 -2.7178954419628956E+00 a      1301     0    44     1    11
  6.9963488880481810E+00 a      1302     0    44     1    12
 -4.4709752211443226E+00 a      1303     0    44     1    13
 -1.3909474212480896E+01 a      1304     0    44     1    14
  4.5681555234480733E+00 a      1305     0    44     1    15
 -1.6639974350464641E+01 a      1306     0    44     1    16
 -5.9956354513789138E+00 a      1307     0    44     1    17
 -1.4133003277767539E+01 a      1308     0    44     1    18
 -2.7064825069003828E+00 a      1309     0    44     1    19
 -2.2372432143155240E+01 a      1310     0    44     1    20
 -1.4137365161118327E+01 a      1311     0    44     1    21
 -2.0707346882070393E+01 a      1312     0    44     1    22
  1.2267877505667659E+01 a      1313     0    44     1    23
  3.2064207930729776E+00 a      1314     0    44     1    24
 -5.8669982659630548E+00 a      1315     0    44     1    25
  7.1358380835815209E+00 a      1316     0    44     1    26
  1.9687876132062907E+01 a      1317     0    44     1    27
  9.5126175636800578E+00 a      1318     0    44     1    28
  1.6112180373243561E+01 a      1319     0    44     1    29
 -2.4375954468690715E+01 a      1320     0    44     1    30
 -1.8617364469142210E+01 a      1321     0    45     1     1
  6.0715174425988945E+00 a      1322     0    45     1     2
 -4.1025188436192810E+00 a      1323     0    45     1     3
 -1.3732342223377005E+01 a      1324     0    45     1     4
  1.4431993352284659E+01 a      1325     0    45     1     5
  3.2169749950029756E+00 a      1326     0    45     1     6
  1.0330008871221574E+01 a      1327     0    45     1     7
 -1.2982465569719285E+01 a      1328     0    45     1     8
  1.2506525275772123E-01 a      1329     0    45     1     9
 -4.0742621563192092E+00 a      1330     0    45     1    10
 -1.0457889408349045E+01 a      1331     0    45     1    11
 -4.9684319111560447E+00 a      1332     0    45     1    12
  2.0197053304197084E+01 a      1333     0    45     1    13
  2.8852272490217508E+00 a      1334     0    45     1    14
  2.6859973603268852E+00 a      1335     0    45     1    15
  3.0272317213801232E+00 a      1336     0    45     1    16
 -3.0706736198637739E+00 a      1337     0    45     1    17
  7.1790497230761421E+00 a      1338     0    45     1    18
 -2.1473942922098452E+01 a      1339     0    45     1    19
 -3.6674283719330758E-01 a      1340     0    45     1    20
 -7.1131326228276248E-01 a      1341     0    45     1    21
  5.1188689209427762E-01 a      1342     0    45     1    22
 -5.2411180721991366E+00 a      1343     0    45     1    23
 -8.0929101937835402E-01 a      1344     0    45     1    24
 -4.5841210228842516E-01 a      1345     0    45     1    25
  3.8549403384417119E-01 a      1346     0    45     1    26
 -1.5428751941170832E+01 a      1347     0    45     1    27
  6.8849549757794950E+00 a      1348     0    45     1    28
 -1.8724419735436246E+01 a      1349     0    45     1    29
 -8.4096996143382596E-01 a      1350     0    45     1    30
  2.6381411988479293E+01 a      1351     0    46     1     1
  1.0051118685371763E+00 a      1352     0    46     1     2
 -1.0905572650609104E+01 a      1353     0    46     1     3
 -1.9070963437952795E+01 a      1354     0    46     1     4
  7.0433893713370122E+00 a      1355     0    46     1     5
 -1.5474983681818028E+01 a      1356     0    46     1     6
 -1.1975771274609325E+01 a      1357     0    46     1     7
  3.7063003869021948E+01 a      1358     0    46     1     8
 -1.7012268484024611E+00 a      1359     0    46     1     9
  2.6456636046003505E+00 a      1360     0    46     1    10
  2.7080105143618818E+00 a      1361     0    46     1    11
  2.5443759550130127E+00 a      1362     0    46     1    12
  1.3210621834566910E-01 a      1363     0    46     1    13
  2.7929812145519872E+01 a      1364     0    46     1    14
 -2.6862661799931900E+01 a      1365     0    46     1    15
 -8.8591694389816684E+00 a      1366     0    46     1    16
 -1.2093931485089335E+01 a      1367     0    46     1    17
  2.6433921244083983E+01 a      1368     0    46     1    18
  1.2640159368222646E+01 a      1369     0    46     1    19
  7.0147339504947084E+00 a      1370     0    46     1    20
  1.3179839079231440E+01 a      1371     0    46     1    21
 -1.3943944549685609E+01 a      1372     0    46     1    22
  1.8893216038236424E+01 a      1373     0    46     1    23
  4.7781467744089037E+00 a      1374     0    46     1    24
  2.9658364385530538E+00 a      1375     0    46     1    25
 -2.2175888110344069E+01 a      1376     0    46     1    26
 -1.3841387547920801E+01 a      1377     0    46     1    27
 -1.6400590765256811E+00 a      1378     0    46     1    28
 -5.5314760155362146E+00 a      1379     0    46     1    29
  1.8396413113414564E+01 a      1380     0    46     1    30
 -4.0056094979334054E+00 a      1381     0    47     1     1
 -2.0180195161750749E+01 a      1382     0    47     1     2
 -1.1597554704720054E+01 a      1383     0    47     1     3
 -1.5838589284798520E+01 a      1384     0    47     1     4
  4.7150788303618812E-01 a      1385     0    47     1     5
  2.0392633369615938E+00 a      1386     0    47     1     6
  2.6750857697424962E+01 a      1387     0    47     1     7
 -1.3989661230495470E-02 a      1388     0    47     1     8
 -3.1348312309557162E+01 a      1389     0    47     1     9
 -1.9057446465906740E+01 a      1390     0    47     1    10
 -9.7730297031519218E+00 a      1391     0    47     1    11
  3.9040378799858511E+00 a      1392     0    47     1    12
 -9.3721940659575615E+00 a      1393     0    47     1    13
  3.0252517679438203E+01 a      1394     0    47     1    14
  1.9130961303759562E+01 a      1395     0    47     1    15
  3.1206253064919531E+00 a      1396     0    47     1    16
  4.6447170877202861E+00 a      1397     0    47     1    17
 -1.1942502538068460E+01 a      1398     0    47     1    18
 -1.5613317934675933E+01 a      1399     0    47     1    19
 -1.7883137153102705E+01 a      1400     0    47     1    20
  5.6899678852350744E-01 a      1401     0    47     1    21
  1.8277993466787279E+01 a      1402     0    47     1    22
  2.8908369029194418E+01 a      1403     0    47     1    23
  7.0160632379029799E+00 a      1404     0    47     1    24
  6.5827209588779169E+01 a      1405     0    47     1    25
  7.5866285195605263E+00 a      1406     0    47     1    26
  2.6640509940506099E+01 a      1407     0    47     1    27
  2.6144357058421259E+00 a      1408     0    47     1    28
  4.0965601700301750E+00 a      1409     0    47     1    29
 -2.7051724707373076E+01 a      1410     0    47     1    30
  1.6287684546585253E+00 a      1411     0    48     1     1
  5.1536225717754451E+00 a      1412     0    48     1     2
 -4.1000548431770438E+00 a      1413     0    48     1     3
 -1.3167928102429940E+01 a      1414     0    48     1     4
  1.7450708654370054E+01 a      1415     0    48     1     5
 -5.0550118606613859E-01 a      1416     0    48     1     6
  5.6463615379612246E+00 a      1417     0    48     1     7
 -2.8410122673170437E+00 a      1418     0    48     1     8
  8.1163638433322323E+00 a      1419     0    48     1     9
 -9.9696423326157149E+00 a      1420     0    48     1    10
 -1.0236417657905724E+01 a      1421     0    48     1    11
 -3.4721278417149808E+00 a      1422     0    48     1    12
 -2.4426024369820183E+01 a      1423     0    48     1    13
 -2.5979733417630875E+01 a      1424     0    48     1    14
 -3.2211504934983384E+00 a      1425     0    48     1    15
 -1.5464884919814477E+00 a      1426     0    48     1    16
  4.3826156095442350E+00 a      1427     0    48     1    17
 -1.5344064058353954E+01 a      1428     0    48     1    18
 -1.7848451595784653E+01 a      1429     0    48     1    19
 -2.2526524651106552E+01 a      1430     0    48     1    20
 -8.6543809844037654E+00 a      1431     0    48     1    21
  3.3922155048293604E+01 a      1432     0    48     1    22
 -5.7707704348727935E+00 a      1433     0    48     1    23
 -2.1448211777799663E+01 a      1434     0    48     1    24
  2.1739959893174259E+00 a      1435     0    48     1    25
  8.7499877514119961E-01 a      1436     0    48     1    26
  8.5761328905279655E+00 a      1437     0    48     1    27
 -1.2652433644970158E+01 a      1438     0    48     1    28
  2.1378970662560665E+01 a      1439     0    48     1    29
 -7.0239058427882819E+00 a      1440     0    48     1    30
  3.5628549157704050E+01 a      1441     0    49     1     1
 -9.4968679168580117E+00 a      1442     0    49     1     2
  1.1751067968753523E+01 a      1443     0    49     1     3
  1.2613193903110304E+01 a      1444     0    49     1     4
 -9.0258882155214852E+00 a      1445     0    49     1     5
  2.1319549354422707E-02 a      1446     0    49     1     6
 -3.0524406593457069E+01 a      1447     0    49     1     7
  1.6910399487369766E+01 a      1448     0    49     1     8
  2.2626433426403505E+00 a      1449     0    49     1     9
 -5.5934890856715025E-01 a      1450     0    49     1    10
  1.4761638854796722E+01 a      1451     0    49     1    11
  3.9504093429007998E+00 a      1452     0    49     1    12
 -3.1960339611763970E+01 a      1453     0    49     1    13
  2.2142881663270995E+00 a      1454     0    49     1    14
 -5.1678973432817807E+00 a      1455     0    49     1    15
 -2.9645292267415972E+00 a      1456     0    49     1    16
  4.5590165565968608E+00 a      1457     0    49     1    17
 -1.0652284572145605E+01 a      1458     0    49     1    18
  4.8184535778833535E+01 a      1459     0    49     1    19
  1.2797440759378919E+01 a      1460     0    49     1    20
  1.6510826755155881E+00 a      1461     0    49     1    21
  1.4074163191069252E+01 a      1462     0    49     1    22
  4.1106049533480240E+00 a      1463     0    49     1    23
 -4.2328424120370496E+00 a      1464     0    49     1    24
  1.9505917455912138E+00 a      1465     0    49     1    25
 -4.6093338534518926E+00 a      1466     0    49     1    26
  2.5830106685504077E+01 a      1467     0    49     1    27
 -1.3674091011069969E+01 a      1468     0    49     1    28
  3.8636361106545976E+01 a      1469     0    49     1    29
  1.2256045466699636E+01 a      1470     0    49     1    30
 -4.3131245053767699E+01 a      1471     0    50     1     1
 -1.8182553809924249E+00 a      1472     0    50     1     2
  1.8157010755370404E+01 a      1473     0    50     1     3
  2.9271966541092667E+01 a      1474     0    50     1     4
 -1.5544338534260856E+01 a      1475     0    50     1     5
  2.3058953347802248E+01 a      1476     0    50     1     6
  1.0321927659813291E+01 a      1477     0    50     1     7
 -3.2128797109407245E+01 a      1478     0    50     1     8
  1.2760870004326458E+01 a      1479     0    50     1     9
 -6.4733856920755981E+00 a      1480     0    50     1    10
  7.9783650449663632E+00 a      1481     0    50     1    11
 -2.6671763227093601E+00 a      1482     0    50     1    12
  7.9348227941465339E+00 a      1483     0    50     1    13
 -2.5766258781534130E+01 a      1484     0    50     1    14
  1.5009616391950329E+01 a      1485     0    50     1    15
  1.0245936734760811E+01 a      1486     0    50     1    16
  1.3503809250107320E+01 a      1487     0    50     1    17
 -8.3318012177906304E+00 a      1488     0    50     1    18
 -1.3190517606429035E+01 a      1489     0    50     1    19
  9.0547269861658997E+00 a      1490     0    50     1    20
 -1.6100972710184450E+01 a      1491     0    50     1    21
  1.3024437435558401E+01 a      1492     0    50     1    22
 -1.8337016392088707E+01 a      1493     0    50     1    23
 -3.8309112374191234E+00 a      1494     0    50     1    24
 -1.4013126605308486E+00 a      1495     0    50     1    25
  2.7129360050857890E+01 a      1496     0    50     1    26
  3.0060066327892212E+01 a      1497     0    50     1    27
 -3.7655485187448789E+00 a      1498     0    50     1    28
 -1.7595330986189328E+01 a      1499     0    50     1    29
 -1.2966699721339483E+01 a      1500     0    50     1    30
  2.6617826151657265E+01 a      1501     0    51     1     1
 -5.0377619617183580E+00 a      1502     0    51     1     2
 -1.7110127493630820E+01 a      1503     0    51     1     3
  5.4506617224998003E+01 a      1504     0    51     1     4
 -1.8008769574125289E+01 a      1505     0    51     1     5
 -2.7750182828851391E+00 a      1506     0    51     1     6
  1.2400988151481769E+00 a      1507     0    51     1     7
  1.6880578378807570E+01 a      1508     0    51     1     8
  5.3865684797929312E+00 a      1509     0    51     1     9
  3.9148374456069604E+01 a      1510     0    51     1    10
  1.2033187260486631E+01 a      1511     0    51     1    11
  3.3256601488192281E+00 a      1512     0    51     1    12
  1.7083257417115636E+01 a      1513     0    51     1    13
  1.7284511121499587E+01 a      1514     0    51     1    14
  3.7666776940746004E+01 a      1515     0    51     1    15
 -1.5011186790441908E+01 a      1516     0    51     1    16
 -7.9393637145260243E+00 a      1517     0    51     1    17
 -1.3572765992196336E+01 a      1518     0    51     1    18
  2.3600813504848517E+01 a      1519     0    51     1    19
  2.4002722810833056E+01 a      1520     0    51     1    20
  1.8688160312554864E+01 a      1521     0    51     1    21
 -4.8773162696591527E+01 a      1522     0    51     1    22
  2.2903253200384682E+01 a      1523     0    51     1    23
  3.5613332744438239E+01 a      1524     0    51     1    24
  9.8951204555028713E+00 a      1525     0    51     1    25
  9.3758241290362871E+00 a      1526     0    51     1    26
 -1.6057222877219328E+01 a      1527     0    51     1    27
  8.7037060740851064E+00 a      1528     0    51     1    28
 -6.4737308356171424E+00 a      1529     0    51     1    29
  2.0714135368946771E+01 a      1530     0    51     1    30
  2.4726893779162018E-01 a      1531     0    52     1     1
  2.5394264262039503E+01 a      1532     0    52     1     2
  2.1805071289858095E+01 a      1533     0    52     1     3
 -1.2789926647813834E+01 a      1534     0    52     1     4
  1.3015863351520609E+01 a      1535     0    52     1     5
 -1.2182314267351478E+01 a      1536     0    52     1     6
 -4.0606050369750388E+00 a      1537     0    52     1     7
 -1.2949115481609450E+01 a      1538     0    52     1     8
  6.4829949862010006E+00 a      1539     0    52     1     9
 -1.1850932575096856E+01 a      1540     0    52     1    10
 -8.1437435680823338E+00 a      1541     0    52     1    11
 -1.0886072491542436E+00 a      1542     0    52     1    12
 -7.1605027009477844E+00 a      1543     0    52     1    13
  6.8718342487338084E+00 a      1544     0    52     1    14
 -3.0756636693067048E+00 a      1545     0    52     1    15
  8.6231408810530077E+00 a      1546     0    52     1    16
  1.0223522891866871E+01 a      1547     0    52     1    17
  1.2539753010925274E+01 a      1548     0    52     1    18
 -7.7002297009404055E+00 a      1549     0    52     1    19
  3.1592091734093756E+01 a      1550     0    52     1    20
  6.2319755931434742E+00 a      1551     0    52     1    21
  2.7849656923839550E-01 a      1552     0    52     1    22
 -7.8517338693558880E+00 a      1553     0    52     1    23
  7.1664949469631241E+00 a      1554     0    52     1    24
  2.4804722269765627E+00 a      1555     0    52     1    25
 -1.2405232066459275E+01 a      1556     0    52     1    26
 -1.2326870669070692E+01 a      1557     0    52     1    27
 -5.6517096801544673E+00 a      1558     0    52     1    28
 -1.8602127280725430E+01 a      1559     0    52     1    29
  1.1883230943746872E+01 a      1560     0    52     1    30
 -1.7099869261509678E+01 a      1561     0    53     1     1
 -1.0859589152826475E+01 a      1562     0    53     1     2
 -8.8817004912892479E+00 a      1563     0    53     1     3
  1.8050283319656986E+00 a      1564     0    53     1     4
 -8.6733734292967135E+00 a      1565     0    53     1     5
 -6.3245014986322365E+00 a      1566     0    53     1     6
  3.0223865623407892E+01 a      1567     0    53     1     7
 -1.8228599944220424E+01 a      1568     0    53     1     8
 -2.7375354940328380E+00 a      1569     0    53     1     9
  8.7559094947307301E+00 a      1570     0    53     1    10
 -8.2323271188823153E+00 a      1571     0    53     1    11
  2.4493057912400520E+00 a      1572     0    53     1    12
  1.5326481187933522E+01 a      1573     0    53     1    13
 -5.1088731492930748E+00 a      1574     0    53     1    14
 -9.6754064090935916E+00 a      1575     0    53     1    15
  3.1534781481244876E+00 a      1576     0    53     1    16
 -1.8383788821814624E+00 a      1577     0    53     1    17
  6.5614696096412413E+00 a      1578     0    53     1    18
 -3.2221982178244438E+01 a      1579     0    53     1    19
 -2.5953936489906472E+01 a      1580     0    53     1    20
  2.4882206642494333E+00 a      1581     0    53     1    21
 -1.7034215835028519E+01 a      1582     0    53     1    22
  1.5143153373639497E+00 a      1583     0    53     1    23
  3.0694199302956822E+00 a      1584     0    53     1    24
 -1.8633187976001477E+00 a      1585     0    53     1    25
  1.2536250644010257E+01 a      1586     0    53     1    26
 -1.7021630281387420E+01 a      1587     0    53     1    27
  7.4052165414334219E+00 a      1588     0    53     1    28
 -2.0449149455318889E+01 a      1589     0    53     1    29
 -1.2746300711988477E+01 a      1590     0    53     1    30
  1.9051792940789451E+01 a      1591     0    54     1     1
 -5.7442442375773499E+00 a      1592     0    54     1     2
 -2.5568237675376024E+00 a      1593     0    54     1     3
  2.8575218620672083E-01 a      1594     0    54     1     4
  6.6600258011965616E+00 a      1595     0    54     1     5
 -9.0080680413400263E+00 a      1596     0    54     1     6
 -4.2417097590790824E+00 a      1597     0    54     1     7
 -5.9544242653515154E+00 a      1598     0    54     1     8
 -1.3058358991025242E+01 a      1599     0    54     1     9
  8.1298018827636156E+00 a      1600     0    54     1    10
 -3.8549395963092459E+00 a      1601     0    54     1    11
  4.3421115675773452E+00 a      1602     0    54     1    12
  2.1363208688735211E+00 a      1603     0    54     1    13
  8.6038355662952473E+00 a      1604     0    54     1    14
 -4.0620881077962139E+00 a      1605     0    54     1    15
  3.1481642606412819E+00 a      1606     0    54     1    16
 -5.9512893356476297E+00 a      1607     0    54     1    17
 -2.1179747143122984E+00 a      1608     0    54     1    18
  5.2246977958089502E+00 a      1609     0    54     1    19
 -1.7915278003162783E+01 a      1610     0    54     1    20
  7.3817030216121209E+00 a      1611     0    54     1    21
 -1.7312015322568357E+01 a      1612     0    54     1    22
  4.5022688129865562E+00 a      1613     0    54     1    23
  1.6503087446982243E+00 a      1614     0    54     1    24
  6.6272240843465138E+00 a      1615     0    54     1    25
 -1.7928480815494758E+01 a      1616     0    54     1    26
 -2.1714013818384970E+01 a      1617     0    54     1    27
  2.5856597001269113E+00 a      1618     0    54     1    28
  1.3169292348451664E+01 a      1619     0    54     1    29
  1.7783521489412970E+00 a      1620     0    54     1    30
 -1.6404822840117994E+01 a      1621     0    55     1     1
  1.6562739249958693E+01 a      1622     0    55     1     2
  2.5677128239264984E+01 a      1623     0    55     1     3
  1.4212909336055985E+00 a      1624     0    55     1     4
  2.4024883517648636E+01 a      1625     0    55     1     5
 -1.3357109441321333E+01 a      1626     0    55     1     6
 -1.2297070105275814E+01 a      1627     0    55     1     7
 -4.6545934174956418E+00 a      1628     0    55     1     8
  1.1811487914707582E+01 a      1629     0    55     1     9
 -1.1523685290059229E+01 a      1630     0    55     1    10
 -8.3964982047089993E+00 a      1631     0    55     1    11
 -1.1959102325552783E+01 a      1632     0    55     1    12
 -1.9671467890049229E+01 a      1633     0    55     1    13
 -2.6780795056809463E+01 a      1634     0    55     1    14
 -2.5119612679269355E+01 a      1635     0    55     1    15
  8.4292112093648299E+00 a      1636     0    55     1    16
 -2.8852788698552092E+00 a      1637     0    55     1    17
  2.0101343508271743E+01 a      1638     0    55     1    18
 -8.7168816165092835E+00 a      1639     0    55     1    19
 -1.1943475304784121E+01 a      1640     0    55     1    20
 -4.5944700667689231E+00 a      1641     0    55     1    21
  1.2451927116820565E+00 a      1642     0    55     1    22
 -1.9184916464105910E+01 a      1643     0    55     1    23
 -3.9311620331227942E+01 a      1644     0    55     1    24
 -2.7730712093782330E+01 a      1645     0    55     1    25
 -8.8578974786988915E+00 a      1646     0    55     1    26
  1.3361462507932629E+00 a      1647     0    55     1    27
 -1.0251320167592464E+01 a      1648     0    55     1    28
 -1.7730794131499643E+00 a      1649     0    55     1    29
  1.6237538860680363E+01 a      1650     0    55     1    30
  1.2777009620313333E+00 a      1651     0    56     1     1
 -1.3007774808742731E+01 a      1652     0    56     1     2
 -3.2761400464829165E+01 a      1653     0    56     1     3
  1.8400902059426265E+01 a      1654     0    56     1     4
 -9.8365063367151766E+00 a      1655     0    56     1     5
  2.7819669749742143E+01 a      1656     0    56     1     6
 -1.7476035446859061E+01 a      1657     0    56     1     7
  1.7265842592583947E+01 a      1658     0    56     1     8
 -9.8028764490213280E+00 a      1659     0    56     1     9
  3.0913766677645050E+01 a      1660     0    56     1    10
 -4.9700998808986387E+00 a      1661     0    56     1    11
  3.3144548524147770E+00 a      1662     0    56     1    12
  2.0861268330072358E+00 a      1663     0    56     1    13
 -7.0740720759071944E+00 a      1664     0    56     1    14
 -1.4318650648578393E+00 a      1665     0    56     1    15
  1.5406951955222606E+01 a      1666     0    56     1    16
  2.2087333128841324E+00 a      1667     0    56     1    17
 -5.9154404835549821E+00 a      1668     0    56     1    18
  5.5288910171716277E-02 a      1669     0    56     1    19
  3.5073768439631525E-01 a      1670     0    56     1    20
 -5.9899732996602113E+00 a      1671     0    56     1    21
 -3.9585988361377133E+01 a      1672     0    56     1    22
 -6.3823559853621044E+00 a      1673     0    56     1    23
 -2.3233425821717734E+01 a      1674     0    56     1    24
 -2.8738639215005787E+01 a      1675     0    56     1    25
  6.5421887231962712E+00 a      1676     0    56     1    26
 -1.1780959130710771E+00 a      1677     0    56     1    27
  1.3904386197342633E+01 a      1678     0    56     1    28
  1.7451182497992018E+01 a      1679     0    56     1    29
  4.7432335721286814E+00 a      1680     0    56     1    30
 -1.6665960205456074E+01 a      1681     0    57     1     1
 -4.6153345711824585E+00 a      1682     0    57     1     2
 -1.2733970781804631E+01 a      1683     0    57     1     3
 -3.9492945473719722E+01 a      1684     0    57     1     4
 -2.3303598639554824E+01 a      1685     0    57     1     5
  4.1974362250719128E+00 a      1686     0    57     1     6
  1.3539540369261118E+00 a      1687     0    57     1     7
  2.9372857590515213E+00 a      1688     0    57     1     8
 -1.8928147544709752E+01 a      1689     0    57     1     9
 -1.7138071367133371E+01 a      1690     0    57     1    10
  1.5235245679052994E+01 a      1691     0    57     1    11
  8.0005618929706301E+00 a      1692     0    57     1    12
  9.2321497021528245E+00 a      1693     0    57     1    13
  2.4019945632661333E+01 a      1694     0    57     1    14
 -6.1982727618946465E-02 a      1695     0    57     1    15
  2.0155368548738672E+01 a      1696     0    57     1    16
 -2.7168829483675836E+00 a      1697     0    57     1    17
 -7.6543638102941740E+00 a      1698     0    57     1    18
 -7.0331764809809760E-01 a      1699     0    57     1    19
 -7.6794172458653143E-01 a      1700     0    57     1    20
  1.4452070958097938E+00 a      1701     0    57     1    21
  2.0748219389365158E+01 a      1702     0    57     1    22
 -8.4906076320539583E+00 a      1703     0    57     1    23
  1.0846684629433312E+01 a      1704     0    57     1    24
  9.0826458186118746E+00 a      1705     0    57     1    25
  5.7166038896477831E+00 a      1706     0    57     1    26
  1.4436628547687979E+01 a      1707     0    57     1    27
 -1.6732439166781929E+00 a      1708     0    57     1    28
 -9.3441855943915719E+00 a      1709     0    57     1    29
 -2.2900434618682414E+01 a      1710     0    57     1    30
  3.4129837886193699E+00 a      1711     0    58     1     1
 -2.9128039926020321E+01 a      1712     0    58     1     2
 -9.8195106137684771E+00 a      1713     0    58     1     3
  2.0108555039365321E+01 a      1714     0    58     1     4
 -7.2476791731552321E+00 a      1715     0    58     1     5
  5.8128729351482367E+00 a      1716     0    58     1     6
  1.3021993712785612E+01 a      1717     0    58     1     7
 -2.3923669413303109E+01 a      1718     0    58     1     8
 -2.0049699060906743E+01 a      1719     0    58     1     9
 -1.9100433707887472E+01 a      1720     0    58     1    10
  4.0735922819856754E+00 a      1721     0    58     1    11
 -1.4248166828235600E+00 a      1722     0    58     1    12
  2.0184871199749697E+01 a      1723     0    58     1    13
  2.1464123055228468E+00 a      1724     0    58     1    14
 -1.3975413024690056E+01 a      1725     0    58     1    15
 -2.3377843502244250E+01 a      1726     0    58     1    16
 -3.1869145373269589E+01 a      1727     0    58     1    17
 -5.0948663193472932E+00 a      1728     0    58     1    18
  1.2910821755089701E+01 a      1729     0    58     1    19
 -1.8714863656463219E+01 a      1730     0    58     1    20
 -3.0734140179581937E-01 a      1731     0    58     1    21
  1.8439004009442964E+01 a      1732     0    58     1    22
  1.4527587573523734E+01 a      1733     0    58     1    23
 -3.1180840371859548E+00 a      1734     0    58     1    24
  1.9415972305429030E+01 a      1735     0    58     1    25
 -2.4843779857122019E+00 a      1736     0    58     1    26
 -1.1716631815246464E+01 a      1737     0    58     1    27
  6.7684970376681139E+00 a      1738     0    58     1    28
  1.4036625603181303E+01 a      1739     0    58     1    29
 -7.5732115192713612E-01 a      1740     0    58     1    30
  2.9088340599099141E+00 a      1741     0    59     1     1
  1.9290982484765937E+01 a      1742     0    59     1     2
  1.0376900772475141E+01 a      1743     0    59     1     3
 -7.3720104073745949E+00 a      1744     0    59     1     4
  6.7550576029960911E+00 a      1745     0    59     1     5
  6.9364759398173534E+00 a      1746     0    59     1     6
 -1.7940841552789863E+01 a      1747     0    59     1     7
  2.6461709656851227E+01 a      1748     0    59     1     8
  1.0055007798632385E+01 a      1749     0    59     1     9
 -1.1164646591822971E+00 a      1750     0    59     1    10
  6.9817642607054715E+00 a      1751     0    59     1    11
 -3.3463740947646503E+00 a      1752     0    59     1    12
 -6.6956372311407790E+00 a      1753     0    59     1    13
  2.4984385668927280E+00 a      1754     0    59     1    14
  2.0358710228101689E+01 a      1755     0    59     1    15
  5.4598415639340496E+00 a      1756     0    59     1    16
  7.7797916982635602E+00 a      1757     0    59     1    17
 -5.5767723629152934E+00 a      1758     0    59     1    18
  1.2416067484817143E+01 a      1759     0    59     1    19
  1.5210143637878154E+01 a      1760     0    59     1    20
 -3.6493919459548265E+00 a      1761     0    59     1    21
  1.3255903508648759E+01 a      1762     0    59     1    22
 -3.3749725306057767E+00 a      1763     0    59     1    23
  1.6549207668621564E+00 a      1764     0    59     1    24
  1.3681488095620649E+00 a      1765     0    59     1    25
 -2.2015434672637282E+00 a      1766     0    59     1    26
  6.7608040348740417E+00 a      1767     0    59     1    27
 -8.7855810570008330E+00 a      1768     0    59     1    28
 -4.2240109613156474E-01 a      1769     0    59     1    29
  9.7020899868795016E+00 a      1770     0    59     1    30
  4.8953761554798625E+00 a      1771     0    60     1     1
  1.4075822725336502E+01 a      1772     0    60     1     2
 -2.8094151215065932E-01 a      1773     0    60     1     3
 -1.4152096052959472E+01 a      1774     0    60     1     4
  2.3707940223011867E+01 a      1775     0    60     1     5
  3.9171875481917326E+00 a      1776     0    60     1     6
 -1.3500754984641852E+00 a      1777     0    60     1     7
  6.8593807784324170E+00 a      1778     0    60     1     8
  2.1982911061148362E+00 a      1779     0    60     1     9
  3.8594551787532541E+00 a      1780     0    60     1    10
 -1.5549057689709604E+01 a      1781     0    60     1    11
 -1.3681791549199119E+01 a      1782     0    60     1    12
 -2.0810710117756180E+01 a      1783     0    60     1    13
 -9.2150322149132453E+00 a      1784     0    60     1    14
  3.7273031110621631E+00 a      1785     0    60     1    15
 -1.8631239653236058E+01 a      1786     0    60     1    16
  3.9252753423945408E+00 a      1787     0    60     1    17
  2.4478226412189528E+01 a      1788     0    60     1    18
  8.9871123038115162E+00 a      1789     0    60     1    19
  3.3525761336280468E+01 a      1790     0    60     1    20
 -9.3775930283430800E+00 a      1791     0    60     1    21
  6.7653156724683781E+00 a      1792     0    60     1    22
  1.1045846763635645E+01 a      1793     0    60     1    23
 -1.8761056964384974E+00 a      1794     0    60     1    24
 -1.8613989193938220E+01 a      1795     0    60     1    25
  3.4132356467678364E+00 a      1796     0    60     1    26
  1.4513573636143585E+01 a      1797     0    60     1    27
  8.7016210660320379E+00 a      1798     0    60     1    28
  4.1533912399973598E+00 a      1799     0    60     1    29
 -2.2896416387906084E+00 a      1800     0    60     1    30
  6.8589375877400585E+00 a      1801     0    61     1     1
 -2.0017811323400128E+01 a      1802     0    61     1     2
  1.9525229123740104E+01 a      1803     0    61     1     3
  4.2519316012036441E+01 a      1804     0    61     1     4
  1.4411767306441638E+01 a      1805     0    61     1     5
 -1.0874880891264130E+01 a      1806     0    61     1     6
  3.6540279060404110E+01 a      1807     0    61     1     7
  2.6754459666298303E+01 a      1808     0    61     1     8
 -8.5661543252393137E+00 a      1809     0    61     1     9
  1.4594867453672984E+01 a      1810     0    61     1    10
 -1.8917775598414728E+01 a      1811     0    61     1    11
  1.5924524801649325E+01 a      1812     0    61     1    12
  7.9257667688225091E+00 a      1813     0    61     1    13
 -1.7499058989971385E+01 a      1814     0    61     1    14
  1.7946219881693121E+01 a      1815     0    61     1    15
 -6.1039601715810141E+00 a      1816     0    61     1    16
 -1.7359443823634521E+01 a      1817     0    61     1    17
 -2.1352057063762217E+01 a      1818     0    61     1    18
 -1.9350286674946052E+01 a      1819     0    61     1    19
 -3.3093583792913051E+01 a      1820     0    61     1    20
  1.2157105570959861E+00 a      1821     0    61     1    21
 -1.3891995320069917E+01 a      1822     0    61     1    22
 -2.1426708984678640E+00 a      1823     0    61     1    23
  8.7109331705997057E+00 a      1824     0    61     1    24
  1.5990015398244756E+01 a      1825     0    61     1    25
 -7.2468341534568204E-01 a      1826     0    61     1    26
 -2.5140694528176351E+01 a      1827     0    61     1    27
  2.2846907785530473E+01 a      1828     0    61     1    28
  1.7214638348359767E+01 a      1829     0    61     1    29
  2.3545690960848486E+01 a      1830     0    61     1    30
  1.8765292573390060E+01 a      1831     0    62     1     1
  1.6690202044078738E+01 a      1832     0    62     1     2
 -1.9139441035109723E+01 a      1833     0    62     1     3
  3.6803334748067223E-01 a      1834     0    62     1     4
  3.2511286625364939E+01 a      1835     0    62     1     5
 -7.5824018218303255E+00 a      1836     0    62     1     6
 -1.2925819595221185E+01 a      1837     0    62     1     7
 -1.2989487402291426E+01 a      1838     0    62     1     8
 -1.6991997421310785E+01 a      1839     0    62     1     9
 -8.5174698226212064E-01 a      1840     0    62     1    10
  7.2390577261282871E+00 a      1841     0    62     1    11
  1.2033228588823627E+01 a      1842     0    62     1    12
 -5.2448298488346481E+00 a      1843     0    62     1    13
 -6.4378770303973019E+00 a      1844     0    62     1    14
  2.2637196596676525E+01 a      1845     0    62     1    15
 -3.1029449542890637E+00 a      1846     0    62     1    16
 -1.4567752600399551E+01 a      1847     0    62     1    17
 -3.2354060008633901E+01 a      1848     0    62     1    18
  2.1324732303934429E+01 a      1849     0    62     1    19
 -2.3812773243448785E+01 a      1850     0    62     1    20
  1.7291463669977322E+01 a      1851     0    62     1    21
  8.3152924911320572E+00 a      1852     0    62     1    22
  3.4911643274322664E+01 a      1853     0    62     1    23
 -1.6205408162318179E+01 a      1854     0    62     1    24
 -1.8563124548116448E+01 a      1855     0    62     1    25
  1.8200295656941233E+01 a      1856     0    62     1    26
 -6.5681750587233445E+00 a      1857     0    62     1    27
  1.0458378392173421E+01 a      1858     0    62     1    28
  3.1256629320815774E+00 a      1859     0    62     1    29
  5.4686674902404890E+00 a      1860     0    62     1    30
 -1.9703746644988822E+01 a      1861     0    63     1     1
  1.2556376433804209E+01 a      1862     0    63     1     2
 -1.2848204037013899E+01 a      1863     0    63     1     3
 -4.3534258826595504E+00 a      1864     0    63     1     4
 -6.8128314673306365E+00 a      1865     0    63     1     5
  7.3700195565828492E+00 a      1866     0    63     1     6
  4.3690640995634942E+00 a      1867     0    63     1     7
  1.1307374304421351E+01 a      1868     0    63     1     8
  2.5473788935551949E+00 a      1869     0    63     1     9
  1.9953346367153819E+00 a      1870     0    63     1    10
  5.8452607814348525E+00 a      1871     0    63     1    11
  1.2201526971533438E+01 a      1872     0    63     1    12
 -1.9233797076236677E+01 a      1873     0    63     1    13
  2.6860749318324370E+01 a      1874     0    63     1    14
  1.5272651546406633E+01 a      1875     0    63     1    15
  1.3456006123097053E+01 a      1876     0    63     1    16
 -7.1318632316985697E-01 a      1877     0    63     1    17
  2.2947910954165187E+00 a      1878     0    63     1    18
  1.4999685090009830E+01 a      1879     0    63     1    19
  1.8532791977264445E+01 a      1880     0    63     1    20
  1.1760462231441259E+01 a      1881     0    63     1    21
 -1.6139316852022576E+00 a      1882     0    63     1    22
  1.1328539291372071E+01 a      1883     0    63     1    23
  1.0745186859130738E+01 a      1884     0    63     1    24
  1.3579705241485399E+01 a      1885     0    63     1    25
 -8.2293873688392409E+00 a      1886     0    63     1    26
 -2.7545804114721890E+00 a      1887     0    63     1    27
 -7.3804465911019825E+00 a      1888     0    63     1    28
  4.1757658652524334E+00 a      1889     0    63     1    29
  4.7042991561967815E+00 a      1890     0    63     1    30
  8.6535142897532129E+00 a      1891     0    64     1     1
  3.3263918963506223E+00 a      1892     0    64     1     2
 -7.7162662767945223E-01 a      1893     0    64     1     3
  1.8969432859534567E+01 a      1894     0    64     1     4
 -1.4170605112342065E+01 a      1895     0    64     1     5
 -1.8979387635520877E+00 a      1896     0    64     1     6
  1.3969530716256916E+01 a      1897     0    64     1     7
  1.7745951174064214E+01 a      1898     0    64     1     8
 -8.1991313132459922E+00 a      1899     0    64     1     9
  1.9686573440365829E+00 a      1900     0    64     1    10
 -5.8354701605539976E+00 a      1901     0    64     1    11
 -1.7062542113149366E+01 a      1902     0    64     1    12
  4.2395910044092382E+00 a      1903     0    64     1    13
  9.9760273155201720E+00 a      1904     0    64     1    14
  7.5041832408770563E+00 a      1905     0    64     1    15
  3.8784984230054129E+00 a      1906     0    64     1    16
 -6.4594563266768041E+00 a      1907     0    64     1    17
 -3.1623593603104867E+00 a      1908     0    64     1    18
  4.7960024492700839E+00 a      1909     0    64     1    19
 -1.4760259682217757E+01 a      1910     0    64     1    20
 -9.0859513279866597E+00 a      1911     0    64     1    21
 -1.2638372570759151E+01 a      1912     0    64     1    22
 -4.6687707371189520E+00 a      1913     0    64     1    23
 -5.6829564174926244E+00 a      1914     0    64     1    24
  2.1716322917075644E+01 a      1915     0    64     1    25
 -1.0871283813982336E+01 a      1916     0    64     1    26
  1.1442736767915346E+01 a      1917     0    64     1    27
  7.5230933561716562E-01 a      1918     0    64     1    28
 -2.1353301551399017E+01 a      1919     0    64     1    29
  3.7566796930807045E-01 a      1920     0    64     1    30
 -3.5228918343320998E+00 b      1921     1     1
 -6.1541291496460993E+00 b      1922     1     2
 -3.7413880222011398E+00 b      1923     1     3
 -2.4610053369388063E+00 b      1924     1     4
 -1.9572320860549965E+00 b      1925     1     5
  1.1331278425406426E+00 b      1926     1     6
 -5.4129115798195730E+00 b      1927     1     7
  1.5226588412434503E+00 b      1928     1     8
 -1.5172241013635173E+00 b      1929     1     9
 -4.5499239414348844E+00 b      1930     1    10
 -1.8026537147083854E+00 b      1931     1    11
 -3.1085989779297667E+00 b      1932     1    12
 -5.3730414939276816E+00 b      1933     1    13
 -1.0747903739938396E+00 b      1934     1    14
 -4.7804233817131578E+00 b      1935     1    15
  2.9803843072241878E+00 b      1936     1    16
 -2.3325513886566598E+00 b      1937     1    17
 -8.5224468596068104E-01 b      1938     1    18
 -2.5590353668500421E-01 b      1939     1    19
 -1.8644081791633447E+00 b      1940     1    20
  4.1987834694384829E-01 b      1941     1    21
 -2.7587020629191206E+00 b      1942     1    22
  2.3886360673785765E+00 b      1943     1    23
 -9.3677374507085243E-01 b      1944     1    24
 -1.5466528145410507E+00 b      1945     1    25
 -2.4165169282768635E+00 b      1946     1    26
 -1.0074392781955712E+01 b      1947     1    27
  7.1983810764398504E-01 b      1948     1    28
 -1.2404622098944829E+00 b      1949     1    29
 -1.3209553527619220E+00 b      1950     1    30
 -4.7857314256628392E-01 a      1951     1     1     2     1
 -1.9019031121976877E+00 a      1952     1     1     2     2
  1.2524009701913896E+00 a      1953     1     1     2     3
  6.3039066577573930E+00 a      1954     1     1     2     4
  5.2834094649755912E+00 a      1955     1     1     2     5
  1.3121059176323984E+00 a      1956     1     1     2     6
  8.3218722112027932E-01 a      1957     1     1     2     7
  1.1646153020495578E+00 a      1958     1     1     2     8
  2.7808297987356130E+00 a      1959     1     1     2     9
  3.0369918168801182E+00 a      1960     1     1     2    10
  2.5633310820350976E+00 a      1961     1     1     2    11
  1.7884221275391154E+00 a      1962     1     1     2    12
  1.8968862992275881E+00 a      1963     1     1     2    13
  9.6553580035142500E-02 a      1964     1     1     2    14
 -1.0202988896826082E+00 a      1965     1     1     2    15
 -1.4883199069172217E+00 a      1966     1     1     2    16
  1.1258134331221492E+00 a      1967     1     1     2    17
  2.0922144801100488E+00 a      1968     1     1     2    18
 -6.9466973001821841E-01 a      1969     1     1     2    19
  4.1581755549877553E-01 a      1970     1     1     2    20
 -1.7130058176666438E-01 a      1971     1     1     2    21
 -6.4667249184975883E-01 a      1972     1     1     2    22
 -6.5587994576921618E-02 a      1973     1     1     2    23
  1.1772311832541900E+00 a      1974     1     1     2    24
 -2.7396830560926451E+00 a      1975     1     1     2    25
 -3.8355007386710152E+00 a      1976     1     1     2    26
  1.1117273592162566E+00 a      1977     1     1     2    27
  3.3678816880703677E-01 a      1978     1     1     2    28
 -4.5473712831813486E+00 a      1979     1     1     2    29
 -4.0306436645810773E-01 a      1980     1     1     2    30
  1.2077544442117916E+00 a      1981     1     2     2     1
  1.9408753032915382E+00 a      1982     1     2     2     2
  8.2841428934526051E-01 a      1983     1     2     2     3
 -4.9661031876252464E+00 a      1984     1     2     2     4
  1.6221381777331465E+00 a      1985     1     2     2     5
 -1.4102534017670856E+00 a      1986     1     2     2     6
 -2.8747380882160611E-01 a      1987     1     2     2     7
 -2.7200080274315006E+00 a      1988     1     2     2     8
  8.2562117096675514E-01 a      1989     1     2     2     9
 -2.5500113370349067E+00 a      1990     1     2     2    10
  9.1172152188634792E-01 a      1991     1     2     2    11
  2.0296288219287546E+00 a      1992     1     2     2    12
 -2.0257895209717069E-01 a      1993     1     2     2    13
  1.7674599914527402E+00 a      1994     1     2     2    14
 -1.3653696340782195E+00 a      1995     1     2     2    15
 -4.4575182411019272E+00 a      1996     1     2     2    16
 -2.3194306654180177E+00 a      1997     1     2     2    17
  7.4845110783818891E-01 a      1998     1     2     2    18
  7.6574263013632338E-01 a      1999     1     2     2    19
  4.3372105005100203E-01 a      2000     1     2     2    20
  6.1204023512178141E-01 a      2001     1     2     2    21
 -1.7631375834976917E+00 a      2002     1     2     2    22
 -3.2120123099802353E+00 a      2003     1     2     2    23
 -1.2282539181638985E+00 a      2004     1     2     2    24
 -2.4835358224081552E+00 a      2005     1     2     2    25
  9.9036714303871753E-01 a      2006     1     2     2    26
 -3.4743386804009027E+00 a      2007     1     2     2    27
 -2.2825843446734179E-01 a      2008     1     2     2    28
 -7.3216018708779962E-01 a      2009     1     2     2    29
  1.8770212807183613E+00 a      2010     1     2     2    30
  2.2265556788837739E+00 a      2011     1     3     2     1
  3.1459820003467103E+00 a      2012     1     3     2     2
 -2.2176882831352160E-01 a      2013     1     3     2     3
  1.6015748898540605E+00 a      2014     1     3     2     4
 -4.3076193866897654E+00 a      2015     1     3     2     5
 -3.1972464012768458E+00 a      2016     1     3     2     6
  3.4675260486364862E-01 a      2017     1     3     2     7
  1.1533243983059849E+00 a      2018     1     3     2     8
  1.1889070964639195E+00 a      2019     1     3     2     9
  1.9707499411591465E+00 a      2020     1     3     2    10
  1.9376953315424259E+00 a      2021     1     3     2    11
  9.7236214895207196E-01 a      2022     1     3     2    12
  2.8989249338822415E-01 a      2023     1     3     2    13
 -2.3914697875567077E+00 a      2024     1     3     2    14
  1.6404382686574288E+00 a      2025     1     3     2    15
 -1.3060008154324676E+00 a      2026     1     3     2    16
  2.6800768241260031E+00 a      2027     1     3     2    17
  4.2899677363870641E+00 a      2028     1     3     2    18
 -1.7200392898951713E+00 a      2029     1     3     2    19
 -1.2354364161467071E+00 a      2030     1     3     2    20
 -4.4801727013041232E-01 a      2031     1     3     2    21
 -1.1623117322466991E+00 a      2032     1     3     2    22
  3.0920627564350642E+00 a      2033     1     3     2    23
 -8.6742180168422078E-01 a      2034     1     3     2    24
 -5.4314378717377509E-01 a      2035     1     3     2    25
  4.1188174263670624E-01 a      2036     1     3     2    26
 -1.5832793247040970E+00 a      2037     1     3     2    27
 -4.0833944920946064E-01 a      2038     1     3     2    28
  3.2686278893271165E-02 a      2039     1     3     2    29
 -1.9392015400416762E-01 a      2040     1     3     2    30
 -1.4537533228248567E+00 a      2041     1     4     2     1
 -7.9707506041392484E-01 a      2042     1     4     2     2
 -1.2585713365887599E+00 a      2043     1     4     2     3
 -6.7842760352398856E-01 a      2044     1     4     2     4
 -9.1983923288901515E-01 a      2045     1     4     2     5
  5.1056593724139843E-01 a      2046     1     4     2     6
 -3.6225490492966950E-01 a      2047     1     4     2     7
 -1.0921158380107701E+00 a      2048     1     4     2     8
  1.1115093478108186E-01 a      2049     1     4     2     9
 -3.8811620789708323E+00 a      2050     1     4     2    10
  1.7264376389474059E+00 a      2051     1     4     2    11
  1.7706458552844633E+00 a      2052     1     4     2    12
  2.5148233752248972E+00 a      2053     1     4     2    13
  2.4472017598420073E+00 a      2054     1     4     2    14
 -2.1089057402740868E-01 a      2055     1     4     2    15
 -3.2184276439774115E+00 a      2056     1     4     2    16
 -2.2430074053881559E+00 a      2057     1     4     2    17
  7.7474671651896032E-01 a      2058     1     4     2    18
  1.3027537751850649E+00 a      2059     1     4     2    19
  1.1810227155711734E+00 a      2060     1     4     2    20
 -6.4634874725822922E-01 a      2061     1     4     2    21
  2.4210897130130000E+00 a      2062     1     4     2    22
 -3.4580122837438487E-01 a      2063     1     4     2    23
  5.3344867353800951E-01 a      2064     1     4     2    24
  2.7147255642261463E+00 a      2065     1     4     2    25
 -4.3590497415821633E-01 a      2066     1     4     2    26
 -9.8408165896382060E-01 a      2067     1     4     2    27
 -2.4716768067665126E-01 a      2068     1     4     2    28
  2.3776428577916402E+00 a      2069     1     4     2    29
 -1.6911129049921014E+00 a      2070     1     4     2    30
  8.1003677872920274E-02 a      2071     1     5     2     1
  1.4877094230780536E+00 a      2072     1     5     2     2
 -9.5012601334512670E-01 a      2073     1     5     2     3
  3.8519685946206703E+00 a      2074     1     5     2     4
  1.4068465429334163E+00 a      2075     1     5     2     5
  1.0579472706863283E-01 a      2076     1     5     2     6
 -1.9308828425796454E+00 a      2077     1     5     2     7
  1.1483530586463389E+00 a      2078     1     5     2     8
 -2.1958425933304744E+00 a      2079     1     5     2     9
 -4.3524197387763652E-01 a      2080     1     5     2    10
  2.7112002865645848E+00 a      2081     1     5     2    11
  8.7702804104133647E-01 a      2082     1     5     2    12
  1.5429123707959904E+00 a      2083     1     5     2    13
  6.7699153897296660E-01 a      2084     1     5     2    14
  1.3517810493756512E+00 a      2085     1     5     2    15
  1.4663389546933698E+00 a      2086     1     5     2    16
  1.5828054142318455E+00 a      2087     1     5     2    17
 -6.8286168049901153E-01 a      2088     1     5     2    18
  2.9781044152316292E+00 a      2089     1     5     2    19
  7.7774821452390419E-01 a      2090     1     5     2    20
 -1.2647450634480863E+00 a      2091     1     5     2    21
  1.1331367069852403E+00 a      2092     1     5     2    22
 -3.0523289541925175E-01 a      2093     1     5     2    23
 -3.1861402816760869E+00 a      2094     1     5     2    24
  1.1169983889439052E+00 a      2095     1     5     2    25
 -1.5879436045428991E-01 a      2096     1     5     2    26
  4.9826777466376027E-01 a      2097     1     5     2    27
 -1.0335121929789488E+00 a      2098     1     5     2    28
  2.7425760333566265E+00 a      2099     1     5     2    29
 -2.2789662857237709E+00 a      2100     1     5     2    30
 -8.0532559888366129E-01 a      2101     1     6     2     1
  2.1415890890616636E+00 a      2102     1     6     2     2
 -4.1747919971327724E-01 a      2103     1     6     2     3
 -7.3720803510259425E-01 a      2104     1     6     2     4
  6.0558856155441354E-01 a      2105     1     6     2     5
  5.7406869597195753E-01 a      2106     1     6     2     6
 -2.1604840560970084E-01 a      2107     1     6     2     7
  6.2840314001593833E-01 a      2108     1     6     2     8
 -4.8219472108944544E-01 a      2109     1     6     2     9
 -2.4806679768829726E-01 a      2110     1     6     2    10
  3.6592480579617459E-01 a      2111     1     6     2    11
  1.3684528036870436E-01 a      2112     1     6     2    12
 -1.1938919944603830E+00 a      2113     1     6     2    13
  3.4650099958044012E-01 a      2114     1     6     2    14
  2.1786807986277084E+00 a      2115     1     6     2    15
 -5.0717596145754584E-01 a      2116     1     6     2    16
 -2.0191995085629055E+00 a      2117     1     6     2    17
 -1.9304124979535193E+00 a      2118     1     6     2    18
 -2.0551945699020808E+00 a      2119     1     6     2    19
 -1.7470667514233487E-01 a      2120     1     6     2    20
  1.2104551422680938E-01 a      2121     1     6     2    21
  9.1536288102055019E-01 a      2122     1     6     2    22
 -1.6285642651092691E+00 a      2123     1     6     2    23
  6.0580749456636906E-01 a      2124     1     6     2    24
 -1.5895682120229890E+00 a      2125     1     6     2    25
  1.3035566322531872E-01 a      2126     1     6     2    26
  2.6076240073841843E+00 a      2127     1     6     2    27
  1.7180070913359513E+00 a      2128     1     6     2    28
  2.4316338358300484E+00 a      2129     1     6     2    29
 -3.1520459354233032E-01 a      2130     1     6     2    30
 -1.0359337356767204E+00 a      2131     1     7     2     1
  4.5087031425399000E-02 a      2132     1     7     2     2
 -1.2180544227725059E+00 a      2133     1     7     2     3
  4.5749108620582624E-01 a      2134     1     7     2     4
 -8.8460371430851426E-01 a      2135     1     7     2     5
 -4.7755798770362172E-02 a      2136     1     7     2     6
  3.7695553001019916E-01 a      2137     1     7     2     7
  1.3955337231755283E+00 a      2138     1     7     2     8
 -1.3147811689784286E+00 a      2139     1     7     2     9
  1.0891876380944716E+00 a      2140     1     7     2    10
 -2.5405059197375390E+00 a      2141     1     7     2    11
 -1.3643144155057900E+00 a      2142     1     7     2    12
 -1.0164307416585994E+00 a      2143     1     7     2    13
 -2.1791107495454318E-01 a      2144     1     7     2    14
  1.5549978101550939E+00 a      2145     1     7     2    15
  7.0004128069628702E-01 a      2146     1     7     2    16
 -1.8959875622146598E+00 a      2147     1     7     2    17
 -6.5112653144533816E-01 a      2148     1     7     2    18
 -1.5468549612761124E+00 a      2149     1     7     2    19
 -1.6232044186972618E+00 a      2150     1     7     2    20
  2.8734536660167953E-01 a      2151     1     7     2    21
  2.1902937171913231E-01 a      2152     1     7     2    22
  3.0339997951938766E+00 a      2153     1     7     2    23
  1.9389549050749244E-01 a      2154     1     7     2    24
 -3.4631072850871210E+00 a      2155     1     7     2    25
  6.8056626486819727E-01 a      2156     1     7     2    26
  1.9461178343775512E-01 a      2157     1     7     2    27
 -2.8322238724295201E+00 a      2158     1     7     2    28
 -1.7667014400698537E+00 a      2159     1     7     2    29
 -1.5034717216699658E+00 a      2160     1     7     2    30
  2.2549120599850404E-02 a      2161     1     8     2     1
  3.8278300562768077E+00 a      2162     1     8     2     2
  3.5005782744898950E-01 a      2163     1     8     2     3
  1.5213170579153403E+00 a      2164     1     8     2     4
  3.1309251685195250E+00 a      2165     1     8     2     5
 -2.5012811127338881E+00 a      2166     1     8     2     6
 -2.4268174482436504E+00 a      2167     1     8     2     7
 -7.3656575317065809E-01 a      2168     1     8     2     8
 -6.6775478437072131E+00 a      2169     1     8     2     9
 -9.6212999094456675E-01 a      2170     1     8     2    10
 -2.1563977471873219E+00 a      2171     1     8     2    11
  8.8395932465240412E-02 a      2172     1     8     2    12
  1.8273505054885644E+00 a      2173     1     8     2    13
 -1.1829162967698725E+00 a      2174     1     8     2    14
  1.6197617878824775E+00 a      2175     1     8     2    15
 -1.9467562226279254E+00 a      2176     1     8     2    16
  6.7821276898116234E-01 a      2177     1     8     2    17
  3.5937023134908186E-01 a      2178     1     8     2    18
  1.9995413464224701E-01 a      2179     1     8     2    19
  9.5495943515933907E-02 a      2180     1     8     2    20
  1.4618498489849210E+00 a      2181     1     8     2    21
  2.0863719199033333E+00 a      2182     1     8     2    22
 -9.3275937640906736E-01 a      2183     1     8     2    23
 -1.9239019899045187E+00 a      2184     1     8     2    24
  8.7569081070997634E-01 a      2185     1     8     2    25
  1.3326192603561600E+00 a      2186     1     8     2    26
 -1.4467018813857533E+00 a      2187     1     8     2    27
 -1.2914431425086894E+00 a      2188     1     8     2    28
  4.5738262149647477E+00 a      2189     1     8     2    29
  1.0854478365759543E+00 a      2190     1     8     2    30
  7.8429200296931800E-01 a      2191     1     9     2     1
  2.4234158709966143E+00 a      2192     1     9     2     2
  7.5605508541157052E-01 a      2193     1     9     2     3
 -1.3629824529022856E+00 a      2194     1     9     2     4
  1.6261225855474633E+00 a      2195     1     9     2     5
 -1.2606965158462093E+00 a      2196     1     9     2     6
 -3.8887712867639129E-01 a      2197     1     9     2     7
 -1.2045482067020348E+00 a      2198     1     9     2     8
  9.0494827170977524E-02 a      2199     1     9     2     9
 -8.3884621975944640E-01 a      2200     1     9     2    10
  1.0857113753571936E-01 a      2201     1     9     2    11
  4.9264724370214313E-01 a      2202     1     9     2    12
 -1.4191817936894489E+00 a      2203     1     9     2    13
  2.0301156637243283E+00 a      2204     1     9     2    14
 -2.9094362422558735E+00 a      2205     1     9     2    15
  1.0729622574860234E+00 a      2206     1     9     2    16
 -1.6881536918515567E+00 a      2207     1     9     2    17
  1.3821613512424616E-01 a      2208     1     9     2    18
  2.0193447537895333E+00 a      2209     1     9     2    19
 -5.5865074438858364E-01 a      2210     1     9     2    20
 -5.7309403183483743E-01 a      2211     1     9     2    21
 -1.3315141534627621E+00 a      2212     1     9     2    22
 -1.6985071945534005E+00 a      2213     1     9     2    23
 -1.4717383727728168E+00 a      2214     1     9     2    24
  1.5537439755549316E+00 a      2215     1     9     2    25
 -7.7787193760552786E-01 a      2216     1     9     2    26
 -7.8436696857806643E-01 a      2217     1     9     2    27
  3.2926984608673415E-01 a      2218     1     9     2    28
  1.9910858362435732E-01 a      2219     1     9     2    29
 -2.8314892879919540E-01 a      2220     1     9     2    30
 -3.4006286860111770E+00 a      2221     1    10     2     1
 -3.2851374302458312E+00 a      2222     1    10     2     2
 -8.0774388358459226E-01 a      2223     1    10     2     3
 -3.1558956876544224E+00 a      2224     1    10     2     4
 -2.5418630405656915E+00 a      2225     1    10     2     5
  1.9218562388725005E+00 a      2226     1    10     2     6
  3.7552072215646675E+00 a      2227     1    10     2     7
  1.6424391650361840E+00 a      2228     1    10     2     8
 -2.0300082424512005E+00 a      2229     1    10     2     9
 -2.0657771952804493E+00 a      2230     1    10     2    10
  6.5355230040295087E-01 a      2231     1    10     2    11
  5.8917924970154911E-01 a      2232     1    10     2    12
 -1.2601666429536389E+00 a      2233     1    10     2    13
  8.5797096249666027E-01 a      2234     1    10     2    14
 -2.1164937828538575E+00 a      2235     1    10     2    15
  7.2014286863141255E+00 a      2236     1    10     2    16
 -2.3624773091464739E+00 a      2237     1    10     2    17
  8.3875202262474668E-01 a      2238     1    10     2    18
 -2.5088274939461921E+00 a      2239     1    10     2    19
  1.3293352592096199E+00 a      2240     1    10     2    20
 -1.5105730918998559E+00 a      2241     1    10     2    21
  5.2129846757579090E-01 a      2242     1    10     2    22
 -2.4439263965811886E-01 a      2243     1    10     2    23
 -3.5525281190457489E+00 a      2244     1    10     2    24
 -2.1049020181248062E+00 a      2245     1    10     2    25
 -8.1643870439628063E-01 a      2246     1    10     2    26
  6.3687414888078431E+00 a      2247     1    10     2    27
 -1.5300156898655853E-01 a      2248     1    10     2    28
 -1.2298223072787128E-01 a      2249     1    10     2    29
 -3.5933276037706574E+00 a      2250     1    10     2    30
 -4.2235979909820059E-01 a      2251     1    11     2     1
 -3.6509785109393884E+00 a      2252     1    11     2     2
  4.2478886654618453E-01 a      2253     1    11     2     3
  1.5721269530176807E-01 a      2254     1    11     2     4
 -2.7192427230770075E+00 a      2255     1    11     2     5
 -2.8900909175981173E+00 a      2256     1    11     2     6
 -1.0521863209413331E+00 a      2257     1    11     2     7
  6.1711610277473079E-02 a      2258     1    11     2     8
  1.2706150954620758E+00 a      2259     1    11     2     9
  1.4793808937268182E+00 a      2260     1    11     2    10
 -4.0615602705353337E+00 a      2261     1    11     2    11
  1.2875710106974445E-01 a      2262     1    11     2    12
 -2.1398164836671238E+00 a      2263     1    11     2    13
 -3.7066133865959267E-01 a      2264     1    11     2    14
 -2.4821841409281058E+00 a      2265     1    11     2    15
 -6.8190370997347305E-01 a      2266     1    11     2    16
 -2.7757450617519863E-01 a      2267     1    11     2    17
  1.1356458632463624E+00 a      2268     1    11     2    18
 -1.8066044959468937E+00 a      2269     1    11     2    19
  1.3172345325720747E-01 a      2270     1    11     2    20
  8.2645936944550713E-01 a      2271     1    11     2    21
 -7.9899328673980852E-01 a      2272     1    11     2    22
  2.0693111169107050E+00 a      2273     1    11     2    23
  1.1511877171640514E+00 a      2274     1    11     2    24
 -1.4251833431345646E+00 a      2275     1    11     2    25
  1.9656906610512459E+00 a      2276     1    11     2    26
  2.6534384508615667E+00 a      2277     1    11     2    27
  2.9331307074629540E-02 a      2278     1    11     2    28
 -7.3674145405438562E-01 a      2279     1    11     2    29
 -1.4129241251642539E+00 a      2280     1    11     2    30
  2.0404720777561693E+00 a      2281     1    12     2     1
  3.3086884291659346E-01 a      2282     1    12     2     2
  3.9855372608719503E-01 a      2283     1    12     2     3
 -3.4713528141192782E+00 a      2284     1    12     2     4
 -1.9792482258301471E+00 a      2285     1    12     2     5
  5.2486890679338560E-01 a      2286     1    12     2     6
 -1.5098546010759198E-01 a      2287     1    12     2     7
  1.7147332194800151E+00 a      2288     1    12     2     8
  2.9234062722359275E+00 a      2289     1    12     2     9
 -2.2199364287189569E+00 a      2290     1    12     2    10
  2.4989369578132772E+00 a      2291     1    12     2    11
  9.4339190849591793E-03 a      2292     1    12     2    12
 -2.1506255121049782E+00 a      2293     1    12     2    13
  1.8828448104837336E+00 a      2294     1    12     2    14
 -3.4224324121107315E+00 a      2295     1    12     2    15
 -6.0439535041874293E-01 a      2296     1    12     2    16
  6.2008414601480910E-01 a      2297     1    12     2    17
  1.1536591622069408E+00 a      2298     1    12     2    18
  2.1483297841502651E+00 a      2299     1    12     2    19
 -1.0393132805200668E-01 a      2300     1    12     2    20
  5.8389510815652923E-01 a      2301     1    12     2    21
  1.0944927516597995E-01 a      2302     1    12     2    22
  1.5026065559548898E-01 a      2303     1    12     2    23
 -1.1421794027821082E+00 a      2304     1    12     2    24
  1.9192411759689292E+00 a      2305     1    12     2    25
  6.1671206887459284E-01 a      2306     1    12     2    26
  1.1064899107888488E+00 a      2307     1    12     2    27
 -4.1873649448391506E+00 a      2308     1    12     2    28
 -2.7770756311124027E+00 a      2309     1    12     2    29
 -7.9490727942357675E-01 a      2310     1    12     2    30
 -4.4653094322136155E+00 a      2311     1    13     2     1
  6.6440138878165544E-01 a      2312     1    13     2     2
  9.7026416716992761E-02 a      2313     1    13     2     3
  1.6619862622944011E+00 a      2314     1    13     2     4
 -3.9169837206694375E-01 a      2315     1    13     2     5
  1.4487602402979973E+00 a      2316     1    13     2     6
 -2.5988785806232011E+00 a      2317     1    13     2     7
 -1.8358106085903607E+00 a      2318     1    13     2     8
 -1.1645432120193329E+00 a      2319     1    13     2     9
  4.3867537446463230E+00 a      2320     1    13     2    10
  1.3186719924152701E+00 a      2321     1    13     2    11
  7.7364253758586510E-01 a      2322     1    13     2    12
 -1.0750825493778049E+00 a      2323     1    13     2    13
 -2.6436673275519764E+00 a      2324     1    13     2    14
  2.7377327068520629E-01 a      2325     1    13     2    15
 -1.0582942073233437E+00 a      2326     1    13     2    16
 -2.8692926054506596E+00 a      2327     1    13     2    17
  6.4448339820826039E-01 a      2328     1    13     2    18
 -6.1358872514146290E-01 a      2329     1    13     2    19
 -2.1889217004570363E-01 a      2330     1    13     2    20
  1.3034702022599751E+00 a      2331     1    13     2    21
 -2.2599384833076627E-01 a      2332     1    13     2    22
 -3.7376980503639440E-01 a      2333     1    13     2    23
 -2.5908774120732350E+00 a      2334     1    13     2    24
 -1.2984749477837896E+00 a      2335     1    13     2    25
 -1.4601171824285524E+00 a      2336     1    13     2    26
 -2.7690405325045147E+00 a      2337     1    13     2    27
  1.1711130477660736E+00 a      2338     1    13     2    28
  2.7457391000807383E+00 a      2339     1    13     2    29
 -4.3380107925688014E+00 a      2340     1    13     2    30
 -1.3074975259058470E+00 a      2341     1    14     2     1
  3.5923370711623268E+00 a      2342     1    14     2     2
 -7.1007492969126784E-01 a      2343     1    14     2     3
 -1.5925253352161295E+00 a      2344     1    14     2     4
 -5.5168951381896481E-01 a      2345     1    14     2     5
 -3.4587722604903132E-01 a      2346     1    14     2     6
  1.3555435394590685E+00 a      2347     1    14     2     7
  2.0322589472437329E+00 a      2348     1    14     2     8
 -3.0374966631415119E+00 a      2349     1    14     2     9
 -8.0371289269866708E-01 a      2350     1    14     2    10
 -4.4173612174950211E-01 a      2351     1    14     2    11
 -3.2226816454675600E-01 a      2352     1    14     2    12
  4.9793784844417338E-01 a      2353     1    14     2    13
  1.1990049764807278E+00 a      2354     1    14     2    14
  2.3577217188424329E+00 a      2355     1    14     2    15
  5.2509649856919094E-01 a      2356     1    14     2    16
 -2.8505683641873607E+00 a      2357     1    14     2    17
 -1.0088547399587398E-01 a      2358     1    14     2    18
  1.7847526524391468E+00 a      2359     1    14     2    19
  1.3668504419809491E+00 a      2360     1    14     2    20
 -1.9907431000996942E+00 a      2361     1    14     2    21
  2.5996701657007915E-01 a      2362     1    14     2    22
  1.8729035950291215E-01 a      2363     1    14     2    23
  3.2938820134302155E-01 a      2364     1    14     2    24
  1.3395399765067195E+00 a      2365     1    14     2    25
  4.6649989680429216E-01 a      2366     1    14     2    26
  1.4118462182741818E+00 a      2367     1    14     2    27
 -8.4144331651481785E-01 a      2368     1    14     2    28
 -6.5179268662278758E-02 a      2369     1    14     2    29
 -5.7910885472916518E-01 a      2370     1    14     2    30
  2.6776155266854467E+00 a      2371     1    15     2     1
 -1.3273838970495373E+00 a      2372     1    15     2     2
  1.2577203575166764E+00 a      2373     1    15     2     3
  4.6228319053546257E-01 a      2374     1    15     2     4
 -5.8097145177854470E+00 a      2375     1    15     2     5
  2.6883420568439682E+00 a      2376     1    15     2     6
  1.1258133404630455E+00 a      2377     1    15     2     7
 -1.8356438573309126E+00 a      2378     1    15     2     8
  1.5774267399253965E+00 a      2379     1    15     2     9
  9.9177630850855525E-01 a      2380     1    15     2    10
  2.2831909072539402E+00 a      2381     1    15     2    11
  1.1039519658619772E+00 a      2382     1    15     2    12
  1.0519109758574599E+00 a      2383     1    15     2    13
 -2.4959515759720863E+00 a      2384     1    15     2    14
  2.3270281100378520E-01 a      2385     1    15     2    15
 -1.0537652454936981E+00 a      2386     1    15     2    16
  1.8537114326783730E+00 a      2387     1    15     2    17
 -1.9943185706757027E-01 a      2388     1    15     2    18
 -7.3890099466877657E-01 a      2389     1    15     2    19
  1.1623178102722682E+00 a      2390     1    15     2    20
  3.8145824339435341E-01 a      2391     1    15     2    21
  1.5469107055834370E+00 a      2392     1    15     2    22
  3.0715915605163080E-01 a      2393     1    15     2    23
  3.2080142118839028E-01 a      2394     1    15     2    24
 -1.0373525551757234E-01 a      2395     1    15     2    25
 -7.4420852279185629E-02 a      2396     1    15     2    26
  2.5158517955023130E-01 a      2397     1    15     2    27
  8.1701547519089268E-01 a      2398     1    15     2    28
  1.3824048275233607E+00 a      2399     1    15     2    29
  1.2521611629934821E+00 a      2400     1    15     2    30
 -5.4280962547002731E-01 a      2401     1    16     2     1
 -9.5727264873357165E-01 a      2402     1    16     2     2
  4.3845709649106120E-02 a      2403     1    16     2     3
  7.0325683288741547E-01 a      2404     1    16     2     4
  6.5589156954568582E+00 a      2405     1    16     2     5
  2.0687368058330229E+00 a      2406     1    16     2     6
 -2.0376269456893112E-01 a      2407     1    16     2     7
 -1.2322534781683006E+00 a      2408     1    16     2     8
  2.9213750841560633E+00 a      2409     1    16     2     9
  1.0832032153298952E+00 a      2410     1    16     2    10
  1.7874353007073664E+00 a      2411     1    16     2    11
 -6.6055724320013165E-02 a      2412     1    16     2    12
 -1.6995748271871076E+00 a      2413     1    16     2    13
 -1.0128703115254707E+00 a      2414     1    16     2    14
 -1.5361418167498595E+00 a      2415     1    16     2    15
 -5.1350289408230010E+00 a      2416     1    16     2    16
  1.2884227882000228E+00 a      2417     1    16     2    17
 -2.1498400995603886E+00 a      2418     1    16     2    18
 -5.8678776407572120E-01 a      2419     1    16     2    19
  7.6668037373035414E-01 a      2420     1    16     2    20
 -3.1641810326591241E-01 a      2421     1    16     2    21
 -9.7280169153303120E-01 a      2422     1    16     2    22
  7.7248587708361294E-01 a      2423     1    16     2    23
 -2.6409675778556191E-01 a      2424     1    16     2    24
 -6.1843339472317849E-01 a      2425     1    16     2    25
  7.9533507913730062E-01 a      2426     1    16     2    26
 -3.1925702018692323E+00 a      2427     1    16     2    27
  2.0007778645156251E+00 a      2428     1    16     2    28
 -1.2265764239970822E+00 a      2429     1    16     2    29
 -1.3579045907504845E+00 a      2430     1    16     2    30
  9.7822105077483057E-01 a      2431     1    17     2     1
  2.7103266034712674E+00 a      2432     1    17     2     2
  1.2767607682019870E+00 a      2433     1    17     2     3
  3.3456443089992947E+00 a      2434     1    17     2     4
 -4.8797816466575622E-01 a      2435     1    17     2     5
 -1.0748088946031027E+00 a      2436     1    17     2     6
 -3.7821990750309248E-01 a      2437     1    17     2     7
 -2.5557409673573099E+00 a      2438     1    17     2     8
  3.5424426511915896E-01 a      2439     1    17     2     9
 -3.3791774705074098E+00 a      2440     1    17     2    10
 -1.5358589890757288E+00 a      2441     1    17     2    11
 -1.2699071806018942E+00 a      2442     1    17     2    12
  2.8467428733385314E-02 a      2443     1    17     2    13
 -1.0948738759776548E+00 a      2444     1    17     2    14
  1.7082952310100130E-01 a      2445     1    17     2    15
  1.1964787457258579E+00 a      2446     1    17     2    16
  7.7132186568491434E-01 a      2447     1    17     2    17
 -8.5335263196586109E-01 a      2448     1    17     2    18
 -2.1337738427299517E+00 a      2449     1    17     2    19
  1.2331600326672061E-01 a      2450     1    17     2    20
  1.3719351026826176E-01 a      2451     1    17     2    21
 -1.5253187012726468E+00 a      2452     1    17     2    22
 -8.6837192848051836E-01 a      2453     1    17     2    23
 -1.8737546782928396E-01 a      2454     1    17     2    24
  6.8798299902456783E-01 a      2455     1    17     2    25
  5.1981735439682364E+00 a      2456     1    17     2    26
 -1.9413767498837802E+00 a      2457     1    17     2    27
  2.1680787784430624E+00 a      2458     1    17     2    28
 -2.1325421564410836E+00 a      2459     1    17     2    29
 -8.4527676836114740E-01 a      2460     1    17     2    30
  1.8064361656240571E+00 a      2461     1    18     2     1
 -1.7470585977244661E+00 a      2462     1    18     2     2
  4.8801206873392045E-01 a      2463     1    18     2     3
 -1.8468068871128529E-01 a      2464     1    18     2     4
 -7.3736436712264766E+00 a      2465     1    18     2     5
  1.6205850345246917E+00 a      2466     1    18     2     6
 -1.2859070776019883E+00 a      2467     1    18     2     7
 -3.4662960359921535E-01 a      2468     1    18     2     8
  2.2014623719899165E+00 a      2469     1    18     2     9
 -6.4415679206160448E-01 a      2470     1    18     2    10
  3.2818036392739081E+00 a      2471     1    18     2    11
  1.2071407473284845E+00 a      2472     1    18     2    12
 -1.2213144939079891E-01 a      2473     1    18     2    13
 -7.0333160963098429E-01 a      2474     1    18     2    14
 -2.0249422020554189E+00 a      2475     1    18     2    15
  5.2720516044375321E-01 a      2476     1    18     2    16
  1.9554630690071069E+00 a      2477     1    18     2    17
  2.8429170788378672E-01 a      2478     1    18     2    18
 -4.7225441101993786E+00 a      2479     1    18     2    19
  1.1162483418566398E+00 a      2480     1    18     2    20
  1.2203566109625019E+00 a      2481     1    18     2    21
  1.4044435960590122E-02 a      2482     1    18     2    22
 -1.5239595267843391E+00 a      2483     1    18     2    23
  4.2501176133441193E-01 a      2484     1    18     2    24
 -1.2061747824590709E+00 a      2485     1    18     2    25
  1.9332713864840632E+00 a      2486     1    18     2    26
 -2.7660913060004471E+00 a      2487     1    18     2    27
 -1.1451753330262846E+00 a      2488     1    18     2    28
  1.3283468933347040E+00 a      2489     1    18     2    29
 -1.4173445398007894E-01 a      2490     1    18     2    30
 -4.1285290590913926E-01 a      2491     1    19     2     1
  1.0793394608595592E+00 a      2492     1    19     2     2
 -6.3248461697765057E-01 a      2493     1    19     2     3
  1.6111768205348059E-01 a      2494     1    19     2     4
  7.8707350805303389E-01 a      2495     1    19     2     5
 -1.9065170294128266E+00 a      2496     1    19     2     6
 -1.0553702604815498E+00 a      2497     1    19     2     7
 -1.1155512915461394E+00 a      2498     1    19     2     8
 -3.3771136496464917E+00 a      2499     1    19     2     9
 -5.4671694517718450E-01 a      2500     1    19     2    10
 -1.0703854918924534E+00 a      2501     1    19     2    11
 -2.4569561174420645E-01 a      2502     1    19     2    12
  1.7126891068870407E+00 a      2503     1    19     2    13
  1.6086234500684196E+00 a      2504     1    19     2    14
  2.2217422424223359E+00 a      2505     1    19     2    15
  2.0650141789025067E+00 a      2506     1    19     2    16
  3.1980076349092279E-01 a      2507     1    19     2    17
 -1.9829007033241638E-01 a      2508     1    19     2    18
 -2.8751216768415082E+00 a      2509     1    19     2    19
 -3.0153226355893215E+00 a      2510     1    19     2    20
  4.3642350189984025E-01 a      2511     1    19     2    21
 -1.9815672885314078E-01 a      2512     1    19     2    22
 -1.8087402941160498E+00 a      2513     1    19     2    23
  3.1908912315813759E-01 a      2514     1    19     2    24
 -1.8238789230166999E-01 a      2515     1    19     2    25
 -1.3897794652051716E+00 a      2516     1    19     2    26
 -1.8155223175553845E+00 a      2517     1    19     2    27
 -1.5460908247936507E+00 a      2518     1    19     2    28
  7.3339276095048578E-01 a      2519     1    19     2    29
  2.3038409653396696E+00 a      2520     1    19     2    30
  5.1197547625421158E-01 a      2521     1    20     2     1
  1.1773084020311082E+00 a      2522     1    20     2     2
  1.7642761822383168E+00 a      2523     1    20     2     3
  2.7935200524154089E+00 a      2524     1    20     2     4
 -4.2663019096449060E-02 a      2525     1    20     2     5
 -1.1938791089637841E+00 a      2526     1    20     2     6
  1.1057591333011331E-01 a      2527     1    20     2     7
 -5.6266733113035383E-01 a      2528     1    20     2     8
  2.5533699099336320E+00 a      2529     1    20     2     9
  5.1538307202788947E-01 a      2530     1    20     2    10
 -2.5348661758050555E+00 a      2531     1    20     2    11
 -1.0932856545337541E+00 a      2532     1    20     2    12
 -2.6951343676335964E+00 a      2533     1    20     2    13
 -6.0098198569815620E-01 a      2534     1    20     2    14
 -5.1822664654448021E+00 a      2535     1    20     2    15
 -3.3547926433898732E+00 a      2536     1    20     2    16
  2.3661953693059332E+00 a      2537     1    20     2    17
 -4.0034868383618843E-01 a      2538     1    20     2    18
 -2.2857788637027232E+00 a      2539     1    20     2    19
  8.4973749276715493E-01 a      2540     1    20     2    20
 -6.6271651965977021E-02 a      2541     1    20     2    21
  8.2856655959497272E-01 a      2542     1    20     2    22
  5.0309505474069405E-01 a      2543     1    20     2    23
 -1.5506087383832716E+00 a      2544     1    20     2    24
 -1.2423816025055778E+00 a      2545     1    20     2    25
  1.8631133697155848E+00 a      2546     1    20     2    26
  1.1120205646589570E-01 a      2547     1    20     2    27
  1.4695729600215195E+00 a      2548     1    20     2    28
 -1.2812379658915860E+00 a      2549     1    20     2    29
  1.1114280381735071E+00 a      2550     1    20     2    30
 -1.0597927104093599E+00 a      2551     1    21     2     1
  1.3859322654893055E-01 a      2552     1    21     2     2
 -1.4315572621047816E+00 a      2553     1    21     2     3
 -2.5590500567842591E+00 a      2554     1    21     2     4
  6.1908647535290995E-01 a      2555     1    21     2     5
 -2.7634576464703593E+00 a      2556     1    21     2     6
 -3.4539960960930921E-01 a      2557     1    21     2     7
  1.1120806198546185E+00 a      2558     1    21     2     8
 -3.9059825485155137E+00 a      2559     1    21     2     9
 -3.7667010986178373E-01 a      2560     1    21     2    10
 -9.5622498163926473E-01 a      2561     1    21     2    11
 -1.1047137968672172E+00 a      2562     1    21     2    12
  2.7428609804998065E+00 a      2563     1    21     2    13
  2.2875485207680315E+00 a      2564     1    21     2    14
  1.2161548178847015E+00 a      2565     1    21     2    15
  5.4150115054800892E-02 a      2566     1    21     2    16
 -4.3687490338226453E-01 a      2567     1    21     2    17
 -1.2866961900252185E+00 a      2568     1    21     2    18
  2.6507519109490434E+00 a      2569     1    21     2    19
  4.3892038032939096E-01 a      2570     1    21     2    20
  1.5259613916645580E+00 a      2571     1    21     2    21
 -2.0193829037518526E-01 a      2572     1    21     2    22
 -1.9717168588416434E+00 a      2573     1    21     2    23
 -1.2669897499098648E+00 a      2574     1    21     2    24
 -3.2924529263719213E+00 a      2575     1    21     2    25
 -1.5854421484055439E+00 a      2576     1    21     2    26
  8.3539223280521335E-01 a      2577     1    21     2    27
 -6.0514971408408229E+00 a      2578     1    21     2    28
 -6.9444276104998104E-01 a      2579     1    21     2    29
  6.4352672998775295E-01 a      2580     1    21     2    30
  1.8557049591480217E+00 a      2581     1    22     2     1
 -3.5277548583620670E+00 a      2582     1    22     2     2
 -1.5747809584624142E+00 a      2583     1    22     2     3
 -1.2050203259271861E+00 a      2584     1    22     2     4
 -2.5555752252819004E+00 a      2585     1    22     2     5
 -1.4807442776734234E-01 a      2586     1    22     2     6
  8.2952465495817351E-01 a      2587     1    22     2     7
 -3.7577794604870068E-01 a      2588     1    22     2     8
  3.0253009958294337E+00 a      2589     1    22     2     9
 -2.0048807683371330E+00 a      2590     1    22     2    10
  1.5151086934590330E+00 a      2591     1    22     2    11
 -1.0967602340606502E+00 a      2592     1    22     2    12
 -5.6505386026214777E-01 a      2593     1    22     2    13
 -5.4832920399410645E-01 a      2594     1    22     2    14
  9.9959131291345649E-01 a      2595     1    22     2    15
 -2.4245155778103502E+00 a      2596     1    22     2    16
 -6.2159746747092381E-01 a      2597     1    22     2    17
 -3.0204316217520222E+00 a      2598     1    22     2    18
  8.5436487952676188E-01 a      2599     1    22     2    19
  2.4311701117027442E+00 a      2600     1    22     2    20
  6.4011633454303676E-02 a      2601     1    22     2    21
 -1.3487755350134591E+00 a      2602     1    22     2    22
  1.2876339122098031E+00 a      2603     1    22     2    23
  2.7606889160525125E+00 a      2604     1    22     2    24
  2.1606801769945063E+00 a      2605     1    22     2    25
  1.2929847153686402E+00 a      2606     1    22     2    26
  7.1582764997611881E-01 a      2607     1    22     2    27
  1.6448767795815764E-02 a      2608     1    22     2    28
  1.3641569907660043E+00 a      2609     1    22     2    29
  4.0983504799930479E+00 a      2610     1    22     2    30
 -1.3197077847047096E+00 a      2611     1    23     2     1
 -6.8395387743711211E+00 a      2612     1    23     2     2
 -1.6592778101391992E+00 a      2613     1    23     2     3
 -1.8492222076074258E+00 a      2614     1    23     2     4
 -2.8292863270748496E+00 a      2615     1    23     2     5
  1.5716987009271990E+00 a      2616     1    23     2     6
  1.3278531546522567E+00 a      2617     1    23     2     7
 -1.7845313200202300E+00 a      2618     1    23     2     8
  6.5047584232131450E-01 a      2619     1    23     2     9
 -1.7875843502034163E+00 a      2620     1    23     2    10
  7.5700436240104296E-01 a      2621     1    23     2    11
  5.9665822927042489E-01 a      2622     1    23     2    12
  1.5736171306537479E+00 a      2623     1    23     2    13
 -1.9893333722174573E+00 a      2624     1    23     2    14
  2.3503478635128502E-01 a      2625     1    23     2    15
  1.8450129418053520E+00 a      2626     1    23     2    16
 -1.3321445064437896E+00 a      2627     1    23     2    17
 -1.4179084554269819E+00 a      2628     1    23     2    18
 -9.2203084393579016E-01 a      2629     1    23     2    19
  6.5658775166928562E-01 a      2630     1    23     2    20
 -1.0973707956861584E-01 a      2631     1    23     2    21
  1.8560238392151507E+00 a      2632     1    23     2    22
 -1.7329362461498102E-01 a      2633     1    23     2    23
 -7.8074865364575430E-01 a      2634     1    23     2    24
 -5.7361444494726150E+00 a      2635     1    23     2    25
 -4.1299708144971143E+00 a      2636     1    23     2    26
 -1.1848433604082371E+00 a      2637     1    23     2    27
  4.0617358287147715E-01 a      2638     1    23     2    28
  1.4333258282485972E-01 a      2639     1    23     2    29
 -1.7079471210325239E-01 a      2640     1    23     2    30
  1.7941188721574997E+00 a      2641     1    24     2     1
  8.8919160231256544E-01 a      2642     1    24     2     2
 -1.1660148217549364E+00 a      2643     1    24     2     3
  2.0966975658882752E+00 a      2644     1    24     2     4
 -3.4685535354326071E+00 a      2645     1    24     2     5
 -1.0396052383216552E+00 a      2646     1    24     2     6
  1.1608812528966483E+00 a      2647     1    24     2     7
 -1.2380106149207606E+00 a      2648     1    24     2     8
 -2.7187545944615423E+00 a      2649     1    24     2     9
 -1.7469509381039372E+00 a      2650     1    24     2    10
  1.2504435439120920E+00 a      2651     1    24     2    11
 -1.9629447357235421E+00 a      2652     1    24     2    12
  1.0041075856341795E+00 a      2653     1    24     2    13
  9.9348876081537596E-01 a      2654     1    24     2    14
  1.9912195341841854E+00 a      2655     1    24     2    15
  2.0511622044850717E+00 a      2656     1    24     2    16
  8.7182447671758445E-01 a      2657     1    24     2    17
  1.8292965020556461E-02 a      2658     1    24     2    18
  2.8084859503667672E+00 a      2659     1    24     2    19
 -1.3429158375382522E+00 a      2660     1    24     2    20
 -9.0608947749296875E-01 a      2661     1    24     2    21
 -4.7649959628526795E-01 a      2662     1    24     2    22
 -1.0704097957710836E+00 a      2663     1    24     2    23
  2.0692334915751354E+00 a      2664     1    24     2    24
  3.3594246524630962E+00 a      2665     1    24     2    25
 -1.8804911475417481E+00 a      2666     1    24     2    26
 -2.9381756231465745E+00 a      2667     1    24     2    27
 -3.7899614164447332E-01 a      2668     1    24     2    28
  4.7144400443382350E-01 a      2669     1    24     2    29
  7.8664623076873286E-01 a      2670     1    24     2    30
 -2.1229439000975576E+00 a      2671     1    25     2     1
 -1.9741117746186825E+00 a      2672     1    25     2     2
 -5.8081265786132130E-01 a      2673     1    25     2     3
  2.2167747912605704E+00 a      2674     1    25     2     4
 -7.9218764548950515E-01 a      2675     1    25     2     5
  2.8587077256236770E-01 a      2676     1    25     2     6
  3.2858712869764956E-01 a      2677     1    25     2     7
  1.2318040827897787E+00 a      2678     1    25     2     8
  6.8424300448907394E-01 a      2679     1    25     2     9
  4.4645151772689156E+00 a      2680     1    25     2    10
 -1.0969124736379514E+00 a      2681     1    25     2    11
  4.9711870480955912E-02 a      2682     1    25     2    12
  6.1699482724937638E-01 a      2683     1    25     2    13
  5.5915807906963533E-01 a      2684     1    25     2    14
 -9.8102659279755866E-01 a      2685     1    25     2    15
 -2.8315609863555347E+00 a      2686     1    25     2    16
  1.9451146225540428E-01 a      2687     1    25     2    17
  4.4070760656437571E-02 a      2688     1    25     2    18
  1.0548330886966297E+00 a      2689     1    25     2    19
 -1.5672530025681195E+00 a      2690     1    25     2    20
 -6.1809695669112041E-01 a      2691     1    25     2    21
  1.6696694824692910E+00 a      2692     1    25     2    22
  8.1704125765969327E-01 a      2693     1    25     2    23
  2.6354256586884097E+00 a      2694     1    25     2    24
 -1.6663586137337967E+00 a      2695     1    25     2    25
  1.2866317784445800E+00 a      2696     1    25     2    26
 -1.3691996834772449E+00 a      2697     1    25     2    27
 -2.6224033208047837E-01 a      2698     1    25     2    28
 -6.9666878091081308E-01 a      2699     1    25     2    29
 -9.5069423012759346E-01 a      2700     1    25     2    30
  7.7604220304149374E-01 a      2701     1    26     2     1
 -3.1107142687450700E+00 a      2702     1    26     2     2
 -8.6400567412292906E-02 a      2703     1    26     2     3
 -4.7429550662736059E-01 a      2704     1    26     2     4
  5.1237660485271719E-01 a      2705     1    26     2     5
  1.2096898877752955E+00 a      2706     1    26     2     6
  5.4781566623504530E-01 a      2707     1    26     2     7
 -1.0122233412863989E-01 a      2708     1    26     2     8
  4.4425304577534214E-01 a      2709     1    26     2     9
 -8.2490691400573157E-01 a      2710     1    26     2    10
  2.0313572597277991E+00 a      2711     1    26     2    11
 -4.0654240212215015E-01 a      2712     1    26     2    12
  1.6282779237372174E+00 a      2713     1    26     2    13
 -8.2889266809787354E-01 a      2714     1    26     2    14
 -7.5202008718960156E-01 a      2715     1    26     2    15
 -1.6753352595784525E+00 a      2716     1    26     2    16
  3.8192757239584334E+00 a      2717     1    26     2    17
  6.4532855371665310E-01 a      2718     1    26     2    18
  9.7051600109568725E-01 a      2719     1    26     2    19
  4.7242995328254317E-01 a      2720     1    26     2    20
  2.7849145204242570E-01 a      2721     1    26     2    21
  1.6466690140624938E+00 a      2722     1    26     2    22
 -1.4300652720458709E-01 a      2723     1    26     2    23
 -1.1029343414206241E+00 a      2724     1    26     2    24
 -4.5019804549973630E+00 a      2725     1    26     2    25
 -1.0502574712546531E+00 a      2726     1    26     2    26
 -1.6513093909236196E+00 a      2727     1    26     2    27
  6.5404012284222435E-02 a      2728     1    26     2    28
 -2.5584216671902511E+00 a      2729     1    26     2    29
  1.7230878408686416E-02 a      2730     1    26     2    30
 -3.1940505004114828E-01 a      2731     1    27     2     1
 -4.7159775952141505E+00 a      2732     1    27     2     2
  6.5577245193005684E-01 a      2733     1    27     2     3
  5.0880565601230587E-01 a      2734     1    27     2     4
  1.1138524716295528E+00 a      2735     1    27     2     5
  1.4940061221850340E-01 a      2736     1    27     2     6
  1.2697840832786706E+00 a      2737     1    27     2     7
  1.1950009541872399E+00 a      2738     1    27     2     8
 -1.4101851733137645E+00 a      2739     1    27     2     9
  3.3128147913037727E+00 a      2740     1    27     2    10
  5.3578159730505082E-01 a      2741     1    27     2    11
  3.5339709562862370E-01 a      2742     1    27     2    12
  1.7330147266531080E+00 a      2743     1    27     2    13
  1.9757252254053803E+00 a      2744     1    27     2    14
 -1.2100255674510185E+00 a      2745     1    27     2    15
  4.6972806439522385E-01 a      2746     1    27     2    16
  1.0133499978403131E+00 a      2747     1    27     2    17
  5.3461917439978757E-01 a      2748     1    27     2    18
 -2.4420223217924289E-01 a      2749     1    27     2    19
  2.2244417494555084E+00 a      2750     1    27     2    20
 -7.0422433697540010E-01 a      2751     1    27     2    21
 -2.7677351817264045E-01 a      2752     1    27     2    22
  1.9907753051691615E+00 a      2753     1    27     2    23
  1.3837810936573067E+00 a      2754     1    27     2    24
  1.5168340804535070E+00 a      2755     1    27     2    25
  1.1628698757311766E+00 a      2756     1    27     2    26
 -2.9449020882484250E-01 a      2757     1    27     2    27
 -2.5516194023974648E-01 a      2758     1    27     2    28
 -3.7910742993545985E+00 a      2759     1    27     2    29
 -8.1136503971966556E-01 a      2760     1    27     2    30
  6.5950051836022106E-01 a      2761     1    28     2     1
 -2.3395965812129642E+00 a      2762     1    28     2     2
 -5.4467975696937054E-01 a      2763     1    28     2     3
 -6.2962116649198474E-01 a      2764     1    28     2     4
  8.5037167346933146E-03 a      2765     1    28     2     5
  1.5649872454367924E+00 a      2766     1    28     2     6
 -4.2171259160986008E-01 a      2767     1    28     2     7
 -4.5102283646012702E-02 a      2768     1    28     2     8
 -5.5018058321283136E-01 a      2769     1    28     2     9
  1.4660597019170198E+00 a      2770     1    28     2    10
 -1.0856780927348693E-01 a      2771     1    28     2    11
  1.0336101401603499E+00 a      2772     1    28     2    12
 -3.3134101371781882E-01 a      2773     1    28     2    13
  7.8204726184362161E-01 a      2774     1    28     2    14
 -3.0630099834593697E-02 a      2775     1    28     2    15
 -8.4255641426034122E-01 a      2776     1    28     2    16
  5.3142888315184100E-01 a      2777     1    28     2    17
  1.5584612128306974E+00 a      2778     1    28     2    18
  6.4708831557960900E-01 a      2779     1    28     2    19
 -1.6504922378703704E+00 a      2780     1    28     2    20
  1.2914942147815833E+00 a      2781     1    28     2    21
  4.7931369590375361E-01 a      2782     1    28     2    22
  1.8340376445306394E+00 a      2783     1    28     2    23
 -4.7375335397073730E+00 a      2784     1    28     2    24
  9.0913333698901244E-01 a      2785     1    28     2    25
 -3.6171116730203510E+00 a      2786     1    28     2    26
 -3.7811452601620958E+00 a      2787     1    28     2    27
 -1.9969904086387055E-01 a      2788     1    28     2    28
 -3.8319133248517345E+00 a      2789     1    28     2    29
 -2.1735397373841341E+00 a      2790     1    28     2    30
 -7.8796267955962407E-01 a      2791     1    29     2     1
 -4.2788243418303065E+00 a      2792     1    29     2     2
 -6.7217912599425489E-01 a      2793     1    29     2     3
  2.7459781986559029E+00 a      2794     1    29     2     4
  2.8680187139880589E-02 a      2795     1    29     2     5
 -9.0162682012276818E-01 a      2796     1    29     2     6
  1.7647023464043973E-01 a      2797     1    29     2     7
  1.3792995376303123E+00 a      2798     1    29     2     8
  5.7730406459465045E-01 a      2799     1    29     2     9
  6.1285518509976977E-01 a      2800     1    29     2    10
 -6.2607226393661017E+00 a      2801     1    29     2    11
  2.2280308918448000E-01 a      2802     1    29     2    12
  1.4344857707905943E+00 a      2803     1    29     2    13
 -2.4818012001101191E+00 a      2804     1    29     2    14
 -5.6300398740849489E-01 a      2805     1    29     2    15
 -1.2246890829332164E+00 a      2806     1    29     2    16
 -8.1156895312413491E-01 a      2807     1    29     2    17
 -5.9962726547721328E+00 a      2808     1    29     2    18
  2.7667160196865312E+00 a      2809     1    29     2    19
 -1.1714783406084861E+00 a      2810     1    29     2    20
 -1.3371872242972791E+00 a      2811     1    29     2    21
  1.5938867746870893E+00 a      2812     1    29     2    22
 -2.0151775177564351E+00 a      2813     1    29     2    23
 -2.7867536186638320E-01 a      2814     1    29     2    24
 -1.0649102699058894E+00 a      2815     1    29     2    25
  1.6052285126983346E-01 a      2816     1    29     2    26
 -7.8017389036792215E-02 a      2817     1    29     2    27
 -1.2158227402481301E+00 a      2818     1    29     2    28
  1.2727938308045079E+00 a      2819     1    29     2    29
  1.1125283683132023E+00 a      2820     1    29     2    30
 -1.8052966970804127E-01 a      2821     1    30     2     1
 -7.2886089151691447E-01 a      2822     1    30     2     2
  1.1675633396686453E+00 a      2823     1    30     2     3
 -5.6167949553257424E-01 a      2824     1    30     2     4
 -6.1417267358398586E+00 a      2825     1    30     2     5
 -1.1469637107674746E+00 a      2826     1    30     2     6
  1.5381236216788725E+00 a      2827     1    30     2     7
  1.7372403861906890E-01 a      2828     1    30     2     8
  7.2744843699149853E-01 a      2829     1    30     2     9
 -1.0214679364747383E+00 a      2830     1    30     2    10
  2.1648360389636339E+00 a      2831     1    30     2    11
 -6.8140700708649848E-01 a      2832     1    30     2    12
  1.5036199857952998E-01 a      2833     1    30     2    13
  1.3958223701481762E+00 a      2834     1    30     2    14
 -2.9520762508403959E+00 a      2835     1    30     2    15
 -6.0787269936292372E+00 a      2836     1    30     2    16
 -9.4022876544318745E-01 a      2837     1    30     2    17
  8.6353459560739088E-01 a      2838     1    30     2    18
 -3.5062478356489629E-01 a      2839     1    30     2    19
 -2.2053224530409747E+00 a      2840     1    30     2    20
 -1.1027003357973697E+00 a      2841     1    30     2    21
  2.0248382125476709E+00 a      2842     1    30     2    22
  4.2065689052639255E-01 a      2843     1    30     2    23
  4.1347346428255230E-02 a      2844     1    30     2    24
  1.4828581999579469E+00 a      2845     1    30     2    25
 -2.8884177988369517E+00 a      2846     1    30     2    26
  4.3304291865647038E-01 a      2847     1    30     2    27
 -1.2208187936598418E-01 a      2848     1    30     2    28
 -2.8377108363779726E+00 a      2849     1    30     2    29
 -2.7588351755874267E+00 a      2850     1    30     2    30
  9.6905029324236764E+00 b      2851     2     1
 -2.3676777078341544E+00 b      2852     2     2
  1.2109676117296106E+01 b      2853     2     3
 -6.5358786773006408E+00 b      2854     2     4
  2.1237157194938190E+00 b      2855     2     5
 -3.8955802324944235E+00 b      2856     2     6
 -4.1793986520587554E+00 b      2857     2     7
  7.4677992496841101E+00 b      2858     2     8
 -5.7073301300456727E+00 b      2859     2     9
  4.5690621076986799E+00 b      2860     2    10
 -9.9719431679963506E+00 b      2861     2    11
 -1.9310811344599290E+00 b      2862     2    12
 -6.4296225200163715E+00 b      2863     2    13
 -9.9993635129435940E+00 b      2864     2    14
  1.4434231627962360E+01 b      2865     2    15
  1.2112192229483284E+01 b      2866     2    16
  1.3387505768882928E+00 b      2867     2    17
 -2.6292860110356888E+00 b      2868     2    18
  1.6170074874558951E+00 b      2869     2    19
 -2.2979736284050816E+00 b      2870     2    20
 -9.1861570081906829E-01 b      2871     2    21
  4.0238404596338766E+00 b      2872     2    22
 -3.9323987161900353E+00 b      2873     2    23
  7.6363623133230591E+00 b      2874     2    24
 -1.2422983246298671E+00 b      2875     2    25
 -3.6350144741838868E+00 b      2876     2    26
  1.7854344000655608E+01 b      2877     2    27
  8.2158506520049350E+00 b      2878     2    28
  4.5575037628232780E+00 b      2879     2    29
  1.1628445587331218E+01 b      2880     2    30
 -2.7555713358729118E-02 a      2881     2     1     3     1
 -1.6837184405140544E-02 a      2882     2     2     3     1
  1.4924366972692414E-02 a      2883     2     3     3     1
  3.9613747173171017E-02 a      2884     2     4     3     1
  1.6103537719974800E-02 a      2885     2     5     3     1
  2.9050053437066365E-02 a      2886     2     6     3     1
  1.8217875572099026E-02 a      2887     2     7     3     1
 -8.6141651357818927E-02 a      2888     2     8     3     1
  2.7546904683276264E-03 a      2889     2     9     3     1
 -4.8503238116184504E-02 a      2890     2    10     3     1
 -2.8659107207819095E-02 a      2891     2    11     3     1
 -9.9043110443866156E-02 a      2892     2    12     3     1
 -4.5306236632117469E-02 a      2893     2    13     3     1
  2.6441101830105701E-02 a      2894     2    14     3     1
 -3.6819112693637669E-02 a      2895     2    15     3     1
 -9.9317541740706703E-03 a      2896     2    16     3     1
 -1.6539115771774079E-02 a      2897     2    17     3     1
  3.7305719265180323E-02 a      2898     2    18     3     1
  1.7535922874338535E-02 a      2899     2    19     3     1
 -6.2853863335605858E-02 a      2900     2    20     3     1
  1.1503292241686398E-01 a      2901     2    21     3     1
  6.5364638996562460E-02 a      2902     2    22     3     1
  3.9809226352759707E-02 a      2903     2    23     3     1
  6.5865958914890721E-02 a      2904     2    24     3     1
  9.4785631819477995E-03 a      2905     2    25     3     1
 -8.5978444028382874E-03 a      2906     2    26     3     1
  2.9272994817706906E-02 a      2907     2    27     3     1
 -3.3768262435748791E-02 a      2908     2    28     3     1
  4.5113539217194382E-02 a      2909     2    29     3     1
 -6.6026163894973879E-03 a      2910     2    30     3     1
 -2.7291038581269085E+00 b      2911     3     1
