################################################################################
# Neural network connection values (weights and biases).
################################################################################
# Col  Name       Description
################################################################################
# 1    connection Neural network connection value.
# 2    t          Connection type (a = weight, b = bias).
# 3    index      Index enumerating weights.
# 4    l_s        Starting point layer (end point layer for biases).
# 5    n_s        Starting point neuron in starting layer (end point neuron for biases).
# 6    l_e        End point layer.
# 7    n_e        End point neuron in end layer.
################################################################################
#                      1 2         3     4     5     6     7
#             connection t     index   l_s   n_s   l_e   n_e
############################################################
  3.0427061360559597E+00 a         1     0     1     1     1
  1.6010331098368302E+00 a         2     0     1     1     2
  6.2120833846583716E+00 a         3     0     1     1     3
  1.6144963510321451E+00 a         4     0     1     1     4
  2.1198859171538342E+00 a         5     0     1     1     5
 -5.5587274095313544E-01 a         6     0     1     1     6
 -1.4609044143215481E-02 a         7     0     1     1     7
 -1.0640869260497625E+00 a         8     0     1     1     8
 -4.2377865687290512E+00 a         9     0     1     1     9
 -3.1802127131646514E+00 a        10     0     1     1    10
 -4.7486595876305779E+00 a        11     0     1     1    11
  2.3469259057910428E+00 a        12     0     1     1    12
 -2.8780411432907345E+00 a        13     0     1     1    13
  6.5466030640339836E+00 a        14     0     1     1    14
  2.5044386541475103E+00 a        15     0     1     1    15
 -1.2764149167338212E+00 a        16     0     1     1    16
 -2.2529645879324272E+00 a        17     0     1     1    17
  2.7637149028636658E+00 a        18     0     1     1    18
 -4.6022190068258464E+00 a        19     0     1     1    19
 -3.5484418980427295E+00 a        20     0     1     1    20
  8.5908526547881543E+00 a        21     0     1     1    21
 -1.2814490873937334E+00 a        22     0     1     1    22
 -9.2715157874056472E-02 a        23     0     1     1    23
  1.4119118807098061E+00 a        24     0     1     1    24
 -2.2024519209381368E+00 a        25     0     1     1    25
  3.9631058364319871E-01 a        26     0     1     1    26
  1.1855745135802691E+00 a        27     0     1     1    27
 -3.5759860834872108E+00 a        28     0     1     1    28
 -7.5067486512500037E-01 a        29     0     1     1    29
  6.0386280158963066E+00 a        30     0     1     1    30
 -1.2579430863351111E+00 a        31     0     2     1     1
 -1.1144229157403407E+00 a        32     0     2     1     2
  1.9634978274263155E+00 a        33     0     2     1     3
 -1.7711031429692321E+00 a        34     0     2     1     4
  2.5213023164008206E+00 a        35     0     2     1     5
  4.8307718036173464E+00 a        36     0     2     1     6
  4.8346369423715163E-01 a        37     0     2     1     7
  1.6794942320947115E+00 a        38     0     2     1     8
  4.4467863019384807E-01 a        39     0     2     1     9
 -3.7877419814835966E+00 a        40     0     2     1    10
  2.7289368143852855E+00 a        41     0     2     1    11
 -2.2026747862245002E+00 a        42     0     2     1    12
  2.9464181099594589E+00 a        43     0     2     1    13
 -9.4770077087734510E+00 a        44     0     2     1    14
  4.7735687550255929E-01 a        45     0     2     1    15
 -2.6945276363669692E+00 a        46     0     2     1    16
  3.4143895902648902E-01 a        47     0     2     1    17
 -3.9911432544786050E+00 a        48     0     2     1    18
 -8.7223943106305080E-01 a        49     0     2     1    19
  3.9347021206330126E+00 a        50     0     2     1    20
 -6.0984461690245775E+00 a        51     0     2     1    21
  2.1366900200209687E-01 a        52     0     2     1    22
  6.8973116630563092E-01 a        53     0     2     1    23
  3.6843636727665370E+00 a        54     0     2     1    24
 -3.4048576985230086E+00 a        55     0     2     1    25
  2.6296370474537532E+00 a        56     0     2     1    26
  3.6206990847922498E+00 a        57     0     2     1    27
 -2.0401476247849559E+00 a        58     0     2     1    28
  2.8140877403882731E+00 a        59     0     2     1    29
 -6.1844176732694134E+00 a        60     0     2     1    30
  2.5144842736954969E+00 a        61     0     3     1     1
  2.5479664193028881E+00 a        62     0     3     1     2
  5.4771514490877253E+00 a        63     0     3     1     3
  2.7939064878850750E-01 a        64     0     3     1     4
  4.4134374380764712E+00 a        65     0     3     1     5
  8.9311385463705157E+00 a        66     0     3     1     6
 -5.8222797991386599E-01 a        67     0     3     1     7
 -2.1908076152352089E+00 a        68     0     3     1     8
 -6.7068985623463009E+00 a        69     0     3     1     9
 -2.0548066289505815E+00 a        70     0     3     1    10
 -6.9817480369338494E+00 a        71     0     3     1    11
  2.8077714173689752E+00 a        72     0     3     1    12
 -6.6658092761518164E+00 a        73     0     3     1    13
 -1.5489659860734821E+00 a        74     0     3     1    14
  1.2948241107024812E+00 a        75     0     3     1    15
  9.3349058595132328E-01 a        76     0     3     1    16
 -2.7374819566994231E+00 a        77     0     3     1    17
  6.7548643372419201E+00 a        78     0     3     1    18
 -6.5309396343450690E+00 a        79     0     3     1    19
  4.4249462723474826E+00 a        80     0     3     1    20
  1.1115447890920706E+01 a        81     0     3     1    21
 -1.8128564051138465E+00 a        82     0     3     1    22
 -3.9610493307004297E+00 a        83     0     3     1    23
  7.4607569493116550E+00 a        84     0     3     1    24
 -7.1148526183156022E+00 a        85     0     3     1    25
  4.3500114770765423E-02 a        86     0     3     1    26
  4.2409167256872138E-01 a        87     0     3     1    27
 -7.7641266498648234E+00 a        88     0     3     1    28
 -2.2845386475801939E+00 a        89     0     3     1    29
  2.9584584653763799E+00 a        90     0     3     1    30
 -1.2933641957168520E+01 a        91     0     4     1     1
  9.9127523421762174E+00 a        92     0     4     1     2
 -9.6296977364261345E+00 a        93     0     4     1     3
  3.0301440023841870E+00 a        94     0     4     1     4
 -1.1311412262287954E+01 a        95     0     4     1     5
  1.5908295690242271E+01 a        96     0     4     1     6
 -3.2916113400250828E+00 a        97     0     4     1     7
  1.0199052678079775E+01 a        98     0     4     1     8
  3.0403534203314053E-01 a        99     0     4     1     9
  2.1976616336003034E+00 a       100     0     4     1    10
  2.0908049013573589E+00 a       101     0     4     1    11
 -7.6139501590879677E+00 a       102     0     4     1    12
  2.1888223390356515E+01 a       103     0     4     1    13
 -7.1933970491961778E+00 a       104     0     4     1    14
 -1.6611908320394154E+01 a       105     0     4     1    15
  1.5921098698223803E+01 a       106     0     4     1    16
  1.0740603303420620E+01 a       107     0     4     1    17
  1.5753764867805531E-01 a       108     0     4     1    18
  7.5005950376153441E-01 a       109     0     4     1    19
 -5.2396240766715021E+00 a       110     0     4     1    20
  4.0841697640854360E+00 a       111     0     4     1    21
  6.0219635530141895E+00 a       112     0     4     1    22
  3.1042025015223409E+00 a       113     0     4     1    23
 -2.1449717429751320E+00 a       114     0     4     1    24
 -4.3290718154884100E+00 a       115     0     4     1    25
 -3.1566222580133725E+00 a       116     0     4     1    26
  1.2991727331971401E+01 a       117     0     4     1    27
  2.3383764971656635E+00 a       118     0     4     1    28
  5.1544647005077469E+00 a       119     0     4     1    29
 -2.0184355383553942E+01 a       120     0     4     1    30
 -5.8090140128044281E+00 a       121     0     5     1     1
 -1.0209159208842779E+01 a       122     0     5     1     2
 -7.9207354794066260E+00 a       123     0     5     1     3
  8.6620644185359037E+00 a       124     0     5     1     4
 -8.6312303719798820E+00 a       125     0     5     1     5
  1.2386483434964282E+01 a       126     0     5     1     6
  7.4158667894321768E+00 a       127     0     5     1     7
  1.6759629365790300E+01 a       128     0     5     1     8
  1.3689774509100028E+01 a       129     0     5     1     9
  1.5104792270752577E+01 a       130     0     5     1    10
  3.6147976454699659E+01 a       131     0     5     1    11
  5.9779981230075774E-01 a       132     0     5     1    12
  1.1990833974857990E+01 a       133     0     5     1    13
 -1.2860436558212776E+00 a       134     0     5     1    14
 -2.0793567817206675E+01 a       135     0     5     1    15
 -4.6211538782463704E+00 a       136     0     5     1    16
  9.4166007942332577E+00 a       137     0     5     1    17
 -2.3362855799037208E+00 a       138     0     5     1    18
  2.0895832780528337E+01 a       139     0     5     1    19
 -1.8060300766270977E+01 a       140     0     5     1    20
  7.5293248245613471E+00 a       141     0     5     1    21
  1.9532449667390580E+01 a       142     0     5     1    22
  9.1806906210121060E+00 a       143     0     5     1    23
  1.8766489611261179E+01 a       144     0     5     1    24
  3.8500557490011142E+00 a       145     0     5     1    25
 -1.0540272084860529E+01 a       146     0     5     1    26
  4.8627512384366902E+00 a       147     0     5     1    27
 -8.8792077156648190E+00 a       148     0     5     1    28
  7.6977934978824525E+00 a       149     0     5     1    29
 -2.2388239502240577E+01 a       150     0     5     1    30
  1.2258146938116354E+01 a       151     0     6     1     1
 -4.2109929926542913E+00 a       152     0     6     1     2
 -8.3770861796218483E+00 a       153     0     6     1     3
 -1.3830782786989936E+01 a       154     0     6     1     4
 -3.2311275846894696E+00 a       155     0     6     1     5
  9.7887552936927911E+00 a       156     0     6     1     6
 -3.2604709604467608E+01 a       157     0     6     1     7
  3.5830462357656963E+01 a       158     0     6     1     8
  9.3313103607308090E+00 a       159     0     6     1     9
 -6.7137516017109258E+00 a       160     0     6     1    10
  8.2259727389219321E+00 a       161     0     6     1    11
 -1.0573280890364975E+01 a       162     0     6     1    12
  8.7771548620674789E-01 a       163     0     6     1    13
 -4.2552548380745208E+00 a       164     0     6     1    14
  3.2384116877839713E+00 a       165     0     6     1    15
  3.2127073513508395E+00 a       166     0     6     1    16
 -3.2327526643934085E+01 a       167     0     6     1    17
  1.4087855130121330E+01 a       168     0     6     1    18
 -2.0453932732277149E+00 a       169     0     6     1    19
  5.6789927031180083E+00 a       170     0     6     1    20
  1.3017448229527764E+01 a       171     0     6     1    21
 -4.5338028580758027E-01 a       172     0     6     1    22
  2.3676291460251040E+00 a       173     0     6     1    23
  1.1067103664089316E+01 a       174     0     6     1    24
  5.5560955534320489E-01 a       175     0     6     1    25
 -6.4119118249169960E+00 a       176     0     6     1    26
 -1.7676693687334923E+00 a       177     0     6     1    27
  1.9798345402621549E+00 a       178     0     6     1    28
 -2.1072711505529935E+00 a       179     0     6     1    29
 -1.3251081232135078E+01 a       180     0     6     1    30
 -5.5961883725267993E+00 a       181     0     7     1     1
  3.3591093549776789E+00 a       182     0     7     1     2
  2.6385615367948732E+00 a       183     0     7     1     3
  5.1352085600711401E+00 a       184     0     7     1     4
  9.3080205123176962E-01 a       185     0     7     1     5
 -4.0300926796098047E+00 a       186     0     7     1     6
  1.3919314142857171E+01 a       187     0     7     1     7
 -1.9809123719103983E+01 a       188     0     7     1     8
 -5.9765637877182805E+00 a       189     0     7     1     9
  5.3831387702360489E+00 a       190     0     7     1    10
 -1.0773094941667571E+00 a       191     0     7     1    11
  3.0771880499975524E+00 a       192     0     7     1    12
 -8.8129308428790287E-01 a       193     0     7     1    13
  3.0816003304545965E+00 a       194     0     7     1    14
  4.1930756996279612E+00 a       195     0     7     1    15
 -3.6177203150327411E+00 a       196     0     7     1    16
  1.3188274359782792E+01 a       197     0     7     1    17
 -9.0155653663667294E+00 a       198     0     7     1    18
  4.3685544329569070E-01 a       199     0     7     1    19
 -4.6394766680639599E+00 a       200     0     7     1    20
 -5.5092262906100240E+00 a       201     0     7     1    21
  1.8774696902961288E+00 a       202     0     7     1    22
  5.6526025416585801E-01 a       203     0     7     1    23
 -8.5247811297590061E+00 a       204     0     7     1    24
  4.9709213225803871E-02 a       205     0     7     1    25
  3.2977897683438679E+00 a       206     0     7     1    26
  1.7724230970843762E+00 a       207     0     7     1    27
  3.0933902825137363E+00 a       208     0     7     1    28
  8.6023375178852446E-01 a       209     0     7     1    29
  8.4445700121973104E+00 a       210     0     7     1    30
 -2.6440006388861119E-02 a       211     0     8     1     1
  2.1439734870746832E+00 a       212     0     8     1     2
  2.5999298489631224E+00 a       213     0     8     1     3
  3.0429902324304781E+00 a       214     0     8     1     4
  6.2560125059089955E-01 a       215     0     8     1     5
 -1.2209765908218180E+00 a       216     0     8     1     6
  3.2835944770332270E+00 a       217     0     8     1     7
 -8.4488322994179843E-01 a       218     0     8     1     8
 -1.1799602501863911E+00 a       219     0     8     1     9
 -2.6921514053225404E+00 a       220     0     8     1    10
 -7.4492585781924960E+00 a       221     0     8     1    11
 -2.2252252884568441E-01 a       222     0     8     1    12
  5.4429449431396240E+00 a       223     0     8     1    13
  5.2501889748582133E+00 a       224     0     8     1    14
  3.8486584923323486E-01 a       225     0     8     1    15
  3.0487104357689749E+00 a       226     0     8     1    16
 -2.1824121888191170E+00 a       227     0     8     1    17
 -1.6072476816473671E+00 a       228     0     8     1    18
 -6.9646766542345961E-01 a       229     0     8     1    19
 -4.7990114064341611E+00 a       230     0     8     1    20
  2.5793504267187117E+00 a       231     0     8     1    21
 -2.7830076953241090E+00 a       232     0     8     1    22
  1.9616216724439333E+00 a       233     0     8     1    23
 -1.0860878818280408E+00 a       234     0     8     1    24
 -7.8874347193437400E-01 a       235     0     8     1    25
 -3.1206165504787048E-01 a       236     0     8     1    26
  2.1329570876085975E+00 a       237     0     8     1    27
  3.9118960545567277E-01 a       238     0     8     1    28
  1.9194349765268737E+00 a       239     0     8     1    29
  2.2858992315880267E+00 a       240     0     8     1    30
 -1.2518161805863857E+00 a       241     0     9     1     1
 -1.7803151245346791E+00 a       242     0     9     1     2
 -2.9604021379587753E+00 a       243     0     9     1     3
 -2.2194622982486463E+00 a       244     0     9     1     4
 -2.7397127450398147E+00 a       245     0     9     1     5
  8.3762818342528828E-02 a       246     0     9     1     6
 -3.1454266624032274E+00 a       247     0     9     1     7
  1.4069607950418581E+00 a       248     0     9     1     8
  5.9554803301825754E-01 a       249     0     9     1     9
 -2.5925620264495701E+00 a       250     0     9     1    10
  7.2125939027873915E+00 a       251     0     9     1    11
 -1.3787627733301036E+00 a       252     0     9     1    12
  6.4058562374223593E-01 a       253     0     9     1    13
 -7.6625070524356520E+00 a       254     0     9     1    14
 -3.6790025846642789E+00 a       255     0     9     1    15
 -4.1362317456370103E+00 a       256     0     9     1    16
 -4.5943327287474558E+00 a       257     0     9     1    17
 -7.4117713323634637E-01 a       258     0     9     1    18
 -4.8684325620594077E-01 a       259     0     9     1    19
  5.3635934343240290E+00 a       260     0     9     1    20
 -7.1667310803933804E+00 a       261     0     9     1    21
 -9.3781496340906423E-01 a       262     0     9     1    22
  9.5653296252922659E-01 a       263     0     9     1    23
  2.8263808815041847E-01 a       264     0     9     1    24
 -8.6675516272677366E-01 a       265     0     9     1    25
  1.2429132827391081E+00 a       266     0     9     1    26
 -2.7439654503894197E+00 a       267     0     9     1    27
 -1.5586733617657615E+00 a       268     0     9     1    28
 -1.0385700934966791E+00 a       269     0     9     1    29
 -1.7353230673533262E+00 a       270     0     9     1    30
  4.1612046466172092E+00 a       271     0    10     1     1
  4.1804495571255007E+00 a       272     0    10     1     2
 -3.4585399547213429E+00 a       273     0    10     1     3
 -6.2935784910335872E+00 a       274     0    10     1     4
  3.6922367565144354E+00 a       275     0    10     1     5
  2.8551797598929132E+00 a       276     0    10     1     6
 -5.3614679878750926E-01 a       277     0    10     1     7
  3.1106832742246877E+00 a       278     0    10     1     8
 -1.3684118617177559E+00 a       279     0    10     1     9
 -1.3952392133085473E-01 a       280     0    10     1    10
 -1.0833421704835194E+01 a       281     0    10     1    11
 -1.4778250603048706E+00 a       282     0    10     1    12
 -1.5827143475022578E+00 a       283     0    10     1    13
  4.1240917982240930E+00 a       284     0    10     1    14
  7.9495132135746953E+00 a       285     0    10     1    15
  4.2303921028131324E+00 a       286     0    10     1    16
 -8.3092542179456732E+00 a       287     0    10     1    17
  1.2599077990051466E+00 a       288     0    10     1    18
 -9.4418788395447848E+00 a       289     0    10     1    19
  5.7848901746675141E+00 a       290     0    10     1    20
  6.9265625302027778E-01 a       291     0    10     1    21
 -6.2552879197193452E+00 a       292     0    10     1    22
 -4.2346101312855851E+00 a       293     0    10     1    23
 -2.9926321453411031E+00 a       294     0    10     1    24
 -1.3546500828819190E+00 a       295     0    10     1    25
  4.3968546538497009E+00 a       296     0    10     1    26
  1.9572184025481778E+00 a       297     0    10     1    27
  2.6421499294395496E+00 a       298     0    10     1    28
 -5.1114876101757121E+00 a       299     0    10     1    29
 -1.1162342480329739E+00 a       300     0    10     1    30
 -9.8795308728204017E+00 a       301     0    11     1     1
  5.9734279662825216E+00 a       302     0    11     1     2
  1.4182836480603294E+01 a       303     0    11     1     3
  5.1964434460084554E+00 a       304     0    11     1     4
  1.8242860543120334E+00 a       305     0    11     1     5
 -3.0784905874655664E+00 a       306     0    11     1     6
  4.3406644345379979E+00 a       307     0    11     1     7
 -2.5744656791408328E+01 a       308     0    11     1     8
 -1.3173744884293820E+01 a       309     0    11     1     9
 -2.6701976437625657E-01 a       310     0    11     1    10
 -2.4139162924989318E+01 a       311     0    11     1    11
  1.5055848487180160E+01 a       312     0    11     1    12
  1.0488277291615267E+01 a       313     0    11     1    13
  2.7512846156404018E+00 a       314     0    11     1    14
 -7.1052604327899882E+00 a       315     0    11     1    15
 -2.6549487749214111E+00 a       316     0    11     1    16
  2.6158935088612463E+01 a       317     0    11     1    17
 -8.2250747848122980E+00 a       318     0    11     1    18
  8.2858011856974156E-01 a       319     0    11     1    19
  2.3708959054624219E+00 a       320     0    11     1    20
 -1.2372142611831576E+01 a       321     0    11     1    21
 -5.8917525302790050E+00 a       322     0    11     1    22
 -7.1748821190627723E+00 a       323     0    11     1    23
 -9.0162693171633546E+00 a       324     0    11     1    24
 -5.8505512001733102E+00 a       325     0    11     1    25
  5.2286944717068904E+00 a       326     0    11     1    26
  8.7109122299330615E+00 a       327     0    11     1    27
 -7.2772767098786950E+00 a       328     0    11     1    28
  8.4110395889210510E-01 a       329     0    11     1    29
  1.5513324733837582E+01 a       330     0    11     1    30
 -2.2232690511702513E-01 a       331     0    12     1     1
 -9.9665780979415997E-01 a       332     0    12     1     2
 -5.4566049966067209E-01 a       333     0    12     1     3
 -3.9142203824944954E-01 a       334     0    12     1     4
 -1.7382958997368210E+00 a       335     0    12     1     5
  7.7290613306781053E-02 a       336     0    12     1     6
  1.5560002522270062E+00 a       337     0    12     1     7
 -3.8272012017655516E-01 a       338     0    12     1     8
 -4.6714196305178229E-01 a       339     0    12     1     9
  2.6948431359000220E+00 a       340     0    12     1    10
  3.7919477743954039E-01 a       341     0    12     1    11
 -3.3937330275219164E+00 a       342     0    12     1    12
 -1.4386454568411429E+00 a       343     0    12     1    13
  6.0975170926087395E-04 a       344     0    12     1    14
  5.3396929604474286E-01 a       345     0    12     1    15
 -8.4556020783577779E-01 a       346     0    12     1    16
  8.9227760627772282E-02 a       347     0    12     1    17
 -8.5399910762525555E-01 a       348     0    12     1    18
  1.0534571597001479E+00 a       349     0    12     1    19
  1.2973682653560763E+00 a       350     0    12     1    20
  1.1879971239021441E+00 a       351     0    12     1    21
  6.8158926629091809E-01 a       352     0    12     1    22
  9.2437854373407924E-01 a       353     0    12     1    23
  7.6501567232749013E-01 a       354     0    12     1    24
 -6.7825921608002077E-02 a       355     0    12     1    25
 -9.9875117895988574E-01 a       356     0    12     1    26
  6.5359417389795071E-01 a       357     0    12     1    27
  9.8931055100726251E-01 a       358     0    12     1    28
 -1.2388190634920939E+00 a       359     0    12     1    29
  4.7937620845952056E-01 a       360     0    12     1    30
 -1.7588894575552527E+00 a       361     0    13     1     1
  2.9233298648753570E+00 a       362     0    13     1     2
  7.7276535817016920E-02 a       363     0    13     1     3
  1.4127242297332270E+00 a       364     0    13     1     4
  1.2492144459845309E+00 a       365     0    13     1     5
  8.1295854083262353E-01 a       366     0    13     1     6
  2.7506428538186376E+00 a       367     0    13     1     7
  3.5046652470445089E-01 a       368     0    13     1     8
 -1.4307055138491236E+00 a       369     0    13     1     9
 -1.7039537325721710E+00 a       370     0    13     1    10
 -4.0301627624707992E+00 a       371     0    13     1    11
  1.8046364814730125E+00 a       372     0    13     1    12
 -4.4988557625137254E-01 a       373     0    13     1    13
  2.1515831997494814E+00 a       374     0    13     1    14
 -4.0812196635121312E-01 a       375     0    13     1    15
  1.8486650953155961E+00 a       376     0    13     1    16
  7.3690398500215204E-01 a       377     0    13     1    17
 -2.2756067550200778E+00 a       378     0    13     1    18
 -3.8299847334654507E+00 a       379     0    13     1    19
  3.9251943669499656E-01 a       380     0    13     1    20
  2.4068784063112640E+00 a       381     0    13     1    21
  2.4042091329014045E-01 a       382     0    13     1    22
 -2.2894549287808452E-01 a       383     0    13     1    23
 -1.6938943991583697E+00 a       384     0    13     1    24
  9.9467411096472481E-03 a       385     0    13     1    25
  4.4755197447610084E-01 a       386     0    13     1    26
 -1.0300375269007245E+00 a       387     0    13     1    27
  6.0367735426219468E-02 a       388     0    13     1    28
  1.0810157445959656E+00 a       389     0    13     1    29
  8.3134579133883113E-01 a       390     0    13     1    30
 -1.2493904808193628E+00 a       391     0    14     1     1
 -9.4940088596446592E-01 a       392     0    14     1     2
 -4.6347152750051794E+00 a       393     0    14     1     3
 -3.6081499719050902E+00 a       394     0    14     1     4
 -2.4229073793927411E+00 a       395     0    14     1     5
  4.3585006115203345E-01 a       396     0    14     1     6
 -1.1660811876119845E+00 a       397     0    14     1     7
 -1.2902224711903836E+00 a       398     0    14     1     8
 -5.4438345923900611E-01 a       399     0    14     1     9
  3.5154410292735427E+00 a       400     0    14     1    10
  6.5714105732926544E+00 a       401     0    14     1    11
 -1.5043818438710972E+00 a       402     0    14     1    12
 -4.2351571294575177E+00 a       403     0    14     1    13
 -2.1642033272385564E+00 a       404     0    14     1    14
 -6.4700193426430563E-01 a       405     0    14     1    15
 -5.0893486638111147E+00 a       406     0    14     1    16
  3.1051777513116958E+00 a       407     0    14     1    17
  1.2257145966896990E+00 a       408     0    14     1    18
 -1.7648713090060669E-01 a       409     0    14     1    19
  4.8821266848076936E+00 a       410     0    14     1    20
 -4.4566438479805957E+00 a       411     0    14     1    21
  7.3505420934102983E-01 a       412     0    14     1    22
 -1.1793679830474351E+00 a       413     0    14     1    23
 -5.6993173245764084E-01 a       414     0    14     1    24
 -1.0425000609988488E+00 a       415     0    14     1    25
 -1.5371131424630377E-01 a       416     0    14     1    26
 -5.0136540286254760E-01 a       417     0    14     1    27
 -8.0528313468532975E-01 a       418     0    14     1    28
 -1.7806158201484663E+00 a       419     0    14     1    29
  1.3553386784513594E-01 a       420     0    14     1    30
  9.7612795434937674E+00 a       421     0    15     1     1
  6.5406259927958796E+00 a       422     0    15     1     2
  1.3805081865892573E+01 a       423     0    15     1     3
  6.5174856026179473E+00 a       424     0    15     1     4
  1.4400065681918878E+01 a       425     0    15     1     5
 -5.3141378472679994E+00 a       426     0    15     1     6
 -4.7272867499906612E-01 a       427     0    15     1     7
 -1.0725523429073222E+01 a       428     0    15     1     8
 -3.9662443946113672E+00 a       429     0    15     1     9
 -2.0018281497249980E+01 a       430     0    15     1    10
 -1.6362293259892354E+01 a       431     0    15     1    11
  9.4623696962203088E+00 a       432     0    15     1    12
 -1.2403839415436138E+01 a       433     0    15     1    13
  9.4476860756135448E+00 a       434     0    15     1    14
  2.5723102144844347E+01 a       435     0    15     1    15
  4.6118010530674514E-01 a       436     0    15     1    16
 -4.8883226842181458E+00 a       437     0    15     1    17
  1.2815970198639819E+01 a       438     0    15     1    18
 -8.3274180641680182E+00 a       439     0    15     1    19
  1.1168406659836766E+01 a       440     0    15     1    20
 -5.3225503741332894E+00 a       441     0    15     1    21
 -1.0170502276204228E+01 a       442     0    15     1    22
 -1.2927384223894517E+01 a       443     0    15     1    23
 -1.1163186946673195E+01 a       444     0    15     1    24
  7.5655544625570315E+00 a       445     0    15     1    25
  1.6018720571009780E+01 a       446     0    15     1    26
 -3.8443225443015989E+00 a       447     0    15     1    27
 -1.2587282956141157E+01 a       448     0    15     1    28
 -1.9405454025521514E+00 a       449     0    15     1    29
  1.5993542099521552E+01 a       450     0    15     1    30
  2.1478601457629369E+00 a       451     0    16     1     1
 -5.8348499974572405E+00 a       452     0    16     1     2
 -1.1074027378679256E+01 a       453     0    16     1     3
  5.7531979806467755E+00 a       454     0    16     1     4
  9.3595939634372982E-01 a       455     0    16     1     5
  1.4545573582996198E+01 a       456     0    16     1     6
  6.4717691760389178E+00 a       457     0    16     1     7
  1.9487180257751984E+01 a       458     0    16     1     8
  1.1051930354527535E+01 a       459     0    16     1     9
  7.4132116399517392E+00 a       460     0    16     1    10
  2.8208069932624102E+01 a       461     0    16     1    11
 -6.9250663035736508E+00 a       462     0    16     1    12
  1.7567042547985303E+00 a       463     0    16     1    13
  6.0469093261722158E+00 a       464     0    16     1    14
 -3.7315974405503067E+00 a       465     0    16     1    15
  5.6517741507495085E+00 a       466     0    16     1    16
 -3.0046057198755824E+00 a       467     0    16     1    17
  6.3826668022058035E+00 a       468     0    16     1    18
  4.8990758098977167E+00 a       469     0    16     1    19
 -9.2175055213882047E+00 a       470     0    16     1    20
  1.7891946624570842E+01 a       471     0    16     1    21
  1.9568273661694771E+01 a       472     0    16     1    22
  4.2124297718190462E+00 a       473     0    16     1    23
  1.7877079603474762E+01 a       474     0    16     1    24
  6.5701603210798307E+00 a       475     0    16     1    25
 -1.8211223954776530E+00 a       476     0    16     1    26
  3.3006881942522104E+00 a       477     0    16     1    27
 -9.0625525295207225E+00 a       478     0    16     1    28
  1.5259695476324850E+00 a       479     0    16     1    29
 -2.9563181912840768E+01 a       480     0    16     1    30
 -1.8911938248429845E+01 a       481     0    17     1     1
 -2.7344086738315308E+01 a       482     0    17     1     2
  8.3320656451955841E+00 a       483     0    17     1     3
 -8.6576253123668199E+00 a       484     0    17     1     4
  2.0388662059953287E+01 a       485     0    17     1     5
 -1.0829025934541658E+01 a       486     0    17     1     6
  2.1645930094727217E+00 a       487     0    17     1     7
 -3.3613168050687786E-02 a       488     0    17     1     8
  1.3564468773477342E+01 a       489     0    17     1     9
  1.8456393633889290E+00 a       490     0    17     1    10
  1.7737012444487640E+01 a       491     0    17     1    11
  1.9027397966169195E+00 a       492     0    17     1    12
 -1.4861284686245423E+01 a       493     0    17     1    13
 -7.5142053856813193E+00 a       494     0    17     1    14
  1.4263942899089088E+01 a       495     0    17     1    15
 -3.6472716663590150E+00 a       496     0    17     1    16
  1.4634696137703500E+01 a       497     0    17     1    17
 -6.4566633267872282E+00 a       498     0    17     1    18
 -1.6692193054500088E+01 a       499     0    17     1    19
 -2.9634051577745959E+00 a       500     0    17     1    20
 -1.1851781368514958E+01 a       501     0    17     1    21
  4.0483420010387192E+00 a       502     0    17     1    22
  8.3086056312641710E-01 a       503     0    17     1    23
  1.0747850027060727E+01 a       504     0    17     1    24
 -9.8408118839078823E-02 a       505     0    17     1    25
  1.7535436661915078E+01 a       506     0    17     1    26
  4.7463831226943691E+00 a       507     0    17     1    27
 -5.5442770876834953E+00 a       508     0    17     1    28
  1.8180050984890698E+01 a       509     0    17     1    29
  1.2815072631539174E+01 a       510     0    17     1    30
 -2.5573079547152783E+01 a       511     0    18     1     1
  1.0708868106844385E+01 a       512     0    18     1     2
  1.4800807898352097E+01 a       513     0    18     1     3
  2.3269201480303316E+01 a       514     0    18     1     4
 -1.5455476140148296E+01 a       515     0    18     1     5
  8.3940828650920061E+00 a       516     0    18     1     6
  4.0984430983065154E+00 a       517     0    18     1     7
 -1.1861801319523016E+01 a       518     0    18     1     8
 -2.5827575529937924E+01 a       519     0    18     1     9
  8.3148336371625700E+00 a       520     0    18     1    10
  8.9568125058642103E+00 a       521     0    18     1    11
  1.0059960335487537E+01 a       522     0    18     1    12
  1.0338264449031303E+01 a       523     0    18     1    13
 -1.4303007109920065E+01 a       524     0    18     1    14
 -3.6562610261996305E+01 a       525     0    18     1    15
  4.3282769281150948E+00 a       526     0    18     1    16
 -1.5257253382550097E+01 a       527     0    18     1    17
 -7.3594262678599520E+00 a       528     0    18     1    18
 -7.2588218508072355E+00 a       529     0    18     1    19
 -6.3606175869995578E+00 a       530     0    18     1    20
  1.1881738640955623E+01 a       531     0    18     1    21
 -2.1876911909531373E+01 a       532     0    18     1    22
 -1.4326786138636887E+01 a       533     0    18     1    23
 -9.6551203269366432E+00 a       534     0    18     1    24
 -1.3189239897905496E+01 a       535     0    18     1    25
 -7.1856059563621386E+00 a       536     0    18     1    26
 -2.4990923215160230E+01 a       537     0    18     1    27
  2.6738255214916194E+01 a       538     0    18     1    28
  2.3290718238833432E+00 a       539     0    18     1    29
 -2.5440178244389551E+00 a       540     0    18     1    30
  3.9681975425602033E+01 a       541     0    19     1     1
 -8.1802099344272544E-02 a       542     0    19     1     2
 -7.4960926013952331E+00 a       543     0    19     1     3
  2.7132073249541609E+01 a       544     0    19     1     4
  1.0908461762891781E+01 a       545     0    19     1     5
  1.8856439121829299E-02 a       546     0    19     1     6
  2.1566978997840192E+01 a       547     0    19     1     7
  1.2226897682794641E+01 a       548     0    19     1     8
 -8.7012619596365290E+00 a       549     0    19     1     9
  3.4319723935298803E+00 a       550     0    19     1    10
 -2.6406013204056421E+01 a       551     0    19     1    11
  1.8044863543589411E+01 a       552     0    19     1    12
 -1.3924332601928706E+01 a       553     0    19     1    13
  7.4650524311299193E+00 a       554     0    19     1    14
  1.8675722507049265E+01 a       555     0    19     1    15
 -1.6528963054428971E+01 a       556     0    19     1    16
 -2.7195673067692900E+00 a       557     0    19     1    17
  7.8575674084232228E+00 a       558     0    19     1    18
  3.2279982439682215E+00 a       559     0    19     1    19
  5.8017348495351087E+00 a       560     0    19     1    20
 -1.0908160532535172E+01 a       561     0    19     1    21
  5.3387708553069260E+00 a       562     0    19     1    22
 -8.7097356657161047E+00 a       563     0    19     1    23
  2.4183514991866794E+01 a       564     0    19     1    24
  4.5553622937208988E+00 a       565     0    19     1    25
  1.0247924146135869E+01 a       566     0    19     1    26
 -2.8523689109810371E+00 a       567     0    19     1    27
  5.4853272173999921E+00 a       568     0    19     1    28
 -3.3900254192047008E+01 a       569     0    19     1    29
 -4.2813299561575207E+01 a       570     0    19     1    30
  9.8195776065595695E+00 a       571     0    20     1     1
 -3.8834115619431415E+00 a       572     0    20     1     2
  1.8187962662683439E+01 a       573     0    20     1     3
  1.1976433349153048E+01 a       574     0    20     1     4
 -8.5392093928071269E+00 a       575     0    20     1     5
 -2.5842786923767829E+00 a       576     0    20     1     6
  1.0711297193551205E+01 a       577     0    20     1     7
 -4.9955972598247724E+00 a       578     0    20     1     8
  8.6987196541951750E+00 a       579     0    20     1     9
  1.0719022446060663E+01 a       580     0    20     1    10
  1.4383836122317280E+01 a       581     0    20     1    11
 -1.7767010299759167E-01 a       582     0    20     1    12
  9.1612591452796277E+00 a       583     0    20     1    13
 -8.9327872246775915E+00 a       584     0    20     1    14
  1.3371444418073798E+01 a       585     0    20     1    15
  9.3537631347209604E+00 a       586     0    20     1    16
  4.3449979295378425E+00 a       587     0    20     1    17
 -2.1396376548756892E+00 a       588     0    20     1    18
  6.8796452829696291E+00 a       589     0    20     1    19
  3.3794165216102567E+00 a       590     0    20     1    20
 -2.6587978495842663E+01 a       591     0    20     1    21
  2.3719469127313650E+00 a       592     0    20     1    22
  7.8510867671199849E+00 a       593     0    20     1    23
  2.2905447022375383E-01 a       594     0    20     1    24
  1.6330067766089741E+01 a       595     0    20     1    25
  6.0395904396494258E+00 a       596     0    20     1    26
 -1.6332835435761027E+01 a       597     0    20     1    27
 -1.1457560782695429E+01 a       598     0    20     1    28
  3.3796767974942310E+00 a       599     0    20     1    29
  1.1736549684038772E+01 a       600     0    20     1    30
  7.9955607067497416E+00 a       601     0    21     1     1
 -1.1806952643219319E+00 a       602     0    21     1     2
  5.0592254597458588E+00 a       603     0    21     1     3
 -1.9761652794190436E+00 a       604     0    21     1     4
  1.6520219941060887E+01 a       605     0    21     1     5
 -2.1452503166089016E+00 a       606     0    21     1     6
  4.9757337425179249E-01 a       607     0    21     1     7
  4.0303085378474499E+00 a       608     0    21     1     8
  2.0769921540142104E+01 a       609     0    21     1     9
 -7.8940284267258907E+00 a       610     0    21     1    10
  9.3635736879001747E+00 a       611     0    21     1    11
 -1.6506406551028245E+01 a       612     0    21     1    12
  1.4908591825057883E+01 a       613     0    21     1    13
  2.1701510726500675E+01 a       614     0    21     1    14
  1.0596754148729664E+01 a       615     0    21     1    15
  2.6672602645591512E+00 a       616     0    21     1    16
  7.9737452340109671E+00 a       617     0    21     1    17
  1.7309313826788031E+00 a       618     0    21     1    18
 -7.0229629446937265E+00 a       619     0    21     1    19
 -4.9972332946133111E+00 a       620     0    21     1    20
  9.5070786770263627E-01 a       621     0    21     1    21
  1.0210768816644968E+01 a       622     0    21     1    22
  7.6398858372617156E+00 a       623     0    21     1    23
 -4.9561728495433819E+00 a       624     0    21     1    24
  2.2504422375381807E+01 a       625     0    21     1    25
 -1.3830007276660365E+00 a       626     0    21     1    26
  3.8437890599074067E+00 a       627     0    21     1    27
 -3.7793432799375046E+00 a       628     0    21     1    28
  8.6308830826327814E+00 a       629     0    21     1    29
  2.4052284015771075E+01 a       630     0    21     1    30
 -1.3820081947252397E+01 a       631     0    22     1     1
  3.2373773968642192E+00 a       632     0    22     1     2
 -4.3617438806494697E+01 a       633     0    22     1     3
 -2.4991104202962223E+01 a       634     0    22     1     4
  2.9350606674581310E+00 a       635     0    22     1     5
 -7.2090705844999441E+00 a       636     0    22     1     6
 -1.6356373442617713E+01 a       637     0    22     1     7
  6.4227810115975430E+00 a       638     0    22     1     8
  1.7544057314794661E+00 a       639     0    22     1     9
 -2.6547800435707931E+01 a       640     0    22     1    10
 -1.3280540729269427E+01 a       641     0    22     1    11
  4.4572641030696403E+00 a       642     0    22     1    12
  6.4483383862642434E+00 a       643     0    22     1    13
  1.6803927017752432E+01 a       644     0    22     1    14
  8.2791911246621872E+00 a       645     0    22     1    15
 -1.5840158515058830E+01 a       646     0    22     1    16
  5.2869601493967924E+00 a       647     0    22     1    17
  1.6302331191966406E+01 a       648     0    22     1    18
 -1.2062903923097983E+00 a       649     0    22     1    19
 -1.1691556875209207E+01 a       650     0    22     1    20
  2.6452356969843407E+01 a       651     0    22     1    21
  2.5516184514745419E+01 a       652     0    22     1    22
  8.2925422940671190E-01 a       653     0    22     1    23
  6.3487157661680071E-01 a       654     0    22     1    24
 -1.0958577269609442E+01 a       655     0    22     1    25
 -5.4139250323681791E+00 a       656     0    22     1    26
  5.0497962474371512E+01 a       657     0    22     1    27
  6.2987944888692935E+00 a       658     0    22     1    28
 -1.0223322981884136E+01 a       659     0    22     1    29
 -1.4504870829615761E+01 a       660     0    22     1    30
  3.2444985654539864E+00 a       661     0    23     1     1
  2.0581043154838969E+01 a       662     0    23     1     2
 -1.1069384405348607E+01 a       663     0    23     1     3
  3.2849506094124379E+01 a       664     0    23     1     4
 -1.2734619507385691E+01 a       665     0    23     1     5
  3.6599942611929244E+00 a       666     0    23     1     6
 -3.2614891378063142E+01 a       667     0    23     1     7
 -1.6607499829251417E+01 a       668     0    23     1     8
  8.2262935704774987E-01 a       669     0    23     1     9
 -5.5092651478890104E+00 a       670     0    23     1    10
 -2.2852311014269798E+01 a       671     0    23     1    11
 -1.3399023507842536E+01 a       672     0    23     1    12
  1.2422928630969702E+01 a       673     0    23     1    13
  2.1746598327683245E+01 a       674     0    23     1    14
 -8.1765637640030295E+00 a       675     0    23     1    15
  1.8351586984340666E+00 a       676     0    23     1    16
  4.9396593357936824E-01 a       677     0    23     1    17
  3.2496389747424153E+00 a       678     0    23     1    18
  4.9321412035379577E+00 a       679     0    23     1    19
 -4.1253212235965240E+00 a       680     0    23     1    20
  3.0502838360780245E+01 a       681     0    23     1    21
  1.5031910330388809E+00 a       682     0    23     1    22
 -1.1004513513875040E+01 a       683     0    23     1    23
 -6.7304195400639166E+00 a       684     0    23     1    24
 -4.5210950373518095E+00 a       685     0    23     1    25
 -2.6198750522165899E+01 a       686     0    23     1    26
  9.9508280875686594E+00 a       687     0    23     1    27
  1.3529381030823203E+01 a       688     0    23     1    28
  1.7010704922652322E+00 a       689     0    23     1    29
  3.1117735709072569E+01 a       690     0    23     1    30
  2.4201736968939144E+01 a       691     0    24     1     1
 -1.2736626053792238E-01 a       692     0    24     1     2
  1.9890700175295974E+00 a       693     0    24     1     3
 -2.4344455001701082E+01 a       694     0    24     1     4
 -9.2118652326625146E+00 a       695     0    24     1     5
  4.0861722453045326E+00 a       696     0    24     1     6
  1.8724765853417630E+01 a       697     0    24     1     7
  1.0348989891325038E+01 a       698     0    24     1     8
 -1.0227933408097968E+01 a       699     0    24     1     9
  9.1311400598881995E+00 a       700     0    24     1    10
  5.9481411941592919E+00 a       701     0    24     1    11
  1.2487480628243285E+01 a       702     0    24     1    12
 -1.2851921665572268E+01 a       703     0    24     1    13
 -2.1111364870524611E+01 a       704     0    24     1    14
 -1.6933528606702620E+01 a       705     0    24     1    15
 -5.9485648510597038E+00 a       706     0    24     1    16
 -2.1302116624256968E+01 a       707     0    24     1    17
 -1.1910014889429824E+01 a       708     0    24     1    18
  9.0833272251213693E+00 a       709     0    24     1    19
  9.9152959862171492E+00 a       710     0    24     1    20
 -1.2773376283296367E+01 a       711     0    24     1    21
 -7.5900680851405591E+00 a       712     0    24     1    22
 -2.5514519467934456E+00 a       713     0    24     1    23
  5.6009206377130534E+00 a       714     0    24     1    24
 -1.2704186247934020E+01 a       715     0    24     1    25
 -4.6314941124724847E+00 a       716     0    24     1    26
 -1.8605383256771599E+01 a       717     0    24     1    27
 -1.1600315586519624E+01 a       718     0    24     1    28
 -1.9862560960107558E+01 a       719     0    24     1    29
 -1.6521604206022403E+01 a       720     0    24     1    30
  3.9342300623221367E+00 a       721     0    25     1     1
 -1.3949097740954782E+01 a       722     0    25     1     2
  2.9656730852689421E+01 a       723     0    25     1     3
  1.9161792359522128E+01 a       724     0    25     1     4
  3.3161098809117919E+00 a       725     0    25     1     5
 -9.3257517080761261E+00 a       726     0    25     1     6
  1.8548271155332230E+01 a       727     0    25     1     7
  1.9804520919011361E+00 a       728     0    25     1     8
  1.3043171956422288E+01 a       729     0    25     1     9
  1.0138640291002446E+01 a       730     0    25     1    10
  1.7800776534692936E+01 a       731     0    25     1    11
  3.6659520414695010E+00 a       732     0    25     1    12
 -1.8805064248060415E+00 a       733     0    25     1    13
 -1.1392316393283963E+01 a       734     0    25     1    14
  1.7523700705140591E+01 a       735     0    25     1    15
  1.4299828309650255E+00 a       736     0    25     1    16
  1.8297239668621742E+01 a       737     0    25     1    17
 -1.2693772453497303E+01 a       738     0    25     1    18
  9.4364963663216326E+00 a       739     0    25     1    19
  1.8906916561556208E+01 a       740     0    25     1    20
 -4.5707661319934999E+01 a       741     0    25     1    21
  1.1033024831998186E+00 a       742     0    25     1    22
  1.2987516983078727E+01 a       743     0    25     1    23
 -5.1573070726711121E+00 a       744     0    25     1    24
  3.0942270166306194E+01 a       745     0    25     1    25
  1.9593319295628415E+01 a       746     0    25     1    26
 -2.7064727058206397E+01 a       747     0    25     1    27
 -2.3264746746930360E+01 a       748     0    25     1    28
  1.7036326995174363E+01 a       749     0    25     1    29
  8.0470375544881705E+00 a       750     0    25     1    30
 -4.9396150413811327E+01 a       751     0    26     1     1
 -1.0959330083462340E-01 a       752     0    26     1     2
  5.9335699912217232E-01 a       753     0    26     1     3
 -4.1036904248454647E+01 a       754     0    26     1     4
 -1.7448808414401920E+00 a       755     0    26     1     5
  2.8291835367048459E+00 a       756     0    26     1     6
  8.1040856530494771E+00 a       757     0    26     1     7
 -9.4028870423243092E+00 a       758     0    26     1     8
 -6.5175037890124754E-01 a       759     0    26     1     9
  7.6954275005705579E+00 a       760     0    26     1    10
  1.5077846683065857E+01 a       761     0    26     1    11
 -1.0828120771298730E+01 a       762     0    26     1    12
  9.0814292162306103E+00 a       763     0    26     1    13
 -8.8659803916528634E-01 a       764     0    26     1    14
 -7.1484487650813175E+00 a       765     0    26     1    15
  1.3213203429741812E+01 a       766     0    26     1    16
  1.0938878337081016E+01 a       767     0    26     1    17
 -5.3400439569419058E+00 a       768     0    26     1    18
 -6.8612904329113320E+00 a       769     0    26     1    19
 -1.1782382846064583E+00 a       770     0    26     1    20
  1.0560143729798927E+01 a       771     0    26     1    21
 -7.8425801086723794E+00 a       772     0    26     1    22
  1.4381709826757380E+01 a       773     0    26     1    23
 -1.0571246137741470E+01 a       774     0    26     1    24
 -1.7114165037777815E+00 a       775     0    26     1    25
  4.0184715195073180E+00 a       776     0    26     1    26
  1.9870999537171576E+00 a       777     0    26     1    27
 -3.5408148079572060E-01 a       778     0    26     1    28
  1.7360769135669617E+01 a       779     0    26     1    29
  3.0613240664125239E+01 a       780     0    26     1    30
  1.5119279297755156E+01 a       781     0    27     1     1
  8.1509598520880626E+00 a       782     0    27     1     2
  6.7801921989048664E-01 a       783     0    27     1     3
 -5.2151827219860873E+00 a       784     0    27     1     4
  9.8143527349126991E+00 a       785     0    27     1     5
  1.4428941976183831E+01 a       786     0    27     1     6
 -1.2263698229624248E+01 a       787     0    27     1     7
 -3.5315306512109355E+00 a       788     0    27     1     8
 -4.6333869756608204E+00 a       789     0    27     1     9
  9.2589959849401762E+00 a       790     0    27     1    10
 -1.7650844707078701E+01 a       791     0    27     1    11
 -1.1131997608193345E+01 a       792     0    27     1    12
 -3.4699051402869436E+00 a       793     0    27     1    13
  6.9087216523685901E+00 a       794     0    27     1    14
 -2.0169812885833036E+01 a       795     0    27     1    15
  3.9010816687048289E+00 a       796     0    27     1    16
 -1.2192661779631790E+01 a       797     0    27     1    17
 -4.7120872302261994E+00 a       798     0    27     1    18
 -1.4688237322971204E+01 a       799     0    27     1    19
  3.4568262314727973E+00 a       800     0    27     1    20
  1.7118704593735259E+01 a       801     0    27     1    21
 -2.3628089022733484E+01 a       802     0    27     1    22
 -1.0605286579305194E+01 a       803     0    27     1    23
  1.2938230752133828E-01 a       804     0    27     1    24
 -1.5006049970813374E+01 a       805     0    27     1    25
 -4.9207144892625703E+00 a       806     0    27     1    26
 -8.2648938338496158E+00 a       807     0    27     1    27
  9.6327355128316174E+00 a       808     0    27     1    28
 -3.2076621251114767E+00 a       809     0    27     1    29
 -2.4772744793473116E+00 a       810     0    27     1    30
  2.1048105491777505E+00 a       811     0    28     1     1
 -2.1492184671933696E+01 a       812     0    28     1     2
 -8.9186081659443932E+00 a       813     0    28     1     3
 -5.3782253694916689E+00 a       814     0    28     1     4
 -1.0920906056911583E+01 a       815     0    28     1     5
 -6.1706958208461939E+00 a       816     0    28     1     6
  2.1936634514162701E+00 a       817     0    28     1     7
 -2.2460585083949223E+00 a       818     0    28     1     8
 -1.0255836590132397E+01 a       819     0    28     1     9
  1.9584672591908256E+00 a       820     0    28     1    10
  5.0662456620726006E+00 a       821     0    28     1    11
 -5.8341230329828244E+00 a       822     0    28     1    12
 -1.8491880258772497E+01 a       823     0    28     1    13
 -1.6233236756533316E+01 a       824     0    28     1    14
  1.6706679733929501E+00 a       825     0    28     1    15
 -1.2070339019834320E+01 a       826     0    28     1    16
 -8.3707719305951542E+00 a       827     0    28     1    17
  1.5491804312527768E+00 a       828     0    28     1    18
 -6.5157806480993390E+00 a       829     0    28     1    19
 -1.4366620894884738E+01 a       830     0    28     1    20
  2.9559545553633075E+00 a       831     0    28     1    21
  7.8387262357696699E+00 a       832     0    28     1    22
 -1.0801996959658554E+01 a       833     0    28     1    23
  1.0111117563667971E+01 a       834     0    28     1    24
 -2.1932182554252979E+01 a       835     0    28     1    25
 -9.2532059579137957E+00 a       836     0    28     1    26
  3.3116927063681842E+00 a       837     0    28     1    27
  2.0964104736444696E+01 a       838     0    28     1    28
 -2.0376809341316338E+01 a       839     0    28     1    29
 -1.3814458864833073E+01 a       840     0    28     1    30
  1.8658059094132188E+01 a       841     0    29     1     1
  2.7693511070290775E+01 a       842     0    29     1     2
 -4.8906887073053538E+00 a       843     0    29     1     3
 -1.5532306544413334E+01 a       844     0    29     1     4
  1.6084051826326764E+01 a       845     0    29     1     5
  1.2135823925255073E+01 a       846     0    29     1     6
 -1.9484993817531503E+01 a       847     0    29     1     7
 -1.0930680695814033E+01 a       848     0    29     1     8
 -5.8349923411460436E+00 a       849     0    29     1     9
  6.6445260487768039E+00 a       850     0    29     1    10
 -1.6197386653264736E+01 a       851     0    29     1    11
  9.6714840651711356E+00 a       852     0    29     1    12
  1.2298722690488900E+01 a       853     0    29     1    13
  1.3406415831887609E+01 a       854     0    29     1    14
 -2.0490235837001578E+01 a       855     0    29     1    15
 -8.7550272926642005E+00 a       856     0    29     1    16
 -1.5960881208474936E+01 a       857     0    29     1    17
 -2.7585516004577468E+00 a       858     0    29     1    18
 -3.6724815072465695E+00 a       859     0    29     1    19
  9.1277896538114636E+00 a       860     0    29     1    20
  2.4931628354209113E+01 a       861     0    29     1    21
 -2.2590524897573523E+01 a       862     0    29     1    22
 -2.5354878882309001E-01 a       863     0    29     1    23
  6.3462742928336819E+00 a       864     0    29     1    24
 -1.1076168616940613E+01 a       865     0    29     1    25
 -8.0850843965775212E+00 a       866     0    29     1    26
  6.2993763300021568E+00 a       867     0    29     1    27
  6.9659216459037889E+00 a       868     0    29     1    28
  6.6463188543349609E+00 a       869     0    29     1    29
  1.5420726353622591E+01 a       870     0    29     1    30
 -4.7467917973934117E+00 a       871     0    30     1     1
  5.4514308548131094E+00 a       872     0    30     1     2
 -6.5625363506829419E+00 a       873     0    30     1     3
  2.8561339491663563E+01 a       874     0    30     1     4
  3.5326841870389196E+00 a       875     0    30     1     5
 -8.0975762756759000E+00 a       876     0    30     1     6
  5.2919084557299190E+00 a       877     0    30     1     7
 -1.1892984389042274E+01 a       878     0    30     1     8
  9.0690188358758945E+00 a       879     0    30     1     9
  4.0131969002523844E+00 a       880     0    30     1    10
 -1.1370261905132219E+01 a       881     0    30     1    11
 -3.5609611080125356E+00 a       882     0    30     1    12
 -4.0332055815038146E+00 a       883     0    30     1    13
  4.7931720735604815E+00 a       884     0    30     1    14
  1.2169590522553412E+01 a       885     0    30     1    15
  1.5467189774017003E+00 a       886     0    30     1    16
  4.1610005095499272E+00 a       887     0    30     1    17
  3.3492995107120072E+00 a       888     0    30     1    18
 -1.1708888284622972E+01 a       889     0    30     1    19
  7.8058514973338466E+00 a       890     0    30     1    20
  4.0501089401125281E+00 a       891     0    30     1    21
  7.7813530530526567E+00 a       892     0    30     1    22
  2.8053004587551018E+00 a       893     0    30     1    23
  3.5064098974452222E+00 a       894     0    30     1    24
  2.1647635477136804E+00 a       895     0    30     1    25
  4.4597314254458764E+00 a       896     0    30     1    26
  5.2854699638669826E+00 a       897     0    30     1    27
  1.2236915967192687E+01 a       898     0    30     1    28
  5.9768130106883988E-01 a       899     0    30     1    29
  1.6333319731958191E+01 a       900     0    30     1    30
  6.1375120594734778E+00 a       901     0    31     1     1
 -4.1020972951811174E+00 a       902     0    31     1     2
  4.3626738135713419E+00 a       903     0    31     1     3
 -2.0575978615324352E+01 a       904     0    31     1     4
  4.6115075487575901E+00 a       905     0    31     1     5
 -1.2202798777497110E+00 a       906     0    31     1     6
 -1.5377436322742899E+01 a       907     0    31     1     7
  6.6628994198099827E+00 a       908     0    31     1     8
 -2.0311949121640644E+01 a       909     0    31     1     9
 -9.5125200804222825E+00 a       910     0    31     1    10
 -7.6119414480970455E+00 a       911     0    31     1    11
 -3.3005870381906650E+00 a       912     0    31     1    12
  6.5598586256826428E+00 a       913     0    31     1    13
 -1.1448854253317795E+00 a       914     0    31     1    14
 -2.5936065967053694E+00 a       915     0    31     1    15
 -4.1603590366725651E+00 a       916     0    31     1    16
 -3.4645755959469127E+00 a       917     0    31     1    17
  4.9319070486593120E+00 a       918     0    31     1    18
 -2.5609391343755874E+00 a       919     0    31     1    19
 -7.4348735168021296E+00 a       920     0    31     1    20
 -1.9218511167615837E+00 a       921     0    31     1    21
 -1.0148452574898805E+01 a       922     0    31     1    22
 -3.2476919242489166E+00 a       923     0    31     1    23
 -3.3160152764883470E+00 a       924     0    31     1    24
  4.2189970986533137E-01 a       925     0    31     1    25
  4.1981819228947241E+00 a       926     0    31     1    26
  5.1183107284661133E+00 a       927     0    31     1    27
 -1.1138745210678547E+00 a       928     0    31     1    28
 -4.6721555424485963E+00 a       929     0    31     1    29
 -3.5189876130035593E+01 a       930     0    31     1    30
 -1.7044362167838642E+01 a       931     0    32     1     1
 -9.4052151646951359E+00 a       932     0    32     1     2
 -5.4749605798208218E+00 a       933     0    32     1     3
  3.5808019521749266E+00 a       934     0    32     1     4
 -1.1763926044811313E+01 a       935     0    32     1     5
 -1.2477686434912119E+01 a       936     0    32     1     6
  1.1329475466210194E+01 a       937     0    32     1     7
  4.1697238110520614E+00 a       938     0    32     1     8
 -4.1877253962249261E-01 a       939     0    32     1     9
 -6.3420766059119540E+00 a       940     0    32     1    10
  1.7623364476610583E+01 a       941     0    32     1    11
  1.6230975282729987E-01 a       942     0    32     1    12
 -6.4746128081209369E+00 a       943     0    32     1    13
 -4.7985113892849940E+00 a       944     0    32     1    14
  1.3337071709572252E+01 a       945     0    32     1    15
  5.1407329218022308E+00 a       946     0    32     1    16
  4.3052256125465540E+00 a       947     0    32     1    17
  8.1449309831379537E+00 a       948     0    32     1    18
  1.0730653781201141E+01 a       949     0    32     1    19
 -1.2995657665082751E+01 a       950     0    32     1    20
 -3.3006186689908357E+00 a       951     0    32     1    21
  1.9974512500846817E+01 a       952     0    32     1    22
  2.7379498592992069E+00 a       953     0    32     1    23
  3.4344383725055208E+00 a       954     0    32     1    24
  6.8190196593004515E+00 a       955     0    32     1    25
 -4.5785403153862214E+00 a       956     0    32     1    26
  1.7627872344231188E+00 a       957     0    32     1    27
  5.9863687235952434E-01 a       958     0    32     1    28
 -6.0864711709457007E+00 a       959     0    32     1    29
 -4.3435542987836042E+00 a       960     0    32     1    30
 -1.4831201705740298E+01 a       961     0    33     1     1
  4.6903723552171508E+00 a       962     0    33     1     2
  1.0606368312731895E+01 a       963     0    33     1     3
 -3.0048647114767878E+01 a       964     0    33     1     4
 -1.8821444099485343E+00 a       965     0    33     1     5
  6.5531045073895786E+00 a       966     0    33     1     6
  7.3335202139100462E+00 a       967     0    33     1     7
  7.1633830473479385E+00 a       968     0    33     1     8
 -1.0510694872872953E+01 a       969     0    33     1     9
  8.5263102560959112E+00 a       970     0    33     1    10
 -2.2464366256737782E+00 a       971     0    33     1    11
  9.2046089497548085E+00 a       972     0    33     1    12
  7.3220611441697212E+00 a       973     0    33     1    13
  4.9820262910803464E-01 a       974     0    33     1    14
 -9.4775330240603406E+00 a       975     0    33     1    15
 -6.7776302733807592E-01 a       976     0    33     1    16
  2.5392604622431576E+00 a       977     0    33     1    17
 -4.6285214692928172E+00 a       978     0    33     1    18
  1.3275780173087806E+01 a       979     0    33     1    19
  2.1226835705029670E+00 a       980     0    33     1    20
 -4.5346584675762411E+00 a       981     0    33     1    21
 -1.3205884520123417E+01 a       982     0    33     1    22
  2.8895222612358400E+00 a       983     0    33     1    23
 -1.2175284403637942E+01 a       984     0    33     1    24
 -3.6341446336473364E+00 a       985     0    33     1    25
 -4.4172143230355703E+00 a       986     0    33     1    26
 -5.2137029095362930E+00 a       987     0    33     1    27
 -1.4571089220684653E+01 a       988     0    33     1    28
  4.3201179654591124E+00 a       989     0    33     1    29
 -5.6637709615462271E+00 a       990     0    33     1    30
 -6.8276380978823212E+00 a       991     0    34     1     1
 -2.5803656013047775E+01 a       992     0    34     1     2
 -3.0391553276264322E+01 a       993     0    34     1     3
 -7.6981870869196545E+00 a       994     0    34     1     4
 -1.6869934657029948E+01 a       995     0    34     1     5
  9.4948686249648784E+00 a       996     0    34     1     6
  1.1635589683655493E+01 a       997     0    34     1     7
  9.7086804768171522E+00 a       998     0    34     1     8
 -8.1551527324682294E+00 a       999     0    34     1     9
 -6.9469272152309971E+00 a      1000     0    34     1    10
  5.2275137049877706E+01 a      1001     0    34     1    11
 -9.5873732934562348E+00 a      1002     0    34     1    12
 -1.4459452286471148E+01 a      1003     0    34     1    13
 -1.2117657172273198E+01 a      1004     0    34     1    14
 -1.8198597670562478E+01 a      1005     0    34     1    15
  2.3937132285155162E+01 a      1006     0    34     1    16
 -2.4357329303671744E+01 a      1007     0    34     1    17
  1.9322830387185718E+01 a      1008     0    34     1    18
 -2.3823139173018259E+01 a      1009     0    34     1    19
 -5.8732495942110994E+00 a      1010     0    34     1    20
  2.8437046126697219E-01 a      1011     0    34     1    21
  4.0530885157036010E+01 a      1012     0    34     1    22
 -2.3641779152498568E+01 a      1013     0    34     1    23
 -2.7171323600530806E+00 a      1014     0    34     1    24
  2.4762975219718019E+01 a      1015     0    34     1    25
  1.0020185338120070E+01 a      1016     0    34     1    26
  1.3631735482341558E+01 a      1017     0    34     1    27
  5.8601901567537942E+00 a      1018     0    34     1    28
 -9.7558222043854137E+00 a      1019     0    34     1    29
  2.5127416238401175E+01 a      1020     0    34     1    30
 -2.4543097444451327E+01 a      1021     0    35     1     1
  3.3541169805405058E-02 a      1022     0    35     1     2
 -3.3633950236254812E+01 a      1023     0    35     1     3
 -1.8799113809957444E+01 a      1024     0    35     1     4
 -1.1338839044503354E+01 a      1025     0    35     1     5
  5.9784053647640398E+00 a      1026     0    35     1     6
  9.3915874407849085E+00 a      1027     0    35     1     7
 -9.4373898044837752E+00 a      1028     0    35     1     8
  7.2376916035625785E+00 a      1029     0    35     1     9
  7.5135167347545879E+00 a      1030     0    35     1    10
  4.9119982920928621E+01 a      1031     0    35     1    11
 -9.9214024488732271E+00 a      1032     0    35     1    12
 -8.6325315006298187E+00 a      1033     0    35     1    13
 -3.1910051868799045E+00 a      1034     0    35     1    14
 -1.7824341025380779E+01 a      1035     0    35     1    15
 -2.2910727591670135E+01 a      1036     0    35     1    16
  1.3403085201493917E+01 a      1037     0    35     1    17
 -2.6051799289006965E+01 a      1038     0    35     1    18
  1.2581016541724500E+01 a      1039     0    35     1    19
  1.1205113375450289E+01 a      1040     0    35     1    20
  8.2280999355866715E+00 a      1041     0    35     1    21
 -1.5652816394906757E+00 a      1042     0    35     1    22
  1.3675040539955281E+01 a      1043     0    35     1    23
  6.1936096614482210E+00 a      1044     0    35     1    24
 -1.1335225540807748E+01 a      1045     0    35     1    25
 -4.4741062143002557E+00 a      1046     0    35     1    26
 -4.7710062438323444E+00 a      1047     0    35     1    27
 -4.2862493653266167E+00 a      1048     0    35     1    28
 -4.1758125515028750E+00 a      1049     0    35     1    29
 -9.3055601438988038E+00 a      1050     0    35     1    30
  1.9701782310593227E+01 a      1051     0    36     1     1
 -2.2166568388873067E+00 a      1052     0    36     1     2
  4.1441976060596835E+00 a      1053     0    36     1     3
 -5.1327128531541399E+00 a      1054     0    36     1     4
  7.6112476639731002E+00 a      1055     0    36     1     5
  1.7782968996110700E+01 a      1056     0    36     1     6
 -7.1749931545124017E+00 a      1057     0    36     1     7
  1.6223510611374876E+00 a      1058     0    36     1     8
  1.1967222364907421E-01 a      1059     0    36     1     9
  1.3885924857652030E+01 a      1060     0    36     1    10
 -1.8272669000965362E+01 a      1061     0    36     1    11
 -4.4223209003721413E+00 a      1062     0    36     1    12
 -1.0348550790374722E+00 a      1063     0    36     1    13
  3.1143237703849160E+00 a      1064     0    36     1    14
 -9.1404722426826019E+00 a      1065     0    36     1    15
 -7.5984221136624539E+00 a      1066     0    36     1    16
  5.0875316204167564E+00 a      1067     0    36     1    17
 -4.0957464615772130E+00 a      1068     0    36     1    18
 -1.0054136182616359E+01 a      1069     0    36     1    19
  8.3331645411162949E+00 a      1070     0    36     1    20
 -8.9916771778041724E+00 a      1071     0    36     1    21
 -6.8574436368302543E+00 a      1072     0    36     1    22
 -4.6369770558473196E+00 a      1073     0    36     1    23
 -5.5751573264256828E+00 a      1074     0    36     1    24
 -2.7385591625466659E+00 a      1075     0    36     1    25
  9.0964084930243576E+00 a      1076     0    36     1    26
 -1.4120854840684609E+00 a      1077     0    36     1    27
 -8.0581371317528259E+00 a      1078     0    36     1    28
  8.5485541162588081E+00 a      1079     0    36     1    29
 -7.3951470926359457E+00 a      1080     0    36     1    30
  1.9531115009797639E-01 a      1081     0    37     1     1
  7.8098572097332601E+00 a      1082     0    37     1     2
  1.1418142212690736E+01 a      1083     0    37     1     3
  9.6563526902265684E-01 a      1084     0    37     1     4
  1.7260444813982776E+00 a      1085     0    37     1     5
 -2.0063342284342038E+01 a      1086     0    37     1     6
  7.7292864315957583E+00 a      1087     0    37     1     7
  2.9252670942186927E+00 a      1088     0    37     1     8
 -2.7261948594344085E+00 a      1089     0    37     1     9
 -3.1041722691367819E+00 a      1090     0    37     1    10
  1.1184852600054759E+01 a      1091     0    37     1    11
 -9.0734799577810961E+00 a      1092     0    37     1    12
 -8.4913186029927878E+00 a      1093     0    37     1    13
  1.8485152392529141E+01 a      1094     0    37     1    14
  1.8909990071024291E-01 a      1095     0    37     1    15
 -8.8369229118558967E-01 a      1096     0    37     1    16
  2.3530213971053144E+00 a      1097     0    37     1    17
 -9.6241902357913034E+00 a      1098     0    37     1    18
 -1.8867202263476045E+01 a      1099     0    37     1    19
  4.3856982076575584E+00 a      1100     0    37     1    20
  6.5103351718691966E+00 a      1101     0    37     1    21
 -7.8965137356698714E+00 a      1102     0    37     1    22
  1.3683313534445624E+01 a      1103     0    37     1    23
 -4.2294011309302315E-01 a      1104     0    37     1    24
  3.8013519163865124E+00 a      1105     0    37     1    25
 -5.2729394617224221E+00 a      1106     0    37     1    26
 -3.2584427916088310E+00 a      1107     0    37     1    27
  6.8921530348417637E+00 a      1108     0    37     1    28
  1.6322088237879602E+00 a      1109     0    37     1    29
  7.9711654767104512E-01 a      1110     0    37     1    30
 -3.7388567876372427E+00 a      1111     0    38     1     1
  2.2866766623348260E+00 a      1112     0    38     1     2
 -6.5401498876768320E+00 a      1113     0    38     1     3
  1.6509689924076489E+00 a      1114     0    38     1     4
 -2.4647846182462341E+00 a      1115     0    38     1     5
 -3.2504863980734702E+00 a      1116     0    38     1     6
  3.1523429298267356E+00 a      1117     0    38     1     7
 -7.9066163240431155E+00 a      1118     0    38     1     8
 -6.9880721396598302E+00 a      1119     0    38     1     9
 -1.2888486428018340E+00 a      1120     0    38     1    10
 -1.7912896951666653E+01 a      1121     0    38     1    11
  7.2135833912939900E+00 a      1122     0    38     1    12
 -3.4111923437061882E+00 a      1123     0    38     1    13
 -7.2486700325117004E-01 a      1124     0    38     1    14
  1.5886916609760777E+00 a      1125     0    38     1    15
 -3.2437241342782497E+00 a      1126     0    38     1    16
  6.4300343291621083E+00 a      1127     0    38     1    17
 -1.9474901880528654E+00 a      1128     0    38     1    18
  1.5032999668065172E+00 a      1129     0    38     1    19
  6.7094174537358917E+00 a      1130     0    38     1    20
  4.6483012355226743E+00 a      1131     0    38     1    21
 -2.5771399180589096E+00 a      1132     0    38     1    22
  9.5851098069520155E+00 a      1133     0    38     1    23
  1.1965419560425896E+00 a      1134     0    38     1    24
  5.2820709625268869E-01 a      1135     0    38     1    25
 -6.1862924986851042E-01 a      1136     0    38     1    26
 -2.5470985249937805E+00 a      1137     0    38     1    27
  4.3932523103893919E+00 a      1138     0    38     1    28
  1.6845361218014374E+00 a      1139     0    38     1    29
 -9.1922353013831408E+00 a      1140     0    38     1    30
  1.4703864158063743E+01 a      1141     0    39     1     1
  3.5362188432625548E+00 a      1142     0    39     1     2
 -4.9504879664616697E+00 a      1143     0    39     1     3
 -2.6023416923500243E+01 a      1144     0    39     1     4
  1.9883644492238641E+01 a      1145     0    39     1     5
  5.3416263074719241E+00 a      1146     0    39     1     6
 -1.3956632863358983E+01 a      1147     0    39     1     7
 -2.8870953430458712E+01 a      1148     0    39     1     8
 -2.2638170458475212E+01 a      1149     0    39     1     9
  4.1415025588775114E+00 a      1150     0    39     1    10
 -1.2515711127490988E+01 a      1151     0    39     1    11
 -1.0199252657618310E+01 a      1152     0    39     1    12
 -2.5738724074498080E+01 a      1153     0    39     1    13
  1.2977421498331131E+01 a      1154     0    39     1    14
 -4.5662941901505745E+00 a      1155     0    39     1    15
 -1.5687364838110099E+01 a      1156     0    39     1    16
  6.9104517776665411E+00 a      1157     0    39     1    17
 -4.2566511255762363E+00 a      1158     0    39     1    18
 -1.9057365282227170E+01 a      1159     0    39     1    19
  3.5493993718026246E+01 a      1160     0    39     1    20
  1.2901371233592593E+00 a      1161     0    39     1    21
 -2.2959722545154282E+01 a      1162     0    39     1    22
 -3.1273739818354223E+01 a      1163     0    39     1    23
 -1.2657321888890786E+01 a      1164     0    39     1    24
  9.2628420614967499E+00 a      1165     0    39     1    25
  2.1684932594535775E+00 a      1166     0    39     1    26
 -1.1680802422072023E+01 a      1167     0    39     1    27
 -4.0949414645450917E+00 a      1168     0    39     1    28
  4.4977055945162929E+00 a      1169     0    39     1    29
  6.9140361986008374E+00 a      1170     0    39     1    30
  1.1840755644762146E+01 a      1171     0    40     1     1
  2.1509973072179754E+01 a      1172     0    40     1     2
 -5.4649728837059817E+00 a      1173     0    40     1     3
 -4.8258626309485679E+00 a      1174     0    40     1     4
  1.5140225847655175E-02 a      1175     0    40     1     5
 -5.0735493377281360E+00 a      1176     0    40     1     6
  6.8224845132082033E+00 a      1177     0    40     1     7
 -6.9229734904491069E+00 a      1178     0    40     1     8
  2.4783420800174198E+00 a      1179     0    40     1     9
  1.5862405568114570E+00 a      1180     0    40     1    10
 -7.2837744141678407E+00 a      1181     0    40     1    11
 -2.0080688086399512E+00 a      1182     0    40     1    12
  8.3676126814538474E+00 a      1183     0    40     1    13
 -7.2463427053689355E-02 a      1184     0    40     1    14
 -1.9915025280735846E-01 a      1185     0    40     1    15
  1.8338400584960195E+00 a      1186     0    40     1    16
 -1.6410091227971046E-01 a      1187     0    40     1    17
  1.6428491941168087E+01 a      1188     0    40     1    18
 -7.9104987098224342E+00 a      1189     0    40     1    19
 -6.7784099460947269E+00 a      1190     0    40     1    20
 -9.9121938457371712E+00 a      1191     0    40     1    21
  2.2279001441751309E+00 a      1192     0    40     1    22
 -4.1784682088474892E+00 a      1193     0    40     1    23
 -1.7118819175914104E+00 a      1194     0    40     1    24
 -5.5589919765674871E+00 a      1195     0    40     1    25
  3.2408145466143781E+00 a      1196     0    40     1    26
 -5.5791268323627055E+00 a      1197     0    40     1    27
 -7.8904414428417295E+00 a      1198     0    40     1    28
  8.5230581767529525E+00 a      1199     0    40     1    29
  7.8239167442652136E-01 a      1200     0    40     1    30
 -3.1030516364727454E+00 a      1201     0    41     1     1
  9.5745340131391394E+00 a      1202     0    41     1     2
  3.6933133900086212E+00 a      1203     0    41     1     3
  2.0268835228908685E+01 a      1204     0    41     1     4
 -5.7025533322141824E+00 a      1205     0    41     1     5
 -1.3476325811106594E+01 a      1206     0    41     1     6
  1.4604320243912911E+01 a      1207     0    41     1     7
  1.4507892055445796E+01 a      1208     0    41     1     8
  1.2742052324822565E+01 a      1209     0    41     1     9
 -1.6853168760643154E+01 a      1210     0    41     1    10
  2.4886035950081254E+01 a      1211     0    41     1    11
  1.8161263356038173E+01 a      1212     0    41     1    12
  2.2673572778767252E+01 a      1213     0    41     1    13
 -5.7523136857909094E+00 a      1214     0    41     1    14
  3.1145149097708185E+00 a      1215     0    41     1    15
  9.1314686514037717E+00 a      1216     0    41     1    16
 -9.7252500433555333E+00 a      1217     0    41     1    17
  1.3419740860614473E+01 a      1218     0    41     1    18
  2.3428829111505664E+01 a      1219     0    41     1    19
 -2.3542049310718156E+01 a      1220     0    41     1    20
  6.5371487619126816E+00 a      1221     0    41     1    21
  1.3824088662845300E+01 a      1222     0    41     1    22
  1.4306626404382259E+01 a      1223     0    41     1    23
  2.3084099732167427E+01 a      1224     0    41     1    24
 -4.2301175291352440E+00 a      1225     0    41     1    25
 -2.4508852272363777E+00 a      1226     0    41     1    26
  9.3501042464699786E+00 a      1227     0    41     1    27
  1.2185758372135645E+01 a      1228     0    41     1    28
 -1.7624833719614536E+01 a      1229     0    41     1    29
 -1.3438775657027350E+01 a      1230     0    41     1    30
  1.0207823192687391E+01 a      1231     0    42     1     1
  4.7695189637218611E+00 a      1232     0    42     1     2
  6.1771506784227919E+00 a      1233     0    42     1     3
  1.2537363125968742E+01 a      1234     0    42     1     4
 -2.3102625135551853E+00 a      1235     0    42     1     5
 -4.3076087219522101E+00 a      1236     0    42     1     6
 -1.8168688462897866E+00 a      1237     0    42     1     7
  2.4730625231996754E+01 a      1238     0    42     1     8
  1.8915808414560150E+01 a      1239     0    42     1     9
 -1.2251051096954791E+01 a      1240     0    42     1    10
  1.4259313629090094E+01 a      1241     0    42     1    11
  1.1576773217153370E+01 a      1242     0    42     1    12
  1.8841259345280612E+01 a      1243     0    42     1    13
 -8.9790409481850570E+00 a      1244     0    42     1    14
 -1.5562571524159940E+00 a      1245     0    42     1    15
  2.4056836404439119E+00 a      1246     0    42     1    16
 -9.5573920540321247E+00 a      1247     0    42     1    17
  1.6163198322260246E+01 a      1248     0    42     1    18
  1.3818425919862550E+01 a      1249     0    42     1    19
 -2.9346018494697876E+01 a      1250     0    42     1    20
 -2.6122636400823280E+00 a      1251     0    42     1    21
  1.8186089694957449E+01 a      1252     0    42     1    22
  1.4568712286827168E+01 a      1253     0    42     1    23
  1.6270812132132559E+01 a      1254     0    42     1    24
 -6.7105134245053222E+00 a      1255     0    42     1    25
  2.5717498632344888E+00 a      1256     0    42     1    26
  7.6207878586707407E+00 a      1257     0    42     1    27
  5.2489906737471514E+00 a      1258     0    42     1    28
  5.3984536054041250E+00 a      1259     0    42     1    29
 -1.7956351805956942E+01 a      1260     0    42     1    30
 -2.0365990824934720E+01 a      1261     0    43     1     1
 -1.4730302190463236E+01 a      1262     0    43     1     2
  1.1078906713648493E+00 a      1263     0    43     1     3
 -5.0512047552716623E+00 a      1264     0    43     1     4
 -1.0477682683237056E+01 a      1265     0    43     1     5
  1.0077658861815806E+01 a      1266     0    43     1     6
  6.9427862661303728E+00 a      1267     0    43     1     7
 -1.1269736126469823E+01 a      1268     0    43     1     8
 -9.8785958606627329E+00 a      1269     0    43     1     9
  1.8694242356669303E+01 a      1270     0    43     1    10
 -2.0337661475440271E+01 a      1271     0    43     1    11
 -1.5780130127462224E+01 a      1272     0    43     1    12
 -1.3173152505045058E+01 a      1273     0    43     1    13
  2.1752987063325022E-01 a      1274     0    43     1    14
  3.4177099868203920E+00 a      1275     0    43     1    15
  2.6452667151070788E+00 a      1276     0    43     1    16
  1.4904265847631990E+01 a      1277     0    43     1    17
 -2.1938650078153085E+01 a      1278     0    43     1    18
 -1.3302923088666441E+01 a      1279     0    43     1    19
  8.2612518871444784E+00 a      1280     0    43     1    20
 -3.9068420762374395E-01 a      1281     0    43     1    21
 -7.1669488982106779E+00 a      1282     0    43     1    22
  1.0833514997850504E+00 a      1283     0    43     1    23
 -2.4323718813951725E+01 a      1284     0    43     1    24
  2.2809782670065681E+00 a      1285     0    43     1    25
 -4.9330998211533421E+00 a      1286     0    43     1    26
 -4.1077586895435863E+00 a      1287     0    43     1    27
 -1.0040684131872972E+01 a      1288     0    43     1    28
 -2.3173642939488599E+00 a      1289     0    43     1    29
  2.5614919596347828E+01 a      1290     0    43     1    30
 -4.9997190996433120E-02 a      1291     0    44     1     1
  1.7660988388128416E+01 a      1292     0    44     1     2
  2.6086670870463768E+00 a      1293     0    44     1     3
  1.3548990147647442E+00 a      1294     0    44     1     4
  5.7961455748680981E+00 a      1295     0    44     1     5
 -4.2772644625596568E-01 a      1296     0    44     1     6
  2.6693068292072963E-01 a      1297     0    44     1     7
 -1.2986632449553539E+01 a      1298     0    44     1     8
 -5.2050941043438490E+00 a      1299     0    44     1     9
  1.1496844294152935E+00 a      1300     0    44     1    10
 -1.6389112775281284E+01 a      1301     0    44     1    11
 -5.9695628431938683E+00 a      1302     0    44     1    12
 -1.8230935186686048E+00 a      1303     0    44     1    13
 -1.3807428958672638E+00 a      1304     0    44     1    14
 -9.0246740060784078E-02 a      1305     0    44     1    15
 -6.4093465422951162E-02 a      1306     0    44     1    16
  6.9918382983250389E+00 a      1307     0    44     1    17
  4.5722612898426309E+00 a      1308     0    44     1    18
 -1.4856888749675106E+00 a      1309     0    44     1    19
  6.9482739065171994E+00 a      1310     0    44     1    20
  1.2627694033407471E+00 a      1311     0    44     1    21
 -6.1182381210698189E+00 a      1312     0    44     1    22
 -1.6748672922711019E+00 a      1313     0    44     1    23
 -1.0151806307484668E+00 a      1314     0    44     1    24
 -1.2406323169611985E+01 a      1315     0    44     1    25
  1.0342833959487741E+01 a      1316     0    44     1    26
 -4.5342882835913416E+00 a      1317     0    44     1    27
  4.7993540268477544E+00 a      1318     0    44     1    28
  2.0233574478349317E+00 a      1319     0    44     1    29
 -9.2870555094065583E+00 a      1320     0    44     1    30
  1.0557035746257130E+01 a      1321     0    45     1     1
  1.5388698460617714E+01 a      1322     0    45     1     2
  5.8774690553407369E+00 a      1323     0    45     1     3
  4.8316647310595648E+00 a      1324     0    45     1     4
 -3.7345820740630904E+00 a      1325     0    45     1     5
  1.4799868919374520E-01 a      1326     0    45     1     6
  7.8597217186185002E+00 a      1327     0    45     1     7
 -1.4394280802814565E+00 a      1328     0    45     1     8
 -4.3187630337513054E+00 a      1329     0    45     1     9
  3.3223013688054293E-01 a      1330     0    45     1    10
 -7.7155589847266146E+00 a      1331     0    45     1    11
  7.3683284995772702E+00 a      1332     0    45     1    12
 -2.8982108128901434E+00 a      1333     0    45     1    13
  4.0531625073697342E+00 a      1334     0    45     1    14
 -4.6058094649218742E+00 a      1335     0    45     1    15
  2.4725638995025854E+00 a      1336     0    45     1    16
 -5.1751940526386440E+00 a      1337     0    45     1    17
  1.1725903766685855E+01 a      1338     0    45     1    18
  1.0577294054794113E+01 a      1339     0    45     1    19
 -2.5269515865036167E+00 a      1340     0    45     1    20
 -1.3001157369816696E-01 a      1341     0    45     1    21
  7.4718260739917264E-01 a      1342     0    45     1    22
  2.2463765023288929E+00 a      1343     0    45     1    23
  1.3629293720161766E+00 a      1344     0    45     1    24
  1.5193377772687977E+00 a      1345     0    45     1    25
  1.4418690390666404E+00 a      1346     0    45     1    26
  3.5446856348643196E+00 a      1347     0    45     1    27
  4.6848509823058624E+00 a      1348     0    45     1    28
 -1.5356671348337101E+00 a      1349     0    45     1    29
  7.5112389154043036E-01 a      1350     0    45     1    30
  1.5929032469740948E+01 a      1351     0    46     1     1
 -1.4659456541106850E+00 a      1352     0    46     1     2
  2.9411911175880152E+00 a      1353     0    46     1     3
  2.9095067843128934E+01 a      1354     0    46     1     4
  1.8784566246472327E+01 a      1355     0    46     1     5
 -1.2116692719890064E+01 a      1356     0    46     1     6
  5.0718314256328234E-01 a      1357     0    46     1     7
  5.1019835813665440E+00 a      1358     0    46     1     8
  1.1642176639650057E+01 a      1359     0    46     1     9
 -3.7315306612342440E+00 a      1360     0    46     1    10
  9.0179218914054289E+00 a      1361     0    46     1    11
  1.9740122536871684E+01 a      1362     0    46     1    12
  7.5335469591244353E+00 a      1363     0    46     1    13
 -1.1621037190423374E+01 a      1364     0    46     1    14
 -5.1017443612088780E+00 a      1365     0    46     1    15
  3.5080356161877999E+00 a      1366     0    46     1    16
 -7.6698452028886850E+00 a      1367     0    46     1    17
  2.0521337521685727E+01 a      1368     0    46     1    18
  1.6640949162633540E+01 a      1369     0    46     1    19
 -1.5033803655894800E+01 a      1370     0    46     1    20
 -2.5382822937311613E+00 a      1371     0    46     1    21
 -3.3038591376404645E+00 a      1372     0    46     1    22
 -7.4007505098100168E+00 a      1373     0    46     1    23
  1.7234622715231556E+01 a      1374     0    46     1    24
  1.4792213818427525E+01 a      1375     0    46     1    25
  4.8471083099513841E+00 a      1376     0    46     1    26
 -1.3608023768665285E+01 a      1377     0    46     1    27
 -1.1034168104404001E+01 a      1378     0    46     1    28
  1.5410444668083108E+00 a      1379     0    46     1    29
  7.2690880245313725E+00 a      1380     0    46     1    30
  1.5535848502492449E+00 a      1381     0    47     1     1
 -8.0752255438459486E-02 a      1382     0    47     1     2
 -1.2225886324847657E+00 a      1383     0    47     1     3
 -2.3971443792994629E+00 a      1384     0    47     1     4
  1.3822060071752578E+00 a      1385     0    47     1     5
  7.7406784851995730E-02 a      1386     0    47     1     6
 -2.4617861342937841E+00 a      1387     0    47     1     7
 -2.3946282029402659E+00 a      1388     0    47     1     8
  4.0074452811113925E+00 a      1389     0    47     1     9
 -1.1809019318930680E+00 a      1390     0    47     1    10
  6.0305209347540178E-01 a      1391     0    47     1    11
  2.3341965844503130E+00 a      1392     0    47     1    12
 -3.3304209974111436E+00 a      1393     0    47     1    13
 -5.6044666762948321E+00 a      1394     0    47     1    14
 -2.2290995070245017E+00 a      1395     0    47     1    15
  7.3645186353273706E-01 a      1396     0    47     1    16
  4.1959060331650981E+00 a      1397     0    47     1    17
 -1.4459166726560186E+00 a      1398     0    47     1    18
  2.2063982464192469E+00 a      1399     0    47     1    19
 -9.6366778547344421E+00 a      1400     0    47     1    20
 -1.3990644459025308E+01 a      1401     0    47     1    21
  4.1920514592662872E-01 a      1402     0    47     1    22
  2.3109063046855778E+00 a      1403     0    47     1    23
 -7.3183344851572807E+00 a      1404     0    47     1    24
  1.6637202798866038E+00 a      1405     0    47     1    25
 -1.1520248784575173E+00 a      1406     0    47     1    26
 -7.3329622772615295E+00 a      1407     0    47     1    27
 -3.6930208590106575E+00 a      1408     0    47     1    28
  3.0038781605167086E+00 a      1409     0    47     1    29
 -2.2752110326422756E-01 a      1410     0    47     1    30
  2.3953906798927425E+00 a      1411     0    48     1     1
 -3.6331535141697477E+00 a      1412     0    48     1     2
 -2.2505879881662050E-01 a      1413     0    48     1     3
  6.7171923500325947E+00 a      1414     0    48     1     4
  1.9928484892658012E+01 a      1415     0    48     1     5
  7.6141053873911426E+00 a      1416     0    48     1     6
  3.1983963730334714E-02 a      1417     0    48     1     7
 -1.1348845968529186E+01 a      1418     0    48     1     8
  5.6944504461075756E+00 a      1419     0    48     1     9
 -2.8114543495477755E+00 a      1420     0    48     1    10
  1.5538840816854067E+01 a      1421     0    48     1    11
  7.3807562820577814E+00 a      1422     0    48     1    12
  1.5797382528287164E+01 a      1423     0    48     1    13
 -2.2594738364057907E+00 a      1424     0    48     1    14
  5.4268743968956619E+00 a      1425     0    48     1    15
 -6.8231741931116230E-01 a      1426     0    48     1    16
  6.3169008997240770E+00 a      1427     0    48     1    17
  1.8679519944085129E+01 a      1428     0    48     1    18
 -8.4022166975170958E+00 a      1429     0    48     1    19
 -6.0478428099014208E+00 a      1430     0    48     1    20
 -1.1663884041539118E+01 a      1431     0    48     1    21
 -1.3044415674092430E-01 a      1432     0    48     1    22
 -1.4515119900265367E+01 a      1433     0    48     1    23
 -4.8089141419477759E+00 a      1434     0    48     1    24
  3.9667118180610568E+00 a      1435     0    48     1    25
  8.2831554261583804E+00 a      1436     0    48     1    26
  6.2166208930643414E+00 a      1437     0    48     1    27
  3.3102005457511607E+00 a      1438     0    48     1    28
 -2.7388286656037937E+00 a      1439     0    48     1    29
 -5.6303675205050148E+00 a      1440     0    48     1    30
 -2.3454886970746653E+01 a      1441     0    49     1     1
 -1.1339153255495395E-01 a      1442     0    49     1     2
  1.9040624873774044E+00 a      1443     0    49     1     3
 -3.3953938176616354E+01 a      1444     0    49     1     4
 -3.0757381339019659E+01 a      1445     0    49     1     5
  4.8219068497631590E-01 a      1446     0    49     1     6
 -1.5891536383019638E+01 a      1447     0    49     1     7
  5.2037861438810546E+00 a      1448     0    49     1     8
 -9.3215166924313593E+00 a      1449     0    49     1     9
  3.2930189439313529E-01 a      1450     0    49     1    10
 -1.9529791804792346E+01 a      1451     0    49     1    11
 -1.6685431216031503E+01 a      1452     0    49     1    12
 -6.5192354626299496E+00 a      1453     0    49     1    13
  7.4416179121690407E+00 a      1454     0    49     1    14
 -1.5125024410396537E+00 a      1455     0    49     1    15
 -4.3896830325878646E+00 a      1456     0    49     1    16
 -2.8567862896611635E+00 a      1457     0    49     1    17
 -3.9413742890716783E+01 a      1458     0    49     1    18
 -2.8141372300933778E+00 a      1459     0    49     1    19
  1.5417852471581512E+01 a      1460     0    49     1    20
  1.6020664935301284E+01 a      1461     0    49     1    21
 -1.8909789033395177E+00 a      1462     0    49     1    22
  2.4750205532367662E+01 a      1463     0    49     1    23
 -1.1508452437688801E+01 a      1464     0    49     1    24
 -2.0054745506528896E+01 a      1465     0    49     1    25
 -1.2292266487723236E+01 a      1466     0    49     1    26
  1.0077266067989958E+01 a      1467     0    49     1    27
  8.5606422794991168E+00 a      1468     0    49     1    28
  1.2685144468009472E+01 a      1469     0    49     1    29
 -8.8864696868245563E+00 a      1470     0    49     1    30
 -1.9471062731895026E+00 a      1471     0    50     1     1
 -1.0803468445122949E+01 a      1472     0    50     1     2
  8.7080229672596108E+00 a      1473     0    50     1     3
 -7.7692984806214485E+00 a      1474     0    50     1     4
 -4.0536676692923423E+00 a      1475     0    50     1     5
  9.8063303158857895E+00 a      1476     0    50     1     6
 -4.9956663355992212E+00 a      1477     0    50     1     7
  5.5888707437408041E+00 a      1478     0    50     1     8
  8.4717272008177202E-01 a      1479     0    50     1     9
  1.0034370040373954E+00 a      1480     0    50     1    10
 -1.1693033910614995E+01 a      1481     0    50     1    11
 -1.1813825409622204E+01 a      1482     0    50     1    12
  2.7311779034732919E+00 a      1483     0    50     1    13
  2.5332339850958241E+00 a      1484     0    50     1    14
  3.8644495934815515E+00 a      1485     0    50     1    15
  2.6465191440991314E+00 a      1486     0    50     1    16
  6.3793930170350528E+00 a      1487     0    50     1    17
 -4.7107738060513125E+00 a      1488     0    50     1    18
  1.1025184168850617E+00 a      1489     0    50     1    19
 -2.7694324990024879E+00 a      1490     0    50     1    20
 -1.3578715798018132E-01 a      1491     0    50     1    21
  2.2168751524142154E+00 a      1492     0    50     1    22
  7.7410518500453684E-01 a      1493     0    50     1    23
 -3.2669817004931190E+00 a      1494     0    50     1    24
 -7.6586802667833469E+00 a      1495     0    50     1    25
 -6.9734125926807184E+00 a      1496     0    50     1    26
  1.3077996436917758E+01 a      1497     0    50     1    27
  9.0791672791170814E+00 a      1498     0    50     1    28
  2.6791240351372707E+00 a      1499     0    50     1    29
 -4.3020510663061096E+00 a      1500     0    50     1    30
 -1.0776244894590821E+01 a      1501     0    51     1     1
 -4.6133485068517688E+00 a      1502     0    51     1     2
  6.2822946438136027E+00 a      1503     0    51     1     3
 -1.6810273456305644E+00 a      1504     0    51     1     4
 -1.2233421163860131E+01 a      1505     0    51     1     5
 -3.4854938522459111E+00 a      1506     0    51     1     6
 -8.0931281750191388E+00 a      1507     0    51     1     7
  5.6729245628506941E+00 a      1508     0    51     1     8
 -2.6369223469914647E+00 a      1509     0    51     1     9
 -1.3097758968658180E+01 a      1510     0    51     1    10
 -3.4380626033087438E+00 a      1511     0    51     1    11
 -1.6986050631785446E+01 a      1512     0    51     1    12
 -6.3904667516233351E+00 a      1513     0    51     1    13
  6.1447736198459628E+00 a      1514     0    51     1    14
 -4.5584112630228413E+00 a      1515     0    51     1    15
 -7.4555535877416519E+00 a      1516     0    51     1    16
 -8.5931577479001895E+00 a      1517     0    51     1    17
 -8.6047509160543694E+00 a      1518     0    51     1    18
  1.3054482342679410E+00 a      1519     0    51     1    19
  1.3270635074274729E+01 a      1520     0    51     1    20
  1.5670299088795820E+01 a      1521     0    51     1    21
  3.3710158719046626E+00 a      1522     0    51     1    22
  1.2353218570194654E+01 a      1523     0    51     1    23
  1.6864325174104078E-04 a      1524     0    51     1    24
 -1.2284286752575703E+01 a      1525     0    51     1    25
 -2.6695829401271114E+00 a      1526     0    51     1    26
  1.3060501214880212E+01 a      1527     0    51     1    27
 -1.0836261129095417E+00 a      1528     0    51     1    28
 -2.5524715637256334E+00 a      1529     0    51     1    29
  8.0081668823212464E+00 a      1530     0    51     1    30
 -1.1689033007192972E+01 a      1531     0    52     1     1
 -2.0818965345642720E+01 a      1532     0    52     1     2
 -2.1843410576322196E+01 a      1533     0    52     1     3
 -3.8402925460418742E+00 a      1534     0    52     1     4
  1.9580016025973933E+01 a      1535     0    52     1     5
 -5.4432675501858863E-01 a      1536     0    52     1     6
 -8.5215981744041325E-01 a      1537     0    52     1     7
 -1.2099470118475995E+01 a      1538     0    52     1     8
  2.0157780650974781E+00 a      1539     0    52     1     9
  2.2929643478491062E+01 a      1540     0    52     1    10
  2.5293119803272042E+01 a      1541     0    52     1    11
  1.5645338156555368E+01 a      1542     0    52     1    12
  7.2245531435040853E+00 a      1543     0    52     1    13
 -9.9196336024199372E+00 a      1544     0    52     1    14
  1.2504375820496602E+01 a      1545     0    52     1    15
  6.9051238525547669E+00 a      1546     0    52     1    16
  2.2717699137053497E+01 a      1547     0    52     1    17
 -1.1677629139010866E+01 a      1548     0    52     1    18
 -2.2007412306016612E+01 a      1549     0    52     1    19
 -5.5328908610252103E+00 a      1550     0    52     1    20
 -1.2874569905785908E+01 a      1551     0    52     1    21
 -2.3042548374667988E+00 a      1552     0    52     1    22
 -1.8884583427191831E+01 a      1553     0    52     1    23
  5.1223391693823102E+00 a      1554     0    52     1    24
  1.3544320053374042E+01 a      1555     0    52     1    25
  4.6345244756942945E+00 a      1556     0    52     1    26
 -2.4765145376238355E+01 a      1557     0    52     1    27
 -1.1801278866027477E+01 a      1558     0    52     1    28
  4.7817176818804397E+00 a      1559     0    52     1    29
 -5.8035998664684536E+00 a      1560     0    52     1    30
  1.9222699736477509E+01 a      1561     0    53     1     1
  6.2692755557353781E+00 a      1562     0    53     1     2
  5.9459133542547322E+00 a      1563     0    53     1     3
  1.1312857138527175E+00 a      1564     0    53     1     4
 -1.7926373080234544E+01 a      1565     0    53     1     5
 -5.1027457570012364E+00 a      1566     0    53     1     6
  1.0314973247222056E+01 a      1567     0    53     1     7
  9.2129811485294155E+00 a      1568     0    53     1     8
 -9.8649934360760794E-01 a      1569     0    53     1     9
  7.0302496046560412E+00 a      1570     0    53     1    10
 -8.8905807992257024E+00 a      1571     0    53     1    11
 -1.1044973608694496E+01 a      1572     0    53     1    12
 -3.2241824111111228E+01 a      1573     0    53     1    13
  8.7752811347119442E-01 a      1574     0    53     1    14
  5.0646827098254015E+00 a      1575     0    53     1    15
  1.2119030814196044E+01 a      1576     0    53     1    16
 -8.8599714516778523E+00 a      1577     0    53     1    17
  3.2547066909976413E-01 a      1578     0    53     1    18
  1.0008526087915229E+01 a      1579     0    53     1    19
  7.7246052751592165E-01 a      1580     0    53     1    20
 -1.5295682045081647E+00 a      1581     0    53     1    21
  2.1505037204792710E+00 a      1582     0    53     1    22
  4.0678537560537578E+00 a      1583     0    53     1    23
  7.8849217600482335E+00 a      1584     0    53     1    24
  1.9885805979586215E+00 a      1585     0    53     1    25
 -6.7594214254062757E-02 a      1586     0    53     1    26
 -1.1751639997471949E+01 a      1587     0    53     1    27
 -1.2500872861495335E+01 a      1588     0    53     1    28
 -1.6977100748099449E+01 a      1589     0    53     1    29
  6.2447646911298786E+00 a      1590     0    53     1    30
 -4.7595546772003043E+00 a      1591     0    54     1     1
  1.0765836624190920E+01 a      1592     0    54     1     2
 -2.2978716103648200E+01 a      1593     0    54     1     3
  1.2128449446575318E+00 a      1594     0    54     1     4
  1.1265099495284371E+01 a      1595     0    54     1     5
  1.0671837496488028E+01 a      1596     0    54     1     6
  1.1697191311385712E+01 a      1597     0    54     1     7
 -8.8463042523122901E+00 a      1598     0    54     1     8
 -8.6460670316837227E+00 a      1599     0    54     1     9
  8.0564232996026828E+00 a      1600     0    54     1    10
  9.8694850146603201E+00 a      1601     0    54     1    11
  5.9447613866056184E+00 a      1602     0    54     1    12
 -1.5658966172293722E+01 a      1603     0    54     1    13
  8.5561719501857496E+00 a      1604     0    54     1    14
 -4.2165477349276088E+00 a      1605     0    54     1    15
  4.6488734398977416E-01 a      1606     0    54     1    16
  1.0502289428634899E+01 a      1607     0    54     1    17
  3.0320957769800820E+00 a      1608     0    54     1    18
 -2.2721204513152902E+01 a      1609     0    54     1    19
  1.1289472892462163E+01 a      1610     0    54     1    20
  1.4326022812376065E+01 a      1611     0    54     1    21
  1.9300283530093111E+01 a      1612     0    54     1    22
 -7.2577483964094354E+00 a      1613     0    54     1    23
 -3.8273142876277642E+00 a      1614     0    54     1    24
  3.2416259694199576E+00 a      1615     0    54     1    25
  1.0380778819856424E+01 a      1616     0    54     1    26
 -1.4968790562493545E-01 a      1617     0    54     1    27
  5.0683060000863138E+00 a      1618     0    54     1    28
 -1.7381884937007197E+00 a      1619     0    54     1    29
  1.1154792410797821E+01 a      1620     0    54     1    30
  5.2051127933292882E+00 a      1621     0    55     1     1
  5.1423763114234369E+00 a      1622     0    55     1     2
 -4.2109484157150696E+00 a      1623     0    55     1     3
  1.0511787924558417E+01 a      1624     0    55     1     4
  5.5714735888936646E+00 a      1625     0    55     1     5
  6.6982817706222941E-01 a      1626     0    55     1     6
  1.1407628139845047E+01 a      1627     0    55     1     7
  6.8463308491092789E+00 a      1628     0    55     1     8
 -4.3458854947515775E+00 a      1629     0    55     1     9
  8.0767715113325700E+00 a      1630     0    55     1    10
 -1.8002941096018134E+01 a      1631     0    55     1    11
  1.2982431175101510E+00 a      1632     0    55     1    12
  9.4228404789676024E+00 a      1633     0    55     1    13
  9.2648334980336013E+00 a      1634     0    55     1    14
  1.1190559065847969E+01 a      1635     0    55     1    15
  1.3135362157516217E+00 a      1636     0    55     1    16
  7.9602187650914813E-01 a      1637     0    55     1    17
  9.7715342828450975E+00 a      1638     0    55     1    18
 -5.1162423627397180E+00 a      1639     0    55     1    19
  1.3683347865235573E+01 a      1640     0    55     1    20
  2.3446682849079867E+01 a      1641     0    55     1    21
 -5.6152228057435222E-02 a      1642     0    55     1    22
 -9.7050888199500438E+00 a      1643     0    55     1    23
  2.2124234358910183E+01 a      1644     0    55     1    24
  3.4215929311815358E+00 a      1645     0    55     1    25
  2.5121466623315492E+00 a      1646     0    55     1    26
  1.4037459688590172E+01 a      1647     0    55     1    27
  9.3918982342575426E+00 a      1648     0    55     1    28
 -1.1922494917664951E+01 a      1649     0    55     1    29
 -3.2886740004689532E+00 a      1650     0    55     1    30
  1.4985330154639826E+01 a      1651     0    56     1     1
  3.1138589163691950E+01 a      1652     0    56     1     2
  1.5136256065019305E-01 a      1653     0    56     1     3
  4.3628233889454631E+00 a      1654     0    56     1     4
 -1.8177352175969109E+01 a      1655     0    56     1     5
 -1.6616577507117274E+01 a      1656     0    56     1     6
  1.2407687758290445E+01 a      1657     0    56     1     7
  1.5087843133826729E+01 a      1658     0    56     1     8
  1.3150089219812230E+01 a      1659     0    56     1     9
 -1.9412967290830171E+01 a      1660     0    56     1    10
 -1.9082559630604106E+01 a      1661     0    56     1    11
 -2.4872457762533774E+01 a      1662     0    56     1    12
 -1.0739160329419816E+01 a      1663     0    56     1    13
  2.3171827435712267E+01 a      1664     0    56     1    14
 -9.1860600733897595E+00 a      1665     0    56     1    15
  2.2696227708607841E+00 a      1666     0    56     1    16
 -1.3499319041543989E+01 a      1667     0    56     1    17
  4.4172665468981487E+00 a      1668     0    56     1    18
  1.2095168581411261E+01 a      1669     0    56     1    19
  1.4581172860556654E+01 a      1670     0    56     1    20
  2.8574793696174414E+01 a      1671     0    56     1    21
  8.3208787874555157E-01 a      1672     0    56     1    22
  7.4226902515747071E+00 a      1673     0    56     1    23
 -1.6252416080751541E+01 a      1674     0    56     1    24
  2.5142485348070340E+00 a      1675     0    56     1    25
 -7.3475486999531672E+00 a      1676     0    56     1    26
  1.1928183010237438E+01 a      1677     0    56     1    27
  1.1103778551582755E+01 a      1678     0    56     1    28
 -2.0915941065120208E+01 a      1679     0    56     1    29
  9.4976294727083559E+00 a      1680     0    56     1    30
 -2.8956622826368066E+00 a      1681     0    57     1     1
 -1.3442082051440769E+01 a      1682     0    57     1     2
  3.6298667142616470E+00 a      1683     0    57     1     3
  5.3483761728410983E-01 a      1684     0    57     1     4
  1.1625332430528704E+01 a      1685     0    57     1     5
  1.0795399281933935E+01 a      1686     0    57     1     6
 -8.5904001436049153E+00 a      1687     0    57     1     7
 -1.0671365109047843E+01 a      1688     0    57     1     8
 -3.1436817729618518E+00 a      1689     0    57     1     9
  1.1227375929807089E+01 a      1690     0    57     1    10
  1.5079637833213857E+01 a      1691     0    57     1    11
  2.5350822338254606E+01 a      1692     0    57     1    12
  7.9718298710318010E+00 a      1693     0    57     1    13
 -1.9458726821642166E+01 a      1694     0    57     1    14
  1.2209051146240637E+00 a      1695     0    57     1    15
 -3.1898152430492583E+00 a      1696     0    57     1    16
 -5.3516260726942200E-01 a      1697     0    57     1    17
  2.4640071093643279E+00 a      1698     0    57     1    18
  1.0072976032098317E+01 a      1699     0    57     1    19
 -2.6879017800602305E+01 a      1700     0    57     1    20
 -3.4204055845049609E+01 a      1701     0    57     1    21
 -2.8952214495051636E+00 a      1702     0    57     1    22
  3.7918653688664148E+00 a      1703     0    57     1    23
 -2.2105408486208584E+00 a      1704     0    57     1    24
  8.7743245552877447E+00 a      1705     0    57     1    25
  6.2463628754047047E+00 a      1706     0    57     1    26
 -1.7873565881967501E+01 a      1707     0    57     1    27
  1.0310548444332226E+00 a      1708     0    57     1    28
  1.5681551811423926E+01 a      1709     0    57     1    29
 -1.1326188901409763E+01 a      1710     0    57     1    30
 -1.3758148675373798E+01 a      1711     0    58     1     1
 -1.2082483902113750E+00 a      1712     0    58     1     2
  3.3944629542904288E+01 a      1713     0    58     1     3
  2.4376257433181710E+01 a      1714     0    58     1     4
  2.5901289279670636E+00 a      1715     0    58     1     5
  7.9081184090835110E+00 a      1716     0    58     1     6
  9.3266823815260391E+00 a      1717     0    58     1     7
 -1.4211049019357322E+01 a      1718     0    58     1     8
  7.4082586915676885E+00 a      1719     0    58     1     9
 -1.1174188145960047E+01 a      1720     0    58     1    10
  1.6566594809343215E+01 a      1721     0    58     1    11
 -1.4925636804539903E+00 a      1722     0    58     1    12
  6.5149428978186222E+01 a      1723     0    58     1    13
 -1.5096290314713983E+01 a      1724     0    58     1    14
  1.0880237141740909E+00 a      1725     0    58     1    15
 -7.4510593532539939E+00 a      1726     0    58     1    16
  1.2020492574074030E+01 a      1727     0    58     1    17
  1.4813020826802298E+01 a      1728     0    58     1    18
 -1.7927024049389826E+00 a      1729     0    58     1    19
 -2.8256803114823629E+01 a      1730     0    58     1    20
 -3.2796698787361919E+01 a      1731     0    58     1    21
 -1.1094199814782488E+01 a      1732     0    58     1    22
 -9.2755468290616481E+00 a      1733     0    58     1    23
 -1.2147919004366875E+01 a      1734     0    58     1    24
  1.4329270997183437E+01 a      1735     0    58     1    25
 -1.6535033441843968E+01 a      1736     0    58     1    26
 -2.9966198623190285E+00 a      1737     0    58     1    27
  5.5064982288330331E+00 a      1738     0    58     1    28
  2.3037889783402945E+00 a      1739     0    58     1    29
 -6.5511281483132384E+00 a      1740     0    58     1    30
 -1.3395965874090578E+01 a      1741     0    59     1     1
 -6.6110903419516562E+00 a      1742     0    59     1     2
 -2.5456304506183027E+01 a      1743     0    59     1     3
 -5.1404249880940585E+00 a      1744     0    59     1     4
  1.2496171510681881E+01 a      1745     0    59     1     5
 -1.1746211088590022E+00 a      1746     0    59     1     6
 -8.5329667200487176E+00 a      1747     0    59     1     7
  7.1419947458029487E+00 a      1748     0    59     1     8
 -5.9778371875506799E+00 a      1749     0    59     1     9
  1.5149069128766273E+00 a      1750     0    59     1    10
 -5.4973854077914259E+00 a      1751     0    59     1    11
  1.1931284135214481E+01 a      1752     0    59     1    12
 -6.7393903575494170E+00 a      1753     0    59     1    13
  7.5990964891200594E+00 a      1754     0    59     1    14
 -1.4838826568450516E+01 a      1755     0    59     1    15
 -9.8020241587833929E+00 a      1756     0    59     1    16
  1.6658519807202832E+00 a      1757     0    59     1    17
 -4.9848337289552873E+00 a      1758     0    59     1    18
 -4.3628716104965237E+00 a      1759     0    59     1    19
  8.8620608692958136E+00 a      1760     0    59     1    20
  1.7400338722970275E+01 a      1761     0    59     1    21
 -2.9199117206396421E+00 a      1762     0    59     1    22
 -3.6731936674176775E+00 a      1763     0    59     1    23
  5.3629782184667389E+00 a      1764     0    59     1    24
 -9.0843298881949028E+00 a      1765     0    59     1    25
  4.1081306295654025E+00 a      1766     0    59     1    26
  8.3638190217620867E+00 a      1767     0    59     1    27
  1.7505322746573196E+01 a      1768     0    59     1    28
  1.2432019709500677E+01 a      1769     0    59     1    29
 -3.3016216520647408E+00 a      1770     0    59     1    30
 -6.8521730532507252E+00 a      1771     0    60     1     1
 -3.3528261148644103E+00 a      1772     0    60     1     2
 -6.2132977120335902E+00 a      1773     0    60     1     3
  7.2428659333608154E+00 a      1774     0    60     1     4
 -2.0866378283479779E+01 a      1775     0    60     1     5
 -1.7108498661561654E+01 a      1776     0    60     1     6
 -1.0948145943502320E+01 a      1777     0    60     1     7
 -3.3010056126288867E+00 a      1778     0    60     1     8
 -3.3330384161931570E+00 a      1779     0    60     1     9
  4.1484535824108404E+00 a      1780     0    60     1    10
 -1.6327331359612385E+00 a      1781     0    60     1    11
  1.0967111593261617E+01 a      1782     0    60     1    12
  1.3803332483086894E+01 a      1783     0    60     1    13
 -5.2401553807040999E+00 a      1784     0    60     1    14
 -7.4776236895534014E+00 a      1785     0    60     1    15
 -6.8932232893550331E+00 a      1786     0    60     1    16
 -1.0781776964105770E+01 a      1787     0    60     1    17
 -6.6749980266131947E-01 a      1788     0    60     1    18
  2.6714003884772698E+01 a      1789     0    60     1    19
 -4.7663804782461003E+00 a      1790     0    60     1    20
 -1.8062362772405354E+01 a      1791     0    60     1    21
 -1.1619660738910113E+01 a      1792     0    60     1    22
  8.2695876869726774E+00 a      1793     0    60     1    23
 -8.1372716546778321E+00 a      1794     0    60     1    24
 -5.4014469217823835E-01 a      1795     0    60     1    25
 -4.2952235230351068E+00 a      1796     0    60     1    26
 -8.4667342798359524E+00 a      1797     0    60     1    27
  2.9445458223095655E+00 a      1798     0    60     1    28
  2.0242496802304348E+00 a      1799     0    60     1    29
 -1.4185514574208426E+01 a      1800     0    60     1    30
  3.9806871620945003E+01 a      1801     0    61     1     1
 -6.2645898101221746E+00 a      1802     0    61     1     2
 -1.6609363996520877E+01 a      1803     0    61     1     3
 -3.8789378338408717E+01 a      1804     0    61     1     4
  7.6200710962248097E+00 a      1805     0    61     1     5
 -1.3293865612987137E+01 a      1806     0    61     1     6
 -1.2566041332918271E+01 a      1807     0    61     1     7
  1.6794665747131333E+01 a      1808     0    61     1     8
  1.6201430066042082E+01 a      1809     0    61     1     9
  5.8518692248783672E+00 a      1810     0    61     1    10
 -2.2386570609530754E+01 a      1811     0    61     1    11
 -1.7226444866143417E+01 a      1812     0    61     1    12
 -6.0142545162209679E+01 a      1813     0    61     1    13
  1.5756385699774297E+01 a      1814     0    61     1    14
  2.6042408957802316E+01 a      1815     0    61     1    15
  1.1666220055808692E+01 a      1816     0    61     1    16
 -4.7062774987086318E+00 a      1817     0    61     1    17
 -7.7149864479016710E+00 a      1818     0    61     1    18
  1.3088475728924687E+01 a      1819     0    61     1    19
  2.3890547332976183E+01 a      1820     0    61     1    20
  6.2348283550043870E+00 a      1821     0    61     1    21
  4.5270144668621528E+00 a      1822     0    61     1    22
  1.1087078135521642E+01 a      1823     0    61     1    23
  1.6985418100742269E+01 a      1824     0    61     1    24
 -1.8125827865482791E+00 a      1825     0    61     1    25
  8.5303113354830629E+00 a      1826     0    61     1    26
  4.4220095233895664E+00 a      1827     0    61     1    27
 -2.8432555581537152E+01 a      1828     0    61     1    28
 -1.0943515839663233E+01 a      1829     0    61     1    29
 -1.2376599575709309E-01 a      1830     0    61     1    30
 -1.4804542753958774E+01 a      1831     0    62     1     1
 -2.8907636107653039E+00 a      1832     0    62     1     2
  1.1550252037852919E+01 a      1833     0    62     1     3
 -2.1022910945984471E+01 a      1834     0    62     1     4
 -1.3481015776292724E+01 a      1835     0    62     1     5
 -5.2767634952077804E+00 a      1836     0    62     1     6
 -1.1916910345278440E+01 a      1837     0    62     1     7
 -3.9977261935755051E+00 a      1838     0    62     1     8
  7.4153476118755925E+00 a      1839     0    62     1     9
 -9.9808815329052347E+00 a      1840     0    62     1    10
  2.5920078582960016E+01 a      1841     0    62     1    11
 -1.3727669758896024E+01 a      1842     0    62     1    12
 -5.0494899399126076E+00 a      1843     0    62     1    13
 -1.4140337507319680E+01 a      1844     0    62     1    14
 -2.1056217434127365E+01 a      1845     0    62     1    15
  7.3049964745519134E+00 a      1846     0    62     1    16
 -4.2542095813362746E+00 a      1847     0    62     1    17
 -1.0970581217734948E+01 a      1848     0    62     1    18
 -2.6520729423223854E+00 a      1849     0    62     1    19
 -2.0007445814514995E+00 a      1850     0    62     1    20
 -1.3535549505175190E+01 a      1851     0    62     1    21
 -1.4995744616249407E+00 a      1852     0    62     1    22
  8.3270695903801784E+00 a      1853     0    62     1    23
 -3.0628491958966240E+01 a      1854     0    62     1    24
 -8.2714483624856374E+00 a      1855     0    62     1    25
 -8.8087768002149289E+00 a      1856     0    62     1    26
 -3.6556616690137558E+00 a      1857     0    62     1    27
 -1.1836455263851631E+01 a      1858     0    62     1    28
  2.2744650017134376E+01 a      1859     0    62     1    29
  8.6132970586053705E+00 a      1860     0    62     1    30
  3.6826217617279808E+00 a      1861     0    63     1     1
  1.1571605562310685E+00 a      1862     0    63     1     2
  4.0026748338677240E+00 a      1863     0    63     1     3
  1.8733536142860768E+01 a      1864     0    63     1     4
 -3.8250614642253389E-01 a      1865     0    63     1     5
 -3.2438159254143206E-01 a      1866     0    63     1     6
  2.2504555558407202E+00 a      1867     0    63     1     7
 -1.2800677804004086E+00 a      1868     0    63     1     8
  8.9098390895163462E+00 a      1869     0    63     1     9
 -4.3255084517569582E+00 a      1870     0    63     1    10
  9.9171699472481989E-01 a      1871     0    63     1    11
  2.9668141900251159E+00 a      1872     0    63     1    12
 -2.7114693871905953E+00 a      1873     0    63     1    13
 -9.4833972332323047E-01 a      1874     0    63     1    14
  1.1543029616513211E+01 a      1875     0    63     1    15
  2.3871555827438757E+00 a      1876     0    63     1    16
 -8.9467579184489820E-01 a      1877     0    63     1    17
  4.6432603491518676E-01 a      1878     0    63     1    18
 -8.9606381113132194E-01 a      1879     0    63     1    19
  6.0086649553407350E+00 a      1880     0    63     1    20
 -3.3887122309204383E+00 a      1881     0    63     1    21
  6.3747906159207668E+00 a      1882     0    63     1    22
 -1.2962451662153045E+00 a      1883     0    63     1    23
  7.0694667819930931E-02 a      1884     0    63     1    24
  5.1693322584889589E-01 a      1885     0    63     1    25
 -2.3496240408686236E-01 a      1886     0    63     1    26
 -3.2393676113222960E+00 a      1887     0    63     1    27
  1.9279523667958274E+00 a      1888     0    63     1    28
 -2.5605063929234040E-01 a      1889     0    63     1    29
  1.0702046972776515E+01 a      1890     0    63     1    30
 -2.3954186890073810E+01 a      1891     0    64     1     1
 -6.3702064633331794E+00 a      1892     0    64     1     2
 -1.3957711522079783E+00 a      1893     0    64     1     3
  1.2606436797650170E+01 a      1894     0    64     1     4
 -1.3982105368811476E+01 a      1895     0    64     1     5
 -1.7625904644399640E+01 a      1896     0    64     1     6
  3.0803969635947510E+00 a      1897     0    64     1     7
  6.4626602042188175E-01 a      1898     0    64     1     8
  3.4099403779064703E+00 a      1899     0    64     1     9
 -1.2488411762374268E+01 a      1900     0    64     1    10
 -4.2754122573666198E+00 a      1901     0    64     1    11
 -6.9415153145478961E+00 a      1902     0    64     1    12
 -2.4563168088692513E+00 a      1903     0    64     1    13
 -9.3317737915328181E+00 a      1904     0    64     1    14
  1.4254556891778943E+01 a      1905     0    64     1    15
  1.7196764599681536E+01 a      1906     0    64     1    16
  1.7042385548767677E-01 a      1907     0    64     1    17
 -2.7698335075566147E+00 a      1908     0    64     1    18
 -9.5054569871430672E-01 a      1909     0    64     1    19
 -3.1955766934787508E+00 a      1910     0    64     1    20
 -5.9700522936428824E+00 a      1911     0    64     1    21
  7.9465910733802971E+00 a      1912     0    64     1    22
  8.8906788434504715E+00 a      1913     0    64     1    23
 -5.2154274005284673E+00 a      1914     0    64     1    24
  9.4102637644487652E-01 a      1915     0    64     1    25
  1.8234772106032124E-01 a      1916     0    64     1    26
 -2.3230493806800196E+00 a      1917     0    64     1    27
  6.8621670363754070E+00 a      1918     0    64     1    28
 -7.2588032228081110E+00 a      1919     0    64     1    29
  7.8989321122820968E+00 a      1920     0    64     1    30
 -2.0768923905013670E-01 b      1921     1     1
  1.2391356893364252E+00 b      1922     1     2
 -1.7963106796246591E+00 b      1923     1     3
 -2.2770239551433731E+00 b      1924     1     4
 -1.4782619342453793E+00 b      1925     1     5
 -3.8343912782470885E-01 b      1926     1     6
 -3.0942615675744616E+00 b      1927     1     7
 -2.3252151205725489E+00 b      1928     1     8
  3.3507277291222798E-01 b      1929     1     9
  1.1486956657282215E+00 b      1930     1    10
  2.4944400693436164E-01 b      1931     1    11
  1.1472322713146098E-01 b      1932     1    12
 -5.1160407187021795E-01 b      1933     1    13
 -8.9983525255718044E-01 b      1934     1    14
 -1.0490818589751549E+00 b      1935     1    15
 -2.3858487769698393E+00 b      1936     1    16
 -5.4353151078235828E-01 b      1937     1    17
  1.7108930080661731E+00 b      1938     1    18
 -1.4765035216326301E+00 b      1939     1    19
 -1.9264896169946242E+00 b      1940     1    20
 -5.9362792405894105E-01 b      1941     1    21
 -4.0898122199796756E+00 b      1942     1    22
 -1.8965092926762704E-02 b      1943     1    23
 -1.9065174230573974E+00 b      1944     1    24
  1.7088800362863104E+00 b      1945     1    25
  2.9750441476643763E-01 b      1946     1    26
  6.2954427606635799E-01 b      1947     1    27
 -2.7146275428092226E+00 b      1948     1    28
 -1.0572546183842970E+00 b      1949     1    29
 -3.0114936454511780E+00 b      1950     1    30
  7.2599309223190711E-01 a      1951     1     1     2     1
 -8.3182436998823617E-01 a      1952     1     1     2     2
  1.3399982610096828E+00 a      1953     1     1     2     3
  2.8829970077124939E-01 a      1954     1     1     2     4
 -1.3911322797784165E+00 a      1955     1     1     2     5
  9.8948242824869470E-01 a      1956     1     1     2     6
 -2.3269729390731233E+00 a      1957     1     1     2     7
 -2.1205332778161128E+00 a      1958     1     1     2     8
 -2.4981999476946073E+00 a      1959     1     1     2     9
  1.3313403654572669E+00 a      1960     1     1     2    10
 -3.7150118495845259E+00 a      1961     1     1     2    11
 -1.6188686309411238E+00 a      1962     1     1     2    12
 -5.2515319757604684E-01 a      1963     1     1     2    13
  8.2477973672472982E-01 a      1964     1     1     2    14
  8.4292291984388912E-01 a      1965     1     1     2    15
 -6.5402780632053914E-01 a      1966     1     1     2    16
 -1.5789882626346481E+00 a      1967     1     1     2    17
  5.9238918625516024E-01 a      1968     1     1     2    18
  4.2459687040692584E-01 a      1969     1     1     2    19
 -1.8637975403650281E-02 a      1970     1     1     2    20
 -1.6540861551612858E+00 a      1971     1     1     2    21
  2.2586122687378025E+00 a      1972     1     1     2    22
 -1.2379451278359654E+00 a      1973     1     1     2    23
  4.5777804323439829E-02 a      1974     1     1     2    24
  4.8110669880004059E-01 a      1975     1     1     2    25
 -1.7197381786323054E-01 a      1976     1     1     2    26
 -7.0243734064916852E-01 a      1977     1     1     2    27
 -1.7836328721510591E-01 a      1978     1     1     2    28
 -6.3799205242403745E-01 a      1979     1     1     2    29
 -1.8129235721885586E+00 a      1980     1     1     2    30
 -2.0237753958331581E-01 a      1981     1     2     2     1
 -6.5362669876552493E-01 a      1982     1     2     2     2
  4.2972295627312124E-01 a      1983     1     2     2     3
  5.8425822330573718E-01 a      1984     1     2     2     4
  1.6521766443162880E+00 a      1985     1     2     2     5
  5.8950333075294947E-01 a      1986     1     2     2     6
 -2.8477513000159660E-01 a      1987     1     2     2     7
 -1.1406764780792802E+00 a      1988     1     2     2     8
 -1.4228237377675055E+00 a      1989     1     2     2     9
 -1.2939924981971713E+00 a      1990     1     2     2    10
  3.7858785453701899E-01 a      1991     1     2     2    11
  1.4722423974388865E+00 a      1992     1     2     2    12
 -2.3785564339833960E+00 a      1993     1     2     2    13
 -1.4737724898896495E-01 a      1994     1     2     2    14
  1.8881147321584160E+00 a      1995     1     2     2    15
  1.4551206817851045E-01 a      1996     1     2     2    16
  9.3313354771307344E-01 a      1997     1     2     2    17
  3.1317486828287149E-04 a      1998     1     2     2    18
 -7.5668101391301679E-01 a      1999     1     2     2    19
  8.3747243178037745E-01 a      2000     1     2     2    20
 -4.7835073243605580E-01 a      2001     1     2     2    21
 -9.9643908459483799E-01 a      2002     1     2     2    22
  1.3712167572271616E+00 a      2003     1     2     2    23
 -8.2389943406913735E-01 a      2004     1     2     2    24
 -4.5034446487495877E-01 a      2005     1     2     2    25
 -2.2522983438796107E-01 a      2006     1     2     2    26
  8.7939429168680694E-02 a      2007     1     2     2    27
 -4.5646300634339576E-01 a      2008     1     2     2    28
 -2.4188353225568608E+00 a      2009     1     2     2    29
 -8.4449571059708767E-02 a      2010     1     2     2    30
 -1.0891623456848614E+00 a      2011     1     3     2     1
  8.2802850238342640E-01 a      2012     1     3     2     2
  2.2311029731780135E-01 a      2013     1     3     2     3
 -2.2355437103458620E+00 a      2014     1     3     2     4
 -4.6976267647451070E-01 a      2015     1     3     2     5
 -5.0543768350741014E-01 a      2016     1     3     2     6
 -7.7798552885831895E-01 a      2017     1     3     2     7
 -2.8737231331572479E+00 a      2018     1     3     2     8
 -5.0252994806354823E-01 a      2019     1     3     2     9
 -3.5241659941814949E+00 a      2020     1     3     2    10
 -4.3151095368299748E+00 a      2021     1     3     2    11
 -9.0068561646039214E-01 a      2022     1     3     2    12
 -4.0292685854723526E-01 a      2023     1     3     2    13
  2.2729650000868865E-01 a      2024     1     3     2    14
 -3.3259144661412182E-01 a      2025     1     3     2    15
  2.6350008440778139E-01 a      2026     1     3     2    16
 -1.0812331137901054E+00 a      2027     1     3     2    17
  3.5936945678794702E-01 a      2028     1     3     2    18
  7.9338302266035343E-01 a      2029     1     3     2    19
 -4.1775139520523787E-02 a      2030     1     3     2    20
  5.9526949599964951E-01 a      2031     1     3     2    21
 -1.0771560725285279E+00 a      2032     1     3     2    22
 -7.8707733654702217E-01 a      2033     1     3     2    23
 -1.7554279926801943E+00 a      2034     1     3     2    24
 -6.8783912410000336E-01 a      2035     1     3     2    25
 -1.6442414998013171E+00 a      2036     1     3     2    26
 -1.2412661779380858E+00 a      2037     1     3     2    27
  1.4390274231127369E+00 a      2038     1     3     2    28
  1.4669872595485349E+00 a      2039     1     3     2    29
  1.3831263581818953E+00 a      2040     1     3     2    30
  6.5868490377545852E-01 a      2041     1     4     2     1
  5.2210280314098134E-01 a      2042     1     4     2     2
 -2.7086161528527120E+00 a      2043     1     4     2     3
  7.4719389107872358E-01 a      2044     1     4     2     4
  8.1649225244201623E-02 a      2045     1     4     2     5
  1.1779367976075006E+00 a      2046     1     4     2     6
  1.4475764915999842E+00 a      2047     1     4     2     7
  1.3456768184547727E+00 a      2048     1     4     2     8
  7.9746282912030786E-01 a      2049     1     4     2     9
 -1.0787820247275901E+00 a      2050     1     4     2    10
  4.6616294014536788E+00 a      2051     1     4     2    11
 -1.5021418398171282E-02 a      2052     1     4     2    12
  2.2484027150088925E+00 a      2053     1     4     2    13
  1.2929943758272211E+00 a      2054     1     4     2    14
  1.6932835539674680E+00 a      2055     1     4     2    15
 -1.5573258188040049E+00 a      2056     1     4     2    16
  1.5789561087702348E+00 a      2057     1     4     2    17
 -1.4165783306104746E-01 a      2058     1     4     2    18
 -2.3669962250124730E+00 a      2059     1     4     2    19
 -4.6653862063606566E-01 a      2060     1     4     2    20
  3.0433956594183653E-01 a      2061     1     4     2    21
 -8.2035945717883518E-01 a      2062     1     4     2    22
  1.3229672203766438E+00 a      2063     1     4     2    23
 -1.4653814364299800E+00 a      2064     1     4     2    24
 -2.1118974203865193E+00 a      2065     1     4     2    25
 -4.3490620671667657E-01 a      2066     1     4     2    26
 -1.0404097449060576E+00 a      2067     1     4     2    27
  3.7588757579891113E-01 a      2068     1     4     2    28
  2.8681980274330954E+00 a      2069     1     4     2    29
 -1.5915717834033899E-01 a      2070     1     4     2    30
  8.2546735457022791E-01 a      2071     1     5     2     1
  1.0615751157263740E+00 a      2072     1     5     2     2
  3.9283359334534906E+00 a      2073     1     5     2     3
  2.4107053046250924E+00 a      2074     1     5     2     4
  8.2134052272305003E-01 a      2075     1     5     2     5
 -5.0818046187274912E-01 a      2076     1     5     2     6
 -1.1409317008455637E+00 a      2077     1     5     2     7
 -3.2048514255632415E-01 a      2078     1     5     2     8
  6.7389325202769201E-01 a      2079     1     5     2     9
 -1.6983253677412786E+00 a      2080     1     5     2    10
 -9.3585470969388025E-03 a      2081     1     5     2    11
 -3.8246008298313211E-01 a      2082     1     5     2    12
 -5.8665702492524785E-01 a      2083     1     5     2    13
  1.9141876494863808E-01 a      2084     1     5     2    14
  5.6105343747273506E-01 a      2085     1     5     2    15
  7.9883340314240403E-01 a      2086     1     5     2    16
  1.8941485779565306E+00 a      2087     1     5     2    17
 -6.3501224998909500E-01 a      2088     1     5     2    18
 -1.7341158432253101E+00 a      2089     1     5     2    19
  1.3962692915557966E+00 a      2090     1     5     2    20
 -5.0064294316582991E-01 a      2091     1     5     2    21
  1.7625051886290930E+00 a      2092     1     5     2    22
  1.3805161437756401E+00 a      2093     1     5     2    23
  1.1525570005192498E+00 a      2094     1     5     2    24
  7.0174721098445925E-01 a      2095     1     5     2    25
 -2.7801283743161648E-01 a      2096     1     5     2    26
 -9.3114178349367305E-02 a      2097     1     5     2    27
 -3.6013969748726865E-01 a      2098     1     5     2    28
 -1.1164512430431327E-01 a      2099     1     5     2    29
 -3.6236663657734575E-01 a      2100     1     5     2    30
  1.3230037858484331E+00 a      2101     1     6     2     1
  1.8962329762258365E+00 a      2102     1     6     2     2
 -1.8940443080368738E+00 a      2103     1     6     2     3
 -2.7019427465129811E+00 a      2104     1     6     2     4
 -1.5620384110037695E+00 a      2105     1     6     2     5
 -5.6736924890410445E-01 a      2106     1     6     2     6
  3.0796118111820214E+00 a      2107     1     6     2     7
 -7.6667681308574454E-01 a      2108     1     6     2     8
 -1.5033048784041343E+00 a      2109     1     6     2     9
 -1.1588480314456215E+00 a      2110     1     6     2    10
  1.2648965085722359E+00 a      2111     1     6     2    11
 -4.2606049083762876E-01 a      2112     1     6     2    12
 -5.3893461324090763E-01 a      2113     1     6     2    13
 -1.8707835410673888E+00 a      2114     1     6     2    14
 -2.1950948981727398E+00 a      2115     1     6     2    15
  1.0740475804716450E-01 a      2116     1     6     2    16
  6.5217258092763863E-01 a      2117     1     6     2    17
  7.5698226271529701E-01 a      2118     1     6     2    18
  1.7191411766195866E-01 a      2119     1     6     2    19
 -1.6695191268831644E+00 a      2120     1     6     2    20
 -2.8024354616085762E-01 a      2121     1     6     2    21
  1.0991567806758571E+00 a      2122     1     6     2    22
 -7.7979209643141867E-02 a      2123     1     6     2    23
 -6.3894721916558894E-01 a      2124     1     6     2    24
 -1.2132388387796218E+00 a      2125     1     6     2    25
 -8.6976158540358994E-01 a      2126     1     6     2    26
  9.4041714223494788E-01 a      2127     1     6     2    27
  1.2571072732875601E+00 a      2128     1     6     2    28
 -2.6709289309403217E+00 a      2129     1     6     2    29
 -4.4523957560744359E-01 a      2130     1     6     2    30
 -5.9635225857201102E-01 a      2131     1     7     2     1
  8.7891628976473113E-01 a      2132     1     7     2     2
 -2.7949210626583143E-01 a      2133     1     7     2     3
  2.3105946628868850E+00 a      2134     1     7     2     4
  7.3402023064934555E-02 a      2135     1     7     2     5
  1.7168834946969164E-01 a      2136     1     7     2     6
 -1.0577851142186911E+00 a      2137     1     7     2     7
 -8.4816380242562128E-01 a      2138     1     7     2     8
 -2.8435157342914152E-01 a      2139     1     7     2     9
 -8.4066518994384387E-01 a      2140     1     7     2    10
 -1.1616384777852087E+00 a      2141     1     7     2    11
  2.3934172161258024E-01 a      2142     1     7     2    12
 -4.6988034138456058E-01 a      2143     1     7     2    13
 -7.4460550612107068E-01 a      2144     1     7     2    14
  7.6560827151679467E-01 a      2145     1     7     2    15
  1.4003106889158767E-01 a      2146     1     7     2    16
 -3.5307534382436678E-01 a      2147     1     7     2    17
  2.0571906406216545E-01 a      2148     1     7     2    18
 -6.8538677164160666E-01 a      2149     1     7     2    19
 -1.1288947267816289E-03 a      2150     1     7     2    20
  8.8208832413633462E-02 a      2151     1     7     2    21
  1.9997347130059242E+00 a      2152     1     7     2    22
 -8.3539376132910592E-01 a      2153     1     7     2    23
  1.3694136416707994E+00 a      2154     1     7     2    24
  5.6513863492825367E-01 a      2155     1     7     2    25
  2.9454386790137255E-01 a      2156     1     7     2    26
  1.2399576212223755E+00 a      2157     1     7     2    27
 -5.2208550540192122E-01 a      2158     1     7     2    28
 -3.0002849933142745E-01 a      2159     1     7     2    29
 -3.4277592764591797E-01 a      2160     1     7     2    30
 -2.6313005635958344E+00 a      2161     1     8     2     1
 -4.8707794747352828E-01 a      2162     1     8     2     2
 -2.3200885286387907E+00 a      2163     1     8     2     3
 -8.6734956381510386E-01 a      2164     1     8     2     4
  4.4538510327190334E-01 a      2165     1     8     2     5
 -3.9947632981818257E+00 a      2166     1     8     2     6
 -8.3832273645573796E-01 a      2167     1     8     2     7
  5.7543593592597853E-01 a      2168     1     8     2     8
 -1.1810552299409294E+00 a      2169     1     8     2     9
 -1.8059027792730296E-02 a      2170     1     8     2    10
  3.1003267303480926E+00 a      2171     1     8     2    11
  1.3360344208694868E+00 a      2172     1     8     2    12
 -9.2787853376499718E-01 a      2173     1     8     2    13
 -2.1421987378296692E-01 a      2174     1     8     2    14
  4.0913849457973328E-01 a      2175     1     8     2    15
  4.0043002650845377E-01 a      2176     1     8     2    16
 -6.2734831101296973E-01 a      2177     1     8     2    17
  5.8284207678404465E-01 a      2178     1     8     2    18
 -1.3083304100851236E+00 a      2179     1     8     2    19
  1.1070663581724063E-01 a      2180     1     8     2    20
  3.0062756184610789E-01 a      2181     1     8     2    21
 -1.5004970931795445E+00 a      2182     1     8     2    22
 -1.7309282853911863E+00 a      2183     1     8     2    23
 -6.6108938694941632E-01 a      2184     1     8     2    24
  9.5754599857672107E-01 a      2185     1     8     2    25
  7.0106192677549151E-01 a      2186     1     8     2    26
 -1.1580184889816130E+00 a      2187     1     8     2    27
 -2.4951137361723439E+00 a      2188     1     8     2    28
  5.7817309817044338E-01 a      2189     1     8     2    29
 -3.3884499513624711E-01 a      2190     1     8     2    30
  1.0753727893665905E+00 a      2191     1     9     2     1
  8.1638996916950957E-01 a      2192     1     9     2     2
 -1.1587246368934063E+00 a      2193     1     9     2     3
  2.8011082640550744E-01 a      2194     1     9     2     4
 -1.8923582552198118E-01 a      2195     1     9     2     5
  1.2961325698676225E+00 a      2196     1     9     2     6
 -1.4151692929838315E+00 a      2197     1     9     2     7
 -1.5316645177901111E+00 a      2198     1     9     2     8
  1.1946705358500126E-01 a      2199     1     9     2     9
  6.6717462116510984E-01 a      2200     1     9     2    10
 -3.2525036757628909E+00 a      2201     1     9     2    11
  5.4115751786163901E-01 a      2202     1     9     2    12
  2.1006220818655561E+00 a      2203     1     9     2    13
 -1.7284023629512058E-01 a      2204     1     9     2    14
 -6.5611817012110740E-01 a      2205     1     9     2    15
 -1.3019515257863115E+00 a      2206     1     9     2    16
 -5.6457861464257419E-01 a      2207     1     9     2    17
  1.0415156263030183E-01 a      2208     1     9     2    18
  1.3270148795586754E+00 a      2209     1     9     2    19
 -2.4919230337266060E-01 a      2210     1     9     2    20
 -7.1889141019939484E-01 a      2211     1     9     2    21
 -2.9793259229461699E-01 a      2212     1     9     2    22
 -2.6971440506900402E-01 a      2213     1     9     2    23
  4.7480200905796599E-01 a      2214     1     9     2    24
  5.4036366510772316E-01 a      2215     1     9     2    25
 -7.7474119895773197E-01 a      2216     1     9     2    26
  1.5369840504152116E-01 a      2217     1     9     2    27
  8.7286025655798560E-01 a      2218     1     9     2    28
  5.0538051985946386E-01 a      2219     1     9     2    29
  9.9548081844553582E-01 a      2220     1     9     2    30
 -9.3401248165898398E-01 a      2221     1    10     2     1
  7.7333217960456579E-01 a      2222     1    10     2     2
 -3.1544816562316136E-01 a      2223     1    10     2     3
 -5.2955466986836341E-01 a      2224     1    10     2     4
  1.0169749757198336E+00 a      2225     1    10     2     5
 -1.4495233972071805E-01 a      2226     1    10     2     6
 -1.5958189716702318E+00 a      2227     1    10     2     7
 -1.1995027670421177E+00 a      2228     1    10     2     8
 -6.9369949874633108E-01 a      2229     1    10     2     9
  1.1181088583067664E+00 a      2230     1    10     2    10
  1.2381443123696791E-01 a      2231     1    10     2    11
 -9.1650592441315792E-01 a      2232     1    10     2    12
 -4.2986744414256597E+00 a      2233     1    10     2    13
 -1.7725291884835213E+00 a      2234     1    10     2    14
 -2.2225003141672941E+00 a      2235     1    10     2    15
  5.9985166165482917E-01 a      2236     1    10     2    16
 -6.8005067568893351E-01 a      2237     1    10     2    17
  9.8211782136834636E-01 a      2238     1    10     2    18
  4.4437100013178250E-02 a      2239     1    10     2    19
 -1.5950582903944455E+00 a      2240     1    10     2    20
 -2.9360760840371907E-02 a      2241     1    10     2    21
 -2.7090167825534737E+00 a      2242     1    10     2    22
  1.5679971101469925E-01 a      2243     1    10     2    23
 -4.4280124246288793E-01 a      2244     1    10     2    24
  3.6309989617410959E-01 a      2245     1    10     2    25
 -5.1030242690087813E-01 a      2246     1    10     2    26
 -1.0016253137995064E+00 a      2247     1    10     2    27
  8.0460205158414999E-01 a      2248     1    10     2    28
 -3.1310494443570419E-01 a      2249     1    10     2    29
 -7.7759758617209873E-01 a      2250     1    10     2    30
 -3.6521578907910862E-01 a      2251     1    11     2     1
  3.7346662490782556E-01 a      2252     1    11     2     2
 -3.0839393952568286E+00 a      2253     1    11     2     3
 -1.2310470025952398E+00 a      2254     1    11     2     4
 -8.8212887953708097E-01 a      2255     1    11     2     5
 -8.7427041252148296E-01 a      2256     1    11     2     6
  8.2012223930148376E-01 a      2257     1    11     2     7
  4.6094356960623301E-01 a      2258     1    11     2     8
 -1.5544458438059519E+00 a      2259     1    11     2     9
 -2.5429996228984286E-01 a      2260     1    11     2    10
 -9.3695407747671344E-01 a      2261     1    11     2    11
 -1.3862829340245339E-03 a      2262     1    11     2    12
  1.6935790048145469E+00 a      2263     1    11     2    13
  1.3394653489655399E+00 a      2264     1    11     2    14
 -1.5551984417993114E+00 a      2265     1    11     2    15
 -2.2318578157204330E-01 a      2266     1    11     2    16
  4.3185923205934264E-02 a      2267     1    11     2    17
 -7.6176902939001845E-01 a      2268     1    11     2    18
 -5.2044474488088426E+00 a      2269     1    11     2    19
 -1.6055654076667476E+00 a      2270     1    11     2    20
  2.9086664365260795E-01 a      2271     1    11     2    21
 -2.6673498375029386E-02 a      2272     1    11     2    22
  9.1459386714582891E-01 a      2273     1    11     2    23
  9.3888428478412489E-01 a      2274     1    11     2    24
  1.2061678810587859E+00 a      2275     1    11     2    25
  5.8864161817353555E-01 a      2276     1    11     2    26
 -1.0913550887047968E-01 a      2277     1    11     2    27
  1.0616903046335837E+00 a      2278     1    11     2    28
  1.9896244324111301E-01 a      2279     1    11     2    29
  7.0057924085084000E-01 a      2280     1    11     2    30
 -1.3845497875948662E+00 a      2281     1    12     2     1
 -8.6099038615284573E-01 a      2282     1    12     2     2
  1.2087873326291707E+00 a      2283     1    12     2     3
 -5.3089584909914299E-02 a      2284     1    12     2     4
 -2.2941136229118880E-01 a      2285     1    12     2     5
 -1.3335511472262409E+00 a      2286     1    12     2     6
 -7.6271051465674333E-01 a      2287     1    12     2     7
 -2.6417563918116431E+00 a      2288     1    12     2     8
 -7.2195032946883742E-01 a      2289     1    12     2     9
  1.2635922075246333E+00 a      2290     1    12     2    10
  6.9167907697553710E-02 a      2291     1    12     2    11
 -4.2641516344604058E-01 a      2292     1    12     2    12
  1.5224540340743409E-01 a      2293     1    12     2    13
  2.2325356495540918E+00 a      2294     1    12     2    14
 -2.8500297688180370E-01 a      2295     1    12     2    15
  1.0824042621473845E-01 a      2296     1    12     2    16
 -1.4845605025520698E+00 a      2297     1    12     2    17
 -3.4984288774558170E-01 a      2298     1    12     2    18
 -5.0454604429069283E-01 a      2299     1    12     2    19
 -3.1585009372492534E-01 a      2300     1    12     2    20
 -4.0235405388608436E-01 a      2301     1    12     2    21
  2.6333480708675419E+00 a      2302     1    12     2    22
 -5.7058073481412102E+00 a      2303     1    12     2    23
  4.2919697222689107E-01 a      2304     1    12     2    24
  3.2795709525369204E-01 a      2305     1    12     2    25
  5.5793396905237477E-02 a      2306     1    12     2    26
  1.6559736476932065E+00 a      2307     1    12     2    27
 -1.4014032705517461E+00 a      2308     1    12     2    28
  6.7212972827191564E-01 a      2309     1    12     2    29
 -5.8047062269254202E-01 a      2310     1    12     2    30
  2.4252730737617340E-01 a      2311     1    13     2     1
 -7.1685607582985644E-01 a      2312     1    13     2     2
  9.1337916193788271E-01 a      2313     1    13     2     3
  1.5848541356154695E+00 a      2314     1    13     2     4
  2.6597668069386010E-01 a      2315     1    13     2     5
  6.4145855185575407E-01 a      2316     1    13     2     6
 -1.0946427760344006E+00 a      2317     1    13     2     7
  1.1862453243328153E+00 a      2318     1    13     2     8
 -1.8342002278737674E-01 a      2319     1    13     2     9
  1.0902210447726204E+00 a      2320     1    13     2    10
 -2.1513665117475962E+00 a      2321     1    13     2    11
 -2.4307164156127254E+00 a      2322     1    13     2    12
 -8.8127031139079925E-01 a      2323     1    13     2    13
 -9.0862249892375269E-01 a      2324     1    13     2    14
  1.6044668691516598E-01 a      2325     1    13     2    15
 -8.1375289554003583E-01 a      2326     1    13     2    16
 -1.2817699978048805E-02 a      2327     1    13     2    17
 -6.0785736798100209E-01 a      2328     1    13     2    18
 -8.3741265405090373E-02 a      2329     1    13     2    19
 -1.5157046017688065E-02 a      2330     1    13     2    20
  1.8281709010280314E-01 a      2331     1    13     2    21
 -2.3488041099524839E+00 a      2332     1    13     2    22
  1.7809988448096609E-01 a      2333     1    13     2    23
  1.0182810551228869E+00 a      2334     1    13     2    24
 -4.7028195003527679E-01 a      2335     1    13     2    25
 -5.5515021123558639E-01 a      2336     1    13     2    26
 -7.1888487072700680E-01 a      2337     1    13     2    27
 -1.1328422386704071E+00 a      2338     1    13     2    28
 -3.7218573642775005E-01 a      2339     1    13     2    29
 -1.9018513089887490E+00 a      2340     1    13     2    30
  1.2057031349948886E+00 a      2341     1    14     2     1
  4.7924280585155465E-01 a      2342     1    14     2     2
 -1.9743153505209521E+00 a      2343     1    14     2     3
 -1.5844498519734880E+00 a      2344     1    14     2     4
 -2.1825572702445362E+00 a      2345     1    14     2     5
 -1.3811676550984255E+00 a      2346     1    14     2     6
  1.5267247757804465E+00 a      2347     1    14     2     7
  1.2422088656113051E+00 a      2348     1    14     2     8
  1.9822818948163849E+00 a      2349     1    14     2     9
 -8.3884745261972460E-01 a      2350     1    14     2    10
  4.7924994910394050E+00 a      2351     1    14     2    11
  2.8981104220857318E-01 a      2352     1    14     2    12
 -2.1596813600238534E+00 a      2353     1    14     2    13
  6.7189118114175084E-01 a      2354     1    14     2    14
 -1.4364698540594785E+00 a      2355     1    14     2    15
  3.4933174533558453E-01 a      2356     1    14     2    16
 -4.6744444059754343E-02 a      2357     1    14     2    17
  1.1604660793520991E-01 a      2358     1    14     2    18
 -2.4454600382964775E-01 a      2359     1    14     2    19
  7.8650892237325831E-01 a      2360     1    14     2    20
 -5.3457730245874115E-02 a      2361     1    14     2    21
 -4.3677082801935663E-01 a      2362     1    14     2    22
  1.1043448539328962E+00 a      2363     1    14     2    23
 -1.0058887857183496E+00 a      2364     1    14     2    24
 -8.1325197808469647E-03 a      2365     1    14     2    25
 -1.2579829720663356E+00 a      2366     1    14     2    26
 -2.2686018622910398E+00 a      2367     1    14     2    27
  1.0799876725384567E+00 a      2368     1    14     2    28
  8.3458646419768828E-02 a      2369     1    14     2    29
  5.4892932349764323E-01 a      2370     1    14     2    30
  2.3781540929262914E+00 a      2371     1    15     2     1
 -7.1330101941892210E-01 a      2372     1    15     2     2
  2.4201692265636243E+00 a      2373     1    15     2     3
 -1.3839941050481910E+00 a      2374     1    15     2     4
 -1.6612082028540323E+00 a      2375     1    15     2     5
  1.6408061117090531E+00 a      2376     1    15     2     6
 -6.5634385387442473E-01 a      2377     1    15     2     7
  5.5164569749663661E-01 a      2378     1    15     2     8
 -3.1231481257135285E-01 a      2379     1    15     2     9
 -1.6397783813729991E+00 a      2380     1    15     2    10
  3.9862661760771538E+00 a      2381     1    15     2    11
 -3.2629518360570473E+00 a      2382     1    15     2    12
  1.3213617407700657E+00 a      2383     1    15     2    13
 -1.3121897872020958E+00 a      2384     1    15     2    14
  4.6475975806978181E-01 a      2385     1    15     2    15
 -1.0796108362529344E+00 a      2386     1    15     2    16
  6.3661824986093396E-01 a      2387     1    15     2    17
 -7.6115683164543835E-01 a      2388     1    15     2    18
  1.9254070257692544E+00 a      2389     1    15     2    19
  2.1191747892247168E+00 a      2390     1    15     2    20
 -3.1987718057742831E-01 a      2391     1    15     2    21
 -1.5333213573340607E+00 a      2392     1    15     2    22
 -4.6354188652510944E+00 a      2393     1    15     2    23
 -7.7858378095572514E-03 a      2394     1    15     2    24
  5.4495985664340862E-01 a      2395     1    15     2    25
  7.3793784427242493E-01 a      2396     1    15     2    26
 -1.4201009538598022E+00 a      2397     1    15     2    27
 -4.8133920585317624E-02 a      2398     1    15     2    28
  1.4207459917145060E+00 a      2399     1    15     2    29
  8.8602581695913096E-01 a      2400     1    15     2    30
 -1.1868260601993961E+00 a      2401     1    16     2     1
 -3.6218999944123087E-02 a      2402     1    16     2     2
 -6.2744507114730197E-01 a      2403     1    16     2     3
 -1.5270639051929455E-01 a      2404     1    16     2     4
 -5.5717751172629970E-01 a      2405     1    16     2     5
 -3.2404292309271260E-01 a      2406     1    16     2     6
  1.1234212321729729E+00 a      2407     1    16     2     7
  1.0105454982427728E+00 a      2408     1    16     2     8
 -1.8363154351359428E+00 a      2409     1    16     2     9
 -1.0347205598731091E+00 a      2410     1    16     2    10
  6.3875709456401253E-01 a      2411     1    16     2    11
 -1.9682133970350912E+00 a      2412     1    16     2    12
 -7.8996151256268507E-02 a      2413     1    16     2    13
  3.2296008014220445E-01 a      2414     1    16     2    14
  1.0225497968396791E+00 a      2415     1    16     2    15
 -2.3240509898105616E-01 a      2416     1    16     2    16
  4.3458078154288765E-01 a      2417     1    16     2    17
  7.7751706264788667E-01 a      2418     1    16     2    18
  6.6710787616149056E-02 a      2419     1    16     2    19
 -1.4988987851103484E+00 a      2420     1    16     2    20
  3.7813935384666231E-01 a      2421     1    16     2    21
  7.0342157875059474E-01 a      2422     1    16     2    22
 -3.7015125182710795E-01 a      2423     1    16     2    23
 -3.8287685143555250E-01 a      2424     1    16     2    24
  1.2134657271976990E+00 a      2425     1    16     2    25
  7.1520390246408372E-01 a      2426     1    16     2    26
 -1.1699712532254471E+00 a      2427     1    16     2    27
 -3.5891031832677589E-01 a      2428     1    16     2    28
 -9.3129653813687086E-01 a      2429     1    16     2    29
 -5.6830878503718929E-01 a      2430     1    16     2    30
  1.7073703992934550E+00 a      2431     1    17     2     1
 -1.6497940274640726E+00 a      2432     1    17     2     2
 -2.1234027187794986E+00 a      2433     1    17     2     3
 -9.0794379865003472E-01 a      2434     1    17     2     4
 -2.0148229285745791E+00 a      2435     1    17     2     5
  1.8369774223821281E-01 a      2436     1    17     2     6
  2.5336086175079053E+00 a      2437     1    17     2     7
  2.3083768448474412E-01 a      2438     1    17     2     8
  2.1552080796438182E+00 a      2439     1    17     2     9
  1.2468424956016617E+00 a      2440     1    17     2    10
  1.3609666219768681E+00 a      2441     1    17     2    11
  8.9924195738069890E-01 a      2442     1    17     2    12
  9.8074089648252183E-01 a      2443     1    17     2    13
 -4.4670157632729435E-01 a      2444     1    17     2    14
 -5.6402064739197212E-02 a      2445     1    17     2    15
  9.4364287040360384E-01 a      2446     1    17     2    16
 -1.9628140682260771E+00 a      2447     1    17     2    17
 -1.0048287364521804E+00 a      2448     1    17     2    18
 -5.3042443134609729E-01 a      2449     1    17     2    19
  1.0568534368418994E+00 a      2450     1    17     2    20
 -2.5680494147824728E-01 a      2451     1    17     2    21
  1.8507354460425633E+00 a      2452     1    17     2    22
 -3.7381012712150163E-01 a      2453     1    17     2    23
 -2.0453547299107733E+00 a      2454     1    17     2    24
 -6.6662567172855625E-01 a      2455     1    17     2    25
  2.4231212837544724E-01 a      2456     1    17     2    26
  1.0924800377508557E+00 a      2457     1    17     2    27
 -1.0643014947981775E+00 a      2458     1    17     2    28
 -1.2210014814341901E+00 a      2459     1    17     2    29
 -2.3882156971365505E+00 a      2460     1    17     2    30
  1.1230999305587670E+00 a      2461     1    18     2     1
  1.6994575049827905E+00 a      2462     1    18     2     2
  7.3127226219434416E-01 a      2463     1    18     2     3
 -5.7042881562124736E-01 a      2464     1    18     2     4
  1.6502341905176404E-01 a      2465     1    18     2     5
  1.2407229566726332E+00 a      2466     1    18     2     6
  1.1589250355937963E-01 a      2467     1    18     2     7
  1.8275643396159744E+00 a      2468     1    18     2     8
  8.8920879820660381E-01 a      2469     1    18     2     9
  2.9648583646747845E-01 a      2470     1    18     2    10
 -1.1020730597827260E+00 a      2471     1    18     2    11
  1.0838291890063361E+00 a      2472     1    18     2    12
 -1.0439224244691763E+00 a      2473     1    18     2    13
 -2.4143786078861122E+00 a      2474     1    18     2    14
 -7.5977650459470536E-01 a      2475     1    18     2    15
  9.3727652673935524E-01 a      2476     1    18     2    16
 -5.0607289429781521E-01 a      2477     1    18     2    17
  3.2089730566011015E-01 a      2478     1    18     2    18
  1.4225930616007674E+00 a      2479     1    18     2    19
  1.7354613606945856E-02 a      2480     1    18     2    20
  1.3240645099549514E-01 a      2481     1    18     2    21
 -1.0733460894410334E+00 a      2482     1    18     2    22
 -7.5836674393532955E-01 a      2483     1    18     2    23
  3.4309785178589147E-01 a      2484     1    18     2    24
 -2.9623338898016643E-01 a      2485     1    18     2    25
 -1.2314687052483639E+00 a      2486     1    18     2    26
  2.3697344974864309E+00 a      2487     1    18     2    27
 -1.1663259368969483E+00 a      2488     1    18     2    28
 -6.0738650747048550E-01 a      2489     1    18     2    29
 -4.0983925404085824E+00 a      2490     1    18     2    30
 -4.0805357520316665E-01 a      2491     1    19     2     1
 -2.8556027705893916E-01 a      2492     1    19     2     2
 -3.5820358572320106E+00 a      2493     1    19     2     3
 -2.1401529955962055E+00 a      2494     1    19     2     4
  4.9782822390392156E-01 a      2495     1    19     2     5
 -3.0365637958751068E-01 a      2496     1    19     2     6
  4.4885778009735111E-01 a      2497     1    19     2     7
  8.8441330587192912E-01 a      2498     1    19     2     8
  1.4135170464524947E+00 a      2499     1    19     2     9
  6.5532978164477851E-01 a      2500     1    19     2    10
  1.4086673379861769E+00 a      2501     1    19     2    11
 -4.2045377094277331E-01 a      2502     1    19     2    12
  6.6101341297168736E-01 a      2503     1    19     2    13
 -9.2319780054944733E-01 a      2504     1    19     2    14
 -8.3895995418599811E-01 a      2505     1    19     2    15
  1.0324886449688686E-01 a      2506     1    19     2    16
  6.3012192775657838E-01 a      2507     1    19     2    17
  1.3218070970340794E+00 a      2508     1    19     2    18
  9.6173583337913524E-02 a      2509     1    19     2    19
 -1.0264924753546194E-01 a      2510     1    19     2    20
  2.6895009111078744E-01 a      2511     1    19     2    21
  9.8253976776651364E-01 a      2512     1    19     2    22
 -1.1108304129365549E+00 a      2513     1    19     2    23
 -2.1133057356060611E-01 a      2514     1    19     2    24
  9.8008808380560164E-01 a      2515     1    19     2    25
 -5.6923549963125430E-04 a      2516     1    19     2    26
 -3.1766042952318185E-01 a      2517     1    19     2    27
 -7.4894719511064511E-01 a      2518     1    19     2    28
  1.8101261329622212E-01 a      2519     1    19     2    29
  1.0363574367482071E+00 a      2520     1    19     2    30
  9.7790110597251989E-01 a      2521     1    20     2     1
 -5.7186110790237166E-01 a      2522     1    20     2     2
  4.7642048630983058E-01 a      2523     1    20     2     3
 -4.2487414444896354E-01 a      2524     1    20     2     4
  2.4955305813528425E-01 a      2525     1    20     2     5
 -1.5341751716675248E-01 a      2526     1    20     2     6
 -1.7903383301326364E-01 a      2527     1    20     2     7
 -1.3829926877366010E+00 a      2528     1    20     2     8
 -1.4198688353586582E+00 a      2529     1    20     2     9
 -1.3560883128430687E+00 a      2530     1    20     2    10
  1.1269276886555923E+00 a      2531     1    20     2    11
 -1.4400319009088438E+00 a      2532     1    20     2    12
 -1.1091361705399172E+00 a      2533     1    20     2    13
  2.1740216811662738E-01 a      2534     1    20     2    14
 -1.1266743571406902E-01 a      2535     1    20     2    15
 -1.0186629335645971E+00 a      2536     1    20     2    16
 -7.4191440971567224E-01 a      2537     1    20     2    17
  1.3062132975645018E+00 a      2538     1    20     2    18
  3.7467120409342891E-01 a      2539     1    20     2    19
 -1.9722273982423952E+00 a      2540     1    20     2    20
 -1.0863183531793439E+00 a      2541     1    20     2    21
  2.4274952184696277E-01 a      2542     1    20     2    22
 -1.2424135826398879E+00 a      2543     1    20     2    23
 -5.4198042435323135E-01 a      2544     1    20     2    24
 -4.1460646882282048E-01 a      2545     1    20     2    25
 -1.7596464742608595E-01 a      2546     1    20     2    26
 -7.1647663670844219E-01 a      2547     1    20     2    27
  6.1015367872443582E-01 a      2548     1    20     2    28
  4.0910257017549129E-01 a      2549     1    20     2    29
 -9.2382134957247464E-01 a      2550     1    20     2    30
 -8.6907351368714481E-01 a      2551     1    21     2     1
 -1.1987768716309317E+00 a      2552     1    21     2     2
 -3.3605039396488740E-01 a      2553     1    21     2     3
 -1.5372816434642353E+00 a      2554     1    21     2     4
 -8.5145176916501708E-01 a      2555     1    21     2     5
 -8.6647373506811842E-01 a      2556     1    21     2     6
 -2.2623476618417906E-01 a      2557     1    21     2     7
  5.9879678803972636E-01 a      2558     1    21     2     8
 -1.3219550454312072E+00 a      2559     1    21     2     9
 -3.2452027771520991E-01 a      2560     1    21     2    10
 -1.1532654152630439E+00 a      2561     1    21     2    11
  8.1234258805521889E-02 a      2562     1    21     2    12
  7.3793310219625330E-01 a      2563     1    21     2    13
  7.7431040823040709E-01 a      2564     1    21     2    14
 -2.2437092603438721E-01 a      2565     1    21     2    15
  1.4070161200187381E+00 a      2566     1    21     2    16
 -1.3305002202970808E+00 a      2567     1    21     2    17
  8.5703217879927285E-01 a      2568     1    21     2    18
  4.4454496408839622E-01 a      2569     1    21     2    19
 -8.8173575040689833E-01 a      2570     1    21     2    20
 -9.8020304903862099E-01 a      2571     1    21     2    21
 -7.2756564933295365E-01 a      2572     1    21     2    22
  1.2523402398114847E+00 a      2573     1    21     2    23
 -2.9096065669976595E-01 a      2574     1    21     2    24
  7.4871618736589818E-01 a      2575     1    21     2    25
 -4.5864669259949814E-01 a      2576     1    21     2    26
  1.5620534063291822E+00 a      2577     1    21     2    27
 -8.9292983218952882E-01 a      2578     1    21     2    28
 -1.8558691153063611E-01 a      2579     1    21     2    29
 -5.2602666383077090E-01 a      2580     1    21     2    30
 -3.3916056529160715E-01 a      2581     1    22     2     1
  6.5815380161983461E-01 a      2582     1    22     2     2
 -2.1599249906286433E+00 a      2583     1    22     2     3
  8.5813151776551477E-01 a      2584     1    22     2     4
  1.2424706758182227E+00 a      2585     1    22     2     5
  1.7694303540575038E+00 a      2586     1    22     2     6
  6.7872439059291356E-02 a      2587     1    22     2     7
 -2.9662961086372799E+00 a      2588     1    22     2     8
 -2.0910444862746060E+00 a      2589     1    22     2     9
  3.1477216207706737E+00 a      2590     1    22     2    10
 -8.4505722923678928E-01 a      2591     1    22     2    11
  5.4687433291545151E-01 a      2592     1    22     2    12
 -5.2567032473252269E+00 a      2593     1    22     2    13
 -1.1912019329992299E-01 a      2594     1    22     2    14
  2.9023038477839123E+00 a      2595     1    22     2    15
 -1.2903215644384298E+00 a      2596     1    22     2    16
  6.6902186852116230E-01 a      2597     1    22     2    17
  6.7525782560998793E-01 a      2598     1    22     2    18
  7.4087464151294091E-01 a      2599     1    22     2    19
 -3.7399862480885360E-01 a      2600     1    22     2    20
  9.8678172513994189E-01 a      2601     1    22     2    21
 -2.1519259806140436E+00 a      2602     1    22     2    22
 -2.8943519292942086E+00 a      2603     1    22     2    23
  1.7229619164262113E+00 a      2604     1    22     2    24
 -2.1343496738795507E+00 a      2605     1    22     2    25
 -7.5283211854243609E-02 a      2606     1    22     2    26
 -1.8986273432999552E+00 a      2607     1    22     2    27
 -2.0500739027115966E-01 a      2608     1    22     2    28
 -1.2363764045921180E+00 a      2609     1    22     2    29
 -5.4854861606084077E-02 a      2610     1    22     2    30
  1.0671391775802561E+00 a      2611     1    23     2     1
  1.8320720729015763E-01 a      2612     1    23     2     2
  1.9052101544331519E+00 a      2613     1    23     2     3
  2.1718102784415558E+00 a      2614     1    23     2     4
  3.2955359568663488E-02 a      2615     1    23     2     5
  1.3814681956677335E+00 a      2616     1    23     2     6
  5.6286503871445459E-01 a      2617     1    23     2     7
  3.3802488874164410E-01 a      2618     1    23     2     8
 -3.1214898935804722E+00 a      2619     1    23     2     9
 -1.2260259684418586E+00 a      2620     1    23     2    10
 -5.2001794661573459E+00 a      2621     1    23     2    11
 -6.6681745071265706E-03 a      2622     1    23     2    12
 -8.8058959544000537E-01 a      2623     1    23     2    13
  7.1628057223528024E-02 a      2624     1    23     2    14
 -4.1604193046028021E-01 a      2625     1    23     2    15
 -1.4582182780438371E-01 a      2626     1    23     2    16
 -2.3147468837208987E+00 a      2627     1    23     2    17
 -1.0803716634619600E+00 a      2628     1    23     2    18
 -2.9052627112681695E-01 a      2629     1    23     2    19
  1.2476162345868032E+00 a      2630     1    23     2    20
 -2.0268607751033838E+00 a      2631     1    23     2    21
  2.1695881795478567E+00 a      2632     1    23     2    22
  8.9815781676041329E-01 a      2633     1    23     2    23
 -2.0954568666179491E-01 a      2634     1    23     2    24
  1.2310224055666259E+00 a      2635     1    23     2    25
 -4.2762638624193544E-01 a      2636     1    23     2    26
  1.2279494084930816E-01 a      2637     1    23     2    27
 -2.8073158072125676E-01 a      2638     1    23     2    28
  2.3921484486592787E-01 a      2639     1    23     2    29
 -7.4949553385969403E-01 a      2640     1    23     2    30
  1.5850499017349313E+00 a      2641     1    24     2     1
  1.1178101049884313E+00 a      2642     1    24     2     2
  2.6480439227533187E-01 a      2643     1    24     2     3
  1.0857632215197384E+00 a      2644     1    24     2     4
  1.1527714851026363E+00 a      2645     1    24     2     5
  1.0472055999768883E+00 a      2646     1    24     2     6
  1.9176325533887810E-02 a      2647     1    24     2     7
 -3.1294669871802488E-01 a      2648     1    24     2     8
  7.0036762266733998E-01 a      2649     1    24     2     9
 -1.9946994900320818E+00 a      2650     1    24     2    10
 -2.0931636394532420E+00 a      2651     1    24     2    11
  8.8724366385585962E-01 a      2652     1    24     2    12
  2.3443765601239184E+00 a      2653     1    24     2    13
 -1.3138753636067906E+00 a      2654     1    24     2    14
 -1.8668671249450650E-01 a      2655     1    24     2    15
  3.3375608410402063E-01 a      2656     1    24     2    16
  1.4699023931692423E-01 a      2657     1    24     2    17
 -1.2353329852603994E+00 a      2658     1    24     2    18
  1.9872067440694546E-01 a      2659     1    24     2    19
  1.1318294803238149E+00 a      2660     1    24     2    20
  2.1735171695736577E-01 a      2661     1    24     2    21
  1.2634196692989395E+00 a      2662     1    24     2    22
  1.3411388635921679E+00 a      2663     1    24     2    23
  2.1382570041147781E+00 a      2664     1    24     2    24
 -1.4662563875771711E-01 a      2665     1    24     2    25
  5.6113269562421041E-02 a      2666     1    24     2    26
  6.1720371792647255E-01 a      2667     1    24     2    27
  6.7146710516972530E-01 a      2668     1    24     2    28
  2.6434370001197982E-01 a      2669     1    24     2    29
  3.2104232539636696E-01 a      2670     1    24     2    30
 -6.9676886468631249E-01 a      2671     1    25     2     1
  3.4804231779669753E-01 a      2672     1    25     2     2
 -2.6957832189953539E+00 a      2673     1    25     2     3
 -5.0595172670870114E-01 a      2674     1    25     2     4
  8.0896537514164624E-01 a      2675     1    25     2     5
 -6.9580641850699732E-01 a      2676     1    25     2     6
 -9.8254897720290099E-02 a      2677     1    25     2     7
 -1.9764642767877334E+00 a      2678     1    25     2     8
  1.1867545936231316E-01 a      2679     1    25     2     9
 -3.9803138854056859E+00 a      2680     1    25     2    10
 -6.8405462438701969E-01 a      2681     1    25     2    11
  8.8966131874308940E-01 a      2682     1    25     2    12
  7.9501347133735967E-01 a      2683     1    25     2    13
  5.3722741949545760E-01 a      2684     1    25     2    14
  2.6101599070009096E-01 a      2685     1    25     2    15
  7.1164871476341074E-01 a      2686     1    25     2    16
  9.2415727398720526E-01 a      2687     1    25     2    17
 -1.6609224715816133E+00 a      2688     1    25     2    18
 -2.5981696336052269E+00 a      2689     1    25     2    19
  1.5101338969491968E-01 a      2690     1    25     2    20
  1.4424679408446133E+00 a      2691     1    25     2    21
  4.6102586914895100E-01 a      2692     1    25     2    22
 -5.3854795982362626E-02 a      2693     1    25     2    23
  8.5586579145369712E-01 a      2694     1    25     2    24
 -2.9764592086600833E-01 a      2695     1    25     2    25
  1.2416387281684651E+00 a      2696     1    25     2    26
  1.2765383486584797E-01 a      2697     1    25     2    27
 -2.7841941679372778E-01 a      2698     1    25     2    28
  1.9102859012680955E+00 a      2699     1    25     2    29
  1.2092941991770523E+00 a      2700     1    25     2    30
  3.3375753411151599E-01 a      2701     1    26     2     1
  2.9892349885109870E+00 a      2702     1    26     2     2
 -4.9772142632540123E-01 a      2703     1    26     2     3
 -1.8035826806584243E+00 a      2704     1    26     2     4
 -7.8111188651136765E-01 a      2705     1    26     2     5
  7.4814964786409766E-01 a      2706     1    26     2     6
 -2.0106695226205127E+00 a      2707     1    26     2     7
  1.9297946073561496E+00 a      2708     1    26     2     8
  3.5030239056889658E+00 a      2709     1    26     2     9
  2.0918025734957957E+00 a      2710     1    26     2    10
  4.3928830701332786E-02 a      2711     1    26     2    11
  2.9786462590475491E+00 a      2712     1    26     2    12
 -3.8041059443233727E+00 a      2713     1    26     2    13
 -1.2287523025703651E+00 a      2714     1    26     2    14
 -1.5942997935613032E+00 a      2715     1    26     2    15
  1.8669018089398162E+00 a      2716     1    26     2    16
  1.8976606699385354E+00 a      2717     1    26     2    17
  7.7528253902967259E-01 a      2718     1    26     2    18
  3.5409454509937772E+00 a      2719     1    26     2    19
  1.9263217667810923E+00 a      2720     1    26     2    20
  1.5584378582011611E+00 a      2721     1    26     2    21
 -6.1766237874698399E-02 a      2722     1    26     2    22
  7.1476547853578500E+00 a      2723     1    26     2    23
 -4.9038755302832204E-01 a      2724     1    26     2    24
 -7.4884814455539372E-01 a      2725     1    26     2    25
  3.1041701551088918E-01 a      2726     1    26     2    26
 -6.0981128691486686E-01 a      2727     1    26     2    27
  2.5384471824226408E-02 a      2728     1    26     2    28
 -1.7039380269556428E+00 a      2729     1    26     2    29
  2.1475985809096834E+00 a      2730     1    26     2    30
 -1.4148575580991298E+00 a      2731     1    27     2     1
  1.8242713319734942E+00 a      2732     1    27     2     2
  5.8874697020629785E-01 a      2733     1    27     2     3
  4.4821818699681526E-01 a      2734     1    27     2     4
  6.0671834716037887E-01 a      2735     1    27     2     5
 -6.8326973806030400E-01 a      2736     1    27     2     6
 -1.2000826547893624E+00 a      2737     1    27     2     7
 -2.3781764356788235E+00 a      2738     1    27     2     8
 -1.4331578125349576E+00 a      2739     1    27     2     9
 -1.3162359949744635E+00 a      2740     1    27     2    10
 -7.2978003490236310E-01 a      2741     1    27     2    11
 -3.4441723930152983E-02 a      2742     1    27     2    12
  1.9818384957356019E+00 a      2743     1    27     2    13
  1.0846016720429008E+00 a      2744     1    27     2    14
 -7.6743168579137411E-01 a      2745     1    27     2    15
  6.6997847229011021E-01 a      2746     1    27     2    16
  3.5812742262263170E-01 a      2747     1    27     2    17
 -1.0562557415936711E+00 a      2748     1    27     2    18
 -6.0715747212659155E-01 a      2749     1    27     2    19
 -1.2327208712955360E+00 a      2750     1    27     2    20
  1.6781650733430414E-01 a      2751     1    27     2    21
 -1.2633324329236462E-01 a      2752     1    27     2    22
 -1.5685238452307892E+00 a      2753     1    27     2    23
 -4.5999846522618942E-01 a      2754     1    27     2    24
  3.3120487413706545E-01 a      2755     1    27     2    25
  1.7619476719671503E+00 a      2756     1    27     2    26
  8.2727309451999254E-01 a      2757     1    27     2    27
  2.1554514556138464E+00 a      2758     1    27     2    28
  1.4589913490633422E+00 a      2759     1    27     2    29
  3.1534449070889385E+00 a      2760     1    27     2    30
  7.7171163901033224E-01 a      2761     1    28     2     1
 -3.5943013277346558E-01 a      2762     1    28     2     2
  1.4562193852323411E+00 a      2763     1    28     2     3
 -2.9174527794843028E+00 a      2764     1    28     2     4
 -2.5654651012295426E+00 a      2765     1    28     2     5
 -1.9022945414198547E+00 a      2766     1    28     2     6
  9.4587741749670218E-01 a      2767     1    28     2     7
  1.9682195245702989E+00 a      2768     1    28     2     8
 -1.1432938159476322E+00 a      2769     1    28     2     9
  7.7129662835273394E-02 a      2770     1    28     2    10
 -1.3882721958578899E+00 a      2771     1    28     2    11
  2.6199818065890113E-01 a      2772     1    28     2    12
  2.3869048440663218E-01 a      2773     1    28     2    13
  9.8942423920050082E-01 a      2774     1    28     2    14
 -3.8569220463780982E+00 a      2775     1    28     2    15
 -7.7432300002355603E-01 a      2776     1    28     2    16
 -1.0390378369337500E-01 a      2777     1    28     2    17
 -5.9734015258060025E-01 a      2778     1    28     2    18
  1.5794786094436417E+00 a      2779     1    28     2    19
 -2.3463772198831618E+00 a      2780     1    28     2    20
 -9.2433691474282187E-01 a      2781     1    28     2    21
  6.9588790889651198E-01 a      2782     1    28     2    22
  2.1783791940646136E-01 a      2783     1    28     2    23
 -7.5202997126793825E-01 a      2784     1    28     2    24
 -1.0935701237768953E-02 a      2785     1    28     2    25
 -8.0490910987220787E-01 a      2786     1    28     2    26
  2.2182222789729225E+00 a      2787     1    28     2    27
  4.1696578788609445E-01 a      2788     1    28     2    28
 -9.5872699199882075E-02 a      2789     1    28     2    29
 -1.1914937672173957E+00 a      2790     1    28     2    30
 -1.0628611663100433E+00 a      2791     1    29     2     1
 -1.0534664512666687E+00 a      2792     1    29     2     2
  4.9647952734572104E-01 a      2793     1    29     2     3
 -2.3576467620883119E+00 a      2794     1    29     2     4
 -1.1529175236703136E-01 a      2795     1    29     2     5
  6.7426827535020481E-02 a      2796     1    29     2     6
 -1.7478351639585186E+00 a      2797     1    29     2     7
 -4.3272949833233909E-01 a      2798     1    29     2     8
  2.4928920857713932E-01 a      2799     1    29     2     9
  3.3835978282733159E-01 a      2800     1    29     2    10
  3.0344565244738226E+00 a      2801     1    29     2    11
  2.2885575191162763E-01 a      2802     1    29     2    12
 -1.9055442084350973E+00 a      2803     1    29     2    13
 -3.9236819492913164E+00 a      2804     1    29     2    14
  1.7394085602897202E-01 a      2805     1    29     2    15
  4.8612317695578289E-01 a      2806     1    29     2    16
 -1.1080756169738399E+00 a      2807     1    29     2    17
  1.8208407783650800E+00 a      2808     1    29     2    18
  1.0852736547746804E-01 a      2809     1    29     2    19
 -3.5057485451652126E-01 a      2810     1    29     2    20
  2.8822083766961182E-01 a      2811     1    29     2    21
  5.5317425990465900E-02 a      2812     1    29     2    22
 -2.1596520118341114E+00 a      2813     1    29     2    23
 -1.5976995115711967E+00 a      2814     1    29     2    24
 -1.7324477420207911E+00 a      2815     1    29     2    25
 -2.3631870341506064E-01 a      2816     1    29     2    26
 -1.6887960971833965E-01 a      2817     1    29     2    27
 -3.5033112000227906E-02 a      2818     1    29     2    28
 -1.3239801253105408E+00 a      2819     1    29     2    29
  1.6258711638460983E+00 a      2820     1    29     2    30
 -6.3701438583883163E-01 a      2821     1    30     2     1
 -8.8943921959194383E-01 a      2822     1    30     2     2
 -6.2978486279201196E-01 a      2823     1    30     2     3
  1.4460201554532133E+00 a      2824     1    30     2     4
  1.8772849919329042E+00 a      2825     1    30     2     5
  1.2024157296186944E+00 a      2826     1    30     2     6
 -3.0174983005792528E+00 a      2827     1    30     2     7
  1.7230271451847141E+00 a      2828     1    30     2     8
  2.7569972191498979E+00 a      2829     1    30     2     9
  1.8279687721079743E+00 a      2830     1    30     2    10
 -1.2486699811270476E+01 a      2831     1    30     2    11
 -3.6841106939617196E-01 a      2832     1    30     2    12
 -2.2861162945725182E+00 a      2833     1    30     2    13
  1.4889239396000391E+00 a      2834     1    30     2    14
 -7.9092031997618023E-02 a      2835     1    30     2    15
 -1.6534133119471508E+00 a      2836     1    30     2    16
 -1.0604946062989338E+00 a      2837     1    30     2    17
 -1.1405607444813604E+00 a      2838     1    30     2    18
  1.1228100494849325E+00 a      2839     1    30     2    19
 -1.2110698480606237E-02 a      2840     1    30     2    20
  2.4102399411280634E-01 a      2841     1    30     2    21
 -7.3705548270071908E-01 a      2842     1    30     2    22
 -1.2895832006665921E-02 a      2843     1    30     2    23
  3.7771767661649788E-02 a      2844     1    30     2    24
  8.4134258141189255E-01 a      2845     1    30     2    25
  4.1879800173144816E-01 a      2846     1    30     2    26
 -5.4052238325237878E-01 a      2847     1    30     2    27
  1.4159185784794318E-01 a      2848     1    30     2    28
 -3.3227728005423612E-01 a      2849     1    30     2    29
 -2.7860439674480140E+00 a      2850     1    30     2    30
  3.1179418472363314E+00 b      2851     2     1
 -9.6033568597312815E+00 b      2852     2     2
 -4.6507373366805504E+00 b      2853     2     3
  2.9221634558526053E+00 b      2854     2     4
  2.8240691956248609E+00 b      2855     2     5
 -2.7531454082247753E+00 b      2856     2     6
  4.2838533322391106E+00 b      2857     2     7
 -2.0721544924085417E-01 b      2858     2     8
  1.0608047069435250E+01 b      2859     2     9
  4.5622384671969707E+00 b      2860     2    10
  7.3974761510949820E+00 b      2861     2    11
  1.6244488285824583E+00 b      2862     2    12
  1.1407572319753312E+01 b      2863     2    13
  2.1280400879673351E+00 b      2864     2    14
  3.9820881905253491E-01 b      2865     2    15
  2.1870365948797396E-01 b      2866     2    16
  1.8149355453707428E+00 b      2867     2    17
 -1.2635964894673017E+00 b      2868     2    18
 -2.0366539003453279E+00 b      2869     2    19
 -1.4069355001065904E+00 b      2870     2    20
  1.9533445351916312E+00 b      2871     2    21
 -1.4208624759151261E+01 b      2872     2    22
  3.1973236154934499E+00 b      2873     2    23
  1.7979456502868090E+00 b      2874     2    24
 -1.1254787584366058E-01 b      2875     2    25
  4.2350660768914627E+00 b      2876     2    26
 -2.4119202706291567E+00 b      2877     2    27
 -5.2470805940897041E+00 b      2878     2    28
  5.0334839542616052E+00 b      2879     2    29
  1.2987732211274574E+00 b      2880     2    30
  3.1756032697691505E-02 a      2881     2     1     3     1
  2.7500718552979888E-02 a      2882     2     2     3     1
  5.8469663931963449E-02 a      2883     2     3     3     1
  3.3338015560810973E-02 a      2884     2     4     3     1
 -3.3440044995170878E-02 a      2885     2     5     3     1
  5.2521190438047675E-03 a      2886     2     6     3     1
 -4.6012477058701623E-02 a      2887     2     7     3     1
  4.5635308885838617E-02 a      2888     2     8     3     1
 -1.5355431389055726E-02 a      2889     2     9     3     1
 -4.6657520188561293E-02 a      2890     2    10     3     1
  2.3845859728272360E-02 a      2891     2    11     3     1
  1.4930829966675899E-02 a      2892     2    12     3     1
  4.4938435145756531E-02 a      2893     2    13     3     1
  9.4940948392549622E-03 a      2894     2    14     3     1
 -1.1240487718686505E-01 a      2895     2    15     3     1
 -7.8162224360330185E-02 a      2896     2    16     3     1
  2.3490382257915740E-01 a      2897     2    17     3     1
  8.2497167384424336E-02 a      2898     2    18     3     1
  4.9433512278348940E-02 a      2899     2    19     3     1
 -1.0285247913225268E-01 a      2900     2    20     3     1
 -1.8225533401381497E-01 a      2901     2    21     3     1
 -5.3073596354200982E-02 a      2902     2    22     3     1
 -1.5508194221605872E-02 a      2903     2    23     3     1
  1.3865579782247733E-02 a      2904     2    24     3     1
 -8.9330120094767471E-02 a      2905     2    25     3     1
 -1.1945756392941838E-01 a      2906     2    26     3     1
  1.1129508859012370E-01 a      2907     2    27     3     1
  5.9683631646242977E-02 a      2908     2    28     3     1
 -7.3762606523697732E-02 a      2909     2    29     3     1
  4.1300173366439083E-02 a      2910     2    30     3     1
 -6.8031433382833173E-01 b      2911     3     1
