################################################################################
# Neural network connection values (weights and biases).
################################################################################
# Col  Name       Description
################################################################################
# 1    connection Neural network connection value.
# 2    t          Connection type (a = weight, b = bias).
# 3    index      Index enumerating weights.
# 4    l_s        Starting point layer (end point layer for biases).
# 5    n_s        Starting point neuron in starting layer (end point neuron for biases).
# 6    l_e        End point layer.
# 7    n_e        End point neuron in end layer.
################################################################################
#                      1 2         3     4     5     6     7
#             connection t     index   l_s   n_s   l_e   n_e
############################################################
 -1.0720747164585759E+01 a         1     0     1     1     1
 -2.0465193211070826E+01 a         2     0     1     1     2
  1.9477852832763758E+00 a         3     0     1     1     3
  1.5101656255882330E+00 a         4     0     1     1     4
  6.8998921785675025E+00 a         5     0     1     1     5
  4.3338063459636036E+00 a         6     0     1     1     6
  3.8985825453229159E+00 a         7     0     1     1     7
  1.1625990468350951E+01 a         8     0     1     1     8
  1.9215754146800521E+00 a         9     0     1     1     9
  7.0429755355444357E+00 a        10     0     1     1    10
 -1.9810064065250550E+00 a        11     0     1     1    11
 -8.2348947062997198E+00 a        12     0     1     1    12
  8.6242078123369517E+00 a        13     0     1     1    13
 -1.3784441053999108E+01 a        14     0     1     1    14
  1.8246229072437516E+00 a        15     0     1     1    15
 -9.4061363720526128E+00 a        16     0     1     1    16
  7.5312997447724186E+00 a        17     0     1     1    17
  2.4287407214726047E+00 a        18     0     1     1    18
 -4.2250028542633125E+00 a        19     0     1     1    19
  1.4741495022521541E+01 a        20     0     1     1    20
  1.1298895589373410E+01 a        21     0     1     1    21
 -1.4343697913841000E+00 a        22     0     1     1    22
  1.3934993080241860E+01 a        23     0     1     1    23
 -7.2467607959351088E-02 a        24     0     1     1    24
 -6.5339876066488792E-02 a        25     0     1     1    25
 -1.6383829941684848E+01 a        26     0     1     1    26
  3.1961894648482327E+00 a        27     0     1     1    27
  7.4237205187522131E+00 a        28     0     1     1    28
 -9.2718341372797806E+00 a        29     0     1     1    29
  1.6048469968260497E+00 a        30     0     1     1    30
 -1.8014245867253727E+01 a        31     0     2     1     1
  2.5067686706819705E+00 a        32     0     2     1     2
 -7.7795446197472646E+00 a        33     0     2     1     3
  5.2275572777017487E-01 a        34     0     2     1     4
 -4.4070633829680830E+00 a        35     0     2     1     5
 -6.4356626344780610E+00 a        36     0     2     1     6
 -9.7926442696389522E+00 a        37     0     2     1     7
 -1.5574766724081652E+00 a        38     0     2     1     8
 -4.1014007047050764E+00 a        39     0     2     1     9
 -9.9218484257261945E+00 a        40     0     2     1    10
  1.2930577149803081E+01 a        41     0     2     1    11
 -1.3913221659179253E+01 a        42     0     2     1    12
  4.8665990491872382E+00 a        43     0     2     1    13
  1.9723800038189314E+00 a        44     0     2     1    14
 -7.2150930634963188E+00 a        45     0     2     1    15
  5.2617036379499105E+00 a        46     0     2     1    16
 -2.1276705297340932E+01 a        47     0     2     1    17
 -1.8992510226961254E+01 a        48     0     2     1    18
 -1.6678563301557849E+00 a        49     0     2     1    19
  1.3607519398830050E+01 a        50     0     2     1    20
  9.4397607557078445E+00 a        51     0     2     1    21
 -8.8678663642512419E+00 a        52     0     2     1    22
 -3.7071401123097694E+00 a        53     0     2     1    23
  8.0320950471540566E+00 a        54     0     2     1    24
 -1.5161480790432510E+01 a        55     0     2     1    25
 -7.8676216610418974E+00 a        56     0     2     1    26
  4.0981562623322221E+00 a        57     0     2     1    27
 -2.1834528074532161E-01 a        58     0     2     1    28
  1.2462415274518385E+01 a        59     0     2     1    29
 -1.3182202159402641E+01 a        60     0     2     1    30
  2.0661511818038075E+01 a        61     0     3     1     1
 -5.4965071744443428E+00 a        62     0     3     1     2
 -2.3173040583625162E+00 a        63     0     3     1     3
  8.1633711690532333E+00 a        64     0     3     1     4
  4.2959916182564752E+00 a        65     0     3     1     5
 -1.1285944805906847E+00 a        66     0     3     1     6
  1.9042876543778731E+00 a        67     0     3     1     7
  8.0563766036649405E+00 a        68     0     3     1     8
  1.6743416633059340E+01 a        69     0     3     1     9
 -2.8869230218158975E-01 a        70     0     3     1    10
 -1.5742492874402133E+01 a        71     0     3     1    11
  2.2208654761642173E+00 a        72     0     3     1    12
  3.0125552087779339E+00 a        73     0     3     1    13
  6.7308416690859056E+00 a        74     0     3     1    14
 -7.1121188931338946E+00 a        75     0     3     1    15
  1.1688217864369140E+01 a        76     0     3     1    16
  5.6266779017186384E+00 a        77     0     3     1    17
  6.6847625166550202E+00 a        78     0     3     1    18
  4.4561531522512858E+00 a        79     0     3     1    19
  4.8815199943148224E+00 a        80     0     3     1    20
 -2.1492728519481433E-02 a        81     0     3     1    21
  1.3592894002049986E+01 a        82     0     3     1    22
  1.3293790362567762E+01 a        83     0     3     1    23
  1.1312620908470632E+00 a        84     0     3     1    24
  7.3537044591414311E+00 a        85     0     3     1    25
  9.7616482465007373E+00 a        86     0     3     1    26
 -1.3751311005541629E+01 a        87     0     3     1    27
  2.3576684175022495E+00 a        88     0     3     1    28
  3.9600730517460416E+00 a        89     0     3     1    29
 -2.5750599193543136E+00 a        90     0     3     1    30
 -1.1426709033190832E+01 a        91     0     4     1     1
 -2.3168450080639338E+00 a        92     0     4     1     2
  4.5482814089941357E+00 a        93     0     4     1     3
 -1.1535581080250168E+00 a        94     0     4     1     4
 -8.7445496446259097E-01 a        95     0     4     1     5
  3.1967769004694468E+00 a        96     0     4     1     6
  5.5949990013631865E+00 a        97     0     4     1     7
 -5.2362758325198910E-01 a        98     0     4     1     8
 -1.2250831021551294E+01 a        99     0     4     1     9
  6.0367685350357023E+00 a       100     0     4     1    10
  7.9026224480503577E+00 a       101     0     4     1    11
  7.0452791941171844E+00 a       102     0     4     1    12
 -5.1261670154711672E+00 a       103     0     4     1    13
 -6.3101050840764561E-01 a       104     0     4     1    14
  7.7217563748830518E+00 a       105     0     4     1    15
 -9.9256575170300430E+00 a       106     0     4     1    16
  9.6369140905632134E-01 a       107     0     4     1    17
 -6.4868303871373567E-01 a       108     0     4     1    18
 -6.8385619862420448E+00 a       109     0     4     1    19
 -1.0130986015367835E+01 a       110     0     4     1    20
  9.6995356785422426E-01 a       111     0     4     1    21
  5.9640403325088576E-01 a       112     0     4     1    22
 -2.7362100136497975E+00 a       113     0     4     1    23
  2.3912592218089812E+00 a       114     0     4     1    24
 -1.1514715458278793E+01 a       115     0     4     1    25
 -2.9222618761356576E+00 a       116     0     4     1    26
  8.7677608297708129E+00 a       117     0     4     1    27
  1.5978968251546073E+00 a       118     0     4     1    28
 -1.2088252586484856E+00 a       119     0     4     1    29
  2.7095203365288754E+00 a       120     0     4     1    30
 -4.1876289735466816E+00 a       121     0     5     1     1
 -5.2229018313633635E-01 a       122     0     5     1     2
 -1.2596001613627192E+00 a       123     0     5     1     3
  5.2078115946865999E+00 a       124     0     5     1     4
 -1.1741998718985558E+00 a       125     0     5     1     5
  1.9849925103328114E+00 a       126     0     5     1     6
  8.2915892631782495E-01 a       127     0     5     1     7
 -9.5535892541441847E-01 a       128     0     5     1     8
 -8.2558963947568476E-01 a       129     0     5     1     9
 -4.7563652440792694E+00 a       130     0     5     1    10
 -2.3075077780716300E+00 a       131     0     5     1    11
 -3.3751846300618951E+00 a       132     0     5     1    12
 -3.6770341596092204E+00 a       133     0     5     1    13
 -4.8353933139683836E+00 a       134     0     5     1    14
 -4.1961310432367327E+00 a       135     0     5     1    15
 -9.5407827897364739E-01 a       136     0     5     1    16
 -1.2462109155200853E+00 a       137     0     5     1    17
 -2.6168422181818363E+00 a       138     0     5     1    18
  3.6735097156370990E+00 a       139     0     5     1    19
 -4.8634050708403348E-01 a       140     0     5     1    20
  3.9293265499857819E+00 a       141     0     5     1    21
  4.0667522630866557E+00 a       142     0     5     1    22
  1.1520528002360786E+00 a       143     0     5     1    23
 -4.6757890484569131E+00 a       144     0     5     1    24
  9.8677424450801043E-01 a       145     0     5     1    25
 -6.3146460264402675E+00 a       146     0     5     1    26
 -1.3083949683504106E+00 a       147     0     5     1    27
 -1.7002174134793659E+00 a       148     0     5     1    28
 -1.5314745809019341E+00 a       149     0     5     1    29
  1.3290060376618611E+00 a       150     0     5     1    30
  5.1954140696590612E+00 a       151     0     6     1     1
  1.1818524612411389E+01 a       152     0     6     1     2
  5.3150912709820126E+00 a       153     0     6     1     3
 -1.5533016331365829E+01 a       154     0     6     1     4
 -1.4171287909871884E+00 a       155     0     6     1     5
 -3.3378017523533776E+00 a       156     0     6     1     6
  7.4716809514631510E+00 a       157     0     6     1     7
  1.4408784785787521E+01 a       158     0     6     1     8
  3.2838732661083845E+00 a       159     0     6     1     9
  5.2753725916056036E+00 a       160     0     6     1    10
  1.0841021365051093E+01 a       161     0     6     1    11
  5.8726198138318511E+00 a       162     0     6     1    12
  8.4355599852127716E-01 a       163     0     6     1    13
  1.2696204563208624E+01 a       164     0     6     1    14
 -7.1539905087670297E+00 a       165     0     6     1    15
 -2.2729868757846816E+00 a       166     0     6     1    16
  2.0352098918516761E+00 a       167     0     6     1    17
 -2.8612596866095004E+00 a       168     0     6     1    18
 -9.8816993099803589E+00 a       169     0     6     1    19
 -3.2860426605979405E+00 a       170     0     6     1    20
  9.0473745679108619E-01 a       171     0     6     1    21
 -4.7847819867228178E+00 a       172     0     6     1    22
 -3.6037346416433476E+00 a       173     0     6     1    23
  6.9250393629312548E+00 a       174     0     6     1    24
 -9.1161872929088794E+00 a       175     0     6     1    25
  7.1238584753105867E+00 a       176     0     6     1    26
 -6.2175832535447109E+00 a       177     0     6     1    27
  4.8246522761806414E+00 a       178     0     6     1    28
  1.7352389806323636E+01 a       179     0     6     1    29
 -8.1583546020310376E+00 a       180     0     6     1    30
  1.4126938188788141E+00 a       181     0     7     1     1
  7.0969151665115247E+00 a       182     0     7     1     2
 -1.1579376623227979E+00 a       183     0     7     1     3
  1.0999194895942884E+01 a       184     0     7     1     4
  2.0199954168016423E+00 a       185     0     7     1     5
 -2.0386698575769402E-01 a       186     0     7     1     6
  6.0052117232778999E+00 a       187     0     7     1     7
  2.9685476004468154E+00 a       188     0     7     1     8
 -2.3461265908489022E+00 a       189     0     7     1     9
 -4.4477596658028773E+00 a       190     0     7     1    10
  8.5733027513244302E+00 a       191     0     7     1    11
  1.2811138351453659E+01 a       192     0     7     1    12
 -1.0046040359163609E+01 a       193     0     7     1    13
  1.1489344949820845E+01 a       194     0     7     1    14
 -7.9108283890810966E+00 a       195     0     7     1    15
  8.4474059292578456E+00 a       196     0     7     1    16
 -8.6067336586540453E+00 a       197     0     7     1    17
 -5.2987097128691634E+00 a       198     0     7     1    18
  1.4667607931872489E-01 a       199     0     7     1    19
 -6.7954601171354909E+00 a       200     0     7     1    20
  6.7465249521396036E+00 a       201     0     7     1    21
 -3.4458132713871232E+00 a       202     0     7     1    22
 -2.3352798692774011E+00 a       203     0     7     1    23
 -1.2077065337711815E+01 a       204     0     7     1    24
 -1.2722209825671882E+01 a       205     0     7     1    25
  2.4511972660808339E+00 a       206     0     7     1    26
 -1.1751702933034613E+01 a       207     0     7     1    27
  3.1147162567028461E+00 a       208     0     7     1    28
  1.0970765725689491E+01 a       209     0     7     1    29
  6.4246427304462781E+00 a       210     0     7     1    30
 -7.2904898201427910E+00 a       211     0     8     1     1
  2.1097589869005674E+01 a       212     0     8     1     2
  1.5229199013436345E+00 a       213     0     8     1     3
  1.4638685612890641E+00 a       214     0     8     1     4
 -1.2698454172797826E+01 a       215     0     8     1     5
  3.4490749581820905E+00 a       216     0     8     1     6
 -1.2709275444861074E+01 a       217     0     8     1     7
 -1.5627507943932093E+01 a       218     0     8     1     8
  2.7022639375574120E+00 a       219     0     8     1     9
 -1.2791391930610235E+01 a       220     0     8     1    10
  1.4850721002739006E+01 a       221     0     8     1    11
 -1.2934478352766563E+00 a       222     0     8     1    12
 -2.0543498591823428E-01 a       223     0     8     1    13
  1.8595969137424742E+00 a       224     0     8     1    14
  2.1177928076646158E+00 a       225     0     8     1    15
  2.0350506366667005E+01 a       226     0     8     1    16
 -4.9395968069880531E+00 a       227     0     8     1    17
  1.3114325696411719E+01 a       228     0     8     1    18
  6.6695398371761687E+00 a       229     0     8     1    19
 -1.1875340129148631E+01 a       230     0     8     1    20
 -7.8695322621534736E+00 a       231     0     8     1    21
  6.6143928230608862E-01 a       232     0     8     1    22
 -2.7789033188407448E+01 a       233     0     8     1    23
  4.8668675516767834E+00 a       234     0     8     1    24
  1.3864037324467565E+01 a       235     0     8     1    25
  2.5068021057878227E+01 a       236     0     8     1    26
 -3.7977489969209727E-01 a       237     0     8     1    27
 -4.5450035829620701E+00 a       238     0     8     1    28
  1.5106131706071379E+01 a       239     0     8     1    29
 -9.4073488587697049E+00 a       240     0     8     1    30
 -1.2458767516488372E+01 a       241     0     9     1     1
 -6.7462220293790311E+00 a       242     0     9     1     2
 -6.4016213709904495E+00 a       243     0     9     1     3
 -3.1609455743425769E+00 a       244     0     9     1     4
 -6.6515835389445206E+00 a       245     0     9     1     5
 -1.6419189664021054E+01 a       246     0     9     1     6
  4.3048621316119613E+00 a       247     0     9     1     7
  5.8637206145833467E+00 a       248     0     9     1     8
  2.3597573001985741E+00 a       249     0     9     1     9
  1.5439615873910563E+01 a       250     0     9     1    10
 -4.4876235342370513E-01 a       251     0     9     1    11
 -2.4614263956358164E+00 a       252     0     9     1    12
 -7.6857634787458364E+00 a       253     0     9     1    13
  1.1281727078599573E+01 a       254     0     9     1    14
  1.2182782398133950E+01 a       255     0     9     1    15
  7.4847822488192550E+00 a       256     0     9     1    16
  5.9889266560243137E-01 a       257     0     9     1    17
 -2.2549942146546877E+00 a       258     0     9     1    18
  2.4676638717502444E-01 a       259     0     9     1    19
  2.3183694131239392E+00 a       260     0     9     1    20
  2.9417552344765481E+00 a       261     0     9     1    21
  5.1545763185692071E+00 a       262     0     9     1    22
  1.3041739549372990E+01 a       263     0     9     1    23
  9.9095403742736199E+00 a       264     0     9     1    24
 -1.3183658816423137E+01 a       265     0     9     1    25
 -4.6478810807672311E+00 a       266     0     9     1    26
  3.9533898021430107E+00 a       267     0     9     1    27
  2.5083069283185124E+00 a       268     0     9     1    28
 -5.9625526294102729E+00 a       269     0     9     1    29
 -9.9192563214691205E+00 a       270     0     9     1    30
 -3.2022781838725201E+00 a       271     0    10     1     1
 -7.6837540324399856E-01 a       272     0    10     1     2
 -8.1826677288604155E-01 a       273     0    10     1     3
  3.2613331695434993E+00 a       274     0    10     1     4
 -1.2499764465977838E+00 a       275     0    10     1     5
  2.5705783148432708E+00 a       276     0    10     1     6
  2.2890385263147492E+00 a       277     0    10     1     7
 -6.7429982785782645E+00 a       278     0    10     1     8
 -8.3428579023095739E-01 a       279     0    10     1     9
  1.6596387845310596E+00 a       280     0    10     1    10
 -5.6919140250322044E+00 a       281     0    10     1    11
 -2.4124889732645736E+00 a       282     0    10     1    12
  1.8645236874963262E+00 a       283     0    10     1    13
 -4.8684298179374625E+00 a       284     0    10     1    14
 -4.6535857209136058E+00 a       285     0    10     1    15
  2.0704399246620526E+00 a       286     0    10     1    16
 -2.7786873986299843E+00 a       287     0    10     1    17
  2.3563062283477341E+00 a       288     0    10     1    18
  3.1766915406759701E+00 a       289     0    10     1    19
 -1.6273389979428152E+00 a       290     0    10     1    20
  7.5434194154318646E-01 a       291     0    10     1    21
 -3.5762397127181100E-01 a       292     0    10     1    22
  4.0220293876342483E-01 a       293     0    10     1    23
  1.1924618579872114E-02 a       294     0    10     1    24
  8.0303178445499113E-01 a       295     0    10     1    25
 -3.7139240036271910E+00 a       296     0    10     1    26
 -2.7717841239202814E+00 a       297     0    10     1    27
 -1.0491969323018473E+00 a       298     0    10     1    28
  3.7366079341016198E+00 a       299     0    10     1    29
  4.1030847058965350E+00 a       300     0    10     1    30
  1.3637436955338845E+01 a       301     0    11     1     1
  1.4189951716908572E+01 a       302     0    11     1     2
 -1.4412015983724563E+01 a       303     0    11     1     3
  4.6327125536640779E+00 a       304     0    11     1     4
  3.7883301381466318E+01 a       305     0    11     1     5
  2.6343007511841843E-01 a       306     0    11     1     6
  9.8084908436444227E+00 a       307     0    11     1     7
  5.6377541047997362E+00 a       308     0    11     1     8
  2.4336366151390232E+00 a       309     0    11     1     9
  7.9748195048834400E+00 a       310     0    11     1    10
  7.1636622141161439E+00 a       311     0    11     1    11
 -7.4628426263277818E+00 a       312     0    11     1    12
 -2.8792344243150430E+00 a       313     0    11     1    13
  8.4940962631969263E+00 a       314     0    11     1    14
  3.6000596137787761E+00 a       315     0    11     1    15
  3.1673094841102763E-02 a       316     0    11     1    16
 -1.6947086566853049E+01 a       317     0    11     1    17
 -1.2082844634560811E+01 a       318     0    11     1    18
 -6.9522991706359347E+00 a       319     0    11     1    19
 -1.8869521737225969E+00 a       320     0    11     1    20
  1.3593893879908489E+01 a       321     0    11     1    21
  1.8787492273647061E+01 a       322     0    11     1    22
 -3.9667177336000252E+00 a       323     0    11     1    23
  9.2209069447359990E+00 a       324     0    11     1    24
 -1.0750381115902163E+01 a       325     0    11     1    25
 -7.9588032795905281E+00 a       326     0    11     1    26
  5.5308358127763331E+00 a       327     0    11     1    27
  6.3130139943278971E+00 a       328     0    11     1    28
 -8.6577029991441439E+00 a       329     0    11     1    29
 -7.6878342542163489E+00 a       330     0    11     1    30
  8.3433283829323948E+00 a       331     0    12     1     1
  2.8903722388197486E+00 a       332     0    12     1     2
 -1.0165598736515085E+00 a       333     0    12     1     3
 -6.9289798078419729E+00 a       334     0    12     1     4
  1.0786254522126075E+00 a       335     0    12     1     5
 -7.7706847111760489E+00 a       336     0    12     1     6
 -4.8730166220741209E+00 a       337     0    12     1     7
  9.5462294647383832E+00 a       338     0    12     1     8
 -1.4265078667862170E+00 a       339     0    12     1     9
 -9.6147794676843645E-01 a       340     0    12     1    10
  7.6296174003368211E+00 a       341     0    12     1    11
  3.6210686462447170E+00 a       342     0    12     1    12
 -2.5682304849506932E+00 a       343     0    12     1    13
  3.9077130078953410E+00 a       344     0    12     1    14
  3.4020384614528516E+00 a       345     0    12     1    15
 -5.6955955885714571E-01 a       346     0    12     1    16
  7.2070821204357465E+00 a       347     0    12     1    17
 -5.4807969729383732E+00 a       348     0    12     1    18
 -2.9696912163280218E+00 a       349     0    12     1    19
  1.5341590636878122E-03 a       350     0    12     1    20
 -3.4153775081139344E+00 a       351     0    12     1    21
  2.0606496483216175E-01 a       352     0    12     1    22
 -9.2029692569980459E-01 a       353     0    12     1    23
 -1.0552393239380400E+00 a       354     0    12     1    24
  5.9852872826113481E+00 a       355     0    12     1    25
  5.8059567405718013E+00 a       356     0    12     1    26
 -2.0106917687288890E+00 a       357     0    12     1    27
  3.3618362343804424E+00 a       358     0    12     1    28
 -3.1292416375955401E-01 a       359     0    12     1    29
 -7.7418706351800077E+00 a       360     0    12     1    30
 -4.4821723718653876E+00 a       361     0    13     1     1
 -1.1346119869570677E+01 a       362     0    13     1     2
 -5.2712040424424638E+00 a       363     0    13     1     3
  1.6284877807101868E+01 a       364     0    13     1     4
  2.0384891705841817E+00 a       365     0    13     1     5
  2.9699539187371697E+00 a       366     0    13     1     6
 -1.2461550826388546E+01 a       367     0    13     1     7
 -1.0992033863261177E+01 a       368     0    13     1     8
 -3.0034860056070820E+00 a       369     0    13     1     9
 -1.9610163429157219E+00 a       370     0    13     1    10
 -1.3105553439429139E+01 a       371     0    13     1    11
 -8.0892489736211228E+00 a       372     0    13     1    12
  7.9907003683102600E+00 a       373     0    13     1    13
 -2.0015163143877121E+01 a       374     0    13     1    14
  1.4656712655179803E+01 a       375     0    13     1    15
 -1.0453576272438494E+00 a       376     0    13     1    16
  6.8162258318269249E+00 a       377     0    13     1    17
  2.8293430346149773E+00 a       378     0    13     1    18
  4.0250199605394599E+00 a       379     0    13     1    19
  9.3283137168875427E+00 a       380     0    13     1    20
 -7.5676309257584995E+00 a       381     0    13     1    21
  5.9638606998725150E+00 a       382     0    13     1    22
  3.6627952072519006E+00 a       383     0    13     1    23
 -3.6900510600909873E+00 a       384     0    13     1    24
  1.9145637520629496E+01 a       385     0    13     1    25
 -2.5003647203860377E+00 a       386     0    13     1    26
  1.3846846400456233E+01 a       387     0    13     1    27
  1.9907764105736785E+00 a       388     0    13     1    28
 -1.9336900018355987E+01 a       389     0    13     1    29
  2.3355377938827337E+00 a       390     0    13     1    30
  1.2399449612294488E+01 a       391     0    14     1     1
 -1.7558038112582324E+01 a       392     0    14     1     2
 -1.0460335797485993E+01 a       393     0    14     1     3
  2.2130508931280069E+01 a       394     0    14     1     4
  1.6377146891627099E+01 a       395     0    14     1     5
 -1.7708893612709922E+01 a       396     0    14     1     6
 -6.1157295630406261E-01 a       397     0    14     1     7
  5.2264154890806278E+00 a       398     0    14     1     8
 -1.4057048683017021E+01 a       399     0    14     1     9
 -2.5056936682125754E+00 a       400     0    14     1    10
 -8.2558519021293684E+00 a       401     0    14     1    11
  5.1815959653751253E+00 a       402     0    14     1    12
 -1.5794936351797432E+01 a       403     0    14     1    13
  3.6172840381119862E+00 a       404     0    14     1    14
 -1.1255658523783694E+01 a       405     0    14     1    15
  7.7082071843225286E+00 a       406     0    14     1    16
 -6.5453357824252141E+00 a       407     0    14     1    17
 -9.6207207342000309E+00 a       408     0    14     1    18
 -3.4344925196207456E+00 a       409     0    14     1    19
 -6.9918836978579861E+00 a       410     0    14     1    20
  4.0854799398404884E+00 a       411     0    14     1    21
  2.0617527584988764E+00 a       412     0    14     1    22
  3.4971152985558107E+00 a       413     0    14     1    23
  4.3316502906721652E+00 a       414     0    14     1    24
 -2.1899932691841688E+01 a       415     0    14     1    25
  1.8583990420767705E+01 a       416     0    14     1    26
 -4.7698474327826714E+00 a       417     0    14     1    27
  1.4536225702397537E+01 a       418     0    14     1    28
 -5.8328327764545538E+00 a       419     0    14     1    29
 -2.8482887530030587E+00 a       420     0    14     1    30
  3.0122482567431297E-01 a       421     0    15     1     1
 -4.9008294355171280E+00 a       422     0    15     1     2
 -3.9861465468660788E+00 a       423     0    15     1     3
  1.9124352852940352E+00 a       424     0    15     1     4
  3.6690725661426811E+00 a       425     0    15     1     5
 -6.0763773567650841E+00 a       426     0    15     1     6
  5.2415162211282533E+00 a       427     0    15     1     7
  3.1467469243987414E+00 a       428     0    15     1     8
  4.5899995832701403E+00 a       429     0    15     1     9
  1.2618679523600635E+01 a       430     0    15     1    10
 -3.6638935133083064E+00 a       431     0    15     1    11
 -6.1493334409235434E-01 a       432     0    15     1    12
 -1.2761232185327533E+01 a       433     0    15     1    13
  7.1918420584330907E+00 a       434     0    15     1    14
  1.3952776378209043E+01 a       435     0    15     1    15
  2.7204860643582753E+00 a       436     0    15     1    16
  1.0439435372894988E-01 a       437     0    15     1    17
  3.1311438597980752E+00 a       438     0    15     1    18
 -8.0613044539542180E+00 a       439     0    15     1    19
 -5.2916138365565955E+00 a       440     0    15     1    20
  3.7863058335250982E-01 a       441     0    15     1    21
  3.8382000513520276E+00 a       442     0    15     1    22
 -2.4394048019491597E+00 a       443     0    15     1    23
  6.3593906421070745E+00 a       444     0    15     1    24
  3.0192521650034729E+00 a       445     0    15     1    25
  2.9143229768552872E+00 a       446     0    15     1    26
  4.4098303102470249E+00 a       447     0    15     1    27
 -5.3361264300747457E-01 a       448     0    15     1    28
 -1.3642108043200082E+01 a       449     0    15     1    29
  1.0983760397954332E+00 a       450     0    15     1    30
 -1.7981343658591200E+01 a       451     0    16     1     1
  2.9341028086162746E+00 a       452     0    16     1     2
 -2.0508334176069871E+00 a       453     0    16     1     3
 -5.5189855776062458E-01 a       454     0    16     1     4
  1.1733408628509436E+00 a       455     0    16     1     5
  4.5587293032854488E+00 a       456     0    16     1     6
 -1.0585796356245121E+01 a       457     0    16     1     7
 -1.1628105080905604E+01 a       458     0    16     1     8
 -9.7020342664211885E+00 a       459     0    16     1     9
 -1.8487999569645272E+01 a       460     0    16     1    10
  1.3557857178209055E+01 a       461     0    16     1    11
 -1.7747309894504287E+01 a       462     0    16     1    12
  1.7514065328096697E+00 a       463     0    16     1    13
 -7.3764569792677346E+00 a       464     0    16     1    14
 -7.4120361866164552E+00 a       465     0    16     1    15
 -2.5537564369818755E+00 a       466     0    16     1    16
 -1.9885725961431302E+01 a       467     0    16     1    17
 -1.4574260174855782E+01 a       468     0    16     1    18
 -8.5946812843844338E+00 a       469     0    16     1    19
  1.0564015369767892E+01 a       470     0    16     1    20
  7.0399915224067131E+00 a       471     0    16     1    21
 -1.6484714224950821E+01 a       472     0    16     1    22
 -2.1755626118264900E+01 a       473     0    16     1    23
  2.6516821075424363E-01 a       474     0    16     1    24
  2.2611146876256818E+00 a       475     0    16     1    25
 -9.3567342276128702E+00 a       476     0    16     1    26
  9.2963468688598709E+00 a       477     0    16     1    27
 -4.6132588284943497E+00 a       478     0    16     1    28
  6.8151071292610652E+00 a       479     0    16     1    29
 -1.7773676773251548E+00 a       480     0    16     1    30
  2.0819110707873247E+00 a       481     0    17     1     1
 -3.0344804892903290E+00 a       482     0    17     1     2
  1.3675345121972985E+01 a       483     0    17     1     3
  9.5562215904499936E-01 a       484     0    17     1     4
 -1.2443234047605415E+01 a       485     0    17     1     5
  1.4522530013998752E+01 a       486     0    17     1     6
 -4.0529095734582512E+00 a       487     0    17     1     7
 -1.3226638716356305E+01 a       488     0    17     1     8
 -7.6708097590846531E+00 a       489     0    17     1     9
 -1.3400780957400807E+01 a       490     0    17     1    10
  1.7603948976886588E+01 a       491     0    17     1    11
 -3.3666784188301624E-01 a       492     0    17     1    12
  1.3233288410455108E+01 a       493     0    17     1    13
  4.1189643999611825E+00 a       494     0    17     1    14
  2.1382185146104340E+00 a       495     0    17     1    15
 -4.6319446780529905E+00 a       496     0    17     1    16
  9.9382447983297482E+00 a       497     0    17     1    17
  1.2344894488421769E+01 a       498     0    17     1    18
  8.6726726221593111E+00 a       499     0    17     1    19
 -5.8725611345693709E+00 a       500     0    17     1    20
  4.4217530074468749E+00 a       501     0    17     1    21
  5.5585066447993672E+00 a       502     0    17     1    22
 -1.2667685855146825E+01 a       503     0    17     1    23
  1.7402846717681754E+01 a       504     0    17     1    24
  3.7747631896497169E+00 a       505     0    17     1    25
 -1.1646853406873290E+00 a       506     0    17     1    26
  8.8126964203938645E+00 a       507     0    17     1    27
  1.9922291967240948E+00 a       508     0    17     1    28
 -9.8045544041539614E+00 a       509     0    17     1    29
  1.0081357043678068E+01 a       510     0    17     1    30
 -9.6114391879545433E+00 a       511     0    18     1     1
 -1.0833084470807197E+00 a       512     0    18     1     2
 -1.1272772923345566E+00 a       513     0    18     1     3
 -4.4459910146975430E+00 a       514     0    18     1     4
  4.3147185196651767E+00 a       515     0    18     1     5
  2.1630161070743967E+00 a       516     0    18     1     6
  9.6672146333021569E+00 a       517     0    18     1     7
 -1.0368843513005759E+01 a       518     0    18     1     8
 -1.6211599748130929E+00 a       519     0    18     1     9
  5.4974586406691301E+00 a       520     0    18     1    10
 -1.8570248575405120E+01 a       521     0    18     1    11
  2.2720230307347805E-01 a       522     0    18     1    12
  5.8436721248029535E+00 a       523     0    18     1    13
  5.6230991953130149E-01 a       524     0    18     1    14
  5.1153756161946822E+00 a       525     0    18     1    15
 -3.8244947707290819E+00 a       526     0    18     1    16
 -1.4917026529973691E+00 a       527     0    18     1    17
  1.1836438801375756E+01 a       528     0    18     1    18
  1.2208609527871507E+01 a       529     0    18     1    19
  9.9205651834534887E+00 a       530     0    18     1    20
 -1.7524206219400336E+00 a       531     0    18     1    21
  8.0875693353550360E-01 a       532     0    18     1    22
  4.9347344444642358E+00 a       533     0    18     1    23
  2.3893861406134073E-02 a       534     0    18     1    24
 -2.5265444086148765E+00 a       535     0    18     1    25
 -1.5266585387507533E+01 a       536     0    18     1    26
  2.4210640231370704E+00 a       537     0    18     1    27
  5.9320746716630230E+00 a       538     0    18     1    28
  2.1537231453528398E+00 a       539     0    18     1    29
 -2.6990816639501745E+00 a       540     0    18     1    30
 -3.2196847366253216E+01 a       541     0    19     1     1
  2.0810769351861115E+01 a       542     0    19     1     2
 -6.0705245403923536E-01 a       543     0    19     1     3
 -3.4529224450201141E+00 a       544     0    19     1     4
 -2.5468292732283800E+01 a       545     0    19     1     5
  1.0142623855213840E+01 a       546     0    19     1     6
  4.7050057571829074E+00 a       547     0    19     1     7
  2.2624864926104777E+00 a       548     0    19     1     8
  1.9420323087388677E+01 a       549     0    19     1     9
  4.4788336403462239E+00 a       550     0    19     1    10
 -1.7254677098078645E+01 a       551     0    19     1    11
  1.4887798461373722E+01 a       552     0    19     1    12
  6.0804488809430595E+00 a       553     0    19     1    13
 -2.7381107471069157E+01 a       554     0    19     1    14
  1.9306089879578789E+01 a       555     0    19     1    15
 -6.4274174839496423E+00 a       556     0    19     1    16
  8.8421668427260727E+00 a       557     0    19     1    17
 -1.0412238766625363E+01 a       558     0    19     1    18
 -1.5660517652256482E+01 a       559     0    19     1    19
  8.8857986397170574E+00 a       560     0    19     1    20
 -1.2160286007957926E+00 a       561     0    19     1    21
  2.0850508623667787E+00 a       562     0    19     1    22
  1.9169052301026226E+00 a       563     0    19     1    23
 -2.0063354976266481E+01 a       564     0    19     1    24
  2.5281889741884696E+00 a       565     0    19     1    25
 -1.6959013704547779E+01 a       566     0    19     1    26
 -1.0902912935090466E+01 a       567     0    19     1    27
 -3.1821008146369261E+00 a       568     0    19     1    28
  7.9225837511715120E+00 a       569     0    19     1    29
  6.6109563026059908E+00 a       570     0    19     1    30
 -1.1926326955336025E+01 a       571     0    20     1     1
 -4.7417676721327673E-01 a       572     0    20     1     2
 -3.9703648914825664E+00 a       573     0    20     1     3
 -4.9952119703351944E-01 a       574     0    20     1     4
 -2.7521756880753863E+01 a       575     0    20     1     5
 -3.6361446002264182E+00 a       576     0    20     1     6
 -1.6962128420106684E+01 a       577     0    20     1     7
  1.0015835879146506E+01 a       578     0    20     1     8
 -9.8031070998163159E+00 a       579     0    20     1     9
 -8.5279972123523731E+00 a       580     0    20     1    10
  1.3274001265339168E+01 a       581     0    20     1    11
 -9.2576963124580605E+00 a       582     0    20     1    12
  3.2311568556198198E+00 a       583     0    20     1    13
 -4.3652030838077929E+00 a       584     0    20     1    14
  6.8578705047524613E-01 a       585     0    20     1    15
  1.2423412403861285E+01 a       586     0    20     1    16
  1.0193786274640942E+01 a       587     0    20     1    17
 -1.0929304527884062E+01 a       588     0    20     1    18
 -9.4853795663369844E+00 a       589     0    20     1    19
 -1.5745925252604705E+01 a       590     0    20     1    20
  5.6036146770031161E+00 a       591     0    20     1    21
  1.4220781878840374E+00 a       592     0    20     1    22
  1.3283882718825923E+01 a       593     0    20     1    23
 -8.6073563114662632E-01 a       594     0    20     1    24
  4.5798305173858020E+00 a       595     0    20     1    25
  1.1499125719484871E+01 a       596     0    20     1    26
 -1.8846353427914142E+01 a       597     0    20     1    27
 -3.1987062890671334E+00 a       598     0    20     1    28
 -3.6321007558395424E+00 a       599     0    20     1    29
 -6.8181530430715007E+00 a       600     0    20     1    30
  1.0129243874031335E+01 a       601     0    21     1     1
 -2.3378141410683457E+00 a       602     0    21     1     2
 -4.4873995463508969E+00 a       603     0    21     1     3
  5.1094368330732811E+00 a       604     0    21     1     4
 -1.7736273677180412E+00 a       605     0    21     1     5
  8.0346267371080700E+00 a       606     0    21     1     6
  1.3944427429431229E+01 a       607     0    21     1     7
 -3.0766487059413850E+00 a       608     0    21     1     8
 -7.4273663343575269E-02 a       609     0    21     1     9
  2.2645333703538213E+01 a       610     0    21     1    10
 -6.7410523917630076E+00 a       611     0    21     1    11
 -6.3520577521684256E+00 a       612     0    21     1    12
 -3.1204124315180874E+00 a       613     0    21     1    13
 -2.9644841026910185E+00 a       614     0    21     1    14
 -4.2529076694272430E+00 a       615     0    21     1    15
  8.1338230646812661E+00 a       616     0    21     1    16
  5.3589845124881714E+00 a       617     0    21     1    17
  1.8641786585884265E+01 a       618     0    21     1    18
  2.2718379159562403E+00 a       619     0    21     1    19
  5.8363589391841959E+00 a       620     0    21     1    20
  7.0852584650657047E+00 a       621     0    21     1    21
 -1.1137239728319608E+01 a       622     0    21     1    22
  5.8313387306783548E+00 a       623     0    21     1    23
  1.4517849029278593E+00 a       624     0    21     1    24
  7.4113393875919753E+00 a       625     0    21     1    25
 -6.6929453780972548E+00 a       626     0    21     1    26
  1.0561672911687123E+00 a       627     0    21     1    27
  1.6031700722160458E+01 a       628     0    21     1    28
  7.1399997999587788E+00 a       629     0    21     1    29
  1.4388796261165814E+01 a       630     0    21     1    30
  1.4016714843789680E+01 a       631     0    22     1     1
  1.4175797838012075E+01 a       632     0    22     1     2
  1.7728466029075438E+01 a       633     0    22     1     3
 -2.1082224055737818E+01 a       634     0    22     1     4
 -1.0509523822981340E+01 a       635     0    22     1     5
  6.6653421937345341E+00 a       636     0    22     1     6
 -1.3122865392720009E+01 a       637     0    22     1     7
 -6.1066004020186710E+00 a       638     0    22     1     8
 -8.8124085231468676E+00 a       639     0    22     1     9
  2.4737786678757869E+00 a       640     0    22     1    10
 -3.8249776818955133E-01 a       641     0    22     1    11
 -9.8039373186913039E+00 a       642     0    22     1    12
 -4.7541345506336166E+00 a       643     0    22     1    13
  2.3618342557808751E+00 a       644     0    22     1    14
  1.4565661000677329E+01 a       645     0    22     1    15
 -1.5379304466624676E+01 a       646     0    22     1    16
  7.6618075811727362E+00 a       647     0    22     1    17
  1.9441378000031282E+00 a       648     0    22     1    18
 -1.0777332654356320E+00 a       649     0    22     1    19
  9.8331689504904958E+00 a       650     0    22     1    20
 -7.2902571210631359E+00 a       651     0    22     1    21
 -4.5068293895262714E+00 a       652     0    22     1    22
  1.1250215564698321E+01 a       653     0    22     1    23
 -1.1412344213835103E+01 a       654     0    22     1    24
  2.2137838314577461E+01 a       655     0    22     1    25
 -5.8649524320262592E-01 a       656     0    22     1    26
 -6.6385057011978708E+00 a       657     0    22     1    27
 -7.8476228755824087E+00 a       658     0    22     1    28
 -1.5541776286082611E+01 a       659     0    22     1    29
  4.8734995011228950E+00 a       660     0    22     1    30
  2.0977876783058829E+01 a       661     0    23     1     1
  3.4610734551950109E+00 a       662     0    23     1     2
  9.1222585137142627E+00 a       663     0    23     1     3
  1.7006783234732161E+00 a       664     0    23     1     4
  1.9427674715319192E+01 a       665     0    23     1     5
  1.7197719952007827E+01 a       666     0    23     1     6
  5.8873326649170181E+00 a       667     0    23     1     7
  1.0486192686207485E+00 a       668     0    23     1     8
  1.4301245303274102E+00 a       669     0    23     1     9
  6.3836540305321821E-01 a       670     0    23     1    10
  9.7319994093073223E+00 a       671     0    23     1    11
  6.0115706875238519E+00 a       672     0    23     1    12
 -2.0803502757728605E+01 a       673     0    23     1    13
  2.7907300861206150E+00 a       674     0    23     1    14
  2.6892653351303286E+00 a       675     0    23     1    15
 -2.1934620370594349E+01 a       676     0    23     1    16
 -1.3790013636986256E+01 a       677     0    23     1    17
 -5.7754345063900150E+00 a       678     0    23     1    18
 -1.0987324740401597E+01 a       679     0    23     1    19
  2.5300386660831298E+00 a       680     0    23     1    20
 -3.3631469814134611E+00 a       681     0    23     1    21
  8.5151473632232495E+00 a       682     0    23     1    22
 -4.1210022217670712E+00 a       683     0    23     1    23
  3.6289533710983868E+00 a       684     0    23     1    24
 -1.7702448478565669E+00 a       685     0    23     1    25
  1.7634266268437624E+01 a       686     0    23     1    26
  8.3763641776535387E+00 a       687     0    23     1    27
 -1.0925379498798661E+01 a       688     0    23     1    28
 -1.3132249058049805E+01 a       689     0    23     1    29
 -1.1616050654988457E+00 a       690     0    23     1    30
 -3.1856392898450125E+00 a       691     0    24     1     1
 -1.4534154251756529E+01 a       692     0    24     1     2
 -3.2216100150299734E+00 a       693     0    24     1     3
  1.6630539431891147E+01 a       694     0    24     1     4
  6.1116537495649057E+00 a       695     0    24     1     5
  1.6002293346598023E+01 a       696     0    24     1     6
  3.7892264553423689E+00 a       697     0    24     1     7
 -8.7066514346699773E+00 a       698     0    24     1     8
 -2.7360030749944144E+01 a       699     0    24     1     9
  1.5208387390489907E+01 a       700     0    24     1    10
  3.2753875175856932E+00 a       701     0    24     1    11
 -2.6449500980962561E+00 a       702     0    24     1    12
 -1.0251868152333790E+01 a       703     0    24     1    13
  1.8191314405862713E+01 a       704     0    24     1    14
  1.2776907599163090E+00 a       705     0    24     1    15
  2.5061755316895136E+00 a       706     0    24     1    16
  4.3439322121981911E+00 a       707     0    24     1    17
  9.8615498704248719E+00 a       708     0    24     1    18
  9.9593600907017805E+00 a       709     0    24     1    19
  3.7052272395336097E+00 a       710     0    24     1    20
 -4.3668900646384152E+00 a       711     0    24     1    21
  5.3056371739386057E+00 a       712     0    24     1    22
  1.8223909049526068E+01 a       713     0    24     1    23
 -6.2300947044006501E+00 a       714     0    24     1    24
  7.6561930632185426E-01 a       715     0    24     1    25
  2.7628239423967798E+00 a       716     0    24     1    26
  1.5347894324181016E+01 a       717     0    24     1    27
 -7.0227244133661442E+00 a       718     0    24     1    28
 -7.0859900964845828E+00 a       719     0    24     1    29
  1.5226279177550373E+01 a       720     0    24     1    30
  1.0372138721391511E+01 a       721     0    25     1     1
 -3.1658199154371678E+00 a       722     0    25     1     2
  5.2059216417715994E+00 a       723     0    25     1     3
  2.9987801451769007E+00 a       724     0    25     1     4
  9.6511107103136773E+00 a       725     0    25     1     5
 -2.3395013373506369E+01 a       726     0    25     1     6
  2.5904926243935469E+00 a       727     0    25     1     7
  8.7356296714490866E-01 a       728     0    25     1     8
  1.0359044628086670E+01 a       729     0    25     1     9
 -2.6111902477382969E+01 a       730     0    25     1    10
 -1.5774657771244538E+00 a       731     0    25     1    11
  2.6381483886648326E+01 a       732     0    25     1    12
  1.2409853919414495E+00 a       733     0    25     1    13
  1.0756415307929212E+01 a       734     0    25     1    14
  1.0100917326126741E+01 a       735     0    25     1    15
 -2.5812672402192909E+01 a       736     0    25     1    16
 -1.6997256760270787E+01 a       737     0    25     1    17
 -1.5716393562474655E+01 a       738     0    25     1    18
  1.0124282897756681E+01 a       739     0    25     1    19
 -9.9620322610501049E+00 a       740     0    25     1    20
 -1.5021985814713315E+01 a       741     0    25     1    21
  6.8815712595389806E+00 a       742     0    25     1    22
  3.4621118003392346E+00 a       743     0    25     1    23
 -4.8153921347233606E+00 a       744     0    25     1    24
 -1.4067639467086313E+01 a       745     0    25     1    25
  1.4091994937408961E+01 a       746     0    25     1    26
  5.9038973643287243E+00 a       747     0    25     1    27
  6.5138743898883900E-01 a       748     0    25     1    28
 -1.8740435278808049E-01 a       749     0    25     1    29
 -1.7573134121844905E+01 a       750     0    25     1    30
  3.0425863008633551E+00 a       751     0    26     1     1
 -3.3235253374186282E+00 a       752     0    26     1     2
  1.3234575964742595E-01 a       753     0    26     1     3
  5.6820297025334874E+00 a       754     0    26     1     4
 -1.4954739347680677E+01 a       755     0    26     1     5
 -2.9401848128697701E+00 a       756     0    26     1     6
  2.9231695818028118E+00 a       757     0    26     1     7
  9.7751830829859845E+00 a       758     0    26     1     8
  3.5126763678882651E+00 a       759     0    26     1     9
 -7.8210977573726330E+00 a       760     0    26     1    10
  1.6909270971421847E+01 a       761     0    26     1    11
 -2.2414277973105250E+00 a       762     0    26     1    12
 -8.0850072687844268E+00 a       763     0    26     1    13
 -1.9674572365678134E+01 a       764     0    26     1    14
 -1.2066382887835490E+00 a       765     0    26     1    15
 -3.7181525816435519E+00 a       766     0    26     1    16
 -1.3561826005596787E+00 a       767     0    26     1    17
  7.2292299149213193E+00 a       768     0    26     1    18
 -6.9460760613898076E+00 a       769     0    26     1    19
 -2.0094302472585754E+00 a       770     0    26     1    20
  1.0351653885068997E+01 a       771     0    26     1    21
 -9.5763964328560043E+00 a       772     0    26     1    22
  2.6577571289902115E+00 a       773     0    26     1    23
 -9.0003917411452328E-01 a       774     0    26     1    24
  8.5040786472895764E+00 a       775     0    26     1    25
  1.2607959126827592E-01 a       776     0    26     1    26
 -1.0758211958363839E+01 a       777     0    26     1    27
 -3.6863779610608574E+00 a       778     0    26     1    28
  1.5446584024044219E+01 a       779     0    26     1    29
 -5.7432065325980619E-01 a       780     0    26     1    30
  2.7299976213736095E+00 a       781     0    27     1     1
 -1.7899024115180624E+00 a       782     0    27     1     2
  1.2127874949708225E+01 a       783     0    27     1     3
  7.1610548605066944E+00 a       784     0    27     1     4
  2.1009006789195144E+01 a       785     0    27     1     5
 -1.3559753128433746E+01 a       786     0    27     1     6
  1.1704227074755144E+01 a       787     0    27     1     7
 -9.7853958561177592E+00 a       788     0    27     1     8
 -3.4991826287771524E+00 a       789     0    27     1     9
  8.6717544959901183E+00 a       790     0    27     1    10
 -1.1887744632291728E+01 a       791     0    27     1    11
 -4.2182600557726130E-01 a       792     0    27     1    12
  7.0766397068204574E+00 a       793     0    27     1    13
  2.1277181856221361E+01 a       794     0    27     1    14
 -1.6322404191147839E+01 a       795     0    27     1    15
  2.1374872582271284E+01 a       796     0    27     1    16
  1.2246089404443373E+01 a       797     0    27     1    17
 -6.1805831800271473E+00 a       798     0    27     1    18
  9.3368580121079692E+00 a       799     0    27     1    19
  6.0886465425782328E+00 a       800     0    27     1    20
 -6.1157426655919851E+00 a       801     0    27     1    21
 -1.1958395522228258E+00 a       802     0    27     1    22
 -1.2887001989318740E+01 a       803     0    27     1    23
 -6.5502768778938214E-01 a       804     0    27     1    24
 -2.1322708812069212E+01 a       805     0    27     1    25
  6.6663681484391750E+00 a       806     0    27     1    26
  1.8938946711543647E+01 a       807     0    27     1    27
  1.2828154773748111E+01 a       808     0    27     1    28
  1.2479619511037552E+00 a       809     0    27     1    29
  1.3356934663437654E+01 a       810     0    27     1    30
 -9.1354581506413979E+00 a       811     0    28     1     1
 -1.0274438244228033E+01 a       812     0    28     1     2
 -5.5316132198782419E+00 a       813     0    28     1     3
  4.9965300604429679E+00 a       814     0    28     1     4
  4.2315153888522534E+00 a       815     0    28     1     5
  4.3584676000849459E-01 a       816     0    28     1     6
  2.3583673689083957E+00 a       817     0    28     1     7
  1.1844091438041984E+01 a       818     0    28     1     8
  3.9672228316056168E-01 a       819     0    28     1     9
 -2.4087538621457714E+01 a       820     0    28     1    10
  1.4730556244769899E+01 a       821     0    28     1    11
 -7.7929734021188528E+00 a       822     0    28     1    12
  2.6259960626092034E+00 a       823     0    28     1    13
  1.7948978735723553E+00 a       824     0    28     1    14
 -1.0005460651397094E+01 a       825     0    28     1    15
  2.6840993818874360E+01 a       826     0    28     1    16
 -9.2405448092559901E+00 a       827     0    28     1    17
  5.3664923458472717E+00 a       828     0    28     1    18
 -9.8511181445930052E-01 a       829     0    28     1    19
 -2.9060790425501137E+00 a       830     0    28     1    20
 -5.8706865518611266E+00 a       831     0    28     1    21
  3.9847524593533512E+00 a       832     0    28     1    22
 -8.9532083895206362E+00 a       833     0    28     1    23
  1.0558514045896477E+01 a       834     0    28     1    24
 -6.8486496124572929E+00 a       835     0    28     1    25
 -1.1177728860081704E+01 a       836     0    28     1    26
 -9.6264432572972538E+00 a       837     0    28     1    27
 -3.1732562281243695E+00 a       838     0    28     1    28
  1.3770764643977770E+01 a       839     0    28     1    29
 -2.3922759398774090E+01 a       840     0    28     1    30
 -1.2528124832243769E+01 a       841     0    29     1     1
 -4.0223141622496267E-01 a       842     0    29     1     2
 -7.5685530043480540E+00 a       843     0    29     1     3
  2.3977425916397466E+00 a       844     0    29     1     4
 -1.4047052494076013E+01 a       845     0    29     1     5
  5.4113660878098084E+00 a       846     0    29     1     6
 -1.6298000822472019E+01 a       847     0    29     1     7
  4.4047558766943755E+00 a       848     0    29     1     8
 -7.1462618645104419E+00 a       849     0    29     1     9
  1.5292144145825077E+01 a       850     0    29     1    10
  5.7858779579460657E+00 a       851     0    29     1    11
 -1.0307594422680751E+01 a       852     0    29     1    12
  2.0077026488174630E+00 a       853     0    29     1    13
 -1.4455516547061059E+01 a       854     0    29     1    14
  2.2695549666027159E+00 a       855     0    29     1    15
  1.1814981591000864E+01 a       856     0    29     1    16
  3.9577593792735284E+00 a       857     0    29     1    17
  1.2710548702059207E+01 a       858     0    29     1    18
 -3.0990756493923213E+00 a       859     0    29     1    19
  5.6015609298029831E+00 a       860     0    29     1    20
  5.5975539681992803E+00 a       861     0    29     1    21
 -1.3215008057124100E+01 a       862     0    29     1    22
 -6.6825408862206617E+00 a       863     0    29     1    23
 -2.0762262874188925E-01 a       864     0    29     1    24
  2.0482053779160971E+01 a       865     0    29     1    25
 -1.2070152872835163E+01 a       866     0    29     1    26
 -8.0247504345840692E+00 a       867     0    29     1    27
  1.8116386045726354E+00 a       868     0    29     1    28
  1.6503484644663622E+00 a       869     0    29     1    29
  2.5168315235159775E+00 a       870     0    29     1    30
 -1.1831030572846471E+01 a       871     0    30     1     1
  4.3450116943337996E-01 a       872     0    30     1     2
  7.3515986121459438E+00 a       873     0    30     1     3
 -1.9209490998505597E+01 a       874     0    30     1     4
 -8.1220569883386984E-01 a       875     0    30     1     5
 -9.1337026274432080E+00 a       876     0    30     1     6
 -1.1988046505835301E+01 a       877     0    30     1     7
  2.3644439520593652E+00 a       878     0    30     1     8
 -6.4991460023308389E-01 a       879     0    30     1     9
 -1.2430987708132457E+00 a       880     0    30     1    10
 -2.2863768879891797E+01 a       881     0    30     1    11
 -4.1173551161369870E+00 a       882     0    30     1    12
  1.1608898833426720E+01 a       883     0    30     1    13
  7.2269768114970334E-01 a       884     0    30     1    14
 -7.3565880748302237E-01 a       885     0    30     1    15
 -8.2816303679831171E-01 a       886     0    30     1    16
  9.0830150010596515E+00 a       887     0    30     1    17
 -6.2683121902492434E-01 a       888     0    30     1    18
  1.3428706380350709E+01 a       889     0    30     1    19
 -5.7077882517240202E+00 a       890     0    30     1    20
  6.3294759389556852E+00 a       891     0    30     1    21
 -5.4419686572693262E+00 a       892     0    30     1    22
  8.8694325545978518E+00 a       893     0    30     1    23
 -3.2844286630485167E+00 a       894     0    30     1    24
  2.9376385701759764E+00 a       895     0    30     1    25
  3.2080996605914347E+00 a       896     0    30     1    26
  1.0308926413444350E+00 a       897     0    30     1    27
  9.0840313385010063E+00 a       898     0    30     1    28
  7.6718619017800558E+00 a       899     0    30     1    29
 -1.8763914141903118E+01 a       900     0    30     1    30
 -6.2385616190664512E+00 a       901     0    31     1     1
  1.3829187082722047E+01 a       902     0    31     1     2
  1.7975841185407961E+00 a       903     0    31     1     3
 -9.0428509233122014E+00 a       904     0    31     1     4
  9.6736622140185720E+00 a       905     0    31     1     5
 -2.3266929597016346E+00 a       906     0    31     1     6
 -1.2544937551871262E+00 a       907     0    31     1     7
 -6.3755008345999986E+00 a       908     0    31     1     8
 -5.8972165181829728E-01 a       909     0    31     1     9
  1.5335488799608861E+01 a       910     0    31     1    10
  2.7704908045361734E+00 a       911     0    31     1    11
 -1.3661968641254468E+01 a       912     0    31     1    12
  8.9644002190493506E+00 a       913     0    31     1    13
  8.8832528163766273E+00 a       914     0    31     1    14
 -4.3749143943255655E+00 a       915     0    31     1    15
 -5.2694135775315427E+00 a       916     0    31     1    16
  2.1212101197793107E+01 a       917     0    31     1    17
 -7.7459224165921254E+00 a       918     0    31     1    18
 -7.3370130941373635E+00 a       919     0    31     1    19
  6.4682635020794823E+00 a       920     0    31     1    20
  4.0913173651123023E+00 a       921     0    31     1    21
 -5.0967427289042782E+00 a       922     0    31     1    22
  9.6120666383733653E+00 a       923     0    31     1    23
  1.0188226048176616E+00 a       924     0    31     1    24
 -1.0067495943882006E+01 a       925     0    31     1    25
 -6.1999823624419657E+00 a       926     0    31     1    26
  1.9648257734666796E+01 a       927     0    31     1    27
 -1.3473988747533287E+01 a       928     0    31     1    28
  3.7041173540062262E+00 a       929     0    31     1    29
  2.3251525448789510E+00 a       930     0    31     1    30
  2.7299773128675273E+00 a       931     0    32     1     1
 -1.0903535172346475E+01 a       932     0    32     1     2
 -3.1351842952969071E+00 a       933     0    32     1     3
  8.3091836951727966E+00 a       934     0    32     1     4
 -1.1738892913624406E+00 a       935     0    32     1     5
  3.0663140723245412E+00 a       936     0    32     1     6
 -2.3912832977638854E-01 a       937     0    32     1     7
 -1.7676556153756136E+00 a       938     0    32     1     8
 -5.8203119533877681E+00 a       939     0    32     1     9
 -1.4513545610590537E+01 a       940     0    32     1    10
 -4.5899793074041879E+00 a       941     0    32     1    11
  5.2627606505220088E+00 a       942     0    32     1    12
  3.2183690003181216E+00 a       943     0    32     1    13
  1.2670434989986230E+01 a       944     0    32     1    14
 -1.3730175584652626E+00 a       945     0    32     1    15
  2.4235835770085101E+00 a       946     0    32     1    16
  4.6945570645695707E+00 a       947     0    32     1    17
  5.9773444571933991E+00 a       948     0    32     1    18
  6.8889475108363811E+00 a       949     0    32     1    19
  3.9801488772813989E+00 a       950     0    32     1    20
  2.2489155454959300E+00 a       951     0    32     1    21
 -8.6850570111378005E+00 a       952     0    32     1    22
 -4.7820358725810008E+00 a       953     0    32     1    23
 -3.4228579837800908E+00 a       954     0    32     1    24
  1.4946861672052735E+01 a       955     0    32     1    25
 -6.0354215916772602E-01 a       956     0    32     1    26
  1.2838503159825565E+01 a       957     0    32     1    27
 -3.6424346545624351E+00 a       958     0    32     1    28
  2.7440963259598150E+00 a       959     0    32     1    29
 -3.9626606445568648E+00 a       960     0    32     1    30
  3.4627745899787756E+00 a       961     0    33     1     1
  4.9530636765065139E-02 a       962     0    33     1     2
 -5.5585938513528514E+00 a       963     0    33     1     3
 -4.0287680336853116E-01 a       964     0    33     1     4
 -2.5055832495259946E+00 a       965     0    33     1     5
 -1.0895811603979551E+00 a       966     0    33     1     6
  3.2617724478951784E+00 a       967     0    33     1     7
  1.3076640191305410E+01 a       968     0    33     1     8
  1.6519228336583960E+00 a       969     0    33     1     9
 -8.3140840194563683E+00 a       970     0    33     1    10
 -2.8738583816267278E+00 a       971     0    33     1    11
 -1.3567447735063474E+00 a       972     0    33     1    12
 -1.0758778549674323E+01 a       973     0    33     1    13
 -5.8527138127936142E+00 a       974     0    33     1    14
 -4.8943617606062129E-01 a       975     0    33     1    15
  1.5668727323298064E+01 a       976     0    33     1    16
 -2.6683606147030701E+00 a       977     0    33     1    17
  1.1610769942771617E+01 a       978     0    33     1    18
  2.0413430043646436E+01 a       979     0    33     1    19
 -7.9557746201014066E+00 a       980     0    33     1    20
 -1.2097944769437666E+01 a       981     0    33     1    21
  1.5332837908372865E+01 a       982     0    33     1    22
 -1.4076560869102682E+01 a       983     0    33     1    23
  2.7884472446791668E+00 a       984     0    33     1    24
 -1.7604078916794371E+01 a       985     0    33     1    25
 -1.7708201053325103E+00 a       986     0    33     1    26
 -2.1629847871819191E+01 a       987     0    33     1    27
  1.4238937639359563E+01 a       988     0    33     1    28
 -1.0994306197535724E+00 a       989     0    33     1    29
 -2.6939480152961494E+01 a       990     0    33     1    30
 -5.9469866254573818E+00 a       991     0    34     1     1
  1.9124447068503414E+01 a       992     0    34     1     2
 -6.7889695587637640E+00 a       993     0    34     1     3
  8.9954560720198273E+00 a       994     0    34     1     4
 -5.4885259127850201E+00 a       995     0    34     1     5
 -1.5978245409740051E+00 a       996     0    34     1     6
 -4.9829294573008287E+00 a       997     0    34     1     7
  1.0729892533855377E+01 a       998     0    34     1     8
 -8.9679963226269717E+00 a       999     0    34     1     9
 -4.8089116159359235E-01 a      1000     0    34     1    10
 -5.3271938615720549E+00 a      1001     0    34     1    11
  2.8925499612179767E-01 a      1002     0    34     1    12
  7.3356508764617852E+00 a      1003     0    34     1    13
  1.5096245222271094E+00 a      1004     0    34     1    14
  7.2715779350678087E+00 a      1005     0    34     1    15
  1.3178533772596957E+01 a      1006     0    34     1    16
 -1.5997992641496827E+01 a      1007     0    34     1    17
 -2.0744889338949228E+01 a      1008     0    34     1    18
 -8.8078960267860698E+00 a      1009     0    34     1    19
 -4.5441997443214666E+00 a      1010     0    34     1    20
 -4.1403547852664788E+00 a      1011     0    34     1    21
  3.4918465711878871E-01 a      1012     0    34     1    22
  1.5129254253560113E+01 a      1013     0    34     1    23
  8.4791244259628122E+00 a      1014     0    34     1    24
 -3.5570804662629874E+00 a      1015     0    34     1    25
 -5.0511484797782451E+00 a      1016     0    34     1    26
 -1.9613574597794003E+00 a      1017     0    34     1    27
 -8.2303742777513662E+00 a      1018     0    34     1    28
  5.2451895622499549E+00 a      1019     0    34     1    29
  1.3334451929033559E+01 a      1020     0    34     1    30
  3.2213487120040685E+00 a      1021     0    35     1     1
  5.2995637038244423E+00 a      1022     0    35     1     2
  5.1276248729213929E+00 a      1023     0    35     1     3
  1.4879023657933657E+00 a      1024     0    35     1     4
 -4.1387159247649183E+00 a      1025     0    35     1     5
 -3.9919730219338976E+00 a      1026     0    35     1     6
 -2.1367842609548369E+00 a      1027     0    35     1     7
 -8.9052164605454145E+00 a      1028     0    35     1     8
  1.5240467826578876E+00 a      1029     0    35     1     9
  9.5182439489376769E+00 a      1030     0    35     1    10
  8.0539207124516690E+00 a      1031     0    35     1    11
  7.3345032673954580E-01 a      1032     0    35     1    12
  7.0909460329476319E+00 a      1033     0    35     1    13
  2.3332900746137586E+00 a      1034     0    35     1    14
 -3.0800823604042855E+00 a      1035     0    35     1    15
  6.3232589944897200E-01 a      1036     0    35     1    16
 -9.8293956260827482E+00 a      1037     0    35     1    17
  5.1015669234768248E+00 a      1038     0    35     1    18
 -5.2137243113598757E+00 a      1039     0    35     1    19
  2.4020569409107617E+00 a      1040     0    35     1    20
 -5.3698247187730521E+00 a      1041     0    35     1    21
  1.2130324717175156E+01 a      1042     0    35     1    22
  5.2009126734986815E+00 a      1043     0    35     1    23
  1.1362134801557938E+01 a      1044     0    35     1    24
 -2.1478539964842377E-01 a      1045     0    35     1    25
  1.8439431726226374E-01 a      1046     0    35     1    26
  4.2146601747216064E+00 a      1047     0    35     1    27
 -8.4654570752917948E+00 a      1048     0    35     1    28
  2.5912621359716099E+00 a      1049     0    35     1    29
  8.0677405108361455E+00 a      1050     0    35     1    30
  7.4983635602306862E+00 a      1051     0    36     1     1
  7.7445483229892109E-01 a      1052     0    36     1     2
  1.5039898069187654E+00 a      1053     0    36     1     3
 -7.8342506461990800E+00 a      1054     0    36     1     4
 -5.3917465665425901E+00 a      1055     0    36     1     5
 -2.3334233365293309E+00 a      1056     0    36     1     6
  7.5337566281031823E+00 a      1057     0    36     1     7
  1.5576374134602857E+00 a      1058     0    36     1     8
  7.2705450059453085E+00 a      1059     0    36     1     9
  1.8131971605669438E+01 a      1060     0    36     1    10
  1.7018640874615283E+01 a      1061     0    36     1    11
 -2.2154288310067889E+00 a      1062     0    36     1    12
  7.5232317690507067E+00 a      1063     0    36     1    13
  6.7395805342930668E+00 a      1064     0    36     1    14
  2.4533801403589233E+00 a      1065     0    36     1    15
 -1.9607794077692614E-01 a      1066     0    36     1    16
  1.6748369561936279E+01 a      1067     0    36     1    17
  3.5544368735680059E+00 a      1068     0    36     1    18
  3.4296157642969325E+00 a      1069     0    36     1    19
  4.0145743647221899E+00 a      1070     0    36     1    20
 -6.5001131672575596E-01 a      1071     0    36     1    21
  6.0738287902368766E+00 a      1072     0    36     1    22
  6.3237840085595058E+00 a      1073     0    36     1    23
 -1.1186859133209824E+01 a      1074     0    36     1    24
  5.2300904507269275E+00 a      1075     0    36     1    25
  7.3076210820952658E+00 a      1076     0    36     1    26
 -1.7700980649645679E+00 a      1077     0    36     1    27
  2.3197299300131453E+00 a      1078     0    36     1    28
  2.7946174426630321E+00 a      1079     0    36     1    29
 -6.2080040361098954E+00 a      1080     0    36     1    30
 -5.9831970116792288E+00 a      1081     0    37     1     1
 -1.1050995773137490E+01 a      1082     0    37     1     2
  2.4690407768859601E+00 a      1083     0    37     1     3
 -9.4952980876814603E+00 a      1084     0    37     1     4
  8.5335299561865892E+00 a      1085     0    37     1     5
  5.1666825300344490E+00 a      1086     0    37     1     6
 -1.7352979764841279E+00 a      1087     0    37     1     7
 -1.5645229240404717E+00 a      1088     0    37     1     8
  1.3206539581217791E+00 a      1089     0    37     1     9
 -3.5447922855297089E+00 a      1090     0    37     1    10
 -6.0222162293748287E+00 a      1091     0    37     1    11
  1.8683743308179250E+00 a      1092     0    37     1    12
 -1.0049607425308935E+01 a      1093     0    37     1    13
 -8.6769769425729084E+00 a      1094     0    37     1    14
 -2.4680246318017209E+00 a      1095     0    37     1    15
 -8.3406024088533108E+00 a      1096     0    37     1    16
  2.3745831563858810E+00 a      1097     0    37     1    17
  4.8282520495866281E+00 a      1098     0    37     1    18
  1.6172582241983149E+00 a      1099     0    37     1    19
 -2.7269518891959867E+00 a      1100     0    37     1    20
  8.2227319059816502E+00 a      1101     0    37     1    21
 -7.4440752706088515E+00 a      1102     0    37     1    22
 -5.5646795388637402E+00 a      1103     0    37     1    23
 -3.3124318103018218E+00 a      1104     0    37     1    24
 -8.9670542057187486E-01 a      1105     0    37     1    25
 -3.6387487806835108E+00 a      1106     0    37     1    26
 -2.6580784465805758E+00 a      1107     0    37     1    27
  7.7692831335445538E+00 a      1108     0    37     1    28
 -7.8759972133920826E+00 a      1109     0    37     1    29
 -5.3166575886277467E+00 a      1110     0    37     1    30
 -3.1572550502184100E+00 a      1111     0    38     1     1
 -1.1859839823780403E+01 a      1112     0    38     1     2
 -5.2577514483767462E-01 a      1113     0    38     1     3
  3.1147334129876043E+00 a      1114     0    38     1     4
  4.1526686692450561E+00 a      1115     0    38     1     5
  5.1141777302971354E+00 a      1116     0    38     1     6
  2.5868078423959369E+00 a      1117     0    38     1     7
 -2.1350068530626531E+00 a      1118     0    38     1     8
 -2.5595652406790701E+00 a      1119     0    38     1     9
 -1.4508521519677785E+01 a      1120     0    38     1    10
 -1.0123696129799466E+01 a      1121     0    38     1    11
  2.1881214378756688E+00 a      1122     0    38     1    12
 -9.8921947009158089E+00 a      1123     0    38     1    13
 -7.1616268671567394E+00 a      1124     0    38     1    14
  1.8912695962804797E+00 a      1125     0    38     1    15
 -1.1826076556624660E+01 a      1126     0    38     1    16
 -1.8552657911110732E+01 a      1127     0    38     1    17
 -8.5034033664369790E+00 a      1128     0    38     1    18
 -7.7734198080622896E+00 a      1129     0    38     1    19
  4.1173905741003276E+00 a      1130     0    38     1    20
  1.0690281026731303E+00 a      1131     0    38     1    21
 -1.5282071836760556E+01 a      1132     0    38     1    22
 -6.1609666942589705E+00 a      1133     0    38     1    23
 -2.2759038374314713E+00 a      1134     0    38     1    24
  7.2193773089716506E+00 a      1135     0    38     1    25
 -4.6447063880317003E+00 a      1136     0    38     1    26
  6.7950067743428351E+00 a      1137     0    38     1    27
  6.4843664112767407E-01 a      1138     0    38     1    28
 -3.3517187592155264E+00 a      1139     0    38     1    29
  1.1980354384213030E+01 a      1140     0    38     1    30
  5.1944973703422690E+00 a      1141     0    39     1     1
 -2.9761587573544013E+01 a      1142     0    39     1     2
 -1.0065958021562583E+01 a      1143     0    39     1     3
 -1.4737112948824208E+01 a      1144     0    39     1     4
 -8.4976797653402816E+00 a      1145     0    39     1     5
  7.0984949978276202E+00 a      1146     0    39     1     6
  7.7055341508436443E+00 a      1147     0    39     1     7
 -6.2713366643112796E+00 a      1148     0    39     1     8
  2.4711968448403045E+01 a      1149     0    39     1     9
 -1.1114293537750243E+01 a      1150     0    39     1    10
 -5.5901483591935870E+00 a      1151     0    39     1    11
  1.5779620545328545E+01 a      1152     0    39     1    12
  7.3618063103682498E+00 a      1153     0    39     1    13
  7.2730089069841641E+00 a      1154     0    39     1    14
  1.6081191081728921E+01 a      1155     0    39     1    15
  9.9662496077956053E+00 a      1156     0    39     1    16
 -4.2739094026764374E-01 a      1157     0    39     1    17
  6.7919729861744849E-01 a      1158     0    39     1    18
 -4.9300907811995502E+00 a      1159     0    39     1    19
  1.1430123759659034E+01 a      1160     0    39     1    20
  9.7295121792377515E+00 a      1161     0    39     1    21
  1.6149574266323960E+01 a      1162     0    39     1    22
  6.3249088078396118E+00 a      1163     0    39     1    23
  1.8307819089916883E+01 a      1164     0    39     1    24
 -2.3132246454181274E+01 a      1165     0    39     1    25
  1.4446621676207478E+01 a      1166     0    39     1    26
  1.1334133861483727E+01 a      1167     0    39     1    27
 -3.2650266826935406E+00 a      1168     0    39     1    28
 -1.3802742775848140E+01 a      1169     0    39     1    29
  3.9038050599691800E+00 a      1170     0    39     1    30
 -1.4855608231640922E+01 a      1171     0    40     1     1
  6.1335331587330133E+00 a      1172     0    40     1     2
 -5.2887587847465349E+00 a      1173     0    40     1     3
  1.2638540906875413E+00 a      1174     0    40     1     4
  5.3294869521482902E+00 a      1175     0    40     1     5
  1.9257500511902322E+01 a      1176     0    40     1     6
 -2.0535122929606029E+00 a      1177     0    40     1     7
 -7.6195526898904538E+00 a      1178     0    40     1     8
 -1.7989335331690395E+01 a      1179     0    40     1     9
  9.0395702163391149E+00 a      1180     0    40     1    10
 -2.2652097414463057E+01 a      1181     0    40     1    11
 -6.8793114329012059E+00 a      1182     0    40     1    12
 -7.0753162681923669E+00 a      1183     0    40     1    13
 -3.6761771600233845E-01 a      1184     0    40     1    14
  2.2632612792635123E-01 a      1185     0    40     1    15
  7.2348897109368666E+00 a      1186     0    40     1    16
  6.9197429527987513E+00 a      1187     0    40     1    17
  9.3034441895004463E+00 a      1188     0    40     1    18
  3.5209141823219676E+00 a      1189     0    40     1    19
 -1.8839392073411350E+01 a      1190     0    40     1    20
  7.3503684919706904E+00 a      1191     0    40     1    21
 -1.4454155723348185E+01 a      1192     0    40     1    22
 -1.3653743229771266E+01 a      1193     0    40     1    23
 -7.7538963724697512E+00 a      1194     0    40     1    24
 -2.9332705938633250E+00 a      1195     0    40     1    25
 -1.5042594587377966E+01 a      1196     0    40     1    26
 -8.3122799215607763E+00 a      1197     0    40     1    27
 -1.6996848517351758E+01 a      1198     0    40     1    28
 -4.7213547375161580E-01 a      1199     0    40     1    29
  4.2459650942465545E+00 a      1200     0    40     1    30
 -1.5717346496752953E+01 a      1201     0    41     1     1
  1.5788793952900251E+01 a      1202     0    41     1     2
  3.5230402093763371E+00 a      1203     0    41     1     3
  2.0733018654762233E+01 a      1204     0    41     1     4
  1.3388792074853987E+01 a      1205     0    41     1     5
 -2.8742704148141742E+00 a      1206     0    41     1     6
  4.2445002110903181E+00 a      1207     0    41     1     7
  6.7776002192607256E+00 a      1208     0    41     1     8
  1.3427365411297652E+01 a      1209     0    41     1     9
  8.1734525366941000E+00 a      1210     0    41     1    10
  4.4128853025425469E-01 a      1211     0    41     1    11
 -1.2587892343888846E-01 a      1212     0    41     1    12
 -5.6275241420808078E+00 a      1213     0    41     1    13
 -8.5669637066737589E+00 a      1214     0    41     1    14
 -5.9711424791646250E-01 a      1215     0    41     1    15
 -3.2912623422959157E+00 a      1216     0    41     1    16
  1.1305772829118772E+00 a      1217     0    41     1    17
  3.7076172616888350E+00 a      1218     0    41     1    18
 -7.1593358467926143E+00 a      1219     0    41     1    19
  2.0454807275685788E+01 a      1220     0    41     1    20
  2.4289708711230875E+00 a      1221     0    41     1    21
 -4.5493067526917477E+00 a      1222     0    41     1    22
  1.3301908231413419E+01 a      1223     0    41     1    23
  1.3450036271902204E+00 a      1224     0    41     1    24
  2.2293131051141575E+01 a      1225     0    41     1    25
  1.2177877871756412E+01 a      1226     0    41     1    26
  6.3420967645135544E+00 a      1227     0    41     1    27
 -2.2107263465795342E+01 a      1228     0    41     1    28
  8.4481635156095365E+00 a      1229     0    41     1    29
  3.7352511396820134E+01 a      1230     0    41     1    30
  1.5471950872312584E+01 a      1231     0    42     1     1
 -3.0542085158107463E-01 a      1232     0    42     1     2
  1.0197383943140601E+01 a      1233     0    42     1     3
 -1.2977226325510035E+01 a      1234     0    42     1     4
 -3.1628636641278955E+00 a      1235     0    42     1     5
  1.4530880987467857E+01 a      1236     0    42     1     6
 -1.2832983191522038E+01 a      1237     0    42     1     7
 -3.5736726194940465E+00 a      1238     0    42     1     8
 -9.9983739125615880E+00 a      1239     0    42     1     9
 -8.7679830086851176E+00 a      1240     0    42     1    10
  8.9685980626278443E+00 a      1241     0    42     1    11
 -4.0060685081104452E+00 a      1242     0    42     1    12
  8.0426083228290757E-01 a      1243     0    42     1    13
  1.0557826481194159E+01 a      1244     0    42     1    14
  1.2735044986034639E+01 a      1245     0    42     1    15
 -9.3414580943219647E+00 a      1246     0    42     1    16
 -1.1731818877018449E-02 a      1247     0    42     1    17
 -1.4883302209880194E+00 a      1248     0    42     1    18
  1.3538893845453853E+01 a      1249     0    42     1    19
 -2.4977158570516692E-01 a      1250     0    42     1    20
  4.3893395556789399E+00 a      1251     0    42     1    21
  3.6409898467701667E+00 a      1252     0    42     1    22
 -2.5002801202990725E+00 a      1253     0    42     1    23
 -1.2806573884324472E+01 a      1254     0    42     1    24
 -4.9591855216057992E+00 a      1255     0    42     1    25
  4.0061645778412897E-01 a      1256     0    42     1    26
 -3.4968411952378355E+00 a      1257     0    42     1    27
  6.3097149500813572E+00 a      1258     0    42     1    28
 -1.8355277962118510E+00 a      1259     0    42     1    29
 -1.3963186769130219E+01 a      1260     0    42     1    30
 -1.0703721553932388E+01 a      1261     0    43     1     1
  1.5397169542239308E+01 a      1262     0    43     1     2
  1.8922952431025082E+00 a      1263     0    43     1     3
  1.2737215744830579E+01 a      1264     0    43     1     4
  1.8184437850385677E+01 a      1265     0    43     1     5
  1.1791640743821901E+00 a      1266     0    43     1     6
  4.8967374371943944E+00 a      1267     0    43     1     7
  2.6994613754570365E+00 a      1268     0    43     1     8
 -5.3519884949985483E+00 a      1269     0    43     1     9
 -6.8645185541399236E+00 a      1270     0    43     1    10
  1.2367320612242432E+01 a      1271     0    43     1    11
  1.5631441217963097E+01 a      1272     0    43     1    12
  5.6662165729799652E+00 a      1273     0    43     1    13
  8.6306582163191550E+00 a      1274     0    43     1    14
  1.6648984497484027E+00 a      1275     0    43     1    15
 -1.2473157191539308E+01 a      1276     0    43     1    16
 -2.3397564016002669E+01 a      1277     0    43     1    17
  2.5655873323126031E+00 a      1278     0    43     1    18
  5.9905231503541045E-01 a      1279     0    43     1    19
 -3.0215662568896895E-01 a      1280     0    43     1    20
 -1.2301729190068981E+01 a      1281     0    43     1    21
  1.4859107538830845E+01 a      1282     0    43     1    22
  1.1501568212427481E+01 a      1283     0    43     1    23
  1.7224519730639194E+01 a      1284     0    43     1    24
  2.8327243317347151E+00 a      1285     0    43     1    25
 -9.9416651598267975E+00 a      1286     0    43     1    26
  7.6544716366838346E+00 a      1287     0    43     1    27
  1.0877869075681454E+01 a      1288     0    43     1    28
  2.0998272765676420E+00 a      1289     0    43     1    29
  1.0764763433634736E-01 a      1290     0    43     1    30
  1.1106158191391350E+01 a      1291     0    44     1     1
 -2.4850242275174363E+01 a      1292     0    44     1     2
  7.8232632055159801E+00 a      1293     0    44     1     3
  4.4119633675008013E-01 a      1294     0    44     1     4
 -1.5321602653202332E+01 a      1295     0    44     1     5
 -2.1098863789809997E+01 a      1296     0    44     1     6
  6.5635667244761313E+00 a      1297     0    44     1     7
 -1.9634136401241079E+01 a      1298     0    44     1     8
  7.5679016513771833E+00 a      1299     0    44     1     9
  1.5882063697435596E+00 a      1300     0    44     1    10
 -1.0836049293120982E+00 a      1301     0    44     1    11
 -1.6386931436663765E+01 a      1302     0    44     1    12
 -7.3272385447310373E-01 a      1303     0    44     1    13
 -4.7497547199759209E+00 a      1304     0    44     1    14
 -1.0934769183329795E+01 a      1305     0    44     1    15
 -7.4594528714742516E+00 a      1306     0    44     1    16
 -4.2840833424022868E+00 a      1307     0    44     1    17
 -1.7977711313965865E+00 a      1308     0    44     1    18
  8.8452257452894045E+00 a      1309     0    44     1    19
  2.0224397971090134E+01 a      1310     0    44     1    20
 -1.9190412817895569E-01 a      1311     0    44     1    21
 -1.1936106947829154E+01 a      1312     0    44     1    22
 -9.2766974229014743E+00 a      1313     0    44     1    23
 -1.2535867807709193E+01 a      1314     0    44     1    24
 -7.4643355189341032E-01 a      1315     0    44     1    25
 -2.5209850262949520E+00 a      1316     0    44     1    26
 -2.7203051658436608E+00 a      1317     0    44     1    27
  6.9788949587379916E+00 a      1318     0    44     1    28
 -6.2877693047890997E+00 a      1319     0    44     1    29
  1.7648931142338249E+01 a      1320     0    44     1    30
 -8.2343625710370656E+00 a      1321     0    45     1     1
 -3.9186836941387644E+00 a      1322     0    45     1     2
  4.3197497041833017E+00 a      1323     0    45     1     3
 -2.3990920166092855E+00 a      1324     0    45     1     4
  6.7987028600210326E+00 a      1325     0    45     1     5
 -9.1620720857716673E+00 a      1326     0    45     1     6
  8.0482454116281250E+00 a      1327     0    45     1     7
  1.5119957659401365E+01 a      1328     0    45     1     8
  4.2462711585681939E-01 a      1329     0    45     1     9
  3.5867050602531787E+00 a      1330     0    45     1    10
 -3.4506757190549355E+00 a      1331     0    45     1    11
  3.3369387205747763E+00 a      1332     0    45     1    12
  3.1799028057836787E+00 a      1333     0    45     1    13
 -7.8026821279530667E+00 a      1334     0    45     1    14
 -5.4163237909218518E+00 a      1335     0    45     1    15
  2.8083901164098632E+00 a      1336     0    45     1    16
 -2.3561057397729863E+00 a      1337     0    45     1    17
 -1.2859987326701903E+00 a      1338     0    45     1    18
 -1.4489102684554365E+00 a      1339     0    45     1    19
 -1.8362107784383486E+00 a      1340     0    45     1    20
 -5.4624872529764357E+00 a      1341     0    45     1    21
 -8.2602147967883273E+00 a      1342     0    45     1    22
 -1.5231121347486576E+00 a      1343     0    45     1    23
  5.9935204310815884E+00 a      1344     0    45     1    24
 -7.5589497501083898E+00 a      1345     0    45     1    25
 -1.3248751129187248E+01 a      1346     0    45     1    26
  2.9318889396017163E+00 a      1347     0    45     1    27
  1.1522458858247375E+00 a      1348     0    45     1    28
 -5.6386455535581748E-01 a      1349     0    45     1    29
  5.0939225193810667E-01 a      1350     0    45     1    30
  5.6631631815849364E+00 a      1351     0    46     1     1
  1.3561513319238566E+01 a      1352     0    46     1     2
  6.8979193814690429E+00 a      1353     0    46     1     3
 -1.2965653473936953E+01 a      1354     0    46     1     4
  1.5693611904132521E+00 a      1355     0    46     1     5
  1.4448905655102628E+01 a      1356     0    46     1     6
 -5.6050515029752059E+00 a      1357     0    46     1     7
  1.1185634158612668E+01 a      1358     0    46     1     8
  7.5641530439139792E+00 a      1359     0    46     1     9
  8.8197321929985257E+00 a      1360     0    46     1    10
  3.6397370413050925E+00 a      1361     0    46     1    11
  7.7564790184570906E+00 a      1362     0    46     1    12
  3.6134599458683681E-01 a      1363     0    46     1    13
 -6.1849731109490780E-01 a      1364     0    46     1    14
  8.9123636271953135E+00 a      1365     0    46     1    15
  8.4055981333169196E+00 a      1366     0    46     1    16
  1.5313701484968615E+01 a      1367     0    46     1    17
  3.0372778243644469E+00 a      1368     0    46     1    18
  1.3419255366806688E+00 a      1369     0    46     1    19
 -1.2641376210884834E+01 a      1370     0    46     1    20
  2.0079054105604919E+00 a      1371     0    46     1    21
 -3.6465779115926953E+00 a      1372     0    46     1    22
 -4.4683893054556671E+00 a      1373     0    46     1    23
  2.3986937622475226E+00 a      1374     0    46     1    24
 -4.1806404441155083E+00 a      1375     0    46     1    25
  1.0602723599574068E+01 a      1376     0    46     1    26
  5.6441518543916986E+00 a      1377     0    46     1    27
 -3.1918940885234715E-01 a      1378     0    46     1    28
  3.8191398359033726E+00 a      1379     0    46     1    29
 -1.5639203560177599E+01 a      1380     0    46     1    30
  1.2999609730832443E+01 a      1381     0    47     1     1
  5.8690609804047189E-01 a      1382     0    47     1     2
  1.0487735614294904E+01 a      1383     0    47     1     3
 -8.7966619215584985E-01 a      1384     0    47     1     4
 -1.6503747420506183E+01 a      1385     0    47     1     5
 -2.2541371891254364E+01 a      1386     0    47     1     6
 -1.1564419684357192E+01 a      1387     0    47     1     7
  6.2318385391331370E+00 a      1388     0    47     1     8
 -1.7545603036704062E+01 a      1389     0    47     1     9
  2.7652620276116071E+00 a      1390     0    47     1    10
  1.5279568419281199E+01 a      1391     0    47     1    11
 -5.7285573224273234E+00 a      1392     0    47     1    12
 -5.4450237886796362E+00 a      1393     0    47     1    13
 -5.5022152585056920E+00 a      1394     0    47     1    14
 -1.0743969588136363E+01 a      1395     0    47     1    15
 -8.2230173408927971E+00 a      1396     0    47     1    16
 -4.4272380086054808E+00 a      1397     0    47     1    17
 -2.4989271923854334E-02 a      1398     0    47     1    18
  2.5828597723868283E+00 a      1399     0    47     1    19
 -1.2695389971280388E+01 a      1400     0    47     1    20
 -7.0463750501424522E+00 a      1401     0    47     1    21
  6.2344768430553943E+00 a      1402     0    47     1    22
  2.3421325461744949E+01 a      1403     0    47     1    23
  2.9987126784734723E+00 a      1404     0    47     1    24
  1.7682121882015885E+01 a      1405     0    47     1    25
  4.5952279207575799E+00 a      1406     0    47     1    26
 -6.2481167211467605E+00 a      1407     0    47     1    27
  8.2475436978563188E+00 a      1408     0    47     1    28
  1.2753703960212977E+01 a      1409     0    47     1    29
 -1.8830999445752013E+01 a      1410     0    47     1    30
 -6.6340598128890109E+00 a      1411     0    48     1     1
 -1.0978849485938907E+01 a      1412     0    48     1     2
 -2.0254513539932448E+00 a      1413     0    48     1     3
 -1.6546947752303097E+01 a      1414     0    48     1     4
 -7.0010536023796623E+00 a      1415     0    48     1     5
  5.6191207264602303E+00 a      1416     0    48     1     6
 -8.7165981203743459E-01 a      1417     0    48     1     7
 -5.0614193401073608E+00 a      1418     0    48     1     8
 -2.1185295175022890E+01 a      1419     0    48     1     9
 -2.7535921856262440E+00 a      1420     0    48     1    10
 -1.1343412024634699E+01 a      1421     0    48     1    11
 -1.0843654352313004E+01 a      1422     0    48     1    12
 -2.6806364676562535E+00 a      1423     0    48     1    13
 -7.2545613821461108E-01 a      1424     0    48     1    14
 -1.6061824412726107E+01 a      1425     0    48     1    15
 -1.0567104123989775E+01 a      1426     0    48     1    16
  8.3346355728297983E+00 a      1427     0    48     1    17
  8.5033005920804481E+00 a      1428     0    48     1    18
  5.1825418618812371E+00 a      1429     0    48     1    19
 -1.4213967405795000E+01 a      1430     0    48     1    20
 -1.1313614009975819E+00 a      1431     0    48     1    21
  9.6110963241483169E+00 a      1432     0    48     1    22
 -1.6002132761543621E+01 a      1433     0    48     1    23
  2.9908474558045484E+00 a      1434     0    48     1    24
 -1.2526639173711220E+00 a      1435     0    48     1    25
 -2.9751293586950830E+01 a      1436     0    48     1    26
 -1.6120887750258969E+01 a      1437     0    48     1    27
  1.4262639027935995E+01 a      1438     0    48     1    28
  6.5311443308265655E+00 a      1439     0    48     1    29
 -3.0764096506622685E+01 a      1440     0    48     1    30
 -3.3358242584061881E+00 a      1441     0    49     1     1
  1.2601840626144665E+00 a      1442     0    49     1     2
 -7.2750126122845016E+00 a      1443     0    49     1     3
 -3.5008043303368210E+00 a      1444     0    49     1     4
  4.4153360925736678E+00 a      1445     0    49     1     5
 -3.0048676705983262E+01 a      1446     0    49     1     6
  8.2516953442306686E+00 a      1447     0    49     1     7
  7.1763925988811268E+00 a      1448     0    49     1     8
  1.2577426536995821E+01 a      1449     0    49     1     9
  7.5539762502049630E+00 a      1450     0    49     1    10
 -7.9939088889673711E+00 a      1451     0    49     1    11
  9.4642468514739964E+00 a      1452     0    49     1    12
  6.0098944560000920E+00 a      1453     0    49     1    13
 -8.3211405838514452E+00 a      1454     0    49     1    14
 -4.6001610202885379E+00 a      1455     0    49     1    15
  2.3448100002880320E+01 a      1456     0    49     1    16
 -1.0666012952894814E+00 a      1457     0    49     1    17
 -5.7110688721930680E+00 a      1458     0    49     1    18
 -4.5049534536662916E+00 a      1459     0    49     1    19
 -1.1349080114593555E+01 a      1460     0    49     1    20
 -9.3114488963460662E+00 a      1461     0    49     1    21
 -4.0032530010248442E+00 a      1462     0    49     1    22
 -1.4426281640219091E+01 a      1463     0    49     1    23
  1.5174147970379192E+01 a      1464     0    49     1    24
 -1.5514646248806041E+01 a      1465     0    49     1    25
  1.5759664814825932E+01 a      1466     0    49     1    26
  7.9616118354035725E+00 a      1467     0    49     1    27
 -1.4434851172106318E+00 a      1468     0    49     1    28
 -5.1164511935604784E+00 a      1469     0    49     1    29
 -8.9265774833693055E+00 a      1470     0    49     1    30
  7.7079657830915833E+00 a      1471     0    50     1     1
  3.6872967754206609E+00 a      1472     0    50     1     2
 -8.0871583993258991E+00 a      1473     0    50     1     3
  1.6374737937135276E+01 a      1474     0    50     1     4
 -1.6687683404019555E+01 a      1475     0    50     1     5
  1.4634825009835041E+01 a      1476     0    50     1     6
 -1.3501466946223275E+00 a      1477     0    50     1     7
 -1.7012988768484657E+01 a      1478     0    50     1     8
 -3.4534355009230393E+00 a      1479     0    50     1     9
 -3.0625755020019256E+00 a      1480     0    50     1    10
  1.0587603313408518E+01 a      1481     0    50     1    11
 -1.1724808892445786E+01 a      1482     0    50     1    12
 -1.1536984685315609E+01 a      1483     0    50     1    13
  7.1468908665107236E+00 a      1484     0    50     1    14
  2.2763574579076602E+00 a      1485     0    50     1    15
 -1.0775412209588513E+01 a      1486     0    50     1    16
  8.9759253895547921E+00 a      1487     0    50     1    17
  4.0763105057723674E+00 a      1488     0    50     1    18
  8.1203944154705765E-01 a      1489     0    50     1    19
 -2.0875145654537932E+00 a      1490     0    50     1    20
  5.9135082039930627E+00 a      1491     0    50     1    21
  5.4049046821020070E+00 a      1492     0    50     1    22
  8.2238739849910445E+00 a      1493     0    50     1    23
 -9.0404174436590576E+00 a      1494     0    50     1    24
  1.4330753791049540E+01 a      1495     0    50     1    25
  6.5751412318851772E+00 a      1496     0    50     1    26
 -7.3775657356839952E+00 a      1497     0    50     1    27
  1.6945227983231967E+00 a      1498     0    50     1    28
  3.7051081904895007E+00 a      1499     0    50     1    29
  6.9320968117546578E+00 a      1500     0    50     1    30
  1.5132685504391347E+01 a      1501     0    51     1     1
 -4.2578573764545693E+00 a      1502     0    51     1     2
 -2.1211141581676074E+00 a      1503     0    51     1     3
 -2.9564416201380222E+01 a      1504     0    51     1     4
  2.9262309133768984E+00 a      1505     0    51     1     5
 -7.3115091760028923E+00 a      1506     0    51     1     6
 -1.6997562232465877E+00 a      1507     0    51     1     7
 -9.1006894600447374E+00 a      1508     0    51     1     8
 -2.5717536050867351E+00 a      1509     0    51     1     9
 -3.8048830276958417E-01 a      1510     0    51     1    10
  8.1930477267821562E+00 a      1511     0    51     1    11
 -2.3729269990861759E+01 a      1512     0    51     1    12
 -3.4480827233578810E+00 a      1513     0    51     1    13
  3.8555380658092586E+00 a      1514     0    51     1    14
 -1.0932920654643659E+01 a      1515     0    51     1    15
  7.9221198833712281E+00 a      1516     0    51     1    16
 -7.3531584601894364E+00 a      1517     0    51     1    17
 -7.3896939648279414E+00 a      1518     0    51     1    18
  8.5776290027684265E-01 a      1519     0    51     1    19
  4.5891359268416094E+00 a      1520     0    51     1    20
  1.3262605240483403E+00 a      1521     0    51     1    21
 -6.1488078454307633E+00 a      1522     0    51     1    22
  7.7953907322826730E+00 a      1523     0    51     1    23
  2.8017790241985687E+00 a      1524     0    51     1    24
 -6.1688612998798877E+00 a      1525     0    51     1    25
  4.5024674390658808E+00 a      1526     0    51     1    26
 -1.2401857418731700E+01 a      1527     0    51     1    27
 -1.0793973102345738E+01 a      1528     0    51     1    28
  1.8628100364017670E+00 a      1529     0    51     1    29
 -1.1133922809339388E+01 a      1530     0    51     1    30
 -2.7145618561236740E-01 a      1531     0    52     1     1
  3.4109331287605733E+00 a      1532     0    52     1     2
 -4.7110611704056717E+00 a      1533     0    52     1     3
 -6.6232859562364395E+00 a      1534     0    52     1     4
  4.1924557270693246E+00 a      1535     0    52     1     5
 -9.1289593814857390E+00 a      1536     0    52     1     6
  6.7927650244269460E+00 a      1537     0    52     1     7
  2.3790295597812523E+01 a      1538     0    52     1     8
  3.1724525404292812E+01 a      1539     0    52     1     9
  4.6895854375464889E+00 a      1540     0    52     1    10
 -1.6223342861505401E+01 a      1541     0    52     1    11
  2.1474317382815720E+01 a      1542     0    52     1    12
  8.7792935801274172E+00 a      1543     0    52     1    13
  1.0053016825156202E+01 a      1544     0    52     1    14
 -1.5487347629676245E+00 a      1545     0    52     1    15
 -3.6506178489605592E+00 a      1546     0    52     1    16
  1.4319408723985751E+01 a      1547     0    52     1    17
 -1.5478206989888905E+01 a      1548     0    52     1    18
 -7.7927649066007412E+00 a      1549     0    52     1    19
  3.8760831598019096E-01 a      1550     0    52     1    20
 -1.5613809091771877E+01 a      1551     0    52     1    21
 -1.2577101028429983E+01 a      1552     0    52     1    22
 -1.0489760891205419E+01 a      1553     0    52     1    23
 -1.4176563043954033E+01 a      1554     0    52     1    24
  8.8926456274721097E+00 a      1555     0    52     1    25
 -1.4192451260282724E+00 a      1556     0    52     1    26
  6.8956928676638993E+00 a      1557     0    52     1    27
 -9.8221420058153353E+00 a      1558     0    52     1    28
 -1.8454898841102088E+00 a      1559     0    52     1    29
  9.5682665419635757E+00 a      1560     0    52     1    30
  9.7059514740015196E+00 a      1561     0    53     1     1
  1.3109287821003356E+01 a      1562     0    53     1     2
  6.5809449578784500E+00 a      1563     0    53     1     3
  3.0128934240933098E+00 a      1564     0    53     1     4
 -9.0869950292738473E+00 a      1565     0    53     1     5
  9.5210446705162326E+00 a      1566     0    53     1     6
  3.4510221408651467E+00 a      1567     0    53     1     7
  8.1324772907497600E-01 a      1568     0    53     1     8
  5.8887505179364306E+00 a      1569     0    53     1     9
 -6.3779072293282768E-01 a      1570     0    53     1    10
  1.8276460021140555E+00 a      1571     0    53     1    11
  2.3804630845423222E+00 a      1572     0    53     1    12
  3.5539271237539700E+00 a      1573     0    53     1    13
  7.3724869613686064E+00 a      1574     0    53     1    14
  6.8244959830639509E+00 a      1575     0    53     1    15
 -8.8314365673673767E-01 a      1576     0    53     1    16
 -1.5625551836216711E-01 a      1577     0    53     1    17
 -1.1288605860266797E+01 a      1578     0    53     1    18
 -1.0126265086761412E+00 a      1579     0    53     1    19
  5.2133189946556984E+00 a      1580     0    53     1    20
 -4.1173828216391355E+00 a      1581     0    53     1    21
 -1.1288966826165895E+01 a      1582     0    53     1    22
  4.6162624445700793E+00 a      1583     0    53     1    23
 -8.6629146771749976E+00 a      1584     0    53     1    24
 -6.7453366692798786E+00 a      1585     0    53     1    25
  7.9191675657368812E+00 a      1586     0    53     1    26
  6.7588366084990410E+00 a      1587     0    53     1    27
 -9.7624319425648807E+00 a      1588     0    53     1    28
 -1.0341287648586436E+01 a      1589     0    53     1    29
  1.5454358411525794E+01 a      1590     0    53     1    30
 -1.5016612582560469E+00 a      1591     0    54     1     1
  4.5523109867412419E+00 a      1592     0    54     1     2
  9.4465096649677118E+00 a      1593     0    54     1     3
  4.0212027714723675E+00 a      1594     0    54     1     4
 -1.2422042833386492E+01 a      1595     0    54     1     5
  1.4233364427557618E+01 a      1596     0    54     1     6
  3.9300063264106777E+00 a      1597     0    54     1     7
 -7.6423902194475402E-01 a      1598     0    54     1     8
  1.2235522037187117E+00 a      1599     0    54     1     9
 -9.1536312042243606E-01 a      1600     0    54     1    10
  1.2419838910751926E+01 a      1601     0    54     1    11
 -6.1847388445007221E+00 a      1602     0    54     1    12
 -5.8854357418586800E-01 a      1603     0    54     1    13
  5.3602127648508029E+00 a      1604     0    54     1    14
  5.4948435532802709E+00 a      1605     0    54     1    15
 -1.0234658238806487E+01 a      1606     0    54     1    16
  4.6004687040977768E+00 a      1607     0    54     1    17
 -9.0678810258942555E+00 a      1608     0    54     1    18
 -1.2496600825460083E+01 a      1609     0    54     1    19
  3.7175418419651343E+00 a      1610     0    54     1    20
  8.0330632602887828E+00 a      1611     0    54     1    21
 -7.2506842333202446E+00 a      1612     0    54     1    22
  1.7148776894929732E+01 a      1613     0    54     1    23
 -1.3904108737495784E+01 a      1614     0    54     1    24
  1.7823141106352324E+01 a      1615     0    54     1    25
  1.6129360407415225E+00 a      1616     0    54     1    26
  2.4677297291881066E+00 a      1617     0    54     1    27
 -4.9118819575840345E+00 a      1618     0    54     1    28
  2.7693068140910007E+00 a      1619     0    54     1    29
  2.0028805739403268E+01 a      1620     0    54     1    30
  7.4937496086940214E-01 a      1621     0    55     1     1
  1.3316256411916567E+00 a      1622     0    55     1     2
 -1.4707743772749642E+00 a      1623     0    55     1     3
 -1.4792550857126109E+01 a      1624     0    55     1     4
  2.1070810181272027E+01 a      1625     0    55     1     5
 -3.3053680591749011E+00 a      1626     0    55     1     6
  2.6537659957902071E-01 a      1627     0    55     1     7
  9.1538417736525783E+00 a      1628     0    55     1     8
 -3.8246003677597424E+00 a      1629     0    55     1     9
 -6.9064551847501345E+00 a      1630     0    55     1    10
 -1.5718473774215203E+01 a      1631     0    55     1    11
  1.9552964231572489E+01 a      1632     0    55     1    12
  8.9333491640970113E+00 a      1633     0    55     1    13
  1.5657777670632724E+00 a      1634     0    55     1    14
 -1.4407785551140302E+00 a      1635     0    55     1    15
 -4.5284072973593510E+00 a      1636     0    55     1    16
 -1.0058417269556591E+01 a      1637     0    55     1    17
  1.6789998327617826E+00 a      1638     0    55     1    18
 -3.2881564201917279E+00 a      1639     0    55     1    19
  1.6522209167989935E+01 a      1640     0    55     1    20
 -5.4517755920193611E+00 a      1641     0    55     1    21
  1.6625361490277701E+00 a      1642     0    55     1    22
 -5.3411053828936100E-02 a      1643     0    55     1    23
  5.3157052680185481E+00 a      1644     0    55     1    24
 -5.5415765573249258E+00 a      1645     0    55     1    25
 -7.5689725498113720E+00 a      1646     0    55     1    26
  9.7231289516159762E+00 a      1647     0    55     1    27
 -8.3688832505665314E+00 a      1648     0    55     1    28
  2.8527648210702510E+00 a      1649     0    55     1    29
 -4.1945056780977135E+00 a      1650     0    55     1    30
 -9.1127164984516291E+00 a      1651     0    56     1     1
 -8.2170379567316640E+00 a      1652     0    56     1     2
 -1.6167153876222372E+01 a      1653     0    56     1     3
  1.9929021876714025E+01 a      1654     0    56     1     4
  1.3066862690785344E+00 a      1655     0    56     1     5
  4.4006374539798703E+00 a      1656     0    56     1     6
 -1.5359900399340161E+00 a      1657     0    56     1     7
 -3.7768910406661664E+00 a      1658     0    56     1     8
 -8.4239805967935482E+00 a      1659     0    56     1     9
 -5.5339542745828627E+00 a      1660     0    56     1    10
 -4.7472044269420914E+00 a      1661     0    56     1    11
  6.1502866780177201E-01 a      1662     0    56     1    12
 -5.4709280301853247E-01 a      1663     0    56     1    13
 -4.2483558027915604E+00 a      1664     0    56     1    14
  2.9685120281423747E+00 a      1665     0    56     1    15
 -1.3117134420786808E+01 a      1666     0    56     1    16
 -1.5244958127134423E+00 a      1667     0    56     1    17
  4.1799613655840213E+00 a      1668     0    56     1    18
 -1.4081856931262616E+01 a      1669     0    56     1    19
 -2.7715239585936531E+00 a      1670     0    56     1    20
  7.6183662495485489E+00 a      1671     0    56     1    21
  1.7981979488341484E+01 a      1672     0    56     1    22
 -7.5586444323044022E-01 a      1673     0    56     1    23
  5.5328252483253850E+00 a      1674     0    56     1    24
  4.8604493250249030E+00 a      1675     0    56     1    25
 -7.7715615984793969E+00 a      1676     0    56     1    26
  5.5529501114873581E+00 a      1677     0    56     1    27
  3.9929954814932307E+00 a      1678     0    56     1    28
 -1.2614452287215540E+01 a      1679     0    56     1    29
  9.4946028636501600E-01 a      1680     0    56     1    30
 -6.9734107972194828E+00 a      1681     0    57     1     1
 -6.6457473718096391E+00 a      1682     0    57     1     2
 -1.5371412982527724E+01 a      1683     0    57     1     3
 -8.5885962001962088E+00 a      1684     0    57     1     4
  1.6407438970978095E+01 a      1685     0    57     1     5
 -9.0244769039366570E+00 a      1686     0    57     1     6
 -7.9907048554103497E+00 a      1687     0    57     1     7
 -2.3143590655869435E+00 a      1688     0    57     1     8
 -4.7756003999318652E-01 a      1689     0    57     1     9
  2.5084071939536012E+00 a      1690     0    57     1    10
 -1.2247177979696135E+01 a      1691     0    57     1    11
  4.9410142873879668E+00 a      1692     0    57     1    12
  6.2875480892974887E+00 a      1693     0    57     1    13
 -1.2744395513247467E+01 a      1694     0    57     1    14
  3.6532551306339229E+00 a      1695     0    57     1    15
  4.3384484718225558E+00 a      1696     0    57     1    16
 -1.7447310285930748E+00 a      1697     0    57     1    17
  2.0513293922212174E+01 a      1698     0    57     1    18
  1.8341541368296827E+01 a      1699     0    57     1    19
  6.2872809892033370E+00 a      1700     0    57     1    20
 -3.2915592015437349E+00 a      1701     0    57     1    21
  9.4649956572841596E+00 a      1702     0    57     1    22
 -9.7332700710978166E+00 a      1703     0    57     1    23
  8.8261923065861136E+00 a      1704     0    57     1    24
 -3.0949261080242727E+00 a      1705     0    57     1    25
 -1.8979363996425441E+01 a      1706     0    57     1    26
 -4.0127964853257252E+00 a      1707     0    57     1    27
  3.2882127316793901E+00 a      1708     0    57     1    28
  4.1096983366973783E+00 a      1709     0    57     1    29
 -1.1585488321110619E+01 a      1710     0    57     1    30
  1.9387816579187185E+00 a      1711     0    58     1     1
 -5.8678494749982839E+00 a      1712     0    58     1     2
  8.6730703812230505E+00 a      1713     0    58     1     3
  1.4265240585034014E+01 a      1714     0    58     1     4
 -2.0053547589263889E+01 a      1715     0    58     1     5
 -5.4540281351731341E+00 a      1716     0    58     1     6
 -8.1789346177713593E+00 a      1717     0    58     1     7
 -5.0095540838912598E+00 a      1718     0    58     1     8
  6.0957627633204785E+00 a      1719     0    58     1     9
  1.2713840833563300E+01 a      1720     0    58     1    10
  1.4716031534521624E+01 a      1721     0    58     1    11
 -1.2454043175157803E+01 a      1722     0    58     1    12
 -6.9741854777604484E+00 a      1723     0    58     1    13
 -9.6257378461238796E-01 a      1724     0    58     1    14
  3.9386075821713464E+00 a      1725     0    58     1    15
  1.4157459549231213E+01 a      1726     0    58     1    16
  3.5277433586963860E+00 a      1727     0    58     1    17
 -2.2702594397604248E+00 a      1728     0    58     1    18
  1.9211986968868566E+00 a      1729     0    58     1    19
 -1.9613427223914218E+01 a      1730     0    58     1    20
 -3.6543609517366433E+00 a      1731     0    58     1    21
 -3.7519899568855810E+00 a      1732     0    58     1    22
 -7.9637582669138069E+00 a      1733     0    58     1    23
 -1.8991445383869163E+00 a      1734     0    58     1    24
 -3.3548595464972815E+00 a      1735     0    58     1    25
  1.7619245247909710E+01 a      1736     0    58     1    26
 -1.2154146302914755E+01 a      1737     0    58     1    27
  1.8474385689855026E+01 a      1738     0    58     1    28
 -8.6958298352918355E+00 a      1739     0    58     1    29
 -2.6354318272364607E+00 a      1740     0    58     1    30
  6.3806052669162518E+00 a      1741     0    59     1     1
 -7.0550819154144158E+00 a      1742     0    59     1     2
 -3.3203905593688794E+00 a      1743     0    59     1     3
  4.9465344205977955E+00 a      1744     0    59     1     4
  6.4084261789344428E+00 a      1745     0    59     1     5
 -1.3968869652468150E+01 a      1746     0    59     1     6
  6.9935830511080539E+00 a      1747     0    59     1     7
  7.9533865468423999E+00 a      1748     0    59     1     8
  7.9224070413845560E+00 a      1749     0    59     1     9
  5.0758664903695845E+00 a      1750     0    59     1    10
  5.5477241507201103E-01 a      1751     0    59     1    11
  9.7025602887114317E+00 a      1752     0    59     1    12
  6.5160203839794306E+00 a      1753     0    59     1    13
  5.8860512891765566E+00 a      1754     0    59     1    14
 -1.8714557856300200E+01 a      1755     0    59     1    15
  1.7238895942605239E+01 a      1756     0    59     1    16
 -8.4707747441429202E+00 a      1757     0    59     1    17
 -3.2698772252911330E+00 a      1758     0    59     1    18
  2.5174039031257887E+01 a      1759     0    59     1    19
 -5.2819250282711332E+00 a      1760     0    59     1    20
 -1.9501914279848911E+00 a      1761     0    59     1    21
 -2.1156541077605119E+01 a      1762     0    59     1    22
 -1.7838366217600161E+01 a      1763     0    59     1    23
  5.3446889013819288E+00 a      1764     0    59     1    24
 -2.4773037402711342E+01 a      1765     0    59     1    25
  5.6638727872169214E+00 a      1766     0    59     1    26
  1.0976398825374945E+01 a      1767     0    59     1    27
  9.6938449879432187E-01 a      1768     0    59     1    28
  2.1763719186757829E+01 a      1769     0    59     1    29
 -4.3073554526076280E-01 a      1770     0    59     1    30
 -8.2553745045294615E+00 a      1771     0    60     1     1
  5.6979249012174327E+00 a      1772     0    60     1     2
  3.9022045334922919E+00 a      1773     0    60     1     3
 -1.0836854924630821E+01 a      1774     0    60     1     4
  8.8159570430064722E+00 a      1775     0    60     1     5
  1.0175712302103696E+01 a      1776     0    60     1     6
  8.0934179572681799E+00 a      1777     0    60     1     7
  2.7825540441621550E+00 a      1778     0    60     1     8
 -3.2749428726244636E+00 a      1779     0    60     1     9
 -1.6797403857009268E+01 a      1780     0    60     1    10
 -2.2664328671676199E+00 a      1781     0    60     1    11
 -7.6982420286832376E+00 a      1782     0    60     1    12
  4.8045712791141284E+00 a      1783     0    60     1    13
  5.4433835431795163E+00 a      1784     0    60     1    14
 -1.1866098214434720E+01 a      1785     0    60     1    15
 -6.6472682247401940E+00 a      1786     0    60     1    16
  4.5526644427216549E+00 a      1787     0    60     1    17
 -1.5251012914808282E+01 a      1788     0    60     1    18
 -7.7341671758042976E+00 a      1789     0    60     1    19
  1.1447009537229336E+01 a      1790     0    60     1    20
  9.4492371615549384E+00 a      1791     0    60     1    21
  8.5463695171548189E+00 a      1792     0    60     1    22
  1.6662120294150956E-01 a      1793     0    60     1    23
  4.2792578073434995E-01 a      1794     0    60     1    24
  1.2488543417416897E+00 a      1795     0    60     1    25
 -8.0709134110892347E+00 a      1796     0    60     1    26
  8.2915680088956591E+00 a      1797     0    60     1    27
 -2.3752635774864864E+01 a      1798     0    60     1    28
  6.7888541677889576E+00 a      1799     0    60     1    29
  5.7238305113116450E+00 a      1800     0    60     1    30
  3.6753548132186218E+00 a      1801     0    61     1     1
  2.0197260145880915E+00 a      1802     0    61     1     2
  1.0710901474043315E+01 a      1803     0    61     1     3
 -1.8900841732749007E+00 a      1804     0    61     1     4
 -8.7324768080310964E+00 a      1805     0    61     1     5
 -5.7710755373945846E+00 a      1806     0    61     1     6
  3.3280367525867760E+00 a      1807     0    61     1     7
 -5.4241539748713761E+00 a      1808     0    61     1     8
 -5.8530353515044329E+00 a      1809     0    61     1     9
  6.9063049966543542E+00 a      1810     0    61     1    10
 -1.2123267175283381E+01 a      1811     0    61     1    11
  7.7804339585338953E+00 a      1812     0    61     1    12
 -2.3757923104843859E+00 a      1813     0    61     1    13
 -1.1316978970287763E+00 a      1814     0    61     1    14
  9.5293045287451044E+00 a      1815     0    61     1    15
 -4.7821027622065122E+00 a      1816     0    61     1    16
  1.7060885096446532E-01 a      1817     0    61     1    17
  4.0593899359208194E+00 a      1818     0    61     1    18
 -1.0818696800905808E+01 a      1819     0    61     1    19
  8.5291414632900615E+00 a      1820     0    61     1    20
 -1.1036605377301940E+00 a      1821     0    61     1    21
 -5.7621648690934446E+00 a      1822     0    61     1    22
  9.8791849178471960E+00 a      1823     0    61     1    23
  1.3766513719571520E+00 a      1824     0    61     1    24
  1.2260075202533555E+01 a      1825     0    61     1    25
  1.7550421581241000E+01 a      1826     0    61     1    26
 -8.0190937449432216E+00 a      1827     0    61     1    27
  4.1728756197925829E+00 a      1828     0    61     1    28
 -6.4415243320197506E+00 a      1829     0    61     1    29
  1.3807457587909393E+01 a      1830     0    61     1    30
  1.2666362564718240E+01 a      1831     0    62     1     1
 -1.5736681021179754E+01 a      1832     0    62     1     2
 -7.3732409049450407E+00 a      1833     0    62     1     3
  1.4497101502965052E+01 a      1834     0    62     1     4
 -3.8942008820156615E+00 a      1835     0    62     1     5
  8.5545859396664508E+00 a      1836     0    62     1     6
 -1.1693434622316612E+01 a      1837     0    62     1     7
 -9.4076665700319992E+00 a      1838     0    62     1     8
  8.7860613811067854E+00 a      1839     0    62     1     9
 -8.5765465361890367E+00 a      1840     0    62     1    10
  6.6680703329065985E+00 a      1841     0    62     1    11
  1.4854247970674606E+01 a      1842     0    62     1    12
 -5.6893467100784161E+00 a      1843     0    62     1    13
 -8.7479709979922671E+00 a      1844     0    62     1    14
  2.2663781644787511E+00 a      1845     0    62     1    15
 -1.4210060948377791E+01 a      1846     0    62     1    16
 -1.0840883428467260E+01 a      1847     0    62     1    17
  3.4451570252153356E+00 a      1848     0    62     1    18
  1.3192429566067194E+01 a      1849     0    62     1    19
 -2.8221923350959564E+01 a      1850     0    62     1    20
  5.8267570998400648E+00 a      1851     0    62     1    21
  1.2302343016438259E+01 a      1852     0    62     1    22
 -2.2655477873864367E+00 a      1853     0    62     1    23
 -9.1726430591807748E+00 a      1854     0    62     1    24
 -2.3987165726057169E-01 a      1855     0    62     1    25
  7.0238802255029151E+00 a      1856     0    62     1    26
 -1.5366923185810418E+01 a      1857     0    62     1    27
  2.4554450502353802E+01 a      1858     0    62     1    28
 -1.3370908128409138E+01 a      1859     0    62     1    29
 -1.0005356460690367E+00 a      1860     0    62     1    30
  9.0880504438193892E+00 a      1861     0    63     1     1
  8.8405160530985807E+00 a      1862     0    63     1     2
  7.4936286010619346E+00 a      1863     0    63     1     3
 -5.6665098774083358E+00 a      1864     0    63     1     4
  1.9384518447786541E+00 a      1865     0    63     1     5
 -5.4792919017922550E+00 a      1866     0    63     1     6
  1.5239212933310361E+01 a      1867     0    63     1     7
 -1.4977322848624182E+00 a      1868     0    63     1     8
  1.0220377197832697E+01 a      1869     0    63     1     9
  6.6178363666027984E+00 a      1870     0    63     1    10
  2.1463337120017986E+01 a      1871     0    63     1    11
 -1.1219916353311081E+01 a      1872     0    63     1    12
 -9.4865113686532947E+00 a      1873     0    63     1    13
 -1.5869180619063368E+01 a      1874     0    63     1    14
 -1.1004786110276452E+01 a      1875     0    63     1    15
 -1.5133108244988858E+00 a      1876     0    63     1    16
 -1.1765209375131369E+00 a      1877     0    63     1    17
  5.8215923030376393E+00 a      1878     0    63     1    18
 -1.1918157839848821E+01 a      1879     0    63     1    19
  1.9659443826170584E+01 a      1880     0    63     1    20
 -1.0482484158723933E+01 a      1881     0    63     1    21
 -1.5176913960304905E+00 a      1882     0    63     1    22
 -1.7105214579438105E+01 a      1883     0    63     1    23
  7.6671827644113453E+00 a      1884     0    63     1    24
 -1.0315746115692077E+01 a      1885     0    63     1    25
  1.0361494392158678E+01 a      1886     0    63     1    26
 -5.5364097160355445E+00 a      1887     0    63     1    27
 -6.2902008454034126E+00 a      1888     0    63     1    28
  3.1673514174177875E+00 a      1889     0    63     1    29
  4.3998206658781482E+00 a      1890     0    63     1    30
  3.2822198487265388E+00 a      1891     0    64     1     1
  3.8828227467613248E+00 a      1892     0    64     1     2
 -7.9782704179800623E+00 a      1893     0    64     1     3
 -1.4058576282059785E+00 a      1894     0    64     1     4
 -7.0274890368404694E+00 a      1895     0    64     1     5
  4.7818090915409650E+00 a      1896     0    64     1     6
 -1.7215694142248728E+00 a      1897     0    64     1     7
 -1.5342951735923140E+00 a      1898     0    64     1     8
  4.7074815181391855E-01 a      1899     0    64     1     9
 -7.8950510455376390E+00 a      1900     0    64     1    10
 -4.2633217859321757E+00 a      1901     0    64     1    11
  6.6158028103542721E+00 a      1902     0    64     1    12
  5.0101001544394466E+00 a      1903     0    64     1    13
  4.4098708445168526E+00 a      1904     0    64     1    14
  4.4945860588264779E+00 a      1905     0    64     1    15
 -8.3410007732086413E+00 a      1906     0    64     1    16
 -1.5156715310314787E+01 a      1907     0    64     1    17
 -3.5306380173406491E+00 a      1908     0    64     1    18
 -2.6777319911861812E+00 a      1909     0    64     1    19
 -4.8013346329502440E+00 a      1910     0    64     1    20
 -7.7498279879994092E+00 a      1911     0    64     1    21
  8.4187915226326666E+00 a      1912     0    64     1    22
  4.8141569188628628E+00 a      1913     0    64     1    23
  5.6680927126178149E-01 a      1914     0    64     1    24
 -7.3250281831419803E+00 a      1915     0    64     1    25
 -2.8670536195153722E+00 a      1916     0    64     1    26
 -1.0361274538612466E+00 a      1917     0    64     1    27
 -3.0259974084848444E+00 a      1918     0    64     1    28
 -1.3255554196582052E+01 a      1919     0    64     1    29
  1.3679263705768243E+00 a      1920     0    64     1    30
  2.9863782541287458E+00 b      1921     1     1
 -3.4577971340639682E+00 b      1922     1     2
 -1.8971129072057107E+00 b      1923     1     3
 -2.3290306176956621E+00 b      1924     1     4
 -6.4346510808845603E-01 b      1925     1     5
  2.5882120937748074E+00 b      1926     1     6
  2.3838166822193845E+00 b      1927     1     7
 -1.3417955042070384E+00 b      1928     1     8
 -9.9785563198082308E-02 b      1929     1     9
  1.3874203597296768E+00 b      1930     1    10
  4.2655827461935658E+00 b      1931     1    11
 -3.5827625556860032E-01 b      1932     1    12
  2.3328784274754755E+00 b      1933     1    13
 -1.3710773722791283E+00 b      1934     1    14
 -3.6529240058349448E-02 b      1935     1    15
  1.7515932422564262E+00 b      1936     1    16
 -3.6266522685614540E+00 b      1937     1    17
  1.9812898673613921E+00 b      1938     1    18
  1.3291868939466553E+00 b      1939     1    19
 -4.4877704935833957E+00 b      1940     1    20
 -3.3803988549812964E+00 b      1941     1    21
 -1.3263090170966043E+00 b      1942     1    22
  1.2383494252545486E+00 b      1943     1    23
  2.1339870914895522E+00 b      1944     1    24
 -1.9586964826705833E+00 b      1945     1    25
 -1.7772959709639837E+00 b      1946     1    26
  2.0670774911441874E+00 b      1947     1    27
  4.9040279970027925E+00 b      1948     1    28
  3.3643847261679412E+00 b      1949     1    29
 -4.1603372306413480E+00 b      1950     1    30
  7.6182932900012890E-01 a      1951     1     1     2     1
 -1.1379974256358849E+00 a      1952     1     1     2     2
 -2.1467912088424539E+00 a      1953     1     1     2     3
 -2.3567651644752563E-01 a      1954     1     1     2     4
  3.2951573643268417E-01 a      1955     1     1     2     5
 -1.4726940935384216E+00 a      1956     1     1     2     6
 -1.9928735182197259E+00 a      1957     1     1     2     7
 -1.5331984820762068E+00 a      1958     1     1     2     8
 -6.3205694878745611E-01 a      1959     1     1     2     9
 -3.8839360724897387E-01 a      1960     1     1     2    10
  4.6604108056791749E-01 a      1961     1     1     2    11
 -1.8997452314049770E+00 a      1962     1     1     2    12
  3.5182147823710852E-01 a      1963     1     1     2    13
 -1.4573847524735267E-01 a      1964     1     1     2    14
 -8.9282302632671273E-01 a      1965     1     1     2    15
  3.3908676066428245E-01 a      1966     1     1     2    16
 -6.0298593625680841E-01 a      1967     1     1     2    17
  6.1907558481733338E-01 a      1968     1     1     2    18
 -3.0377129147990209E+00 a      1969     1     1     2    19
 -1.0620210364985552E+00 a      1970     1     1     2    20
 -5.9827969315006362E+00 a      1971     1     1     2    21
  3.1150056797105012E+00 a      1972     1     1     2    22
 -2.3364378922423250E+00 a      1973     1     1     2    23
  2.7989280837688318E-01 a      1974     1     1     2    24
 -5.0740005548976863E-01 a      1975     1     1     2    25
 -4.6363614079050269E-01 a      1976     1     1     2    26
  6.4472340899852076E-01 a      1977     1     1     2    27
 -1.0280300760525283E+00 a      1978     1     1     2    28
  6.2797215938927520E-01 a      1979     1     1     2    29
 -1.6654299699502062E+00 a      1980     1     1     2    30
 -9.1365151724485272E-01 a      1981     1     2     2     1
  2.7417464261380414E-01 a      1982     1     2     2     2
 -2.8370347869666204E+00 a      1983     1     2     2     3
  3.3350049782141400E-01 a      1984     1     2     2     4
 -4.7562739408764021E-01 a      1985     1     2     2     5
 -3.1050955663918720E+00 a      1986     1     2     2     6
  5.5621394335129337E-01 a      1987     1     2     2     7
  2.0044949837366355E+00 a      1988     1     2     2     8
 -3.6944209410721078E+00 a      1989     1     2     2     9
  3.3417234967608640E+00 a      1990     1     2     2    10
 -3.2196461944457662E+00 a      1991     1     2     2    11
 -2.8519671873758323E-01 a      1992     1     2     2    12
 -2.6418282794039269E+00 a      1993     1     2     2    13
  3.0690487350876527E-01 a      1994     1     2     2    14
  7.4053173488383642E-03 a      1995     1     2     2    15
 -7.3365153462599686E-01 a      1996     1     2     2    16
  9.3454387416300255E-01 a      1997     1     2     2    17
  1.3744129090776042E-01 a      1998     1     2     2    18
 -3.2334854824168309E+00 a      1999     1     2     2    19
 -2.3783377830264811E+00 a      2000     1     2     2    20
  3.8161429843274899E+00 a      2001     1     2     2    21
  1.0563025166578475E+00 a      2002     1     2     2    22
 -4.0935454224235857E+00 a      2003     1     2     2    23
  5.4674577720440771E+00 a      2004     1     2     2    24
 -1.7250617594454831E+00 a      2005     1     2     2    25
  2.8213168614097500E-01 a      2006     1     2     2    26
 -3.4584194971486224E+00 a      2007     1     2     2    27
 -2.9022466694150739E+00 a      2008     1     2     2    28
  5.6836501639185031E-03 a      2009     1     2     2    29
  1.0485037891312265E+00 a      2010     1     2     2    30
  3.4679854498364096E-02 a      2011     1     3     2     1
 -1.4862453019398105E+00 a      2012     1     3     2     2
  1.6314401441343742E+00 a      2013     1     3     2     3
  6.3032069063796536E-01 a      2014     1     3     2     4
  1.6648689420349634E+00 a      2015     1     3     2     5
  7.9092580139642177E-01 a      2016     1     3     2     6
  4.8542440194586550E-01 a      2017     1     3     2     7
  1.3963081945321114E+00 a      2018     1     3     2     8
 -3.2423892167985413E-01 a      2019     1     3     2     9
 -4.4444984734200949E-01 a      2020     1     3     2    10
 -3.2060964360703581E+00 a      2021     1     3     2    11
  1.9085000561885592E+00 a      2022     1     3     2    12
  1.6573657947568745E+00 a      2023     1     3     2    13
 -3.8572529211269302E-01 a      2024     1     3     2    14
 -8.3014787496467335E-01 a      2025     1     3     2    15
  4.6007761915734427E-02 a      2026     1     3     2    16
  7.3923017539510993E-01 a      2027     1     3     2    17
  1.8005651815272021E+00 a      2028     1     3     2    18
  1.1088237318830407E+00 a      2029     1     3     2    19
  6.6056458018252373E-01 a      2030     1     3     2    20
  3.7485944751888352E+00 a      2031     1     3     2    21
  2.5825410803045714E+00 a      2032     1     3     2    22
  4.6828142404983186E+00 a      2033     1     3     2    23
 -1.8060441504702647E+00 a      2034     1     3     2    24
 -1.5248920488752480E+00 a      2035     1     3     2    25
  3.0510012983515535E+00 a      2036     1     3     2    26
 -1.4123754601365439E+00 a      2037     1     3     2    27
  2.7853928474636036E+00 a      2038     1     3     2    28
  1.4833222750938801E-01 a      2039     1     3     2    29
  4.0280100544084108E-01 a      2040     1     3     2    30
 -3.9151056066336076E-01 a      2041     1     4     2     1
 -9.1236672490210197E-02 a      2042     1     4     2     2
  1.7017360452112744E+00 a      2043     1     4     2     3
  7.3382011467672326E-01 a      2044     1     4     2     4
  1.2228249603414128E-01 a      2045     1     4     2     5
  1.0744625342252128E+00 a      2046     1     4     2     6
  2.1102122836621202E+00 a      2047     1     4     2     7
 -5.5076248903808434E-01 a      2048     1     4     2     8
  2.0164948050354785E+00 a      2049     1     4     2     9
 -2.1246466652219813E+00 a      2050     1     4     2    10
  1.9439029070792793E+00 a      2051     1     4     2    11
  1.9070906622089256E+00 a      2052     1     4     2    12
  3.2041871273730949E+00 a      2053     1     4     2    13
 -5.8081968197734335E-01 a      2054     1     4     2    14
 -1.3793509563193809E+00 a      2055     1     4     2    15
 -1.4446500690598549E+00 a      2056     1     4     2    16
  3.7288470717152777E-01 a      2057     1     4     2    17
  8.7764788674079897E-01 a      2058     1     4     2    18
  1.7294796208046650E+00 a      2059     1     4     2    19
 -3.0041848433532672E+00 a      2060     1     4     2    20
 -1.0553981682371212E+00 a      2061     1     4     2    21
  2.9984019289125432E+00 a      2062     1     4     2    22
  1.0901196985313699E+00 a      2063     1     4     2    23
  9.8965856788736417E-01 a      2064     1     4     2    24
  6.9617539426166419E-01 a      2065     1     4     2    25
  1.8734760304007532E+00 a      2066     1     4     2    26
  1.2938240660069806E+00 a      2067     1     4     2    27
  4.3119915823709315E-01 a      2068     1     4     2    28
 -7.6845970418190068E-01 a      2069     1     4     2    29
  4.6322627545564082E-01 a      2070     1     4     2    30
 -3.1539807069057052E-01 a      2071     1     5     2     1
  2.7066691359350799E+00 a      2072     1     5     2     2
  4.0331242942818679E-01 a      2073     1     5     2     3
 -2.5426504055159702E+00 a      2074     1     5     2     4
  4.2596344780231893E-01 a      2075     1     5     2     5
 -4.0006293854661229E-01 a      2076     1     5     2     6
  2.8817972118733546E+00 a      2077     1     5     2     7
 -2.6184963865519353E+00 a      2078     1     5     2     8
 -2.8438427027406998E+00 a      2079     1     5     2     9
  9.6105911085637230E-01 a      2080     1     5     2    10
 -5.2359656008061764E-02 a      2081     1     5     2    11
 -2.1199334272400057E+00 a      2082     1     5     2    12
 -9.6230047171769229E-01 a      2083     1     5     2    13
 -2.2033240268427601E-01 a      2084     1     5     2    14
 -2.2601529066746018E+00 a      2085     1     5     2    15
  2.2307039056795612E+00 a      2086     1     5     2    16
 -2.6132031956006818E+00 a      2087     1     5     2    17
  1.7005823827828710E+00 a      2088     1     5     2    18
  1.1729067924612229E+00 a      2089     1     5     2    19
  1.3676042131981438E+00 a      2090     1     5     2    20
 -1.0957486859752334E-01 a      2091     1     5     2    21
  1.5032209232145772E+00 a      2092     1     5     2    22
 -4.0046417429089898E+00 a      2093     1     5     2    23
  2.6485437499029532E+00 a      2094     1     5     2    24
  3.5043558069011099E-01 a      2095     1     5     2    25
 -1.1385220543144834E+00 a      2096     1     5     2    26
  4.3166954107200273E-01 a      2097     1     5     2    27
 -2.4815423558903280E+00 a      2098     1     5     2    28
  4.8693818652386578E-01 a      2099     1     5     2    29
  8.3874419424004987E-01 a      2100     1     5     2    30
  7.2795856181861485E-01 a      2101     1     6     2     1
  2.1584477851776196E+00 a      2102     1     6     2     2
 -3.8895652500280757E+00 a      2103     1     6     2     3
  1.9415697570833962E-01 a      2104     1     6     2     4
 -1.3452187835290406E+00 a      2105     1     6     2     5
 -2.0501507304078244E+00 a      2106     1     6     2     6
 -1.6747776429252808E+00 a      2107     1     6     2     7
 -8.7112674584828820E-01 a      2108     1     6     2     8
 -6.6214563886248134E-01 a      2109     1     6     2     9
  2.3261299082768944E-01 a      2110     1     6     2    10
  2.8879103709328535E+00 a      2111     1     6     2    11
 -2.5652629898956536E+00 a      2112     1     6     2    12
 -1.4559603516941966E+00 a      2113     1     6     2    13
  4.8723831550706143E-01 a      2114     1     6     2    14
  3.6583244096136591E-01 a      2115     1     6     2    15
 -1.8999999456855932E-01 a      2116     1     6     2    16
 -6.9251640522740288E-01 a      2117     1     6     2    17
 -1.8928786759103244E-01 a      2118     1     6     2    18
 -6.2260055668513576E+00 a      2119     1     6     2    19
  4.0915916826168797E+00 a      2120     1     6     2    20
 -1.7490743875798098E+00 a      2121     1     6     2    21
  1.7426895638139335E+00 a      2122     1     6     2    22
  1.6833265561272612E+00 a      2123     1     6     2    23
  2.8872249530686629E+00 a      2124     1     6     2    24
  1.3724319736453123E+00 a      2125     1     6     2    25
 -1.5660658329080488E+00 a      2126     1     6     2    26
  9.5286661319669813E-02 a      2127     1     6     2    27
  2.1923859420125109E+00 a      2128     1     6     2    28
  7.5938608088857784E-01 a      2129     1     6     2    29
 -1.8609352531453986E+00 a      2130     1     6     2    30
  1.3273698537527021E-01 a      2131     1     7     2     1
 -3.1681375389322350E+00 a      2132     1     7     2     2
 -6.3516765610187376E-01 a      2133     1     7     2     3
 -1.0102857622072550E+00 a      2134     1     7     2     4
 -5.5485440316548129E-01 a      2135     1     7     2     5
  4.1949618300904011E-02 a      2136     1     7     2     6
 -5.5510046479584458E+00 a      2137     1     7     2     7
  7.5806358500516879E-01 a      2138     1     7     2     8
 -2.9888231060649368E+00 a      2139     1     7     2     9
  4.0893508184527034E+00 a      2140     1     7     2    10
  2.1262955308742835E+00 a      2141     1     7     2    11
  1.0286102102692016E+00 a      2142     1     7     2    12
 -5.5891474508102599E+00 a      2143     1     7     2    13
  5.4232152475816331E-01 a      2144     1     7     2    14
 -3.5991141672440281E+00 a      2145     1     7     2    15
  1.4493516334060579E+00 a      2146     1     7     2    16
  9.2233363095450077E-02 a      2147     1     7     2    17
 -1.9770032737389260E+00 a      2148     1     7     2    18
 -4.7988254466457242E-01 a      2149     1     7     2    19
 -3.0682848876023381E+00 a      2150     1     7     2    20
  7.2574169124587240E-01 a      2151     1     7     2    21
  2.6316349061758471E-01 a      2152     1     7     2    22
 -1.5675311552494573E+00 a      2153     1     7     2    23
 -4.8198014501124908E-01 a      2154     1     7     2    24
 -3.9017286632173009E+00 a      2155     1     7     2    25
 -1.9572633389048472E-01 a      2156     1     7     2    26
  2.0476978270598623E-01 a      2157     1     7     2    27
  1.8024368361766147E-01 a      2158     1     7     2    28
 -2.2680120863816917E+00 a      2159     1     7     2    29
  3.5489404692391981E+00 a      2160     1     7     2    30
  7.9305852555145273E-01 a      2161     1     8     2     1
 -1.3261546821484187E+00 a      2162     1     8     2     2
  7.2321039948511698E+00 a      2163     1     8     2     3
  5.3734807789672434E+00 a      2164     1     8     2     4
 -2.9523761633637204E+00 a      2165     1     8     2     5
  1.8089023602341178E-01 a      2166     1     8     2     6
  3.7338841070162792E+00 a      2167     1     8     2     7
  1.5107564809503152E-01 a      2168     1     8     2     8
 -3.4695175609897717E+00 a      2169     1     8     2     9
  1.3637936332917393E+00 a      2170     1     8     2    10
  1.9939839623127753E+00 a      2171     1     8     2    11
  1.2249898868885749E+00 a      2172     1     8     2    12
 -2.5373422747449852E+00 a      2173     1     8     2    13
  1.1301779401548753E+00 a      2174     1     8     2    14
  1.5616542553248804E+00 a      2175     1     8     2    15
  1.2925630428075738E+00 a      2176     1     8     2    16
  3.1407999199447416E+00 a      2177     1     8     2    17
 -1.8454433659489006E-01 a      2178     1     8     2    18
  1.7928863097453789E+00 a      2179     1     8     2    19
 -4.8779237231665085E-01 a      2180     1     8     2    20
 -5.4594045432268619E+00 a      2181     1     8     2    21
  1.3837919366795564E+00 a      2182     1     8     2    22
  7.3386996391192738E-01 a      2183     1     8     2    23
  2.0632903071495075E+00 a      2184     1     8     2    24
  2.2033855783820253E+00 a      2185     1     8     2    25
  1.8484607551627525E+00 a      2186     1     8     2    26
  2.7690287665506391E-01 a      2187     1     8     2    27
 -9.8530104377803307E-01 a      2188     1     8     2    28
 -8.9878758818191851E-01 a      2189     1     8     2    29
  1.2326120645893124E+00 a      2190     1     8     2    30
  3.1736093394128312E-01 a      2191     1     9     2     1
 -1.8917519705356973E+00 a      2192     1     9     2     2
  3.6555526028998613E+00 a      2193     1     9     2     3
  1.2400363906926239E+00 a      2194     1     9     2     4
  9.9979138698368342E-01 a      2195     1     9     2     5
  4.8047389633589060E-01 a      2196     1     9     2     6
  1.8390718765951808E+00 a      2197     1     9     2     7
  1.1406912374492830E+00 a      2198     1     9     2     8
  2.1388278842374024E+00 a      2199     1     9     2     9
  2.3796578380321116E+00 a      2200     1     9     2    10
  2.5073076445290567E+00 a      2201     1     9     2    11
 -1.1893938184753055E+00 a      2202     1     9     2    12
 -2.0757860348584045E+00 a      2203     1     9     2    13
 -4.3407181530615574E-01 a      2204     1     9     2    14
  1.8569676510187652E+00 a      2205     1     9     2    15
  1.8269540524322789E+00 a      2206     1     9     2    16
  8.1538512195006863E-01 a      2207     1     9     2    17
 -1.3626070462684394E+00 a      2208     1     9     2    18
 -5.4005373056575960E+00 a      2209     1     9     2    19
  9.6015413499738156E-01 a      2210     1     9     2    20
  1.7112723849985845E+00 a      2211     1     9     2    21
 -3.1505824571288832E-01 a      2212     1     9     2    22
  3.2004308975876010E+00 a      2213     1     9     2    23
  3.0971408083559560E+00 a      2214     1     9     2    24
  2.2224835402944034E+00 a      2215     1     9     2    25
 -1.2886493756938331E+00 a      2216     1     9     2    26
  5.6122160527068199E-01 a      2217     1     9     2    27
  2.9506022550493127E+00 a      2218     1     9     2    28
  4.1533561831675075E-01 a      2219     1     9     2    29
 -3.2065073112559159E+00 a      2220     1     9     2    30
 -1.1044642478908142E+00 a      2221     1    10     2     1
 -2.1475601653208876E+00 a      2222     1    10     2     2
  1.0774391542106938E+00 a      2223     1    10     2     3
 -5.4911175952331848E-01 a      2224     1    10     2     4
  6.3710567963181364E-01 a      2225     1    10     2     5
  5.8678072459788722E-01 a      2226     1    10     2     6
 -1.9204188614463402E+00 a      2227     1    10     2     7
 -3.7794889162159406E-01 a      2228     1    10     2     8
  2.1790344825586487E+00 a      2229     1    10     2     9
 -8.4691534944906266E-01 a      2230     1    10     2    10
 -9.5039332323414627E-01 a      2231     1    10     2    11
  1.7613500055982099E+00 a      2232     1    10     2    12
 -2.7498650412657351E+00 a      2233     1    10     2    13
  9.3096481252599717E-01 a      2234     1    10     2    14
  5.6514600439750773E-01 a      2235     1    10     2    15
  2.9285085274560985E-01 a      2236     1    10     2    16
  3.5007696340216050E+00 a      2237     1    10     2    17
 -3.6365106009946144E+00 a      2238     1    10     2    18
  3.3693515859253380E+00 a      2239     1    10     2    19
 -5.9942784820593387E-01 a      2240     1    10     2    20
  6.7372775855701261E-01 a      2241     1    10     2    21
 -2.4250711985836997E+00 a      2242     1    10     2    22
 -2.3875468047321542E+00 a      2243     1    10     2    23
 -1.0777298140629623E+00 a      2244     1    10     2    24
 -3.6575332394352461E-01 a      2245     1    10     2    25
 -6.6749958646684482E-01 a      2246     1    10     2    26
  1.3411545396735527E+00 a      2247     1    10     2    27
 -1.9827980235578135E+00 a      2248     1    10     2    28
 -1.2954517493964828E+00 a      2249     1    10     2    29
  1.7036960203081655E+00 a      2250     1    10     2    30
 -3.7355603101820489E-01 a      2251     1    11     2     1
  4.6775959853060769E+00 a      2252     1    11     2     2
  1.3759838495500325E+00 a      2253     1    11     2     3
 -2.1333113116172803E-01 a      2254     1    11     2     4
 -1.5389710876878073E+00 a      2255     1    11     2     5
 -8.5303597596097236E-01 a      2256     1    11     2     6
  2.2716656823276571E+00 a      2257     1    11     2     7
 -7.2087734548501370E-01 a      2258     1    11     2     8
  4.0305360829259679E-01 a      2259     1    11     2     9
 -7.9200666039099610E-01 a      2260     1    11     2    10
 -3.9000057032060478E+00 a      2261     1    11     2    11
 -6.3833585939084420E-02 a      2262     1    11     2    12
 -2.5564121785809797E+00 a      2263     1    11     2    13
 -7.8210641921663127E-01 a      2264     1    11     2    14
 -2.8725405642307394E-01 a      2265     1    11     2    15
  9.6102347910007124E-01 a      2266     1    11     2    16
 -7.6232131758357680E-01 a      2267     1    11     2    17
  2.3535049012172640E+00 a      2268     1    11     2    18
 -2.9564394092076842E+00 a      2269     1    11     2    19
  9.2368953843477675E-01 a      2270     1    11     2    20
  9.8287315414890863E-01 a      2271     1    11     2    21
 -2.9525942320950449E+00 a      2272     1    11     2    22
 -5.4319696618319879E+00 a      2273     1    11     2    23
  6.1275157776547695E-01 a      2274     1    11     2    24
 -6.8089594954259119E-03 a      2275     1    11     2    25
 -2.5546457964182072E+00 a      2276     1    11     2    26
 -2.1515567209514930E+00 a      2277     1    11     2    27
 -3.2613670188643558E+00 a      2278     1    11     2    28
 -2.3387263710159858E-01 a      2279     1    11     2    29
  9.5047420046293873E-01 a      2280     1    11     2    30
 -1.1882810744938690E+00 a      2281     1    12     2     1
  8.3779784508310107E-01 a      2282     1    12     2     2
  4.0821189899060846E+00 a      2283     1    12     2     3
 -1.1079571207404286E+00 a      2284     1    12     2     4
  4.0049589150162940E-01 a      2285     1    12     2     5
 -1.5922696387495063E+00 a      2286     1    12     2     6
  2.3414918279457990E+00 a      2287     1    12     2     7
  3.8499495009777851E-01 a      2288     1    12     2     8
  2.4307595571304330E+00 a      2289     1    12     2     9
 -1.2974156646497821E+00 a      2290     1    12     2    10
 -1.7281581482627526E+00 a      2291     1    12     2    11
 -9.0311572512155425E-01 a      2292     1    12     2    12
 -1.6380714752201186E+00 a      2293     1    12     2    13
 -3.4659775426571826E-01 a      2294     1    12     2    14
  1.2239609893227661E+00 a      2295     1    12     2    15
  1.6567415492734097E+00 a      2296     1    12     2    16
  6.6694104674613774E-01 a      2297     1    12     2    17
  3.4089609822601158E-01 a      2298     1    12     2    18
  2.2314511621487676E+00 a      2299     1    12     2    19
 -1.8540654399426544E+00 a      2300     1    12     2    20
 -2.0480227410982277E+00 a      2301     1    12     2    21
 -1.8627366518667973E-01 a      2302     1    12     2    22
  2.6417133562022035E+00 a      2303     1    12     2    23
  1.5123858993000980E+00 a      2304     1    12     2    24
 -3.8170980163050428E+00 a      2305     1    12     2    25
 -4.6274998715742394E-01 a      2306     1    12     2    26
  4.1149670527020998E-01 a      2307     1    12     2    27
  1.6244715465014643E+00 a      2308     1    12     2    28
 -4.0146079439520810E-01 a      2309     1    12     2    29
  3.3564500516203846E+00 a      2310     1    12     2    30
  5.4260871881913175E-01 a      2311     1    13     2     1
 -2.5920966841487507E+00 a      2312     1    13     2     2
 -8.1419344675458341E+00 a      2313     1    13     2     3
 -4.0157471986758448E+00 a      2314     1    13     2     4
 -5.0810039403558194E-01 a      2315     1    13     2     5
 -2.0854023745947972E+00 a      2316     1    13     2     6
 -1.4919151711781820E+00 a      2317     1    13     2     7
  1.3691890145158863E+00 a      2318     1    13     2     8
  1.5754766429595546E+00 a      2319     1    13     2     9
  1.8983214896746039E+00 a      2320     1    13     2    10
  4.1350093755648736E+00 a      2321     1    13     2    11
 -2.9846150685144264E+00 a      2322     1    13     2    12
 -1.5287834713791135E+00 a      2323     1    13     2    13
 -8.0806659658881652E-01 a      2324     1    13     2    14
  9.1247653762669234E-01 a      2325     1    13     2    15
 -6.8070018536828245E-02 a      2326     1    13     2    16
 -4.6337011063041939E-01 a      2327     1    13     2    17
 -6.2945755397156977E-01 a      2328     1    13     2    18
 -2.8757502010312588E+00 a      2329     1    13     2    19
  5.4252898923725938E+00 a      2330     1    13     2    20
 -1.5908359618861728E-01 a      2331     1    13     2    21
 -4.2231738870052721E-01 a      2332     1    13     2    22
  6.7358500136892951E-01 a      2333     1    13     2    23
 -1.5334450936351074E+00 a      2334     1    13     2    24
  2.7524987543804107E+00 a      2335     1    13     2    25
  3.0826036861462880E+00 a      2336     1    13     2    26
 -4.2855443655380965E-01 a      2337     1    13     2    27
 -7.2307407753489719E-03 a      2338     1    13     2    28
 -1.6314478087651978E+00 a      2339     1    13     2    29
 -3.4312244361404159E-01 a      2340     1    13     2    30
  3.4473108475095504E-01 a      2341     1    14     2     1
 -2.3396300346243675E+00 a      2342     1    14     2     2
 -4.9236762297705834E+00 a      2343     1    14     2     3
 -2.6902703873970375E+00 a      2344     1    14     2     4
 -1.1377643639265871E+00 a      2345     1    14     2     5
  1.6619373777887708E-01 a      2346     1    14     2     6
  2.0121556136801209E+00 a      2347     1    14     2     7
  1.5884889062987410E-02 a      2348     1    14     2     8
  1.5803865713526901E+00 a      2349     1    14     2     9
  5.4555245189246770E+00 a      2350     1    14     2    10
 -3.9018680108667336E-01 a      2351     1    14     2    11
 -3.5832566161315165E+00 a      2352     1    14     2    12
 -4.1892888199014960E-01 a      2353     1    14     2    13
 -3.2955435692084595E-01 a      2354     1    14     2    14
  2.9236179430422147E+00 a      2355     1    14     2    15
  2.1394797210356843E-02 a      2356     1    14     2    16
 -2.2401410499148309E+00 a      2357     1    14     2    17
 -2.1588754052080752E+00 a      2358     1    14     2    18
 -1.7195683949618470E+00 a      2359     1    14     2    19
 -4.2416120461459421E+00 a      2360     1    14     2    20
  6.7932815965534976E-01 a      2361     1    14     2    21
 -7.1457498374922332E+00 a      2362     1    14     2    22
  6.2765891891162851E-01 a      2363     1    14     2    23
 -6.2183405852326130E+00 a      2364     1    14     2    24
 -3.5553338357519584E+00 a      2365     1    14     2    25
 -2.0344738375923392E+00 a      2366     1    14     2    26
  1.2338884614771681E+00 a      2367     1    14     2    27
 -1.4283922372377778E+00 a      2368     1    14     2    28
  1.9905609811951810E+00 a      2369     1    14     2    29
 -9.1728467764180521E-01 a      2370     1    14     2    30
  2.6600593573609854E-01 a      2371     1    15     2     1
  3.5201497835216022E+00 a      2372     1    15     2     2
  6.2702813115615212E+00 a      2373     1    15     2     3
 -2.6504890596413984E+00 a      2374     1    15     2     4
 -2.4964731825596971E+00 a      2375     1    15     2     5
  3.3499864333620972E+00 a      2376     1    15     2     6
  1.9723571757801748E+00 a      2377     1    15     2     7
 -2.6544500978028807E-01 a      2378     1    15     2     8
 -1.5964882430538780E+00 a      2379     1    15     2     9
 -6.3011498917014996E-01 a      2380     1    15     2    10
  3.4233037751953628E+00 a      2381     1    15     2    11
  3.5663848115062913E-01 a      2382     1    15     2    12
  2.3944897734475439E+00 a      2383     1    15     2    13
 -9.5803757101622811E-01 a      2384     1    15     2    14
  1.1961539908175442E-01 a      2385     1    15     2    15
  1.0342317038984963E+00 a      2386     1    15     2    16
  1.3001045144095487E+00 a      2387     1    15     2    17
  1.1010696239585127E+00 a      2388     1    15     2    18
  3.3177840135088608E+00 a      2389     1    15     2    19
 -4.3535181447627904E+00 a      2390     1    15     2    20
  2.4378932999506961E+00 a      2391     1    15     2    21
  2.6149519331036037E+00 a      2392     1    15     2    22
  3.9830519449627473E+00 a      2393     1    15     2    23
 -1.1561188764786747E+00 a      2394     1    15     2    24
  5.2752205186767691E+00 a      2395     1    15     2    25
 -9.8777885361668505E-01 a      2396     1    15     2    26
 -3.0493451705996549E-01 a      2397     1    15     2    27
  7.6762105297686887E+00 a      2398     1    15     2    28
  3.9001233535052193E-01 a      2399     1    15     2    29
 -5.2096741183817435E-02 a      2400     1    15     2    30
  2.6612649341014916E-01 a      2401     1    16     2     1
 -6.9908094666654497E-01 a      2402     1    16     2     2
  3.3120489054951947E+00 a      2403     1    16     2     3
  1.1812173656644294E+00 a      2404     1    16     2     4
 -1.0513509633593469E-01 a      2405     1    16     2     5
  2.7516950071650498E-01 a      2406     1    16     2     6
 -5.2496896983501895E-01 a      2407     1    16     2     7
 -3.3348535961098130E-01 a      2408     1    16     2     8
  1.5810597809422691E+00 a      2409     1    16     2     9
 -1.0963752997641003E+00 a      2410     1    16     2    10
 -3.7225265675406805E+00 a      2411     1    16     2    11
  1.8562568233743071E+00 a      2412     1    16     2    12
  1.5390955250266940E+00 a      2413     1    16     2    13
  2.6098688446407498E-01 a      2414     1    16     2    14
  9.8486084628769388E-01 a      2415     1    16     2    15
 -7.0188267625145212E-02 a      2416     1    16     2    16
  5.1288427159458427E-01 a      2417     1    16     2    17
 -1.3406249186493178E+00 a      2418     1    16     2    18
  3.0058463865900314E-01 a      2419     1    16     2    19
 -1.0657307317006564E+00 a      2420     1    16     2    20
 -6.7569964151246487E-01 a      2421     1    16     2    21
  6.2041451427860539E-01 a      2422     1    16     2    22
 -3.6798544665087185E-01 a      2423     1    16     2    23
 -6.7513238375668194E-01 a      2424     1    16     2    24
 -3.8314625516957768E+00 a      2425     1    16     2    25
 -1.2398550548560501E-01 a      2426     1    16     2    26
 -2.2044037893420279E+00 a      2427     1    16     2    27
 -4.0161080475833435E+00 a      2428     1    16     2    28
  8.7268841527554319E-01 a      2429     1    16     2    29
 -1.5639865031780220E+00 a      2430     1    16     2    30
  2.0698531533968759E-01 a      2431     1    17     2     1
 -8.4323856672742581E-01 a      2432     1    17     2     2
  1.7396018472088961E+00 a      2433     1    17     2     3
  2.6411020905395812E+00 a      2434     1    17     2     4
  1.1788310652987124E+00 a      2435     1    17     2     5
 -6.9104355071901069E-01 a      2436     1    17     2     6
  3.6537945879616833E+00 a      2437     1    17     2     7
 -1.2357949645794877E+00 a      2438     1    17     2     8
  4.3919493429874317E+00 a      2439     1    17     2     9
 -3.4885045908521808E+00 a      2440     1    17     2    10
 -1.8413241702939751E+00 a      2441     1    17     2    11
  7.4193011839464751E-01 a      2442     1    17     2    12
  1.5288427984662276E+00 a      2443     1    17     2    13
  1.2610200630578061E-01 a      2444     1    17     2    14
  2.2080168056829543E+00 a      2445     1    17     2    15
 -1.9357178416179464E+00 a      2446     1    17     2    16
 -1.3926317286783216E+00 a      2447     1    17     2    17
  4.9338755231543907E-01 a      2448     1    17     2    18
  3.6015967977189671E+00 a      2449     1    17     2    19
  2.9326344170331975E-01 a      2450     1    17     2    20
 -2.8717427267497713E+00 a      2451     1    17     2    21
  7.3186351983217013E-01 a      2452     1    17     2    22
  5.0682238619316315E+00 a      2453     1    17     2    23
 -1.2147312749876635E+00 a      2454     1    17     2    24
 -2.2806419192023326E+00 a      2455     1    17     2    25
  1.5660330227043779E+00 a      2456     1    17     2    26
 -2.5382933654159512E-01 a      2457     1    17     2    27
  2.4930193886871441E+00 a      2458     1    17     2    28
  9.2880892630318579E-01 a      2459     1    17     2    29
  5.3017799645917429E-01 a      2460     1    17     2    30
  1.0290272568588672E+00 a      2461     1    18     2     1
  1.4149234255112788E+00 a      2462     1    18     2     2
  4.6909505418350710E+00 a      2463     1    18     2     3
 -1.6345480134265540E+00 a      2464     1    18     2     4
  2.4849380587196852E+00 a      2465     1    18     2     5
  3.0784352656469477E-01 a      2466     1    18     2     6
 -8.1128937857379724E-01 a      2467     1    18     2     7
  2.6882712836656890E+00 a      2468     1    18     2     8
 -2.3437538616509630E+00 a      2469     1    18     2     9
 -3.9578425708209495E+00 a      2470     1    18     2    10
 -1.9398791062043634E+00 a      2471     1    18     2    11
  2.0886658283385193E+00 a      2472     1    18     2    12
  4.2124669450851426E-01 a      2473     1    18     2    13
 -8.1280437793974248E-03 a      2474     1    18     2    14
 -7.9048879920353177E-01 a      2475     1    18     2    15
  5.0429869094409718E-01 a      2476     1    18     2    16
 -2.9162130668203110E+00 a      2477     1    18     2    17
  1.3656048107875389E+00 a      2478     1    18     2    18
 -1.5118509253768611E+00 a      2479     1    18     2    19
  3.1074896758336085E-01 a      2480     1    18     2    20
 -3.4666438464996490E+00 a      2481     1    18     2    21
  2.5642759280654617E+00 a      2482     1    18     2    22
 -1.9226446832648278E+00 a      2483     1    18     2    23
  3.6104918895829319E-01 a      2484     1    18     2    24
  1.6336039694235038E+00 a      2485     1    18     2    25
 -1.5996872368155382E-01 a      2486     1    18     2    26
 -2.5081104102397740E+00 a      2487     1    18     2    27
  2.1386596088415439E+00 a      2488     1    18     2    28
 -7.2186558651380350E-01 a      2489     1    18     2    29
  9.1151039642472387E-01 a      2490     1    18     2    30
 -1.5019938259085839E+00 a      2491     1    19     2     1
 -1.3041232171789630E+00 a      2492     1    19     2     2
 -7.2856590872844362E-01 a      2493     1    19     2     3
  2.4272048029943927E-02 a      2494     1    19     2     4
  1.1080250994650627E+00 a      2495     1    19     2     5
 -3.8800490812604005E-01 a      2496     1    19     2     6
 -1.6252020719769293E+00 a      2497     1    19     2     7
  6.6717932030170990E-01 a      2498     1    19     2     8
  4.2623209047272486E+00 a      2499     1    19     2     9
 -4.4419779419134766E+00 a      2500     1    19     2    10
 -2.3186416277378785E+00 a      2501     1    19     2    11
  1.8244703017078836E+00 a      2502     1    19     2    12
 -7.0407581268808794E-01 a      2503     1    19     2    13
 -9.2751855418167561E-01 a      2504     1    19     2    14
  1.6194814004744329E+00 a      2505     1    19     2    15
 -2.1002511477530863E+00 a      2506     1    19     2    16
 -1.3441226833162727E+00 a      2507     1    19     2    17
  3.6232113222756188E-03 a      2508     1    19     2    18
 -1.5592043639288122E+00 a      2509     1    19     2    19
 -6.0743466618014119E-01 a      2510     1    19     2    20
 -8.6130820937207220E-01 a      2511     1    19     2    21
 -7.5105599199255157E-01 a      2512     1    19     2    22
  1.9130471187159708E+00 a      2513     1    19     2    23
 -1.2416295444182688E+00 a      2514     1    19     2    24
 -1.1883465457573665E+00 a      2515     1    19     2    25
 -2.0471595922598598E-01 a      2516     1    19     2    26
  1.3743757318784491E+00 a      2517     1    19     2    27
  2.2160321188828438E-01 a      2518     1    19     2    28
  6.9005944859216939E-01 a      2519     1    19     2    29
 -2.0500091826709648E+00 a      2520     1    19     2    30
  3.1248268544657926E-01 a      2521     1    20     2     1
  1.2019464732248202E+00 a      2522     1    20     2     2
 -6.6199744676503949E+00 a      2523     1    20     2     3
  6.9173804393898231E-01 a      2524     1    20     2     4
  1.4096866610453929E+00 a      2525     1    20     2     5
 -2.2787192032394255E+00 a      2526     1    20     2     6
 -1.2306433494900413E+00 a      2527     1    20     2     7
  4.5139016128504785E+00 a      2528     1    20     2     8
  1.5987676770201493E+00 a      2529     1    20     2     9
  6.3351659771767532E-01 a      2530     1    20     2    10
 -3.1122275524422518E+00 a      2531     1    20     2    11
  1.9817577507630386E+00 a      2532     1    20     2    12
 -1.9869073126791631E-01 a      2533     1    20     2    13
 -2.4429921258972279E-01 a      2534     1    20     2    14
  3.1764052592414682E+00 a      2535     1    20     2    15
  1.4389393336908323E+00 a      2536     1    20     2    16
 -4.1432698353034452E+00 a      2537     1    20     2    17
  8.4535346489908167E-02 a      2538     1    20     2    18
  4.9504144773346805E+00 a      2539     1    20     2    19
  3.5098122673555201E+00 a      2540     1    20     2    20
 -4.9268420808324436E+00 a      2541     1    20     2    21
 -3.9855488978270230E+00 a      2542     1    20     2    22
  3.3727632213092757E+00 a      2543     1    20     2    23
 -1.0556743852877040E+00 a      2544     1    20     2    24
 -1.2096783472044059E+01 a      2545     1    20     2    25
 -2.2471725450981674E+00 a      2546     1    20     2    26
 -1.6858790836498458E+00 a      2547     1    20     2    27
 -6.0280645870658471E+00 a      2548     1    20     2    28
 -2.9719822567915561E+00 a      2549     1    20     2    29
  3.0975360604102948E+00 a      2550     1    20     2    30
  6.7343552079119740E-02 a      2551     1    21     2     1
  4.5968070956488427E+00 a      2552     1    21     2     2
 -5.6894768873921331E-01 a      2553     1    21     2     3
  5.4572894499005917E+00 a      2554     1    21     2     4
 -8.5750104267842575E-01 a      2555     1    21     2     5
  1.0497749843445345E+00 a      2556     1    21     2     6
  6.0663514518037758E+00 a      2557     1    21     2     7
  1.2819785958560153E+00 a      2558     1    21     2     8
  1.5383232612901703E+00 a      2559     1    21     2     9
  2.7021980589834813E+00 a      2560     1    21     2    10
 -1.9911941299101954E-01 a      2561     1    21     2    11
  2.5121443634041976E+00 a      2562     1    21     2    12
 -1.0657865547636998E+00 a      2563     1    21     2    13
  8.0018339426480933E-01 a      2564     1    21     2    14
  3.5761867759337118E+00 a      2565     1    21     2    15
 -1.3591286572258685E+00 a      2566     1    21     2    16
 -1.7490940028399010E-01 a      2567     1    21     2    17
  9.5800257306503145E-01 a      2568     1    21     2    18
  2.8403713948138956E+00 a      2569     1    21     2    19
 -1.2689821707400788E+00 a      2570     1    21     2    20
  2.4598418062819101E+00 a      2571     1    21     2    21
  2.9231383858393314E+00 a      2572     1    21     2    22
  2.5003065566976401E+00 a      2573     1    21     2    23
 -1.0923141531032938E+00 a      2574     1    21     2    24
  1.8249016270168359E+00 a      2575     1    21     2    25
 -2.6539554152270667E-01 a      2576     1    21     2    26
  2.1411242739529257E+00 a      2577     1    21     2    27
  5.1031195757579106E-01 a      2578     1    21     2    28
  4.7516075919249207E-01 a      2579     1    21     2    29
  3.3922074886832849E+00 a      2580     1    21     2    30
 -2.6373435297411640E-01 a      2581     1    22     2     1
  3.7194051957239709E+00 a      2582     1    22     2     2
 -4.2952823258133788E-01 a      2583     1    22     2     3
 -3.7209883604800580E+00 a      2584     1    22     2     4
 -1.5840360412851098E+00 a      2585     1    22     2     5
 -1.1073627618395041E+00 a      2586     1    22     2     6
  2.3771232542102591E-01 a      2587     1    22     2     7
  2.8339540247580114E-01 a      2588     1    22     2     8
 -2.9134636006801946E+00 a      2589     1    22     2     9
  2.2366540136531441E+00 a      2590     1    22     2    10
 -3.1001677695863243E+00 a      2591     1    22     2    11
  5.1938915018357279E-01 a      2592     1    22     2    12
  7.6679621720145874E-01 a      2593     1    22     2    13
 -1.9550035611201901E+00 a      2594     1    22     2    14
 -4.8329692955463459E+00 a      2595     1    22     2    15
 -2.1194207819181892E+00 a      2596     1    22     2    16
 -2.3339430412803486E+00 a      2597     1    22     2    17
 -2.2862694374470967E+00 a      2598     1    22     2    18
 -1.1921456308720748E+00 a      2599     1    22     2    19
 -1.0707891411511414E+00 a      2600     1    22     2    20
 -9.4300557425545672E-01 a      2601     1    22     2    21
 -5.8223219876314049E-02 a      2602     1    22     2    22
 -1.9318244211461626E+00 a      2603     1    22     2    23
  9.6194377713497836E-01 a      2604     1    22     2    24
 -3.9181764390769183E+00 a      2605     1    22     2    25
  1.3367028190154662E+00 a      2606     1    22     2    26
  4.1264953483082156E-01 a      2607     1    22     2    27
 -6.8755919178552871E-01 a      2608     1    22     2    28
 -1.4433972979732759E+00 a      2609     1    22     2    29
  5.9527516190376495E-01 a      2610     1    22     2    30
 -2.2951131014042703E-01 a      2611     1    23     2     1
 -5.1047173169949982E+00 a      2612     1    23     2     2
  3.4270698330301590E+00 a      2613     1    23     2     3
  2.1853746295176775E+00 a      2614     1    23     2     4
  5.4898576794330078E-01 a      2615     1    23     2     5
  1.8503161370797139E+00 a      2616     1    23     2     6
  4.5474638267144274E-01 a      2617     1    23     2     7
  1.0952166241579917E+00 a      2618     1    23     2     8
 -1.7740480782340355E+00 a      2619     1    23     2     9
 -3.3699329790490569E+00 a      2620     1    23     2    10
 -9.8819530481705897E-01 a      2621     1    23     2    11
  9.2376986915093118E-01 a      2622     1    23     2    12
 -5.5161766620760462E+00 a      2623     1    23     2    13
 -3.5862755101404958E-01 a      2624     1    23     2    14
  4.0412706725384173E-01 a      2625     1    23     2    15
  2.3821543991752081E-01 a      2626     1    23     2    16
  6.9372141112132557E-01 a      2627     1    23     2    17
  1.4970488370323012E+00 a      2628     1    23     2    18
  4.3074733315035294E+00 a      2629     1    23     2    19
  6.8075588335297310E-01 a      2630     1    23     2    20
  8.2800539238534965E-01 a      2631     1    23     2    21
 -2.6054752781814466E-01 a      2632     1    23     2    22
  2.4564545894687919E+00 a      2633     1    23     2    23
 -5.1953914776424135E+00 a      2634     1    23     2    24
  2.1981791873635634E+00 a      2635     1    23     2    25
 -4.5058532278319219E-01 a      2636     1    23     2    26
 -3.0152921916351363E+00 a      2637     1    23     2    27
  4.1910784593039905E+00 a      2638     1    23     2    28
  6.0523773523636748E-02 a      2639     1    23     2    29
  1.9417704357220889E+00 a      2640     1    23     2    30
  1.1989744274434697E+00 a      2641     1    24     2     1
 -2.4627760096908577E+00 a      2642     1    24     2     2
 -3.4821489442651634E+00 a      2643     1    24     2     3
 -3.1571377663856346E+00 a      2644     1    24     2     4
 -1.4106370960632342E+00 a      2645     1    24     2     5
 -9.6484490223223071E-02 a      2646     1    24     2     6
 -3.2220068372926107E+00 a      2647     1    24     2     7
 -1.5744630200317764E+00 a      2648     1    24     2     8
 -1.1097694207825270E+00 a      2649     1    24     2     9
  3.5864705088225429E-01 a      2650     1    24     2    10
  2.2305167324801016E+00 a      2651     1    24     2    11
 -1.8119591586562249E+00 a      2652     1    24     2    12
  3.7904583890884682E+00 a      2653     1    24     2    13
 -3.4785703705251545E+00 a      2654     1    24     2    14
  6.5720508456457061E-01 a      2655     1    24     2    15
  1.4301204131041088E+00 a      2656     1    24     2    16
  2.2993614548747345E+00 a      2657     1    24     2    17
 -3.1947433485301877E+00 a      2658     1    24     2    18
 -1.8559589808890267E+00 a      2659     1    24     2    19
  1.7342032107284677E+00 a      2660     1    24     2    20
  1.1450188049982581E+00 a      2661     1    24     2    21
  4.4881983443654822E-01 a      2662     1    24     2    22
 -7.2378038438088899E+00 a      2663     1    24     2    23
 -2.5497109542189280E+00 a      2664     1    24     2    24
  3.2873979173671906E+00 a      2665     1    24     2    25
 -1.7938469364801770E+00 a      2666     1    24     2    26
  1.0427994560225520E-01 a      2667     1    24     2    27
  1.6298232694931605E+00 a      2668     1    24     2    28
 -3.1111110141587406E-01 a      2669     1    24     2    29
 -1.1979743669473755E+00 a      2670     1    24     2    30
  3.1793715533085759E-01 a      2671     1    25     2     1
 -2.5919016556520162E+00 a      2672     1    25     2     2
  5.7996807265189521E-01 a      2673     1    25     2     3
 -1.1367984605928463E+00 a      2674     1    25     2     4
 -2.7838458308076621E+00 a      2675     1    25     2     5
 -2.8529982137965038E-01 a      2676     1    25     2     6
 -1.9940007532345023E+00 a      2677     1    25     2     7
  1.3646165713313769E+00 a      2678     1    25     2     8
 -2.7666335072058899E+00 a      2679     1    25     2     9
 -2.9299356855111709E-02 a      2680     1    25     2    10
  1.8603168356847959E+00 a      2681     1    25     2    11
  1.7821920144103134E+00 a      2682     1    25     2    12
 -1.2851528525927476E+00 a      2683     1    25     2    13
  4.3859867758768445E-01 a      2684     1    25     2    14
 -2.1444877691531472E+00 a      2685     1    25     2    15
  1.9664879769996590E-02 a      2686     1    25     2    16
 -6.4336331795332102E-02 a      2687     1    25     2    17
  4.7605094138058901E-01 a      2688     1    25     2    18
 -1.1643071034132502E+00 a      2689     1    25     2    19
 -1.6213642870404537E+00 a      2690     1    25     2    20
  1.3606649209000619E+00 a      2691     1    25     2    21
 -9.4192456950238168E-01 a      2692     1    25     2    22
  3.6910006946380136E+00 a      2693     1    25     2    23
 -1.8376441136187212E+00 a      2694     1    25     2    24
 -1.5949686502336318E+00 a      2695     1    25     2    25
  1.6168308613206099E+00 a      2696     1    25     2    26
 -9.5798549355010154E-01 a      2697     1    25     2    27
  2.4350950689429474E+00 a      2698     1    25     2    28
 -1.3318097474025965E+00 a      2699     1    25     2    29
  1.8777746338153323E+00 a      2700     1    25     2    30
 -2.9569910280686967E-01 a      2701     1    26     2     1
 -1.8424977796413631E+00 a      2702     1    26     2     2
 -1.8020403526282556E+00 a      2703     1    26     2     3
  2.9466446395786692E+00 a      2704     1    26     2     4
  2.2057062317623708E+00 a      2705     1    26     2     5
  1.3250535151794629E+00 a      2706     1    26     2     6
  1.8010216488851011E-01 a      2707     1    26     2     7
  8.5328089677316832E-01 a      2708     1    26     2     8
  4.8868297763460183E-01 a      2709     1    26     2     9
 -4.7791655027602582E+00 a      2710     1    26     2    10
  3.7535692476296476E+00 a      2711     1    26     2    11
  1.9591000930548157E+00 a      2712     1    26     2    12
  2.5370867376920714E-01 a      2713     1    26     2    13
  1.9003307334065464E-01 a      2714     1    26     2    14
 -2.3565758305654674E+00 a      2715     1    26     2    15
 -6.5667230679356725E-01 a      2716     1    26     2    16
  9.0508531248041924E-01 a      2717     1    26     2    17
 -7.0027271402397051E-01 a      2718     1    26     2    18
  9.7583260770569313E-01 a      2719     1    26     2    19
  2.5117991664562616E+00 a      2720     1    26     2    20
  1.7864765210755227E+00 a      2721     1    26     2    21
 -8.0517547856736327E-01 a      2722     1    26     2    22
  1.3804767506917090E-01 a      2723     1    26     2    23
 -1.9282795397960091E+00 a      2724     1    26     2    24
 -1.8377492175141403E+00 a      2725     1    26     2    25
 -8.6504813666171321E-01 a      2726     1    26     2    26
  1.6340675161763403E+00 a      2727     1    26     2    27
 -9.9346527600169571E-02 a      2728     1    26     2    28
  5.1275750706586387E-01 a      2729     1    26     2    29
 -1.6494473431496470E+00 a      2730     1    26     2    30
 -1.3806927843181087E+00 a      2731     1    27     2     1
 -1.7521266902525243E+00 a      2732     1    27     2     2
  4.8183252311233965E-01 a      2733     1    27     2     3
 -1.5762250283538295E+00 a      2734     1    27     2     4
 -1.2798905231139195E+00 a      2735     1    27     2     5
 -2.3543554454671456E-01 a      2736     1    27     2     6
 -2.8375805962065623E+00 a      2737     1    27     2     7
 -6.7671516089720141E-01 a      2738     1    27     2     8
 -5.3185848510115541E-01 a      2739     1    27     2     9
  7.1456062211662807E-01 a      2740     1    27     2    10
 -5.0314352881638982E+00 a      2741     1    27     2    11
 -4.0742002542903899E-01 a      2742     1    27     2    12
 -4.4629002992540900E-01 a      2743     1    27     2    13
  4.6640639538721995E-01 a      2744     1    27     2    14
 -1.2153781857942560E+00 a      2745     1    27     2    15
 -1.3006371176930274E+00 a      2746     1    27     2    16
 -2.9985295264153866E-01 a      2747     1    27     2    17
  2.0745763865838129E+00 a      2748     1    27     2    18
  2.3868709834114301E+00 a      2749     1    27     2    19
 -4.8804607956844442E-01 a      2750     1    27     2    20
  1.0847693698413203E+00 a      2751     1    27     2    21
 -1.4084485973990639E+00 a      2752     1    27     2    22
 -7.4520858971568193E-01 a      2753     1    27     2    23
 -1.6155489824250038E-01 a      2754     1    27     2    24
 -6.1465873905727497E-01 a      2755     1    27     2    25
  4.6827817419176671E-01 a      2756     1    27     2    26
  5.7422913650224831E-02 a      2757     1    27     2    27
 -4.1827729232082521E-02 a      2758     1    27     2    28
 -1.5846411158830271E+00 a      2759     1    27     2    29
  6.4197983997779962E-01 a      2760     1    27     2    30
  1.1246321312460984E-01 a      2761     1    28     2     1
  4.0171369864988318E+00 a      2762     1    28     2     2
 -6.1198952138749094E+00 a      2763     1    28     2     3
  1.3595102022994499E+00 a      2764     1    28     2     4
 -1.1271428196108049E+00 a      2765     1    28     2     5
 -2.8611912431861217E-02 a      2766     1    28     2     6
 -1.0163141066867971E-01 a      2767     1    28     2     7
  1.9013195732710362E+00 a      2768     1    28     2     8
  1.0387463769429741E+00 a      2769     1    28     2     9
  1.3961292942138097E+00 a      2770     1    28     2    10
  6.2634828589035296E-01 a      2771     1    28     2    11
  2.9856472807326706E-01 a      2772     1    28     2    12
 -1.2857393836233042E+00 a      2773     1    28     2    13
  1.9938404035844137E-01 a      2774     1    28     2    14
  5.4044055139852676E-01 a      2775     1    28     2    15
 -8.1491410005505027E-01 a      2776     1    28     2    16
 -2.8140354606405449E-01 a      2777     1    28     2    17
 -1.6558506999512979E+00 a      2778     1    28     2    18
  1.8783437547725406E+00 a      2779     1    28     2    19
 -2.0145036508911334E+00 a      2780     1    28     2    20
  1.4895011128184072E+00 a      2781     1    28     2    21
 -5.2187305055246891E-01 a      2782     1    28     2    22
  1.4887867566515276E+00 a      2783     1    28     2    23
  1.2792954844488158E+00 a      2784     1    28     2    24
  1.1363142707515142E-01 a      2785     1    28     2    25
  1.0893291111667371E+00 a      2786     1    28     2    26
  1.2290228378519710E+00 a      2787     1    28     2    27
 -2.9799721745139878E+00 a      2788     1    28     2    28
  1.8615796727638384E-01 a      2789     1    28     2    29
  1.8005617200424286E+00 a      2790     1    28     2    30
 -1.1500041048969227E+00 a      2791     1    29     2     1
 -3.5677482501281910E+00 a      2792     1    29     2     2
 -2.3174192942773608E+00 a      2793     1    29     2     3
 -2.1277554724986487E+00 a      2794     1    29     2     4
  2.0821961742053530E+00 a      2795     1    29     2     5
  9.3860449604458274E-01 a      2796     1    29     2     6
 -1.2279314224494380E+00 a      2797     1    29     2     7
 -5.0182410378240139E-01 a      2798     1    29     2     8
  2.4934779404907159E+00 a      2799     1    29     2     9
 -1.7633851269702785E+00 a      2800     1    29     2    10
  2.2089375717706341E+00 a      2801     1    29     2    11
 -9.8273843262200622E-01 a      2802     1    29     2    12
  1.8408820632871510E+00 a      2803     1    29     2    13
  3.2432455798052887E-02 a      2804     1    29     2    14
 -2.2945188350855505E-01 a      2805     1    29     2    15
 -1.0181754892591187E-01 a      2806     1    29     2    16
  2.8067601750343587E+00 a      2807     1    29     2    17
  8.3395376813839306E-01 a      2808     1    29     2    18
  3.6103430006464488E-02 a      2809     1    29     2    19
  2.2223503208078366E-03 a      2810     1    29     2    20
 -3.0052727300556943E+00 a      2811     1    29     2    21
 -2.5854821877515310E+00 a      2812     1    29     2    22
 -4.0475629545354304E+00 a      2813     1    29     2    23
  3.5648022201177172E+00 a      2814     1    29     2    24
 -1.3979530493871895E+00 a      2815     1    29     2    25
 -6.7257657723319964E-01 a      2816     1    29     2    26
 -2.1194457373552651E+00 a      2817     1    29     2    27
 -1.3922682471560972E+00 a      2818     1    29     2    28
  1.7640797737001628E+00 a      2819     1    29     2    29
 -5.2658947238015203E+00 a      2820     1    29     2    30
  1.2805151267570209E+00 a      2821     1    30     2     1
  5.1370894517909660E-01 a      2822     1    30     2     2
  4.4115354994704585E+00 a      2823     1    30     2     3
  2.0597013734675098E+00 a      2824     1    30     2     4
  1.5543228522718353E-01 a      2825     1    30     2     5
  6.0043943542062339E-01 a      2826     1    30     2     6
  3.9182779397113014E+00 a      2827     1    30     2     7
  2.8649260095495954E-01 a      2828     1    30     2     8
 -1.7033876471598732E+00 a      2829     1    30     2     9
 -6.8104649936085986E+00 a      2830     1    30     2    10
  2.7395862933516429E-01 a      2831     1    30     2    11
 -6.0704936728336207E+00 a      2832     1    30     2    12
 -1.6047155229363579E+00 a      2833     1    30     2    13
  1.5067651331909779E-01 a      2834     1    30     2    14
 -8.3841914683503427E-01 a      2835     1    30     2    15
 -7.9417531210101133E-01 a      2836     1    30     2    16
 -1.0109107291954411E+00 a      2837     1    30     2    17
 -8.9919391119329187E-02 a      2838     1    30     2    18
 -3.4474463874595789E+00 a      2839     1    30     2    19
 -3.9412486255171446E+00 a      2840     1    30     2    20
  6.1047965676105491E+00 a      2841     1    30     2    21
 -2.3509053411143923E+00 a      2842     1    30     2    22
 -1.6316805070055780E+00 a      2843     1    30     2    23
 -1.8371439706907966E-01 a      2844     1    30     2    24
  6.4219015332194740E+00 a      2845     1    30     2    25
 -7.4875255487849668E-01 a      2846     1    30     2    26
  2.8212780094635908E+00 a      2847     1    30     2    27
 -8.4919715579114963E-01 a      2848     1    30     2    28
  1.9327696213202086E+00 a      2849     1    30     2    29
 -6.4970700336782350E-01 a      2850     1    30     2    30
 -6.6234702553662492E+00 b      2851     2     1
  3.9700716024222249E+00 b      2852     2     2
  1.1138864000812958E+01 b      2853     2     3
  1.0602483028149301E+00 b      2854     2     4
  5.9815176850027409E+00 b      2855     2     5
  5.3573494732828664E+00 b      2856     2     6
 -9.0392018796224818E+00 b      2857     2     7
 -1.0587344383716832E+01 b      2858     2     8
 -9.7694867265941028E+00 b      2859     2     9
  9.0270734249086004E+00 b      2860     2    10
  1.4622368378095851E+01 b      2861     2    11
 -6.9533911530819301E+00 b      2862     2    12
  2.7246087620715087E+01 b      2863     2    13
 -1.9199498080252215E+00 b      2864     2    14
 -1.0387556779728868E+01 b      2865     2    15
 -7.9004843177194504E+00 b      2866     2    16
  2.8573809593411661E+00 b      2867     2    17
 -1.0144759622385362E+01 b      2868     2    18
  5.8980410301509645E+00 b      2869     2    19
  1.2101167206742360E+01 b      2870     2    20
  8.7789215169541990E+00 b      2871     2    21
  3.1505258694447318E+00 b      2872     2    22
  7.9475014741320269E+00 b      2873     2    23
  1.8337701209743189E+00 b      2874     2    24
  7.0007885255171294E+00 b      2875     2    25
 -4.6692716158149548E+00 b      2876     2    26
  1.3431638358197754E+01 b      2877     2    27
 -3.6341336659147041E+00 b      2878     2    28
  5.2743278034032439E+00 b      2879     2    29
 -3.4252211268796886E+00 b      2880     2    30
 -2.6918002458058843E-01 a      2881     2     1     3     1
 -3.0942840956879462E-04 a      2882     2     2     3     1
 -5.3045971114854297E-03 a      2883     2     3     3     1
  2.1082482614914484E-02 a      2884     2     4     3     1
  4.5806161021515468E-02 a      2885     2     5     3     1
 -1.0447770398630986E-01 a      2886     2     6     3     1
 -7.2704958666529726E-03 a      2887     2     7     3     1
 -2.9522838648196039E-03 a      2888     2     8     3     1
  5.1252368416068806E-03 a      2889     2     9     3     1
  1.7060447169589061E-02 a      2890     2    10     3     1
 -1.3134905156271390E-02 a      2891     2    11     3     1
 -1.4882313366991799E-02 a      2892     2    12     3     1
 -3.5683062403228903E-02 a      2893     2    13     3     1
 -6.0611374484002234E-01 a      2894     2    14     3     1
  5.9386687435493753E-02 a      2895     2    15     3     1
 -1.2313285757105464E-02 a      2896     2    16     3     1
  2.6840775686449252E-02 a      2897     2    17     3     1
  6.7937685826558042E-02 a      2898     2    18     3     1
  1.6323406649741697E-02 a      2899     2    19     3     1
 -1.1924330788355233E-03 a      2900     2    20     3     1
  2.7539908024698211E-02 a      2901     2    21     3     1
  2.1258244121648950E-02 a      2902     2    22     3     1
 -2.6638745017687662E-02 a      2903     2    23     3     1
 -1.8205729492211997E-02 a      2904     2    24     3     1
 -2.6143971415953010E-02 a      2905     2    25     3     1
  2.2085913474617275E-02 a      2906     2    26     3     1
  6.3271319917465124E-02 a      2907     2    27     3     1
  1.2331027908921635E-02 a      2908     2    28     3     1
  4.5156480125023768E-02 a      2909     2    29     3     1
  3.9306507257166326E-04 a      2910     2    30     3     1
  3.0257491187494168E-01 b      2911     3     1
