################################################################################
# Neural network connection values (weights and biases).
################################################################################
# Col  Name       Description
################################################################################
# 1    connection Neural network connection value.
# 2    t          Connection type (a = weight, b = bias).
# 3    index      Index enumerating weights.
# 4    l_s        Starting point layer (end point layer for biases).
# 5    n_s        Starting point neuron in starting layer (end point neuron for biases).
# 6    l_e        End point layer.
# 7    n_e        End point neuron in end layer.
################################################################################
#                      1 2         3     4     5     6     7
#             connection t     index   l_s   n_s   l_e   n_e
############################################################
 -1.1762594797335948E+01 a         1     0     1     1     1
 -2.6543655658512410E+01 a         2     0     1     1     2
  1.7749830200171235E+00 a         3     0     1     1     3
  9.0137852837491863E+00 a         4     0     1     1     4
 -7.6312006963641696E+00 a         5     0     1     1     5
  9.9476744419542467E+00 a         6     0     1     1     6
 -1.9111250691236257E+00 a         7     0     1     1     7
 -1.6239381105767755E+01 a         8     0     1     1     8
 -5.0497745010440624E+00 a         9     0     1     1     9
  1.3700200643856244E+01 a        10     0     1     1    10
 -3.7486933249783818E+00 a        11     0     1     1    11
 -4.8944207538498476E+00 a        12     0     1     1    12
  5.5511648614400553E+00 a        13     0     1     1    13
  2.9913017151498389E+00 a        14     0     1     1    14
  4.2577656897666500E+00 a        15     0     1     1    15
 -3.4710444326705703E-01 a        16     0     1     1    16
  1.2038837901800733E+01 a        17     0     1     1    17
  7.9657482344607793E+00 a        18     0     1     1    18
  3.0402614957653609E+00 a        19     0     1     1    19
  7.1240119180695199E-02 a        20     0     1     1    20
  4.1444810214674259E+00 a        21     0     1     1    21
 -6.5210698605482609E+00 a        22     0     1     1    22
 -1.2135663685732926E+01 a        23     0     1     1    23
  1.3745268040520081E+01 a        24     0     1     1    24
  2.0845023518810062E+00 a        25     0     1     1    25
 -1.2583408473988371E+00 a        26     0     1     1    26
  1.9129279728509431E+01 a        27     0     1     1    27
 -3.2769546218792134E+00 a        28     0     1     1    28
 -3.5716051575921739E+00 a        29     0     1     1    29
  2.4075770155402161E+00 a        30     0     1     1    30
  4.6715388604449402E+00 a        31     0     2     1     1
  7.7323391063924776E+00 a        32     0     2     1     2
  5.0268535388864288E+00 a        33     0     2     1     3
  5.9866464835819500E+00 a        34     0     2     1     4
  4.4822805593325663E+00 a        35     0     2     1     5
 -8.3111035415377756E+00 a        36     0     2     1     6
 -3.8262757803770375E+00 a        37     0     2     1     7
  2.0743459322797673E+00 a        38     0     2     1     8
 -1.4212692140751184E+00 a        39     0     2     1     9
 -1.3184314014484425E+01 a        40     0     2     1    10
  1.2835948459160478E+00 a        41     0     2     1    11
 -1.7012036720356181E+00 a        42     0     2     1    12
  1.0335910979570498E+01 a        43     0     2     1    13
 -1.4336746055153851E+01 a        44     0     2     1    14
 -1.1129555860077531E+01 a        45     0     2     1    15
 -7.9588306218686862E+00 a        46     0     2     1    16
 -4.9804350036851268E+00 a        47     0     2     1    17
 -2.1329683982772778E+00 a        48     0     2     1    18
  6.6439845489077420E+00 a        49     0     2     1    19
 -2.2543299202042850E+00 a        50     0     2     1    20
 -7.7215763799495525E+00 a        51     0     2     1    21
  6.1214749497953189E+00 a        52     0     2     1    22
  8.4131455155199024E+00 a        53     0     2     1    23
 -4.0423665241377318E+00 a        54     0     2     1    24
 -2.4846552451006759E-01 a        55     0     2     1    25
  1.4815538270790294E+00 a        56     0     2     1    26
 -7.8228082327989279E+00 a        57     0     2     1    27
 -2.2531263909000407E+00 a        58     0     2     1    28
  8.8175244880881976E-01 a        59     0     2     1    29
  3.2044014636918887E+00 a        60     0     2     1    30
  1.2291289983016307E+01 a        61     0     3     1     1
 -6.0262536838810137E+00 a        62     0     3     1     2
  6.3514527599909432E+00 a        63     0     3     1     3
 -1.5667913256258956E+00 a        64     0     3     1     4
 -6.3665580601570504E+00 a        65     0     3     1     5
 -1.0572747300753466E+01 a        66     0     3     1     6
 -1.4988807584758044E+00 a        67     0     3     1     7
  3.0120016119088331E+00 a        68     0     3     1     8
  8.7142345846947240E+00 a        69     0     3     1     9
 -2.9302692009882452E+00 a        70     0     3     1    10
 -6.1570022649539462E+00 a        71     0     3     1    11
 -3.8417015482083676E+00 a        72     0     3     1    12
 -4.1039395785589718E+00 a        73     0     3     1    13
  9.4190729306855534E+00 a        74     0     3     1    14
  5.7890847476909739E+00 a        75     0     3     1    15
  1.0019571015618235E+01 a        76     0     3     1    16
 -5.1436530472251025E+00 a        77     0     3     1    17
 -1.3960602792550422E-01 a        78     0     3     1    18
  6.2984370499745168E+00 a        79     0     3     1    19
  6.9382353484050929E+00 a        80     0     3     1    20
  3.7903996456575282E+00 a        81     0     3     1    21
 -1.0233897591200208E+01 a        82     0     3     1    22
  1.4755815811050510E+00 a        83     0     3     1    23
 -9.2031830198026547E+00 a        84     0     3     1    24
 -6.4705724243559155E+00 a        85     0     3     1    25
  2.1416549800981439E+00 a        86     0     3     1    26
  8.7897223589400113E+00 a        87     0     3     1    27
  2.0699839483299076E+00 a        88     0     3     1    28
 -8.6901196371980980E+00 a        89     0     3     1    29
  2.3700666824160560E+01 a        90     0     3     1    30
 -9.7103534424868450E+00 a        91     0     4     1     1
  1.8223099820499538E+00 a        92     0     4     1     2
 -6.8750649272288378E-01 a        93     0     4     1     3
 -1.0477082140501685E-01 a        94     0     4     1     4
  6.2438983907383596E+00 a        95     0     4     1     5
  5.0119282812356882E+00 a        96     0     4     1     6
  2.7594006860249432E-01 a        97     0     4     1     7
  3.3513206944923296E-01 a        98     0     4     1     8
 -4.0780225776307546E+00 a        99     0     4     1     9
  1.9132061462693741E+00 a       100     0     4     1    10
  4.8206665065509178E+00 a       101     0     4     1    11
  4.6714876939821265E-01 a       102     0     4     1    12
  5.2361672712181244E+00 a       103     0     4     1    13
 -6.8769131387436762E+00 a       104     0     4     1    14
 -1.0641354039246373E+01 a       105     0     4     1    15
 -6.4235158074638283E+00 a       106     0     4     1    16
  7.5948956373968173E+00 a       107     0     4     1    17
 -2.4262593513521704E+00 a       108     0     4     1    18
 -1.1076010190735048E+00 a       109     0     4     1    19
 -5.3084311912992110E-01 a       110     0     4     1    20
 -4.2803551204425823E+00 a       111     0     4     1    21
  8.9864692475387411E+00 a       112     0     4     1    22
 -6.5701246333921903E-01 a       113     0     4     1    23
  2.9539522607399080E+00 a       114     0     4     1    24
  5.4696179538607845E+00 a       115     0     4     1    25
 -2.1226360922863812E+00 a       116     0     4     1    26
 -7.9298696273437255E+00 a       117     0     4     1    27
 -2.3938830857447946E+00 a       118     0     4     1    28
  1.1098659997523541E+01 a       119     0     4     1    29
 -2.1644897072853620E+01 a       120     0     4     1    30
  4.0656400826483150E+00 a       121     0     5     1     1
  2.5461947345328904E+00 a       122     0     5     1     2
  2.3332388536073285E+00 a       123     0     5     1     3
  1.2025438177761352E+00 a       124     0     5     1     4
 -3.8945122697780468E+00 a       125     0     5     1     5
 -2.3975086147874900E+00 a       126     0     5     1     6
  8.3729227936664785E-01 a       127     0     5     1     7
 -1.6493866909432473E+00 a       128     0     5     1     8
 -1.1191123499986633E+01 a       129     0     5     1     9
  2.3587219831534676E+00 a       130     0     5     1    10
 -1.1653367353049624E+00 a       131     0     5     1    11
  2.3731597308279359E-01 a       132     0     5     1    12
 -1.2996648860016713E+00 a       133     0     5     1    13
  4.0109294789018159E+00 a       134     0     5     1    14
  5.1348243466519250E+00 a       135     0     5     1    15
  2.5753838792108654E+00 a       136     0     5     1    16
 -3.2509756998728343E+00 a       137     0     5     1    17
  1.7612364846624105E+00 a       138     0     5     1    18
 -4.5531864337064809E-01 a       139     0     5     1    19
 -4.8681767638392346E+00 a       140     0     5     1    20
 -1.4393946340916834E+00 a       141     0     5     1    21
 -3.1398644424323510E+00 a       142     0     5     1    22
 -2.6144405712356522E-01 a       143     0     5     1    23
  4.3013094118060335E-01 a       144     0     5     1    24
 -4.6958162124664554E-01 a       145     0     5     1    25
  2.0789620170791574E+00 a       146     0     5     1    26
  4.4608357966821268E+00 a       147     0     5     1    27
  1.6055976068548219E+00 a       148     0     5     1    28
 -1.6971751662084909E+01 a       149     0     5     1    29
  9.7794296312575177E+00 a       150     0     5     1    30
  3.1330353606486581E+00 a       151     0     6     1     1
  2.5415940886753607E+00 a       152     0     6     1     2
 -1.9933895250742057E+00 a       153     0     6     1     3
 -1.0260873698171156E+00 a       154     0     6     1     4
  9.7405099800534356E-01 a       155     0     6     1     5
  1.1383004295899142E+00 a       156     0     6     1     6
 -4.9854405658255874E-01 a       157     0     6     1     7
  4.6172485964604597E+00 a       158     0     6     1     8
  1.3879916809194710E+00 a       159     0     6     1     9
  2.3987968111861693E+00 a       160     0     6     1    10
  3.1381858214499153E-01 a       161     0     6     1    11
  8.5002429572188964E-01 a       162     0     6     1    12
  7.4396647189140508E-01 a       163     0     6     1    13
  5.3774043066342492E-01 a       164     0     6     1    14
 -7.1823939140507342E-01 a       165     0     6     1    15
 -2.1973023665083491E+00 a       166     0     6     1    16
  5.0275932693337788E+00 a       167     0     6     1    17
  1.2479041171808556E+00 a       168     0     6     1    18
  1.9039765366096667E-01 a       169     0     6     1    19
  3.5520730566716230E+00 a       170     0     6     1    20
 -7.9575895231666061E-01 a       171     0     6     1    21
  1.6965050491297125E-03 a       172     0     6     1    22
 -1.3496927790239517E+00 a       173     0     6     1    23
  2.2586911336396480E+00 a       174     0     6     1    24
  2.6140953929344826E+00 a       175     0     6     1    25
 -1.0509036592395635E+00 a       176     0     6     1    26
 -2.9260366435170848E+00 a       177     0     6     1    27
  3.0154044722933349E-01 a       178     0     6     1    28
  3.4782401413715376E+00 a       179     0     6     1    29
  1.6720428611694471E-01 a       180     0     6     1    30
  2.0749818021384439E+00 a       181     0     7     1     1
  9.8517124929074669E+00 a       182     0     7     1     2
 -3.1593487933383724E+00 a       183     0     7     1     3
 -5.7556643537776573E+00 a       184     0     7     1     4
  2.4979687955244634E+00 a       185     0     7     1     5
  6.3342378985613135E-01 a       186     0     7     1     6
 -1.9700649562713988E+00 a       187     0     7     1     7
  1.0006029040964167E+01 a       188     0     7     1     8
 -4.1912846601319398E-01 a       189     0     7     1     9
  5.9003994838597695E-01 a       190     0     7     1    10
  2.3364375018464871E+00 a       191     0     7     1    11
  3.9162624860514481E+00 a       192     0     7     1    12
 -3.6853510364072020E+00 a       193     0     7     1    13
  2.1674062796037101E+00 a       194     0     7     1    14
  1.7180489041482172E+00 a       195     0     7     1    15
  6.1987364702691625E+00 a       196     0     7     1    16
 -8.1509179135886196E+00 a       197     0     7     1    17
  5.9296197443259633E+00 a       198     0     7     1    18
 -3.7956966958383882E+00 a       199     0     7     1    19
 -6.3367183594169235E-02 a       200     0     7     1    20
 -1.6020285671247771E+00 a       201     0     7     1    21
  1.7019087062514715E+00 a       202     0     7     1    22
  3.4716439914404744E+00 a       203     0     7     1    23
 -3.5080257907328001E+00 a       204     0     7     1    24
  1.4681312753960645E+00 a       205     0     7     1    25
 -7.8853511438583990E-01 a       206     0     7     1    26
 -1.0126657758392110E+01 a       207     0     7     1    27
  4.8506227120366452E+00 a       208     0     7     1    28
  1.0211237646253593E+00 a       209     0     7     1    29
  4.8690074445700848E-01 a       210     0     7     1    30
 -2.1313253980312177E-01 a       211     0     8     1     1
  6.4297792158086453E-02 a       212     0     8     1     2
 -2.1025867716924349E+00 a       213     0     8     1     3
 -8.2397650440386039E-01 a       214     0     8     1     4
 -9.7975011701501202E-01 a       215     0     8     1     5
  5.9812435572995226E-01 a       216     0     8     1     6
 -1.4218207536217111E+00 a       217     0     8     1     7
  8.3545798949275296E-01 a       218     0     8     1     8
  4.1595133459187209E-03 a       219     0     8     1     9
 -2.4211621774737897E+00 a       220     0     8     1    10
 -8.7812636387977583E-01 a       221     0     8     1    11
  3.1199475099989621E-01 a       222     0     8     1    12
  3.5758198301455735E-01 a       223     0     8     1    13
 -3.0398982865303192E-01 a       224     0     8     1    14
 -3.0250371373968704E-01 a       225     0     8     1    15
 -1.2364000513660164E-01 a       226     0     8     1    16
  3.2123854211787801E+00 a       227     0     8     1    17
  2.8558183702006246E-01 a       228     0     8     1    18
 -2.3429660152698514E-01 a       229     0     8     1    19
  5.0593280734830026E-01 a       230     0     8     1    20
 -8.4892129665519678E-01 a       231     0     8     1    21
  9.5505437446084618E-01 a       232     0     8     1    22
 -2.5120499758861179E+00 a       233     0     8     1    23
  8.2567683840885986E-01 a       234     0     8     1    24
  1.9999363780876735E+00 a       235     0     8     1    25
  5.6559274544997096E-01 a       236     0     8     1    26
 -1.4229095833477299E+00 a       237     0     8     1    27
 -8.3256635367046394E-01 a       238     0     8     1    28
  1.4807521891994724E+00 a       239     0     8     1    29
 -9.1012442126630577E-01 a       240     0     8     1    30
 -1.7969438184156998E+00 a       241     0     9     1     1
 -9.0505489821862461E-02 a       242     0     9     1     2
  3.0428457479652766E+00 a       243     0     9     1     3
  2.4809120067873369E+00 a       244     0     9     1     4
  1.0757365349483603E+00 a       245     0     9     1     5
  7.2744948666716613E-01 a       246     0     9     1     6
  5.0667409762991045E-01 a       247     0     9     1     7
 -2.4175401971661938E+00 a       248     0     9     1     8
 -4.0357601065219390E-01 a       249     0     9     1     9
  5.5447168837351091E-01 a       250     0     9     1    10
  2.1242687041297450E+00 a       251     0     9     1    11
  8.2374730049758527E-01 a       252     0     9     1    12
  3.7501366069697124E-02 a       253     0     9     1    13
  1.9595070395538459E+00 a       254     0     9     1    14
  1.8071974065475445E+00 a       255     0     9     1    15
  1.4162463797901639E-01 a       256     0     9     1    16
 -3.7716563333993003E+00 a       257     0     9     1    17
  1.1756966122727672E+00 a       258     0     9     1    18
 -8.6636778178787144E-01 a       259     0     9     1    19
 -1.9531030229093318E+00 a       260     0     9     1    20
  3.0261187874400450E+00 a       261     0     9     1    21
  1.6007140752176569E-01 a       262     0     9     1    22
  2.6197520292237031E+00 a       263     0     9     1    23
 -1.8062786005678946E+00 a       264     0     9     1    24
  1.0106333514928754E+00 a       265     0     9     1    25
 -1.8931073660056958E+00 a       266     0     9     1    26
  3.1729355334379798E+00 a       267     0     9     1    27
  3.1433750466518218E+00 a       268     0     9     1    28
  3.0051133313888362E-01 a       269     0     9     1    29
  1.1245478992463915E+00 a       270     0     9     1    30
 -1.6807127163605518E+00 a       271     0    10     1     1
 -6.5403025281741343E+00 a       272     0    10     1     2
  4.3247647507209939E+00 a       273     0    10     1     3
  3.0417939057427725E+00 a       274     0    10     1     4
  1.8885433392649777E+00 a       275     0    10     1     5
  3.6314264519647210E+00 a       276     0    10     1     6
  1.9811145921602074E+00 a       277     0    10     1     7
 -7.0928479373048967E+00 a       278     0    10     1     8
  2.6793514801589291E+00 a       279     0    10     1     9
 -1.5550043572610786E+00 a       280     0    10     1    10
  3.3314695526015039E+00 a       281     0    10     1    11
 -1.7737524213429374E+00 a       282     0    10     1    12
 -1.2290314829547855E+00 a       283     0    10     1    13
 -6.2551413475448403E-01 a       284     0    10     1    14
 -1.7953865353558545E+00 a       285     0    10     1    15
 -3.8891793960673624E+00 a       286     0    10     1    16
  4.4682230624215054E+00 a       287     0    10     1    17
 -2.5750063505627043E+00 a       288     0    10     1    18
  8.1435373019113932E-01 a       289     0    10     1    19
 -8.4933147459883718E-01 a       290     0    10     1    20
  3.2317120928587983E+00 a       291     0    10     1    21
  8.7016579931454963E-01 a       292     0    10     1    22
 -1.2178419469033652E+00 a       293     0    10     1    23
 -1.7824329673804211E+00 a       294     0    10     1    24
 -7.9093789955899119E-01 a       295     0    10     1    25
  1.7432661302541581E+00 a       296     0    10     1    26
  6.5234627977145943E+00 a       297     0    10     1    27
  2.6388097135364812E+00 a       298     0    10     1    28
  1.0933902384190359E+00 a       299     0    10     1    29
 -1.4374438156787452E+00 a       300     0    10     1    30
  2.4157276934806690E-01 a       301     0    11     1     1
 -8.5075336352009838E+00 a       302     0    11     1     2
  3.5152517625325226E+00 a       303     0    11     1     3
  4.6256152398297594E+00 a       304     0    11     1     4
 -9.0174948440856406E-01 a       305     0    11     1     5
 -3.6747632429418747E-01 a       306     0    11     1     6
 -4.0581507178229365E-02 a       307     0    11     1     7
 -8.1604581774211375E+00 a       308     0    11     1     8
 -5.1072272230964988E-01 a       309     0    11     1     9
  1.0919238899792054E+00 a       310     0    11     1    10
 -1.4575618687543423E+00 a       311     0    11     1    11
 -3.1205277154852096E-01 a       312     0    11     1    12
  1.9662549411073593E+00 a       313     0    11     1    13
 -2.3655258715382126E+00 a       314     0    11     1    14
 -1.7519035047692826E+00 a       315     0    11     1    15
 -3.9504607553034106E+00 a       316     0    11     1    16
  1.0565221989363831E+01 a       317     0    11     1    17
 -4.1457160249919420E+00 a       318     0    11     1    18
  3.3529223118631504E+00 a       319     0    11     1    19
 -1.4972989437966060E+00 a       320     0    11     1    20
  2.7069324977408873E+00 a       321     0    11     1    21
  1.6725623565965162E+00 a       322     0    11     1    22
 -5.6174258270982405E+00 a       323     0    11     1    23
  6.4922874550247416E+00 a       324     0    11     1    24
  1.0753455901955962E+00 a       325     0    11     1    25
 -1.2896614651968494E-01 a       326     0    11     1    26
  5.8767821038926762E+00 a       327     0    11     1    27
 -3.3505607216362696E+00 a       328     0    11     1    28
  9.8158128066855954E-01 a       329     0    11     1    29
  2.8074322734917447E+00 a       330     0    11     1    30
  8.0646019288841604E+00 a       331     0    12     1     1
  1.6791293008969614E+01 a       332     0    12     1     2
  1.1473201579635403E-01 a       333     0    12     1     3
 -2.3446344547816862E+00 a       334     0    12     1     4
  8.8424780685508626E+00 a       335     0    12     1     5
  6.4800206092196139E-02 a       336     0    12     1     6
 -2.4404121654946181E-01 a       337     0    12     1     7
  9.9626251601634213E+00 a       338     0    12     1     8
  3.2200149838470762E+00 a       339     0    12     1     9
 -1.2594747493588624E+01 a       340     0    12     1    10
  2.0322996798687560E+00 a       341     0    12     1    11
  6.4472806440803119E+00 a       342     0    12     1    12
 -3.0411983614127087E+00 a       343     0    12     1    13
  7.8023277242473621E-01 a       344     0    12     1    14
 -1.7464281533384669E+00 a       345     0    12     1    15
 -2.1420868794932568E+00 a       346     0    12     1    16
 -8.8042951824034983E+00 a       347     0    12     1    17
  1.6470107004187740E+00 a       348     0    12     1    18
 -3.1296329702858534E+00 a       349     0    12     1    19
 -7.2932364623687791E+00 a       350     0    12     1    20
 -6.9284995639794666E-01 a       351     0    12     1    21
 -3.1278798962133042E-01 a       352     0    12     1    22
  3.8480290115141287E+00 a       353     0    12     1    23
 -9.5861470929026620E+00 a       354     0    12     1    24
 -2.6054766906072557E+00 a       355     0    12     1    25
  1.5109807605426269E+00 a       356     0    12     1    26
 -9.8104694599795934E+00 a       357     0    12     1    27
  2.8786012807637498E+00 a       358     0    12     1    28
  2.9500533498849557E-01 a       359     0    12     1    29
 -1.6224515053417179E-01 a       360     0    12     1    30
  8.2867928715752210E+00 a       361     0    13     1     1
  2.3030552659422984E+01 a       362     0    13     1     2
  3.8268894072902069E+00 a       363     0    13     1     3
 -3.7841090122579990E+00 a       364     0    13     1     4
  7.3421663335639780E+00 a       365     0    13     1     5
 -1.3170808188670906E+01 a       366     0    13     1     6
 -3.9294571774593643E+00 a       367     0    13     1     7
  1.7562662529973032E+01 a       368     0    13     1     8
  8.8945020900697902E-01 a       369     0    13     1     9
 -1.4343725653811852E+01 a       370     0    13     1    10
 -6.1008729065168650E+00 a       371     0    13     1    11
  2.4239343879621162E+00 a       372     0    13     1    12
  5.1160611310181467E+00 a       373     0    13     1    13
 -3.0802676703218572E+00 a       374     0    13     1    14
 -4.9863252485233787E+00 a       375     0    13     1    15
  3.8041842067399106E-01 a       376     0    13     1    16
 -4.1661039293020794E+00 a       377     0    13     1    17
 -1.2745498996057352E+01 a       378     0    13     1    18
 -2.4286145022515682E-01 a       379     0    13     1    19
 -5.1473878721804862E+00 a       380     0    13     1    20
  5.0179927862556495E-01 a       381     0    13     1    21
  1.2325932137950444E+01 a       382     0    13     1    22
  1.2361336200764159E+01 a       383     0    13     1    23
 -1.5932052324949972E+00 a       384     0    13     1    24
  7.0143666370070079E-01 a       385     0    13     1    25
 -1.3568682086762002E-01 a       386     0    13     1    26
 -1.3064476341683733E+01 a       387     0    13     1    27
  1.9070939700450540E+00 a       388     0    13     1    28
  6.8581290534043386E+00 a       389     0    13     1    29
  2.9781403183049204E+00 a       390     0    13     1    30
 -5.9112365279029859E+00 a       391     0    14     1     1
 -7.1339875380588271E+00 a       392     0    14     1     2
  3.5298287737152405E+00 a       393     0    14     1     3
  2.3927583160062156E+00 a       394     0    14     1     4
 -7.0628442328141094E-01 a       395     0    14     1     5
  9.8404872519129878E+00 a       396     0    14     1     6
  2.7829660763257267E+00 a       397     0    14     1     7
 -6.2168613679472369E+00 a       398     0    14     1     8
 -3.4694849524624394E-01 a       399     0    14     1     9
  7.0920091647973909E+00 a       400     0    14     1    10
  3.6090936412443502E+00 a       401     0    14     1    11
  2.1336582092835568E+00 a       402     0    14     1    12
  2.6846979464682033E+00 a       403     0    14     1    13
  3.7650879295960942E+00 a       404     0    14     1    14
  6.9092573052502848E+00 a       405     0    14     1    15
 -9.4679971326696888E-01 a       406     0    14     1    16
  7.9295144015838765E+00 a       407     0    14     1    17
 -1.8119462872541636E+00 a       408     0    14     1    18
 -1.0887048076232653E+00 a       409     0    14     1    19
  1.3875317877176696E-01 a       410     0    14     1    20
  8.0406864464826526E+00 a       411     0    14     1    21
 -9.3640524955982034E+00 a       412     0    14     1    22
 -1.9693082859571631E+00 a       413     0    14     1    23
  3.4546191453935933E+00 a       414     0    14     1    24
 -2.6659603083958410E+00 a       415     0    14     1    25
 -2.9015172719255089E-01 a       416     0    14     1    26
  6.6134829687043437E+00 a       417     0    14     1    27
 -4.0421602206114402E+00 a       418     0    14     1    28
 -5.7615469666633778E+00 a       419     0    14     1    29
  2.6039699641144409E+00 a       420     0    14     1    30
 -2.7084176276696770E+00 a       421     0    15     1     1
  1.1162717379094568E+01 a       422     0    15     1     2
 -8.3263255314583950E-02 a       423     0    15     1     3
  1.4034152837068732E+00 a       424     0    15     1     4
  4.1903200227231547E+00 a       425     0    15     1     5
 -2.9505295312770059E+00 a       426     0    15     1     6
 -3.3988436359206928E+00 a       427     0    15     1     7
  1.2503989247436685E+01 a       428     0    15     1     8
 -4.7842301673251830E-01 a       429     0    15     1     9
 -8.4293479992283533E+00 a       430     0    15     1    10
 -8.4966416523570452E+00 a       431     0    15     1    11
  4.7835455548200763E+00 a       432     0    15     1    12
  4.7001673572828020E+00 a       433     0    15     1    13
 -9.4587703685062632E+00 a       434     0    15     1    14
 -2.8277316063045516E-01 a       435     0    15     1    15
 -2.0385759010898572E+00 a       436     0    15     1    16
  4.1614511597184753E+00 a       437     0    15     1    17
 -5.1416216988862677E+00 a       438     0    15     1    18
 -1.4434408381629305E+00 a       439     0    15     1    19
 -6.2818487415608262E+00 a       440     0    15     1    20
  3.2628578653704006E+00 a       441     0    15     1    21
  4.7120444748849399E+00 a       442     0    15     1    22
  8.3598117020693312E+00 a       443     0    15     1    23
  5.7075904958888457E-01 a       444     0    15     1    24
  1.9821115564318543E+00 a       445     0    15     1    25
 -2.5607935098077617E+00 a       446     0    15     1    26
 -2.9162022570326287E+00 a       447     0    15     1    27
 -3.1166633253979046E+00 a       448     0    15     1    28
 -5.5660856372884787E-02 a       449     0    15     1    29
  9.5922069184936476E-01 a       450     0    15     1    30
 -6.9984696570428016E+00 a       451     0    16     1     1
 -7.3052267161395257E+00 a       452     0    16     1     2
 -5.0527952672600067E+00 a       453     0    16     1     3
 -4.1382662419562610E+00 a       454     0    16     1     4
 -3.3665278072127909E+00 a       455     0    16     1     5
  1.0938338290865524E+01 a       456     0    16     1     6
  4.9584032836062377E+00 a       457     0    16     1     7
 -2.3315447063127084E+00 a       458     0    16     1     8
  3.0088201533474606E+00 a       459     0    16     1     9
  1.6692710492774118E+01 a       460     0    16     1    10
 -1.4546707989614458E+00 a       461     0    16     1    11
  1.8798626779550305E+00 a       462     0    16     1    12
 -9.9081785740585939E+00 a       463     0    16     1    13
  1.5073374141461512E+01 a       464     0    16     1    14
  1.6383163837895307E+01 a       465     0    16     1    15
  8.3715375013675040E+00 a       466     0    16     1    16
  4.6110791600690950E+00 a       467     0    16     1    17
 -4.7053019296443459E+00 a       468     0    16     1    18
 -5.9895057675340873E+00 a       469     0    16     1    19
  4.3663948631235696E+00 a       470     0    16     1    20
  8.8981486153619347E+00 a       471     0    16     1    21
 -7.6986359897176628E+00 a       472     0    16     1    22
 -7.2196624992835776E+00 a       473     0    16     1    23
  2.6017132532244913E+00 a       474     0    16     1    24
  5.4796660431081212E-01 a       475     0    16     1    25
 -5.0378498719685529E+00 a       476     0    16     1    26
  1.3765797238347680E+01 a       477     0    16     1    27
  2.9302894793858716E+00 a       478     0    16     1    28
 -1.8435887198478473E-01 a       479     0    16     1    29
 -3.2894941509523350E+00 a       480     0    16     1    30
 -1.0137242913098348E+01 a       481     0    17     1     1
  1.3396321683929446E+00 a       482     0    17     1     2
 -4.1199063840869270E+00 a       483     0    17     1     3
 -4.7547244772979946E-03 a       484     0    17     1     4
 -1.0181162953395781E+00 a       485     0    17     1     5
  1.0430549239539596E+01 a       486     0    17     1     6
  5.3452893852908447E+00 a       487     0    17     1     7
  3.3430342743476076E+00 a       488     0    17     1     8
 -7.8809039141954704E+00 a       489     0    17     1     9
  5.9697573127274275E+00 a       490     0    17     1    10
  1.1689384605064557E+00 a       491     0    17     1    11
  6.4409792762773872E+00 a       492     0    17     1    12
 -1.8843833758040360E-01 a       493     0    17     1    13
 -1.9828478633757614E+00 a       494     0    17     1    14
  5.6328474428656889E+00 a       495     0    17     1    15
 -4.0500470081477484E+00 a       496     0    17     1    16
  8.2636167172995894E+00 a       497     0    17     1    17
  1.9542435785762600E+00 a       498     0    17     1    18
 -8.5763378428439374E+00 a       499     0    17     1    19
 -7.8402741011088715E+00 a       500     0    17     1    20
  5.2298720047971345E+00 a       501     0    17     1    21
  3.8038840258957216E+00 a       502     0    17     1    22
 -1.1126215287080123E+00 a       503     0    17     1    23
  1.1087164488385138E+01 a       504     0    17     1    24
  2.3494145862826259E+00 a       505     0    17     1    25
  1.2259431962045828E+00 a       506     0    17     1    26
  8.2514042507426186E+00 a       507     0    17     1    27
 -6.5276563380876640E+00 a       508     0    17     1    28
  1.5019550672080151E+00 a       509     0    17     1    29
 -1.3254862261379307E+01 a       510     0    17     1    30
 -1.3200007953191225E+01 a       511     0    18     1     1
 -1.0951195917144636E+01 a       512     0    18     1     2
 -8.9995339448788130E+00 a       513     0    18     1     3
  7.3569826673253633E+00 a       514     0    18     1     4
 -5.5703015141206720E+00 a       515     0    18     1     5
 -3.8126356383315319E+00 a       516     0    18     1     6
  1.8063997974108883E+01 a       517     0    18     1     7
 -2.0360652211535872E+00 a       518     0    18     1     8
  5.4189588772354789E+00 a       519     0    18     1     9
  8.9611452188601675E+00 a       520     0    18     1    10
  2.3118835868201222E+00 a       521     0    18     1    11
  9.8852598193678514E+00 a       522     0    18     1    12
 -1.4728753927447156E+00 a       523     0    18     1    13
  5.8540255459626556E+00 a       524     0    18     1    14
 -1.5172574041850757E+01 a       525     0    18     1    15
  1.6936474634524306E+01 a       526     0    18     1    16
 -1.8011366944715266E+00 a       527     0    18     1    17
 -1.9379386722921212E+00 a       528     0    18     1    18
 -6.4909016565273059E-01 a       529     0    18     1    19
  1.6181019281620468E+01 a       530     0    18     1    20
 -1.1996726118118877E+01 a       531     0    18     1    21
  1.3549506511524550E+01 a       532     0    18     1    22
  6.2748856018499621E+00 a       533     0    18     1    23
 -2.2089292112073569E+00 a       534     0    18     1    24
  1.4764744737620607E+01 a       535     0    18     1    25
  1.2319095171130289E+01 a       536     0    18     1    26
 -2.0313111936916968E+01 a       537     0    18     1    27
 -5.5342736447096081E+00 a       538     0    18     1    28
  2.8338531377528919E-01 a       539     0    18     1    29
 -5.3494042605274057E+00 a       540     0    18     1    30
 -1.4255713795664582E+00 a       541     0    19     1     1
 -4.4337408412595130E+00 a       542     0    19     1     2
  4.5436729038508998E+00 a       543     0    19     1     3
  3.6655360171403921E+00 a       544     0    19     1     4
 -1.3795108956510857E+01 a       545     0    19     1     5
  1.2006894348612457E+01 a       546     0    19     1     6
 -9.4014687399619348E+00 a       547     0    19     1     7
 -2.2661591085529045E+00 a       548     0    19     1     8
 -7.9671041198287558E+00 a       549     0    19     1     9
 -1.3533928744451380E+01 a       550     0    19     1    10
 -2.4582072705088875E+00 a       551     0    19     1    11
 -5.5565262822530199E+00 a       552     0    19     1    12
  1.5017942984857479E+01 a       553     0    19     1    13
 -3.9772435447715809E-01 a       554     0    19     1    14
  1.7464304319161648E+01 a       555     0    19     1    15
  8.6738850465173627E+00 a       556     0    19     1    16
 -4.8928033082043036E+00 a       557     0    19     1    17
  2.1494615028341336E+01 a       558     0    19     1    18
 -8.9444235339821425E+00 a       559     0    19     1    19
 -1.8948833308605167E+01 a       560     0    19     1    20
 -4.1408378561727810E+00 a       561     0    19     1    21
  3.9938994312770073E+00 a       562     0    19     1    22
 -7.4983998700576873E+00 a       563     0    19     1    23
  7.4162420106301621E+00 a       564     0    19     1    24
  1.0261134804617239E+01 a       565     0    19     1    25
 -3.0340371854236614E+00 a       566     0    19     1    26
  1.7600911973684170E+01 a       567     0    19     1    27
  2.1339237532352722E+00 a       568     0    19     1    28
 -1.2779048345040114E+00 a       569     0    19     1    29
  1.6605116170227610E+01 a       570     0    19     1    30
 -4.5994090523624509E+00 a       571     0    20     1     1
  1.8783286286162715E-02 a       572     0    20     1     2
 -9.1543221736744336E+00 a       573     0    20     1     3
  2.4855497760114083E+01 a       574     0    20     1     4
 -1.8722649097515294E+01 a       575     0    20     1     5
 -2.3132042099097445E+00 a       576     0    20     1     6
 -2.8387998672205974E+00 a       577     0    20     1     7
 -9.8162641244951843E+00 a       578     0    20     1     8
 -7.4103957980929884E+00 a       579     0    20     1     9
 -5.1608015174294986E+00 a       580     0    20     1    10
  1.0864628225285524E+00 a       581     0    20     1    11
  5.7349747417111532E+00 a       582     0    20     1    12
  3.3187510017044031E+00 a       583     0    20     1    13
 -9.2748178300891826E-02 a       584     0    20     1    14
 -1.3595278261125645E+00 a       585     0    20     1    15
 -6.2335083714129880E-02 a       586     0    20     1    16
 -2.8850573275910998E+00 a       587     0    20     1    17
 -1.0020393448719599E+01 a       588     0    20     1    18
 -9.6575839715863285E+00 a       589     0    20     1    19
  5.1809058740877321E+00 a       590     0    20     1    20
  5.8428876997771297E+00 a       591     0    20     1    21
  1.5894191245463833E+00 a       592     0    20     1    22
  5.2470418338602594E+00 a       593     0    20     1    23
 -5.6413238902506446E+00 a       594     0    20     1    24
 -8.6256315500499703E+00 a       595     0    20     1    25
  1.1936702974855310E+01 a       596     0    20     1    26
  2.4886166780523133E+01 a       597     0    20     1    27
  6.4501932911232696E-01 a       598     0    20     1    28
 -2.1228840174748186E+01 a       599     0    20     1    29
  7.9075385769109294E+00 a       600     0    20     1    30
  8.7947369101127624E+00 a       601     0    21     1     1
  1.5348509835142195E+01 a       602     0    21     1     2
  1.0368510836553320E+01 a       603     0    21     1     3
 -1.4196898624395301E+01 a       604     0    21     1     4
  6.9967220471295466E+00 a       605     0    21     1     5
  1.2295959182646977E+01 a       606     0    21     1     6
 -9.1671852514604293E+00 a       607     0    21     1     7
  6.1125981802593428E+00 a       608     0    21     1     8
 -9.5367572601151078E+00 a       609     0    21     1     9
 -1.5265139697456418E+01 a       610     0    21     1    10
  1.3336835208483691E+00 a       611     0    21     1    11
  4.1480536870978885E-01 a       612     0    21     1    12
 -1.0055368320680119E+01 a       613     0    21     1    13
 -1.7944499349041138E+01 a       614     0    21     1    14
  1.9387223603581504E+01 a       615     0    21     1    15
 -1.7244950790868514E+00 a       616     0    21     1    16
  2.6253844143232477E+00 a       617     0    21     1    17
  9.0136680107628120E+00 a       618     0    21     1    18
  1.6404613616309793E+00 a       619     0    21     1    19
 -1.6079796762167446E+00 a       620     0    21     1    20
  1.1023021439701735E+01 a       621     0    21     1    21
 -1.4530157854859828E+01 a       622     0    21     1    22
 -1.1434162676007812E+01 a       623     0    21     1    23
 -4.9664815404484841E+00 a       624     0    21     1    24
 -7.3755297469998418E+00 a       625     0    21     1    25
 -9.6120609576704954E+00 a       626     0    21     1    26
  6.5236457235357452E+00 a       627     0    21     1    27
  1.6214370954348777E+01 a       628     0    21     1    28
  1.7139383176340348E+00 a       629     0    21     1    29
  1.4642690405398174E+01 a       630     0    21     1    30
  3.6922568885909102E+00 a       631     0    22     1     1
 -1.4384901991738101E+01 a       632     0    22     1     2
  7.4580744949916147E+00 a       633     0    22     1     3
  1.1430422317717962E+01 a       634     0    22     1     4
  3.2408274757858550E+01 a       635     0    22     1     5
 -1.0752296750602961E+01 a       636     0    22     1     6
  1.2383459674798230E+01 a       637     0    22     1     7
 -1.2672008462073332E+01 a       638     0    22     1     8
  7.4884337907694922E+00 a       639     0    22     1     9
 -1.8402630328488829E+00 a       640     0    22     1    10
 -9.2750312918817439E+00 a       641     0    22     1    11
 -1.3751946914464184E+00 a       642     0    22     1    12
 -2.5157433530501788E+01 a       643     0    22     1    13
 -1.1605757468577686E+01 a       644     0    22     1    14
 -1.0720091101022554E+01 a       645     0    22     1    15
 -7.6695652667006131E+00 a       646     0    22     1    16
  1.9033500709619425E+01 a       647     0    22     1    17
  1.7221612874431624E+01 a       648     0    22     1    18
 -2.2745344582945673E+01 a       649     0    22     1    19
 -9.8520900818437234E+00 a       650     0    22     1    20
 -7.5211143985715498E+00 a       651     0    22     1    21
  1.0326088652128639E+01 a       652     0    22     1    22
 -3.7995321369028687E+00 a       653     0    22     1    23
  6.6745923373911555E+00 a       654     0    22     1    24
  1.5119800423183101E+01 a       655     0    22     1    25
  1.7170691683660451E+01 a       656     0    22     1    26
 -1.6404947026600535E+01 a       657     0    22     1    27
 -2.0139170720407005E+01 a       658     0    22     1    28
  6.6221802003148267E-01 a       659     0    22     1    29
  2.5719950541864200E+01 a       660     0    22     1    30
  4.8627469064691917E+00 a       661     0    23     1     1
 -2.7332709480342943E+00 a       662     0    23     1     2
 -6.3529658383991601E+00 a       663     0    23     1     3
 -3.1036893502368224E+00 a       664     0    23     1     4
  4.2038711670787716E+00 a       665     0    23     1     5
  8.5910865631669076E+00 a       666     0    23     1     6
 -4.2735580315809800E+00 a       667     0    23     1     7
  1.8966219967788656E+00 a       668     0    23     1     8
  2.0995567410644775E+00 a       669     0    23     1     9
  8.9297354712732098E+00 a       670     0    23     1    10
  8.2799028529050300E-01 a       671     0    23     1    11
  5.7653263044445300E+00 a       672     0    23     1    12
  2.3431081083761720E+00 a       673     0    23     1    13
  8.5617917660777945E+00 a       674     0    23     1    14
  7.6409414617469045E+00 a       675     0    23     1    15
 -9.6356745880333694E+00 a       676     0    23     1    16
  2.5389699252613984E+00 a       677     0    23     1    17
  9.9745507630519707E+00 a       678     0    23     1    18
 -9.7945731625114369E+00 a       679     0    23     1    19
 -8.7409381718475494E+00 a       680     0    23     1    20
 -6.6897059468619471E+00 a       681     0    23     1    21
 -4.3704488289613952E+00 a       682     0    23     1    22
 -2.8743510449608140E-01 a       683     0    23     1    23
  1.0663153896445397E+01 a       684     0    23     1    24
 -1.6487912319749193E-01 a       685     0    23     1    25
 -7.6006819912954855E+00 a       686     0    23     1    26
  7.8893228828522073E+00 a       687     0    23     1    27
 -8.1278215142459782E+00 a       688     0    23     1    28
 -7.6138584411410912E+00 a       689     0    23     1    29
 -3.0249216099447818E+00 a       690     0    23     1    30
 -9.2534170768316226E+00 a       691     0    24     1     1
  2.2581414350743685E+01 a       692     0    24     1     2
  1.7900743757444573E+01 a       693     0    24     1     3
  5.7410302647069686E+00 a       694     0    24     1     4
 -2.8939568503770858E+00 a       695     0    24     1     5
 -1.4952151663165765E+01 a       696     0    24     1     6
 -7.7818694467704415E+00 a       697     0    24     1     7
  1.2743031263832552E+01 a       698     0    24     1     8
 -7.8508286217903720E+00 a       699     0    24     1     9
 -1.4551144983370406E+01 a       700     0    24     1    10
  3.3101738647466061E-01 a       701     0    24     1    11
  5.6283873358098360E+00 a       702     0    24     1    12
  2.1719270520643501E+01 a       703     0    24     1    13
 -7.8564964380766531E+00 a       704     0    24     1    14
 -2.9766542538648660E-01 a       705     0    24     1    15
  7.0095601795005695E+00 a       706     0    24     1    16
 -4.6099534273580014E+00 a       707     0    24     1    17
 -8.8166699291018578E+00 a       708     0    24     1    18
  2.0454927421872533E+01 a       709     0    24     1    19
  1.6124729978753678E+01 a       710     0    24     1    20
  1.9544181525804351E+01 a       711     0    24     1    21
  1.4029717636754029E+00 a       712     0    24     1    22
 -7.4836200233736205E+00 a       713     0    24     1    23
 -1.4365324317848950E+01 a       714     0    24     1    24
 -9.3349154883562822E+00 a       715     0    24     1    25
 -3.7518087430035756E+00 a       716     0    24     1    26
 -5.9483487246200726E+00 a       717     0    24     1    27
  7.9987797833609502E+00 a       718     0    24     1    28
  8.3929810608659805E-01 a       719     0    24     1    29
  1.7667365326550426E+00 a       720     0    24     1    30
  1.4198276559822078E+01 a       721     0    25     1     1
 -1.1230474183451719E+01 a       722     0    25     1     2
  2.0617316714363776E+00 a       723     0    25     1     3
 -4.6196589138612410E+01 a       724     0    25     1     4
  1.9089086292791126E+01 a       725     0    25     1     5
  1.6521481902045547E+01 a       726     0    25     1     6
  1.5387087783919370E+01 a       727     0    25     1     7
  2.7118386837326739E+01 a       728     0    25     1     8
  3.8005224225155940E+00 a       729     0    25     1     9
 -3.6339533650445350E+00 a       730     0    25     1    10
 -5.8727680674305285E+00 a       731     0    25     1    11
 -6.5196142600784714E+00 a       732     0    25     1    12
 -1.4639623547657723E+00 a       733     0    25     1    13
  2.1052769393807189E+00 a       734     0    25     1    14
  3.5210150179061372E+00 a       735     0    25     1    15
  4.2356946192453622E+00 a       736     0    25     1    16
 -2.4977634154437283E+00 a       737     0    25     1    17
  9.8520149723950503E+00 a       738     0    25     1    18
  2.7274133804101904E+01 a       739     0    25     1    19
  7.8826861290071530E+00 a       740     0    25     1    20
 -7.9107869456024202E+00 a       741     0    25     1    21
  2.4608142302821219E+00 a       742     0    25     1    22
 -2.9321264539399059E+00 a       743     0    25     1    23
  1.0833874454885548E+01 a       744     0    25     1    24
  3.1888123477873584E+00 a       745     0    25     1    25
 -2.7037127239230429E+01 a       746     0    25     1    26
 -1.1771657655504359E+01 a       747     0    25     1    27
 -5.6083275206141572E+00 a       748     0    25     1    28
  1.9251572581208432E+01 a       749     0    25     1    29
 -1.2378289770322638E+01 a       750     0    25     1    30
  1.6008786533443307E+00 a       751     0    26     1     1
 -1.9424897195458534E+01 a       752     0    26     1     2
 -4.0290079154760283E+00 a       753     0    26     1     3
  2.6881835011187516E+01 a       754     0    26     1     4
 -9.4193740358849265E+00 a       755     0    26     1     5
 -5.3641248326058379E+00 a       756     0    26     1     6
  1.0044069730414153E+01 a       757     0    26     1     7
 -1.9525993547738352E+01 a       758     0    26     1     8
  4.2204022347113836E+00 a       759     0    26     1     9
 -1.7778640708467046E+00 a       760     0    26     1    10
  9.6549373046767109E+00 a       761     0    26     1    11
 -3.3905591699094502E+00 a       762     0    26     1    12
  1.2695099081410728E+00 a       763     0    26     1    13
  1.0301860575436367E+01 a       764     0    26     1    14
 -1.7492840718620656E+01 a       765     0    26     1    15
 -1.2447340154053099E-01 a       766     0    26     1    16
 -1.0715728032586869E+01 a       767     0    26     1    17
  3.6302276108908256E+00 a       768     0    26     1    18
  5.2965394013497678E+00 a       769     0    26     1    19
 -9.9501768721368267E-01 a       770     0    26     1    20
 -8.8918474247895265E+00 a       771     0    26     1    21
 -1.3234251542768758E+00 a       772     0    26     1    22
  1.1849484685298770E+00 a       773     0    26     1    23
 -3.7934101667559674E+00 a       774     0    26     1    24
 -4.4175728862641712E+00 a       775     0    26     1    25
  1.3036458077515038E+01 a       776     0    26     1    26
  5.1776494772479245E+00 a       777     0    26     1    27
 -1.4351615757968807E+01 a       778     0    26     1    28
 -6.1035472190952680E+00 a       779     0    26     1    29
  1.6813566318655939E+00 a       780     0    26     1    30
  1.0734301308917706E+01 a       781     0    27     1     1
 -7.2049109823505146E+00 a       782     0    27     1     2
 -1.9919097161640888E+01 a       783     0    27     1     3
  3.1236680289921814E+00 a       784     0    27     1     4
 -1.8589294119175225E+01 a       785     0    27     1     5
  1.8184581436372707E+01 a       786     0    27     1     6
  2.2855449786014952E+00 a       787     0    27     1     7
 -1.8790455002059868E+01 a       788     0    27     1     8
 -1.9755904347137214E+00 a       789     0    27     1     9
  1.9965182193180922E+01 a       790     0    27     1    10
  5.7977206260246597E+00 a       791     0    27     1    11
 -9.8934214821078097E+00 a       792     0    27     1    12
 -9.8450666848057011E+00 a       793     0    27     1    13
  1.4603418033708923E+01 a       794     0    27     1    14
  2.2386317403483330E-01 a       795     0    27     1    15
  8.4172686946301187E+00 a       796     0    27     1    16
 -5.0213917270370034E+00 a       797     0    27     1    17
  9.4664772784812534E-01 a       798     0    27     1    18
 -5.2278235136287794E+00 a       799     0    27     1    19
 -4.0214657968225422E+00 a       800     0    27     1    20
 -1.4340654652691338E+01 a       801     0    27     1    21
 -2.2211610481523070E+00 a       802     0    27     1    22
  1.1318593071876418E+01 a       803     0    27     1    23
  1.4137094216595454E+01 a       804     0    27     1    24
 -1.6831990558955592E+00 a       805     0    27     1    25
 -3.2419249600832303E+00 a       806     0    27     1    26
  5.2866451818317675E+00 a       807     0    27     1    27
  3.3931373299688419E+00 a       808     0    27     1    28
 -2.0507076011717329E+00 a       809     0    27     1    29
  1.3006133466476957E+00 a       810     0    27     1    30
 -1.7368942704953536E+01 a       811     0    28     1     1
  2.1208540951696783E+01 a       812     0    28     1     2
  1.4936642906582692E+01 a       813     0    28     1     3
  1.2767218865850079E+01 a       814     0    28     1     4
 -2.4258639925411174E+01 a       815     0    28     1     5
 -2.3719066329802011E+01 a       816     0    28     1     6
 -2.7476851115609996E+01 a       817     0    28     1     7
 -1.6833620588815165E+01 a       818     0    28     1     8
  1.8179330446006194E+00 a       819     0    28     1     9
 -1.9775733724015613E+01 a       820     0    28     1    10
  5.4237827842517312E+00 a       821     0    28     1    11
 -2.6448801230421548E+00 a       822     0    28     1    12
  1.4508660460022639E+01 a       823     0    28     1    13
 -8.2127758792901222E+00 a       824     0    28     1    14
  6.2092831976408123E+00 a       825     0    28     1    15
  4.9857954461059819E+00 a       826     0    28     1    16
 -1.2452823770564803E+01 a       827     0    28     1    17
 -1.5639759275811558E+01 a       828     0    28     1    18
 -8.4510588843893384E+00 a       829     0    28     1    19
 -1.8192303218982421E+01 a       830     0    28     1    20
  1.2602083372520172E+01 a       831     0    28     1    21
 -1.3476538309626747E+01 a       832     0    28     1    22
 -7.4433632242159504E+00 a       833     0    28     1    23
 -2.0324658152576497E+01 a       834     0    28     1    24
 -2.3287627221812754E+00 a       835     0    28     1    25
  3.0909554417405712E+01 a       836     0    28     1    26
  2.5228461292036508E-01 a       837     0    28     1    27
  1.0219965160130888E+01 a       838     0    28     1    28
 -3.8018231793142112E+00 a       839     0    28     1    29
 -7.1652907215201473E+00 a       840     0    28     1    30
  5.7121723342881392E+00 a       841     0    29     1     1
 -1.7112950587188416E+00 a       842     0    29     1     2
 -5.3924814628764273E-01 a       843     0    29     1     3
 -1.3839113389157022E+01 a       844     0    29     1     4
  5.4302195579130181E+00 a       845     0    29     1     5
  9.6360085810093388E+00 a       846     0    29     1     6
 -1.3234456362623147E+01 a       847     0    29     1     7
  7.6223255180618228E+00 a       848     0    29     1     8
 -2.7294297491280992E+00 a       849     0    29     1     9
 -4.2882000904538495E+00 a       850     0    29     1    10
 -6.8259746218590429E+00 a       851     0    29     1    11
 -4.1271219479499806E+00 a       852     0    29     1    12
  1.8830742941755509E+00 a       853     0    29     1    13
 -3.0187971296413281E+00 a       854     0    29     1    14
  1.7800021107348204E+01 a       855     0    29     1    15
  3.5474718353546573E+00 a       856     0    29     1    16
  3.1865501964869472E+00 a       857     0    29     1    17
  8.8941082446831832E+00 a       858     0    29     1    18
 -5.6247855440771444E+00 a       859     0    29     1    19
 -1.3183577897645216E+00 a       860     0    29     1    20
  8.1158110659814986E-01 a       861     0    29     1    21
  1.1167037323196594E+00 a       862     0    29     1    22
  2.0673667755380998E+00 a       863     0    29     1    23
  3.8750643908592521E+00 a       864     0    29     1    24
  4.8882827053489146E+00 a       865     0    29     1    25
 -7.5701529654923547E+00 a       866     0    29     1    26
  1.9992415816680642E+00 a       867     0    29     1    27
  4.0179423970208283E+00 a       868     0    29     1    28
  6.4802119211488334E+00 a       869     0    29     1    29
  1.7870856383201541E+00 a       870     0    29     1    30
  2.2471105008118188E+00 a       871     0    30     1     1
 -7.6828496626050127E+00 a       872     0    30     1     2
 -1.2513907406516338E+01 a       873     0    30     1     3
 -1.0871251397781114E+01 a       874     0    30     1     4
 -1.7662126794192079E+00 a       875     0    30     1     5
  7.0759727588649097E+00 a       876     0    30     1     6
  5.3039224940848966E+00 a       877     0    30     1     7
 -3.1830932663045193E+00 a       878     0    30     1     8
 -5.1100681078368870E+00 a       879     0    30     1     9
 -5.7153773711516038E+00 a       880     0    30     1    10
 -1.4406188387426477E+00 a       881     0    30     1    11
  3.0607078531266629E+00 a       882     0    30     1    12
 -4.4438994689746716E+00 a       883     0    30     1    13
  3.1859658336758585E+00 a       884     0    30     1    14
 -8.2859265419095944E+00 a       885     0    30     1    15
 -8.5179261630173891E-02 a       886     0    30     1    16
  5.8980143922498094E+00 a       887     0    30     1    17
  1.0864053617838593E+01 a       888     0    30     1    18
 -7.4964616500496257E+00 a       889     0    30     1    19
  3.3271339213030671E+00 a       890     0    30     1    20
 -1.7841170486056885E+00 a       891     0    30     1    21
 -1.1488513584676337E+01 a       892     0    30     1    22
 -5.4314616736964449E-01 a       893     0    30     1    23
 -1.2533660158313547E+00 a       894     0    30     1    24
  1.0826459312967440E+01 a       895     0    30     1    25
  3.7485597681767086E-01 a       896     0    30     1    26
 -5.3995372074002175E+00 a       897     0    30     1    27
  4.9977424346654455E+00 a       898     0    30     1    28
 -4.3968606309393072E+00 a       899     0    30     1    29
 -3.5899020387095462E+00 a       900     0    30     1    30
  1.0073872083928233E+01 a       901     0    31     1     1
 -1.0459571373667998E+01 a       902     0    31     1     2
 -1.0642120095246831E+01 a       903     0    31     1     3
 -1.5636598900287093E+00 a       904     0    31     1     4
  1.7545769484977495E+01 a       905     0    31     1     5
  9.9124620037986677E+00 a       906     0    31     1     6
  1.6379020521144881E+01 a       907     0    31     1     7
  9.3787548965923264E+00 a       908     0    31     1     8
 -3.1386914838214337E+00 a       909     0    31     1     9
 -2.7139863240400121E+01 a       910     0    31     1    10
  5.3928396436910742E-01 a       911     0    31     1    11
  2.9984502455381037E+00 a       912     0    31     1    12
 -1.3337778993186058E+01 a       913     0    31     1    13
  5.3342786015332608E+00 a       914     0    31     1    14
 -6.5936396490043458E+00 a       915     0    31     1    15
 -2.3793714957319581E+00 a       916     0    31     1    16
  1.1573429727561265E+01 a       917     0    31     1    17
  9.1367012948827053E+00 a       918     0    31     1    18
  1.5600529316731240E+00 a       919     0    31     1    19
  1.5309590800302303E+01 a       920     0    31     1    20
 -6.9437074516187203E-01 a       921     0    31     1    21
  6.6594026045691246E+00 a       922     0    31     1    22
  7.7761184477779128E+00 a       923     0    31     1    23
  1.1593872349595490E+01 a       924     0    31     1    24
  5.0909607656653426E+00 a       925     0    31     1    25
 -1.7659832640885053E+01 a       926     0    31     1    26
 -5.9961694822738814E+00 a       927     0    31     1    27
  3.3711490395550370E+00 a       928     0    31     1    28
  1.7460212277719820E+00 a       929     0    31     1    29
  1.5884166279923571E+00 a       930     0    31     1    30
 -5.6867900461143712E+00 a       931     0    32     1     1
 -8.4354886888845027E+00 a       932     0    32     1     2
  6.8621697324057402E+00 a       933     0    32     1     3
 -6.6916842475348286E+00 a       934     0    32     1     4
  1.5711477125617814E+00 a       935     0    32     1     5
  6.7852393947230274E+00 a       936     0    32     1     6
  2.6187215004392019E+00 a       937     0    32     1     7
  3.5820399352965611E+00 a       938     0    32     1     8
 -2.3377105833771639E+00 a       939     0    32     1     9
  2.0295715031673510E+01 a       940     0    32     1    10
 -6.1470534635176062E+00 a       941     0    32     1    11
  1.0058567157748501E+01 a       942     0    32     1    12
 -5.7943766782953432E+00 a       943     0    32     1    13
 -2.3070116051736740E+00 a       944     0    32     1    14
  9.9906199589966711E+00 a       945     0    32     1    15
  1.7787941186283980E+00 a       946     0    32     1    16
  8.7709938473979516E+00 a       947     0    32     1    17
  1.5279253546684568E+01 a       948     0    32     1    18
  5.7480628724127159E-01 a       949     0    32     1    19
  3.9980542346870007E-01 a       950     0    32     1    20
 -7.2632951275856499E+00 a       951     0    32     1    21
  8.4772208922004548E+00 a       952     0    32     1    22
 -6.2299558067721259E+00 a       953     0    32     1    23
  4.1010475148441747E+00 a       954     0    32     1    24
  1.0196760080153073E+00 a       955     0    32     1    25
  6.1419072805309876E+00 a       956     0    32     1    26
  1.6372851183379662E+01 a       957     0    32     1    27
 -5.2121312510090050E+00 a       958     0    32     1    28
 -1.8279143257025510E+01 a       959     0    32     1    29
  7.8237452170199671E+00 a       960     0    32     1    30
  2.0865944030590216E+00 a       961     0    33     1     1
 -1.6213292566457518E+01 a       962     0    33     1     2
 -8.1963785129354854E+00 a       963     0    33     1     3
 -5.0634380700463542E+00 a       964     0    33     1     4
 -5.3348100537233361E+00 a       965     0    33     1     5
 -7.1418017954957280E+00 a       966     0    33     1     6
 -3.8862513664694021E-01 a       967     0    33     1     7
 -9.6575598143951797E+00 a       968     0    33     1     8
 -7.1459069377518230E+00 a       969     0    33     1     9
 -2.1825455423842769E+01 a       970     0    33     1    10
  1.6839774854277177E+01 a       971     0    33     1    11
  8.6082999174073349E-01 a       972     0    33     1    12
  9.3326573885386832E+00 a       973     0    33     1    13
  1.7747609984427985E+01 a       974     0    33     1    14
 -1.4008958199177551E+01 a       975     0    33     1    15
 -2.0768486288454460E+00 a       976     0    33     1    16
 -6.0694661898293365E+00 a       977     0    33     1    17
 -1.6430232530176099E+01 a       978     0    33     1    18
 -1.1187064955295734E+00 a       979     0    33     1    19
  1.2579990562823484E+01 a       980     0    33     1    20
  3.8438090624687282E+00 a       981     0    33     1    21
 -2.4369744616018533E+01 a       982     0    33     1    22
  1.0347835841483793E+01 a       983     0    33     1    23
  8.2240566537526691E-02 a       984     0    33     1    24
 -6.2556299535444260E-01 a       985     0    33     1    25
 -5.0504907795926055E+00 a       986     0    33     1    26
 -5.5862425344712632E+00 a       987     0    33     1    27
  9.9989907039535222E+00 a       988     0    33     1    28
  1.0493328293750892E+01 a       989     0    33     1    29
  3.2002053619673716E+00 a       990     0    33     1    30
  2.1266168658369665E+01 a       991     0    34     1     1
  2.9413116935747912E+00 a       992     0    34     1     2
  5.1985281815072426E+00 a       993     0    34     1     3
  1.2294113172858912E+01 a       994     0    34     1     4
 -4.2393983371904334E+00 a       995     0    34     1     5
 -4.5746186207810604E+00 a       996     0    34     1     6
  6.0023955212961146E+00 a       997     0    34     1     7
 -3.4073346259901154E+00 a       998     0    34     1     8
  8.1064585670446547E+00 a       999     0    34     1     9
 -1.6440373941216457E+01 a      1000     0    34     1    10
  5.3114416204173249E+00 a      1001     0    34     1    11
 -1.6256018527427230E+01 a      1002     0    34     1    12
 -6.4236546624762036E+00 a      1003     0    34     1    13
  1.3412803321127470E+01 a      1004     0    34     1    14
 -8.9888809866293984E-01 a      1005     0    34     1    15
  1.5356106417536070E+01 a      1006     0    34     1    16
 -4.0948281863506750E+00 a      1007     0    34     1    17
 -1.3854142572127236E+01 a      1008     0    34     1    18
  3.2530442242507562E+00 a      1009     0    34     1    19
 -9.4587433345804772E-01 a      1010     0    34     1    20
  1.0631108665326167E+01 a      1011     0    34     1    21
 -1.1176152626881352E+01 a      1012     0    34     1    22
 -9.1040311443964161E-01 a      1013     0    34     1    23
  3.4380748764755484E+00 a      1014     0    34     1    24
 -7.7941713441671139E+00 a      1015     0    34     1    25
 -5.3931815257356766E+00 a      1016     0    34     1    26
 -1.1310319333497061E+01 a      1017     0    34     1    27
  1.0778552665585007E+01 a      1018     0    34     1    28
  1.3860110485570695E+01 a      1019     0    34     1    29
 -6.3383752637450186E-01 a      1020     0    34     1    30
 -2.3703749457523923E-01 a      1021     0    35     1     1
  9.5097133767949116E-01 a      1022     0    35     1     2
 -1.1612644838820563E+01 a      1023     0    35     1     3
 -2.8219839454170410E+00 a      1024     0    35     1     4
  2.0674680771440901E+00 a      1025     0    35     1     5
  6.2474760726316259E+00 a      1026     0    35     1     6
  4.1147386083276027E-01 a      1027     0    35     1     7
 -1.7057668578540002E+00 a      1028     0    35     1     8
  8.4239029330015880E-01 a      1029     0    35     1     9
  5.5955580653408719E+00 a      1030     0    35     1    10
  6.1153645862843720E-01 a      1031     0    35     1    11
  5.9983713430149610E+00 a      1032     0    35     1    12
 -2.3245254083269176E+00 a      1033     0    35     1    13
 -1.0207019276907101E+00 a      1034     0    35     1    14
 -1.4476727448386633E+00 a      1035     0    35     1    15
 -3.6946713225810590E-01 a      1036     0    35     1    16
  2.6736132134252193E+00 a      1037     0    35     1    17
  3.5190282628484715E+00 a      1038     0    35     1    18
 -2.4605565038839723E+00 a      1039     0    35     1    19
 -5.1564515389969587E+00 a      1040     0    35     1    20
 -5.7921963177173401E+00 a      1041     0    35     1    21
 -1.4327171368358775E+00 a      1042     0    35     1    22
 -3.9979096539742365E+00 a      1043     0    35     1    23
 -8.2609050427293411E+00 a      1044     0    35     1    24
 -1.2935437840255311E+00 a      1045     0    35     1    25
  5.5793024074589885E+00 a      1046     0    35     1    26
 -3.0131060703259780E+00 a      1047     0    35     1    27
 -2.6064464486254209E+00 a      1048     0    35     1    28
 -2.0302661173928791E+00 a      1049     0    35     1    29
  9.3223165133765722E+00 a      1050     0    35     1    30
  8.6101307502897662E+00 a      1051     0    36     1     1
 -8.4881226227584587E+00 a      1052     0    36     1     2
 -2.0782501359199137E+00 a      1053     0    36     1     3
  1.6907707126649081E+00 a      1054     0    36     1     4
  7.8304728029695854E+00 a      1055     0    36     1     5
 -1.7058328854325047E+00 a      1056     0    36     1     6
 -1.3228710315340585E+01 a      1057     0    36     1     7
  1.3948094432456445E+01 a      1058     0    36     1     8
  6.9222984259387994E+00 a      1059     0    36     1     9
 -1.5588028006198940E+00 a      1060     0    36     1    10
  2.0218447190048243E+00 a      1061     0    36     1    11
 -1.0277809354346319E+01 a      1062     0    36     1    12
 -6.2739742045539302E+00 a      1063     0    36     1    13
 -4.3203921485208010E+00 a      1064     0    36     1    14
  1.1033348099599047E+01 a      1065     0    36     1    15
 -1.8722347725638652E-01 a      1066     0    36     1    16
 -1.1328970192278405E+00 a      1067     0    36     1    17
  2.0452147635682604E+01 a      1068     0    36     1    18
  2.9001041317031335E+00 a      1069     0    36     1    19
 -2.2604927725625203E+00 a      1070     0    36     1    20
 -2.2044234350047248E+01 a      1071     0    36     1    21
  7.5923041985512967E+00 a      1072     0    36     1    22
  5.1799825096899355E+00 a      1073     0    36     1    23
  1.4292362870710091E+00 a      1074     0    36     1    24
 -1.3486828934049095E+01 a      1075     0    36     1    25
 -6.9225624332733284E+00 a      1076     0    36     1    26
 -2.1803734751230575E+01 a      1077     0    36     1    27
  4.6851711208190352E+00 a      1078     0    36     1    28
 -3.0361471977755103E+00 a      1079     0    36     1    29
  7.7115680324797644E+00 a      1080     0    36     1    30
  1.3476167009258839E+00 a      1081     0    37     1     1
  2.5342125497202680E+01 a      1082     0    37     1     2
  8.1089328336087600E+00 a      1083     0    37     1     3
  1.8698401757829455E+01 a      1084     0    37     1     4
 -9.2599343450358411E+00 a      1085     0    37     1     5
  1.1324335289396723E+01 a      1086     0    37     1     6
  2.7735897327883148E+00 a      1087     0    37     1     7
 -2.9509811195049380E+00 a      1088     0    37     1     8
  1.3902836685750117E+01 a      1089     0    37     1     9
  1.0232519050773519E+01 a      1090     0    37     1    10
  5.1131147742301120E-01 a      1091     0    37     1    11
 -1.2180152518960677E+01 a      1092     0    37     1    12
  5.6696576903519222E+00 a      1093     0    37     1    13
 -1.1895142041053045E+01 a      1094     0    37     1    14
  3.5073963496460001E+00 a      1095     0    37     1    15
  5.5896391397955432E+00 a      1096     0    37     1    16
  6.3525943580648425E-01 a      1097     0    37     1    17
 -2.7577819635503751E+00 a      1098     0    37     1    18
 -7.8288188670059278E-01 a      1099     0    37     1    19
 -1.1346081755622583E+01 a      1100     0    37     1    20
  4.1115634064445183E+00 a      1101     0    37     1    21
  1.3924689261416823E+01 a      1102     0    37     1    22
 -1.4706624522358611E+01 a      1103     0    37     1    23
 -1.7441590572197845E+00 a      1104     0    37     1    24
  9.2220979276388548E-01 a      1105     0    37     1    25
 -3.7048212706481909E+00 a      1106     0    37     1    26
 -1.3637060316996486E+01 a      1107     0    37     1    27
 -8.3684002514894811E+00 a      1108     0    37     1    28
  1.4654535398647591E+01 a      1109     0    37     1    29
 -1.1774375013336090E+01 a      1110     0    37     1    30
  1.4923859282998291E+00 a      1111     0    38     1     1
  8.3546353295190094E+00 a      1112     0    38     1     2
  3.4901073149554631E+00 a      1113     0    38     1     3
  3.7773048616671501E-01 a      1114     0    38     1     4
  1.1548247990312823E+00 a      1115     0    38     1     5
  5.1072610644853906E+00 a      1116     0    38     1     6
  3.6243895761462563E-01 a      1117     0    38     1     7
 -2.7676767252742196E+00 a      1118     0    38     1     8
 -1.9917742599399435E+01 a      1119     0    38     1     9
  4.0097297768021489E-01 a      1120     0    38     1    10
 -1.6441757874741100E+01 a      1121     0    38     1    11
  4.4575546124505196E+00 a      1122     0    38     1    12
 -5.2333688167058554E+00 a      1123     0    38     1    13
  6.0146548697649205E-01 a      1124     0    38     1    14
 -1.0668550728975573E+01 a      1125     0    38     1    15
  4.3283457365118299E+00 a      1126     0    38     1    16
  1.2736496379669436E+01 a      1127     0    38     1    17
 -2.5281005866879077E+01 a      1128     0    38     1    18
  1.5599255692090892E+00 a      1129     0    38     1    19
  6.5814427657721053E-02 a      1130     0    38     1    20
  2.7405018673799091E+01 a      1131     0    38     1    21
  1.5673041448960645E-01 a      1132     0    38     1    22
 -5.8953698746941994E+00 a      1133     0    38     1    23
 -3.5208620854604402E+00 a      1134     0    38     1    24
  3.5586440189491348E+00 a      1135     0    38     1    25
 -4.6818481737317050E+00 a      1136     0    38     1    26
  2.7366480285195145E+01 a      1137     0    38     1    27
 -2.2510916233483989E+00 a      1138     0    38     1    28
  2.7492588119364436E+00 a      1139     0    38     1    29
 -1.3894703768259623E+01 a      1140     0    38     1    30
  4.3823557657827372E+00 a      1141     0    39     1     1
  7.6500625182708708E+00 a      1142     0    39     1     2
 -4.3532277843220868E+00 a      1143     0    39     1     3
 -1.2502684633933665E+00 a      1144     0    39     1     4
  1.0509249971761496E+00 a      1145     0    39     1     5
  2.7440227533068522E+00 a      1146     0    39     1     6
  3.3371959442642947E+00 a      1147     0    39     1     7
 -1.8435351036278602E+00 a      1148     0    39     1     8
  6.6661904300942130E+00 a      1149     0    39     1     9
 -1.0334742438096237E+01 a      1150     0    39     1    10
  2.7960883707185795E+00 a      1151     0    39     1    11
 -2.3381910098031495E+00 a      1152     0    39     1    12
 -6.8077516441325647E+00 a      1153     0    39     1    13
  5.5354406812082635E+00 a      1154     0    39     1    14
 -1.7805788564359040E+00 a      1155     0    39     1    15
 -2.3209034895980438E-01 a      1156     0    39     1    16
 -1.2770206554825336E+00 a      1157     0    39     1    17
 -4.7510265142505741E+00 a      1158     0    39     1    18
  2.2123919167403083E-01 a      1159     0    39     1    19
  5.6306588885610394E+00 a      1160     0    39     1    20
  6.4342785649197110E+00 a      1161     0    39     1    21
 -8.1512874962249153E+00 a      1162     0    39     1    22
 -2.9127367523589727E+00 a      1163     0    39     1    23
 -5.4530566054562000E+00 a      1164     0    39     1    24
 -4.0614269313563813E+00 a      1165     0    39     1    25
  3.3198314416537161E-01 a      1166     0    39     1    26
 -2.5149732400726741E+00 a      1167     0    39     1    27
  2.5713603637846218E+00 a      1168     0    39     1    28
  6.4418842852504188E+00 a      1169     0    39     1    29
  1.6565452349325023E+00 a      1170     0    39     1    30
 -2.6060933076940098E+00 a      1171     0    40     1     1
 -3.8923668939411211E+00 a      1172     0    40     1     2
 -3.4464148645373176E+00 a      1173     0    40     1     3
 -1.6556539619181054E+00 a      1174     0    40     1     4
 -5.0125624534808750E+00 a      1175     0    40     1     5
 -6.2880633429852697E+00 a      1176     0    40     1     6
  1.3564640217153550E+00 a      1177     0    40     1     7
 -6.1907274459175754E-01 a      1178     0    40     1     8
 -8.7424947037923033E+00 a      1179     0    40     1     9
  1.3185123282507747E+00 a      1180     0    40     1    10
  3.2529280049070839E+00 a      1181     0    40     1    11
 -2.6214481462800068E+00 a      1182     0    40     1    12
  1.6781256735225217E+01 a      1183     0    40     1    13
 -1.0556255569489140E+01 a      1184     0    40     1    14
  3.7031637340926871E+00 a      1185     0    40     1    15
 -1.5743960715152568E+01 a      1186     0    40     1    16
 -5.1395193822269896E+00 a      1187     0    40     1    17
  1.2244959080343721E+01 a      1188     0    40     1    18
 -7.9627142708538168E+00 a      1189     0    40     1    19
  6.7252896174213805E-01 a      1190     0    40     1    20
 -4.4839399891367675E+00 a      1191     0    40     1    21
  1.5142009669533913E+00 a      1192     0    40     1    22
  1.8460063356894317E+01 a      1193     0    40     1    23
  3.6099407797091003E+00 a      1194     0    40     1    24
  1.0357318834405826E+01 a      1195     0    40     1    25
 -8.5710371213176870E+00 a      1196     0    40     1    26
  3.0344633825480831E+00 a      1197     0    40     1    27
 -3.4314701423869156E+00 a      1198     0    40     1    28
 -2.0833943554288794E+01 a      1199     0    40     1    29
  1.7768682631702710E+01 a      1200     0    40     1    30
 -8.2471188169252918E-02 a      1201     0    41     1     1
 -1.6309608748984814E+01 a      1202     0    41     1     2
  4.4629752572116912E+00 a      1203     0    41     1     3
 -6.4467361385929669E+00 a      1204     0    41     1     4
  1.8362466193962621E+01 a      1205     0    41     1     5
 -7.6050540129305402E+00 a      1206     0    41     1     6
 -1.0461659492905355E+01 a      1207     0    41     1     7
  1.2449722783242850E+01 a      1208     0    41     1     8
 -7.2808028509027380E+00 a      1209     0    41     1     9
 -6.4014955450091655E+00 a      1210     0    41     1    10
 -1.2088971790708269E+01 a      1211     0    41     1    11
  9.3276050643315518E+00 a      1212     0    41     1    12
 -2.8071306460626818E+01 a      1213     0    41     1    13
  3.8705122918501123E+00 a      1214     0    41     1    14
 -8.2774840873619961E+00 a      1215     0    41     1    15
  1.5486934730908697E+01 a      1216     0    41     1    16
  4.5214536355067594E+00 a      1217     0    41     1    17
 -8.5327982461239138E+00 a      1218     0    41     1    18
  1.1158110442978026E+01 a      1219     0    41     1    19
 -1.1548784515616953E+01 a      1220     0    41     1    20
 -3.7136365919113801E+00 a      1221     0    41     1    21
  6.1812149018328544E+00 a      1222     0    41     1    22
 -8.7186630682388149E+00 a      1223     0    41     1    23
  5.6284163132877707E-02 a      1224     0    41     1    24
 -7.8754720392035438E+00 a      1225     0    41     1    25
  1.8300829699575818E+01 a      1226     0    41     1    26
 -6.6696305439119392E+00 a      1227     0    41     1    27
  8.6391637822669960E+00 a      1228     0    41     1    28
  1.2377731575073669E+01 a      1229     0    41     1    29
 -1.3079230279575160E+01 a      1230     0    41     1    30
 -1.3658634432795729E+01 a      1231     0    42     1     1
 -2.8099129493118382E+00 a      1232     0    42     1     2
 -4.5884365725008252E+00 a      1233     0    42     1     3
 -4.0337554194725431E+00 a      1234     0    42     1     4
  1.3642328741748815E+00 a      1235     0    42     1     5
 -3.2410053235143015E+00 a      1236     0    42     1     6
 -6.7003275546973873E+00 a      1237     0    42     1     7
  4.9674332953785677E-01 a      1238     0    42     1     8
 -1.0777927491962629E+01 a      1239     0    42     1     9
  1.3703609313664866E+00 a      1240     0    42     1    10
 -1.9031215087134232E+00 a      1241     0    42     1    11
  3.9864514532752175E+00 a      1242     0    42     1    12
  8.0264157971523069E+00 a      1243     0    42     1    13
 -9.6932246512680056E+00 a      1244     0    42     1    14
 -6.4515285383997698E+00 a      1245     0    42     1    15
 -1.1546601397049850E+01 a      1246     0    42     1    16
 -2.5402629494082825E+00 a      1247     0    42     1    17
  3.1638912884369486E+00 a      1248     0    42     1    18
 -2.0081974640309208E+00 a      1249     0    42     1    19
  1.6216895896985537E+00 a      1250     0    42     1    20
 -5.7648841362131522E+00 a      1251     0    42     1    21
  8.6842788857929847E+00 a      1252     0    42     1    22
  8.8263392348672358E+00 a      1253     0    42     1    23
  1.5948755016051912E+00 a      1254     0    42     1    24
  6.9081925142007474E+00 a      1255     0    42     1    25
 -1.8434207050000517E-01 a      1256     0    42     1    26
 -4.0046041523365465E+00 a      1257     0    42     1    27
 -4.4970194012949207E+00 a      1258     0    42     1    28
  2.0863696984314209E-01 a      1259     0    42     1    29
 -8.3040507747063312E+00 a      1260     0    42     1    30
 -3.2507581104980066E+00 a      1261     0    43     1     1
  1.6495475420144969E+00 a      1262     0    43     1     2
 -2.9031070185895218E+00 a      1263     0    43     1     3
 -5.0923244648070352E+00 a      1264     0    43     1     4
 -7.0555542905530819E+00 a      1265     0    43     1     5
  1.6095457731422043E+00 a      1266     0    43     1     6
  9.9449251979702904E+00 a      1267     0    43     1     7
 -9.1302822461627891E+00 a      1268     0    43     1     8
  1.7303362151546640E+01 a      1269     0    43     1     9
  1.2623489231586674E+01 a      1270     0    43     1    10
  9.2775997519877276E+00 a      1271     0    43     1    11
  3.0455108280313041E+00 a      1272     0    43     1    12
  1.6309701854949417E+01 a      1273     0    43     1    13
  6.1630338391148882E+00 a      1274     0    43     1    14
  1.7189046288197037E+01 a      1275     0    43     1    15
 -3.1999647558454445E+00 a      1276     0    43     1    16
 -7.4028162703748430E+00 a      1277     0    43     1    17
  1.7157256022133062E+01 a      1278     0    43     1    18
 -4.5275694004258842E+00 a      1279     0    43     1    19
  9.4347241963374291E+00 a      1280     0    43     1    20
 -1.1753722739454949E+01 a      1281     0    43     1    21
 -3.3273767764830269E+00 a      1282     0    43     1    22
  4.4981913030899188E+00 a      1283     0    43     1    23
  5.5989994555485394E+00 a      1284     0    43     1    24
 -4.2507546375466800E+00 a      1285     0    43     1    25
  1.6501292685192013E+00 a      1286     0    43     1    26
  1.0578319251455529E+01 a      1287     0    43     1    27
 -2.7965997107818503E+00 a      1288     0    43     1    28
 -7.6307051144285021E+00 a      1289     0    43     1    29
 -3.5953033243344656E-01 a      1290     0    43     1    30
  4.5454621981510712E-01 a      1291     0    44     1     1
  6.1738443718361555E+00 a      1292     0    44     1     2
 -9.0666927351740387E+00 a      1293     0    44     1     3
 -6.7546832358389635E+00 a      1294     0    44     1     4
 -9.0609609484325624E+00 a      1295     0    44     1     5
 -5.5466966322479667E+00 a      1296     0    44     1     6
  1.0720166988748865E+00 a      1297     0    44     1     7
 -2.4115256779182022E+00 a      1298     0    44     1     8
 -3.0618203249747555E+00 a      1299     0    44     1     9
 -1.3164220801233590E+01 a      1300     0    44     1    10
  2.1410366306574882E+00 a      1301     0    44     1    11
 -8.2320723475031539E+00 a      1302     0    44     1    12
 -3.5963719622060388E+00 a      1303     0    44     1    13
  6.3827021492585545E-01 a      1304     0    44     1    14
  7.0524786067071092E+00 a      1305     0    44     1    15
  6.6485277562172778E+00 a      1306     0    44     1    16
 -1.0546674310146054E+01 a      1307     0    44     1    17
 -8.7395113836985612E+00 a      1308     0    44     1    18
 -5.7597826392050209E+00 a      1309     0    44     1    19
 -1.7569217661911402E+01 a      1310     0    44     1    20
 -2.3359461210944655E+01 a      1311     0    44     1    21
 -1.0633306737723887E+01 a      1312     0    44     1    22
  6.2386589388609073E+00 a      1313     0    44     1    23
  1.5524067438116312E+01 a      1314     0    44     1    24
 -4.5032800947133316E+00 a      1315     0    44     1    25
  2.6484472288605736E+00 a      1316     0    44     1    26
 -2.0520728883633397E+00 a      1317     0    44     1    27
 -1.5240965946658976E+01 a      1318     0    44     1    28
 -6.9740635199852701E+00 a      1319     0    44     1    29
  6.1305660447182930E-01 a      1320     0    44     1    30
  8.1070866417460401E+00 a      1321     0    45     1     1
 -2.5030100096253429E+00 a      1322     0    45     1     2
  2.2061546255304973E+00 a      1323     0    45     1     3
  5.5581215457424298E+00 a      1324     0    45     1     4
  1.4747622271129243E+01 a      1325     0    45     1     5
 -1.9523582324127529E+00 a      1326     0    45     1     6
  6.5760653709451242E+00 a      1327     0    45     1     7
 -5.1145074985425598E+00 a      1328     0    45     1     8
  1.6002313904077976E+01 a      1329     0    45     1     9
  3.0180772226156400E+00 a      1330     0    45     1    10
 -2.1993186096826944E+00 a      1331     0    45     1    11
  6.5649862325401100E+00 a      1332     0    45     1    12
 -2.0012631876013220E+01 a      1333     0    45     1    13
 -4.0813764027326878E+00 a      1334     0    45     1    14
 -8.9254511621603871E+00 a      1335     0    45     1    15
  3.5075289905991114E+00 a      1336     0    45     1    16
  3.0653068764128846E+00 a      1337     0    45     1    17
  7.8454461243424571E+00 a      1338     0    45     1    18
 -1.5379031091633474E+01 a      1339     0    45     1    19
  1.2501954627072202E+01 a      1340     0    45     1    20
  7.2371030271340775E-01 a      1341     0    45     1    21
  2.7609864373857429E-01 a      1342     0    45     1    22
  7.6165458200238545E-01 a      1343     0    45     1    23
 -3.4456201019334149E+00 a      1344     0    45     1    24
 -4.1887312573924103E+00 a      1345     0    45     1    25
  1.9426001492135017E+00 a      1346     0    45     1    26
 -3.5971326458466266E+00 a      1347     0    45     1    27
 -3.6031090999765145E+00 a      1348     0    45     1    28
  1.7645264645726508E-01 a      1349     0    45     1    29
 -1.5104822459517884E+01 a      1350     0    45     1    30
  5.4012230613345062E+00 a      1351     0    46     1     1
 -1.1936690474489231E+01 a      1352     0    46     1     2
  1.6032013405172254E+01 a      1353     0    46     1     3
  5.9712044591241159E-02 a      1354     0    46     1     4
  1.7838975456298908E+01 a      1355     0    46     1     5
  2.5743331810596990E+00 a      1356     0    46     1     6
  5.6074875514393527E+00 a      1357     0    46     1     7
  3.4351205626697636E+00 a      1358     0    46     1     8
 -4.3467853940216106E-01 a      1359     0    46     1     9
  1.2724655913079085E+01 a      1360     0    46     1    10
 -5.4513848503842874E+00 a      1361     0    46     1    11
  4.6504849933269448E+00 a      1362     0    46     1    12
 -1.0994892742096065E+00 a      1363     0    46     1    13
  1.6209139804920514E+00 a      1364     0    46     1    14
 -1.0450723747392587E+01 a      1365     0    46     1    15
 -2.8588110331840104E+00 a      1366     0    46     1    16
  1.1075227472106521E+00 a      1367     0    46     1    17
  1.9927147795889538E-01 a      1368     0    46     1    18
  3.9857665959553081E+00 a      1369     0    46     1    19
  2.1700616211155197E+01 a      1370     0    46     1    20
  9.0061458439248572E+00 a      1371     0    46     1    21
  1.6452003675990459E+00 a      1372     0    46     1    22
 -8.6622853322227051E+00 a      1373     0    46     1    23
 -1.4309560373698805E+01 a      1374     0    46     1    24
 -3.6189750467648092E+00 a      1375     0    46     1    25
 -2.1949194847217508E+00 a      1376     0    46     1    26
  3.5278253161004360E+00 a      1377     0    46     1    27
  8.6440699106060830E+00 a      1378     0    46     1    28
  1.7487146660005197E+00 a      1379     0    46     1    29
  5.8841533213909640E+00 a      1380     0    46     1    30
 -3.9293307893622570E-01 a      1381     0    47     1     1
 -4.7997147928619164E+00 a      1382     0    47     1     2
  1.6819528081356285E+00 a      1383     0    47     1     3
 -1.5158989612339315E+00 a      1384     0    47     1     4
 -7.8315598877937358E+00 a      1385     0    47     1     5
  1.0504069044004214E+00 a      1386     0    47     1     6
  2.1291172314927405E+00 a      1387     0    47     1     7
  4.2951235125574314E+00 a      1388     0    47     1     8
 -2.2506909596842757E+00 a      1389     0    47     1     9
  5.1709818593261803E-01 a      1390     0    47     1    10
  2.0332768355721780E+00 a      1391     0    47     1    11
 -8.4159581882162104E-01 a      1392     0    47     1    12
  1.4542192188035013E+01 a      1393     0    47     1    13
  4.8327168552035147E+00 a      1394     0    47     1    14
  3.3517640319818316E+00 a      1395     0    47     1    15
 -3.1197882958973921E+00 a      1396     0    47     1    16
 -5.1315981602848737E-01 a      1397     0    47     1    17
 -7.7517677184891642E+00 a      1398     0    47     1    18
  1.2968363008582418E+01 a      1399     0    47     1    19
  2.5231078506492235E+00 a      1400     0    47     1    20
  1.5795791536750334E+00 a      1401     0    47     1    21
  3.2969302600394181E+00 a      1402     0    47     1    22
  9.6708307614659572E-01 a      1403     0    47     1    23
  4.2147787371810574E+00 a      1404     0    47     1    24
  8.0226981380511280E+00 a      1405     0    47     1    25
  3.5478518082662502E-01 a      1406     0    47     1    26
 -3.0370029003761395E-01 a      1407     0    47     1    27
  5.6285566189848737E+00 a      1408     0    47     1    28
 -1.0592785097420416E+00 a      1409     0    47     1    29
 -1.3000886743088313E+00 a      1410     0    47     1    30
  4.9537058300764825E-01 a      1411     0    48     1     1
  2.4039744402565191E+00 a      1412     0    48     1     2
 -5.1393725116866893E+00 a      1413     0    48     1     3
 -1.0955739636524950E+00 a      1414     0    48     1     4
 -1.2314236360434153E+01 a      1415     0    48     1     5
 -2.9228172162608401E+00 a      1416     0    48     1     6
 -4.5165240459531439E+00 a      1417     0    48     1     7
  1.8782216595253372E+00 a      1418     0    48     1     8
 -6.4349533368913625E-01 a      1419     0    48     1     9
 -1.0515848327297643E+00 a      1420     0    48     1    10
 -1.4974762211367296E-01 a      1421     0    48     1    11
 -8.8541061684546574E-01 a      1422     0    48     1    12
  2.6588601756263750E+00 a      1423     0    48     1    13
 -5.1482336853983570E+00 a      1424     0    48     1    14
 -1.4725730346885757E+00 a      1425     0    48     1    15
  5.9821887779004790E-01 a      1426     0    48     1    16
 -6.5098947501634108E-01 a      1427     0    48     1    17
 -1.0105619952767373E+00 a      1428     0    48     1    18
  2.8158922117832694E+00 a      1429     0    48     1    19
 -7.7073109777433784E+00 a      1430     0    48     1    20
 -5.6709236242978101E+00 a      1431     0    48     1    21
  2.9078159813844446E+00 a      1432     0    48     1    22
  5.6570651975148225E+00 a      1433     0    48     1    23
  3.6766078123922314E+00 a      1434     0    48     1    24
 -4.4901412115498962E+00 a      1435     0    48     1    25
  3.4927536489891771E+00 a      1436     0    48     1    26
 -3.4619754161437886E+00 a      1437     0    48     1    27
 -5.9818001041261259E-01 a      1438     0    48     1    28
 -5.0800493674554383E+00 a      1439     0    48     1    29
 -1.0285674301800524E+01 a      1440     0    48     1    30
  3.5284724344107454E+00 a      1441     0    49     1     1
  1.5803375755011240E+01 a      1442     0    49     1     2
  1.0048914110003365E+01 a      1443     0    49     1     3
 -1.9111999082428433E+01 a      1444     0    49     1     4
 -7.3907267102246301E+00 a      1445     0    49     1     5
 -7.0047631550223954E-01 a      1446     0    49     1     6
 -4.3831441467101344E+00 a      1447     0    49     1     7
  1.3273645911079941E+01 a      1448     0    49     1     8
 -1.9361603756046051E+01 a      1449     0    49     1     9
 -1.0070523716702549E+01 a      1450     0    49     1    10
  3.8113819289515871E+00 a      1451     0    49     1    11
 -1.5541773149694450E+01 a      1452     0    49     1    12
  2.2845649313481562E+01 a      1453     0    49     1    13
  4.3005952401098133E+00 a      1454     0    49     1    14
  6.2137311085735378E+00 a      1455     0    49     1    15
  1.0372214536018449E+00 a      1456     0    49     1    16
 -1.1931681580258291E+01 a      1457     0    49     1    17
  4.9369216082137033E+00 a      1458     0    49     1    18
  1.3321495547542867E+01 a      1459     0    49     1    19
 -1.0937937710272054E+01 a      1460     0    49     1    20
 -1.3572398402940147E+01 a      1461     0    49     1    21
 -2.6674652487870205E+01 a      1462     0    49     1    22
 -2.3965411906383940E+00 a      1463     0    49     1    23
 -4.3726517994477410E-01 a      1464     0    49     1    24
  1.2522414259752342E+01 a      1465     0    49     1    25
 -5.8750519170193796E+00 a      1466     0    49     1    26
 -1.3123499270967807E+01 a      1467     0    49     1    27
  5.3158115045630083E+00 a      1468     0    49     1    28
 -1.5228110439371978E+01 a      1469     0    49     1    29
 -1.4585916845030580E+01 a      1470     0    49     1    30
 -1.1058016014725846E+01 a      1471     0    50     1     1
 -3.6592061363393515E+00 a      1472     0    50     1     2
 -1.2115230010497623E+01 a      1473     0    50     1     3
  2.0156019937738247E+01 a      1474     0    50     1     4
 -1.3068973374163178E+00 a      1475     0    50     1     5
 -3.4361979292701648E+00 a      1476     0    50     1     6
 -1.1447366015951421E+00 a      1477     0    50     1     7
 -2.6239933708086403E+00 a      1478     0    50     1     8
  9.9950755750756333E+00 a      1479     0    50     1     9
  1.8681008542577334E+01 a      1480     0    50     1    10
 -1.7900475964891378E+01 a      1481     0    50     1    11
  1.5196426212404591E+01 a      1482     0    50     1    12
 -4.9899676306150162E+00 a      1483     0    50     1    13
 -3.1881929553247925E+00 a      1484     0    50     1    14
 -1.4281075148498761E+01 a      1485     0    50     1    15
 -5.6903619287039247E+00 a      1486     0    50     1    16
  1.9180600933298614E+01 a      1487     0    50     1    17
  1.1911332284524361E+00 a      1488     0    50     1    18
  1.7324441004319002E+00 a      1489     0    50     1    19
  3.0440251251895752E+01 a      1490     0    50     1    20
  2.4439734899672914E+01 a      1491     0    50     1    21
  2.2479401550207761E+01 a      1492     0    50     1    22
 -5.4048821726447027E+00 a      1493     0    50     1    23
 -1.0288851049993708E+01 a      1494     0    50     1    24
 -3.2840575240021352E+00 a      1495     0    50     1    25
 -2.9352060193627802E+00 a      1496     0    50     1    26
  2.2638445258848776E+00 a      1497     0    50     1    27
 -4.7639735863383881E-01 a      1498     0    50     1    28
  1.7656713969839519E+01 a      1499     0    50     1    29
  5.2129263123125806E+00 a      1500     0    50     1    30
 -1.1988378745716412E+01 a      1501     0    51     1     1
  3.0081477399445009E+00 a      1502     0    51     1     2
 -9.9500213723750885E+00 a      1503     0    51     1     3
  2.6653020610766012E+00 a      1504     0    51     1     4
 -6.5048739865684793E+00 a      1505     0    51     1     5
  3.6012659390439405E+00 a      1506     0    51     1     6
 -1.4615715958601287E+01 a      1507     0    51     1     7
 -5.8695279244997947E+00 a      1508     0    51     1     8
 -1.2940600711461659E+01 a      1509     0    51     1     9
 -3.9822079581485368E+00 a      1510     0    51     1    10
 -7.0368680214881465E+00 a      1511     0    51     1    11
  2.1129079196742810E+00 a      1512     0    51     1    12
  4.4492267905183042E-01 a      1513     0    51     1    13
 -5.8996070372874119E+00 a      1514     0    51     1    14
  1.1472050280539632E+01 a      1515     0    51     1    15
 -3.2493321518005485E+00 a      1516     0    51     1    16
  3.7549350430853017E+00 a      1517     0    51     1    17
 -2.3857723647505864E+00 a      1518     0    51     1    18
 -4.8850424111217023E+00 a      1519     0    51     1    19
 -4.9278958382115725E+00 a      1520     0    51     1    20
  9.0011021706421204E+00 a      1521     0    51     1    21
  7.8663112512580309E+00 a      1522     0    51     1    22
  6.1526037352403620E+00 a      1523     0    51     1    23
 -3.0720772822720330E+00 a      1524     0    51     1    24
 -1.4481356382393155E+01 a      1525     0    51     1    25
  5.2290585013952384E+00 a      1526     0    51     1    26
  2.4019884152990006E+01 a      1527     0    51     1    27
 -1.2637183363863352E+01 a      1528     0    51     1    28
 -1.6185432607882140E+00 a      1529     0    51     1    29
  3.0039187962335848E+01 a      1530     0    51     1    30
 -1.2101511857596911E+01 a      1531     0    52     1     1
  6.2611797187995393E+00 a      1532     0    52     1     2
 -1.2037303682602705E+01 a      1533     0    52     1     3
  8.3790752464253213E+00 a      1534     0    52     1     4
 -4.3674284446963831E+00 a      1535     0    52     1     5
 -1.9962018692931922E+00 a      1536     0    52     1     6
  7.8394742076458324E-01 a      1537     0    52     1     7
 -1.5057930213793149E+01 a      1538     0    52     1     8
  2.7075776295850420E+00 a      1539     0    52     1     9
 -5.4731047165369668E+00 a      1540     0    52     1    10
  1.0928223540662918E+00 a      1541     0    52     1    11
 -1.1004948175672560E+00 a      1542     0    52     1    12
  1.9732253462690268E+00 a      1543     0    52     1    13
  6.8340436439090304E+00 a      1544     0    52     1    14
  6.9252382704626658E+00 a      1545     0    52     1    15
  8.6656852361931467E+00 a      1546     0    52     1    16
  1.0514024156510679E+01 a      1547     0    52     1    17
  4.4769751435137222E+00 a      1548     0    52     1    18
 -6.1359127567677367E+00 a      1549     0    52     1    19
 -1.6719593356415228E+01 a      1550     0    52     1    20
  8.4670870713441122E+00 a      1551     0    52     1    21
  9.5251446612354194E+00 a      1552     0    52     1    22
 -6.3575386257413466E+00 a      1553     0    52     1    23
  3.9392845329312736E+00 a      1554     0    52     1    24
  1.3784664930255216E+01 a      1555     0    52     1    25
  7.0054838464026781E-01 a      1556     0    52     1    26
  1.3949680425276048E+00 a      1557     0    52     1    27
 -3.3944182247969921E+00 a      1558     0    52     1    28
  6.1928649032152396E+00 a      1559     0    52     1    29
  1.0287910470072719E+01 a      1560     0    52     1    30
  4.4799477569951023E+00 a      1561     0    53     1     1
 -4.6044635420144546E+00 a      1562     0    53     1     2
  1.2746721115709176E+01 a      1563     0    53     1     3
 -1.0220768661573716E+01 a      1564     0    53     1     4
 -4.2562989389363243E-01 a      1565     0    53     1     5
  7.4292497114417451E+00 a      1566     0    53     1     6
 -3.0883775671523246E+00 a      1567     0    53     1     7
  1.1439210499791120E+01 a      1568     0    53     1     8
 -5.1293215788159463E+00 a      1569     0    53     1     9
 -1.4884970942810727E+00 a      1570     0    53     1    10
  1.0273341911466563E+01 a      1571     0    53     1    11
 -3.8029611915599886E+00 a      1572     0    53     1    12
  1.4017268072014890E+01 a      1573     0    53     1    13
 -3.5465088599811176E+00 a      1574     0    53     1    14
  1.0713894293580966E+01 a      1575     0    53     1    15
 -9.6841866139181594E+00 a      1576     0    53     1    16
 -1.3644276421894828E+01 a      1577     0    53     1    17
  5.4288498585936891E+00 a      1578     0    53     1    18
  3.1870989766284183E+00 a      1579     0    53     1    19
  1.5354592485117777E+00 a      1580     0    53     1    20
 -5.1952691161154574E+00 a      1581     0    53     1    21
 -1.4422678357514608E+01 a      1582     0    53     1    22
  8.6488531270576754E+00 a      1583     0    53     1    23
 -3.2637444689119084E+00 a      1584     0    53     1    24
 -5.4679674835616554E+00 a      1585     0    53     1    25
 -5.0898847213262615E+00 a      1586     0    53     1    26
  7.3565675854561423E+00 a      1587     0    53     1    27
  6.7796566988452351E+00 a      1588     0    53     1    28
 -1.0040090490302928E+01 a      1589     0    53     1    29
 -6.7495016397650263E+00 a      1590     0    53     1    30
  1.4432622061439620E+01 a      1591     0    54     1     1
 -2.7191941414456483E+01 a      1592     0    54     1     2
 -5.1325711258918105E-01 a      1593     0    54     1     3
  1.0177851127314387E+01 a      1594     0    54     1     4
  7.3822358230388985E-01 a      1595     0    54     1     5
 -1.0751813759155522E+00 a      1596     0    54     1     6
  2.5035204101027379E+01 a      1597     0    54     1     7
 -3.1369205091282577E+00 a      1598     0    54     1     8
  1.8133212996829087E+01 a      1599     0    54     1     9
  2.3340812474234021E+01 a      1600     0    54     1    10
  1.0365665028899187E+01 a      1601     0    54     1    11
  5.1466190986083902E+00 a      1602     0    54     1    12
 -2.8116703022552464E+01 a      1603     0    54     1    13
  4.9025755490507333E-01 a      1604     0    54     1    14
 -4.0653745646659214E+00 a      1605     0    54     1    15
  1.4932526726553249E+01 a      1606     0    54     1    16
 -1.1532267257221555E+01 a      1607     0    54     1    17
  6.7282619125049425E+00 a      1608     0    54     1    18
 -1.2363794531296710E+01 a      1609     0    54     1    19
  9.2998276777922018E-01 a      1610     0    54     1    20
 -2.8578795065033301E+01 a      1611     0    54     1    21
  2.0656818419051433E+01 a      1612     0    54     1    22
  5.8744843248427463E+00 a      1613     0    54     1    23
  9.9759137521765471E+00 a      1614     0    54     1    24
  1.0204365236069426E+01 a      1615     0    54     1    25
  1.4033114072288278E+01 a      1616     0    54     1    26
 -7.9229152271615177E+00 a      1617     0    54     1    27
 -6.3313080351238726E+00 a      1618     0    54     1    28
  7.9509741285577222E+00 a      1619     0    54     1    29
 -2.0142085112654415E+00 a      1620     0    54     1    30
  3.7455867139194270E+00 a      1621     0    55     1     1
  5.0303985873450916E+00 a      1622     0    55     1     2
  8.6914300798619806E+00 a      1623     0    55     1     3
  1.8912149539536376E+00 a      1624     0    55     1     4
  1.6627337367336455E+01 a      1625     0    55     1     5
 -5.5171609727535316E+00 a      1626     0    55     1     6
  4.0399237500980983E-01 a      1627     0    55     1     7
 -3.3263523984075700E+00 a      1628     0    55     1     8
  5.3923986563407773E+00 a      1629     0    55     1     9
  8.4496396340411550E+00 a      1630     0    55     1    10
 -3.6861338087077827E-01 a      1631     0    55     1    11
 -3.7728059798428855E+00 a      1632     0    55     1    12
 -1.2936017634876578E+01 a      1633     0    55     1    13
 -2.5313689079094930E+00 a      1634     0    55     1    14
 -3.9501088427353692E+00 a      1635     0    55     1    15
 -1.2827276460711132E+00 a      1636     0    55     1    16
  5.5404917049740705E+00 a      1637     0    55     1    17
  1.3618077508107721E+01 a      1638     0    55     1    18
 -6.7694122894946185E+00 a      1639     0    55     1    19
 -4.9085387247050480E+00 a      1640     0    55     1    20
 -4.7285698299104304E+00 a      1641     0    55     1    21
  1.1747517075455656E+00 a      1642     0    55     1    22
 -2.6021623128164744E+00 a      1643     0    55     1    23
 -2.4040862795627085E-01 a      1644     0    55     1    24
  4.6394989020575954E+00 a      1645     0    55     1    25
 -2.1902073937510171E+00 a      1646     0    55     1    26
 -1.2518721340419212E+01 a      1647     0    55     1    27
 -4.8005487085946819E-01 a      1648     0    55     1    28
  9.3835233230720636E+00 a      1649     0    55     1    29
  3.0488976213294587E+00 a      1650     0    55     1    30
 -1.2405541407116485E+00 a      1651     0    56     1     1
 -6.0273771032836185E+00 a      1652     0    56     1     2
  6.8588290191285433E+00 a      1653     0    56     1     3
 -2.5078882207968087E+00 a      1654     0    56     1     4
  9.0471553560282221E+00 a      1655     0    56     1     5
  9.6372597793984536E+00 a      1656     0    56     1     6
  2.3210702520894963E-01 a      1657     0    56     1     7
  2.4071101583676917E+00 a      1658     0    56     1     8
 -3.9387993925941904E+00 a      1659     0    56     1     9
 -5.5904755056261015E+00 a      1660     0    56     1    10
 -1.0095175404381329E+00 a      1661     0    56     1    11
  2.9038925550547305E+00 a      1662     0    56     1    12
 -8.1222100989417729E+00 a      1663     0    56     1    13
  2.8030222102001345E-02 a      1664     0    56     1    14
  1.8372222139362908E+00 a      1665     0    56     1    15
 -2.4747739374361322E+00 a      1666     0    56     1    16
 -3.7682994372963892E+00 a      1667     0    56     1    17
  4.7148647373175478E+00 a      1668     0    56     1    18
  3.4972101528129920E+00 a      1669     0    56     1    19
  9.8093471261520673E+00 a      1670     0    56     1    20
  2.9193928701437191E+00 a      1671     0    56     1    21
 -1.0391965478041165E+01 a      1672     0    56     1    22
  2.9479556098149904E+00 a      1673     0    56     1    23
 -2.1511151561013335E+00 a      1674     0    56     1    24
 -1.7927468029942778E-01 a      1675     0    56     1    25
  3.5069049594356683E+00 a      1676     0    56     1    26
  4.7620844510697791E-01 a      1677     0    56     1    27
  6.9012535844706047E-01 a      1678     0    56     1    28
  4.2617419153381695E+00 a      1679     0    56     1    29
  3.4357334185001522E+00 a      1680     0    56     1    30
  3.8754993148582502E+00 a      1681     0    57     1     1
  2.5544214959339123E-01 a      1682     0    57     1     2
 -2.5526064541453652E+00 a      1683     0    57     1     3
 -1.3277051257510850E+01 a      1684     0    57     1     4
  8.5373765288199455E-01 a      1685     0    57     1     5
 -2.9443564125935331E+00 a      1686     0    57     1     6
 -4.0378611894809913E+00 a      1687     0    57     1     7
 -1.1071103336576430E+01 a      1688     0    57     1     8
 -6.0329143447229807E+00 a      1689     0    57     1     9
 -1.8747794679963640E+01 a      1690     0    57     1    10
  6.0774914170801670E+00 a      1691     0    57     1    11
 -2.1377158627905892E+01 a      1692     0    57     1    12
 -1.8730748382135925E+01 a      1693     0    57     1    13
 -3.5831164716321628E-01 a      1694     0    57     1    14
  1.4020483030006932E+00 a      1695     0    57     1    15
 -7.2688944697372770E+00 a      1696     0    57     1    16
 -5.7159715482655020E+00 a      1697     0    57     1    17
 -8.4241652588137361E-01 a      1698     0    57     1    18
  3.4891664954012440E+00 a      1699     0    57     1    19
 -1.5196001232124125E+01 a      1700     0    57     1    20
  1.0742921723048662E+00 a      1701     0    57     1    21
 -6.7139989447113608E+00 a      1702     0    57     1    22
 -5.1609552996611185E+00 a      1703     0    57     1    23
 -6.1881734953494876E+00 a      1704     0    57     1    24
 -7.5703191429710586E+00 a      1705     0    57     1    25
  3.4439336940953513E+00 a      1706     0    57     1    26
  4.6887244888045299E+00 a      1707     0    57     1    27
  1.3849584666791884E+01 a      1708     0    57     1    28
  4.2345229263820894E+00 a      1709     0    57     1    29
  7.8955090022752428E+00 a      1710     0    57     1    30
 -7.4622644091699000E+00 a      1711     0    58     1     1
  9.0332368925688495E+00 a      1712     0    58     1     2
 -4.8656433493496118E+00 a      1713     0    58     1     3
 -1.4443916894347538E+01 a      1714     0    58     1     4
 -2.7254407016040531E+01 a      1715     0    58     1     5
  6.9141436938882954E+00 a      1716     0    58     1     6
 -8.7694317027477080E+00 a      1717     0    58     1     7
  1.1998488688170454E+01 a      1718     0    58     1     8
 -6.9228082024338597E+00 a      1719     0    58     1     9
 -1.6329479130841371E+01 a      1720     0    58     1    10
  7.4622322256998661E+00 a      1721     0    58     1    11
  4.8935568311550259E+00 a      1722     0    58     1    12
  3.6032848041958218E+01 a      1723     0    58     1    13
  1.4844880239880318E+01 a      1724     0    58     1    14
  3.0748905719396418E+00 a      1725     0    58     1    15
 -1.8338960200554599E+00 a      1726     0    58     1    16
 -6.1322574261397973E+00 a      1727     0    58     1    17
 -1.9114395011486831E+01 a      1728     0    58     1    18
  1.7281053537740135E+01 a      1729     0    58     1    19
  5.3018592089865004E+00 a      1730     0    58     1    20
  1.4853843454500375E+01 a      1731     0    58     1    21
 -1.8610529783094531E+01 a      1732     0    58     1    22
 -3.6696545255434434E+00 a      1733     0    58     1    23
 -4.3227915460344501E+00 a      1734     0    58     1    24
 -1.0693366811259317E+01 a      1735     0    58     1    25
 -1.2334559996962211E+01 a      1736     0    58     1    26
  7.4037564887872636E+00 a      1737     0    58     1    27
  1.6060915155059948E+01 a      1738     0    58     1    28
 -5.7185959169464171E+00 a      1739     0    58     1    29
 -2.7963086455619155E+01 a      1740     0    58     1    30
  1.0585801536735547E+01 a      1741     0    59     1     1
  7.4825783446255221E+00 a      1742     0    59     1     2
 -2.9705198571674321E+00 a      1743     0    59     1     3
 -1.9529588171299139E+00 a      1744     0    59     1     4
  9.1689755674218958E+00 a      1745     0    59     1     5
 -1.6701454006241693E+01 a      1746     0    59     1     6
 -4.1622008789898652E+00 a      1747     0    59     1     7
  3.8461792496631073E+00 a      1748     0    59     1     8
  1.4433739837363945E+01 a      1749     0    59     1     9
  2.2947036098058700E+01 a      1750     0    59     1    10
 -8.8543378211897696E+00 a      1751     0    59     1    11
 -2.1439052001668935E+00 a      1752     0    59     1    12
  4.1284073492752149E-01 a      1753     0    59     1    13
  2.2059598722717673E+00 a      1754     0    59     1    14
 -1.3604410958845664E+01 a      1755     0    59     1    15
 -6.5977575276627807E+00 a      1756     0    59     1    16
  5.3810631850271866E+00 a      1757     0    59     1    17
 -2.6672862830613710E+01 a      1758     0    59     1    18
 -4.0401789250784281E+00 a      1759     0    59     1    19
  3.5423325211531145E+00 a      1760     0    59     1    20
 -2.8605656567771467E+00 a      1761     0    59     1    21
  6.8045048531626513E+00 a      1762     0    59     1    22
  1.0514260925201324E+00 a      1763     0    59     1    23
  2.0628915133367909E+00 a      1764     0    59     1    24
 -1.0126382764464719E+01 a      1765     0    59     1    25
 -7.6968943479316509E+00 a      1766     0    59     1    26
 -4.3857960843003063E+00 a      1767     0    59     1    27
 -8.4388046222747555E+00 a      1768     0    59     1    28
 -7.3621245380380029E-01 a      1769     0    59     1    29
 -1.9044274685720165E+01 a      1770     0    59     1    30
 -8.7684741229201730E+00 a      1771     0    60     1     1
  1.2661109046090294E+01 a      1772     0    60     1     2
 -7.3280721895713858E+00 a      1773     0    60     1     3
 -6.4355429024633082E-01 a      1774     0    60     1     4
  5.6277932885601167E+00 a      1775     0    60     1     5
 -1.5448442009569161E+01 a      1776     0    60     1     6
  1.2054986264525031E+01 a      1777     0    60     1     7
  5.4846461139981608E+00 a      1778     0    60     1     8
  5.6341536423706149E+00 a      1779     0    60     1     9
  1.5820501176477295E+01 a      1780     0    60     1    10
  7.2517480126546090E+00 a      1781     0    60     1    11
  6.5177430540014063E+00 a      1782     0    60     1    12
 -7.4376281674243456E+00 a      1783     0    60     1    13
  1.2919727667360370E+00 a      1784     0    60     1    14
 -1.7042450453660006E+01 a      1785     0    60     1    15
 -1.0250823615506278E+01 a      1786     0    60     1    16
  6.2003732378686047E+00 a      1787     0    60     1    17
 -2.7558942241868067E+01 a      1788     0    60     1    18
  9.1925261291822178E+00 a      1789     0    60     1    19
  1.2757748416891022E+01 a      1790     0    60     1    20
  1.0532881918610750E+00 a      1791     0    60     1    21
  4.1172722724865292E+00 a      1792     0    60     1    22
  8.8277567624566355E+00 a      1793     0    60     1    23
 -2.5926369233308502E+00 a      1794     0    60     1    24
 -5.6810915080150384E+00 a      1795     0    60     1    25
  8.0719414631774977E-01 a      1796     0    60     1    26
 -2.0197037064494502E+01 a      1797     0    60     1    27
  6.4356219512798374E+00 a      1798     0    60     1    28
  9.5269688960728249E-01 a      1799     0    60     1    29
 -1.5086041113865761E+01 a      1800     0    60     1    30
  3.9273221322028635E+00 a      1801     0    61     1     1
  2.9333070740420837E+00 a      1802     0    61     1     2
  4.9697600901124384E+00 a      1803     0    61     1     3
  7.3758738347415758E+00 a      1804     0    61     1     4
  3.0002481985158376E+00 a      1805     0    61     1     5
 -1.1451583727117596E+01 a      1806     0    61     1     6
 -1.3542272614152375E+00 a      1807     0    61     1     7
 -4.3826913852534384E+00 a      1808     0    61     1     8
  6.1250988725989313E+00 a      1809     0    61     1     9
  2.0483936762325263E+00 a      1810     0    61     1    10
 -1.2924024690609004E+00 a      1811     0    61     1    11
 -4.8194969043818032E+00 a      1812     0    61     1    12
 -8.3009109235459011E-01 a      1813     0    61     1    13
 -8.8296876094706231E+00 a      1814     0    61     1    14
 -7.3378188733715515E+00 a      1815     0    61     1    15
  3.8955368174223000E+00 a      1816     0    61     1    16
 -1.1500903926684012E+01 a      1817     0    61     1    17
 -1.4518842933494646E+01 a      1818     0    61     1    18
  1.3722648753648132E+01 a      1819     0    61     1    19
 -3.2988519999165478E-01 a      1820     0    61     1    20
 -5.0816730645534864E+00 a      1821     0    61     1    21
  6.6140470468515140E+00 a      1822     0    61     1    22
  4.2421030390121999E+00 a      1823     0    61     1    23
 -7.7521578561076581E+00 a      1824     0    61     1    24
 -5.8917394108926917E+00 a      1825     0    61     1    25
  7.4275184603039914E+00 a      1826     0    61     1    26
 -1.5749104332860677E+00 a      1827     0    61     1    27
  3.5821391097168709E+00 a      1828     0    61     1    28
  1.2033258323316963E+01 a      1829     0    61     1    29
 -2.8347518646237231E+00 a      1830     0    61     1    30
 -3.2544678968356204E+00 a      1831     0    62     1     1
  1.1810830265585698E+01 a      1832     0    62     1     2
 -4.7567299066635407E+00 a      1833     0    62     1     3
 -1.2783954445519219E+01 a      1834     0    62     1     4
  1.5107800887943301E+00 a      1835     0    62     1     5
  4.3524538309072875E+00 a      1836     0    62     1     6
 -3.0848677330126235E+00 a      1837     0    62     1     7
  1.1778421180458999E+01 a      1838     0    62     1     8
 -5.5566329578235658E+00 a      1839     0    62     1     9
 -1.9595977629257493E+00 a      1840     0    62     1    10
 -1.0605525370694981E+01 a      1841     0    62     1    11
  1.8135769087542142E-01 a      1842     0    62     1    12
  9.2024729739529798E-01 a      1843     0    62     1    13
  4.9527777558813542E+00 a      1844     0    62     1    14
  1.0157888970486619E+01 a      1845     0    62     1    15
 -2.6752682266461276E+00 a      1846     0    62     1    16
  9.6137614621651792E+00 a      1847     0    62     1    17
  8.2525231923900471E+00 a      1848     0    62     1    18
 -1.1711213991235629E+01 a      1849     0    62     1    19
  5.5821896976184493E-01 a      1850     0    62     1    20
  1.0321133760637609E+01 a      1851     0    62     1    21
  3.9939736629620617E+00 a      1852     0    62     1    22
 -2.6957014507345960E+00 a      1853     0    62     1    23
  6.8105798781297358E+00 a      1854     0    62     1    24
  1.1510150249372471E+01 a      1855     0    62     1    25
 -1.0511047164375096E+01 a      1856     0    62     1    26
 -4.2372845482529380E+00 a      1857     0    62     1    27
  1.7342853223608876E+00 a      1858     0    62     1    28
 -3.6181587576301055E+00 a      1859     0    62     1    29
 -5.5206889269709967E+00 a      1860     0    62     1    30
 -1.4555640534080544E+01 a      1861     0    63     1     1
  7.8947290475533674E+00 a      1862     0    63     1     2
  2.6516270048927201E+01 a      1863     0    63     1     3
  6.7719646508371349E+00 a      1864     0    63     1     4
  6.2336403883356910E+00 a      1865     0    63     1     5
 -1.3522481740348036E+01 a      1866     0    63     1     6
 -1.0422131531992171E+01 a      1867     0    63     1     7
  1.2795235851703843E+01 a      1868     0    63     1     8
  4.8489444997341176E+00 a      1869     0    63     1     9
  5.3554926912423921E+00 a      1870     0    63     1    10
 -5.1242585698910554E+00 a      1871     0    63     1    11
  6.9378717790976285E-01 a      1872     0    63     1    12
  1.7279069175125407E+01 a      1873     0    63     1    13
 -8.2293291458221915E+00 a      1874     0    63     1    14
  1.2770127803624932E+01 a      1875     0    63     1    15
 -8.1312349456999247E+00 a      1876     0    63     1    16
 -4.2389292471369453E+00 a      1877     0    63     1    17
 -7.0415642865285148E+00 a      1878     0    63     1    18
  3.6832233672960824E+00 a      1879     0    63     1    19
 -4.5637046069653069E+00 a      1880     0    63     1    20
  6.2672523376968723E+00 a      1881     0    63     1    21
  9.3277663864258820E+00 a      1882     0    63     1    22
 -5.0271399091842710E+00 a      1883     0    63     1    23
  1.9332080514030120E-01 a      1884     0    63     1    24
 -3.8484673668400435E+00 a      1885     0    63     1    25
 -4.7224387595462485E+00 a      1886     0    63     1    26
  1.0916378234438440E+01 a      1887     0    63     1    27
 -9.5372667730529912E+00 a      1888     0    63     1    28
 -6.0339921294766097E-01 a      1889     0    63     1    29
  1.3481743530847421E+00 a      1890     0    63     1    30
 -7.9925243998573565E+00 a      1891     0    64     1     1
  4.3726580174423795E+00 a      1892     0    64     1     2
  3.1129760184202708E+00 a      1893     0    64     1     3
  7.0644178808166975E+00 a      1894     0    64     1     4
 -5.1958012589311533E+00 a      1895     0    64     1     5
 -8.1517849721050750E-01 a      1896     0    64     1     6
  1.1752086266939468E+01 a      1897     0    64     1     7
 -5.0005142384837491E+00 a      1898     0    64     1     8
  3.0630117311845724E+00 a      1899     0    64     1     9
  4.7442728270049894E+00 a      1900     0    64     1    10
  4.9824522047620361E+00 a      1901     0    64     1    11
  7.2606277104701693E+00 a      1902     0    64     1    12
  1.6714631853841835E+00 a      1903     0    64     1    13
 -3.5481151418920640E+00 a      1904     0    64     1    14
 -1.1079392269500287E+01 a      1905     0    64     1    15
 -7.9491955436849893E-01 a      1906     0    64     1    16
 -3.6825532915106920E+00 a      1907     0    64     1    17
 -7.2037637140847446E+00 a      1908     0    64     1    18
  1.3884960019332782E+00 a      1909     0    64     1    19
 -3.2928229386644581E-01 a      1910     0    64     1    20
  2.7193121203675714E+00 a      1911     0    64     1    21
 -4.2318151621957973E+00 a      1912     0    64     1    22
 -3.5130713383592616E+00 a      1913     0    64     1    23
 -2.3878590744781274E+00 a      1914     0    64     1    24
 -1.7760699487836402E+00 a      1915     0    64     1    25
  1.0567526319249854E+01 a      1916     0    64     1    26
  9.7137698839235509E-01 a      1917     0    64     1    27
 -2.1104489422048687E+00 a      1918     0    64     1    28
 -2.2022733055094590E+00 a      1919     0    64     1    29
  1.6875421313321561E+00 a      1920     0    64     1    30
 -3.6469051202146456E+00 b      1921     1     1
 -2.9339579750017672E+00 b      1922     1     2
 -3.5836350357885949E+00 b      1923     1     3
 -1.3502721718963946E+00 b      1924     1     4
  7.5424035037174419E-01 b      1925     1     5
 -1.5935802959177134E+00 b      1926     1     6
 -1.3071318270912318E+00 b      1927     1     7
  1.2988897625516118E+00 b      1928     1     8
 -1.9354914265789418E+00 b      1929     1     9
 -4.3015088289151251E+00 b      1930     1    10
  6.0987735100016993E-01 b      1931     1    11
 -1.9640421204855081E+00 b      1932     1    12
  4.6106133823193465E-02 b      1933     1    13
  1.1528369347396017E+00 b      1934     1    14
 -1.6483718658989605E-01 b      1935     1    15
  2.7146286020610089E-02 b      1936     1    16
 -2.5742225579613383E+00 b      1937     1    17
 -2.9435928892982943E+00 b      1938     1    18
  4.2450895484219292E-01 b      1939     1    19
 -2.1101496634619976E+00 b      1940     1    20
 -2.9757615959192227E+00 b      1941     1    21
 -3.5784544338918267E-01 b      1942     1    22
  1.2417884214710579E+00 b      1943     1    23
  5.2270878720585623E-01 b      1944     1    24
  1.2580168625589336E+00 b      1945     1    25
 -1.4931020804842432E-01 b      1946     1    26
 -7.2388830922718954E+00 b      1947     1    27
  1.6481886522722022E+00 b      1948     1    28
 -4.2650032916947134E-02 b      1949     1    29
 -3.0393365142246509E-01 b      1950     1    30
 -6.1082792628960558E-01 a      1951     1     1     2     1
  1.3175269564462713E+00 a      1952     1     1     2     2
  4.4560962627976636E-01 a      1953     1     1     2     3
  1.3605691536193796E+00 a      1954     1     1     2     4
  2.7432254455583305E-01 a      1955     1     1     2     5
 -2.5164488558677602E+00 a      1956     1     1     2     6
  2.9453934244956845E+00 a      1957     1     1     2     7
 -2.6173988001834347E+00 a      1958     1     1     2     8
  2.8951727554476423E+00 a      1959     1     1     2     9
 -6.2054989461491170E-02 a      1960     1     1     2    10
 -5.3282691911805058E-01 a      1961     1     1     2    11
 -1.2598293751600256E-01 a      1962     1     1     2    12
 -1.0920826385759443E+00 a      1963     1     1     2    13
 -1.6066689244571692E+00 a      1964     1     1     2    14
 -1.9697904285007975E-01 a      1965     1     1     2    15
 -1.5437851092874361E-01 a      1966     1     1     2    16
 -1.8182628345565188E+00 a      1967     1     1     2    17
  2.8132986743759952E-01 a      1968     1     1     2    18
 -1.0249351469510064E+00 a      1969     1     1     2    19
  5.6164192898644727E-01 a      1970     1     1     2    20
  8.9157959062567227E-01 a      1971     1     1     2    21
  1.0285610482354401E+00 a      1972     1     1     2    22
  8.4864884383422401E-01 a      1973     1     1     2    23
 -9.2771282047849568E-01 a      1974     1     1     2    24
  4.1052360017528500E-01 a      1975     1     1     2    25
  3.9003780418646980E-02 a      1976     1     1     2    26
 -2.0700244263189234E+00 a      1977     1     1     2    27
 -7.1897534322160039E+00 a      1978     1     1     2    28
  1.7022989193684346E+00 a      1979     1     1     2    29
 -4.2121034292951715E-01 a      1980     1     1     2    30
 -1.3366965591814721E+00 a      1981     1     2     2     1
  4.9466956183577848E-01 a      1982     1     2     2     2
 -7.9930784712802416E-01 a      1983     1     2     2     3
 -2.2405425477688487E-01 a      1984     1     2     2     4
  1.5564235032630827E-01 a      1985     1     2     2     5
  1.2459186649265184E+00 a      1986     1     2     2     6
  2.5309208669240751E-01 a      1987     1     2     2     7
  1.7841424412416779E-01 a      1988     1     2     2     8
  1.6233973235317123E+00 a      1989     1     2     2     9
 -3.4055865575959759E-01 a      1990     1     2     2    10
 -5.1307593717046662E-01 a      1991     1     2     2    11
 -2.0563923736992562E-01 a      1992     1     2     2    12
 -8.3772125592469204E-01 a      1993     1     2     2    13
 -2.9884949310462006E-01 a      1994     1     2     2    14
 -7.0597084924206499E-01 a      1995     1     2     2    15
 -5.7637764790659485E-01 a      1996     1     2     2    16
  1.7654964861165434E-01 a      1997     1     2     2    17
 -1.2291735895384504E+00 a      1998     1     2     2    18
 -2.3324650752418649E-01 a      1999     1     2     2    19
 -1.0649779234860934E+00 a      2000     1     2     2    20
  5.0851412506977733E-01 a      2001     1     2     2    21
 -7.6446445485568382E-01 a      2002     1     2     2    22
  9.5501206606319577E-01 a      2003     1     2     2    23
 -7.4318186219703064E-01 a      2004     1     2     2    24
 -1.8476012413407863E+00 a      2005     1     2     2    25
  9.9519990397860481E-01 a      2006     1     2     2    26
  5.7510744753994858E-01 a      2007     1     2     2    27
  4.1909209996854330E-01 a      2008     1     2     2    28
 -5.0106006367538231E-02 a      2009     1     2     2    29
  1.8799645123368409E+00 a      2010     1     2     2    30
  7.2513862972518450E-01 a      2011     1     3     2     1
 -3.9489669224759821E-01 a      2012     1     3     2     2
  4.9075219828123146E-01 a      2013     1     3     2     3
  1.9554236562739733E+00 a      2014     1     3     2     4
  2.0887231151572250E-01 a      2015     1     3     2     5
 -2.5905652344610708E-01 a      2016     1     3     2     6
  1.4140437564818151E+00 a      2017     1     3     2     7
  4.3234637537507785E+00 a      2018     1     3     2     8
 -1.4571325553348005E+00 a      2019     1     3     2     9
  2.7345325394945204E+00 a      2020     1     3     2    10
  4.7382146811117432E-01 a      2021     1     3     2    11
  7.3096606615302051E-01 a      2022     1     3     2    12
  6.7978988579805044E-01 a      2023     1     3     2    13
 -2.0314672047534637E+00 a      2024     1     3     2    14
 -2.0153815334757022E-01 a      2025     1     3     2    15
  2.3806821457075640E+00 a      2026     1     3     2    16
 -4.4115066918137313E-01 a      2027     1     3     2    17
 -3.1471265459660697E-01 a      2028     1     3     2    18
  3.0139864286509792E+00 a      2029     1     3     2    19
 -2.1591179399964946E+00 a      2030     1     3     2    20
 -8.4216349717930766E-02 a      2031     1     3     2    21
  1.1959181854330208E+00 a      2032     1     3     2    22
  2.3572392548580421E+00 a      2033     1     3     2    23
 -1.3612630792596786E-01 a      2034     1     3     2    24
 -4.5520214326834840E-01 a      2035     1     3     2    25
 -1.4720876197330307E-01 a      2036     1     3     2    26
 -3.1082795585297651E-01 a      2037     1     3     2    27
  1.2681886074844598E-01 a      2038     1     3     2    28
  7.1474313187827654E-01 a      2039     1     3     2    29
 -2.6297179089638417E-01 a      2040     1     3     2    30
 -1.7319554582803478E+00 a      2041     1     4     2     1
 -8.8860713189951623E-01 a      2042     1     4     2     2
  2.3895751311893459E-01 a      2043     1     4     2     3
  2.8571905404015129E-02 a      2044     1     4     2     4
 -1.5790110974727792E-01 a      2045     1     4     2     5
 -5.6361530356921685E-01 a      2046     1     4     2     6
 -2.1431602560355434E+00 a      2047     1     4     2     7
  3.5126585820037953E-01 a      2048     1     4     2     8
  2.0539067747432811E+00 a      2049     1     4     2     9
 -5.0824486830075899E-01 a      2050     1     4     2    10
  1.5253891722220012E+00 a      2051     1     4     2    11
 -1.3972764451971748E-01 a      2052     1     4     2    12
 -2.3388685697092115E+00 a      2053     1     4     2    13
  8.1167043222363544E-01 a      2054     1     4     2    14
  5.9953795597408421E-01 a      2055     1     4     2    15
 -6.3206395159827261E-02 a      2056     1     4     2    16
 -9.5433122480683130E-01 a      2057     1     4     2    17
 -3.2512125360752187E+00 a      2058     1     4     2    18
  9.6080754884929165E-01 a      2059     1     4     2    19
 -4.8257311541891119E-02 a      2060     1     4     2    20
 -1.6459275240228708E+00 a      2061     1     4     2    21
  1.1674862105664499E+00 a      2062     1     4     2    22
 -3.3108842656171383E-01 a      2063     1     4     2    23
 -1.5432206912572644E+00 a      2064     1     4     2    24
  1.1578877772492504E+00 a      2065     1     4     2    25
  1.3398399785707409E+00 a      2066     1     4     2    26
 -8.4764234763039381E-01 a      2067     1     4     2    27
 -1.0914606605845412E+00 a      2068     1     4     2    28
  7.9350746072211031E-01 a      2069     1     4     2    29
 -1.6355200595431693E-01 a      2070     1     4     2    30
 -1.2994806103477665E+00 a      2071     1     5     2     1
  8.0793888352987264E-01 a      2072     1     5     2     2
 -3.5253063643252325E-01 a      2073     1     5     2     3
 -2.4052774687537363E-02 a      2074     1     5     2     4
  6.2551483074516367E-01 a      2075     1     5     2     5
 -1.4580298795541730E-01 a      2076     1     5     2     6
  6.6888506658539060E-01 a      2077     1     5     2     7
 -1.0800495748195579E-01 a      2078     1     5     2     8
  7.2539983263913188E-01 a      2079     1     5     2     9
 -1.4347646369399110E+00 a      2080     1     5     2    10
  1.4155005765078690E+00 a      2081     1     5     2    11
 -9.1094763265202061E-01 a      2082     1     5     2    12
  3.2430117582854395E-01 a      2083     1     5     2    13
  1.9643572145145283E-01 a      2084     1     5     2    14
 -3.0031779288661881E-01 a      2085     1     5     2    15
 -7.2293789011109566E-01 a      2086     1     5     2    16
 -4.5592065914023544E-01 a      2087     1     5     2    17
 -1.2082541443606607E+00 a      2088     1     5     2    18
 -4.0336607527544593E-01 a      2089     1     5     2    19
  1.3784402028339668E+00 a      2090     1     5     2    20
 -5.8423548917708623E-01 a      2091     1     5     2    21
 -4.8438416738172246E-01 a      2092     1     5     2    22
  7.9023592089367301E-01 a      2093     1     5     2    23
  7.4931544981311504E-01 a      2094     1     5     2    24
  3.3707405494503323E-01 a      2095     1     5     2    25
  7.8365302127868508E-01 a      2096     1     5     2    26
  5.6361281360014337E-01 a      2097     1     5     2    27
 -3.4875814773827241E-01 a      2098     1     5     2    28
 -9.9276500895405384E-01 a      2099     1     5     2    29
 -2.2989020568864400E+00 a      2100     1     5     2    30
  1.9483386380806560E+00 a      2101     1     6     2     1
  1.7789265137111261E+00 a      2102     1     6     2     2
  1.6842914393058070E+00 a      2103     1     6     2     3
 -2.3209049430790754E+00 a      2104     1     6     2     4
  2.4563035388109206E-01 a      2105     1     6     2     5
 -8.6119821331542523E-01 a      2106     1     6     2     6
 -2.5549703427482999E+00 a      2107     1     6     2     7
 -1.5987263016774582E+00 a      2108     1     6     2     8
  1.1844094059217767E+00 a      2109     1     6     2     9
 -1.1633846891231664E-01 a      2110     1     6     2    10
  5.2269700310942846E-01 a      2111     1     6     2    11
 -1.1405538681061143E+00 a      2112     1     6     2    12
  3.1195476751973343E+00 a      2113     1     6     2    13
 -1.5228583330334655E+00 a      2114     1     6     2    14
  7.2883908812400278E-01 a      2115     1     6     2    15
  1.2892549107772167E+00 a      2116     1     6     2    16
  1.3784816668263838E-01 a      2117     1     6     2    17
  7.5568059302419455E-01 a      2118     1     6     2    18
 -7.7036851127476869E-01 a      2119     1     6     2    19
 -2.9530298736721319E-02 a      2120     1     6     2    20
 -2.3888544248630499E+00 a      2121     1     6     2    21
  2.2250998349615925E+00 a      2122     1     6     2    22
  9.8909893820827532E-01 a      2123     1     6     2    23
  1.0001750128176075E+00 a      2124     1     6     2    24
  2.3107842493414426E+00 a      2125     1     6     2    25
 -2.5967206765288497E-01 a      2126     1     6     2    26
  2.8303908343169888E+00 a      2127     1     6     2    27
  1.3245135353346380E+00 a      2128     1     6     2    28
 -1.3887916853883626E+00 a      2129     1     6     2    29
  8.7414365659734172E-01 a      2130     1     6     2    30
 -1.7492987828677835E+00 a      2131     1     7     2     1
  1.5661741698601290E+00 a      2132     1     7     2     2
  3.9548100344417481E-01 a      2133     1     7     2     3
 -1.5544155228372942E+00 a      2134     1     7     2     4
 -1.1926047481871875E-01 a      2135     1     7     2     5
 -1.3066102380635560E+00 a      2136     1     7     2     6
 -7.5873489195992128E-01 a      2137     1     7     2     7
 -3.3609012342937761E-01 a      2138     1     7     2     8
  1.3684669955156099E+00 a      2139     1     7     2     9
  2.7295341363346082E-01 a      2140     1     7     2    10
 -2.3520972613602704E+00 a      2141     1     7     2    11
 -1.8619352960534052E+00 a      2142     1     7     2    12
  5.9933983705032529E-02 a      2143     1     7     2    13
  9.5516320507059138E-01 a      2144     1     7     2    14
 -1.0269645328000339E+00 a      2145     1     7     2    15
  1.7363148849643653E-01 a      2146     1     7     2    16
 -3.7220799465518289E-01 a      2147     1     7     2    17
  9.5257566256830484E-01 a      2148     1     7     2    18
 -5.0364817662155670E-01 a      2149     1     7     2    19
 -7.8986600344673619E-01 a      2150     1     7     2    20
 -1.2200166298362443E+00 a      2151     1     7     2    21
  1.0393883685540904E-01 a      2152     1     7     2    22
 -4.7388748337184672E-01 a      2153     1     7     2    23
 -3.8142858394441914E-01 a      2154     1     7     2    24
 -6.1205067918392209E-01 a      2155     1     7     2    25
 -1.2458480131322696E+00 a      2156     1     7     2    26
  1.0429374811753218E+00 a      2157     1     7     2    27
 -1.2822361589805527E+00 a      2158     1     7     2    28
 -2.1171811028833876E-01 a      2159     1     7     2    29
 -1.9148538172070617E+00 a      2160     1     7     2    30
  1.4515239243142938E-01 a      2161     1     8     2     1
  5.8001407311300535E-01 a      2162     1     8     2     2
 -1.7915112471267247E-01 a      2163     1     8     2     3
 -8.6041522773441548E-01 a      2164     1     8     2     4
 -1.8407334329745095E+00 a      2165     1     8     2     5
 -1.3543725259557210E-01 a      2166     1     8     2     6
 -2.1454833996175399E-02 a      2167     1     8     2     7
  1.5360082981586454E+00 a      2168     1     8     2     8
 -1.7104415950436735E+00 a      2169     1     8     2     9
  7.6365737456712314E-04 a      2170     1     8     2    10
 -4.3055104054703819E-01 a      2171     1     8     2    11
 -4.7301577607471962E-01 a      2172     1     8     2    12
 -1.6414675390647063E-01 a      2173     1     8     2    13
  8.3292374053263407E-01 a      2174     1     8     2    14
  1.8746596357823693E+00 a      2175     1     8     2    15
 -4.2457552356106909E-01 a      2176     1     8     2    16
  5.6757004600590599E-01 a      2177     1     8     2    17
 -6.0654065524319678E-01 a      2178     1     8     2    18
  7.1650818149663642E-01 a      2179     1     8     2    19
  1.6236657320562092E-01 a      2180     1     8     2    20
 -4.0338981890585840E-01 a      2181     1     8     2    21
  2.9496102051254564E-01 a      2182     1     8     2    22
  1.4687502873709783E-02 a      2183     1     8     2    23
  1.1547817181751063E+00 a      2184     1     8     2    24
 -1.2294206290596064E+00 a      2185     1     8     2    25
  4.0355195367348456E-01 a      2186     1     8     2    26
  1.1381925118636016E-01 a      2187     1     8     2    27
  1.1817221874743220E+00 a      2188     1     8     2    28
  7.1261032712454320E-01 a      2189     1     8     2    29
 -1.0302308142419503E-01 a      2190     1     8     2    30
 -3.8582083970702036E-01 a      2191     1     9     2     1
 -1.4272492614949903E+00 a      2192     1     9     2     2
  1.7805938026049841E+00 a      2193     1     9     2     3
  2.5377885594931904E+00 a      2194     1     9     2     4
  2.9730227887063715E-01 a      2195     1     9     2     5
  1.3301317097805249E-01 a      2196     1     9     2     6
  2.6003384663283891E+00 a      2197     1     9     2     7
 -7.4835319873981399E-01 a      2198     1     9     2     8
  1.0760158792028152E+00 a      2199     1     9     2     9
  1.8126197403474449E+00 a      2200     1     9     2    10
  1.1586479251711719E+00 a      2201     1     9     2    11
  1.6479405142497228E+00 a      2202     1     9     2    12
  4.6292676998782705E+00 a      2203     1     9     2    13
  6.0777584855614597E-01 a      2204     1     9     2    14
  2.5221486268203880E-01 a      2205     1     9     2    15
  5.0597427306992926E-01 a      2206     1     9     2    16
  1.6695541158747413E+00 a      2207     1     9     2    17
 -5.4391276557655899E-01 a      2208     1     9     2    18
  1.5695186384070858E+00 a      2209     1     9     2    19
  1.9221629261570421E+00 a      2210     1     9     2    20
  1.3846900049407349E+00 a      2211     1     9     2    21
 -2.8484053091830858E-02 a      2212     1     9     2    22
  3.9566030977857838E-02 a      2213     1     9     2    23
  1.2947797870374571E+00 a      2214     1     9     2    24
  1.3324123215499817E+00 a      2215     1     9     2    25
 -1.6823853163737341E+00 a      2216     1     9     2    26
 -1.6818097985041962E+00 a      2217     1     9     2    27
  3.1590080039391255E-01 a      2218     1     9     2    28
 -1.7327527023731684E+00 a      2219     1     9     2    29
  1.5465153674516670E+00 a      2220     1     9     2    30
 -1.9377316272093612E-01 a      2221     1    10     2     1
 -1.7812916341404272E+00 a      2222     1    10     2     2
 -1.8187976700551580E+00 a      2223     1    10     2     3
  2.9264561319109288E+00 a      2224     1    10     2     4
  3.4474261748496871E-01 a      2225     1    10     2     5
  1.1320710549881676E+00 a      2226     1    10     2     6
  3.2259271657460760E+00 a      2227     1    10     2     7
 -8.3894460905975710E-01 a      2228     1    10     2     8
  8.1098782977073458E-01 a      2229     1    10     2     9
 -6.1520775793517479E-01 a      2230     1    10     2    10
 -1.2281436102278105E+00 a      2231     1    10     2    11
  2.5903960584956032E+00 a      2232     1    10     2    12
 -9.2496730161950502E-01 a      2233     1    10     2    13
  6.4850908760812342E-03 a      2234     1    10     2    14
  1.0971607665575535E-01 a      2235     1    10     2    15
 -7.9067343596205791E-02 a      2236     1    10     2    16
  2.5627655354027268E+00 a      2237     1    10     2    17
  5.6588970920715731E-01 a      2238     1    10     2    18
  1.1708531478511750E+00 a      2239     1    10     2    19
 -3.6704006345892348E-01 a      2240     1    10     2    20
 -1.2346444968803680E+00 a      2241     1    10     2    21
  7.9467184974096716E-02 a      2242     1    10     2    22
 -2.2286308242332580E+00 a      2243     1    10     2    23
 -1.8197741467520456E+00 a      2244     1    10     2    24
 -4.3830231025178590E-01 a      2245     1    10     2    25
  4.4769827686223296E-01 a      2246     1    10     2    26
  9.3697102550111722E-01 a      2247     1    10     2    27
  6.1107053375044951E-01 a      2248     1    10     2    28
 -3.2222510460559706E+00 a      2249     1    10     2    29
 -1.6775867180170196E+00 a      2250     1    10     2    30
  5.2208695614129663E-01 a      2251     1    11     2     1
 -8.6809414683109398E-01 a      2252     1    11     2     2
 -1.5003875680309235E+00 a      2253     1    11     2     3
 -2.1083505443825641E+00 a      2254     1    11     2     4
 -2.7009823235131671E+00 a      2255     1    11     2     5
 -6.3860812880551909E-01 a      2256     1    11     2     6
  1.9203170801067928E+00 a      2257     1    11     2     7
 -3.1453141676733876E-01 a      2258     1    11     2     8
 -2.6446662722268988E-01 a      2259     1    11     2     9
  1.2273014049329349E+00 a      2260     1    11     2    10
  4.8727014402679797E-01 a      2261     1    11     2    11
 -5.2950945978581784E-02 a      2262     1    11     2    12
 -1.9479623308766643E+00 a      2263     1    11     2    13
  8.3089755083642636E-01 a      2264     1    11     2    14
 -1.8097214930151533E+00 a      2265     1    11     2    15
 -4.3763997752357714E-01 a      2266     1    11     2    16
  8.0830125084083881E-01 a      2267     1    11     2    17
 -6.0296766048035710E-01 a      2268     1    11     2    18
 -2.5225333692598334E-01 a      2269     1    11     2    19
 -4.2464385719814185E-01 a      2270     1    11     2    20
 -1.3344868651688655E+00 a      2271     1    11     2    21
 -9.5609427911316458E-01 a      2272     1    11     2    22
 -1.5244147496617002E+00 a      2273     1    11     2    23
 -3.5527377518601522E-01 a      2274     1    11     2    24
 -1.8484616445906130E+00 a      2275     1    11     2    25
 -9.9701049866791597E-02 a      2276     1    11     2    26
 -1.6585844128951877E+00 a      2277     1    11     2    27
  7.6478986659855630E-01 a      2278     1    11     2    28
  2.2308828016143152E+00 a      2279     1    11     2    29
 -1.3807351234954441E+00 a      2280     1    11     2    30
  2.6767100201106631E-01 a      2281     1    12     2     1
  9.9922239365155185E-01 a      2282     1    12     2     2
 -1.6425517690448361E+00 a      2283     1    12     2     3
  9.6125105824066207E-04 a      2284     1    12     2     4
  5.2691673022773211E-01 a      2285     1    12     2     5
  1.9399403936292287E-01 a      2286     1    12     2     6
 -2.4764137450724144E+00 a      2287     1    12     2     7
 -3.8754596640838388E+00 a      2288     1    12     2     8
  1.7904866608093714E-01 a      2289     1    12     2     9
  1.0428569957933410E-01 a      2290     1    12     2    10
  1.3617039920060530E+00 a      2291     1    12     2    11
  4.1194390283716986E-01 a      2292     1    12     2    12
 -2.9226975716058421E+00 a      2293     1    12     2    13
  2.6601074593262899E+00 a      2294     1    12     2    14
  2.4681157401325184E+00 a      2295     1    12     2    15
  2.3574652555346209E-01 a      2296     1    12     2    16
  1.0413717703618639E+00 a      2297     1    12     2    17
  1.1609238942236060E+00 a      2298     1    12     2    18
 -3.8189973316546810E-01 a      2299     1    12     2    19
 -1.5110683253417416E+00 a      2300     1    12     2    20
  6.5428241481661475E-01 a      2301     1    12     2    21
  1.7824762179460176E+00 a      2302     1    12     2    22
  6.5218931348275266E-01 a      2303     1    12     2    23
  1.9947026857633203E+00 a      2304     1    12     2    24
  2.9526624524428682E+00 a      2305     1    12     2    25
 -1.5968981618269934E-01 a      2306     1    12     2    26
  5.9966496676495717E-01 a      2307     1    12     2    27
  4.9265201138919118E-01 a      2308     1    12     2    28
 -7.8763456656786124E-01 a      2309     1    12     2    29
 -2.6005338303615172E-01 a      2310     1    12     2    30
  6.3967567971895811E-01 a      2311     1    13     2     1
 -2.6961802037606715E+00 a      2312     1    13     2     2
  6.8498539910242906E-01 a      2313     1    13     2     3
  5.6110909585340474E-01 a      2314     1    13     2     4
 -2.5819256406763243E-02 a      2315     1    13     2     5
 -5.2959992553344559E-01 a      2316     1    13     2     6
 -5.9931676386695398E-01 a      2317     1    13     2     7
 -2.2417932105007559E+00 a      2318     1    13     2     8
 -1.3271515637599582E+00 a      2319     1    13     2     9
 -1.4297434353608323E+00 a      2320     1    13     2    10
 -1.5295268753488250E-01 a      2321     1    13     2    11
 -5.2415547279804464E-01 a      2322     1    13     2    12
  6.3448606694101906E-01 a      2323     1    13     2    13
  7.6379325768449713E-01 a      2324     1    13     2    14
  8.6571638487202215E-02 a      2325     1    13     2    15
  2.2900580492687730E-01 a      2326     1    13     2    16
  1.4487968816735632E+00 a      2327     1    13     2    17
  1.3096532277846398E-01 a      2328     1    13     2    18
 -5.8383967540024950E-01 a      2329     1    13     2    19
 -2.4068123693609325E+00 a      2330     1    13     2    20
 -3.3592561030889001E-01 a      2331     1    13     2    21
 -1.1996845041691855E+00 a      2332     1    13     2    22
  2.5776740199628712E-02 a      2333     1    13     2    23
  3.1986783713099537E-01 a      2334     1    13     2    24
 -7.4063864429284898E-01 a      2335     1    13     2    25
  8.0229817906450396E-01 a      2336     1    13     2    26
  7.7610801187941059E-01 a      2337     1    13     2    27
  2.1042974240439716E-02 a      2338     1    13     2    28
 -1.8289195776832479E+00 a      2339     1    13     2    29
  9.3147086461816853E-02 a      2340     1    13     2    30
 -5.5730909015509034E-01 a      2341     1    14     2     1
  3.7687894708208841E-01 a      2342     1    14     2     2
 -9.0614185201972244E-02 a      2343     1    14     2     3
 -3.2943999485600678E-01 a      2344     1    14     2     4
  2.5393028172447544E-02 a      2345     1    14     2     5
 -4.2670565043984893E-01 a      2346     1    14     2     6
 -3.1029940715753119E-02 a      2347     1    14     2     7
 -1.1618328388591608E+00 a      2348     1    14     2     8
 -3.2955162923526926E-01 a      2349     1    14     2     9
 -3.7345127040788295E-01 a      2350     1    14     2    10
  1.6013654065853555E+00 a      2351     1    14     2    11
  9.2726464146443865E-01 a      2352     1    14     2    12
 -7.1196321382933214E-01 a      2353     1    14     2    13
  1.8980639759503219E+00 a      2354     1    14     2    14
  2.2926367326820651E+00 a      2355     1    14     2    15
  8.5098312200702408E-02 a      2356     1    14     2    16
  6.9918208388215886E-01 a      2357     1    14     2    17
 -6.8593522291119158E-01 a      2358     1    14     2    18
  6.5828889452621131E-01 a      2359     1    14     2    19
  1.5150596870115107E+00 a      2360     1    14     2    20
 -4.7980099313401570E-01 a      2361     1    14     2    21
  8.9774053320160974E-01 a      2362     1    14     2    22
  6.9045730587206455E-01 a      2363     1    14     2    23
  5.7008221051230334E-01 a      2364     1    14     2    24
 -1.2025540243773070E+00 a      2365     1    14     2    25
 -7.7987148388304062E-01 a      2366     1    14     2    26
  3.1405938915334719E-01 a      2367     1    14     2    27
  4.4552688853469663E-01 a      2368     1    14     2    28
 -1.4502527277065740E+00 a      2369     1    14     2    29
  7.0378081544365434E-01 a      2370     1    14     2    30
  9.8626598320992742E-01 a      2371     1    15     2     1
  9.4882899957866995E-01 a      2372     1    15     2     2
 -4.9894352386293617E-01 a      2373     1    15     2     3
 -1.3206343582323736E+00 a      2374     1    15     2     4
  1.0171427492824450E+00 a      2375     1    15     2     5
 -4.2176837621743957E-01 a      2376     1    15     2     6
  2.8981235338993117E-01 a      2377     1    15     2     7
  1.4185204066954313E+00 a      2378     1    15     2     8
 -1.6749599185930367E-01 a      2379     1    15     2     9
  6.4790260972913505E-01 a      2380     1    15     2    10
  2.8378066990210615E-01 a      2381     1    15     2    11
 -2.8468139634116996E-01 a      2382     1    15     2    12
  1.5044602736732735E+00 a      2383     1    15     2    13
 -9.6215057725628772E-01 a      2384     1    15     2    14
 -1.8977233758799117E+00 a      2385     1    15     2    15
  1.2182296727649888E+00 a      2386     1    15     2    16
 -1.1706998382558489E+00 a      2387     1    15     2    17
 -1.3766364461824909E+00 a      2388     1    15     2    18
 -1.2485331859708821E+00 a      2389     1    15     2    19
  4.8789645921097974E-01 a      2390     1    15     2    20
  2.1332699554308288E-01 a      2391     1    15     2    21
 -1.5219783408570160E+00 a      2392     1    15     2    22
 -1.2505595822414968E+00 a      2393     1    15     2    23
 -2.1647242074902817E-01 a      2394     1    15     2    24
 -4.3952661183312020E-01 a      2395     1    15     2    25
 -1.4364532508324249E-01 a      2396     1    15     2    26
  7.9146601993177557E-01 a      2397     1    15     2    27
 -1.7512655722348709E+00 a      2398     1    15     2    28
  4.0247470827784575E+00 a      2399     1    15     2    29
 -1.2707548157818855E+00 a      2400     1    15     2    30
 -2.1485199462420090E+00 a      2401     1    16     2     1
  1.4084837932661473E-01 a      2402     1    16     2     2
 -8.6391106779637006E-01 a      2403     1    16     2     3
 -2.6440397405549612E+00 a      2404     1    16     2     4
 -1.0143862741952054E+00 a      2405     1    16     2     5
  1.2293672658148891E+00 a      2406     1    16     2     6
 -8.3872268591236121E-01 a      2407     1    16     2     7
  5.8323540261336571E-01 a      2408     1    16     2     8
 -7.8149931230308545E-01 a      2409     1    16     2     9
  5.4885034222195025E-02 a      2410     1    16     2    10
  8.7035515342866743E-01 a      2411     1    16     2    11
  4.8400472219634799E-01 a      2412     1    16     2    12
  2.1692625861318504E-01 a      2413     1    16     2    13
  1.6470923682133798E+00 a      2414     1    16     2    14
 -5.0064978170427599E-01 a      2415     1    16     2    15
 -2.2306382290896226E-01 a      2416     1    16     2    16
  3.1829662717888441E-01 a      2417     1    16     2    17
 -1.5956021573954409E+00 a      2418     1    16     2    18
  1.6357939597153737E+00 a      2419     1    16     2    19
 -3.1285185733578841E-01 a      2420     1    16     2    20
  5.5470458796594468E-01 a      2421     1    16     2    21
 -1.1747962300101522E+00 a      2422     1    16     2    22
  7.9237197333705683E-02 a      2423     1    16     2    23
 -7.5479129081416141E-01 a      2424     1    16     2    24
 -1.1865792775149266E+00 a      2425     1    16     2    25
  6.0454034166228410E-01 a      2426     1    16     2    26
 -1.1937290447144615E+00 a      2427     1    16     2    27
 -3.1283236871552629E+00 a      2428     1    16     2    28
 -1.6285736804033490E+00 a      2429     1    16     2    29
  1.3419666048100931E+00 a      2430     1    16     2    30
 -8.3748005648734047E-01 a      2431     1    17     2     1
  8.4042701719190693E-01 a      2432     1    17     2     2
  2.4313034501326888E-01 a      2433     1    17     2     3
 -1.0328129533098229E+00 a      2434     1    17     2     4
  2.1338022167330823E+00 a      2435     1    17     2     5
 -1.2211122934983900E+00 a      2436     1    17     2     6
 -1.9211085132674661E+00 a      2437     1    17     2     7
  1.0796697122184402E-01 a      2438     1    17     2     8
  8.0578912513698209E-01 a      2439     1    17     2     9
 -7.0831962327977993E-01 a      2440     1    17     2    10
  1.1250152304863865E+00 a      2441     1    17     2    11
 -1.7139171131883180E-01 a      2442     1    17     2    12
  1.2692500154537973E+00 a      2443     1    17     2    13
 -2.3089805928374879E-01 a      2444     1    17     2    14
 -1.9771213490483177E+00 a      2445     1    17     2    15
  2.5537632301014440E-01 a      2446     1    17     2    16
 -3.7959221580999325E-01 a      2447     1    17     2    17
  2.4900101454244955E-02 a      2448     1    17     2    18
 -7.9839546800006223E-01 a      2449     1    17     2    19
  5.7200011300493590E-02 a      2450     1    17     2    20
  1.2387898238417494E+00 a      2451     1    17     2    21
  2.2133720040652308E-01 a      2452     1    17     2    22
  1.4322229552013848E+00 a      2453     1    17     2    23
 -2.0089119305382468E+00 a      2454     1    17     2    24
  6.2398408753550860E-01 a      2455     1    17     2    25
  4.2445787058574452E-01 a      2456     1    17     2    26
 -1.4339789064698840E+00 a      2457     1    17     2    27
  8.6004916136137310E-01 a      2458     1    17     2    28
  1.7107245295814741E+00 a      2459     1    17     2    29
  2.5633264441283998E+00 a      2460     1    17     2    30
 -8.8401985006188988E-01 a      2461     1    18     2     1
  4.9386190386238937E-01 a      2462     1    18     2     2
  7.2468608842097743E-02 a      2463     1    18     2     3
 -2.2265341964822452E+00 a      2464     1    18     2     4
  4.0283614540218132E-01 a      2465     1    18     2     5
  5.8578000336908032E-01 a      2466     1    18     2     6
  6.7285505402155577E-01 a      2467     1    18     2     7
  5.1316507407637046E-01 a      2468     1    18     2     8
 -1.3178075307624200E+00 a      2469     1    18     2     9
 -9.1952924032066352E-01 a      2470     1    18     2    10
 -2.3210806085800173E+00 a      2471     1    18     2    11
 -7.9449902882182200E-01 a      2472     1    18     2    12
  1.6850213775062879E+00 a      2473     1    18     2    13
  2.3769210966687979E-01 a      2474     1    18     2    14
  1.1792922221398399E+00 a      2475     1    18     2    15
 -1.0788391393549734E+00 a      2476     1    18     2    16
 -1.1226064095546713E+00 a      2477     1    18     2    17
 -1.7630115552257389E-01 a      2478     1    18     2    18
 -3.3460176036330014E-01 a      2479     1    18     2    19
  1.1753341182380437E+00 a      2480     1    18     2    20
 -3.1219320790687476E-02 a      2481     1    18     2    21
  3.0694384401008676E+00 a      2482     1    18     2    22
  2.3147220500790442E+00 a      2483     1    18     2    23
  3.1446052275568437E-01 a      2484     1    18     2    24
 -1.3152486792987479E+00 a      2485     1    18     2    25
  5.9195792291398874E-01 a      2486     1    18     2    26
 -1.0121616114450004E-01 a      2487     1    18     2    27
  2.3089376206700711E+00 a      2488     1    18     2    28
 -2.4944451792956128E+00 a      2489     1    18     2    29
 -6.0397670384374422E-02 a      2490     1    18     2    30
  4.4117502301144268E-01 a      2491     1    19     2     1
  1.8260563934122909E-01 a      2492     1    19     2     2
  6.6022854926047014E-01 a      2493     1    19     2     3
  6.4733492188972552E-01 a      2494     1    19     2     4
 -2.8626739618998731E-01 a      2495     1    19     2     5
  8.4199439769851703E-01 a      2496     1    19     2     6
 -3.2011401369093767E-01 a      2497     1    19     2     7
 -1.1900939404003146E+00 a      2498     1    19     2     8
  9.5630061595436411E-02 a      2499     1    19     2     9
  1.0085354538902580E+00 a      2500     1    19     2    10
  3.2498595789084841E+00 a      2501     1    19     2    11
  4.9605984170259809E-01 a      2502     1    19     2    12
 -1.4205908296666390E+00 a      2503     1    19     2    13
  4.5908503754041380E-01 a      2504     1    19     2    14
  1.0364751758214350E+00 a      2505     1    19     2    15
  4.5467248545746136E-01 a      2506     1    19     2    16
  6.9185793333248968E-01 a      2507     1    19     2    17
 -4.0824037059571844E-01 a      2508     1    19     2    18
  9.0975394231411810E-01 a      2509     1    19     2    19
  6.4459732427652849E-01 a      2510     1    19     2    20
 -1.6847758199392260E-01 a      2511     1    19     2    21
  4.6683887212401010E-01 a      2512     1    19     2    22
  1.4564283760228858E+00 a      2513     1    19     2    23
 -8.2791346230344043E-01 a      2514     1    19     2    24
 -1.6311995678746426E-03 a      2515     1    19     2    25
  2.3242462388848398E-01 a      2516     1    19     2    26
 -4.9204668983377838E-02 a      2517     1    19     2    27
  1.4953812090766802E-01 a      2518     1    19     2    28
 -1.0089870378981619E-01 a      2519     1    19     2    29
 -1.0402579831030887E+00 a      2520     1    19     2    30
  8.6863604544038187E-02 a      2521     1    20     2     1
 -3.4218675374925045E-01 a      2522     1    20     2     2
 -1.4612765398569591E-01 a      2523     1    20     2     3
  6.2270971310739653E-01 a      2524     1    20     2     4
  1.0394668740721676E-01 a      2525     1    20     2     5
 -1.4704979732019492E+00 a      2526     1    20     2     6
  4.2174067566002599E-01 a      2527     1    20     2     7
  1.6020127676782288E+00 a      2528     1    20     2     8
  1.2858395514998572E-01 a      2529     1    20     2     9
  5.6162910183955062E-01 a      2530     1    20     2    10
 -1.3581999056553034E+00 a      2531     1    20     2    11
  8.0182883122900650E-01 a      2532     1    20     2    12
 -7.2459474304516014E-01 a      2533     1    20     2    13
  4.1986694980062894E-01 a      2534     1    20     2    14
  3.1772532998080083E-01 a      2535     1    20     2    15
 -3.1246374895524714E-01 a      2536     1    20     2    16
  2.1505033099899384E-01 a      2537     1    20     2    17
  1.9981089168292673E-01 a      2538     1    20     2    18
  8.6871156915498682E-01 a      2539     1    20     2    19
 -1.7376259499287290E+00 a      2540     1    20     2    20
  1.3483053279386929E-02 a      2541     1    20     2    21
  3.0984706916398858E-01 a      2542     1    20     2    22
  9.5384437587080495E-01 a      2543     1    20     2    23
  1.0351992301305128E+00 a      2544     1    20     2    24
 -1.0243408036798109E-01 a      2545     1    20     2    25
 -1.2309443209216964E-01 a      2546     1    20     2    26
  6.7090459714211359E-01 a      2547     1    20     2    27
  5.4601676466889504E-01 a      2548     1    20     2    28
 -2.1022773627997036E+00 a      2549     1    20     2    29
  1.4010506963401863E+00 a      2550     1    20     2    30
 -5.9186519599614273E-01 a      2551     1    21     2     1
 -1.1112265799755590E+00 a      2552     1    21     2     2
 -5.7588747982128929E-01 a      2553     1    21     2     3
  1.0319047800636363E+00 a      2554     1    21     2     4
  2.6037332520735373E-01 a      2555     1    21     2     5
 -1.0580347035781554E+00 a      2556     1    21     2     6
 -1.3842566996228851E+00 a      2557     1    21     2     7
 -8.0920908068263508E-01 a      2558     1    21     2     8
 -1.2744958265376276E+00 a      2559     1    21     2     9
 -1.7374520838862939E+00 a      2560     1    21     2    10
  7.0418236873663920E-01 a      2561     1    21     2    11
 -9.7398694667522309E-02 a      2562     1    21     2    12
  7.0551259191816840E-01 a      2563     1    21     2    13
 -2.6836119007742287E-01 a      2564     1    21     2    14
 -4.2125215861217857E-01 a      2565     1    21     2    15
 -6.3053265650149248E-01 a      2566     1    21     2    16
 -1.1578777851889845E+00 a      2567     1    21     2    17
 -4.4420339028987738E-01 a      2568     1    21     2    18
  4.2344265921627317E-01 a      2569     1    21     2    19
 -9.3888050932483358E-01 a      2570     1    21     2    20
 -2.2327145841540160E-02 a      2571     1    21     2    21
 -1.8661565519135288E+00 a      2572     1    21     2    22
 -3.4392867868064605E+00 a      2573     1    21     2    23
  5.5698884104017632E-01 a      2574     1    21     2    24
  1.4539117088774041E+00 a      2575     1    21     2    25
 -7.2504710819597462E-01 a      2576     1    21     2    26
  3.9794100317118308E-01 a      2577     1    21     2    27
 -8.9315219817085423E-01 a      2578     1    21     2    28
 -7.5255296227677104E-01 a      2579     1    21     2    29
 -9.2268540161400947E-01 a      2580     1    21     2    30
  5.9568151267779057E-03 a      2581     1    22     2     1
  1.5354369582852545E+00 a      2582     1    22     2     2
  1.3715981477045336E-01 a      2583     1    22     2     3
 -5.3074866465943069E+00 a      2584     1    22     2     4
 -1.3842208158000052E-01 a      2585     1    22     2     5
  4.0350299399448541E-01 a      2586     1    22     2     6
 -8.3795163212299240E-01 a      2587     1    22     2     7
  1.6307006842592089E-03 a      2588     1    22     2     8
 -2.2032003249744039E-01 a      2589     1    22     2     9
 -9.4411450611453535E-02 a      2590     1    22     2    10
  9.0496500674192104E-01 a      2591     1    22     2    11
 -1.0352676611159883E+00 a      2592     1    22     2    12
 -3.6687800348155952E+00 a      2593     1    22     2    13
  6.1115427260986965E-01 a      2594     1    22     2    14
 -9.6479635861185831E-01 a      2595     1    22     2    15
 -5.2662858610103391E-01 a      2596     1    22     2    16
 -2.1974378568853328E+00 a      2597     1    22     2    17
 -1.4918461280712636E-01 a      2598     1    22     2    18
 -1.8935792119473409E+00 a      2599     1    22     2    19
 -3.5066014426347007E+00 a      2600     1    22     2    20
  4.8882617800305184E-01 a      2601     1    22     2    21
 -7.3130237684569743E-01 a      2602     1    22     2    22
 -8.5103091661346508E-01 a      2603     1    22     2    23
 -1.4747688157131660E+00 a      2604     1    22     2    24
 -2.3511379529920102E+00 a      2605     1    22     2    25
 -1.9234719453125507E-01 a      2606     1    22     2    26
 -7.4222518014234717E-01 a      2607     1    22     2    27
  2.5901114324043745E-01 a      2608     1    22     2    28
  4.7352464716996678E-01 a      2609     1    22     2    29
 -5.4632039401611465E-01 a      2610     1    22     2    30
  4.4634361502738046E-01 a      2611     1    23     2     1
  1.8616501717706133E+00 a      2612     1    23     2     2
  4.6879145449109277E-01 a      2613     1    23     2     3
 -2.0303293492052776E+00 a      2614     1    23     2     4
  1.1690239066978170E+00 a      2615     1    23     2     5
 -2.7041657690786064E-01 a      2616     1    23     2     6
 -4.2471923164910402E-01 a      2617     1    23     2     7
 -2.1711351931553216E+00 a      2618     1    23     2     8
 -2.0535312175347982E+00 a      2619     1    23     2     9
  3.4986502772464895E-01 a      2620     1    23     2    10
  1.2745992668714217E+00 a      2621     1    23     2    11
 -2.7415480688855265E-01 a      2622     1    23     2    12
  1.8683130629884809E-01 a      2623     1    23     2    13
 -5.0214720995365092E-01 a      2624     1    23     2    14
 -9.5152532656330524E-01 a      2625     1    23     2    15
  1.4470886577333361E-01 a      2626     1    23     2    16
 -1.3532866375468753E+00 a      2627     1    23     2    17
  1.1352635767569772E+00 a      2628     1    23     2    18
 -1.9755889752096967E-01 a      2629     1    23     2    19
  2.8499090698591634E-01 a      2630     1    23     2    20
  8.5236911891556755E-01 a      2631     1    23     2    21
  7.7452585163632448E-01 a      2632     1    23     2    22
  1.9943494030651379E+00 a      2633     1    23     2    23
 -9.7694239478951517E-01 a      2634     1    23     2    24
  1.1360398010781056E+00 a      2635     1    23     2    25
 -2.6282271613204217E-01 a      2636     1    23     2    26
 -7.2629422799655641E-01 a      2637     1    23     2    27
 -1.8814647563993663E+00 a      2638     1    23     2    28
 -7.1844530117038659E+00 a      2639     1    23     2    29
 -1.1841604727842220E-01 a      2640     1    23     2    30
  1.6750457047614289E+00 a      2641     1    24     2     1
 -1.4575988066547936E+00 a      2642     1    24     2     2
  4.4800629186211083E-01 a      2643     1    24     2     3
  1.2331612919066983E+00 a      2644     1    24     2     4
  1.2339678973512695E+00 a      2645     1    24     2     5
  2.6461185891063308E-02 a      2646     1    24     2     6
 -2.2836443463563802E-01 a      2647     1    24     2     7
  2.4181054698572351E+00 a      2648     1    24     2     8
 -1.2754498212964800E+00 a      2649     1    24     2     9
  6.5681822044688953E-01 a      2650     1    24     2    10
 -1.6667558773584275E+00 a      2651     1    24     2    11
  5.8172606931134518E-01 a      2652     1    24     2    12
 -7.2314062425939296E-01 a      2653     1    24     2    13
  2.4563835825073377E-02 a      2654     1    24     2    14
  9.6310712695662870E-01 a      2655     1    24     2    15
 -1.6407809387295200E-01 a      2656     1    24     2    16
  8.5365936982340307E-01 a      2657     1    24     2    17
 -4.8678256124945746E-01 a      2658     1    24     2    18
  5.8326146174796889E-01 a      2659     1    24     2    19
  2.4500187922602725E+00 a      2660     1    24     2    20
 -5.7605051292377196E-01 a      2661     1    24     2    21
 -8.8749318515992415E-01 a      2662     1    24     2    22
 -2.3678574746497674E+00 a      2663     1    24     2    23
  1.5258028315512009E+00 a      2664     1    24     2    24
  1.1282292230201887E+00 a      2665     1    24     2    25
  3.9121100397417607E-01 a      2666     1    24     2    26
  2.0102155923532492E+00 a      2667     1    24     2    27
  2.3294297599185565E-01 a      2668     1    24     2    28
  5.5860719960903826E-01 a      2669     1    24     2    29
 -4.3619152369221442E-01 a      2670     1    24     2    30
  1.3590586039098000E+00 a      2671     1    25     2     1
 -6.5078514127195819E-01 a      2672     1    25     2     2
  9.0228642169069129E-01 a      2673     1    25     2     3
  3.3981109835429217E+00 a      2674     1    25     2     4
 -1.0173615340429956E+00 a      2675     1    25     2     5
 -3.4105293147198637E-02 a      2676     1    25     2     6
  7.3974651715355633E-01 a      2677     1    25     2     7
 -1.7414700606980724E+00 a      2678     1    25     2     8
  1.0646112225222952E+00 a      2679     1    25     2     9
 -4.1159144193076386E-01 a      2680     1    25     2    10
 -1.3777360622191439E+00 a      2681     1    25     2    11
  1.2991747381120877E+00 a      2682     1    25     2    12
 -1.6673351041604301E+00 a      2683     1    25     2    13
 -1.7891720314551160E-01 a      2684     1    25     2    14
 -4.0270472691952691E-01 a      2685     1    25     2    15
 -6.2328303199772606E-01 a      2686     1    25     2    16
  6.9580995736135764E-01 a      2687     1    25     2    17
  4.6683812507947509E-01 a      2688     1    25     2    18
  6.8624679663880239E-01 a      2689     1    25     2    19
  2.9961312806843188E-01 a      2690     1    25     2    20
  7.3933920440199419E-01 a      2691     1    25     2    21
  1.1396345787288828E-01 a      2692     1    25     2    22
 -2.4103538918316141E+00 a      2693     1    25     2    23
 -1.2031510512713857E-01 a      2694     1    25     2    24
 -2.8113180286991696E-01 a      2695     1    25     2    25
 -1.0641435041355536E+00 a      2696     1    25     2    26
 -2.0372081452164199E-02 a      2697     1    25     2    27
 -1.9571278342565410E+00 a      2698     1    25     2    28
  4.9494839979868277E-01 a      2699     1    25     2    29
 -1.8267448827945443E+00 a      2700     1    25     2    30
  5.8695277740767560E-01 a      2701     1    26     2     1
 -2.2165601664169490E+00 a      2702     1    26     2     2
  1.1860051779160910E-01 a      2703     1    26     2     3
  2.9585593787388538E+00 a      2704     1    26     2     4
 -1.3332599896536548E+00 a      2705     1    26     2     5
  1.7133162346306214E+00 a      2706     1    26     2     6
 -9.7886210727497902E-01 a      2707     1    26     2     7
  1.7882377792089699E-01 a      2708     1    26     2     8
 -1.4055431960176841E+00 a      2709     1    26     2     9
 -1.4354834646660179E+00 a      2710     1    26     2    10
  2.6130097715172882E+00 a      2711     1    26     2    11
  2.8597875812774026E-01 a      2712     1    26     2    12
 -6.2889968560197407E-01 a      2713     1    26     2    13
  1.0764112759490077E+00 a      2714     1    26     2    14
  2.4661964585898863E-01 a      2715     1    26     2    15
 -3.1468476352311335E-02 a      2716     1    26     2    16
  1.9350998860125561E+00 a      2717     1    26     2    17
 -5.3673316616473954E-01 a      2718     1    26     2    18
  7.4605518629217313E-02 a      2719     1    26     2    19
  1.3652155495921183E+00 a      2720     1    26     2    20
  4.3413143190726455E-01 a      2721     1    26     2    21
 -8.6446293073699254E-01 a      2722     1    26     2    22
 -1.8715562006570481E+00 a      2723     1    26     2    23
 -6.8058743085561479E-01 a      2724     1    26     2    24
  8.0188985397278245E-01 a      2725     1    26     2    25
 -2.7110648925363429E-02 a      2726     1    26     2    26
 -5.2525064269107258E-01 a      2727     1    26     2    27
  8.3784288449598510E-01 a      2728     1    26     2    28
  3.5334075354391781E-01 a      2729     1    26     2    29
 -1.3677474022150107E+00 a      2730     1    26     2    30
  8.0437929321671675E-01 a      2731     1    27     2     1
  5.5882184228197129E-01 a      2732     1    27     2     2
 -6.0462451861370425E-01 a      2733     1    27     2     3
 -8.5644039802069549E-01 a      2734     1    27     2     4
 -6.6624986018078439E-02 a      2735     1    27     2     5
 -2.0802831258453978E+00 a      2736     1    27     2     6
  1.4045036461398647E-01 a      2737     1    27     2     7
 -5.7451929126295331E-01 a      2738     1    27     2     8
  2.5939929141772849E-01 a      2739     1    27     2     9
 -1.2336416309656691E-01 a      2740     1    27     2    10
  2.4329220886740668E-01 a      2741     1    27     2    11
 -7.9091612916598875E-01 a      2742     1    27     2    12
  9.0669769125261357E-01 a      2743     1    27     2    13
 -4.3679131512174041E-01 a      2744     1    27     2    14
 -2.0406489441169437E-01 a      2745     1    27     2    15
 -7.6110085349075884E-01 a      2746     1    27     2    16
 -2.9017389805137728E-01 a      2747     1    27     2    17
  1.3460298397775106E-01 a      2748     1    27     2    18
 -2.6613536065972476E+00 a      2749     1    27     2    19
  1.3730629093822666E+00 a      2750     1    27     2    20
 -4.1407119188848773E-01 a      2751     1    27     2    21
 -6.3412368317142631E-01 a      2752     1    27     2    22
  1.6430559513465262E+00 a      2753     1    27     2    23
  9.5181777248012078E-02 a      2754     1    27     2    24
  8.0997368513590706E-01 a      2755     1    27     2    25
 -3.2201172486018015E-01 a      2756     1    27     2    26
  2.5548452010827905E-01 a      2757     1    27     2    27
  7.6531788428596970E-01 a      2758     1    27     2    28
 -1.0745851823038877E+00 a      2759     1    27     2    29
  1.0434088650846065E+00 a      2760     1    27     2    30
  1.1779537519221506E+00 a      2761     1    28     2     1
 -5.2125713288223452E-01 a      2762     1    28     2     2
 -9.9485027828420447E-01 a      2763     1    28     2     3
  1.2449847667084664E+00 a      2764     1    28     2     4
  5.4232557641453427E-01 a      2765     1    28     2     5
  2.2490207356532488E-01 a      2766     1    28     2     6
 -8.6660920601999669E-01 a      2767     1    28     2     7
 -2.0918083933954983E+00 a      2768     1    28     2     8
  1.9315324984265184E-01 a      2769     1    28     2     9
 -9.2470900421321522E-01 a      2770     1    28     2    10
 -1.4664247559984449E+00 a      2771     1    28     2    11
  1.7791285421412983E-01 a      2772     1    28     2    12
  1.7832359324379561E+00 a      2773     1    28     2    13
 -2.0497967210654799E+00 a      2774     1    28     2    14
 -1.3370033848272758E+00 a      2775     1    28     2    15
  2.9538312240063358E-01 a      2776     1    28     2    16
 -2.6513394203564522E-01 a      2777     1    28     2    17
 -7.1713960768184259E-01 a      2778     1    28     2    18
 -7.4558061608788284E-01 a      2779     1    28     2    19
  8.8885991224039129E-01 a      2780     1    28     2    20
  6.3974463625002642E-01 a      2781     1    28     2    21
 -1.1929890293742864E+00 a      2782     1    28     2    22
 -4.1598992990774331E-01 a      2783     1    28     2    23
 -1.6029447313658662E+00 a      2784     1    28     2    24
  1.1678280986875584E+00 a      2785     1    28     2    25
 -1.0532652277055086E+00 a      2786     1    28     2    26
  2.5494755473627695E-01 a      2787     1    28     2    27
 -8.4087316340656559E-01 a      2788     1    28     2    28
 -5.1225992638751250E-01 a      2789     1    28     2    29
 -6.6937218691645661E-01 a      2790     1    28     2    30
 -4.1703331580033298E-01 a      2791     1    29     2     1
 -1.4570759885739870E+00 a      2792     1    29     2     2
  3.7453763682324848E-01 a      2793     1    29     2     3
  4.3628485775219272E-01 a      2794     1    29     2     4
  7.5730545451657039E-01 a      2795     1    29     2     5
  1.9855929675123092E+00 a      2796     1    29     2     6
  1.2288947623444726E-01 a      2797     1    29     2     7
 -4.8688509256325316E+00 a      2798     1    29     2     8
 -2.2934327635835411E-01 a      2799     1    29     2     9
 -2.0826497539394455E+00 a      2800     1    29     2    10
  1.7199823231253044E+00 a      2801     1    29     2    11
 -7.1299938791692274E-01 a      2802     1    29     2    12
 -3.0650178685168523E+00 a      2803     1    29     2    13
 -1.5459917953661755E+00 a      2804     1    29     2    14
 -7.8727565128584576E-01 a      2805     1    29     2    15
 -1.3749788277151143E-01 a      2806     1    29     2    16
 -9.0363553811270336E-01 a      2807     1    29     2    17
 -6.7919909620099173E-01 a      2808     1    29     2    18
  4.6829153517182343E-01 a      2809     1    29     2    19
 -1.1144224646190302E+00 a      2810     1    29     2    20
  1.1876633517360152E-01 a      2811     1    29     2    21
  6.1017446731864777E-01 a      2812     1    29     2    22
 -1.5269524518097122E+00 a      2813     1    29     2    23
 -9.8835486394363614E-01 a      2814     1    29     2    24
 -1.4256271271050844E-01 a      2815     1    29     2    25
 -3.6653478135562212E-01 a      2816     1    29     2    26
  1.8758006117586690E-01 a      2817     1    29     2    27
 -1.8175345006587553E+00 a      2818     1    29     2    28
 -3.4667498424475363E+00 a      2819     1    29     2    29
  1.2942883232511322E+00 a      2820     1    29     2    30
 -4.4009628830508762E-01 a      2821     1    30     2     1
  9.5225491686740604E-01 a      2822     1    30     2     2
  3.4905587176972663E-01 a      2823     1    30     2     3
  2.1607914105957624E+00 a      2824     1    30     2     4
  2.1199763588070428E-01 a      2825     1    30     2     5
  3.4361932858862559E-01 a      2826     1    30     2     6
  4.2319994589375143E-01 a      2827     1    30     2     7
 -7.7973946391997018E-01 a      2828     1    30     2     8
  3.8583026095330714E-01 a      2829     1    30     2     9
 -1.1818696120749843E+00 a      2830     1    30     2    10
  1.2906832578779101E-01 a      2831     1    30     2    11
  4.7720921770955232E-01 a      2832     1    30     2    12
  1.3227339919024120E-01 a      2833     1    30     2    13
 -6.8704925547587459E-01 a      2834     1    30     2    14
  7.2059699246723785E-02 a      2835     1    30     2    15
 -4.5346550596747620E-01 a      2836     1    30     2    16
 -4.8428193329954311E-01 a      2837     1    30     2    17
 -6.6343134810106074E-03 a      2838     1    30     2    18
  1.6202036234494014E-02 a      2839     1    30     2    19
 -3.8088601876130967E-01 a      2840     1    30     2    20
 -6.6827694871590737E-02 a      2841     1    30     2    21
  2.7463698788457380E-01 a      2842     1    30     2    22
  1.5478885917443010E+00 a      2843     1    30     2    23
 -1.9867449980653262E-01 a      2844     1    30     2    24
  1.5767429389769902E+00 a      2845     1    30     2    25
  1.1325410465654583E-01 a      2846     1    30     2    26
 -1.9908341267025237E-01 a      2847     1    30     2    27
 -4.1856519483351878E-01 a      2848     1    30     2    28
  8.2939839997883569E-01 a      2849     1    30     2    29
  1.5873809321317096E+00 a      2850     1    30     2    30
  4.4276342395710333E-01 b      2851     2     1
  3.0470653994148624E+00 b      2852     2     2
 -2.0340417250865568E+00 b      2853     2     3
 -4.6533899619174486E+00 b      2854     2     4
 -5.0606602554399771E-01 b      2855     2     5
  2.6498450798153521E+00 b      2856     2     6
  1.8260615298181824E+00 b      2857     2     7
  1.0642711838328006E+01 b      2858     2     8
 -4.4133743978411832E+00 b      2859     2     9
  2.4428623998666161E+00 b      2860     2    10
 -1.1057236934092771E+01 b      2861     2    11
  7.7545520640980914E-02 b      2862     2    12
  4.1030775395369243E+00 b      2863     2    13
  4.8958034228050468E-01 b      2864     2    14
 -2.2328015748222114E+00 b      2865     2    15
  5.7144034111060806E+00 b      2866     2    16
 -3.3553202154375099E+00 b      2867     2    17
 -8.3720963361636813E-01 b      2868     2    18
  1.2509666753573883E+00 b      2869     2    19
 -1.5427713546875665E+00 b      2870     2    20
  5.3736138547729695E-01 b      2871     2    21
  3.9338972922239441E+00 b      2872     2    22
  3.7640028374361373E-01 b      2873     2    23
  5.7166290168344478E+00 b      2874     2    24
 -1.9885019417432800E-01 b      2875     2    25
  1.6792793983411034E+00 b      2876     2    26
 -1.2708307131963932E+00 b      2877     2    27
  2.1944743961081037E+00 b      2878     2    28
  4.9764062070155379E+00 b      2879     2    29
  2.8669371322469863E+00 b      2880     2    30
 -8.9419761964664599E-02 a      2881     2     1     3     1
  7.9825535752551212E-03 a      2882     2     2     3     1
  1.0643076586634488E-01 a      2883     2     3     3     1
 -1.7819726646987017E-02 a      2884     2     4     3     1
  1.1798108673195623E-01 a      2885     2     5     3     1
 -9.6086752905650191E-02 a      2886     2     6     3     1
  2.9423558055723581E-02 a      2887     2     7     3     1
  1.1433004653621483E-02 a      2888     2     8     3     1
 -1.1622960008125306E-01 a      2889     2     9     3     1
  1.9469056686394559E-01 a      2890     2    10     3     1
 -6.5871672402147002E-02 a      2891     2    11     3     1
  8.6120902378308550E-02 a      2892     2    12     3     1
 -2.4950354883395545E-02 a      2893     2    13     3     1
  1.3020141578092953E-01 a      2894     2    14     3     1
 -8.6691205115001876E-02 a      2895     2    15     3     1
  8.2473815231978668E-03 a      2896     2    16     3     1
 -8.2191007024547999E-02 a      2897     2    17     3     1
 -6.6659134091488204E-01 a      2898     2    18     3     1
  6.7569339858442226E-02 a      2899     2    19     3     1
  1.1359048805872612E-02 a      2900     2    20     3     1
  6.1557723155850522E-02 a      2901     2    21     3     1
  8.0723948501767243E-02 a      2902     2    22     3     1
 -4.0118088644788746E-02 a      2903     2    23     3     1
 -9.0014734083684850E-02 a      2904     2    24     3     1
 -3.2811886168078216E-02 a      2905     2    25     3     1
 -1.6256745066834589E-02 a      2906     2    26     3     1
 -6.1446668407737926E-03 a      2907     2    27     3     1
 -1.0685021308907565E-01 a      2908     2    28     3     1
 -2.1665773326616476E-02 a      2909     2    29     3     1
  6.3857927299318828E-02 a      2910     2    30     3     1
  8.3204708778337610E-01 b      2911     3     1
