################################################################################
# Neural network connection values (weights and biases).
################################################################################
# Col  Name       Description
################################################################################
# 1    connection Neural network connection value.
# 2    t          Connection type (a = weight, b = bias).
# 3    index      Index enumerating weights.
# 4    l_s        Starting point layer (end point layer for biases).
# 5    n_s        Starting point neuron in starting layer (end point neuron for biases).
# 6    l_e        End point layer.
# 7    n_e        End point neuron in end layer.
################################################################################
#                      1 2         3     4     5     6     7
#             connection t     index   l_s   n_s   l_e   n_e
############################################################
  6.4095966199161918E+00 a         1     0     1     1     1
  7.4655537488644255E+00 a         2     0     1     1     2
 -4.8131959016642112E+00 a         3     0     1     1     3
  6.8069456590039001E+00 a         4     0     1     1     4
  3.4568139648667877E+00 a         5     0     1     1     5
  8.3581763525819441E-01 a         6     0     1     1     6
  1.2686473571385593E+00 a         7     0     1     1     7
 -3.7240066481446793E-01 a         8     0     1     1     8
  1.4287884856658403E-01 a         9     0     1     1     9
  2.3896575256998962E+00 a        10     0     1     1    10
  7.6629719610483198E+00 a        11     0     1     1    11
  6.1799678235906068E+00 a        12     0     1     1    12
  8.8432575103627222E+00 a        13     0     1     1    13
 -2.4368529081673946E+00 a        14     0     1     1    14
 -2.1754251310895739E-01 a        15     0     1     1    15
 -5.9820547457825253E+00 a        16     0     1     1    16
 -4.4989152295063759E+00 a        17     0     1     1    17
  1.2888744458376020E+00 a        18     0     1     1    18
  4.5705888877751999E+00 a        19     0     1     1    19
 -1.2139348615675494E+00 a        20     0     1     1    20
  2.6743522316173118E+00 a        21     0     1     1    21
 -6.4346954183509926E+00 a        22     0     1     1    22
  1.7006773769408547E+00 a        23     0     1     1    23
 -3.7140895914542820E+00 a        24     0     1     1    24
  9.1055058974149947E+00 a        25     0     1     1    25
  9.5992953274113046E-01 a        26     0     1     1    26
  2.2900493474760306E-01 a        27     0     1     1    27
  4.3400243138096277E+00 a        28     0     1     1    28
  2.8927795348950880E-01 a        29     0     1     1    29
 -3.4529230055867774E+00 a        30     0     1     1    30
 -6.3587415761813411E+00 a        31     0     2     1     1
 -2.2732019928628522E+00 a        32     0     2     1     2
  1.7726043493555337E+00 a        33     0     2     1     3
 -9.5435094245351131E+00 a        34     0     2     1     4
  2.9932274285378666E+00 a        35     0     2     1     5
  2.6800869409267727E+00 a        36     0     2     1     6
 -5.7574739659646790E+00 a        37     0     2     1     7
  9.7396571833275991E-01 a        38     0     2     1     8
 -3.2522378082130521E+00 a        39     0     2     1     9
 -3.3642219086564289E+00 a        40     0     2     1    10
 -7.5516269351226653E+00 a        41     0     2     1    11
  6.8651714479827621E+00 a        42     0     2     1    12
 -2.0870151213322483E-01 a        43     0     2     1    13
  1.4095459516822637E+00 a        44     0     2     1    14
  1.8549893903026491E+00 a        45     0     2     1    15
  2.5843690189648507E+00 a        46     0     2     1    16
 -4.8827901167538652E+00 a        47     0     2     1    17
  3.1260080120100242E+00 a        48     0     2     1    18
 -2.5049120080325222E+00 a        49     0     2     1    19
  7.8766091316955700E-01 a        50     0     2     1    20
  2.1423772656805888E+00 a        51     0     2     1    21
 -3.0391148576405735E-01 a        52     0     2     1    22
  4.7731118110420008E+00 a        53     0     2     1    23
 -4.8400423104039891E+00 a        54     0     2     1    24
 -4.5585186381983558E+00 a        55     0     2     1    25
  4.9516261627121176E+00 a        56     0     2     1    26
 -1.7566605692519999E+00 a        57     0     2     1    27
 -2.0865566959555113E+00 a        58     0     2     1    28
 -3.4406627897873325E+00 a        59     0     2     1    29
  1.1667940433954859E+01 a        60     0     2     1    30
  8.4885215070603213E+00 a        61     0     3     1     1
  1.3940810596653591E+01 a        62     0     3     1     2
 -3.0352391781128349E+00 a        63     0     3     1     3
  3.2222656229107867E+00 a        64     0     3     1     4
  5.0583291146289309E+00 a        65     0     3     1     5
  6.3051292678297699E+00 a        66     0     3     1     6
 -5.6453345111424520E+00 a        67     0     3     1     7
 -6.3611342997657729E+00 a        68     0     3     1     8
  6.2222165850337419E+00 a        69     0     3     1     9
  9.0753664175698869E+00 a        70     0     3     1    10
  1.1507129806320833E+01 a        71     0     3     1    11
  8.5659675317814905E+00 a        72     0     3     1    12
  5.7457861627277462E-01 a        73     0     3     1    13
  2.3079645171943933E-01 a        74     0     3     1    14
  2.3507873525257370E+00 a        75     0     3     1    15
  1.8252634124468035E+00 a        76     0     3     1    16
 -8.3147802758919394E+00 a        77     0     3     1    17
 -4.5387540554148780E+00 a        78     0     3     1    18
  1.2802740702916781E+01 a        79     0     3     1    19
  4.0340883186452583E+00 a        80     0     3     1    20
  2.2790789872341533E+00 a        81     0     3     1    21
 -3.1144598573045461E+00 a        82     0     3     1    22
  1.0228152345493960E+01 a        83     0     3     1    23
 -1.0097866278772099E+01 a        84     0     3     1    24
  8.2605854744411236E+00 a        85     0     3     1    25
 -1.8543796943656612E+00 a        86     0     3     1    26
  6.5978758170588421E+00 a        87     0     3     1    27
  8.9110095726835004E-01 a        88     0     3     1    28
 -2.3068983303017769E+00 a        89     0     3     1    29
  1.8074309193567655E+00 a        90     0     3     1    30
 -2.9163733184485491E+01 a        91     0     4     1     1
 -4.6934196549280864E+00 a        92     0     4     1     2
  1.4048767168972448E+01 a        93     0     4     1     3
 -3.9790223646146500E-01 a        94     0     4     1     4
  2.5441299662243666E+00 a        95     0     4     1     5
  7.6783500545174102E+00 a        96     0     4     1     6
 -9.3662557836344327E+00 a        97     0     4     1     7
 -7.9559079408682258E+00 a        98     0     4     1     8
  2.6736960974013089E+00 a        99     0     4     1     9
 -4.8879807530865236E+00 a       100     0     4     1    10
 -1.7490775417110850E+01 a       101     0     4     1    11
 -8.6841022807776405E+00 a       102     0     4     1    12
 -8.9102852129009857E+00 a       103     0     4     1    13
  1.1747232748322594E+01 a       104     0     4     1    14
 -7.0767856786111079E+00 a       105     0     4     1    15
  4.2993812304876720E+00 a       106     0     4     1    16
 -1.5524275656577826E+00 a       107     0     4     1    17
 -8.0900562509933743E-02 a       108     0     4     1    18
  2.2841101479755491E+01 a       109     0     4     1    19
 -1.7907306290523356E-01 a       110     0     4     1    20
 -3.4997828596787621E+00 a       111     0     4     1    21
 -6.5332998422121076E+00 a       112     0     4     1    22
  5.4147185475634982E+00 a       113     0     4     1    23
  7.1808203322509385E+00 a       114     0     4     1    24
 -3.4478506449299950E+00 a       115     0     4     1    25
  5.3282546482168236E+00 a       116     0     4     1    26
  8.8565628842604563E-02 a       117     0     4     1    27
 -1.0082162548732693E+01 a       118     0     4     1    28
 -1.6086103035008710E+00 a       119     0     4     1    29
 -5.4762882612323320E+00 a       120     0     4     1    30
 -1.0189579099610205E+01 a       121     0     5     1     1
  3.2393494207591544E+00 a       122     0     5     1     2
 -3.0213163239270018E+00 a       123     0     5     1     3
 -4.4687844680120827E+00 a       124     0     5     1     4
 -4.5321659596800270E+00 a       125     0     5     1     5
  3.0961290120268448E+00 a       126     0     5     1     6
 -2.0539587074674078E+01 a       127     0     5     1     7
 -1.7311013442363329E+01 a       128     0     5     1     8
 -6.6260249742115542E+00 a       129     0     5     1     9
  2.6600566152708691E+01 a       130     0     5     1    10
 -2.0104275886851692E+01 a       131     0     5     1    11
 -7.9423736233074651E+00 a       132     0     5     1    12
  5.4220140013929967E+00 a       133     0     5     1    13
 -1.3109470838350163E+01 a       134     0     5     1    14
 -6.7377545631674458E+00 a       135     0     5     1    15
 -8.8636315491182032E+00 a       136     0     5     1    16
  6.1665785923162364E+00 a       137     0     5     1    17
  8.1405579855007115E+00 a       138     0     5     1    18
  1.4427964122043193E+01 a       139     0     5     1    19
  2.4463798559544464E-01 a       140     0     5     1    20
 -1.0561874221176224E+01 a       141     0     5     1    21
 -8.6561751444940249E+00 a       142     0     5     1    22
  4.5085617072623680E+00 a       143     0     5     1    23
  3.3330836706812172E-01 a       144     0     5     1    24
 -1.3646133151184459E+01 a       145     0     5     1    25
  6.3993681484620630E+00 a       146     0     5     1    26
  2.2317636959567775E+00 a       147     0     5     1    27
  1.7108355408670772E+00 a       148     0     5     1    28
 -1.5142129043955046E+00 a       149     0     5     1    29
 -7.6039713589329914E+00 a       150     0     5     1    30
 -2.3221137083883048E+00 a       151     0     6     1     1
  4.7973122261715613E+00 a       152     0     6     1     2
  3.8172577616050609E+00 a       153     0     6     1     3
  9.9093764547025369E+00 a       154     0     6     1     4
 -1.1068545587152223E+00 a       155     0     6     1     5
  1.9351617041247711E+00 a       156     0     6     1     6
 -7.5783913231912772E+00 a       157     0     6     1     7
 -9.4121185367208824E+00 a       158     0     6     1     8
  1.3267382524208482E+01 a       159     0     6     1     9
  8.5743378592131041E+00 a       160     0     6     1    10
 -2.7168524280544482E+00 a       161     0     6     1    11
  7.3592930737154196E+00 a       162     0     6     1    12
 -1.0779554214255315E+01 a       163     0     6     1    13
  3.0756962119419196E+01 a       164     0     6     1    14
 -3.5780134034558819E+00 a       165     0     6     1    15
 -1.1459390282980777E+01 a       166     0     6     1    16
  1.9747292656818562E+01 a       167     0     6     1    17
 -2.8115301298356837E-01 a       168     0     6     1    18
 -1.8049614491227125E+01 a       169     0     6     1    19
  4.6872071397579984E-01 a       170     0     6     1    20
 -1.7036418422246594E+01 a       171     0     6     1    21
  1.2391020717388288E+01 a       172     0     6     1    22
 -1.0873215081345366E+01 a       173     0     6     1    23
  3.7975367932588360E+00 a       174     0     6     1    24
 -3.7898784129720009E+00 a       175     0     6     1    25
 -2.3861748647706782E+00 a       176     0     6     1    26
 -7.3730784452056053E-01 a       177     0     6     1    27
 -1.9681661851662748E+00 a       178     0     6     1    28
 -1.7425244795556786E+01 a       179     0     6     1    29
 -5.2819883402807868E+00 a       180     0     6     1    30
  4.4295280174539702E+00 a       181     0     7     1     1
 -1.9730799305174587E+00 a       182     0     7     1     2
 -2.5212476301355111E+00 a       183     0     7     1     3
 -3.3620829756616835E+00 a       184     0     7     1     4
  2.3124985469201804E+00 a       185     0     7     1     5
  1.2316210559154448E+00 a       186     0     7     1     6
  3.9240030716107102E+00 a       187     0     7     1     7
  3.6151036005087307E+00 a       188     0     7     1     8
 -1.0987061884080209E+01 a       189     0     7     1     9
 -5.6711786885254272E+00 a       190     0     7     1    10
  3.6424631682189497E+00 a       191     0     7     1    11
 -6.0255360017706936E+00 a       192     0     7     1    12
 -6.0209298611937756E-01 a       193     0     7     1    13
 -1.5028676450868989E+01 a       194     0     7     1    14
 -4.1592941575900486E+00 a       195     0     7     1    15
  6.6797828224051701E+00 a       196     0     7     1    16
 -1.6828608369911120E+01 a       197     0     7     1    17
  1.9096600313079775E+00 a       198     0     7     1    18
  1.0066651704972299E+01 a       199     0     7     1    19
 -3.2596161503561744E-01 a       200     0     7     1    20
  2.7965620922675973E+00 a       201     0     7     1    21
 -4.3240589156774947E+00 a       202     0     7     1    22
  7.4211344118922469E+00 a       203     0     7     1    23
  5.6853519812369602E-01 a       204     0     7     1    24
  1.6176099596744002E+00 a       205     0     7     1    25
  4.3559379565062670E+00 a       206     0     7     1    26
  1.6142209392293398E+00 a       207     0     7     1    27
  1.0022660161873442E+00 a       208     0     7     1    28
  6.0954548058476501E+00 a       209     0     7     1    29
  3.0035685061482567E+00 a       210     0     7     1    30
  4.3048401660326654E+00 a       211     0     8     1     1
  4.5772356831662444E+00 a       212     0     8     1     2
 -5.5428290374167624E+00 a       213     0     8     1     3
  7.8746045733324985E+00 a       214     0     8     1     4
 -1.4018593710933949E+00 a       215     0     8     1     5
 -1.2197960063168185E+00 a       216     0     8     1     6
  2.0664695263116215E+00 a       217     0     8     1     7
 -2.4666609145255531E+00 a       218     0     8     1     8
  4.9493977318209809E-01 a       219     0     8     1     9
 -4.8158828260795303E+00 a       220     0     8     1    10
  3.2544933168145604E+00 a       221     0     8     1    11
  4.2796545190464430E+00 a       222     0     8     1    12
 -2.8246570029329210E-01 a       223     0     8     1    13
  5.5401698084416706E-01 a       224     0     8     1    14
  1.2321727404578502E+00 a       225     0     8     1    15
 -4.9775605483406302E+00 a       226     0     8     1    16
 -3.1599816474003704E+00 a       227     0     8     1    17
  6.4028653815774579E+00 a       228     0     8     1    18
  4.6481190451950516E-01 a       229     0     8     1    19
 -2.0886288440216760E+00 a       230     0     8     1    20
  1.6501059754046861E+00 a       231     0     8     1    21
 -9.8404877630797163E+00 a       232     0     8     1    22
  9.3365405966270854E-01 a       233     0     8     1    23
 -2.7865332176003221E+00 a       234     0     8     1    24
  7.4812240282857108E+00 a       235     0     8     1    25
  4.3688243104403307E-01 a       236     0     8     1    26
  1.4120665954341565E+00 a       237     0     8     1    27
  3.9162715989068206E+00 a       238     0     8     1    28
  3.6955039089865243E+00 a       239     0     8     1    29
 -3.8372891728673242E+00 a       240     0     8     1    30
 -3.4492348733980176E+00 a       241     0     9     1     1
 -5.2201617765571928E+00 a       242     0     9     1     2
  4.6353810954125176E+00 a       243     0     9     1     3
 -6.9219088220503417E+00 a       244     0     9     1     4
  3.0110093887573366E+00 a       245     0     9     1     5
  2.5880218532186516E+00 a       246     0     9     1     6
  1.4527694395087134E+00 a       247     0     9     1     7
  3.9297941354678887E+00 a       248     0     9     1     8
 -1.0849797948715290E+00 a       249     0     9     1     9
  1.3757245000158420E+00 a       250     0     9     1    10
 -7.6069474385046361E+00 a       251     0     9     1    11
  6.9026844897029738E-01 a       252     0     9     1    12
  1.6834550081357267E+00 a       253     0     9     1    13
  2.7852284856200313E+00 a       254     0     9     1    14
  7.9880750937551008E+00 a       255     0     9     1    15
  9.3820804462535392E+00 a       256     0     9     1    16
  2.4757716082877907E+00 a       257     0     9     1    17
  1.8473692278498732E+00 a       258     0     9     1    18
 -2.9465311249165267E+00 a       259     0     9     1    19
  1.3464276316423642E+00 a       260     0     9     1    20
  3.6058405732223329E+00 a       261     0     9     1    21
  5.5716259656026397E+00 a       262     0     9     1    22
  1.5769699279872713E+00 a       263     0     9     1    23
 -4.3587946261442884E-01 a       264     0     9     1    24
 -7.7147972971896497E+00 a       265     0     9     1    25
  9.4998241440845899E-01 a       266     0     9     1    26
 -4.0892042151468049E+00 a       267     0     9     1    27
 -1.8869547097576418E+00 a       268     0     9     1    28
 -7.9423204760405086E-01 a       269     0     9     1    29
  7.3683532588858771E+00 a       270     0     9     1    30
  2.1273602344284512E+00 a       271     0    10     1     1
 -1.0827137282232253E+00 a       272     0    10     1     2
  3.7671399192055590E+00 a       273     0    10     1     3
  3.9034885201292298E+00 a       274     0    10     1     4
 -3.2122242532696188E-02 a       275     0    10     1     5
  4.8679529398638781E+00 a       276     0    10     1     6
  5.4639886153469268E+00 a       277     0    10     1     7
  1.5373681886096215E+00 a       278     0    10     1     8
  5.8874454924519526E+00 a       279     0    10     1     9
 -8.4770144099008675E+00 a       280     0    10     1    10
  4.7471098467464961E+00 a       281     0    10     1    11
 -3.7191573495228343E+00 a       282     0    10     1    12
 -5.9657137923818038E+00 a       283     0    10     1    13
  1.0584703284440394E+01 a       284     0    10     1    14
  1.8606762185378573E-01 a       285     0    10     1    15
  2.2094145002910826E+00 a       286     0    10     1    16
 -9.8053030134063590E-01 a       287     0    10     1    17
  2.1101371315989588E+00 a       288     0    10     1    18
 -1.2690118101329022E+01 a       289     0    10     1    19
  3.5371955950371272E+00 a       290     0    10     1    20
 -1.9592118715089739E+00 a       291     0    10     1    21
  3.0366114234790076E+00 a       292     0    10     1    22
  4.7589021589684433E-01 a       293     0    10     1    23
  1.7022306689572151E+00 a       294     0    10     1    24
  2.3977634680971458E+00 a       295     0    10     1    25
 -2.2464054708734715E+00 a       296     0    10     1    26
  2.2152471087139465E+00 a       297     0    10     1    27
 -1.9258360455741790E+00 a       298     0    10     1    28
 -2.4850245611737964E+00 a       299     0    10     1    29
  4.2654101850316692E+00 a       300     0    10     1    30
 -6.4791325934598465E+00 a       301     0    11     1     1
 -2.8420962558032405E+00 a       302     0    11     1     2
 -2.1381157998730540E+00 a       303     0    11     1     3
 -7.4286331649321813E+00 a       304     0    11     1     4
  6.9955231415156032E+00 a       305     0    11     1     5
 -1.9878679245671913E+00 a       306     0    11     1     6
  6.2365122884068107E+00 a       307     0    11     1     7
  2.5877569337128357E+00 a       308     0    11     1     8
 -5.3786828308728643E+00 a       309     0    11     1     9
 -1.6007663593883201E-01 a       310     0    11     1    10
 -3.6139086214582945E+00 a       311     0    11     1    11
  1.6621652486479654E+00 a       312     0    11     1    12
  1.8991958379968161E+00 a       313     0    11     1    13
 -2.7909012703715348E+01 a       314     0    11     1    14
  5.3345606773146192E+00 a       315     0    11     1    15
  9.7170651405594057E+00 a       316     0    11     1    16
 -1.2041362753603243E+01 a       317     0    11     1    17
 -2.7315515505244292E+00 a       318     0    11     1    18
  1.2918200358137483E+01 a       319     0    11     1    19
 -2.9560919836011648E+00 a       320     0    11     1    20
  1.8842727616273443E+01 a       321     0    11     1    21
 -1.7462392963408210E+01 a       322     0    11     1    22
  5.1248019865691479E+00 a       323     0    11     1    23
 -6.3158565169169325E+00 a       324     0    11     1    24
  8.0225194354262594E+00 a       325     0    11     1    25
 -8.8089900993121439E-01 a       326     0    11     1    26
 -4.0491375472776445E+00 a       327     0    11     1    27
  4.3134307426699712E+00 a       328     0    11     1    28
  2.1688810115651034E+01 a       329     0    11     1    29
  3.6217911244578254E+00 a       330     0    11     1    30
  2.0130432846712991E+00 a       331     0    12     1     1
  1.5371090554028179E+00 a       332     0    12     1     2
  2.9700927014714944E+00 a       333     0    12     1     3
 -2.4397249103465537E+00 a       334     0    12     1     4
  2.7948098396025673E+00 a       335     0    12     1     5
  1.1419802326513508E+00 a       336     0    12     1     6
  1.0031280270181729E-01 a       337     0    12     1     7
  2.5045503809436084E-02 a       338     0    12     1     8
  1.1883686666929080E-01 a       339     0    12     1     9
  1.1837408910953553E+00 a       340     0    12     1    10
 -2.1821731379632272E+00 a       341     0    12     1    11
 -1.8555080881295596E+00 a       342     0    12     1    12
 -2.0370502161828417E+00 a       343     0    12     1    13
 -5.8859451857259770E-01 a       344     0    12     1    14
 -1.5788909829801496E+00 a       345     0    12     1    15
  1.2247685991317256E+00 a       346     0    12     1    16
  1.1218773377519868E+00 a       347     0    12     1    17
 -2.6806923734552446E+00 a       348     0    12     1    18
  1.7892537068610384E+00 a       349     0    12     1    19
 -1.7989189899117117E-01 a       350     0    12     1    20
 -1.2853400177594594E+00 a       351     0    12     1    21
  2.0255279474148180E+00 a       352     0    12     1    22
  3.8786376257587909E+00 a       353     0    12     1    23
  1.9182966556398011E+00 a       354     0    12     1    24
  5.7261769651826455E-01 a       355     0    12     1    25
  1.4690327732328121E+00 a       356     0    12     1    26
  2.5970969182610069E+00 a       357     0    12     1    27
 -2.2793440778041729E+00 a       358     0    12     1    28
 -1.3522982881651049E+00 a       359     0    12     1    29
 -7.2960779900204428E-02 a       360     0    12     1    30
 -2.0987931790853995E+00 a       361     0    13     1     1
 -1.0015730380796625E-01 a       362     0    13     1     2
 -3.7711145690940628E+00 a       363     0    13     1     3
  4.3834684753164916E+00 a       364     0    13     1     4
 -3.9910411295726189E+00 a       365     0    13     1     5
 -7.7205703843986151E-01 a       366     0    13     1     6
  1.4517012477183333E+00 a       367     0    13     1     7
  1.7276159565911953E+00 a       368     0    13     1     8
 -8.9790105386407126E-01 a       369     0    13     1     9
 -4.0589528575830647E-02 a       370     0    13     1    10
  4.1146030959472588E+00 a       371     0    13     1    11
  2.4714541590326089E-01 a       372     0    13     1    12
  2.7185097762550443E+00 a       373     0    13     1    13
  3.2151063942023028E+00 a       374     0    13     1    14
  5.7523964396845697E+00 a       375     0    13     1    15
 -4.0414170501416899E+00 a       376     0    13     1    16
 -2.4243632170743372E+00 a       377     0    13     1    17
  6.2833582094322820E+00 a       378     0    13     1    18
 -7.1180272088003826E-01 a       379     0    13     1    19
 -7.3023799599032380E-01 a       380     0    13     1    20
  6.5910303512661561E-01 a       381     0    13     1    21
 -2.3355017165360130E+00 a       382     0    13     1    22
 -1.6357768295377566E+00 a       383     0    13     1    23
 -1.0356786905994595E+00 a       384     0    13     1    24
  3.3007194933006518E+00 a       385     0    13     1    25
 -1.7235633095796563E+00 a       386     0    13     1    26
 -6.2331589994802028E-01 a       387     0    13     1    27
  1.9981329824572758E+00 a       388     0    13     1    28
  3.3144192655507831E+00 a       389     0    13     1    29
 -1.9844978108087865E+00 a       390     0    13     1    30
 -8.7705707187819870E-01 a       391     0    14     1     1
 -2.3787378795407172E+00 a       392     0    14     1     2
  5.6071389422314066E+00 a       393     0    14     1     3
 -7.4731695940112690E+00 a       394     0    14     1     4
  3.3734969964639450E+00 a       395     0    14     1     5
  4.2244730615683007E-01 a       396     0    14     1     6
  1.0658565257303882E+00 a       397     0    14     1     7
  1.6633589570516845E+00 a       398     0    14     1     8
 -8.5676547863694452E-01 a       399     0    14     1     9
  2.4570493393253963E+00 a       400     0    14     1    10
 -3.8249140436735716E+00 a       401     0    14     1    11
 -2.7981846196133837E+00 a       402     0    14     1    12
  8.7091981369148519E-01 a       403     0    14     1    13
  1.1025128542723412E+00 a       404     0    14     1    14
  3.7894561005571113E-02 a       405     0    14     1    15
  5.0671979420162589E+00 a       406     0    14     1    16
  1.3501533604398912E+00 a       407     0    14     1    17
 -4.7731723433434468E+00 a       408     0    14     1    18
  2.2921289966837619E-01 a       409     0    14     1    19
  3.7865191495718520E-01 a       410     0    14     1    20
 -8.7480186939485649E-01 a       411     0    14     1    21
  3.5108299562222300E+00 a       412     0    14     1    22
  1.8287169865306090E+00 a       413     0    14     1    23
  1.7136014145858196E+00 a       414     0    14     1    24
 -4.0100798289226960E+00 a       415     0    14     1    25
  1.9345445147464222E+00 a       416     0    14     1    26
 -1.6151032689451044E+00 a       417     0    14     1    27
 -2.7031754182208858E+00 a       418     0    14     1    28
 -2.6021169831800965E+00 a       419     0    14     1    29
  5.6615181547105173E+00 a       420     0    14     1    30
  1.3857868054542983E+01 a       421     0    15     1     1
  1.6422444944180938E+01 a       422     0    15     1     2
 -3.2932530000258580E+00 a       423     0    15     1     3
  1.7274579226151037E+01 a       424     0    15     1     4
 -3.4951797764118839E+00 a       425     0    15     1     5
 -9.3617535162821444E+00 a       426     0    15     1     6
  1.7373347245503744E+01 a       427     0    15     1     7
  1.1719600868339919E+01 a       428     0    15     1     8
  9.4153744375367943E+00 a       429     0    15     1     9
 -1.2566260788556351E+01 a       430     0    15     1    10
  2.7049447482377005E+01 a       431     0    15     1    11
 -9.9660361445150158E-01 a       432     0    15     1    12
 -5.3109363518690369E+00 a       433     0    15     1    13
  1.9765847039264837E+00 a       434     0    15     1    14
  1.0390668813037953E+01 a       435     0    15     1    15
  2.3254447448845303E-01 a       436     0    15     1    16
 -1.8731568588366954E+00 a       437     0    15     1    17
 -5.9544856826569097E+00 a       438     0    15     1    18
  3.7486151311597840E+00 a       439     0    15     1    19
  1.0409164237956176E+01 a       440     0    15     1    20
  1.1756336241315807E+01 a       441     0    15     1    21
  7.4882705184673570E-01 a       442     0    15     1    22
 -1.0316073376756144E+01 a       443     0    15     1    23
 -2.9547841470388692E+00 a       444     0    15     1    24
  1.0733274213065734E+01 a       445     0    15     1    25
 -9.3431054911117020E+00 a       446     0    15     1    26
 -9.3854804502253741E-01 a       447     0    15     1    27
  8.6334769236888498E+00 a       448     0    15     1    28
  9.1775777055283267E+00 a       449     0    15     1    29
 -1.2923051244149544E+00 a       450     0    15     1    30
 -1.9353490871863713E-01 a       451     0    16     1     1
  1.2120110893281458E+01 a       452     0    16     1     2
  6.4977895817210296E+00 a       453     0    16     1     3
  7.3117846891645435E+00 a       454     0    16     1     4
 -6.0197715234485072E+00 a       455     0    16     1     5
  6.3769063729147710E+00 a       456     0    16     1     6
 -1.3359104121889233E+01 a       457     0    16     1     7
 -1.0521909701697199E+01 a       458     0    16     1     8
  7.8115421303117465E+00 a       459     0    16     1     9
  9.4572661825869186E+00 a       460     0    16     1    10
 -4.0168977568024840E+00 a       461     0    16     1    11
 -1.4021173403858809E+01 a       462     0    16     1    12
  1.6658980763680029E-01 a       463     0    16     1    13
  1.0843454854424662E+01 a       464     0    16     1    14
 -3.4574392113602896E+00 a       465     0    16     1    15
 -8.7491883559756705E+00 a       466     0    16     1    16
  3.2369185733042976E+00 a       467     0    16     1    17
  8.3525179516299861E+00 a       468     0    16     1    18
 -8.5860275331978091E+00 a       469     0    16     1    19
  8.7954354996996145E+00 a       470     0    16     1    20
 -1.3398770510511838E+01 a       471     0    16     1    21
 -2.7011032308359120E+00 a       472     0    16     1    22
  8.8413415825844055E+00 a       473     0    16     1    23
  1.6717561132471206E+00 a       474     0    16     1    24
 -7.8454037469146751E+00 a       475     0    16     1    25
  2.7837675018047379E+00 a       476     0    16     1    26
  5.7900809745169122E+00 a       477     0    16     1    27
  1.8232400610996187E+00 a       478     0    16     1    28
 -1.2692165447607570E+01 a       479     0    16     1    29
 -4.8788064107943274E+00 a       480     0    16     1    30
  1.4898114255473905E+01 a       481     0    17     1     1
  4.7772707307227913E+00 a       482     0    17     1     2
  3.6506392211385719E+00 a       483     0    17     1     3
 -1.7025605375747027E+01 a       484     0    17     1     4
 -9.8821240337070027E+00 a       485     0    17     1     5
 -6.8275446103555186E+00 a       486     0    17     1     6
  1.0553314753614746E+01 a       487     0    17     1     7
  3.1139258887130630E+01 a       488     0    17     1     8
 -2.4814256628877427E+01 a       489     0    17     1     9
 -7.5321810207639155E+00 a       490     0    17     1    10
  7.6678234074894878E+00 a       491     0    17     1    11
  1.4723067708179970E+01 a       492     0    17     1    12
  2.4836093840072309E+01 a       493     0    17     1    13
 -1.8081186214618921E+01 a       494     0    17     1    14
  6.9224250295217349E+00 a       495     0    17     1    15
 -1.3861843355892040E+01 a       496     0    17     1    16
 -2.0927339319095855E+00 a       497     0    17     1    17
  1.2681615896924589E+01 a       498     0    17     1    18
 -1.2701707559664138E+01 a       499     0    17     1    19
  8.7211997057723281E+00 a       500     0    17     1    20
  1.3858705782287204E+01 a       501     0    17     1    21
 -1.2267972631355504E+00 a       502     0    17     1    22
 -1.9097760490254135E+01 a       503     0    17     1    23
 -1.1824108335243221E+01 a       504     0    17     1    24
  5.1056176180908794E+00 a       505     0    17     1    25
  4.4733452628209571E+00 a       506     0    17     1    26
 -3.0313213461841451E+00 a       507     0    17     1    27
  1.2284321476470037E+01 a       508     0    17     1    28
  2.0228044405659780E+01 a       509     0    17     1    29
  1.6969651424586285E+01 a       510     0    17     1    30
 -6.3735419219535414E+00 a       511     0    18     1     1
  5.1062359553269614E+00 a       512     0    18     1     2
  2.6479541891653714E+01 a       513     0    18     1     3
  1.2449966587143866E+01 a       514     0    18     1     4
  1.5311572916415066E+01 a       515     0    18     1     5
  5.8356103068173724E+00 a       516     0    18     1     6
 -1.1855231250403172E+01 a       517     0    18     1     7
  3.7562313309320370E+00 a       518     0    18     1     8
  7.0858903555204925E-02 a       519     0    18     1     9
  2.2098611287528427E+00 a       520     0    18     1    10
  4.6266649453906021E+00 a       521     0    18     1    11
 -1.0008050237544360E+01 a       522     0    18     1    12
  4.4305327827466351E-01 a       523     0    18     1    13
 -7.8813545630395387E-01 a       524     0    18     1    14
  1.6834349291625450E+01 a       525     0    18     1    15
 -9.7143460595156252E+00 a       526     0    18     1    16
 -1.2830676185247471E+01 a       527     0    18     1    17
  1.4579032302025368E+01 a       528     0    18     1    18
 -3.0923681276655039E+01 a       529     0    18     1    19
  1.0126359850718666E+01 a       530     0    18     1    20
  1.8444255663683112E+01 a       531     0    18     1    21
  2.5192850235483771E+01 a       532     0    18     1    22
  2.3459236457873306E+01 a       533     0    18     1    23
 -3.5763384156717666E+00 a       534     0    18     1    24
 -3.5332512636794347E+00 a       535     0    18     1    25
 -3.3450374159184285E+01 a       536     0    18     1    26
  7.2321619302736915E+00 a       537     0    18     1    27
 -1.0603840730876964E+01 a       538     0    18     1    28
  2.4984508077496876E+01 a       539     0    18     1    29
 -1.1708482527420067E+01 a       540     0    18     1    30
 -2.4115151471092272E+01 a       541     0    19     1     1
  4.8619520074253657E+00 a       542     0    19     1     2
 -2.8562084894321742E+01 a       543     0    19     1     3
 -1.7658367637632853E+01 a       544     0    19     1     4
  3.3886523695865989E+01 a       545     0    19     1     5
  1.9188947048367808E+01 a       546     0    19     1     6
 -9.5968130459112952E+00 a       547     0    19     1     7
 -4.0652677258436228E+01 a       548     0    19     1     8
  1.0520453662304673E+01 a       549     0    19     1     9
  1.6352073075215845E+01 a       550     0    19     1    10
  2.1064177803058932E+01 a       551     0    19     1    11
 -4.1566005477872823E+00 a       552     0    19     1    12
  1.6260412237503484E+01 a       553     0    19     1    13
  2.3452044830561981E+01 a       554     0    19     1    14
  5.3316333927819901E+00 a       555     0    19     1    15
  1.2232270939762692E+01 a       556     0    19     1    16
  8.4986767457900303E+00 a       557     0    19     1    17
 -2.0891604098741386E+01 a       558     0    19     1    18
 -2.6772343447964841E-01 a       559     0    19     1    19
  7.2938805024921303E+00 a       560     0    19     1    20
  7.2888009461532057E+00 a       561     0    19     1    21
 -3.8187344590930241E+00 a       562     0    19     1    22
 -2.0290322486536695E+01 a       563     0    19     1    23
 -2.2843624811991843E+00 a       564     0    19     1    24
  1.1922576285993864E+00 a       565     0    19     1    25
 -2.1983202481662090E+01 a       566     0    19     1    26
 -5.3320369010939013E+00 a       567     0    19     1    27
  1.5889473146184338E+01 a       568     0    19     1    28
  4.5763731478766001E+00 a       569     0    19     1    29
 -1.6288860104679124E+01 a       570     0    19     1    30
  5.1344014132557785E+00 a       571     0    20     1     1
  2.9408324767632812E+00 a       572     0    20     1     2
 -2.6297729692964951E+00 a       573     0    20     1     3
  2.0152799304357258E+00 a       574     0    20     1     4
  5.2095821255284518E+00 a       575     0    20     1     5
  1.8720063536900813E+01 a       576     0    20     1     6
  1.1097961354863815E+01 a       577     0    20     1     7
  1.5193196027961879E+01 a       578     0    20     1     8
  3.7770874029207278E+00 a       579     0    20     1     9
 -4.5788417603525895E+00 a       580     0    20     1    10
 -4.8036618347745330E+00 a       581     0    20     1    11
  1.2923722308426941E+01 a       582     0    20     1    12
  6.1734678861353993E+00 a       583     0    20     1    13
  1.3964462562914493E+00 a       584     0    20     1    14
  1.9344276627555981E+01 a       585     0    20     1    15
 -2.3043925549470710E+00 a       586     0    20     1    16
  1.6031513174888509E+01 a       587     0    20     1    17
  1.1403311768148377E+01 a       588     0    20     1    18
  5.7538532071292057E+00 a       589     0    20     1    19
  2.2193021820739407E+00 a       590     0    20     1    20
  2.1910898604875120E-01 a       591     0    20     1    21
  4.1069785442604152E+00 a       592     0    20     1    22
  1.6550403913841940E+01 a       593     0    20     1    23
  1.4287769627206348E+00 a       594     0    20     1    24
 -2.1815076932220968E+01 a       595     0    20     1    25
  9.9187422888735703E+00 a       596     0    20     1    26
  1.1871289175802795E+01 a       597     0    20     1    27
 -7.8276977984021912E+00 a       598     0    20     1    28
  5.3925922133216355E+00 a       599     0    20     1    29
  1.1737897039545214E+01 a       600     0    20     1    30
 -1.1017740194757048E+01 a       601     0    21     1     1
 -9.7199798293778450E+00 a       602     0    21     1     2
  5.8127209424589565E-01 a       603     0    21     1     3
  6.6825329991742235E+00 a       604     0    21     1     4
  3.8996291270360226E+00 a       605     0    21     1     5
 -5.0255435278261169E+00 a       606     0    21     1     6
  1.1429438366351675E+01 a       607     0    21     1     7
  1.0089834494626952E+00 a       608     0    21     1     8
 -7.0572021695532694E+00 a       609     0    21     1     9
 -4.7124897084680120E+00 a       610     0    21     1    10
 -1.3709989714600081E+01 a       611     0    21     1    11
  2.3178554404187883E+00 a       612     0    21     1    12
  2.2104677500076406E+01 a       613     0    21     1    13
  9.0481749235914553E+00 a       614     0    21     1    14
 -8.6027307250127230E+00 a       615     0    21     1    15
 -6.6042087161744256E-02 a       616     0    21     1    16
  9.5768426426952953E+00 a       617     0    21     1    17
  1.8248204422073336E+01 a       618     0    21     1    18
 -3.3660362321646542E-01 a       619     0    21     1    19
 -2.2379608569034244E+00 a       620     0    21     1    20
  2.6169060639060584E+00 a       621     0    21     1    21
  2.9748440605854740E+00 a       622     0    21     1    22
 -1.7588906715872046E+01 a       623     0    21     1    23
  3.8911521717554964E+00 a       624     0    21     1    24
  1.2522090228033507E+01 a       625     0    21     1    25
  8.3141820096594614E+00 a       626     0    21     1    26
 -1.3280548340107504E+01 a       627     0    21     1    27
 -3.9598642381714644E+00 a       628     0    21     1    28
  4.2556030201080413E+00 a       629     0    21     1    29
  8.5112867809410080E+00 a       630     0    21     1    30
 -9.8900145175914052E+00 a       631     0    22     1     1
  1.3041355986266716E+00 a       632     0    22     1     2
 -2.4149974462900822E+01 a       633     0    22     1     3
  1.0528185461297677E+00 a       634     0    22     1     4
 -1.1532138148579797E+01 a       635     0    22     1     5
 -3.1291334505837870E+01 a       636     0    22     1     6
 -1.5935620798624891E+01 a       637     0    22     1     7
 -2.1880365833691041E+01 a       638     0    22     1     8
 -7.4135450560613041E+00 a       639     0    22     1     9
  1.0241573768963724E+01 a       640     0    22     1    10
  3.6733786679053386E+00 a       641     0    22     1    11
 -7.7430393011889720E+00 a       642     0    22     1    12
  1.1865892023731638E+01 a       643     0    22     1    13
 -6.4949862624057610E+00 a       644     0    22     1    14
 -3.8763718605042243E+01 a       645     0    22     1    15
 -4.3852104079264249E+00 a       646     0    22     1    16
 -1.2828670125128095E+01 a       647     0    22     1    17
 -2.3564589399067916E+01 a       648     0    22     1    18
  1.5583044768596476E+01 a       649     0    22     1    19
 -2.4062727860233480E+01 a       650     0    22     1    20
 -1.0651268811654482E+01 a       651     0    22     1    21
 -4.3486392898837785E+01 a       652     0    22     1    22
 -3.7609779576595301E+01 a       653     0    22     1    23
  2.2675325378024631E+01 a       654     0    22     1    24
  2.3640423350912254E+01 a       655     0    22     1    25
  1.9591888051150296E+01 a       656     0    22     1    26
 -9.2894664429156126E+00 a       657     0    22     1    27
  1.3695453132812874E+01 a       658     0    22     1    28
 -3.5469809076218269E+01 a       659     0    22     1    29
 -2.5332089601296385E+01 a       660     0    22     1    30
 -1.0024287713068812E+01 a       661     0    23     1     1
 -8.5422273631856727E-01 a       662     0    23     1     2
  4.9071093015560283E+00 a       663     0    23     1     3
 -1.3847396584449227E+01 a       664     0    23     1     4
  5.5104491552398773E+00 a       665     0    23     1     5
 -5.4098718406806503E+00 a       666     0    23     1     6
 -9.9002576822444883E+00 a       667     0    23     1     7
 -1.0613869727424367E+01 a       668     0    23     1     8
 -3.4423844254379241E+00 a       669     0    23     1     9
  1.0686544922754166E+01 a       670     0    23     1    10
 -1.8946802165483380E+01 a       671     0    23     1    11
  1.6604903449200464E+01 a       672     0    23     1    12
 -1.8491723413964532E+01 a       673     0    23     1    13
  7.5580977694666185E+00 a       674     0    23     1    14
 -4.1384016906739456E+00 a       675     0    23     1    15
  9.7389571566066691E-01 a       676     0    23     1    16
 -1.4291815980292993E+01 a       677     0    23     1    17
 -1.2025588012200114E+01 a       678     0    23     1    18
 -7.7464263301330147E+00 a       679     0    23     1    19
 -7.5635950072233431E+00 a       680     0    23     1    20
 -1.5858200427292770E+01 a       681     0    23     1    21
  3.1411819117131383E+00 a       682     0    23     1    22
  3.6920486201872244E+01 a       683     0    23     1    23
 -2.9607706439356343E+00 a       684     0    23     1    24
  4.9206651478037404E+00 a       685     0    23     1    25
  9.8060071580686792E+00 a       686     0    23     1    26
  2.1323723791739567E+01 a       687     0    23     1    27
 -1.5890513740263417E+01 a       688     0    23     1    28
 -3.3747539344050374E+01 a       689     0    23     1    29
  9.8066744539210349E-01 a       690     0    23     1    30
  1.1686306454360256E+01 a       691     0    24     1     1
 -3.7851180410996310E+00 a       692     0    24     1     2
 -1.2008511473117730E+01 a       693     0    24     1     3
 -2.5363081585234117E+00 a       694     0    24     1     4
  1.4351609100682415E+01 a       695     0    24     1     5
  1.2809710058364525E+01 a       696     0    24     1     6
 -9.9445012190510358E+00 a       697     0    24     1     7
 -2.4157100347311808E+01 a       698     0    24     1     8
 -1.1293059887080570E+00 a       699     0    24     1     9
  1.3407971913353816E+01 a       700     0    24     1    10
 -5.5589045645614121E-01 a       701     0    24     1    11
 -1.6872448260174128E+01 a       702     0    24     1    12
 -1.3444512091916208E+01 a       703     0    24     1    13
 -5.3494462171401018E+00 a       704     0    24     1    14
  1.9512759607752130E+00 a       705     0    24     1    15
  8.5967687050343748E+00 a       706     0    24     1    16
 -2.2073685069521867E+00 a       707     0    24     1    17
 -1.3222408491917118E+01 a       708     0    24     1    18
 -7.8875762942985181E+00 a       709     0    24     1    19
 -7.0770956529215763E+00 a       710     0    24     1    20
 -1.0103720367803154E+01 a       711     0    24     1    21
  3.7744430512039728E+00 a       712     0    24     1    22
 -3.2208277511204852E+00 a       713     0    24     1    23
 -7.5641143549250334E-01 a       714     0    24     1    24
 -1.0118485541776145E+01 a       715     0    24     1    25
 -7.6312093501296605E+00 a       716     0    24     1    26
 -1.4539995812338631E+00 a       717     0    24     1    27
  2.3742352921671332E+00 a       718     0    24     1    28
 -2.4930057727854593E+00 a       719     0    24     1    29
  1.9926907237969000E+00 a       720     0    24     1    30
  3.7504776248445690E+00 a       721     0    25     1     1
  1.2360235359008834E-01 a       722     0    25     1     2
 -3.9824677933885364E+00 a       723     0    25     1     3
  1.2319277489581063E+01 a       724     0    25     1     4
  9.2022297722223882E+00 a       725     0    25     1     5
  2.0245741516116357E+01 a       726     0    25     1     6
  4.2948846394014922E+01 a       727     0    25     1     7
  2.1708991262198410E+01 a       728     0    25     1     8
 -6.2334731242873920E+00 a       729     0    25     1     9
 -2.2167722283180161E+01 a       730     0    25     1    10
 -1.9096231218421511E+00 a       731     0    25     1    11
  9.3447002387871994E+00 a       732     0    25     1    12
  8.2784650286170276E+00 a       733     0    25     1    13
  9.4421227647653083E+00 a       734     0    25     1    14
  3.4937399271941111E+01 a       735     0    25     1    15
 -1.2183594477764801E+00 a       736     0    25     1    16
  2.4708531861702497E+01 a       737     0    25     1    17
  1.7222467603740363E+01 a       738     0    25     1    18
 -8.9170239038559753E+00 a       739     0    25     1    19
  1.6520401210933358E+01 a       740     0    25     1    20
  2.2838363100143217E+00 a       741     0    25     1    21
  2.1907813043549467E+01 a       742     0    25     1    22
  2.0186100004773579E+01 a       743     0    25     1    23
 -4.9011759836278630E+00 a       744     0    25     1    24
 -4.1249235175074148E+01 a       745     0    25     1    25
 -4.2085986837370344E+00 a       746     0    25     1    26
  1.4935826561413186E+00 a       747     0    25     1    27
 -5.9354508537583426E+00 a       748     0    25     1    28
  2.2308673101406164E+01 a       749     0    25     1    29
  1.9806411972941806E+01 a       750     0    25     1    30
  3.1675734910798994E+01 a       751     0    26     1     1
 -5.8177344299090628E+00 a       752     0    26     1     2
  1.2597133202892183E+01 a       753     0    26     1     3
  3.3655719202668323E+01 a       754     0    26     1     4
 -3.5148303234367120E+01 a       755     0    26     1     5
 -9.7946207187341683E-01 a       756     0    26     1     6
  1.1722042301890527E+01 a       757     0    26     1     7
  2.2666389693924842E+01 a       758     0    26     1     8
  6.7507838222824716E+00 a       759     0    26     1     9
 -1.9164137402676531E+01 a       760     0    26     1    10
 -1.2482671634665977E+01 a       761     0    26     1    11
  1.1094875771819854E-01 a       762     0    26     1    12
  6.0421844864885399E-01 a       763     0    26     1    13
 -9.4871363574399048E+00 a       764     0    26     1    14
 -2.1304206518083015E+00 a       765     0    26     1    15
 -1.6538668099030221E-01 a       766     0    26     1    16
 -1.9496505587712258E+00 a       767     0    26     1    17
  1.6092693928678827E+01 a       768     0    26     1    18
  8.9204104119243208E+00 a       769     0    26     1    19
 -1.0741786504184796E+01 a       770     0    26     1    20
  2.1356751261193234E+00 a       771     0    26     1    21
  7.6391208258616903E+00 a       772     0    26     1    22
  1.0793530117489817E+01 a       773     0    26     1    23
  8.6874291019599550E+00 a       774     0    26     1    24
  1.4783673041319428E+01 a       775     0    26     1    25
  5.5347006261978668E+00 a       776     0    26     1    26
 -5.8805519061613003E+00 a       777     0    26     1    27
 -1.3491343388102436E+01 a       778     0    26     1    28
  9.1938547768994443E+00 a       779     0    26     1    29
 -3.1261237501907528E+00 a       780     0    26     1    30
  2.3434887718835942E+00 a       781     0    27     1     1
 -8.8270259415097634E+00 a       782     0    27     1     2
  1.8921531602721302E+01 a       783     0    27     1     3
 -9.8000280824374713E+00 a       784     0    27     1     4
 -1.0034088065584774E+01 a       785     0    27     1     5
  1.7932024541523921E+00 a       786     0    27     1     6
 -9.8908412352140829E+00 a       787     0    27     1     7
 -7.3597706025924632E+00 a       788     0    27     1     8
  1.1886619900938539E+01 a       789     0    27     1     9
  7.2421279050809311E+00 a       790     0    27     1    10
 -8.2493270365046687E+00 a       791     0    27     1    11
  4.1913638577800477E-01 a       792     0    27     1    12
 -1.7671675354222092E+01 a       793     0    27     1    13
  1.1625191755418895E+01 a       794     0    27     1    14
 -1.4787735898782087E+01 a       795     0    27     1    15
  1.2269867113970557E+01 a       796     0    27     1    16
 -1.4722032604394464E+01 a       797     0    27     1    17
 -2.0781873150811125E-01 a       798     0    27     1    18
 -6.0833174357628819E+00 a       799     0    27     1    19
  8.2983037268311950E+00 a       800     0    27     1    20
  7.2042056584511860E+00 a       801     0    27     1    21
  1.2881823741088063E+01 a       802     0    27     1    22
  1.7659668540799234E-01 a       803     0    27     1    23
 -9.5093933978202703E+00 a       804     0    27     1    24
  1.6694693848052108E+01 a       805     0    27     1    25
 -4.8756262490727904E+00 a       806     0    27     1    26
 -7.2776147733557250E+00 a       807     0    27     1    27
  1.0439983434742842E-01 a       808     0    27     1    28
  5.7059050769239361E+00 a       809     0    27     1    29
  4.3150839822591509E+00 a       810     0    27     1    30
  1.1761376820199057E+01 a       811     0    28     1     1
 -8.4358653399746437E+00 a       812     0    28     1     2
 -1.0007091206464859E+01 a       813     0    28     1     3
 -3.7156600865612639E+01 a       814     0    28     1     4
 -1.0109096221102499E+01 a       815     0    28     1     5
 -6.3813378362846178E+00 a       816     0    28     1     6
 -2.4182712364955194E+01 a       817     0    28     1     7
 -1.7990104506800005E+01 a       818     0    28     1     8
 -6.7133509302332808E+00 a       819     0    28     1     9
 -5.4736636829834806E-01 a       820     0    28     1    10
  1.1885743658454558E+01 a       821     0    28     1    11
  1.1909326918964577E+01 a       822     0    28     1    12
 -4.8972645319761146E+00 a       823     0    28     1    13
 -3.1969290509259807E+01 a       824     0    28     1    14
 -3.2427194641567167E+00 a       825     0    28     1    15
 -7.6732410364365995E+00 a       826     0    28     1    16
 -1.0530928600982268E+01 a       827     0    28     1    17
 -1.5872153709060987E+01 a       828     0    28     1    18
 -2.3567388432984671E+01 a       829     0    28     1    19
 -1.2277373938410578E+01 a       830     0    28     1    20
 -1.0109513199747742E+01 a       831     0    28     1    21
 -1.2843048859782707E+01 a       832     0    28     1    22
 -1.9432617979698541E+00 a       833     0    28     1    23
 -8.0921427158876060E+00 a       834     0    28     1    24
  3.0930109231021503E+00 a       835     0    28     1    25
  8.1992162178616856E-01 a       836     0    28     1    26
 -4.5116483673018557E+00 a       837     0    28     1    27
  7.9885599106041054E+00 a       838     0    28     1    28
 -1.0496403959015112E+01 a       839     0    28     1    29
 -7.1861696158686996E+00 a       840     0    28     1    30
  8.8956261536143426E+00 a       841     0    29     1     1
  1.5207291801635003E+01 a       842     0    29     1     2
  1.7180855484031230E+01 a       843     0    29     1     3
  1.0540871959028184E+01 a       844     0    29     1     4
  1.5178434588150845E+01 a       845     0    29     1     5
 -2.5368675379144112E-01 a       846     0    29     1     6
 -1.1702125959791566E+01 a       847     0    29     1     7
  2.6790402444954493E+00 a       848     0    29     1     8
  8.8856904622671369E+00 a       849     0    29     1     9
  3.2611224182055309E+01 a       850     0    29     1    10
 -2.5124125806590818E+01 a       851     0    29     1    11
  4.2112950547717238E+00 a       852     0    29     1    12
  6.2105303528076861E-01 a       853     0    29     1    13
  1.4290683587511129E+01 a       854     0    29     1    14
 -6.8277639721337939E+00 a       855     0    29     1    15
  6.2715568738385405E+00 a       856     0    29     1    16
 -7.4666989851226582E+00 a       857     0    29     1    17
  1.8529262633835756E+01 a       858     0    29     1    18
  1.4090328944264316E+01 a       859     0    29     1    19
  1.5411755256434425E+00 a       860     0    29     1    20
  4.0278555293026903E+00 a       861     0    29     1    21
  1.2391245772710857E+01 a       862     0    29     1    22
  4.8112389251585910E+00 a       863     0    29     1    23
  1.0312828136757942E+01 a       864     0    29     1    24
  1.5693867294736487E+01 a       865     0    29     1    25
  6.4685600253532973E+00 a       866     0    29     1    26
  1.2822267013044311E+01 a       867     0    29     1    27
  4.1704133070266741E-01 a       868     0    29     1    28
 -5.1213661437116498E+00 a       869     0    29     1    29
  5.1646665295268859E+00 a       870     0    29     1    30
 -3.0848641539962833E+00 a       871     0    30     1     1
  3.1979369546321843E+00 a       872     0    30     1     2
 -3.3403056950085830E-02 a       873     0    30     1     3
 -6.0266973188303750E+00 a       874     0    30     1     4
  1.0186523512124095E+01 a       875     0    30     1     5
 -1.2786291074803624E-01 a       876     0    30     1     6
  2.3609866475844887E+00 a       877     0    30     1     7
  1.7315785431996964E+01 a       878     0    30     1     8
 -5.5568490488827771E-01 a       879     0    30     1     9
 -1.1162141988204938E+01 a       880     0    30     1    10
  7.6242396196258611E+00 a       881     0    30     1    11
  1.3273422609905971E+01 a       882     0    30     1    12
 -1.4179947466666136E+00 a       883     0    30     1    13
  5.8874423406428011E+00 a       884     0    30     1    14
 -1.0961235255276259E+01 a       885     0    30     1    15
  5.2649082252637536E+00 a       886     0    30     1    16
 -9.5775399278293758E+00 a       887     0    30     1    17
 -3.4790548938291517E+00 a       888     0    30     1    18
 -1.7100580003214318E+01 a       889     0    30     1    19
  8.3483204666323960E+00 a       890     0    30     1    20
 -1.2973963606198573E+00 a       891     0    30     1    21
  8.4771727859525541E+00 a       892     0    30     1    22
 -5.3293842878376152E+00 a       893     0    30     1    23
 -7.1566496677485176E+00 a       894     0    30     1    24
 -1.3516565870291979E+00 a       895     0    30     1    25
  9.9058918285774737E+00 a       896     0    30     1    26
  2.6694684515566918E+00 a       897     0    30     1    27
  7.4656909925149932E+00 a       898     0    30     1    28
 -1.0932299656586628E+00 a       899     0    30     1    29
  9.1415137230324692E+00 a       900     0    30     1    30
  7.0958597058717823E+00 a       901     0    31     1     1
 -5.4771650955535138E+00 a       902     0    31     1     2
  6.9950961811025563E+00 a       903     0    31     1     3
  1.2582731637891628E+01 a       904     0    31     1     4
 -1.7198627812772408E+01 a       905     0    31     1     5
 -1.5958522201061163E+00 a       906     0    31     1     6
  2.5354873657594394E+00 a       907     0    31     1     7
  4.7192706872993115E+00 a       908     0    31     1     8
  7.4786505044834835E+00 a       909     0    31     1     9
 -5.0117864382633588E+00 a       910     0    31     1    10
  5.8248846842337478E+00 a       911     0    31     1    11
  1.2155551978899407E+01 a       912     0    31     1    12
  7.2099840267717568E+00 a       913     0    31     1    13
 -1.0563091229988124E+00 a       914     0    31     1    14
  8.0343658933017825E-01 a       915     0    31     1    15
 -4.8914951496288177E+00 a       916     0    31     1    16
  1.9620330195071698E+01 a       917     0    31     1    17
  1.1894140174923141E+01 a       918     0    31     1    18
  3.2828147494900456E+01 a       919     0    31     1    19
 -1.0363313279811695E+01 a       920     0    31     1    20
  1.0804733238037409E+01 a       921     0    31     1    21
  2.7714916104546230E+00 a       922     0    31     1    22
 -2.7333502930329248E+00 a       923     0    31     1    23
  4.8071481768855078E+00 a       924     0    31     1    24
  7.5802126016466138E+00 a       925     0    31     1    25
 -1.3186895323124112E+01 a       926     0    31     1    26
 -5.5868901607986601E+00 a       927     0    31     1    27
 -1.2672015325561466E+01 a       928     0    31     1    28
  1.6992989560717982E+00 a       929     0    31     1    29
 -1.0441266780775988E+01 a       930     0    31     1    30
 -4.1434484760013506E+00 a       931     0    32     1     1
 -4.5359455302569804E+00 a       932     0    32     1     2
 -1.6634843493780391E+01 a       933     0    32     1     3
 -4.1937848844755656E+00 a       934     0    32     1     4
 -2.1114116431977097E+00 a       935     0    32     1     5
 -3.5748330557960926E+00 a       936     0    32     1     6
 -6.4454858668277826E+00 a       937     0    32     1     7
  9.2158925769500688E-02 a       938     0    32     1     8
 -1.0214583772927250E+01 a       939     0    32     1     9
 -1.1372538840480292E+01 a       940     0    32     1    10
  2.1403054488786179E+01 a       941     0    32     1    11
 -4.8370779578852572E+00 a       942     0    32     1    12
  7.7250996627402602E+00 a       943     0    32     1    13
 -1.8203210466622824E+01 a       944     0    32     1    14
  3.6283641536818929E+00 a       945     0    32     1    15
 -9.4410221672077732E+00 a       946     0    32     1    16
  3.6456869746640459E+00 a       947     0    32     1    17
 -1.0348908553511441E+01 a       948     0    32     1    18
 -9.4960628720122102E+00 a       949     0    32     1    19
 -8.8356875310852416E+00 a       950     0    32     1    20
 -4.5940112758733402E+00 a       951     0    32     1    21
 -1.1549911179946440E+01 a       952     0    32     1    22
 -3.3393489118968707E+00 a       953     0    32     1    23
 -6.3733452630901546E+00 a       954     0    32     1    24
 -2.8262865456983166E-01 a       955     0    32     1    25
 -6.4174213597851892E+00 a       956     0    32     1    26
 -6.8501854469541068E-01 a       957     0    32     1    27
 -5.2323491994765803E-01 a       958     0    32     1    28
 -4.3694130352376508E+00 a       959     0    32     1    29
 -7.8418090253496082E+00 a       960     0    32     1    30
 -7.0768930896554005E+00 a       961     0    33     1     1
 -3.4504409440863202E+00 a       962     0    33     1     2
 -2.9786832777175282E-02 a       963     0    33     1     3
  9.3922795763549143E+00 a       964     0    33     1     4
 -7.3377701746450024E+00 a       965     0    33     1     5
 -2.7564029863403094E+00 a       966     0    33     1     6
  4.5223808891805941E+00 a       967     0    33     1     7
 -1.0234072019215949E+01 a       968     0    33     1     8
  2.5789095456277962E+00 a       969     0    33     1     9
  7.1962256385975456E+00 a       970     0    33     1    10
 -7.1199208825318872E+00 a       971     0    33     1    11
 -1.2349154607350528E+01 a       972     0    33     1    12
 -1.7081536036564702E+00 a       973     0    33     1    13
 -4.6288950060981975E+00 a       974     0    33     1    14
  7.9136929303132284E+00 a       975     0    33     1    15
 -1.8671055099696665E+00 a       976     0    33     1    16
 -2.0566938645466437E+00 a       977     0    33     1    17
 -8.3717955787700298E+00 a       978     0    33     1    18
  2.8284708017031557E-01 a       979     0    33     1    19
 -8.0008052373627070E+00 a       980     0    33     1    20
  3.5468796421502136E+00 a       981     0    33     1    21
 -1.1888559187147874E-03 a       982     0    33     1    22
  7.5266408082363467E+00 a       983     0    33     1    23
  8.6433578088792853E+00 a       984     0    33     1    24
 -8.2913668871388480E-01 a       985     0    33     1    25
 -1.2823140701972218E+01 a       986     0    33     1    26
  2.7056062745150458E+00 a       987     0    33     1    27
 -1.4250723662125615E+01 a       988     0    33     1    28
 -2.7668673208853742E+00 a       989     0    33     1    29
 -4.9206975533371269E+00 a       990     0    33     1    30
  2.8616891612363724E+00 a       991     0    34     1     1
  1.2148444101981816E+01 a       992     0    34     1     2
 -4.2684838553877746E+00 a       993     0    34     1     3
 -7.0923138500249729E+00 a       994     0    34     1     4
  4.5979420312719110E-01 a       995     0    34     1     5
 -5.8749651325607317E+00 a       996     0    34     1     6
 -1.1380686932716607E+01 a       997     0    34     1     7
 -1.0150752585677996E+01 a       998     0    34     1     8
  5.7622579905924187E+00 a       999     0    34     1     9
 -2.0502960973090769E+01 a      1000     0    34     1    10
 -1.8601721204675922E+01 a      1001     0    34     1    11
  4.5226815292277518E+00 a      1002     0    34     1    12
  1.8431211497263266E+01 a      1003     0    34     1    13
  5.1540418375674717E+00 a      1004     0    34     1    14
 -2.5282007339442338E+00 a      1005     0    34     1    15
  1.5376214889994682E+00 a      1006     0    34     1    16
  5.4124356797544806E+00 a      1007     0    34     1    17
 -1.1091642091919793E+00 a      1008     0    34     1    18
  1.2799885619287972E+01 a      1009     0    34     1    19
  3.1475795735567001E+01 a      1010     0    34     1    20
  3.0960981002791588E+00 a      1011     0    34     1    21
  7.2631983921344001E-01 a      1012     0    34     1    22
 -4.7761808851280350E+00 a      1013     0    34     1    23
 -1.5457419532140458E+01 a      1014     0    34     1    24
  1.1305839309295500E+01 a      1015     0    34     1    25
  5.9123746232381436E+00 a      1016     0    34     1    26
 -1.3094375473815788E+01 a      1017     0    34     1    27
  2.8471304028822949E+01 a      1018     0    34     1    28
  2.2600333463724510E+01 a      1019     0    34     1    29
 -1.3879498691814229E+00 a      1020     0    34     1    30
  7.7335644284246197E-01 a      1021     0    35     1     1
 -6.1414833636230686E+00 a      1022     0    35     1     2
 -1.3741118879514021E+01 a      1023     0    35     1     3
  3.2216204738895080E+01 a      1024     0    35     1     4
 -2.0852815950154600E+01 a      1025     0    35     1     5
  1.2532173346359567E+00 a      1026     0    35     1     6
 -5.4295141623156962E+00 a      1027     0    35     1     7
 -3.8943757875713914E+01 a      1028     0    35     1     8
 -2.6231781321501142E+01 a      1029     0    35     1     9
 -1.2392523392825613E+01 a      1030     0    35     1    10
  6.1406710154869728E+00 a      1031     0    35     1    11
 -1.2301033826194285E+01 a      1032     0    35     1    12
 -1.1640549903300615E+01 a      1033     0    35     1    13
 -1.0360334025590488E+01 a      1034     0    35     1    14
 -2.2262739269841512E+00 a      1035     0    35     1    15
 -5.4766199943591891E+00 a      1036     0    35     1    16
 -2.5903650561465366E+00 a      1037     0    35     1    17
  1.6366642620405894E+01 a      1038     0    35     1    18
  5.6772480820474041E+00 a      1039     0    35     1    19
 -3.8469965785227437E+01 a      1040     0    35     1    20
 -1.1537798652046213E+01 a      1041     0    35     1    21
 -4.0233340258101169E+00 a      1042     0    35     1    22
 -3.8351047073634001E+00 a      1043     0    35     1    23
 -3.2944186293979176E+00 a      1044     0    35     1    24
  9.0591606878190873E+00 a      1045     0    35     1    25
 -8.3395042863655622E+00 a      1046     0    35     1    26
  3.9185209316573744E+00 a      1047     0    35     1    27
 -1.5390562893912355E+01 a      1048     0    35     1    28
 -1.7398676071051199E+01 a      1049     0    35     1    29
  1.6508183295215812E+01 a      1050     0    35     1    30
  1.0787477388241906E+00 a      1051     0    36     1     1
  2.2395458592686204E+00 a      1052     0    36     1     2
  1.2082451753160678E+01 a      1053     0    36     1     3
 -1.5474115581028309E+00 a      1054     0    36     1     4
  1.5756761357370128E+00 a      1055     0    36     1     5
  4.8967703649105854E+00 a      1056     0    36     1     6
  9.2456002313085968E+00 a      1057     0    36     1     7
 -8.2444186772588051E+00 a      1058     0    36     1     8
  5.8395218991163711E+00 a      1059     0    36     1     9
  1.8048567448992861E-01 a      1060     0    36     1    10
 -1.2400074292533970E+01 a      1061     0    36     1    11
  7.5929305487930598E+00 a      1062     0    36     1    12
 -1.3327433377469010E+01 a      1063     0    36     1    13
  1.3057431938674975E+01 a      1064     0    36     1    14
  7.5975045287873391E+00 a      1065     0    36     1    15
 -2.2032104267602040E+00 a      1066     0    36     1    16
 -4.3247531577380496E+00 a      1067     0    36     1    17
 -3.9096347728864589E+00 a      1068     0    36     1    18
  5.8627526883671948E+00 a      1069     0    36     1    19
  9.6778113701909447E+00 a      1070     0    36     1    20
 -5.0558674276412652E-01 a      1071     0    36     1    21
  1.7969717376056926E+00 a      1072     0    36     1    22
 -1.9338938279489628E+00 a      1073     0    36     1    23
  7.3851573879682677E+00 a      1074     0    36     1    24
 -5.8588322708206295E+00 a      1075     0    36     1    25
 -1.2469768263683953E+01 a      1076     0    36     1    26
  7.8362792573174744E-01 a      1077     0    36     1    27
 -1.2602454529571643E+00 a      1078     0    36     1    28
  1.8466266213121638E+00 a      1079     0    36     1    29
  4.9237401202761593E+00 a      1080     0    36     1    30
 -4.9930103657648006E-01 a      1081     0    37     1     1
  6.0533500667318183E+00 a      1082     0    37     1     2
  1.2038522059741255E+00 a      1083     0    37     1     3
 -1.3591693256968751E+01 a      1084     0    37     1     4
  5.8698000417299152E+00 a      1085     0    37     1     5
  2.8105507390723954E+00 a      1086     0    37     1     6
  2.0884046615602149E-02 a      1087     0    37     1     7
  3.7218492002613819E+00 a      1088     0    37     1     8
  4.4719957438294706E+00 a      1089     0    37     1     9
  3.3219135443986301E+00 a      1090     0    37     1    10
  3.0897513137762855E-01 a      1091     0    37     1    11
 -3.0775078237676476E+00 a      1092     0    37     1    12
  1.1136902404225438E+01 a      1093     0    37     1    13
  3.1394679365845852E+00 a      1094     0    37     1    14
  2.9092149146698585E+00 a      1095     0    37     1    15
  7.4565221472363792E+00 a      1096     0    37     1    16
  1.1724249192629983E+01 a      1097     0    37     1    17
  2.9033868889307013E-01 a      1098     0    37     1    18
 -2.7564514656521224E+00 a      1099     0    37     1    19
  1.4744728021692161E+01 a      1100     0    37     1    20
  9.2264995145624107E-01 a      1101     0    37     1    21
 -3.2965278533304820E+00 a      1102     0    37     1    22
 -2.7299688853985908E+00 a      1103     0    37     1    23
  2.5694916612140641E+00 a      1104     0    37     1    24
 -8.4138290213480431E+00 a      1105     0    37     1    25
  2.2136138680996031E-01 a      1106     0    37     1    26
 -1.2833369006596367E+01 a      1107     0    37     1    27
  5.4126958153145299E+00 a      1108     0    37     1    28
  7.8028018585761307E+00 a      1109     0    37     1    29
 -8.1150687001288819E+00 a      1110     0    37     1    30
  1.2546838147055837E-02 a      1111     0    38     1     1
 -3.1185098257817319E+00 a      1112     0    38     1     2
  3.5202985892193556E-01 a      1113     0    38     1     3
  1.9756456813750167E+00 a      1114     0    38     1     4
 -2.3704487522423087E-02 a      1115     0    38     1     5
  3.8732173007270032E+00 a      1116     0    38     1     6
 -3.7537182270183007E+00 a      1117     0    38     1     7
  8.5223665090518730E-01 a      1118     0    38     1     8
 -1.0919439997473441E+01 a      1119     0    38     1     9
  3.8118639791196758E+00 a      1120     0    38     1    10
 -4.3420307859372285E+00 a      1121     0    38     1    11
 -1.4723625587821048E+00 a      1122     0    38     1    12
  5.1191208461138613E+00 a      1123     0    38     1    13
  4.1605225712388609E+00 a      1124     0    38     1    14
  3.1974556466658708E+00 a      1125     0    38     1    15
 -3.3902247661293283E+00 a      1126     0    38     1    16
  5.2829829383830118E+00 a      1127     0    38     1    17
  1.2196893545672105E+00 a      1128     0    38     1    18
 -3.6093105544406239E+00 a      1129     0    38     1    19
  4.4407624177589726E+00 a      1130     0    38     1    20
 -3.5499470037799283E+00 a      1131     0    38     1    21
 -7.8817118708521798E+00 a      1132     0    38     1    22
 -2.4190901512811100E+00 a      1133     0    38     1    23
  3.2617258518575074E+00 a      1134     0    38     1    24
 -1.8750425606353165E+00 a      1135     0    38     1    25
 -1.2354908690192588E+00 a      1136     0    38     1    26
  6.6743403708148445E+00 a      1137     0    38     1    27
  2.3675162764697664E+00 a      1138     0    38     1    28
 -5.6441908454131013E+00 a      1139     0    38     1    29
 -8.5992423992296640E-01 a      1140     0    38     1    30
  2.0267161086510676E+01 a      1141     0    39     1     1
 -3.9806797031474175E+00 a      1142     0    39     1     2
 -5.3529478787866314E+00 a      1143     0    39     1     3
 -1.9803257025772050E+00 a      1144     0    39     1     4
  1.1020618652614543E+01 a      1145     0    39     1     5
 -9.8549503487542744E-01 a      1146     0    39     1     6
 -1.2293331219984806E+01 a      1147     0    39     1     7
  1.4214175052342126E+00 a      1148     0    39     1     8
 -1.0198509823173191E+01 a      1149     0    39     1     9
 -9.0954886029246951E-01 a      1150     0    39     1    10
  3.5400226306307292E-01 a      1151     0    39     1    11
 -6.6017187696856032E+00 a      1152     0    39     1    12
 -1.9731514187034783E+01 a      1153     0    39     1    13
 -1.3766184887749489E+01 a      1154     0    39     1    14
 -2.6458920562914083E+00 a      1155     0    39     1    15
 -2.4039104523627511E+01 a      1156     0    39     1    16
 -4.9197251320280051E+00 a      1157     0    39     1    17
 -7.6842038773576800E+00 a      1158     0    39     1    18
 -1.1361759718188992E+01 a      1159     0    39     1    19
  7.2508322257890425E+00 a      1160     0    39     1    20
  6.0331004329517901E+00 a      1161     0    39     1    21
  7.5858472542198401E+00 a      1162     0    39     1    22
  3.0963005314988994E+00 a      1163     0    39     1    23
  5.9438770435530284E+00 a      1164     0    39     1    24
 -2.7572057644998003E+00 a      1165     0    39     1    25
 -2.1547113003353175E+01 a      1166     0    39     1    26
 -1.4021525582566940E+00 a      1167     0    39     1    27
  2.9536512178057626E+00 a      1168     0    39     1    28
  2.7792940455661044E+00 a      1169     0    39     1    29
 -3.1011350895804476E+01 a      1170     0    39     1    30
 -5.0722843666304422E+00 a      1171     0    40     1     1
  2.0385518043762731E+00 a      1172     0    40     1     2
 -3.7436325450647212E+00 a      1173     0    40     1     3
 -3.8986470639516417E+00 a      1174     0    40     1     4
 -1.5360560534232984E-01 a      1175     0    40     1     5
 -3.0864632413542483E+00 a      1176     0    40     1     6
  1.0566302611644358E+00 a      1177     0    40     1     7
  4.1216502011935391E-01 a      1178     0    40     1     8
 -3.2106952670989357E+00 a      1179     0    40     1     9
  4.9660797336944711E+00 a      1180     0    40     1    10
 -1.7786122485647777E+00 a      1181     0    40     1    11
  3.4058207687151398E-01 a      1182     0    40     1    12
  1.4910319179269180E+00 a      1183     0    40     1    13
 -9.9918452926261736E-01 a      1184     0    40     1    14
 -1.0914880202351633E+00 a      1185     0    40     1    15
  6.9314325398190304E+00 a      1186     0    40     1    16
  2.2699979049942409E+00 a      1187     0    40     1    17
  2.0531572811274867E+00 a      1188     0    40     1    18
  2.7661262651370717E+00 a      1189     0    40     1    19
 -1.9004707712950439E+00 a      1190     0    40     1    20
 -2.0383525930101429E+00 a      1191     0    40     1    21
  1.0223948865136376E+00 a      1192     0    40     1    22
 -8.1271203606667775E-01 a      1193     0    40     1    23
  1.4806208746848870E+00 a      1194     0    40     1    24
  3.7677142847005269E+00 a      1195     0    40     1    25
 -3.1594683184108900E+00 a      1196     0    40     1    26
 -3.7470599392722859E-01 a      1197     0    40     1    27
 -4.7252713382164266E+00 a      1198     0    40     1    28
  1.3081751937343617E+01 a      1199     0    40     1    29
 -2.0759205508839078E+00 a      1200     0    40     1    30
 -2.2661165145967633E+01 a      1201     0    41     1     1
  1.1702596248405568E+01 a      1202     0    41     1     2
  7.6423872737742538E-01 a      1203     0    41     1     3
 -8.7674547826909190E+00 a      1204     0    41     1     4
 -6.6552265107260089E+00 a      1205     0    41     1     5
 -3.8779540812877307E+00 a      1206     0    41     1     6
  2.2878383497503272E+00 a      1207     0    41     1     7
 -3.9238958901379193E+00 a      1208     0    41     1     8
  9.2765171252550918E+00 a      1209     0    41     1     9
  1.1994925738452249E+01 a      1210     0    41     1    10
  5.9116203479262719E+00 a      1211     0    41     1    11
  8.2421949150634113E+00 a      1212     0    41     1    12
  9.8214627502767371E+00 a      1213     0    41     1    13
 -2.9147108107754955E+00 a      1214     0    41     1    14
  1.2409981194957119E+01 a      1215     0    41     1    15
  1.5957379852432625E+01 a      1216     0    41     1    16
  6.5991466196719450E+00 a      1217     0    41     1    17
  1.4721165131946552E+01 a      1218     0    41     1    18
 -1.4607068720287639E+00 a      1219     0    41     1    19
 -5.9423016841735521E+00 a      1220     0    41     1    20
 -4.9071181343281243E+00 a      1221     0    41     1    21
  4.0646282663639086E+00 a      1222     0    41     1    22
  3.7333991089540968E+00 a      1223     0    41     1    23
 -5.5370587385452330E+00 a      1224     0    41     1    24
  1.1518097266988249E+01 a      1225     0    41     1    25
  1.8143986347839817E+01 a      1226     0    41     1    26
  8.7379662241333955E-01 a      1227     0    41     1    27
  2.7269598319705324E+00 a      1228     0    41     1    28
 -1.6995827315447483E+00 a      1229     0    41     1    29
  1.4775753445803595E+01 a      1230     0    41     1    30
 -2.5423773000243784E+01 a      1231     0    42     1     1
  1.3140659636429175E+01 a      1232     0    42     1     2
  2.2272901806601544E+00 a      1233     0    42     1     3
 -6.3175592892586549E-02 a      1234     0    42     1     4
  1.2488881641939362E+00 a      1235     0    42     1     5
 -4.3157451445240023E+00 a      1236     0    42     1     6
  1.1144646465823275E+01 a      1237     0    42     1     7
 -5.5785280181016290E+00 a      1238     0    42     1     8
  1.2580588740848732E+01 a      1239     0    42     1     9
  6.3453605066109970E+00 a      1240     0    42     1    10
 -3.3513149808277340E+00 a      1241     0    42     1    11
  3.8733003533406135E-01 a      1242     0    42     1    12
  1.9189937452395334E+01 a      1243     0    42     1    13
  2.1211909830272224E-01 a      1244     0    42     1    14
  1.4213383850151676E+01 a      1245     0    42     1    15
  1.2370551284802177E+01 a      1246     0    42     1    16
  4.7316055814355131E+00 a      1247     0    42     1    17
  8.5501242529174757E+00 a      1248     0    42     1    18
  5.0158426197355146E+00 a      1249     0    42     1    19
  1.3385189137576985E+00 a      1250     0    42     1    20
 -1.2969211632961615E+01 a      1251     0    42     1    21
  5.1401086579526218E+00 a      1252     0    42     1    22
 -3.8870457466463164E+00 a      1253     0    42     1    23
 -4.9386566914233647E+00 a      1254     0    42     1    24
  8.6565011185700182E+00 a      1255     0    42     1    25
  4.3756069055920399E+00 a      1256     0    42     1    26
  1.4057672246984201E+00 a      1257     0    42     1    27
  3.0577671970586673E+00 a      1258     0    42     1    28
 -6.8400588675629352E+00 a      1259     0    42     1    29
  1.5347933925497321E+01 a      1260     0    42     1    30
  2.1095612328755866E+01 a      1261     0    43     1     1
 -1.3199278659430917E+01 a      1262     0    43     1     2
  3.0287009436048500E+00 a      1263     0    43     1     3
  8.0974237386566728E+00 a      1264     0    43     1     4
 -3.7824105715256366E+00 a      1265     0    43     1     5
  8.2458135665945917E+00 a      1266     0    43     1     6
 -4.2779227983155890E+00 a      1267     0    43     1     7
  7.9018628582548169E+00 a      1268     0    43     1     8
 -1.1250725065317431E+01 a      1269     0    43     1     9
 -1.2724679786640404E+01 a      1270     0    43     1    10
 -1.0883145274495759E-01 a      1271     0    43     1    11
 -1.3384346828771799E+01 a      1272     0    43     1    12
 -1.1055131722681502E+01 a      1273     0    43     1    13
  7.9527636988744081E+00 a      1274     0    43     1    14
 -1.9175011325887290E+01 a      1275     0    43     1    15
 -6.3892671866610176E+00 a      1276     0    43     1    16
 -3.1836354831429876E+00 a      1277     0    43     1    17
 -1.1984643614827908E+01 a      1278     0    43     1    18
  1.6210217926977035E+00 a      1279     0    43     1    19
 -4.6876754498886104E+00 a      1280     0    43     1    20
  1.2451763278799000E+01 a      1281     0    43     1    21
 -1.3216621499105132E+01 a      1282     0    43     1    22
 -5.9564894181144856E-01 a      1283     0    43     1    23
  6.1066029565295432E+00 a      1284     0    43     1    24
 -1.2918034130420207E+01 a      1285     0    43     1    25
  1.7537388156965772E+00 a      1286     0    43     1    26
  5.6003445175224609E-01 a      1287     0    43     1    27
 -6.0198120335404948E+00 a      1288     0    43     1    28
  5.4986076999732099E+00 a      1289     0    43     1    29
 -9.5036572912952832E-01 a      1290     0    43     1    30
  2.1124889486268190E-02 a      1291     0    44     1     1
 -4.0085618566603678E+00 a      1292     0    44     1     2
  3.7007836988821334E+00 a      1293     0    44     1     3
 -5.4989154004878387E+00 a      1294     0    44     1     4
  1.9711724998135560E-01 a      1295     0    44     1     5
  4.1068065362197625E+00 a      1296     0    44     1     6
  1.7936831609139174E+00 a      1297     0    44     1     7
  4.9308049671372323E-01 a      1298     0    44     1     8
 -4.3233785737120796E+00 a      1299     0    44     1     9
  4.8023495373710006E+00 a      1300     0    44     1    10
  2.6811072689300417E+00 a      1301     0    44     1    11
  1.3802185198000492E+00 a      1302     0    44     1    12
  2.6093372094412874E+00 a      1303     0    44     1    13
  8.6249337055541286E-01 a      1304     0    44     1    14
  4.4668911634366912E+00 a      1305     0    44     1    15
 -1.1480507809385849E+00 a      1306     0    44     1    16
 -1.2660766692575285E+01 a      1307     0    44     1    17
 -1.6484012134522524E-01 a      1308     0    44     1    18
 -9.1078407656812954E-01 a      1309     0    44     1    19
  6.1852822581981579E+00 a      1310     0    44     1    20
  7.2203020896776247E+00 a      1311     0    44     1    21
  1.0040433530028643E+00 a      1312     0    44     1    22
 -3.4973043648892123E-02 a      1313     0    44     1    23
 -1.1638077736529165E-01 a      1314     0    44     1    24
 -4.1671447863331652E+00 a      1315     0    44     1    25
 -9.2550693081593116E-01 a      1316     0    44     1    26
  1.0235760516767163E+01 a      1317     0    44     1    27
 -2.2760960182971499E+00 a      1318     0    44     1    28
  4.1000674461303177E+00 a      1319     0    44     1    29
 -5.0887058802486758E+00 a      1320     0    44     1    30
 -3.8733680452389385E+00 a      1321     0    45     1     1
 -1.1655525086846120E+01 a      1322     0    45     1     2
 -1.5153826591754347E+01 a      1323     0    45     1     3
  1.0370687107252545E+01 a      1324     0    45     1     4
 -2.8998149897832688E+00 a      1325     0    45     1     5
 -1.4878337728414013E+00 a      1326     0    45     1     6
 -1.4892322063686081E+00 a      1327     0    45     1     7
 -6.7328357519613053E+00 a      1328     0    45     1     8
  6.0373786347204828E+00 a      1329     0    45     1     9
  4.5947652326407100E+00 a      1330     0    45     1    10
  4.7495062784086333E+00 a      1331     0    45     1    11
 -8.3100756641372691E+00 a      1332     0    45     1    12
  4.3069820181833567E+00 a      1333     0    45     1    13
  7.0283693912778800E+00 a      1334     0    45     1    14
 -1.6669274863284119E+01 a      1335     0    45     1    15
 -4.2360919322831708E-01 a      1336     0    45     1    16
 -6.4526316585826198E+00 a      1337     0    45     1    17
 -2.2566887551015591E+00 a      1338     0    45     1    18
 -6.5243455290821508E+00 a      1339     0    45     1    19
  4.4038701260978597E+00 a      1340     0    45     1    20
  5.2566227987037495E+00 a      1341     0    45     1    21
  5.6505933029138964E+00 a      1342     0    45     1    22
 -6.2413506131446068E+00 a      1343     0    45     1    23
  4.8738802757007988E+00 a      1344     0    45     1    24
 -1.0587210490977407E+01 a      1345     0    45     1    25
 -2.9143875301563321E-01 a      1346     0    45     1    26
 -1.3273036552083470E+01 a      1347     0    45     1    27
 -1.2291500419061812E+01 a      1348     0    45     1    28
 -1.6077500552369816E+01 a      1349     0    45     1    29
 -4.6738595458898526E+00 a      1350     0    45     1    30
  1.7296785867875151E+01 a      1351     0    46     1     1
  1.0532084697126975E+00 a      1352     0    46     1     2
  2.8224672149762928E+00 a      1353     0    46     1     3
  2.0127494568318486E+01 a      1354     0    46     1     4
  1.0272158995346894E+01 a      1355     0    46     1     5
  3.5401775547503131E+00 a      1356     0    46     1     6
  1.2593721985729438E+00 a      1357     0    46     1     7
 -2.9822709671966354E+01 a      1358     0    46     1     8
  2.6013532399990069E-01 a      1359     0    46     1     9
  6.1976887775123632E+00 a      1360     0    46     1    10
  1.4197798856969149E+01 a      1361     0    46     1    11
 -2.2510901430473913E+00 a      1362     0    46     1    12
 -5.0534801772930793E+00 a      1363     0    46     1    13
  7.5213330410558514E+00 a      1364     0    46     1    14
 -8.1540689009775811E+00 a      1365     0    46     1    15
  1.5501747647027631E-01 a      1366     0    46     1    16
  1.8421076050104870E+00 a      1367     0    46     1    17
  6.3181150409974203E+00 a      1368     0    46     1    18
 -1.7965778048224031E+01 a      1369     0    46     1    19
  4.4644188565657998E+00 a      1370     0    46     1    20
  3.3005969579268829E+01 a      1371     0    46     1    21
  3.6860552129924917E+00 a      1372     0    46     1    22
 -2.4571975872692107E+01 a      1373     0    46     1    23
  8.9658327689624873E+00 a      1374     0    46     1    24
 -1.4515253285904958E+01 a      1375     0    46     1    25
  4.4045108613794373E+00 a      1376     0    46     1    26
  1.6122408856699595E+00 a      1377     0    46     1    27
 -7.6947536552099915E-01 a      1378     0    46     1    28
 -7.3895461973226233E+00 a      1379     0    46     1    29
  9.8823516132015978E+00 a      1380     0    46     1    30
 -2.8641976612450684E+00 a      1381     0    47     1     1
 -4.4054345626542304E+00 a      1382     0    47     1     2
  3.5848158199267637E+00 a      1383     0    47     1     3
 -1.7334007920157879E+00 a      1384     0    47     1     4
 -1.3870886229675206E+00 a      1385     0    47     1     5
 -1.3502734898264248E+00 a      1386     0    47     1     6
  2.3533633331869015E+00 a      1387     0    47     1     7
 -8.0335605923504150E-01 a      1388     0    47     1     8
  3.0042693545320265E-01 a      1389     0    47     1     9
  1.8413045806664166E+00 a      1390     0    47     1    10
 -2.0789770486740284E+00 a      1391     0    47     1    11
 -9.7312731032215094E-01 a      1392     0    47     1    12
 -6.3661173182074933E+00 a      1393     0    47     1    13
 -4.3949043063327968E+00 a      1394     0    47     1    14
 -2.5398746879209422E+00 a      1395     0    47     1    15
 -6.1037714126663474E+00 a      1396     0    47     1    16
 -3.3110376866932043E+00 a      1397     0    47     1    17
  1.8158571812730759E+00 a      1398     0    47     1    18
  3.4303308417405871E+00 a      1399     0    47     1    19
 -4.2226373497040331E-01 a      1400     0    47     1    20
  3.6062009392225565E+00 a      1401     0    47     1    21
 -2.0820629789048790E+00 a      1402     0    47     1    22
 -4.8612771199906596E-01 a      1403     0    47     1    23
  2.8982897721611622E+00 a      1404     0    47     1    24
  1.2466971772410003E-01 a      1405     0    47     1    25
  2.1196294602139405E+00 a      1406     0    47     1    26
 -2.2384417840270032E+00 a      1407     0    47     1    27
  4.9176210238486151E+00 a      1408     0    47     1    28
 -4.3343257048371067E+00 a      1409     0    47     1    29
 -2.9882489117669650E-02 a      1410     0    47     1    30
 -8.7569535260360531E+00 a      1411     0    48     1     1
 -4.6233665578086003E-01 a      1412     0    48     1     2
  4.4836104925119979E+00 a      1413     0    48     1     3
  1.5442546624725857E+01 a      1414     0    48     1     4
 -4.5453312565350823E-01 a      1415     0    48     1     5
 -8.9229909269217433E+00 a      1416     0    48     1     6
 -4.5645920249838481E+00 a      1417     0    48     1     7
 -6.9592736231756485E+00 a      1418     0    48     1     8
 -3.1317135249747521E+00 a      1419     0    48     1     9
 -1.7374427441801473E+01 a      1420     0    48     1    10
  4.3294460752519655E+00 a      1421     0    48     1    11
  6.3540319372207996E+00 a      1422     0    48     1    12
 -7.9360536944377316E+00 a      1423     0    48     1    13
  4.4737107428288621E+00 a      1424     0    48     1    14
 -1.7966482676608678E+01 a      1425     0    48     1    15
  4.4622199484253633E+00 a      1426     0    48     1    16
 -1.1788192737795153E+01 a      1427     0    48     1    17
  1.5849030259515466E+01 a      1428     0    48     1    18
 -5.9775254089386429E+00 a      1429     0    48     1    19
  2.4943333882749226E+00 a      1430     0    48     1    20
  1.9057982134337905E+01 a      1431     0    48     1    21
 -7.6853526855362730E+00 a      1432     0    48     1    22
 -1.8206918711215547E+01 a      1433     0    48     1    23
 -1.0332490549717797E+01 a      1434     0    48     1    24
  5.5484009756778463E-01 a      1435     0    48     1    25
 -8.7557559559279206E+00 a      1436     0    48     1    26
 -5.7260888638325822E+00 a      1437     0    48     1    27
 -4.9867787365451202E+00 a      1438     0    48     1    28
 -1.2534844061686101E+01 a      1439     0    48     1    29
 -1.1993938715340373E+00 a      1440     0    48     1    30
 -6.2238998222348441E+00 a      1441     0    49     1     1
  5.1225028540346340E+00 a      1442     0    49     1     2
 -8.5987127299753219E+00 a      1443     0    49     1     3
 -3.0029181730236793E+01 a      1444     0    49     1     4
 -1.2062201720196541E+01 a      1445     0    49     1     5
 -2.2386642129505105E+00 a      1446     0    49     1     6
 -4.9180948385796552E-01 a      1447     0    49     1     7
  3.9221524244817772E+01 a      1448     0    49     1     8
  2.3266437784185290E+00 a      1449     0    49     1     9
 -3.5094915948822076E+00 a      1450     0    49     1    10
 -2.2311934277269703E+01 a      1451     0    49     1    11
  1.0884289857387143E+01 a      1452     0    49     1    12
  1.1874828819849203E+01 a      1453     0    49     1    13
 -2.7121817885639175E+01 a      1454     0    49     1    14
  1.5903852423104674E+01 a      1455     0    49     1    15
  6.7223677378854099E+00 a      1456     0    49     1    16
  8.7511474669793756E+00 a      1457     0    49     1    17
 -2.0667150655951033E+01 a      1458     0    49     1    18
  1.5338073770568696E+01 a      1459     0    49     1    19
 -9.5585994135112653E+00 a      1460     0    49     1    20
 -5.1820203626029425E+01 a      1461     0    49     1    21
  1.7563669129960790E+01 a      1462     0    49     1    22
  3.1077570265022377E+01 a      1463     0    49     1    23
 -5.4262786735073725E+00 a      1464     0    49     1    24
  3.6521599318993685E+00 a      1465     0    49     1    25
  1.9227964572847496E+00 a      1466     0    49     1    26
 -2.1135904181044860E+00 a      1467     0    49     1    27
  1.0676016229784818E+01 a      1468     0    49     1    28
  1.7563153606577586E+01 a      1469     0    49     1    29
 -1.3123356912509804E+01 a      1470     0    49     1    30
 -1.0011458196246698E+01 a      1471     0    50     1     1
 -2.3355431574535968E+00 a      1472     0    50     1     2
  2.5409186465156814E+00 a      1473     0    50     1     3
 -1.6329803535961883E+01 a      1474     0    50     1     4
 -8.2080698657712592E+00 a      1475     0    50     1     5
 -5.2436877672645741E+00 a      1476     0    50     1     6
 -2.7730842531025997E+00 a      1477     0    50     1     7
  2.0924659063209492E+00 a      1478     0    50     1     8
  1.9275886883346280E+00 a      1479     0    50     1     9
 -4.6542839221491414E+00 a      1480     0    50     1    10
 -5.9458663527013424E+00 a      1481     0    50     1    11
  1.2854134960378187E+00 a      1482     0    50     1    12
 -6.1225614838003519E+00 a      1483     0    50     1    13
 -4.6096143265661969E+00 a      1484     0    50     1    14
  5.1427638311058788E+00 a      1485     0    50     1    15
 -2.2228818084252238E+00 a      1486     0    50     1    16
  4.3529031067653596E+00 a      1487     0    50     1    17
 -9.9567305762154579E+00 a      1488     0    50     1    18
  5.5038081176252360E+00 a      1489     0    50     1    19
  6.7091988246568892E+00 a      1490     0    50     1    20
 -2.1240425416626138E+01 a      1491     0    50     1    21
  2.8179034386712303E+00 a      1492     0    50     1    22
  2.8795474002583150E+00 a      1493     0    50     1    23
  5.1305422378997818E+00 a      1494     0    50     1    24
  6.1497365423928310E+00 a      1495     0    50     1    25
 -1.2616717842677197E+01 a      1496     0    50     1    26
 -5.5681846090002720E+00 a      1497     0    50     1    27
  4.6805792224521472E+00 a      1498     0    50     1    28
  4.8119316303089626E-01 a      1499     0    50     1    29
 -4.0732767715397751E+00 a      1500     0    50     1    30
  1.0698161995836630E+00 a      1501     0    51     1     1
  9.2389823391214101E+00 a      1502     0    51     1     2
 -4.5131053652495297E+00 a      1503     0    51     1     3
 -9.9718612041529404E+00 a      1504     0    51     1     4
  3.9491679777207560E+00 a      1505     0    51     1     5
 -3.7867296138663327E+00 a      1506     0    51     1     6
 -1.3245278729582863E+00 a      1507     0    51     1     7
  1.0496702024801465E+01 a      1508     0    51     1     8
 -6.8935069272293870E+00 a      1509     0    51     1     9
 -1.2088303297584350E+01 a      1510     0    51     1    10
  2.2554433696505831E+00 a      1511     0    51     1    11
 -6.9944357339999526E+00 a      1512     0    51     1    12
  9.0611104513396228E+00 a      1513     0    51     1    13
  5.5584157587264782E-01 a      1514     0    51     1    14
  1.5273058290472797E+01 a      1515     0    51     1    15
  6.6293398263793248E+00 a      1516     0    51     1    16
  8.0505570685933598E+00 a      1517     0    51     1    17
 -1.5629023817732532E+00 a      1518     0    51     1    18
 -7.2848085750415237E+00 a      1519     0    51     1    19
 -7.2403853671616591E-01 a      1520     0    51     1    20
 -2.1035562981346153E+01 a      1521     0    51     1    21
  4.9250151169421423E+00 a      1522     0    51     1    22
 -1.0958704387817475E+00 a      1523     0    51     1    23
  3.8496446737909502E+00 a      1524     0    51     1    24
 -4.5704416163788917E+00 a      1525     0    51     1    25
 -5.4549326545144359E+00 a      1526     0    51     1    26
  9.8368231052077544E+00 a      1527     0    51     1    27
  1.7351534773155253E+00 a      1528     0    51     1    28
  1.6081871747803980E+01 a      1529     0    51     1    29
  3.2945000132665290E+00 a      1530     0    51     1    30
  1.5173015966281021E+01 a      1531     0    52     1     1
  2.1189540089202133E+01 a      1532     0    52     1     2
  2.2827048665425256E+01 a      1533     0    52     1     3
  4.1775387590119459E+00 a      1534     0    52     1     4
 -1.9945800818684352E+00 a      1535     0    52     1     5
  6.3564154239355242E+00 a      1536     0    52     1     6
  4.5033306586537130E+00 a      1537     0    52     1     7
 -1.9286935633831319E+00 a      1538     0    52     1     8
 -8.7624730472007091E+00 a      1539     0    52     1     9
  6.9061628602726408E+00 a      1540     0    52     1    10
  3.8520269520941181E-01 a      1541     0    52     1    11
  1.4784511209027853E+01 a      1542     0    52     1    12
 -1.9934240963082022E+01 a      1543     0    52     1    13
 -1.4749687781255888E+01 a      1544     0    52     1    14
 -3.6757822261494839E+00 a      1545     0    52     1    15
 -1.2807851140460524E+01 a      1546     0    52     1    16
  1.1435485265145078E+00 a      1547     0    52     1    17
  1.8648456776673623E+00 a      1548     0    52     1    18
  1.4144603055621465E+01 a      1549     0    52     1    19
 -1.5676101498019086E+01 a      1550     0    52     1    20
  1.9551988756751648E+01 a      1551     0    52     1    21
 -1.2340841299871986E+01 a      1552     0    52     1    22
  9.9326973242927128E+00 a      1553     0    52     1    23
 -1.9943886525057959E+01 a      1554     0    52     1    24
  1.7618424324728831E+01 a      1555     0    52     1    25
  1.3589886303647940E+01 a      1556     0    52     1    26
  1.6760775034949265E+01 a      1557     0    52     1    27
  1.4784098927587305E+01 a      1558     0    52     1    28
  8.9905767142556989E+00 a      1559     0    52     1    29
  2.0131847288861171E+00 a      1560     0    52     1    30
  1.0545425083243272E+01 a      1561     0    53     1     1
 -1.1315926642479029E+01 a      1562     0    53     1     2
 -6.7512435354654068E+00 a      1563     0    53     1     3
 -1.1331764200708424E+01 a      1564     0    53     1     4
  8.3199395086521157E+00 a      1565     0    53     1     5
  1.6514047438003857E+01 a      1566     0    53     1     6
  5.3620442661866907E-01 a      1567     0    53     1     7
  1.4609934354043483E+00 a      1568     0    53     1     8
  3.5757830880962511E+00 a      1569     0    53     1     9
  2.7731038528830954E+01 a      1570     0    53     1    10
  6.4101308614835171E+00 a      1571     0    53     1    11
 -1.4166464968089802E+01 a      1572     0    53     1    12
  3.7986314400954801E-01 a      1573     0    53     1    13
  7.0352897080730852E+00 a      1574     0    53     1    14
  1.3009846541144093E+01 a      1575     0    53     1    15
 -1.1236613506343993E+01 a      1576     0    53     1    16
  1.0609346372565314E+01 a      1577     0    53     1    17
 -1.5650414241823004E+01 a      1578     0    53     1    18
  6.5081088438178618E+00 a      1579     0    53     1    19
  5.5870342582402159E+00 a      1580     0    53     1    20
 -4.3520791278524857E+00 a      1581     0    53     1    21
 -6.2334411883118861E+00 a      1582     0    53     1    22
  9.7321605591350018E+00 a      1583     0    53     1    23
  1.3757787297300428E+01 a      1584     0    53     1    24
 -7.1521621831076239E+00 a      1585     0    53     1    25
  1.3916357977995322E+01 a      1586     0    53     1    26
  1.0772166677552962E+01 a      1587     0    53     1    27
 -4.8260637442945615E+00 a      1588     0    53     1    28
 -4.6704328657811818E+00 a      1589     0    53     1    29
  5.4774900143805754E+00 a      1590     0    53     1    30
  1.3139031100064951E+00 a      1591     0    54     1     1
  6.6606625630600060E+00 a      1592     0    54     1     2
 -4.1757159248265427E+00 a      1593     0    54     1     3
  5.4377661431829472E+00 a      1594     0    54     1     4
  1.2871340027654357E+01 a      1595     0    54     1     5
  7.0586517917953833E+00 a      1596     0    54     1     6
 -4.5657188596887304E+00 a      1597     0    54     1     7
  3.1161588830644527E+00 a      1598     0    54     1     8
 -3.1800777171695245E+00 a      1599     0    54     1     9
  7.2566478801900356E+00 a      1600     0    54     1    10
  1.5518913783839059E+01 a      1601     0    54     1    11
 -1.5444604303511804E+01 a      1602     0    54     1    12
  4.7371941832960127E+00 a      1603     0    54     1    13
  1.5434747562557554E+01 a      1604     0    54     1    14
 -9.6612613543879586E+00 a      1605     0    54     1    15
 -1.1925536121552286E+01 a      1606     0    54     1    16
 -1.3486724738140628E+01 a      1607     0    54     1    17
  1.6111573309285465E+01 a      1608     0    54     1    18
  1.2387243410070127E+01 a      1609     0    54     1    19
 -3.2685677488268352E+00 a      1610     0    54     1    20
  1.1350219416490168E+01 a      1611     0    54     1    21
 -8.5555272569777348E+00 a      1612     0    54     1    22
  7.4652414611978539E+00 a      1613     0    54     1    23
 -1.1066288220161852E+01 a      1614     0    54     1    24
  1.6645546728737223E+01 a      1615     0    54     1    25
  6.8026582267663800E+00 a      1616     0    54     1    26
  1.8734448591749786E+01 a      1617     0    54     1    27
 -1.1586678149160658E+01 a      1618     0    54     1    28
  3.3749479197390522E+00 a      1619     0    54     1    29
 -1.3625550572028395E+00 a      1620     0    54     1    30
 -7.7421045884825386E+00 a      1621     0    55     1     1
 -4.6682609300733588E+00 a      1622     0    55     1     2
 -1.1659900415439935E+01 a      1623     0    55     1     3
  8.0893186246557196E+00 a      1624     0    55     1     4
  2.9686787759530682E+00 a      1625     0    55     1     5
  1.2420525379096473E+01 a      1626     0    55     1     6
 -3.4899734292139009E+00 a      1627     0    55     1     7
 -2.3121781217748296E+01 a      1628     0    55     1     8
  5.0821667518947429E+00 a      1629     0    55     1     9
  1.2095352513616021E+01 a      1630     0    55     1    10
  1.5573997700095714E+00 a      1631     0    55     1    11
  9.8827279265155443E+00 a      1632     0    55     1    12
  1.2551132414450946E+01 a      1633     0    55     1    13
  2.0328714779951273E+01 a      1634     0    55     1    14
 -3.9526747896052736E+00 a      1635     0    55     1    15
  1.6196792693709234E+01 a      1636     0    55     1    16
  1.0527905970837863E+00 a      1637     0    55     1    17
 -3.1145447149768133E+00 a      1638     0    55     1    18
  7.9397746747710252E-01 a      1639     0    55     1    19
 -4.5732546256531421E+00 a      1640     0    55     1    20
  4.8806649602811181E+00 a      1641     0    55     1    21
  6.4221874815399458E+00 a      1642     0    55     1    22
 -1.0226789869552031E+00 a      1643     0    55     1    23
  2.3052267334601653E+00 a      1644     0    55     1    24
  4.7151045115005905E+00 a      1645     0    55     1    25
 -5.9328399351187828E+00 a      1646     0    55     1    26
  6.3871742215347167E+00 a      1647     0    55     1    27
 -1.3525201158848710E+00 a      1648     0    55     1    28
 -5.6104491127832885E+00 a      1649     0    55     1    29
 -5.6717658488406837E+00 a      1650     0    55     1    30
 -2.7360952481921800E+01 a      1651     0    56     1     1
 -3.5204352532485082E+01 a      1652     0    56     1     2
 -1.3655998320460602E+01 a      1653     0    56     1     3
  1.1204156348676893E+01 a      1654     0    56     1     4
  2.4475874044990125E+00 a      1655     0    56     1     5
 -3.2223848998075897E+00 a      1656     0    56     1     6
  2.4179357375646453E+00 a      1657     0    56     1     7
 -1.4740694621572329E+01 a      1658     0    56     1     8
 -4.3326535337274246E+00 a      1659     0    56     1     9
  2.2439746484509757E+00 a      1660     0    56     1    10
 -8.1871870220273788E+00 a      1661     0    56     1    11
 -2.8374358809895249E+01 a      1662     0    56     1    12
 -1.8907299376648437E+00 a      1663     0    56     1    13
  2.4549066585523288E+01 a      1664     0    56     1    14
 -6.8369013294585965E+00 a      1665     0    56     1    15
  1.7554831202267462E+01 a      1666     0    56     1    16
  8.4267387224449823E+00 a      1667     0    56     1    17
  2.2004804555515250E+01 a      1668     0    56     1    18
 -1.8191364986166544E+01 a      1669     0    56     1    19
 -6.5513529570174187E+00 a      1670     0    56     1    20
 -1.6771320396876089E+01 a      1671     0    56     1    21
  8.4767513824466771E+00 a      1672     0    56     1    22
 -3.0572449142863267E+01 a      1673     0    56     1    23
  2.1844126266269317E+01 a      1674     0    56     1    24
 -6.2862086684506329E+00 a      1675     0    56     1    25
 -7.7774144560391745E-01 a      1676     0    56     1    26
  7.8303098667225592E+00 a      1677     0    56     1    27
 -1.7375450707291812E+01 a      1678     0    56     1    28
 -7.7997759732063656E+00 a      1679     0    56     1    29
 -3.5932207746610345E-01 a      1680     0    56     1    30
  1.5403782237060602E+01 a      1681     0    57     1     1
  5.8182449699635761E+00 a      1682     0    57     1     2
  6.4399485760321724E+00 a      1683     0    57     1     3
 -7.8394741758317377E+00 a      1684     0    57     1     4
 -1.5910828610827250E+00 a      1685     0    57     1     5
 -5.3044784502976245E+00 a      1686     0    57     1     6
  1.1259511232442092E-01 a      1687     0    57     1     7
  2.6565037705801334E+01 a      1688     0    57     1     8
  1.9470389994560950E+01 a      1689     0    57     1     9
 -1.0110133648779453E+01 a      1690     0    57     1    10
  3.2672480598858673E+00 a      1691     0    57     1    11
  2.4545075209628826E+00 a      1692     0    57     1    12
  1.7239648312970779E+00 a      1693     0    57     1    13
 -1.1655376247857093E+01 a      1694     0    57     1    14
  5.3113404728094311E+00 a      1695     0    57     1    15
 -1.6593074768168062E+01 a      1696     0    57     1    16
 -2.1683546518946231E+00 a      1697     0    57     1    17
 -2.4557993876707219E+01 a      1698     0    57     1    18
 -2.5976603702797330E-01 a      1699     0    57     1    19
  1.6302176178244682E+01 a      1700     0    57     1    20
  2.2574189549429537E+01 a      1701     0    57     1    21
 -7.4939190560879387E+00 a      1702     0    57     1    22
  1.6926544714465866E+01 a      1703     0    57     1    23
 -5.2235123761969149E+00 a      1704     0    57     1    24
  2.9534909432576288E+00 a      1705     0    57     1    25
 -1.2878270433696537E+01 a      1706     0    57     1    26
 -3.4323899438624537E+01 a      1707     0    57     1    27
  3.3506947322830691E+00 a      1708     0    57     1    28
 -4.2225676852477956E-01 a      1709     0    57     1    29
 -7.7148932702953630E+00 a      1710     0    57     1    30
 -3.0933994795765312E+01 a      1711     0    58     1     1
  1.9742000442321936E+00 a      1712     0    58     1     2
  1.2717280279781008E+01 a      1713     0    58     1     3
  2.6350045785451432E+01 a      1714     0    58     1     4
 -6.3559588663622808E+00 a      1715     0    58     1     5
 -9.6842621414799321E+00 a      1716     0    58     1     6
 -2.8867399133690115E+00 a      1717     0    58     1     7
 -3.1604692727196987E+01 a      1718     0    58     1     8
 -8.8371597991917632E+00 a      1719     0    58     1     9
 -3.5329042182148733E+01 a      1720     0    58     1    10
 -1.7545426208458046E+01 a      1721     0    58     1    11
  2.9583035983419514E+01 a      1722     0    58     1    12
  1.2152092868408095E+01 a      1723     0    58     1    13
  2.0608052190797270E+00 a      1724     0    58     1    14
  1.0139165842998478E+01 a      1725     0    58     1    15
 -6.1441550750146101E+00 a      1726     0    58     1    16
 -2.9855714944262450E+00 a      1727     0    58     1    17
  1.7375301643529593E+01 a      1728     0    58     1    18
 -2.7088679975418216E+01 a      1729     0    58     1    19
  7.4902203538684073E+00 a      1730     0    58     1    20
  1.4516468550817487E+01 a      1731     0    58     1    21
 -8.4433905508366838E+00 a      1732     0    58     1    22
 -3.4517744622474549E+00 a      1733     0    58     1    23
  2.4083032328811559E+01 a      1734     0    58     1    24
 -1.9266951145089966E+01 a      1735     0    58     1    25
 -2.1012347485955335E+01 a      1736     0    58     1    26
 -2.8723867577513815E+01 a      1737     0    58     1    27
 -4.5053020114157150E+00 a      1738     0    58     1    28
 -5.2914577333685617E+00 a      1739     0    58     1    29
 -5.1089538870106956E+00 a      1740     0    58     1    30
  2.4343952733783589E+00 a      1741     0    59     1     1
  9.3017344312346903E+00 a      1742     0    59     1     2
  9.1109024875234148E+00 a      1743     0    59     1     3
  5.4335915432826596E+00 a      1744     0    59     1     4
 -2.1116687232033082E+00 a      1745     0    59     1     5
 -1.0499208795358113E+01 a      1746     0    59     1     6
  2.5995028753613312E+00 a      1747     0    59     1     7
 -1.1112665677279836E+00 a      1748     0    59     1     8
  3.5272909853923401E-01 a      1749     0    59     1     9
  3.1308492720654035E+00 a      1750     0    59     1    10
  2.4088688741193010E+00 a      1751     0    59     1    11
 -1.2074144639781434E+01 a      1752     0    59     1    12
  4.1838507168602241E+00 a      1753     0    59     1    13
 -3.6539844661605363E+00 a      1754     0    59     1    14
 -8.6080378474128985E+00 a      1755     0    59     1    15
  8.6944582501830876E+00 a      1756     0    59     1    16
 -7.5401618659716672E+00 a      1757     0    59     1    17
  2.4659547382778930E+00 a      1758     0    59     1    18
  3.7827503288559825E+00 a      1759     0    59     1    19
 -3.9690154771839898E+00 a      1760     0    59     1    20
 -2.3508957962368244E+00 a      1761     0    59     1    21
  1.3400755821118349E+01 a      1762     0    59     1    22
 -7.5972655277099923E+00 a      1763     0    59     1    23
 -9.6632240843173687E+00 a      1764     0    59     1    24
  1.2440832931925572E+01 a      1765     0    59     1    25
 -7.6135003629608589E+00 a      1766     0    59     1    26
  5.3169217477067523E+00 a      1767     0    59     1    27
  6.7450181805774507E+00 a      1768     0    59     1    28
  2.0143308922100370E+01 a      1769     0    59     1    29
 -4.0594612823016796E+00 a      1770     0    59     1    30
  1.1122530688674713E+01 a      1771     0    60     1     1
 -3.6544503755203461E+00 a      1772     0    60     1     2
 -8.1597754731177408E-01 a      1773     0    60     1     3
  8.3602328538601096E+00 a      1774     0    60     1     4
 -2.1329169414806472E+01 a      1775     0    60     1     5
 -7.5789286549642672E+00 a      1776     0    60     1     6
  9.3012550267414706E+00 a      1777     0    60     1     7
  3.5487650241591839E+00 a      1778     0    60     1     8
  1.3218365564197422E+01 a      1779     0    60     1     9
 -8.2247039158992639E+00 a      1780     0    60     1    10
 -2.0071933652404841E+00 a      1781     0    60     1    11
 -3.4095352517420763E-01 a      1782     0    60     1    12
 -6.5283409487167710E+00 a      1783     0    60     1    13
 -7.3670743562879535E+00 a      1784     0    60     1    14
  6.5636313154753312E+00 a      1785     0    60     1    15
  7.9513093208361694E+00 a      1786     0    60     1    16
  1.3810109777767076E+01 a      1787     0    60     1    17
 -2.0472612345692966E+01 a      1788     0    60     1    18
 -1.3119802095922761E+01 a      1789     0    60     1    19
 -3.4447056669319558E+00 a      1790     0    60     1    20
 -5.2922463926261791E+00 a      1791     0    60     1    21
  4.6800964715460291E-01 a      1792     0    60     1    22
 -5.7628058954263339E-01 a      1793     0    60     1    23
  1.5891498230312852E+01 a      1794     0    60     1    24
 -2.2246956321267607E+01 a      1795     0    60     1    25
 -8.2961942372491713E+00 a      1796     0    60     1    26
 -5.4809555490801349E+00 a      1797     0    60     1    27
  4.5817956605989538E+00 a      1798     0    60     1    28
  3.5010621442250671E+00 a      1799     0    60     1    29
 -1.7329634668867008E+01 a      1800     0    60     1    30
  2.4499796341965283E+01 a      1801     0    61     1     1
 -1.6446871824328102E+01 a      1802     0    61     1     2
 -1.6841622495722028E+01 a      1803     0    61     1     3
 -3.4928169902999130E+01 a      1804     0    61     1     4
 -1.4683916895466123E+01 a      1805     0    61     1     5
  2.7479782746098635E+00 a      1806     0    61     1     6
  9.3839383672490992E+00 a      1807     0    61     1     7
  2.1132586867690364E+01 a      1808     0    61     1     8
  6.3460830349492978E+00 a      1809     0    61     1     9
  1.7750213618298300E+01 a      1810     0    61     1    10
  7.5155743938736075E+00 a      1811     0    61     1    11
 -1.7676663591420340E+01 a      1812     0    61     1    12
 -3.7160400528069012E+01 a      1813     0    61     1    13
 -3.6100909468000451E+00 a      1814     0    61     1    14
 -1.0337209282556715E+01 a      1815     0    61     1    15
  2.3850018172979926E+01 a      1816     0    61     1    16
  1.4837530929181726E+01 a      1817     0    61     1    17
 -2.4665917037880476E+01 a      1818     0    61     1    18
  2.8580790803019813E+01 a      1819     0    61     1    19
 -6.2807708104293489E+00 a      1820     0    61     1    20
 -2.1036550938366830E+01 a      1821     0    61     1    21
  6.8376889977381239E-01 a      1822     0    61     1    22
 -1.5225957186394611E+01 a      1823     0    61     1    23
 -2.0540421986178782E+01 a      1824     0    61     1    24
  1.6881331999845827E+01 a      1825     0    61     1    25
  2.6388782430538647E+01 a      1826     0    61     1    26
  7.8698807438345169E+00 a      1827     0    61     1    27
  1.1312283632877516E+01 a      1828     0    61     1    28
 -1.5308776719044241E+01 a      1829     0    61     1    29
  1.8875769706945590E+01 a      1830     0    61     1    30
  1.4505693516652796E+01 a      1831     0    62     1     1
  5.6301547212677256E+00 a      1832     0    62     1     2
  1.9361123121817116E+01 a      1833     0    62     1     3
 -2.6532739570849042E+00 a      1834     0    62     1     4
 -1.3536453365135642E+01 a      1835     0    62     1     5
 -1.6968317201910590E+01 a      1836     0    62     1     6
  7.6812668552992394E+00 a      1837     0    62     1     7
  3.1530122348256654E+01 a      1838     0    62     1     8
 -1.8745341484164854E+01 a      1839     0    62     1     9
 -1.1718497609068205E+01 a      1840     0    62     1    10
 -5.6150521126092636E+00 a      1841     0    62     1    11
  2.8284267907330651E-01 a      1842     0    62     1    12
 -1.4579519236904520E+01 a      1843     0    62     1    13
 -2.3522933671564985E+01 a      1844     0    62     1    14
 -1.4871603597196312E+00 a      1845     0    62     1    15
 -1.5403548832753286E+01 a      1846     0    62     1    16
 -2.4095637154437393E+00 a      1847     0    62     1    17
  2.7650549741457414E+01 a      1848     0    62     1    18
  3.3757611794290483E+00 a      1849     0    62     1    19
  1.5487315777233861E+00 a      1850     0    62     1    20
 -1.2646792285322894E+01 a      1851     0    62     1    21
  1.0509902099642607E+00 a      1852     0    62     1    22
 -7.0040604314153809E-01 a      1853     0    62     1    23
 -8.3616913883429866E+00 a      1854     0    62     1    24
 -2.0854266721763288E+01 a      1855     0    62     1    25
  2.1785078658742002E+01 a      1856     0    62     1    26
  8.8144894172747676E+00 a      1857     0    62     1    27
 -1.3389263899690043E+00 a      1858     0    62     1    28
  9.4470784077164871E-01 a      1859     0    62     1    29
  2.5414620310331102E+01 a      1860     0    62     1    30
 -3.4202413868111542E+01 a      1861     0    63     1     1
  3.9764693894594039E-01 a      1862     0    63     1     2
 -5.8793332998545491E+00 a      1863     0    63     1     3
 -1.8696573483135740E+01 a      1864     0    63     1     4
  2.1527373459331180E+01 a      1865     0    63     1     5
  6.0289228728032596E-01 a      1866     0    63     1     6
 -4.0327337190534840E-01 a      1867     0    63     1     7
 -5.7052795372450031E+00 a      1868     0    63     1     8
 -2.1177396739026326E+00 a      1869     0    63     1     9
  2.8685766228326219E+00 a      1870     0    63     1    10
  2.1589186313367064E+00 a      1871     0    63     1    11
 -1.0287158094370124E+01 a      1872     0    63     1    12
 -2.4279604941733783E+00 a      1873     0    63     1    13
  8.8360218681676930E+00 a      1874     0    63     1    14
  1.0768931792375294E+00 a      1875     0    63     1    15
  3.2250281505129781E+00 a      1876     0    63     1    16
 -7.4448908614784486E+00 a      1877     0    63     1    17
 -9.1694408259504421E+00 a      1878     0    63     1    18
 -1.3270161553945789E+01 a      1879     0    63     1    19
  1.0617847699744022E+01 a      1880     0    63     1    20
  7.1699424492524255E-01 a      1881     0    63     1    21
 -1.0446511366125884E+01 a      1882     0    63     1    22
 -1.4039968758299457E+00 a      1883     0    63     1    23
 -2.1946487139179678E+00 a      1884     0    63     1    24
 -4.6822896178885962E+00 a      1885     0    63     1    25
  9.4816738856916132E+00 a      1886     0    63     1    26
 -7.8045716227425704E-02 a      1887     0    63     1    27
  1.1998912240990025E+01 a      1888     0    63     1    28
  3.1490201246883318E+00 a      1889     0    63     1    29
  6.7504199671274439E+00 a      1890     0    63     1    30
 -2.9020058023631150E+00 a      1891     0    64     1     1
 -1.3566481098655336E+01 a      1892     0    64     1     2
 -7.6604145813175277E+00 a      1893     0    64     1     3
  6.3964841841958124E+00 a      1894     0    64     1     4
 -5.8532175283482202E+00 a      1895     0    64     1     5
  1.8933698709456994E+00 a      1896     0    64     1     6
  1.2179984714182210E+01 a      1897     0    64     1     7
  1.2171537491335664E+01 a      1898     0    64     1     8
 -5.0924679546553930E+00 a      1899     0    64     1     9
 -2.4080818320880656E+01 a      1900     0    64     1    10
  1.7067478875845712E+01 a      1901     0    64     1    11
 -1.8402746034391118E+00 a      1902     0    64     1    12
  1.1162552338813523E+01 a      1903     0    64     1    13
  1.3837379326007438E+01 a      1904     0    64     1    14
 -1.0549479080858109E+01 a      1905     0    64     1    15
  1.7298551245380313E+01 a      1906     0    64     1    16
  2.1034401849569391E+00 a      1907     0    64     1    17
 -5.8301621182151777E+00 a      1908     0    64     1    18
 -1.0688666366358529E-01 a      1909     0    64     1    19
 -7.2810887339879509E+00 a      1910     0    64     1    20
  5.1825694448784709E+00 a      1911     0    64     1    21
 -3.4310555654913992E+00 a      1912     0    64     1    22
 -1.5923337968626790E+00 a      1913     0    64     1    23
 -8.7006253443249104E+00 a      1914     0    64     1    24
 -2.6329973775440623E+00 a      1915     0    64     1    25
  1.5937576648199499E+01 a      1916     0    64     1    26
 -7.2678709699332069E+00 a      1917     0    64     1    27
 -3.1069897002506974E+00 a      1918     0    64     1    28
  3.2311409006903729E+00 a      1919     0    64     1    29
  8.0016198991183032E+00 a      1920     0    64     1    30
  9.2208572621138274E-01 b      1921     1     1
  3.2683544338769508E+00 b      1922     1     2
  2.8544345422747069E-01 b      1923     1     3
 -7.3773337828053664E-01 b      1924     1     4
  1.6283351732410352E+00 b      1925     1     5
  1.6961659887610105E+00 b      1926     1     6
  2.7063485482370560E+00 b      1927     1     7
 -3.5824127035810116E-01 b      1928     1     8
 -1.3844271638585509E-01 b      1929     1     9
 -1.0077299939195072E+00 b      1930     1    10
 -9.4420355420669511E-01 b      1931     1    11
 -2.4308242899921523E-01 b      1932     1    12
 -3.7934324166103379E+00 b      1933     1    13
 -1.6333037424640404E+00 b      1934     1    14
 -3.7319544420683122E+00 b      1935     1    15
 -1.0236520703699672E+00 b      1936     1    16
  1.2978319157720248E+00 b      1937     1    17
  1.6817414109054385E-01 b      1938     1    18
 -5.3179278149020215E+00 b      1939     1    19
  2.7681948497266258E+00 b      1940     1    20
 -1.6627196017152770E+00 b      1941     1    21
 -2.3579087722993832E+00 b      1942     1    22
  9.8934862931704462E-02 b      1943     1    23
  1.6489229876326488E+00 b      1944     1    24
 -1.4364800960855253E+00 b      1945     1    25
 -1.6431344479127277E-01 b      1946     1    26
 -1.4855593849792046E+00 b      1947     1    27
  1.8897052285693423E+00 b      1948     1    28
 -2.1995859432706837E+00 b      1949     1    29
 -1.3067761854085180E+00 b      1950     1    30
  4.7225866678286743E-01 a      1951     1     1     2     1
 -6.1969235495053399E-01 a      1952     1     1     2     2
 -2.0259827182473886E+00 a      1953     1     1     2     3
  3.0169066360646590E-01 a      1954     1     1     2     4
  1.5126317009531673E+00 a      1955     1     1     2     5
 -2.0893364824832767E+00 a      1956     1     1     2     6
 -2.1795604427636506E+00 a      1957     1     1     2     7
  1.1657152307786509E-01 a      1958     1     1     2     8
 -1.3380245901240444E+00 a      1959     1     1     2     9
 -2.7139339136801027E-01 a      1960     1     1     2    10
  1.7483195681745605E+00 a      1961     1     1     2    11
  1.5482228439466756E+00 a      1962     1     1     2    12
 -6.4490218860508416E-02 a      1963     1     1     2    13
 -3.2401669707686178E+00 a      1964     1     1     2    14
  2.4278972903134111E-01 a      1965     1     1     2    15
  8.5190997357975629E-01 a      1966     1     1     2    16
  2.3772835574584970E+00 a      1967     1     1     2    17
 -2.8136251634665426E+00 a      1968     1     1     2    18
  1.1388607998299616E+00 a      1969     1     1     2    19
  1.3010383993809220E+00 a      1970     1     1     2    20
 -8.4995390448802333E-01 a      1971     1     1     2    21
  7.5232802489583206E-01 a      1972     1     1     2    22
  1.3306164173331660E+00 a      1973     1     1     2    23
 -1.5328679003983083E+00 a      1974     1     1     2    24
  7.4989814647735964E-01 a      1975     1     1     2    25
 -2.4310707068261003E-01 a      1976     1     1     2    26
  4.2183157969289486E-01 a      1977     1     1     2    27
 -1.3017233096151806E-01 a      1978     1     1     2    28
  7.7146376330015887E-01 a      1979     1     1     2    29
 -6.5378093758752032E-01 a      1980     1     1     2    30
  9.5394368572182392E-02 a      1981     1     2     2     1
  1.5692807994332700E+00 a      1982     1     2     2     2
  1.7770191938168250E-01 a      1983     1     2     2     3
 -1.4093072220289351E+00 a      1984     1     2     2     4
 -2.0570465596904590E+00 a      1985     1     2     2     5
  1.4230034321719411E+00 a      1986     1     2     2     6
 -4.4175285772803308E-01 a      1987     1     2     2     7
 -2.4181847632503013E+00 a      1988     1     2     2     8
  5.6697044695652410E-01 a      1989     1     2     2     9
 -1.0795662383057225E+00 a      1990     1     2     2    10
 -8.7297151145418317E-01 a      1991     1     2     2    11
 -7.3588851436392255E-01 a      1992     1     2     2    12
  8.2957477559875503E-01 a      1993     1     2     2    13
  2.8208503819260107E-02 a      1994     1     2     2    14
  5.1420295661889226E-01 a      1995     1     2     2    15
 -4.1866564750909430E-01 a      1996     1     2     2    16
 -9.0475503661568679E-01 a      1997     1     2     2    17
  1.6790485353370559E+00 a      1998     1     2     2    18
 -8.3141943225526316E-01 a      1999     1     2     2    19
  1.1204840627282107E+00 a      2000     1     2     2    20
 -1.0094542409973339E+00 a      2001     1     2     2    21
 -2.6265961362507722E+00 a      2002     1     2     2    22
 -1.2691612256727047E-02 a      2003     1     2     2    23
 -1.7770591751885886E-01 a      2004     1     2     2    24
 -1.9476796156546139E+00 a      2005     1     2     2    25
 -7.6847961630755657E-01 a      2006     1     2     2    26
 -4.7333205529336919E-01 a      2007     1     2     2    27
 -5.4300624783726083E-03 a      2008     1     2     2    28
  7.0248329206488380E-01 a      2009     1     2     2    29
 -1.4732368033747005E+00 a      2010     1     2     2    30
  5.6668810557082838E-01 a      2011     1     3     2     1
 -1.0066548758408522E-01 a      2012     1     3     2     2
  3.9809295648513077E-01 a      2013     1     3     2     3
  6.7867968737800932E-01 a      2014     1     3     2     4
  1.0352405345956769E-01 a      2015     1     3     2     5
 -7.4855506886929879E-02 a      2016     1     3     2     6
 -1.3901045866484310E+00 a      2017     1     3     2     7
 -1.4142996414621982E+00 a      2018     1     3     2     8
  1.1487241069087439E+00 a      2019     1     3     2     9
  8.3973083857360487E-01 a      2020     1     3     2    10
  2.3648120174385339E+00 a      2021     1     3     2    11
 -1.0457106127162268E+00 a      2022     1     3     2    12
 -4.7977460110440256E-01 a      2023     1     3     2    13
 -1.0556439375815285E-01 a      2024     1     3     2    14
 -1.1598355613505371E+00 a      2025     1     3     2    15
 -9.8793617251844434E-01 a      2026     1     3     2    16
  1.2991990843999893E-02 a      2027     1     3     2    17
 -3.9781554484721260E-01 a      2028     1     3     2    18
  7.9408594976864788E-01 a      2029     1     3     2    19
 -3.0344303995872274E-01 a      2030     1     3     2    20
  1.5697419618190807E+00 a      2031     1     3     2    21
  4.2123453938257188E-01 a      2032     1     3     2    22
 -1.0480897815515984E+00 a      2033     1     3     2    23
 -2.4987985595306619E-01 a      2034     1     3     2    24
 -7.0527541073928368E-01 a      2035     1     3     2    25
  2.4625779373926950E+00 a      2036     1     3     2    26
  8.3426762158289502E-01 a      2037     1     3     2    27
  2.4529624474397743E-01 a      2038     1     3     2    28
  1.6310761820671210E-01 a      2039     1     3     2    29
  1.7754384690662051E-01 a      2040     1     3     2    30
  4.5682425210287710E-02 a      2041     1     4     2     1
 -4.7818214345128901E-01 a      2042     1     4     2     2
  1.7020417595945636E+00 a      2043     1     4     2     3
 -6.3110781069139477E-01 a      2044     1     4     2     4
 -1.8565450375227660E-01 a      2045     1     4     2     5
  5.3107319377582141E-01 a      2046     1     4     2     6
 -8.7865244448335633E-01 a      2047     1     4     2     7
  2.5378440985572968E+00 a      2048     1     4     2     8
 -1.9256395880042818E-01 a      2049     1     4     2     9
  2.2015639113025501E-01 a      2050     1     4     2    10
  7.4074948147587594E-01 a      2051     1     4     2    11
  1.9074561201755649E+00 a      2052     1     4     2    12
 -1.0104583153400335E+00 a      2053     1     4     2    13
  8.2191042041122686E-01 a      2054     1     4     2    14
  1.6184702859110622E-01 a      2055     1     4     2    15
 -7.5147705939612941E-01 a      2056     1     4     2    16
  2.3087010706946867E-01 a      2057     1     4     2    17
 -1.6773038279445887E+00 a      2058     1     4     2    18
 -8.8053826407719427E-01 a      2059     1     4     2    19
 -3.1495336815020312E+00 a      2060     1     4     2    20
 -1.2852180498585104E+00 a      2061     1     4     2    21
 -6.1896409704863364E-01 a      2062     1     4     2    22
  2.5241723633041208E-01 a      2063     1     4     2    23
  2.6474991020891220E-01 a      2064     1     4     2    24
  1.1371144676919320E+00 a      2065     1     4     2    25
 -1.2492845788250835E+00 a      2066     1     4     2    26
  8.0269109683057105E-01 a      2067     1     4     2    27
  1.9295516651263294E+00 a      2068     1     4     2    28
 -2.4428793597267355E+00 a      2069     1     4     2    29
  1.6586366422682719E+00 a      2070     1     4     2    30
  6.1303489280697387E-01 a      2071     1     5     2     1
 -8.1641470372257874E-01 a      2072     1     5     2     2
 -1.2893731660411711E+00 a      2073     1     5     2     3
 -8.8561365497842759E-01 a      2074     1     5     2     4
 -1.4717514536607113E+00 a      2075     1     5     2     5
  3.6021029298180501E-03 a      2076     1     5     2     6
 -6.6941047640307039E-01 a      2077     1     5     2     7
  1.0964522112672423E+00 a      2078     1     5     2     8
 -8.9292323851983912E-01 a      2079     1     5     2     9
  2.5677898420104722E-01 a      2080     1     5     2    10
 -8.9288378146546110E-01 a      2081     1     5     2    11
 -1.9061294441347780E+00 a      2082     1     5     2    12
 -9.8855781039660875E-02 a      2083     1     5     2    13
 -1.1026182778654470E+00 a      2084     1     5     2    14
 -4.5038499070780247E-01 a      2085     1     5     2    15
  1.2114917290559652E+00 a      2086     1     5     2    16
 -1.9189708074188503E+00 a      2087     1     5     2    17
  5.5631823660432955E-01 a      2088     1     5     2    18
  3.9413782357919513E-01 a      2089     1     5     2    19
 -2.7729986835355347E+00 a      2090     1     5     2    20
 -3.4625619926594309E-01 a      2091     1     5     2    21
  1.7965259434839480E+00 a      2092     1     5     2    22
  3.9456064234988963E-01 a      2093     1     5     2    23
  7.6288700002241605E-01 a      2094     1     5     2    24
 -3.2174448054055282E-01 a      2095     1     5     2    25
  2.2302994118524033E+00 a      2096     1     5     2    26
  2.0652981425761749E-01 a      2097     1     5     2    27
 -5.1781760223207129E-01 a      2098     1     5     2    28
 -1.7726470861180632E+00 a      2099     1     5     2    29
  1.6539168245807796E+00 a      2100     1     5     2    30
  2.2071984609351318E+00 a      2101     1     6     2     1
 -9.9953201845746054E-01 a      2102     1     6     2     2
  2.1016505850692443E-01 a      2103     1     6     2     3
 -4.1448437250477566E-01 a      2104     1     6     2     4
 -1.1755662587645364E+00 a      2105     1     6     2     5
 -1.4718317354932429E+00 a      2106     1     6     2     6
 -5.6022135297180020E-01 a      2107     1     6     2     7
  3.5581154565210484E+00 a      2108     1     6     2     8
 -6.1355194101588684E-01 a      2109     1     6     2     9
 -1.0242518697772600E+00 a      2110     1     6     2    10
 -2.9595490268263589E+00 a      2111     1     6     2    11
  1.4544825846224700E+00 a      2112     1     6     2    12
  9.8884479801438885E-02 a      2113     1     6     2    13
 -6.8213884500839830E-02 a      2114     1     6     2    14
 -9.8940282829712289E-01 a      2115     1     6     2    15
  1.0806530217808128E+00 a      2116     1     6     2    16
 -7.5841159722284168E-01 a      2117     1     6     2    17
  7.2635946484574054E-01 a      2118     1     6     2    18
 -9.5063183635001336E-01 a      2119     1     6     2    19
  3.9886939593575937E-01 a      2120     1     6     2    20
  2.8727488472360685E-01 a      2121     1     6     2    21
  4.7468716084234655E-02 a      2122     1     6     2    22
 -4.4916924116614726E-01 a      2123     1     6     2    23
  2.3559082051631283E-01 a      2124     1     6     2    24
  1.3017718654212780E+00 a      2125     1     6     2    25
 -2.6225564898987508E+00 a      2126     1     6     2    26
  1.3736106564855355E+00 a      2127     1     6     2    27
  4.8786286574953819E-01 a      2128     1     6     2    28
 -2.4437537382505015E-01 a      2129     1     6     2    29
 -1.3463104593095596E+00 a      2130     1     6     2    30
  1.5975168877135162E+00 a      2131     1     7     2     1
 -1.0489687810750727E+00 a      2132     1     7     2     2
  6.3533239074933345E-01 a      2133     1     7     2     3
  8.2157409398353443E-01 a      2134     1     7     2     4
  1.7132075607419812E+00 a      2135     1     7     2     5
 -8.0779873294657401E-01 a      2136     1     7     2     6
  6.7974293707880462E-01 a      2137     1     7     2     7
 -7.2705247842847498E-01 a      2138     1     7     2     8
  1.5224882836646645E+00 a      2139     1     7     2     9
  1.6664017148654633E-01 a      2140     1     7     2    10
  7.7058438825207942E-01 a      2141     1     7     2    11
  2.4985572804304277E+00 a      2142     1     7     2    12
 -3.1938008889435085E-02 a      2143     1     7     2    13
 -5.8818122514130200E-01 a      2144     1     7     2    14
 -4.1456034273160491E-01 a      2145     1     7     2    15
 -4.3476308304395292E+00 a      2146     1     7     2    16
 -1.6768341056133446E-01 a      2147     1     7     2    17
  4.4674106985675704E-01 a      2148     1     7     2    18
 -1.0293142510098816E+00 a      2149     1     7     2    19
 -1.9866092491019856E+00 a      2150     1     7     2    20
  1.1410046216358132E+00 a      2151     1     7     2    21
 -1.0832542560810032E-01 a      2152     1     7     2    22
  1.1914928810374183E+00 a      2153     1     7     2    23
  7.7845421182294849E-01 a      2154     1     7     2    24
 -4.8060758817232069E-01 a      2155     1     7     2    25
 -2.2829163143691176E+00 a      2156     1     7     2    26
  1.6566523133546227E-01 a      2157     1     7     2    27
  1.0937432123923123E+00 a      2158     1     7     2    28
  3.1591053333234342E-01 a      2159     1     7     2    29
  5.1157065393422285E-01 a      2160     1     7     2    30
 -1.6585760740298001E+00 a      2161     1     8     2     1
  1.2599791875846307E+00 a      2162     1     8     2     2
  1.0315203312286820E+00 a      2163     1     8     2     3
  3.2660846405527399E-01 a      2164     1     8     2     4
 -2.6884634645693140E-01 a      2165     1     8     2     5
 -2.1574003214946325E-01 a      2166     1     8     2     6
 -4.6375076189489772E-01 a      2167     1     8     2     7
 -7.2091239092437909E-01 a      2168     1     8     2     8
 -1.6882196586529685E+00 a      2169     1     8     2     9
 -8.2430881499294106E-01 a      2170     1     8     2    10
 -1.6830396970495682E+00 a      2171     1     8     2    11
 -1.6040166082780172E+00 a      2172     1     8     2    12
 -2.5028180721731591E-01 a      2173     1     8     2    13
 -7.7085436834575338E-01 a      2174     1     8     2    14
  1.0011412417347141E+00 a      2175     1     8     2    15
  2.2960927956752053E-01 a      2176     1     8     2    16
 -2.1773083114532263E+00 a      2177     1     8     2    17
  2.7759875422433594E-01 a      2178     1     8     2    18
 -1.5270639597094495E+00 a      2179     1     8     2    19
  6.6932185884024897E-01 a      2180     1     8     2    20
  2.7294394773622388E-01 a      2181     1     8     2    21
 -4.7263817280311266E-01 a      2182     1     8     2    22
  2.8248594522655102E-01 a      2183     1     8     2    23
 -9.7030017349094044E-01 a      2184     1     8     2    24
  5.7302548895677952E-01 a      2185     1     8     2    25
  2.1521233502240005E+00 a      2186     1     8     2    26
  7.5263032265754259E-01 a      2187     1     8     2    27
 -2.1307619540113327E+00 a      2188     1     8     2    28
 -9.3219237237553942E-01 a      2189     1     8     2    29
  1.0661019688758225E-01 a      2190     1     8     2    30
  1.1724057683758719E-02 a      2191     1     9     2     1
 -8.8116006907370237E-01 a      2192     1     9     2     2
 -1.8104997174777862E+00 a      2193     1     9     2     3
  3.3212634510397254E-01 a      2194     1     9     2     4
  2.0920580828867352E-01 a      2195     1     9     2     5
 -4.2402183407338240E-01 a      2196     1     9     2     6
  8.6011397398526868E-01 a      2197     1     9     2     7
  1.8752406445784862E+00 a      2198     1     9     2     8
  1.9119999595717247E+00 a      2199     1     9     2     9
 -1.8010081692203987E+00 a      2200     1     9     2    10
 -1.0507744766804243E+00 a      2201     1     9     2    11
 -2.6262017754070341E+00 a      2202     1     9     2    12
  1.0576577183117206E+00 a      2203     1     9     2    13
  5.6109753291886122E-01 a      2204     1     9     2    14
 -1.1722357645089181E+00 a      2205     1     9     2    15
  1.1140888980034185E+00 a      2206     1     9     2    16
 -2.1952925141701058E+00 a      2207     1     9     2    17
  1.9809655950345730E+00 a      2208     1     9     2    18
  5.5584012807444061E-01 a      2209     1     9     2    19
 -2.1409494596310807E+00 a      2210     1     9     2    20
 -5.9712007481091034E-01 a      2211     1     9     2    21
  1.0202289627901491E+00 a      2212     1     9     2    22
 -7.5554778812239165E-01 a      2213     1     9     2    23
  8.7606930157856766E-01 a      2214     1     9     2    24
 -8.7860442771117053E-01 a      2215     1     9     2    25
 -7.1824208079189655E-01 a      2216     1     9     2    26
 -1.2111859119878761E+00 a      2217     1     9     2    27
  3.8551890560438695E-01 a      2218     1     9     2    28
 -7.8885410023480718E-01 a      2219     1     9     2    29
 -1.2662823793935780E+00 a      2220     1     9     2    30
  1.4421846611771467E+00 a      2221     1    10     2     1
 -9.9575080414156825E-01 a      2222     1    10     2     2
 -2.6108318523330976E+00 a      2223     1    10     2     3
 -3.5571554757543228E-01 a      2224     1    10     2     4
  1.7802015495178898E+00 a      2225     1    10     2     5
  5.6555588219346709E-01 a      2226     1    10     2     6
  1.8423364255213877E+00 a      2227     1    10     2     7
  1.0295019218683574E+00 a      2228     1    10     2     8
 -8.2284380486224118E-01 a      2229     1    10     2     9
  1.1565389861776465E+00 a      2230     1    10     2    10
 -3.1984373742306249E-01 a      2231     1    10     2    11
 -1.5141193215032336E+00 a      2232     1    10     2    12
  2.9754170353643633E-01 a      2233     1    10     2    13
 -2.7500108771351806E-01 a      2234     1    10     2    14
 -7.2784056071891839E-02 a      2235     1    10     2    15
 -1.6141362624509057E+00 a      2236     1    10     2    16
 -7.9576291534382815E-01 a      2237     1    10     2    17
 -1.5289699796050014E+00 a      2238     1    10     2    18
  5.6833610476155960E-01 a      2239     1    10     2    19
 -8.1543212323121594E-01 a      2240     1    10     2    20
 -8.2435205794617250E-01 a      2241     1    10     2    21
 -2.3585581550774082E+00 a      2242     1    10     2    22
 -7.3169005146391120E-01 a      2243     1    10     2    23
 -2.0065530264643758E-01 a      2244     1    10     2    24
  1.1168758772771976E+00 a      2245     1    10     2    25
 -5.3108405707190931E-01 a      2246     1    10     2    26
 -8.5852328892810070E-01 a      2247     1    10     2    27
 -2.1557347222492691E+00 a      2248     1    10     2    28
  7.1048311087110527E-01 a      2249     1    10     2    29
 -1.2287957586103332E-01 a      2250     1    10     2    30
 -1.1811321897519573E+00 a      2251     1    11     2     1
 -1.8674955601196419E-02 a      2252     1    11     2     2
  1.4790751820380945E+00 a      2253     1    11     2     3
  3.4233289033550451E+00 a      2254     1    11     2     4
  9.9791875291346632E-01 a      2255     1    11     2     5
  1.0355669739709099E+00 a      2256     1    11     2     6
  1.0208289992310771E+00 a      2257     1    11     2     7
 -2.6181266316164606E+00 a      2258     1    11     2     8
  4.0945097777030144E+00 a      2259     1    11     2     9
 -7.2571513144720406E-02 a      2260     1    11     2    10
  6.4365242070904272E-01 a      2261     1    11     2    11
 -1.3932866454842359E+00 a      2262     1    11     2    12
 -1.5301680736173601E-01 a      2263     1    11     2    13
  8.8373873324467678E-01 a      2264     1    11     2    14
  3.3352580425250455E-01 a      2265     1    11     2    15
 -1.5799619137010394E+00 a      2266     1    11     2    16
  9.1665260583383168E-01 a      2267     1    11     2    17
  2.1900698240623711E+00 a      2268     1    11     2    18
 -3.3338819913852308E-01 a      2269     1    11     2    19
 -1.4181877972735926E+00 a      2270     1    11     2    20
  6.7751608471231384E-01 a      2271     1    11     2    21
 -1.4178673826546544E+00 a      2272     1    11     2    22
 -1.0503470114086699E+00 a      2273     1    11     2    23
  3.9017411210379466E-01 a      2274     1    11     2    24
 -9.9455853704069008E-01 a      2275     1    11     2    25
 -3.9485974463339457E-01 a      2276     1    11     2    26
 -7.6815151781315105E-01 a      2277     1    11     2    27
 -8.3129553427729730E-01 a      2278     1    11     2    28
 -2.8854918492977921E-01 a      2279     1    11     2    29
  1.2409545732384690E+00 a      2280     1    11     2    30
 -2.5944191344152323E-01 a      2281     1    12     2     1
 -3.1413956698756362E-01 a      2282     1    12     2     2
 -1.3012896049480505E+00 a      2283     1    12     2     3
 -5.5740070776699713E-01 a      2284     1    12     2     4
 -7.6794696908813731E-01 a      2285     1    12     2     5
  7.3653729809093282E-01 a      2286     1    12     2     6
  2.2936580488086811E-01 a      2287     1    12     2     7
  1.1040904127792022E+00 a      2288     1    12     2     8
  5.9109687458557614E-01 a      2289     1    12     2     9
  3.4381160156240737E-01 a      2290     1    12     2    10
 -5.1036471744897827E-01 a      2291     1    12     2    11
 -1.4443426921718838E-01 a      2292     1    12     2    12
  7.5340215922029652E-01 a      2293     1    12     2    13
 -7.7418040133809374E-01 a      2294     1    12     2    14
 -5.9096667147658188E-01 a      2295     1    12     2    15
 -1.1073008724844824E+00 a      2296     1    12     2    16
  1.0417877734564556E+00 a      2297     1    12     2    17
 -1.7746022569102453E+00 a      2298     1    12     2    18
 -2.4677660837013396E-01 a      2299     1    12     2    19
  5.4087117353915404E-01 a      2300     1    12     2    20
  3.3823918146610504E-01 a      2301     1    12     2    21
  1.8465779150400391E-01 a      2302     1    12     2    22
 -2.0397520607911557E+00 a      2303     1    12     2    23
 -4.9137073073970826E-02 a      2304     1    12     2    24
 -7.6154772742187948E-01 a      2305     1    12     2    25
  5.5099997772626774E-01 a      2306     1    12     2    26
 -1.0581283674728081E+00 a      2307     1    12     2    27
  1.4873574827052105E+00 a      2308     1    12     2    28
 -5.7136517451456204E-01 a      2309     1    12     2    29
  1.3482676330419475E-02 a      2310     1    12     2    30
  2.8194560542336355E+00 a      2311     1    13     2     1
  2.6779083364038185E+00 a      2312     1    13     2     2
  7.8823864055370696E-01 a      2313     1    13     2     3
  2.8350904196938691E+00 a      2314     1    13     2     4
 -4.8569096772620624E-01 a      2315     1    13     2     5
 -9.0758099083140975E-01 a      2316     1    13     2     6
 -1.3627288095000241E+00 a      2317     1    13     2     7
 -3.4387306171335883E+00 a      2318     1    13     2     8
  2.1524022151985691E+00 a      2319     1    13     2     9
 -2.1080652145905039E+00 a      2320     1    13     2    10
  2.3152910534134614E+00 a      2321     1    13     2    11
 -1.6217020816882682E-01 a      2322     1    13     2    12
 -8.1206661578194461E-01 a      2323     1    13     2    13
  1.0347490925192179E-01 a      2324     1    13     2    14
 -1.6577429144770975E-01 a      2325     1    13     2    15
 -1.7680103039338253E+00 a      2326     1    13     2    16
  2.3091722466524556E+00 a      2327     1    13     2    17
 -1.4025767326352867E+00 a      2328     1    13     2    18
 -1.7308610323245224E-01 a      2329     1    13     2    19
 -1.0477007156728502E+00 a      2330     1    13     2    20
 -9.3418967128880412E-02 a      2331     1    13     2    21
  1.5255092039334026E+00 a      2332     1    13     2    22
  1.1478170349724734E+00 a      2333     1    13     2    23
 -2.0325070399811151E+00 a      2334     1    13     2    24
 -4.1812225211207119E+00 a      2335     1    13     2    25
  8.3291722773635946E-01 a      2336     1    13     2    26
 -6.9308423372406802E-01 a      2337     1    13     2    27
 -4.3780126840319855E-01 a      2338     1    13     2    28
 -2.1816663135857954E+00 a      2339     1    13     2    29
 -5.2157819690001961E-01 a      2340     1    13     2    30
  1.4109579870686204E+00 a      2341     1    14     2     1
  8.6431132955214018E-01 a      2342     1    14     2     2
 -1.3781989565297497E+00 a      2343     1    14     2     3
  6.4603672466978790E-01 a      2344     1    14     2     4
 -6.3801789641239626E-01 a      2345     1    14     2     5
  3.3901354216602808E+00 a      2346     1    14     2     6
 -1.8257221938756193E-01 a      2347     1    14     2     7
  1.7965156738030483E+00 a      2348     1    14     2     8
  1.1289682702457580E+00 a      2349     1    14     2     9
  4.0903457939193683E-01 a      2350     1    14     2    10
  3.1328289884212060E-02 a      2351     1    14     2    11
  4.5550990004479869E-01 a      2352     1    14     2    12
 -3.8391204516483030E-01 a      2353     1    14     2    13
 -2.8487472257621875E+00 a      2354     1    14     2    14
  1.2527701991525859E+00 a      2355     1    14     2    15
  4.0288390503774751E+00 a      2356     1    14     2    16
  3.2919039174567835E+00 a      2357     1    14     2    17
 -2.0385588710932043E+00 a      2358     1    14     2    18
  7.2481136542935010E-01 a      2359     1    14     2    19
  7.1646249049696020E-02 a      2360     1    14     2    20
 -2.5280693486066187E-02 a      2361     1    14     2    21
  2.9625802725576306E-01 a      2362     1    14     2    22
 -2.8076356416862708E-01 a      2363     1    14     2    23
 -9.9746423598982160E-03 a      2364     1    14     2    24
  9.1126207434854734E-01 a      2365     1    14     2    25
  1.3316892404135208E-02 a      2366     1    14     2    26
 -4.0342177771395499E-01 a      2367     1    14     2    27
  2.1717388134453086E-01 a      2368     1    14     2    28
 -9.6806928971748663E-01 a      2369     1    14     2    29
 -4.6461787922732023E-01 a      2370     1    14     2    30
  2.0855792109775257E+00 a      2371     1    15     2     1
 -1.2060164601186059E+00 a      2372     1    15     2     2
  4.0548542973583379E-01 a      2373     1    15     2     3
  1.0314085321580100E+00 a      2374     1    15     2     4
 -1.4394119550259609E-02 a      2375     1    15     2     5
 -1.0069491804601876E+00 a      2376     1    15     2     6
  2.0580660009336649E-01 a      2377     1    15     2     7
 -1.1403387260533122E+00 a      2378     1    15     2     8
 -2.5100423340977231E+00 a      2379     1    15     2     9
  1.5139794821866159E+00 a      2380     1    15     2    10
  5.1565245008715388E-01 a      2381     1    15     2    11
  8.7420108699850685E-01 a      2382     1    15     2    12
 -3.9382707037918868E-01 a      2383     1    15     2    13
  2.3803254677030234E+00 a      2384     1    15     2    14
  1.0966720514459996E+00 a      2385     1    15     2    15
 -5.4462190488590356E-01 a      2386     1    15     2    16
 -9.2173765484075887E-01 a      2387     1    15     2    17
 -1.3428612307829355E-01 a      2388     1    15     2    18
  1.1801039169812253E+00 a      2389     1    15     2    19
  1.5758421803607443E+00 a      2390     1    15     2    20
 -3.3485318965070823E+00 a      2391     1    15     2    21
  7.4369292121743114E-01 a      2392     1    15     2    22
 -3.3528920590982031E-01 a      2393     1    15     2    23
  6.7732756698503827E-01 a      2394     1    15     2    24
  5.7617420211567716E-01 a      2395     1    15     2    25
  2.6726393087615725E+00 a      2396     1    15     2    26
  1.1375236282463688E-01 a      2397     1    15     2    27
 -1.4689647107111519E+00 a      2398     1    15     2    28
 -2.2301550612073755E+00 a      2399     1    15     2    29
  1.1642873117599135E+00 a      2400     1    15     2    30
 -2.2353653263515825E+00 a      2401     1    16     2     1
 -1.7703863625828360E+00 a      2402     1    16     2     2
 -2.2498074191474610E-01 a      2403     1    16     2     3
 -2.5373448145884741E+00 a      2404     1    16     2     4
  9.0083029788802615E-02 a      2405     1    16     2     5
 -1.2168346501038718E+00 a      2406     1    16     2     6
  7.3921234939324731E-02 a      2407     1    16     2     7
 -1.2907772170553666E+00 a      2408     1    16     2     8
 -1.4986108018955300E+00 a      2409     1    16     2     9
 -2.1858511477117923E-01 a      2410     1    16     2    10
 -1.7895941808068625E+00 a      2411     1    16     2    11
 -1.6666237647635840E+00 a      2412     1    16     2    12
 -3.6077798785530524E-01 a      2413     1    16     2    13
  2.3735826261207800E+00 a      2414     1    16     2    14
  2.4534481193963145E-01 a      2415     1    16     2    15
  2.0498587441482559E+00 a      2416     1    16     2    16
 -2.2703072208732071E+00 a      2417     1    16     2    17
  6.6881937998377761E-01 a      2418     1    16     2    18
 -1.0501947974397041E+00 a      2419     1    16     2    19
 -1.8597286897085206E+00 a      2420     1    16     2    20
 -4.1655476707973521E-01 a      2421     1    16     2    21
 -3.9419498680029108E-01 a      2422     1    16     2    22
 -2.6293569352390113E-02 a      2423     1    16     2    23
 -1.0931720872013470E-01 a      2424     1    16     2    24
 -1.7489479544292104E+00 a      2425     1    16     2    25
  1.9262965442343202E-01 a      2426     1    16     2    26
 -9.9983088971173972E-01 a      2427     1    16     2    27
 -1.2102651535718993E+00 a      2428     1    16     2    28
  7.9324477116199810E-01 a      2429     1    16     2    29
  1.7285912035123565E+00 a      2430     1    16     2    30
 -4.3310206178796555E+00 a      2431     1    17     2     1
  1.3479064732548798E+00 a      2432     1    17     2     2
 -4.1079804140228343E-01 a      2433     1    17     2     3
  1.5559599188614333E+00 a      2434     1    17     2     4
 -1.8911311563350422E-01 a      2435     1    17     2     5
 -1.1009668220229456E+00 a      2436     1    17     2     6
 -4.9912750169807302E-01 a      2437     1    17     2     7
 -1.6938549865902512E+00 a      2438     1    17     2     8
  3.4853650496779216E+00 a      2439     1    17     2     9
  1.1260865639378543E+00 a      2440     1    17     2    10
  2.4887075973844826E+00 a      2441     1    17     2    11
  6.6533266182124309E-02 a      2442     1    17     2    12
 -1.9520061850765289E+00 a      2443     1    17     2    13
 -2.4053832717631685E+00 a      2444     1    17     2    14
  1.3612605127054376E+00 a      2445     1    17     2    15
  4.2843037436349835E-01 a      2446     1    17     2    16
  2.5083953943348192E+00 a      2447     1    17     2    17
  2.4324501083731476E-01 a      2448     1    17     2    18
  3.0390120680506205E-01 a      2449     1    17     2    19
 -3.5637730172763948E-02 a      2450     1    17     2    20
 -1.2257608686762709E+00 a      2451     1    17     2    21
  1.0494339897232148E+00 a      2452     1    17     2    22
  3.2989463032102384E-01 a      2453     1    17     2    23
 -7.2678796883170160E-01 a      2454     1    17     2    24
 -5.9069952464439279E-01 a      2455     1    17     2    25
  2.1076973205137910E+00 a      2456     1    17     2    26
  8.6001720241077906E-01 a      2457     1    17     2    27
  8.1885447798660277E-02 a      2458     1    17     2    28
 -7.0924356606984895E-01 a      2459     1    17     2    29
 -3.0999602279453375E-01 a      2460     1    17     2    30
 -5.7948123110066341E-01 a      2461     1    18     2     1
 -7.1502785449976891E-01 a      2462     1    18     2     2
 -7.2869870999942243E-01 a      2463     1    18     2     3
 -2.3200369231558943E-01 a      2464     1    18     2     4
  4.2127640723945231E-01 a      2465     1    18     2     5
 -2.2270937129239279E-01 a      2466     1    18     2     6
  1.2412480850604386E+00 a      2467     1    18     2     7
 -3.2103610296257519E+00 a      2468     1    18     2     8
  8.2032461447721916E-01 a      2469     1    18     2     9
  1.2513797942960805E-01 a      2470     1    18     2    10
 -9.7670385809896634E-02 a      2471     1    18     2    11
 -1.1652969725501834E+00 a      2472     1    18     2    12
  1.3978197055038455E-01 a      2473     1    18     2    13
 -5.2030498533773806E-01 a      2474     1    18     2    14
 -7.9562824426136447E-01 a      2475     1    18     2    15
  5.7723141400248457E-01 a      2476     1    18     2    16
  2.6668022324029645E+00 a      2477     1    18     2    17
  1.4337364749988388E+00 a      2478     1    18     2    18
 -7.1466044516085880E-01 a      2479     1    18     2    19
 -3.2850053629749204E-01 a      2480     1    18     2    20
  4.0962967846138766E-02 a      2481     1    18     2    21
 -1.7966745267384419E+00 a      2482     1    18     2    22
 -3.7043102044361276E-01 a      2483     1    18     2    23
 -1.1178733459677410E+00 a      2484     1    18     2    24
 -7.5419425420207087E-01 a      2485     1    18     2    25
  1.3698602353945355E+00 a      2486     1    18     2    26
 -1.0364075666402717E+00 a      2487     1    18     2    27
 -6.2223694163304255E-01 a      2488     1    18     2    28
  2.8297143345834863E+00 a      2489     1    18     2    29
  1.4676029881459093E-01 a      2490     1    18     2    30
 -2.1586880689642753E+00 a      2491     1    19     2     1
  1.3093127715694466E+00 a      2492     1    19     2     2
  8.6424435584981507E-01 a      2493     1    19     2     3
 -1.2810896955911708E+00 a      2494     1    19     2     4
  2.3396116745579376E-01 a      2495     1    19     2     5
 -2.5641338167875921E-01 a      2496     1    19     2     6
 -9.4770707186711389E-01 a      2497     1    19     2     7
 -1.1278736875059645E+00 a      2498     1    19     2     8
  1.2869701986890019E+00 a      2499     1    19     2     9
 -1.6697133452304207E+00 a      2500     1    19     2    10
  1.0210243973935487E+00 a      2501     1    19     2    11
 -1.7037215644991373E+00 a      2502     1    19     2    12
  5.2562961690890364E-01 a      2503     1    19     2    13
 -4.8953317987270861E-01 a      2504     1    19     2    14
 -1.0010744835637711E-01 a      2505     1    19     2    15
 -2.9142651657851903E-01 a      2506     1    19     2    16
 -2.1817850573474757E+00 a      2507     1    19     2    17
  4.0839882404837019E-01 a      2508     1    19     2    18
  1.0151292687325102E+00 a      2509     1    19     2    19
  3.7282890846594319E-01 a      2510     1    19     2    20
  1.1485184941980386E+00 a      2511     1    19     2    21
  1.9307435548999294E-01 a      2512     1    19     2    22
  6.5484005178995197E-01 a      2513     1    19     2    23
  3.2362678234491217E-02 a      2514     1    19     2    24
  4.2325519582979809E-01 a      2515     1    19     2    25
  2.7885528781205569E+00 a      2516     1    19     2    26
 -6.1670892041610992E-01 a      2517     1    19     2    27
 -3.2140269981601155E+00 a      2518     1    19     2    28
  3.2777315981086641E+00 a      2519     1    19     2    29
  3.6352765297903489E-01 a      2520     1    19     2    30
 -1.4931118475051144E+00 a      2521     1    20     2     1
 -1.8427437980640851E+00 a      2522     1    20     2     2
 -4.3715445119172158E-01 a      2523     1    20     2     3
 -1.8973661604861944E+00 a      2524     1    20     2     4
 -1.4486817669805963E-01 a      2525     1    20     2     5
  7.4354853277082766E-01 a      2526     1    20     2     6
  1.1567411668748133E+00 a      2527     1    20     2     7
 -6.1112346287856179E-01 a      2528     1    20     2     8
 -3.5203635435503124E+00 a      2529     1    20     2     9
  6.4218113778078256E-01 a      2530     1    20     2    10
 -3.0894399400652137E+00 a      2531     1    20     2    11
  2.5787580945377804E+00 a      2532     1    20     2    12
  1.3683927458777474E+00 a      2533     1    20     2    13
  1.8529678604853599E+00 a      2534     1    20     2    14
 -8.2146220994098929E-01 a      2535     1    20     2    15
 -1.3784962302555537E-01 a      2536     1    20     2    16
  7.9429563532948266E-01 a      2537     1    20     2    17
  1.7641196558060803E+00 a      2538     1    20     2    18
 -1.8090318084402894E+00 a      2539     1    20     2    19
  2.0437951001687815E-01 a      2540     1    20     2    20
  1.5947570089294398E+00 a      2541     1    20     2    21
  4.1946906813833851E-01 a      2542     1    20     2    22
 -1.5271131972541570E+00 a      2543     1    20     2    23
  8.6334602066676802E-01 a      2544     1    20     2    24
  1.7929844669296574E-01 a      2545     1    20     2    25
 -1.7365264036957986E+00 a      2546     1    20     2    26
 -4.0321811841494033E-02 a      2547     1    20     2    27
  7.4082310129686502E-01 a      2548     1    20     2    28
 -2.2553579095350869E+00 a      2549     1    20     2    29
  2.3416895184928612E+00 a      2550     1    20     2    30
  4.2799632452173558E-01 a      2551     1    21     2     1
 -2.3350432066626618E-02 a      2552     1    21     2     2
  1.6679334636293316E-01 a      2553     1    21     2     3
 -3.9877015943856415E+00 a      2554     1    21     2     4
  1.2259033369710294E-01 a      2555     1    21     2     5
 -1.4675130085932515E+00 a      2556     1    21     2     6
 -1.2521228224538266E+00 a      2557     1    21     2     7
 -1.2394565541141571E+00 a      2558     1    21     2     8
 -3.2054748105253599E+00 a      2559     1    21     2     9
  3.5823537568758529E-01 a      2560     1    21     2    10
  1.4104791033626620E+00 a      2561     1    21     2    11
  1.2849659855212678E+00 a      2562     1    21     2    12
  1.0114442778605802E-01 a      2563     1    21     2    13
 -2.1321211036197147E+00 a      2564     1    21     2    14
  6.7355396988967908E-01 a      2565     1    21     2    15
 -2.0882461409980619E+00 a      2566     1    21     2    16
 -2.9001300794839219E-01 a      2567     1    21     2    17
  2.6326847762566490E+00 a      2568     1    21     2    18
 -5.0762654592784295E-01 a      2569     1    21     2    19
 -3.3253621815882850E-01 a      2570     1    21     2    20
  6.3775174776711008E-01 a      2571     1    21     2    21
 -6.1947631088090038E-01 a      2572     1    21     2    22
  1.6443831490525860E+00 a      2573     1    21     2    23
  4.6163235422725457E-01 a      2574     1    21     2    24
 -2.0995384623169868E+00 a      2575     1    21     2    25
 -3.3490699067526228E+00 a      2576     1    21     2    26
  7.7852466064206083E-01 a      2577     1    21     2    27
 -7.1120564431657052E-01 a      2578     1    21     2    28
  1.3882585237456946E+00 a      2579     1    21     2    29
 -4.4898472268571998E-01 a      2580     1    21     2    30
  7.3885091611546189E-02 a      2581     1    22     2     1
  4.3788210430650711E-02 a      2582     1    22     2     2
 -1.0813119491187773E+00 a      2583     1    22     2     3
  5.7597369237909357E-01 a      2584     1    22     2     4
  2.6527236752261065E-02 a      2585     1    22     2     5
  1.2408607065606028E+00 a      2586     1    22     2     6
  2.0705725345649031E-01 a      2587     1    22     2     7
 -5.9591305616609134E+00 a      2588     1    22     2     8
 -2.7034383178047583E-01 a      2589     1    22     2     9
 -1.7029172014651436E-01 a      2590     1    22     2    10
  4.5670888009338678E-01 a      2591     1    22     2    11
 -1.9275515308848409E-01 a      2592     1    22     2    12
  5.9202451866127670E-01 a      2593     1    22     2    13
 -1.5745232790111916E+00 a      2594     1    22     2    14
 -7.5013594188190258E-01 a      2595     1    22     2    15
 -1.3853824211090608E+00 a      2596     1    22     2    16
  1.7005469680372729E+00 a      2597     1    22     2    17
 -9.7287188172191674E-01 a      2598     1    22     2    18
  8.5312226883179554E-01 a      2599     1    22     2    19
  2.2755662177985077E+00 a      2600     1    22     2    20
  7.5007833535884927E-01 a      2601     1    22     2    21
  1.0068502954673744E+00 a      2602     1    22     2    22
 -3.2288225659661424E-01 a      2603     1    22     2    23
 -1.4228468401541339E-01 a      2604     1    22     2    24
 -3.9633669072326544E-01 a      2605     1    22     2    25
 -3.8973036620482286E+00 a      2606     1    22     2    26
  4.1379363713381528E-01 a      2607     1    22     2    27
  1.3671069130492767E-02 a      2608     1    22     2    28
 -1.0554767525726763E+00 a      2609     1    22     2    29
 -1.8213329859991567E+00 a      2610     1    22     2    30
 -1.1289938495795571E+00 a      2611     1    23     2     1
  3.2600110058380743E-01 a      2612     1    23     2     2
  1.6113567192069644E-01 a      2613     1    23     2     3
 -1.6399040145547938E-01 a      2614     1    23     2     4
 -1.2520546171437572E+00 a      2615     1    23     2     5
  1.9200706316674334E+00 a      2616     1    23     2     6
 -1.2048001842686324E+00 a      2617     1    23     2     7
 -1.4817318437828770E+00 a      2618     1    23     2     8
  7.5523647667562865E-01 a      2619     1    23     2     9
 -1.4764527336009824E-02 a      2620     1    23     2    10
  8.9913610728966353E-01 a      2621     1    23     2    11
  7.3746821906735216E-01 a      2622     1    23     2    12
 -1.1784420280438145E-02 a      2623     1    23     2    13
 -1.5072508258701889E+00 a      2624     1    23     2    14
  3.4149406563665174E-01 a      2625     1    23     2    15
 -2.7411481503351105E+00 a      2626     1    23     2    16
 -4.1486048494672922E-01 a      2627     1    23     2    17
 -2.1543158320838396E+00 a      2628     1    23     2    18
 -5.3817597195745179E-02 a      2629     1    23     2    19
 -1.5118371830489424E-01 a      2630     1    23     2    20
 -1.1892811324589119E+00 a      2631     1    23     2    21
  2.2464180053475693E+00 a      2632     1    23     2    22
 -8.3777147514546502E-01 a      2633     1    23     2    23
 -7.6538560018960000E-01 a      2634     1    23     2    24
  5.8768141051713729E-01 a      2635     1    23     2    25
 -4.8959063910938632E+00 a      2636     1    23     2    26
 -1.1185861684316831E+00 a      2637     1    23     2    27
  6.7372495511867425E-01 a      2638     1    23     2    28
 -1.6603333716871480E+00 a      2639     1    23     2    29
  7.3969441604153496E-01 a      2640     1    23     2    30
 -8.1715867946063858E-01 a      2641     1    24     2     1
  8.0958460869620996E-01 a      2642     1    24     2     2
  1.0710647940474842E+00 a      2643     1    24     2     3
  3.6115740942405794E-01 a      2644     1    24     2     4
 -1.3680737037587625E+00 a      2645     1    24     2     5
 -1.3181453554516085E+00 a      2646     1    24     2     6
 -8.6449250770158148E-01 a      2647     1    24     2     7
  3.7460118010574028E-01 a      2648     1    24     2     8
  1.8202103081054032E-03 a      2649     1    24     2     9
 -1.1625391427852148E+00 a      2650     1    24     2    10
 -9.9451661555170356E-01 a      2651     1    24     2    11
  2.6739679698875313E-01 a      2652     1    24     2    12
  1.6955033654745952E-01 a      2653     1    24     2    13
 -1.8259526777426337E-02 a      2654     1    24     2    14
  8.4889181051929363E-01 a      2655     1    24     2    15
  3.3216817137424898E-01 a      2656     1    24     2    16
 -4.6120199255039362E-01 a      2657     1    24     2    17
 -6.3919422594507092E-01 a      2658     1    24     2    18
 -5.8986621695354335E-01 a      2659     1    24     2    19
 -9.4029964509931674E-01 a      2660     1    24     2    20
  2.1896622331728932E+00 a      2661     1    24     2    21
 -5.4364950698489456E-03 a      2662     1    24     2    22
 -1.7192848783067303E+00 a      2663     1    24     2    23
 -7.1267879094826192E-01 a      2664     1    24     2    24
  2.7586497332121973E+00 a      2665     1    24     2    25
 -5.8730935395330175E-01 a      2666     1    24     2    26
  3.8444108611458616E-01 a      2667     1    24     2    27
  4.0981750691021723E-01 a      2668     1    24     2    28
 -3.9659125111185085E-02 a      2669     1    24     2    29
  2.3566234333482297E-01 a      2670     1    24     2    30
  5.9991104430717146E-01 a      2671     1    25     2     1
  1.1776507434054853E+00 a      2672     1    25     2     2
  7.5753202840176659E-01 a      2673     1    25     2     3
  2.4244619094994230E-01 a      2674     1    25     2     4
 -4.4952249476070028E-01 a      2675     1    25     2     5
  3.0154762568441562E-01 a      2676     1    25     2     6
  3.6958778370499351E-01 a      2677     1    25     2     7
 -2.0583186599405172E+00 a      2678     1    25     2     8
 -4.2012022970391116E-01 a      2679     1    25     2     9
 -2.8624728327061200E+00 a      2680     1    25     2    10
 -2.7678217695152281E+00 a      2681     1    25     2    11
  2.0587123902745170E+00 a      2682     1    25     2    12
  3.7079759693435405E-01 a      2683     1    25     2    13
  4.5035902834698460E-01 a      2684     1    25     2    14
 -1.1247583504125385E+00 a      2685     1    25     2    15
 -2.7394990007077951E+00 a      2686     1    25     2    16
  2.6748324685005973E+00 a      2687     1    25     2    17
 -1.6043556996951911E+00 a      2688     1    25     2    18
 -5.8404656116091003E-01 a      2689     1    25     2    19
  4.2832911519212852E-01 a      2690     1    25     2    20
  1.1996557456263324E+00 a      2691     1    25     2    21
 -9.2149882411947426E-01 a      2692     1    25     2    22
  1.5316429711455566E+00 a      2693     1    25     2    23
  4.7907323189535683E-01 a      2694     1    25     2    24
  4.5622027436995075E-02 a      2695     1    25     2    25
  1.8440997973088233E+00 a      2696     1    25     2    26
  4.5801363274652562E-01 a      2697     1    25     2    27
  1.4018317962123921E+00 a      2698     1    25     2    28
 -4.7779529489429901E-01 a      2699     1    25     2    29
  1.1434553872151545E+00 a      2700     1    25     2    30
  2.4819896256472451E+00 a      2701     1    26     2     1
  1.7406015027835020E+00 a      2702     1    26     2     2
 -2.3554771515902864E-01 a      2703     1    26     2     3
 -3.2221893984925969E+00 a      2704     1    26     2     4
  1.2292349204099788E+00 a      2705     1    26     2     5
  7.5645513518620935E-02 a      2706     1    26     2     6
  7.4531071018578399E-01 a      2707     1    26     2     7
  2.3823197478609961E+00 a      2708     1    26     2     8
  7.8961743217778901E-01 a      2709     1    26     2     9
  4.5003751446439771E-01 a      2710     1    26     2    10
  4.0377508951282848E-01 a      2711     1    26     2    11
  1.2104957625722617E+00 a      2712     1    26     2    12
  5.7065968829750724E-01 a      2713     1    26     2    13
  1.3069457542166958E+00 a      2714     1    26     2    14
 -8.2337533379510286E-01 a      2715     1    26     2    15
 -1.6153563959104305E+00 a      2716     1    26     2    16
 -1.3059981718625306E+00 a      2717     1    26     2    17
  6.5500858367647274E-01 a      2718     1    26     2    18
 -1.2498319703182227E-01 a      2719     1    26     2    19
 -2.9014988942417225E-01 a      2720     1    26     2    20
 -2.4926680377910407E-01 a      2721     1    26     2    21
  3.2508108265755126E-01 a      2722     1    26     2    22
 -7.2701545295864936E-03 a      2723     1    26     2    23
 -6.9278753504488388E-01 a      2724     1    26     2    24
  1.2349055512756457E+00 a      2725     1    26     2    25
  2.7570227421152080E+00 a      2726     1    26     2    26
  1.1274039324303724E+00 a      2727     1    26     2    27
  4.0622411467963260E-01 a      2728     1    26     2    28
 -1.3048559214168169E+00 a      2729     1    26     2    29
  6.8788931570209655E-02 a      2730     1    26     2    30
  3.0912422952265883E+00 a      2731     1    27     2     1
  4.7083856848689992E-01 a      2732     1    27     2     2
 -4.2930703525435376E+00 a      2733     1    27     2     3
  3.2650390306649575E+00 a      2734     1    27     2     4
 -9.7628476464371516E-01 a      2735     1    27     2     5
 -3.5853353399765964E+00 a      2736     1    27     2     6
 -1.5904658929236432E-01 a      2737     1    27     2     7
 -1.8744813175487263E+00 a      2738     1    27     2     8
  1.3764041240570812E+00 a      2739     1    27     2     9
 -3.5642959547104058E-01 a      2740     1    27     2    10
 -4.8306355588671268E+00 a      2741     1    27     2    11
  3.5244617149667584E-01 a      2742     1    27     2    12
  2.1067197309709898E-01 a      2743     1    27     2    13
  1.6088979294827269E-01 a      2744     1    27     2    14
  4.8591307177367288E-01 a      2745     1    27     2    15
  3.8050986390790982E+00 a      2746     1    27     2    16
  3.7055979812295836E-01 a      2747     1    27     2    17
 -1.4703232053156967E+00 a      2748     1    27     2    18
  1.8118010066358368E+00 a      2749     1    27     2    19
 -1.6436890008540679E+00 a      2750     1    27     2    20
 -2.4317748569555042E+00 a      2751     1    27     2    21
 -9.4662976906062413E-01 a      2752     1    27     2    22
  1.6636715927245971E+00 a      2753     1    27     2    23
  5.0842719496393174E-01 a      2754     1    27     2    24
 -1.4088695473862978E+00 a      2755     1    27     2    25
 -4.3024001346864402E+00 a      2756     1    27     2    26
  9.1027754937063188E-01 a      2757     1    27     2    27
 -5.9700777400776195E-01 a      2758     1    27     2    28
  1.9680029376529491E+00 a      2759     1    27     2    29
 -8.8875720423467153E-01 a      2760     1    27     2    30
 -1.2349930501597672E+00 a      2761     1    28     2     1
  1.3169448678362263E+00 a      2762     1    28     2     2
 -7.8255561331811815E-02 a      2763     1    28     2     3
 -5.0669190865799955E-02 a      2764     1    28     2     4
 -4.2322793824009408E-01 a      2765     1    28     2     5
 -2.0242241093271334E+00 a      2766     1    28     2     6
 -7.7578029930758782E-02 a      2767     1    28     2     7
 -1.3239967996925310E+00 a      2768     1    28     2     8
  1.0419991185051534E+00 a      2769     1    28     2     9
  3.8713813388528873E-01 a      2770     1    28     2    10
 -1.5966050443275062E+00 a      2771     1    28     2    11
 -1.7664606959798015E+00 a      2772     1    28     2    12
 -1.5843135661418855E+00 a      2773     1    28     2    13
  1.7092883991687771E+00 a      2774     1    28     2    14
 -6.1759553243108234E-01 a      2775     1    28     2    15
 -1.1672797369529626E+00 a      2776     1    28     2    16
  1.1889637702401210E+00 a      2777     1    28     2    17
 -3.6707202522916232E-01 a      2778     1    28     2    18
  9.2745847503268164E-01 a      2779     1    28     2    19
  1.5846313496352387E+00 a      2780     1    28     2    20
 -2.8035530397220210E-01 a      2781     1    28     2    21
  7.7262526642619589E-01 a      2782     1    28     2    22
  4.4978335422275734E-01 a      2783     1    28     2    23
 -1.2372772083624156E-01 a      2784     1    28     2    24
  1.4041222693572941E-01 a      2785     1    28     2    25
 -1.2433707920932520E+00 a      2786     1    28     2    26
  1.3000595040774183E+00 a      2787     1    28     2    27
  2.2099986329858967E-01 a      2788     1    28     2    28
  2.4259717482525693E+00 a      2789     1    28     2    29
 -8.4930206448592060E-02 a      2790     1    28     2    30
 -2.1353337646042567E-01 a      2791     1    29     2     1
 -2.6544357796731899E-01 a      2792     1    29     2     2
 -1.2859925222922444E+00 a      2793     1    29     2     3
 -2.2664610700281473E+00 a      2794     1    29     2     4
 -1.8723983440125531E+00 a      2795     1    29     2     5
  1.8960957693818388E+00 a      2796     1    29     2     6
 -9.9757891677712995E-01 a      2797     1    29     2     7
  2.2886166355377693E+00 a      2798     1    29     2     8
 -1.5561145319970806E+00 a      2799     1    29     2     9
  2.5390364480114952E-01 a      2800     1    29     2    10
 -1.8932024986290205E-01 a      2801     1    29     2    11
 -3.0628092720108091E-01 a      2802     1    29     2    12
  2.2420509307905997E-01 a      2803     1    29     2    13
 -8.6234877962714429E-01 a      2804     1    29     2    14
  7.3062792965680123E-01 a      2805     1    29     2    15
  6.4008735064074518E-01 a      2806     1    29     2    16
  9.0637874853373879E-01 a      2807     1    29     2    17
 -4.8291958835108600E-01 a      2808     1    29     2    18
  1.4219637356148151E+00 a      2809     1    29     2    19
  8.7422454582326836E-01 a      2810     1    29     2    20
 -1.3155852485427593E+00 a      2811     1    29     2    21
  5.9190062272503330E-01 a      2812     1    29     2    22
 -1.6921650004465820E+00 a      2813     1    29     2    23
 -4.6665893160028782E-02 a      2814     1    29     2    24
  1.6122557422491408E+00 a      2815     1    29     2    25
 -7.9523336038725834E-01 a      2816     1    29     2    26
 -1.5515427267243145E+00 a      2817     1    29     2    27
  2.7929913677894308E-01 a      2818     1    29     2    28
 -7.6300511976088115E-01 a      2819     1    29     2    29
  6.5965163482684530E-01 a      2820     1    29     2    30
 -1.3582725506005977E+00 a      2821     1    30     2     1
 -1.5100435883760750E+00 a      2822     1    30     2     2
  1.4663426478560351E+00 a      2823     1    30     2     3
  1.3281567813288067E+00 a      2824     1    30     2     4
  1.4937697401974286E+00 a      2825     1    30     2     5
 -5.0884831949671316E-01 a      2826     1    30     2     6
  1.0012492139679449E-01 a      2827     1    30     2     7
  2.7706109880632419E+00 a      2828     1    30     2     8
  1.3469095127859991E+00 a      2829     1    30     2     9
  2.1328507451182777E-01 a      2830     1    30     2    10
 -4.4019888943716168E-01 a      2831     1    30     2    11
 -3.1507705980283374E-01 a      2832     1    30     2    12
  3.9290296191251406E-01 a      2833     1    30     2    13
  1.4735664104714830E+00 a      2834     1    30     2    14
 -1.0791626245722246E+00 a      2835     1    30     2    15
 -3.6909830370253460E+00 a      2836     1    30     2    16
 -2.0545092417467092E+00 a      2837     1    30     2    17
 -3.0167231665208818E+00 a      2838     1    30     2    18
 -5.2567998059424137E-01 a      2839     1    30     2    19
 -1.1059763445798134E+00 a      2840     1    30     2    20
 -6.9809936890892033E-01 a      2841     1    30     2    21
  1.6765641073627252E-01 a      2842     1    30     2    22
 -2.4770017497604830E+00 a      2843     1    30     2    23
  3.0096205451542551E-01 a      2844     1    30     2    24
  2.7893979218865970E+00 a      2845     1    30     2    25
  1.1656052961499013E+00 a      2846     1    30     2    26
  1.0352451511031722E+00 a      2847     1    30     2    27
  2.5520501779247908E+00 a      2848     1    30     2    28
 -3.2592544836802610E+00 a      2849     1    30     2    29
  9.1701867912436896E-01 a      2850     1    30     2    30
  1.2511150054246936E+00 b      2851     2     1
  3.1866554856442617E+00 b      2852     2     2
  2.3081569808672184E+00 b      2853     2     3
 -9.5529356267590981E-01 b      2854     2     4
  7.2777098871032999E+00 b      2855     2     5
  7.8451712171799706E+00 b      2856     2     6
  4.6849655110251573E+00 b      2857     2     7
  7.2695733739602932E+00 b      2858     2     8
 -1.2935271355563154E+01 b      2859     2     9
  1.3726174497466448E+00 b      2860     2    10
 -6.5379033182307111E-01 b      2861     2    11
 -5.9943493088190625E-01 b      2862     2    12
 -1.1794237693799172E+00 b      2863     2    13
  1.9624379544864996E+00 b      2864     2    14
  3.6563504336859056E+00 b      2865     2    15
  6.0171492324925850E+00 b      2866     2    16
 -7.6938827092665845E+00 b      2867     2    17
 -1.0762387620634831E+01 b      2868     2    18
  5.0481202483365606E-01 b      2869     2    19
 -4.4747295929193527E+00 b      2870     2    20
  9.8368980327241506E-01 b      2871     2    21
 -8.9106140036183330E+00 b      2872     2    22
 -3.0640551188493659E-01 b      2873     2    23
  5.1609435149118821E-01 b      2874     2    24
 -6.3199316012103512E+00 b      2875     2    25
 -9.9493007407476952E+00 b      2876     2    26
  6.7604681503136110E-01 b      2877     2    27
 -5.9226133121984770E-01 b      2878     2    28
  5.9010654488462988E+00 b      2879     2    29
 -8.4859610341096428E+00 b      2880     2    30
  1.7127871381054146E-02 a      2881     2     1     3     1
 -1.8796379631683392E-02 a      2882     2     2     3     1
 -4.2245340080298635E-02 a      2883     2     3     3     1
  3.6224588149083782E-02 a      2884     2     4     3     1
  2.3835156422105947E-03 a      2885     2     5     3     1
  3.4892789519777104E-03 a      2886     2     6     3     1
 -6.3610675907383400E-03 a      2887     2     7     3     1
 -9.4054734922301153E-03 a      2888     2     8     3     1
 -2.6409764399969487E-02 a      2889     2     9     3     1
 -2.1275905023461779E-02 a      2890     2    10     3     1
 -1.6633982725155194E-01 a      2891     2    11     3     1
 -4.3850740374929607E-02 a      2892     2    12     3     1
  8.4117892984214127E-02 a      2893     2    13     3     1
  2.0391078978729778E-02 a      2894     2    14     3     1
 -2.1810196206625984E-02 a      2895     2    15     3     1
  1.9791886352929142E-02 a      2896     2    16     3     1
 -5.2038088309683496E-03 a      2897     2    17     3     1
 -1.1415719101801275E-04 a      2898     2    18     3     1
 -1.0139352282513454E-01 a      2899     2    19     3     1
 -3.0447778727277575E-03 a      2900     2    20     3     1
  2.9233065699484192E-02 a      2901     2    21     3     1
  3.6312052668253408E-02 a      2902     2    22     3     1
  1.9267229546136016E-03 a      2903     2    23     3     1
 -3.0849166265597687E-02 a      2904     2    24     3     1
 -2.4443914503213596E-02 a      2905     2    25     3     1
 -1.3639397693438488E-02 a      2906     2    26     3     1
 -1.1874505829498976E-01 a      2907     2    27     3     1
  3.5067619102908308E-02 a      2908     2    28     3     1
  1.3626771993152926E-02 a      2909     2    29     3     1
  6.9132453225998522E-02 a      2910     2    30     3     1
 -6.3363950383931145E-01 b      2911     3     1
