################################################################################
# Neural network connection values (weights and biases).
################################################################################
# Col  Name       Description
################################################################################
# 1    connection Neural network connection value.
# 2    t          Connection type (a = weight, b = bias).
# 3    index      Index enumerating weights.
# 4    l_s        Starting point layer (end point layer for biases).
# 5    n_s        Starting point neuron in starting layer (end point neuron for biases).
# 6    l_e        End point layer.
# 7    n_e        End point neuron in end layer.
################################################################################
#                      1 2         3     4     5     6     7
#             connection t     index   l_s   n_s   l_e   n_e
############################################################
  6.0803106375982834E+00 a         1     0     1     1     1
  4.7823373339609745E+00 a         2     0     1     1     2
  8.3817199656955743E-01 a         3     0     1     1     3
 -1.8414007641678172E+01 a         4     0     1     1     4
 -4.9381808773809679E+00 a         5     0     1     1     5
 -1.8341277009870744E+00 a         6     0     1     1     6
  6.7119521640848401E+00 a         7     0     1     1     7
  1.2093065114595166E+01 a         8     0     1     1     8
 -6.4719103955844570E+00 a         9     0     1     1     9
  2.3880690126332396E+00 a        10     0     1     1    10
  1.4870335058902613E+01 a        11     0     1     1    11
 -2.2167641855817916E+01 a        12     0     1     1    12
  1.5736560659597865E+00 a        13     0     1     1    13
 -2.7643647381560532E+00 a        14     0     1     1    14
 -2.3603630176853967E+00 a        15     0     1     1    15
 -1.0370839735472090E+01 a        16     0     1     1    16
 -2.2847041933215408E+01 a        17     0     1     1    17
  1.7391002672728099E+01 a        18     0     1     1    18
  1.8031364395856890E+01 a        19     0     1     1    19
 -1.9911770001646460E+00 a        20     0     1     1    20
  2.2700316070684012E+00 a        21     0     1     1    21
 -1.3928700590798845E+01 a        22     0     1     1    22
  6.0671988179412235E+00 a        23     0     1     1    23
 -1.0623942596137594E+01 a        24     0     1     1    24
 -7.8949449101802962E+00 a        25     0     1     1    25
  2.3220606709708904E+00 a        26     0     1     1    26
  1.1336831991560265E+01 a        27     0     1     1    27
 -6.2524635649774787E+00 a        28     0     1     1    28
 -1.7984354612345168E+01 a        29     0     1     1    29
  9.4381413783289609E+00 a        30     0     1     1    30
 -3.3501763862715336E+01 a        31     0     2     1     1
  2.1990549363181664E+00 a        32     0     2     1     2
 -1.0147489271417900E+01 a        33     0     2     1     3
 -4.5411998160018747E+00 a        34     0     2     1     4
  1.8012482858884984E+00 a        35     0     2     1     5
  1.6200758789872499E+01 a        36     0     2     1     6
  1.1533748343922604E-01 a        37     0     2     1     7
 -6.3013914688622048E+00 a        38     0     2     1     8
 -2.8624559830691538E+00 a        39     0     2     1     9
 -4.5946028620688582E+00 a        40     0     2     1    10
 -1.0408791877239123E+01 a        41     0     2     1    11
  1.4642948910139320E+00 a        42     0     2     1    12
  6.1461017462032119E+00 a        43     0     2     1    13
  4.4481908387843481E+00 a        44     0     2     1    14
  3.4264963376746266E-01 a        45     0     2     1    15
 -3.6033406017139415E+00 a        46     0     2     1    16
 -2.1355109056355587E+01 a        47     0     2     1    17
  6.2072235632007873E+00 a        48     0     2     1    18
 -2.0609045413423171E+01 a        49     0     2     1    19
  1.7803682547129750E+01 a        50     0     2     1    20
  2.0206095771456001E+00 a        51     0     2     1    21
 -2.0123587465479407E+01 a        52     0     2     1    22
  1.7245802591934583E+00 a        53     0     2     1    23
 -3.9165815522113583E+00 a        54     0     2     1    24
  9.7723180341526827E+00 a        55     0     2     1    25
 -7.5112517288018585E+00 a        56     0     2     1    26
 -1.7159817257756586E+01 a        57     0     2     1    27
  9.0728720844777548E+00 a        58     0     2     1    28
 -1.8688975083012698E+00 a        59     0     2     1    29
 -6.2388850523506250E+00 a        60     0     2     1    30
  2.8841163309765950E+01 a        61     0     3     1     1
 -9.3890945493497444E+00 a        62     0     3     1     2
 -5.3998322850529963E+00 a        63     0     3     1     3
 -5.5859457007548343E+00 a        64     0     3     1     4
  2.0676003396833118E+00 a        65     0     3     1     5
 -1.1032240409798855E+00 a        66     0     3     1     6
  7.1910019656196822E-01 a        67     0     3     1     7
  1.0987815105270892E+01 a        68     0     3     1     8
  3.0778444822125426E+00 a        69     0     3     1     9
 -5.9608518753926631E+00 a        70     0     3     1    10
 -1.1929468248829966E+01 a        71     0     3     1    11
  1.0856579851151844E+01 a        72     0     3     1    12
 -2.1004559148256536E+00 a        73     0     3     1    13
  6.4190780994118848E+00 a        74     0     3     1    14
 -9.8429925381589083E+00 a        75     0     3     1    15
 -1.4520645096591425E+01 a        76     0     3     1    16
  2.8291257918840358E+01 a        77     0     3     1    17
  3.0554917291327515E+00 a        78     0     3     1    18
  2.0577984200532129E+01 a        79     0     3     1    19
 -2.1236698853426784E+01 a        80     0     3     1    20
  1.8829219168205618E+00 a        81     0     3     1    21
  2.2665496572335051E+01 a        82     0     3     1    22
  1.4044113455507223E-01 a        83     0     3     1    23
  3.7901042628930153E+00 a        84     0     3     1    24
 -1.2929657155888137E+01 a        85     0     3     1    25
  1.1349830638137981E+01 a        86     0     3     1    26
  7.5693846917848253E+00 a        87     0     3     1    27
  2.0254202958371721E+00 a        88     0     3     1    28
 -1.2534738639227648E+01 a        89     0     3     1    29
  4.4298215378457684E-01 a        90     0     3     1    30
  3.7195554356045695E+00 a        91     0     4     1     1
 -5.3998338840202376E+00 a        92     0     4     1     2
  4.1253084363447334E-01 a        93     0     4     1     3
  4.9792025383799718E-02 a        94     0     4     1     4
  1.7110751703353240E+00 a        95     0     4     1     5
 -1.6911925782041952E+00 a        96     0     4     1     6
  5.9905031045627712E+00 a        97     0     4     1     7
  2.0374288061895610E-01 a        98     0     4     1     8
  4.9640193191873090E+00 a        99     0     4     1     9
 -2.0399841127841309E+00 a       100     0     4     1    10
  8.1916041054087003E+00 a       101     0     4     1    11
  1.0140944034880459E+01 a       102     0     4     1    12
  1.0171879607069855E+01 a       103     0     4     1    13
  1.3434002016215090E+00 a       104     0     4     1    14
 -2.2514092422051677E+00 a       105     0     4     1    15
 -4.6811094367709956E+00 a       106     0     4     1    16
  4.9987468760408760E+00 a       107     0     4     1    17
  5.1908819116748095E+00 a       108     0     4     1    18
 -3.1082377160727725E+00 a       109     0     4     1    19
 -1.9205601089134001E+00 a       110     0     4     1    20
 -6.5315344684598364E-01 a       111     0     4     1    21
  1.2011449136307262E+00 a       112     0     4     1    22
  5.6546834382161792E+00 a       113     0     4     1    23
  2.3117932180011387E+00 a       114     0     4     1    24
  6.6472445635136665E+00 a       115     0     4     1    25
 -7.4302479230637299E+00 a       116     0     4     1    26
  2.0879910232296517E-01 a       117     0     4     1    27
  2.8080462924120533E+00 a       118     0     4     1    28
  2.7242392044035721E+00 a       119     0     4     1    29
  5.7141690472804860E-02 a       120     0     4     1    30
 -9.7833047053879607E-01 a       121     0     5     1     1
 -4.9769913939353161E-01 a       122     0     5     1     2
 -2.9063891433047213E+00 a       123     0     5     1     3
  2.5239670988979963E+00 a       124     0     5     1     4
 -2.6167280543424671E+00 a       125     0     5     1     5
 -5.0913484148308741E-01 a       126     0     5     1     6
  7.3934739368200573E+00 a       127     0     5     1     7
 -9.1657687081328465E+00 a       128     0     5     1     8
 -5.8608293450733182E+00 a       129     0     5     1     9
 -2.5322510908900187E+00 a       130     0     5     1    10
 -4.0912326805725663E-01 a       131     0     5     1    11
 -4.3500997708500733E-01 a       132     0     5     1    12
 -4.9745831831792658E-01 a       133     0     5     1    13
 -8.6062415516922577E-02 a       134     0     5     1    14
  2.3061261160009278E-01 a       135     0     5     1    15
 -2.6788216855713078E+00 a       136     0     5     1    16
 -1.3712871084205882E+00 a       137     0     5     1    17
  1.5009666577090774E+00 a       138     0     5     1    18
 -3.4269354636380811E-02 a       139     0     5     1    19
 -1.0636766807633020E+00 a       140     0     5     1    20
  3.3756373795455690E+00 a       141     0     5     1    21
  1.1593229995531658E+00 a       142     0     5     1    22
 -4.0227634449376461E+00 a       143     0     5     1    23
  4.9613809540560372E-01 a       144     0     5     1    24
 -3.0142521185373095E-01 a       145     0     5     1    25
  3.6382939159208147E+00 a       146     0     5     1    26
 -1.8177800124412840E+00 a       147     0     5     1    27
  2.4808031983905248E+00 a       148     0     5     1    28
 -1.9770003546544002E+00 a       149     0     5     1    29
  4.8822234491565615E+00 a       150     0     5     1    30
 -6.7061557811368173E+00 a       151     0     6     1     1
 -1.1652385117712040E+01 a       152     0     6     1     2
  1.3225732376858075E+00 a       153     0     6     1     3
  4.1856530904804440E-01 a       154     0     6     1     4
  1.5257602166964719E+00 a       155     0     6     1     5
  1.9988663511475096E+01 a       156     0     6     1     6
  1.7013695634916988E+00 a       157     0     6     1     7
 -2.8941579089868210E+01 a       158     0     6     1     8
  1.5306207458423842E+01 a       159     0     6     1     9
  1.1349608450635140E+01 a       160     0     6     1    10
  2.0888625869537623E+01 a       161     0     6     1    11
 -3.9116118204777695E-01 a       162     0     6     1    12
  8.7518666150263211E+00 a       163     0     6     1    13
 -1.2058606026898314E+01 a       164     0     6     1    14
 -6.7313180206796011E+00 a       165     0     6     1    15
 -5.9880638091848484E+00 a       166     0     6     1    16
 -2.2196916672038278E+00 a       167     0     6     1    17
  8.9321263419841532E+00 a       168     0     6     1    18
 -6.8510406645518551E-02 a       169     0     6     1    19
 -1.7271093702822276E+00 a       170     0     6     1    20
  1.4485099024587367E+01 a       171     0     6     1    21
 -2.3889904737845473E+00 a       172     0     6     1    22
 -1.0013455259667698E+01 a       173     0     6     1    23
  3.6080218144462033E+00 a       174     0     6     1    24
 -5.4129840057270169E+00 a       175     0     6     1    25
  7.8639681410352571E+00 a       176     0     6     1    26
  7.8681352728873675E+00 a       177     0     6     1    27
  1.1589660001678029E+01 a       178     0     6     1    28
 -2.4620324361696973E+01 a       179     0     6     1    29
  1.7925233958916542E+00 a       180     0     6     1    30
  1.2353939410466168E+00 a       181     0     7     1     1
 -3.3191502081423856E+00 a       182     0     7     1     2
  5.3586656468289995E+00 a       183     0     7     1     3
  2.6133399128241850E+00 a       184     0     7     1     4
 -8.1149331163323009E+00 a       185     0     7     1     5
  2.3634566366227077E+01 a       186     0     7     1     6
  7.2884908042776768E+00 a       187     0     7     1     7
 -3.7173798725357852E+00 a       188     0     7     1     8
  1.4282671203547366E+01 a       189     0     7     1     9
  4.9929836492741124E+00 a       190     0     7     1    10
  2.8676174377530938E+01 a       191     0     7     1    11
 -9.9946587320022893E+00 a       192     0     7     1    12
  1.2972415322629326E+01 a       193     0     7     1    13
  3.8715302061676915E-01 a       194     0     7     1    14
 -1.5825585572558694E+01 a       195     0     7     1    15
 -1.4758550472975973E-02 a       196     0     7     1    16
 -1.3450682988662205E+01 a       197     0     7     1    17
  6.3087299171383329E+00 a       198     0     7     1    18
 -4.8730911873639764E+00 a       199     0     7     1    19
 -2.8365371018829575E+00 a       200     0     7     1    20
  1.4638433135447809E+01 a       201     0     7     1    21
 -1.5148363868524054E+01 a       202     0     7     1    22
  1.6947935753975184E+01 a       203     0     7     1    23
 -7.2332403049689820E+00 a       204     0     7     1    24
 -4.9737434165893921E+00 a       205     0     7     1    25
  2.3456433226323221E+00 a       206     0     7     1    26
  1.0776892337636543E+01 a       207     0     7     1    27
  9.3435982122038261E+00 a       208     0     7     1    28
 -3.1292162959570991E+01 a       209     0     7     1    29
  1.6089375905118519E+00 a       210     0     7     1    30
 -7.7151574269802028E+00 a       211     0     8     1     1
  7.4392593862607663E+00 a       212     0     8     1     2
 -3.4908458590621056E+00 a       213     0     8     1     3
 -1.4308479454221851E+01 a       214     0     8     1     4
 -3.6677835654177731E+00 a       215     0     8     1     5
  3.2689399005199724E+00 a       216     0     8     1     6
 -1.7939770619947669E+01 a       217     0     8     1     7
 -2.5685035101409079E+00 a       218     0     8     1     8
 -8.2766048920826507E-01 a       219     0     8     1     9
 -4.0655111980669361E+00 a       220     0     8     1    10
 -7.1298344182401840E-01 a       221     0     8     1    11
  7.5151107097394432E+00 a       222     0     8     1    12
 -9.6795568222086885E+00 a       223     0     8     1    13
 -5.0183537679317070E+00 a       224     0     8     1    14
  1.1342007879669138E+01 a       225     0     8     1    15
  3.2556470233937298E+00 a       226     0     8     1    16
 -1.5657113304396109E+01 a       227     0     8     1    17
 -1.3964607899385548E+01 a       228     0     8     1    18
 -9.7104644057121980E-01 a       229     0     8     1    19
 -5.3897589847548746E+00 a       230     0     8     1    20
  1.1712365999490309E+01 a       231     0     8     1    21
  8.8811794852530745E+00 a       232     0     8     1    22
 -4.5297874903260222E+00 a       233     0     8     1    23
 -3.2702098668014359E+00 a       234     0     8     1    24
  8.0858865937112121E+00 a       235     0     8     1    25
 -6.4857215735814773E+00 a       236     0     8     1    26
  2.7944418479316853E+00 a       237     0     8     1    27
 -6.2139187272693883E+00 a       238     0     8     1    28
 -5.3836377374625863E+00 a       239     0     8     1    29
 -1.6604936751457682E+01 a       240     0     8     1    30
  8.3272154549554678E+00 a       241     0     9     1     1
 -2.9683317938927245E+00 a       242     0     9     1     2
  8.4964895557527917E+00 a       243     0     9     1     3
  1.1039391349036306E+01 a       244     0     9     1     4
 -1.7500250551506438E+00 a       245     0     9     1     5
 -8.4073686787013113E-01 a       246     0     9     1     6
  1.4415975369368729E+01 a       247     0     9     1     7
  8.0046713924585067E+00 a       248     0     9     1     8
 -8.8224402252622569E-01 a       249     0     9     1     9
 -2.5927905138362717E-01 a       250     0     9     1    10
 -1.1654331519297093E+01 a       251     0     9     1    11
 -1.0870519516370361E+01 a       252     0     9     1    12
  3.8106204610083960E+00 a       253     0     9     1    13
  2.8324676280823652E-01 a       254     0     9     1    14
 -4.5268304683867040E+00 a       255     0     9     1    15
  4.1407469218994727E-02 a       256     0     9     1    16
 -5.8009365012163085E+00 a       257     0     9     1    17
  1.8487446590251557E+00 a       258     0     9     1    18
 -1.1654067475592707E+00 a       259     0     9     1    19
  5.7025567297992925E+00 a       260     0     9     1    20
 -1.0635072383100738E+01 a       261     0     9     1    21
 -1.5794911009859625E+01 a       262     0     9     1    22
 -2.8713057386983349E+00 a       263     0     9     1    23
 -1.4057267811278955E+01 a       264     0     9     1    24
 -7.8462537671438506E+00 a       265     0     9     1    25
  1.1894158560726021E+01 a       266     0     9     1    26
 -4.8930716051320715E+00 a       267     0     9     1    27
  8.9309470943043472E+00 a       268     0     9     1    28
  1.3768278783537222E+00 a       269     0     9     1    29
  6.3445409673641633E+00 a       270     0     9     1    30
  2.5094848742274927E+01 a       271     0    10     1     1
 -1.7037811661034938E+00 a       272     0    10     1     2
 -7.0788286472913677E+00 a       273     0    10     1     3
  5.9358396694522790E+00 a       274     0    10     1     4
  5.6515920942998585E+00 a       275     0    10     1     5
 -2.8201711828268351E+01 a       276     0    10     1     6
 -2.6068353474923267E+00 a       277     0    10     1     7
 -4.8626027089491386E-01 a       278     0    10     1     8
 -1.0137431000839010E+01 a       279     0    10     1     9
  9.1197327424171366E+00 a       280     0    10     1    10
  2.3985523971905049E+01 a       281     0    10     1    11
  3.6785467451969511E+00 a       282     0    10     1    12
 -7.9845228632909455E+00 a       283     0    10     1    13
  2.1711804943124164E+00 a       284     0    10     1    14
  9.0342007719511059E+00 a       285     0    10     1    15
 -7.2347715868712577E+00 a       286     0    10     1    16
  1.1392819046202547E+01 a       287     0    10     1    17
 -5.3784871782008521E+00 a       288     0    10     1    18
  1.9734005282705098E+01 a       289     0    10     1    19
 -2.0503293111658621E+01 a       290     0    10     1    20
  3.6312125263741764E+00 a       291     0    10     1    21
  7.4172832167122538E+00 a       292     0    10     1    22
 -1.0941072976412439E+01 a       293     0    10     1    23
  1.1431224176782237E+01 a       294     0    10     1    24
 -2.2069124411537994E-01 a       295     0    10     1    25
 -3.0658842749527748E+00 a       296     0    10     1    26
  1.6443798639477478E+01 a       297     0    10     1    27
 -1.2999105183068087E+01 a       298     0    10     1    28
  1.1734364164959301E+01 a       299     0    10     1    29
  7.7386130658833947E+00 a       300     0    10     1    30
 -1.1906335492681194E+01 a       301     0    11     1     1
  1.4920528166238009E+01 a       302     0    11     1     2
  1.5107090793065948E+01 a       303     0    11     1     3
  1.0451243025262171E+01 a       304     0    11     1     4
 -2.2277877349330108E-02 a       305     0    11     1     5
  3.9478910270388778E-01 a       306     0    11     1     6
 -6.9660631192191165E+00 a       307     0    11     1     7
 -7.5789767988905323E+00 a       308     0    11     1     8
 -2.8511076739179049E+00 a       309     0    11     1     9
  9.4794384491231867E+00 a       310     0    11     1    10
 -7.8289296414609455E-01 a       311     0    11     1    11
 -2.2715845118343239E+01 a       312     0    11     1    12
 -9.6067175017745576E+00 a       313     0    11     1    13
 -9.7386742748806547E+00 a       314     0    11     1    14
  1.1357477425693792E+01 a       315     0    11     1    15
  2.4783091944474506E+01 a       316     0    11     1    16
 -1.0237654276116395E+01 a       317     0    11     1    17
 -1.2204164924038333E+01 a       318     0    11     1    18
 -8.0033614220083482E+00 a       319     0    11     1    19
  1.7274144223417956E+01 a       320     0    11     1    20
 -1.1034127928046378E+00 a       321     0    11     1    21
  2.0492533752953261E+00 a       322     0    11     1    22
 -4.6233994450539937E+00 a       323     0    11     1    23
 -9.9384950718556837E+00 a       324     0    11     1    24
 -6.8906024626881344E+00 a       325     0    11     1    25
 -3.7974820631245212E+00 a       326     0    11     1    26
  1.7571061039811620E+00 a       327     0    11     1    27
 -4.5447122986632005E+00 a       328     0    11     1    28
  1.0885910702089387E+01 a       329     0    11     1    29
  1.0637055126384711E+00 a       330     0    11     1    30
  9.9304432635145679E-01 a       331     0    12     1     1
  2.2274643657665765E+00 a       332     0    12     1     2
 -1.4994323068373359E+00 a       333     0    12     1     3
  4.6376548358683225E+00 a       334     0    12     1     4
  5.6311475799725785E-01 a       335     0    12     1     5
 -1.3636305340615309E+00 a       336     0    12     1     6
  3.7918359662104453E+00 a       337     0    12     1     7
 -1.1410860973956363E+00 a       338     0    12     1     8
 -4.5081102500980175E-01 a       339     0    12     1     9
 -1.1271158594905859E+00 a       340     0    12     1    10
 -2.0447113243918791E-01 a       341     0    12     1    11
  2.2065681587374661E+00 a       342     0    12     1    12
 -1.1971728113348687E+00 a       343     0    12     1    13
  7.5794502125876428E-01 a       344     0    12     1    14
  1.7417791048386441E-01 a       345     0    12     1    15
  1.0616138808913249E+00 a       346     0    12     1    16
 -5.1075461471928385E-01 a       347     0    12     1    17
  5.1109769454229310E+00 a       348     0    12     1    18
  2.4911634900781556E+00 a       349     0    12     1    19
 -3.7145645602743838E-01 a       350     0    12     1    20
  1.6398803821176695E+00 a       351     0    12     1    21
  9.1329407872993387E-02 a       352     0    12     1    22
 -3.5140007521665608E+00 a       353     0    12     1    23
  1.1037986551843557E+00 a       354     0    12     1    24
 -6.6475206494018846E-01 a       355     0    12     1    25
  2.3871505404828852E+00 a       356     0    12     1    26
 -4.7612978746781737E-01 a       357     0    12     1    27
  3.0001554945981215E+00 a       358     0    12     1    28
 -6.4639879216162299E-01 a       359     0    12     1    29
  3.3277742242821184E-01 a       360     0    12     1    30
  6.7163239935260166E-01 a       361     0    13     1     1
 -8.5402487978650721E-01 a       362     0    13     1     2
 -4.5983781228852552E+00 a       363     0    13     1     3
 -7.1912358857915466E+00 a       364     0    13     1     4
  1.8324781462084427E-01 a       365     0    13     1     5
  7.8920660397927267E-01 a       366     0    13     1     6
 -1.6668585610541935E+00 a       367     0    13     1     7
  1.6299932556776222E+00 a       368     0    13     1     8
 -1.7181178720664321E+00 a       369     0    13     1     9
 -4.6932240940168229E-01 a       370     0    13     1    10
  2.4989574077561731E+00 a       371     0    13     1    11
 -3.1186259257602864E+00 a       372     0    13     1    12
  3.6390064702592899E+00 a       373     0    13     1    13
 -2.3354097929210926E+00 a       374     0    13     1    14
 -1.0092939694300840E+00 a       375     0    13     1    15
 -6.5038144719487656E+00 a       376     0    13     1    16
  6.2599125793551131E+00 a       377     0    13     1    17
 -3.6087374019219847E+00 a       378     0    13     1    18
 -1.5076712560078409E+00 a       379     0    13     1    19
 -9.7596823952196343E-01 a       380     0    13     1    20
 -2.2772257037981714E+00 a       381     0    13     1    21
 -4.4387570399199792E+00 a       382     0    13     1    22
  2.8870641754112771E+00 a       383     0    13     1    23
 -4.6812230793370286E+00 a       384     0    13     1    24
  1.6628266628924699E+00 a       385     0    13     1    25
 -7.3414512620250321E+00 a       386     0    13     1    26
 -1.3382198888331793E+00 a       387     0    13     1    27
 -2.1473103922489676E+00 a       388     0    13     1    28
  3.2832956140001870E+00 a       389     0    13     1    29
  4.4979744545930178E-01 a       390     0    13     1    30
  5.1254366167004113E+00 a       391     0    14     1     1
  7.0482566690635844E+00 a       392     0    14     1     2
 -7.0581780502725602E+00 a       393     0    14     1     3
 -6.0901713848294046E+00 a       394     0    14     1     4
 -1.8916090195880559E+00 a       395     0    14     1     5
 -6.0361951890134096E+00 a       396     0    14     1     6
 -3.6502253806126936E+00 a       397     0    14     1     7
  1.6181390707780388E+01 a       398     0    14     1     8
 -1.7574583216184479E+01 a       399     0    14     1     9
 -5.8791137028321820E+00 a       400     0    14     1    10
 -8.4831155765621702E+00 a       401     0    14     1    11
 -5.5547711156306061E+00 a       402     0    14     1    12
 -3.6399974782065923E+00 a       403     0    14     1    13
  6.3991322375944568E+00 a       404     0    14     1    14
 -3.1553052506403367E+00 a       405     0    14     1    15
 -1.6042310716235284E+00 a       406     0    14     1    16
  2.7715433706958921E+00 a       407     0    14     1    17
 -1.0244936413750366E+01 a       408     0    14     1    18
  7.5467778182021794E-01 a       409     0    14     1    19
 -2.1997520762939446E+00 a       410     0    14     1    20
 -6.7702539751169368E+00 a       411     0    14     1    21
 -4.1141515756549074E+00 a       412     0    14     1    22
  1.0858063442412199E+01 a       413     0    14     1    23
 -5.0323464575523991E+00 a       414     0    14     1    24
  6.0296048088476351E+00 a       415     0    14     1    25
 -7.1711105676603646E+00 a       416     0    14     1    26
 -9.7425175219892992E+00 a       417     0    14     1    27
 -5.4457422127868904E+00 a       418     0    14     1    28
  1.3464155743347906E+01 a       419     0    14     1    29
  2.5766670442689117E+00 a       420     0    14     1    30
  5.4755157749508880E+00 a       421     0    15     1     1
  6.1743955776905883E+00 a       422     0    15     1     2
 -6.6696235187178310E+00 a       423     0    15     1     3
 -2.2775313466426979E+00 a       424     0    15     1     4
 -4.3990781815424871E+00 a       425     0    15     1     5
 -2.4768378943808326E+01 a       426     0    15     1     6
 -3.2364585879550223E+00 a       427     0    15     1     7
  1.7826366221267609E+01 a       428     0    15     1     8
 -2.8086207927835687E+01 a       429     0    15     1     9
 -1.3807670604396893E+01 a       430     0    15     1    10
 -3.0794158955538570E+01 a       431     0    15     1    11
  9.7830094595546335E-01 a       432     0    15     1    12
 -1.3965365661961481E+01 a       433     0    15     1    13
  1.0128824144003097E+01 a       434     0    15     1    14
  9.6483206510743500E+00 a       435     0    15     1    15
  8.6212795093580641E-01 a       436     0    15     1    16
  8.8815617791373818E+00 a       437     0    15     1    17
 -1.2021015530783540E+01 a       438     0    15     1    18
 -2.1887629033144749E+00 a       439     0    15     1    19
 -6.5163078780010708E-02 a       440     0    15     1    20
 -1.3944121207847950E+01 a       441     0    15     1    21
  5.1057549890074085E+00 a       442     0    15     1    22
  1.4268715609376936E+00 a       443     0    15     1    23
 -3.0642655585063308E+00 a       444     0    15     1    24
  5.2041338246575188E+00 a       445     0    15     1    25
 -3.3884491356580648E+00 a       446     0    15     1    26
 -1.3813241306535732E+01 a       447     0    15     1    27
 -1.5637460813144312E+01 a       448     0    15     1    28
  3.1643291929439652E+01 a       449     0    15     1    29
  3.7635490296218994E+00 a       450     0    15     1    30
 -9.4812792192037865E+00 a       451     0    16     1     1
  1.1737869027697869E+00 a       452     0    16     1     2
 -9.6658289509764099E+00 a       453     0    16     1     3
  7.6677354558614086E+00 a       454     0    16     1     4
  3.7158602242228564E+00 a       455     0    16     1     5
 -1.3445353228394984E+01 a       456     0    16     1     6
 -5.5877182443175233E+00 a       457     0    16     1     7
 -4.2834736607780721E+00 a       458     0    16     1     8
 -3.8753287316254483E+00 a       459     0    16     1     9
 -6.0295974754456099E+00 a       460     0    16     1    10
 -2.2155720473453297E+01 a       461     0    16     1    11
  1.5395506883102879E+01 a       462     0    16     1    12
 -6.2130353613986173E+00 a       463     0    16     1    13
  4.6867446150285303E+00 a       464     0    16     1    14
  1.3497466812911298E+01 a       465     0    16     1    15
  5.9645423740247123E+00 a       466     0    16     1    16
  1.5245265143570531E+01 a       467     0    16     1    17
 -5.9820345216997834E+00 a       468     0    16     1    18
 -5.6365468177522189E+00 a       469     0    16     1    19
 -1.9436805465115697E+01 a       470     0    16     1    20
 -6.9343693416782521E+00 a       471     0    16     1    21
  1.7898272152019842E+01 a       472     0    16     1    22
 -1.9782894153303388E+01 a       473     0    16     1    23
  1.7455218867217404E+01 a       474     0    16     1    24
  1.5425191815882064E+01 a       475     0    16     1    25
  3.3010922435004129E+00 a       476     0    16     1    26
 -2.0392821359959036E+01 a       477     0    16     1    27
 -5.5570078203118172E+00 a       478     0    16     1    28
  2.7052322807013049E+01 a       479     0    16     1    29
 -6.0371940771442141E+00 a       480     0    16     1    30
 -9.9553969258958048E+00 a       481     0    17     1     1
  9.1626056430065788E+00 a       482     0    17     1     2
 -2.1092617715644777E+00 a       483     0    17     1     3
 -1.6589970421254549E+01 a       484     0    17     1     4
  2.9695243169220293E+00 a       485     0    17     1     5
 -2.1456156926135450E+00 a       486     0    17     1     6
 -8.9969184961966313E+00 a       487     0    17     1     7
 -3.9560278398104680E+00 a       488     0    17     1     8
 -1.2067271196771564E+01 a       489     0    17     1     9
  1.6087717595667510E+00 a       490     0    17     1    10
 -6.3200054665617165E+00 a       491     0    17     1    11
  1.6073960528917277E+00 a       492     0    17     1    12
 -1.2040737841797069E+01 a       493     0    17     1    13
 -2.1311043889810817E+00 a       494     0    17     1    14
  1.3206411773070622E+01 a       495     0    17     1    15
 -6.6756608689369594E+00 a       496     0    17     1    16
 -1.0117028963871325E+01 a       497     0    17     1    17
 -4.7666409137075680E+00 a       498     0    17     1    18
  4.7570908335894790E+00 a       499     0    17     1    19
 -1.1474761912204507E+01 a       500     0    17     1    20
  1.4673251628031458E+01 a       501     0    17     1    21
  7.2026786320222715E+00 a       502     0    17     1    22
 -7.9611786492858245E+00 a       503     0    17     1    23
 -1.7191630139769303E+00 a       504     0    17     1    24
 -5.4844356162022045E-01 a       505     0    17     1    25
 -9.9403435328548468E+00 a       506     0    17     1    26
  5.7753679652507692E+00 a       507     0    17     1    27
 -5.5213576556944597E+00 a       508     0    17     1    28
 -6.4586175713594551E+00 a       509     0    17     1    29
 -1.2993631597994947E+01 a       510     0    17     1    30
 -1.6677573082444397E+01 a       511     0    18     1     1
  5.0408036559609979E+00 a       512     0    18     1     2
  7.1912683402001987E+00 a       513     0    18     1     3
 -3.1472332164888490E+00 a       514     0    18     1     4
 -7.1829372608300073E+00 a       515     0    18     1     5
  2.4501942451346537E+01 a       516     0    18     1     6
 -4.5988166688088530E+00 a       517     0    18     1     7
  1.2125101354918762E+01 a       518     0    18     1     8
  9.7381276141046946E+00 a       519     0    18     1     9
 -8.0969837971871836E+00 a       520     0    18     1    10
 -2.7636826869788003E+01 a       521     0    18     1    11
 -6.3872072039938343E+00 a       522     0    18     1    12
  8.1580172913300864E+00 a       523     0    18     1    13
  1.0436936886975785E+00 a       524     0    18     1    14
 -1.5818572892895819E+00 a       525     0    18     1    15
  5.8850027778759779E+00 a       526     0    18     1    16
 -1.6796716817628365E+01 a       527     0    18     1    17
  2.0155857691903418E+00 a       528     0    18     1    18
 -9.6591485110868813E+00 a       529     0    18     1    19
  1.3310885957131863E+01 a       530     0    18     1    20
 -2.7365117323233550E+00 a       531     0    18     1    21
 -9.4905293232583414E+00 a       532     0    18     1    22
  1.0368581364997794E+01 a       533     0    18     1    23
 -1.5336112700605840E+01 a       534     0    18     1    24
 -8.5691522799240598E+00 a       535     0    18     1    25
  4.4753485847862509E+00 a       536     0    18     1    26
 -1.2282484714374013E+01 a       537     0    18     1    27
  1.1701287940984606E+01 a       538     0    18     1    28
 -1.2680987961709238E+01 a       539     0    18     1    29
 -6.2619955806269019E+00 a       540     0    18     1    30
  3.6456850498744191E+00 a       541     0    19     1     1
 -1.0118531973589016E+01 a       542     0    19     1     2
  9.7319693702047694E+00 a       543     0    19     1     3
  1.7536590645730698E+01 a       544     0    19     1     4
 -1.5580162354958738E+00 a       545     0    19     1     5
  5.7704345817847669E+00 a       546     0    19     1     6
  8.0471772288986199E-01 a       547     0    19     1     7
 -9.1526881001193896E+00 a       548     0    19     1     8
 -1.1930791153985259E+01 a       549     0    19     1     9
  3.6657939283111712E-01 a       550     0    19     1    10
 -6.0807407035882148E+00 a       551     0    19     1    11
 -6.6663386339594126E+00 a       552     0    19     1    12
  9.6353576145113906E-01 a       553     0    19     1    13
 -5.5222640566434817E+00 a       554     0    19     1    14
  3.1979777740634105E+00 a       555     0    19     1    15
  2.0732064840269834E-01 a       556     0    19     1    16
  3.3128993673648296E+01 a       557     0    19     1    17
 -6.3399909085329211E+00 a       558     0    19     1    18
 -8.1547851573109540E+00 a       559     0    19     1    19
 -7.6195810871657708E+00 a       560     0    19     1    20
 -2.4234659732206776E+00 a       561     0    19     1    21
 -8.2632238518195482E+00 a       562     0    19     1    22
 -6.9785160079423649E+00 a       563     0    19     1    23
 -2.4576862125207811E+01 a       564     0    19     1    24
  2.1443123268514936E+00 a       565     0    19     1    25
  1.0471348363078540E+01 a       566     0    19     1    26
 -6.1119879578832270E+00 a       567     0    19     1    27
  2.0782265411219664E-01 a       568     0    19     1    28
  8.8094095066724805E+00 a       569     0    19     1    29
 -1.2232312254255580E+01 a       570     0    19     1    30
 -7.0098803928228373E+00 a       571     0    20     1     1
  2.2472975613484647E-01 a       572     0    20     1     2
 -2.8556647110929720E+01 a       573     0    20     1     3
  7.0400546753383271E+00 a       574     0    20     1     4
 -1.1476620563898424E+01 a       575     0    20     1     5
  7.5425702883200811E+00 a       576     0    20     1     6
  1.2719345588358662E+01 a       577     0    20     1     7
  6.0730322288174055E-01 a       578     0    20     1     8
  1.1044491769829030E+01 a       579     0    20     1     9
 -2.0033374202399084E+01 a       580     0    20     1    10
  1.0071595469790239E+01 a       581     0    20     1    11
 -3.1384171268622305E+00 a       582     0    20     1    12
 -1.9817463341062762E+01 a       583     0    20     1    13
  3.4239982983631618E+00 a       584     0    20     1    14
 -1.4704295821177659E+01 a       585     0    20     1    15
 -3.9668332947159155E+00 a       586     0    20     1    16
  1.7938043029650910E+01 a       587     0    20     1    17
  3.5414898272456008E+00 a       588     0    20     1    18
 -7.6249923941280215E+00 a       589     0    20     1    19
  1.0237415803473469E+01 a       590     0    20     1    20
  4.7470105255114454E+00 a       591     0    20     1    21
 -1.0297120531561500E+01 a       592     0    20     1    22
  1.2815345592648256E+01 a       593     0    20     1    23
  9.0929407893411369E+00 a       594     0    20     1    24
  3.5926658443166493E+00 a       595     0    20     1    25
 -5.8546032984101544E+00 a       596     0    20     1    26
  1.0340874326893072E+01 a       597     0    20     1    27
  8.9065658449670781E+00 a       598     0    20     1    28
  1.6764478326409577E+01 a       599     0    20     1    29
  1.7757105225108177E+01 a       600     0    20     1    30
 -4.1663252684621099E+00 a       601     0    21     1     1
 -7.4678782530252077E+00 a       602     0    21     1     2
  2.6543354120051266E+00 a       603     0    21     1     3
  3.7844202875200015E+00 a       604     0    21     1     4
 -2.5179210462694382E+01 a       605     0    21     1     5
 -5.3212874866364661E+00 a       606     0    21     1     6
 -1.9112973559121154E+00 a       607     0    21     1     7
 -3.1464219738830479E+01 a       608     0    21     1     8
 -1.8636316269402709E+01 a       609     0    21     1     9
 -1.0728787758656322E-02 a       610     0    21     1    10
  1.5247969847550076E+01 a       611     0    21     1    11
 -1.0039340602691700E+01 a       612     0    21     1    12
  1.1291067121491135E+01 a       613     0    21     1    13
 -2.7079949742947679E-01 a       614     0    21     1    14
 -1.5971462983884294E+01 a       615     0    21     1    15
  1.4610603780414918E+01 a       616     0    21     1    16
 -3.4906660272206423E+01 a       617     0    21     1    17
  2.2348502125041549E+01 a       618     0    21     1    18
 -4.2775490664564719E+00 a       619     0    21     1    19
 -8.3904569685034573E+00 a       620     0    21     1    20
 -1.9487098920425920E+00 a       621     0    21     1    21
  1.7418356750044446E+00 a       622     0    21     1    22
 -4.4932914542576432E+00 a       623     0    21     1    23
 -6.5783400583183775E+00 a       624     0    21     1    24
  1.0974071533410857E+01 a       625     0    21     1    25
 -2.4351886555634934E+00 a       626     0    21     1    26
  5.5377369080923371E+00 a       627     0    21     1    27
  4.2446999095203859E+00 a       628     0    21     1    28
 -9.4167762852975407E+00 a       629     0    21     1    29
 -4.3098001449037353E+00 a       630     0    21     1    30
 -6.4117459565068788E+00 a       631     0    22     1     1
  6.7259916813270113E+00 a       632     0    22     1     2
  1.2873012853356439E+01 a       633     0    22     1     3
 -7.0908696942034748E+00 a       634     0    22     1     4
  2.4170242148419540E+01 a       635     0    22     1     5
  4.1639051655739516E+00 a       636     0    22     1     6
  1.1790812901947671E+01 a       637     0    22     1     7
  2.0467475883824671E+00 a       638     0    22     1     8
  8.4215511721955281E+00 a       639     0    22     1     9
 -2.8901713771027828E+00 a       640     0    22     1    10
 -9.0066583535323517E+00 a       641     0    22     1    11
 -3.2516240763917406E+00 a       642     0    22     1    12
  1.4894677280388022E+01 a       643     0    22     1    13
 -4.2692083941529475E+00 a       644     0    22     1    14
 -1.5453174240258358E+00 a       645     0    22     1    15
 -1.4134189212109245E+00 a       646     0    22     1    16
  1.5271174346396664E+01 a       647     0    22     1    17
 -6.3381141423043763E+00 a       648     0    22     1    18
  1.2066912060419847E+01 a       649     0    22     1    19
  4.4213421985070667E-02 a       650     0    22     1    20
 -2.1776399722543891E+00 a       651     0    22     1    21
  1.0353906290066858E+01 a       652     0    22     1    22
 -2.5786853653801582E+00 a       653     0    22     1    23
 -8.2502853755340571E+00 a       654     0    22     1    24
 -1.0680355782907018E+01 a       655     0    22     1    25
 -8.6482046777907389E+00 a       656     0    22     1    26
 -4.0208025638213263E+00 a       657     0    22     1    27
  3.4395727203336492E+00 a       658     0    22     1    28
 -2.5206774552681786E+01 a       659     0    22     1    29
  1.2265218912871132E+01 a       660     0    22     1    30
  2.0103490321509302E+01 a       661     0    23     1     1
  7.4339510850310981E+00 a       662     0    23     1     2
 -1.9650990012655647E+01 a       663     0    23     1     3
  2.7578646869807649E+01 a       664     0    23     1     4
 -3.3009544712397826E+01 a       665     0    23     1     5
 -7.0915333588869895E+00 a       666     0    23     1     6
  4.6786332191494406E-01 a       667     0    23     1     7
 -2.1313042638832684E+01 a       668     0    23     1     8
 -3.5242298772246379E+00 a       669     0    23     1     9
 -1.3174692939164633E+01 a       670     0    23     1    10
 -1.8328963606296398E+01 a       671     0    23     1    11
 -1.4289660850664683E+01 a       672     0    23     1    12
  3.2222195092143713E-01 a       673     0    23     1    13
  9.9881881459391071E+00 a       674     0    23     1    14
 -4.1162304838328962E+00 a       675     0    23     1    15
 -3.4841388541497631E+00 a       676     0    23     1    16
  1.1789133254093633E+01 a       677     0    23     1    17
  4.3428074023041785E-01 a       678     0    23     1    18
  1.1137964341020602E+01 a       679     0    23     1    19
 -4.0805847811774152E+00 a       680     0    23     1    20
 -2.2597234546874180E+01 a       681     0    23     1    21
  7.7463697661312425E+00 a       682     0    23     1    22
 -1.8794594791554317E+01 a       683     0    23     1    23
  5.3355902568999980E+00 a       684     0    23     1    24
 -9.6047623296627673E+00 a       685     0    23     1    25
 -4.1357953946925106E+00 a       686     0    23     1    26
  9.7512283852467831E+00 a       687     0    23     1    27
 -1.4273355353824362E+01 a       688     0    23     1    28
 -1.6355752843739054E+01 a       689     0    23     1    29
 -1.3925189140951844E+00 a       690     0    23     1    30
 -2.8122536046638331E+01 a       691     0    24     1     1
  1.0090144177864842E+01 a       692     0    24     1     2
 -1.0558536720011078E+01 a       693     0    24     1     3
 -3.0540297265941646E+01 a       694     0    24     1     4
  3.4336615808580945E+01 a       695     0    24     1     5
  4.2794433592057839E+00 a       696     0    24     1     6
 -1.3814800312556372E+01 a       697     0    24     1     7
  2.7364781902126516E+01 a       698     0    24     1     8
 -1.2181206169734395E+01 a       699     0    24     1     9
 -1.7399850756461227E+01 a       700     0    24     1    10
  8.3604724894931690E-02 a       701     0    24     1    11
  7.9518622020882601E+00 a       702     0    24     1    12
 -1.0314868761384657E+01 a       703     0    24     1    13
 -3.6658761353812139E+01 a       704     0    24     1    14
  5.6389385941831858E+00 a       705     0    24     1    15
  1.3128369341450547E+01 a       706     0    24     1    16
 -2.4645559467421116E+01 a       707     0    24     1    17
  9.8497958949157720E+00 a       708     0    24     1    18
  2.1347205852808937E+01 a       709     0    24     1    19
  8.2541881090166989E+00 a       710     0    24     1    20
  1.4897324851247232E+01 a       711     0    24     1    21
 -2.0062313696740137E+01 a       712     0    24     1    22
  2.7092565832195056E+01 a       713     0    24     1    23
 -4.2051900421437786E+01 a       714     0    24     1    24
  7.3875307080134718E+00 a       715     0    24     1    25
 -1.0591036949068178E+01 a       716     0    24     1    26
 -2.0611320500624132E+01 a       717     0    24     1    27
 -1.4351329177734485E+01 a       718     0    24     1    28
  4.2908535591694417E+00 a       719     0    24     1    29
  6.7588473663284832E-01 a       720     0    24     1    30
 -1.0087541190926812E+01 a       721     0    25     1     1
 -5.8699185076823444E+00 a       722     0    25     1     2
  1.3986112455513997E+01 a       723     0    25     1     3
 -8.5475792762129323E+00 a       724     0    25     1     4
 -1.5859363501755416E+01 a       725     0    25     1     5
 -1.0719400818411954E+01 a       726     0    25     1     6
  2.0193486599663142E+01 a       727     0    25     1     7
 -2.5181886768211972E+00 a       728     0    25     1     8
  3.5913252125720874E+00 a       729     0    25     1     9
 -1.9474279575841539E+01 a       730     0    25     1    10
  1.9371842629567897E+01 a       731     0    25     1    11
 -5.8808378686489504E-01 a       732     0    25     1    12
  2.7615359766254070E+01 a       733     0    25     1    13
 -5.7285873185345517E+00 a       734     0    25     1    14
  5.3807790821465202E+00 a       735     0    25     1    15
 -1.0032012969438535E+01 a       736     0    25     1    16
  3.9839445200738419E+00 a       737     0    25     1    17
  1.6685312090324956E+01 a       738     0    25     1    18
  5.3767613489146382E-01 a       739     0    25     1    19
  1.1057418348785300E-01 a       740     0    25     1    20
 -1.5904107542720356E+01 a       741     0    25     1    21
  5.5068607410099295E+00 a       742     0    25     1    22
 -5.6541876864286031E+00 a       743     0    25     1    23
  5.9648679925902979E+00 a       744     0    25     1    24
  1.0658885396911526E+01 a       745     0    25     1    25
  1.1117245127067306E+01 a       746     0    25     1    26
 -5.4116611565937740E+00 a       747     0    25     1    27
 -1.4137057608474997E+01 a       748     0    25     1    28
 -1.8760268531219278E+01 a       749     0    25     1    29
 -1.0748777320271616E+01 a       750     0    25     1    30
 -1.0419642233368856E+01 a       751     0    26     1     1
  1.1925073404021806E+00 a       752     0    26     1     2
 -1.4227803164156873E+01 a       753     0    26     1     3
  1.8652491306857563E+01 a       754     0    26     1     4
  3.1955729900733263E+00 a       755     0    26     1     5
  9.2274786289435138E+00 a       756     0    26     1     6
 -5.2161683230584313E+00 a       757     0    26     1     7
  1.7650870514489192E+01 a       758     0    26     1     8
  1.7656975013834835E+00 a       759     0    26     1     9
 -6.9578125948917808E+00 a       760     0    26     1    10
 -6.8672913899868737E+00 a       761     0    26     1    11
  1.7987588652319713E+00 a       762     0    26     1    12
 -1.3443606476409727E+01 a       763     0    26     1    13
  1.7996180455790014E+00 a       764     0    26     1    14
 -1.3477486330430207E+01 a       765     0    26     1    15
  1.4412540503207598E+00 a       766     0    26     1    16
 -8.0064932641569495E+00 a       767     0    26     1    17
 -8.9198611218507118E+00 a       768     0    26     1    18
 -2.2414107776752226E+00 a       769     0    26     1    19
 -3.3175879003189204E+00 a       770     0    26     1    20
 -2.7493326581729689E+00 a       771     0    26     1    21
 -1.7468141006125819E+01 a       772     0    26     1    22
  6.7444396958778787E+00 a       773     0    26     1    23
  6.7921926111799413E+00 a       774     0    26     1    24
 -6.2387026249007329E+00 a       775     0    26     1    25
 -4.2536570533087898E+00 a       776     0    26     1    26
 -8.9318352293668628E+00 a       777     0    26     1    27
  7.1797537057438454E+00 a       778     0    26     1    28
  1.7893895424033133E+00 a       779     0    26     1    29
  1.2493787431338534E+01 a       780     0    26     1    30
  2.6501780771375074E+01 a       781     0    27     1     1
 -8.9133842968381458E+00 a       782     0    27     1     2
  3.8148852467069592E+00 a       783     0    27     1     3
  9.0786284465419165E+00 a       784     0    27     1     4
 -1.2452683954397321E+01 a       785     0    27     1     5
  2.3693119094087223E+00 a       786     0    27     1     6
  2.0391117908922927E+00 a       787     0    27     1     7
 -1.9088132037951990E+01 a       788     0    27     1     8
 -2.9539590994879377E+00 a       789     0    27     1     9
  8.8686052440553649E+00 a       790     0    27     1    10
  1.0050420916573145E+01 a       791     0    27     1    11
  9.1605276364910662E+00 a       792     0    27     1    12
  1.5823023739697673E+01 a       793     0    27     1    13
  2.1300353872315455E+01 a       794     0    27     1    14
 -4.2841115826319855E+00 a       795     0    27     1    15
 -5.2776448451860816E+00 a       796     0    27     1    16
  2.0794062960767942E+01 a       797     0    27     1    17
 -1.8759775155708759E+01 a       798     0    27     1    18
 -2.5804462827314570E+01 a       799     0    27     1    19
  3.7049449860222616E-01 a       800     0    27     1    20
  9.2518615239600006E+00 a       801     0    27     1    21
  2.3081250524121703E+01 a       802     0    27     1    22
  3.5002245839010291E+00 a       803     0    27     1    23
  3.0576959792744379E+01 a       804     0    27     1    24
 -1.5347837470505317E+01 a       805     0    27     1    25
 -6.2937684504977387E+00 a       806     0    27     1    26
  2.2761759385698127E+01 a       807     0    27     1    27
  1.6135532249756505E+01 a       808     0    27     1    28
  7.2771621087955092E+00 a       809     0    27     1    29
  4.4444416768251633E+00 a       810     0    27     1    30
  1.4534163752492478E+01 a       811     0    28     1     1
  3.2267061790303293E+00 a       812     0    28     1     2
  2.5496421406641009E+01 a       813     0    28     1     3
  1.9241596686891079E+01 a       814     0    28     1     4
  2.1465967019114363E+01 a       815     0    28     1     5
  4.7343715593820157E+00 a       816     0    28     1     6
  5.8897366216376401E-01 a       817     0    28     1     7
  1.7375565998048515E+01 a       818     0    28     1     8
 -1.5707728006428924E+01 a       819     0    28     1     9
  1.8693253819751202E+01 a       820     0    28     1    10
  4.6033696142055156E+00 a       821     0    28     1    11
 -2.6275747966660599E+00 a       822     0    28     1    12
 -2.2437799224411652E+00 a       823     0    28     1    13
  1.4378736445635155E+01 a       824     0    28     1    14
  6.8833683162599160E+00 a       825     0    28     1    15
 -8.2564043094304083E+00 a       826     0    28     1    16
  1.4801176527634619E+01 a       827     0    28     1    17
 -1.4100706197846401E+01 a       828     0    28     1    18
 -3.6908290930317942E+00 a       829     0    28     1    19
 -1.9664069334094803E+00 a       830     0    28     1    20
  9.7817578080619896E+00 a       831     0    28     1    21
  5.9064883128326899E+00 a       832     0    28     1    22
 -7.4892644534335986E+00 a       833     0    28     1    23
  1.7601810801091268E+01 a       834     0    28     1    24
 -6.1672018988159669E+00 a       835     0    28     1    25
  9.7810840309573699E+00 a       836     0    28     1    26
 -1.5769497009573419E+01 a       837     0    28     1    27
 -3.3997218934506721E+00 a       838     0    28     1    28
  1.6022309469441840E+00 a       839     0    28     1    29
 -8.3673150249428332E+00 a       840     0    28     1    30
 -2.5327614600783077E+00 a       841     0    29     1     1
 -2.2838103384655954E+00 a       842     0    29     1     2
 -1.9638424191023088E+01 a       843     0    29     1     3
  2.0485236546291250E+00 a       844     0    29     1     4
 -2.1993854611815262E+01 a       845     0    29     1     5
  1.6092827490181705E+00 a       846     0    29     1     6
 -9.8753227209607584E+00 a       847     0    29     1     7
 -3.8028472637110795E+00 a       848     0    29     1     8
  1.2571525448189265E+01 a       849     0    29     1     9
 -1.1316145559321273E+00 a       850     0    29     1    10
  1.2718371430259388E+01 a       851     0    29     1    11
  4.4193941922764246E+00 a       852     0    29     1    12
 -1.0850647750483244E+01 a       853     0    29     1    13
  6.0785491912653944E-01 a       854     0    29     1    14
  5.0148972224463702E+00 a       855     0    29     1    15
  7.6905654698029746E+00 a       856     0    29     1    16
 -3.2753290345017732E+00 a       857     0    29     1    17
  8.3061592045402577E+00 a       858     0    29     1    18
 -8.8628634186291038E+00 a       859     0    29     1    19
  5.7815391322342427E+00 a       860     0    29     1    20
  5.6059754876046384E+00 a       861     0    29     1    21
 -1.1914871576183314E+01 a       862     0    29     1    22
  1.8727422348979612E+01 a       863     0    29     1    23
  1.2827434260109213E+01 a       864     0    29     1    24
  2.2359945772598344E+00 a       865     0    29     1    25
  1.0619086847368957E+01 a       866     0    29     1    26
  4.3382791542812313E+00 a       867     0    29     1    27
 -8.1262386632736927E+00 a       868     0    29     1    28
  3.1631765295754672E+01 a       869     0    29     1    29
 -5.9180063746792735E+00 a       870     0    29     1    30
  2.3210234745568776E+01 a       871     0    30     1     1
  5.3353591330685015E+00 a       872     0    30     1     2
 -2.0971975950900934E+01 a       873     0    30     1     3
 -9.6964366300676215E+00 a       874     0    30     1     4
 -3.7915387785577426E-01 a       875     0    30     1     5
 -3.2214946257045320E+00 a       876     0    30     1     6
 -2.4620834625902290E+00 a       877     0    30     1     7
 -5.5407609352792084E+00 a       878     0    30     1     8
  8.3587788534062799E+00 a       879     0    30     1     9
  1.5941922030456354E+01 a       880     0    30     1    10
 -1.7267098916231522E+01 a       881     0    30     1    11
 -6.5415383088999404E+00 a       882     0    30     1    12
 -2.0259700490874781E+01 a       883     0    30     1    13
  1.0347947951763823E+01 a       884     0    30     1    14
  5.0499357943252132E+00 a       885     0    30     1    15
  1.4968098074640444E+01 a       886     0    30     1    16
 -6.4677841964511931E+00 a       887     0    30     1    17
  5.1989822960350383E+00 a       888     0    30     1    18
  4.0850915377307304E+00 a       889     0    30     1    19
 -9.6714094725279516E+00 a       890     0    30     1    20
  2.6530123846000354E+01 a       891     0    30     1    21
  8.0865975219313615E+00 a       892     0    30     1    22
  5.7350558588778853E+00 a       893     0    30     1    23
  3.0522215176680367E+00 a       894     0    30     1    24
 -2.3526276988316646E+00 a       895     0    30     1    25
 -1.4334890240094468E+01 a       896     0    30     1    26
  1.6713564145089208E+01 a       897     0    30     1    27
 -3.9793375755400486E+00 a       898     0    30     1    28
  2.4316682316749535E+01 a       899     0    30     1    29
  9.2764495001037766E+00 a       900     0    30     1    30
 -4.3996381481742972E+00 a       901     0    31     1     1
 -3.8618558526366100E+00 a       902     0    31     1     2
  1.0143383451789182E+01 a       903     0    31     1     3
  1.6965302733470138E+00 a       904     0    31     1     4
 -1.0328134681073355E+01 a       905     0    31     1     5
  9.9924848552862311E-01 a       906     0    31     1     6
  1.5419974672939130E+01 a       907     0    31     1     7
 -2.2627594132307575E+01 a       908     0    31     1     8
  4.5920465826678107E+00 a       909     0    31     1     9
  6.7959034352977135E+00 a       910     0    31     1    10
  5.3217013193426874E+00 a       911     0    31     1    11
 -1.0072134704727674E+01 a       912     0    31     1    12
  4.9446536416314038E+00 a       913     0    31     1    13
  5.5115485760712248E+00 a       914     0    31     1    14
  7.1017209750841026E-01 a       915     0    31     1    15
 -1.1523912998374151E+00 a       916     0    31     1    16
  5.8003029318994237E+00 a       917     0    31     1    17
  6.8425802023829316E+00 a       918     0    31     1    18
 -9.2468548575227771E+00 a       919     0    31     1    19
  8.1786815992954605E+00 a       920     0    31     1    20
 -1.7710482290631244E+01 a       921     0    31     1    21
 -3.8215883413938423E+00 a       922     0    31     1    22
 -1.7022824912665641E+01 a       923     0    31     1    23
  1.3986586971527071E+01 a       924     0    31     1    24
  1.6625840353585339E+01 a       925     0    31     1    25
  1.3457900371399974E+01 a       926     0    31     1    26
 -5.9629518701015609E+00 a       927     0    31     1    27
 -5.6278764800757608E-01 a       928     0    31     1    28
  2.0445811309293318E+00 a       929     0    31     1    29
 -9.3353953512673904E+00 a       930     0    31     1    30
 -1.1268083900881416E+01 a       931     0    32     1     1
  6.5892380407195592E+00 a       932     0    32     1     2
  1.6785520848575615E+01 a       933     0    32     1     3
  1.0505711220343463E+00 a       934     0    32     1     4
  8.8583865330832534E+00 a       935     0    32     1     5
 -1.0520673105097337E+01 a       936     0    32     1     6
  1.1135635947584250E+01 a       937     0    32     1     7
  7.0171310874169244E+00 a       938     0    32     1     8
 -5.6078552000585917E+00 a       939     0    32     1     9
 -7.6902504608423150E-01 a       940     0    32     1    10
  3.4900473519137352E+00 a       941     0    32     1    11
 -1.7691336642916284E+00 a       942     0    32     1    12
  1.3843145765475255E+00 a       943     0    32     1    13
 -4.7791241089022547E+00 a       944     0    32     1    14
  1.6787516972378970E+01 a       945     0    32     1    15
  1.0145731015591613E+01 a       946     0    32     1    16
 -3.9973104726999296E+00 a       947     0    32     1    17
  1.4885035818510502E+01 a       948     0    32     1    18
  1.9295001597788250E+01 a       949     0    32     1    19
 -2.7670906291050095E+00 a       950     0    32     1    20
 -1.5296572890048207E+01 a       951     0    32     1    21
  4.1435407535965663E+00 a       952     0    32     1    22
 -1.3256646255183917E+01 a       953     0    32     1    23
 -1.3290261926069194E+01 a       954     0    32     1    24
 -1.9176829438274414E+00 a       955     0    32     1    25
 -4.6943152852769252E+00 a       956     0    32     1    26
  2.3592519468117987E+00 a       957     0    32     1    27
 -1.2534631124620969E+01 a       958     0    32     1    28
 -2.6972413501112298E+00 a       959     0    32     1    29
 -3.2261490515960882E+00 a       960     0    32     1    30
 -3.8061682737021418E+00 a       961     0    33     1     1
  1.1361726779626755E+01 a       962     0    33     1     2
 -1.2647596825781728E+01 a       963     0    33     1     3
 -1.2870120320454619E+01 a       964     0    33     1     4
 -1.2439688005620583E+01 a       965     0    33     1     5
  2.6706093969149986E+01 a       966     0    33     1     6
 -6.7778208807986067E+00 a       967     0    33     1     7
 -2.7099272111231116E+01 a       968     0    33     1     8
  4.8418551853157181E+00 a       969     0    33     1     9
 -3.6491303188939037E+00 a       970     0    33     1    10
  7.1938619157915458E+00 a       971     0    33     1    11
  1.6734998455000758E+00 a       972     0    33     1    12
  2.9358438816131771E-01 a       973     0    33     1    13
 -4.7265011910322823E+00 a       974     0    33     1    14
 -1.3298631690783841E+01 a       975     0    33     1    15
 -2.0994305739242147E+01 a       976     0    33     1    16
 -1.2383929318548498E+01 a       977     0    33     1    17
 -4.6123993565463337E+00 a       978     0    33     1    18
  3.8214224145019471E+00 a       979     0    33     1    19
 -2.0186434598382480E+01 a       980     0    33     1    20
  4.6350929186737302E+00 a       981     0    33     1    21
 -2.3799573959092424E+01 a       982     0    33     1    22
  2.1020468259631237E+01 a       983     0    33     1    23
  6.5496941445835049E+00 a       984     0    33     1    24
 -7.1051911065247122E+00 a       985     0    33     1    25
  7.8497922721196742E+00 a       986     0    33     1    26
  1.1396508355918435E+01 a       987     0    33     1    27
  9.6497450455612714E+00 a       988     0    33     1    28
 -1.5747229454387799E+01 a       989     0    33     1    29
  1.0649366701528857E+00 a       990     0    33     1    30
 -2.2859725307561658E+00 a       991     0    34     1     1
  5.4304525512656667E+00 a       992     0    34     1     2
 -2.9036814597457622E-01 a       993     0    34     1     3
 -1.8504069765301086E+01 a       994     0    34     1     4
  9.8485717835962152E+00 a       995     0    34     1     5
 -1.1174377652697212E+01 a       996     0    34     1     6
  5.4357571140699887E+00 a       997     0    34     1     7
  2.2836164107685910E+00 a       998     0    34     1     8
 -2.3061551166144714E+00 a       999     0    34     1     9
 -5.4353143845360608E+00 a      1000     0    34     1    10
 -1.0098480683111497E+01 a      1001     0    34     1    11
  2.1921908940857717E+00 a      1002     0    34     1    12
 -7.4105175900770215E+00 a      1003     0    34     1    13
 -2.2722447864892361E+00 a      1004     0    34     1    14
 -1.2800954560433397E+00 a      1005     0    34     1    15
 -7.7740603003318629E+00 a      1006     0    34     1    16
  8.8676195252706584E+00 a      1007     0    34     1    17
 -1.1056082803380548E+01 a      1008     0    34     1    18
 -4.5278368047957542E+00 a      1009     0    34     1    19
  4.5364184662929548E+00 a      1010     0    34     1    20
 -2.2356452605122579E+00 a      1011     0    34     1    21
  4.1596358106078997E+00 a      1012     0    34     1    22
 -1.7322628848980948E+01 a      1013     0    34     1    23
 -9.4495929444351923E+00 a      1014     0    34     1    24
  1.2714125601801330E+01 a      1015     0    34     1    25
 -7.4871210356292748E+00 a      1016     0    34     1    26
 -2.2094777876597242E+00 a      1017     0    34     1    27
 -2.0911990179935303E+00 a      1018     0    34     1    28
 -1.0971970664475869E+01 a      1019     0    34     1    29
  2.1711558524353949E+00 a      1020     0    34     1    30
 -4.7536610282023313E+00 a      1021     0    35     1     1
 -6.9953718760479324E+00 a      1022     0    35     1     2
 -3.5874096277321690E+00 a      1023     0    35     1     3
 -7.8464452167199354E+00 a      1024     0    35     1     4
  1.6109223969212543E+01 a      1025     0    35     1     5
 -2.2449125181257980E+01 a      1026     0    35     1     6
 -2.3622250742112847E+01 a      1027     0    35     1     7
 -1.7685048225073192E+01 a      1028     0    35     1     8
  7.8264662313338116E+00 a      1029     0    35     1     9
  2.3774663812477662E+01 a      1030     0    35     1    10
 -1.0701026294954131E+01 a      1031     0    35     1    11
 -4.8834712905558464E-02 a      1032     0    35     1    12
 -1.4974608028820084E+01 a      1033     0    35     1    13
  8.7795492588706470E+00 a      1034     0    35     1    14
  3.2102292133707564E+01 a      1035     0    35     1    15
  3.6687882868450423E+01 a      1036     0    35     1    16
 -1.0039821223477775E+01 a      1037     0    35     1    17
  1.4253645489074676E+01 a      1038     0    35     1    18
  1.3758476247132108E+01 a      1039     0    35     1    19
 -6.7511697116481297E+00 a      1040     0    35     1    20
  2.2655293921663041E+01 a      1041     0    35     1    21
  1.5939089475492620E+01 a      1042     0    35     1    22
 -5.5604296929721366E+00 a      1043     0    35     1    23
 -9.7294798615982749E+00 a      1044     0    35     1    24
  4.3897022034280099E+01 a      1045     0    35     1    25
 -6.4704278236993904E+00 a      1046     0    35     1    26
  2.7591256322274518E+01 a      1047     0    35     1    27
  7.0879004926891467E+00 a      1048     0    35     1    28
  1.9119389248336784E+01 a      1049     0    35     1    29
  2.8928894368824580E+00 a      1050     0    35     1    30
  3.4662191989248559E+00 a      1051     0    36     1     1
  9.9285869792581742E+00 a      1052     0    36     1     2
  7.6076768981135050E+00 a      1053     0    36     1     3
 -3.2086685355888132E+00 a      1054     0    36     1     4
 -1.5258536809461112E+00 a      1055     0    36     1     5
  1.1107075182677359E+01 a      1056     0    36     1     6
  3.3040258204836874E+00 a      1057     0    36     1     7
  6.2207401492741008E+00 a      1058     0    36     1     8
  5.5367052296496000E-01 a      1059     0    36     1     9
 -6.6898142010786976E-02 a      1060     0    36     1    10
 -1.2422736064679414E+01 a      1061     0    36     1    11
  4.9215365423815449E-01 a      1062     0    36     1    12
  5.2193542816661544E+00 a      1063     0    36     1    13
  1.6056387544613979E+00 a      1064     0    36     1    14
 -1.1808856724767027E+01 a      1065     0    36     1    15
 -5.1696053920114169E+00 a      1066     0    36     1    16
  6.2892147211657816E+00 a      1067     0    36     1    17
 -6.2627430231676207E-01 a      1068     0    36     1    18
  2.6174172238313544E+00 a      1069     0    36     1    19
  4.7479656385249918E+00 a      1070     0    36     1    20
 -5.5765877040573200E+00 a      1071     0    36     1    21
  6.5813492448179920E+00 a      1072     0    36     1    22
  1.6397292240471171E+00 a      1073     0    36     1    23
  1.3071856972598670E+01 a      1074     0    36     1    24
 -7.9657405259211371E+00 a      1075     0    36     1    25
 -1.0741133484487296E+01 a      1076     0    36     1    26
 -1.1995596868790933E+01 a      1077     0    36     1    27
  2.3943040537095128E+00 a      1078     0    36     1    28
  2.6252133845483381E+00 a      1079     0    36     1    29
 -9.1974952260397362E+00 a      1080     0    36     1    30
  4.8742601698157939E+00 a      1081     0    37     1     1
 -7.2721335336099466E+00 a      1082     0    37     1     2
  5.7716995992751663E+00 a      1083     0    37     1     3
  3.0301899855959578E+00 a      1084     0    37     1     4
  5.7954383043101689E+00 a      1085     0    37     1     5
 -1.1695074203356324E+01 a      1086     0    37     1     6
  1.3267373990885789E+01 a      1087     0    37     1     7
 -7.1788498003400028E+00 a      1088     0    37     1     8
 -7.6419667561674984E+00 a      1089     0    37     1     9
  7.1708208436147647E+00 a      1090     0    37     1    10
  9.0537005351807434E+00 a      1091     0    37     1    11
 -8.2501715483666906E+00 a      1092     0    37     1    12
 -8.0275919266148215E+00 a      1093     0    37     1    13
  9.8242085100242260E-01 a      1094     0    37     1    14
 -2.9026254909497173E+00 a      1095     0    37     1    15
  1.5337122241085319E+00 a      1096     0    37     1    16
 -3.2823354717979396E+00 a      1097     0    37     1    17
  2.1472992463281622E+00 a      1098     0    37     1    18
 -3.0343003613528823E+00 a      1099     0    37     1    19
  7.6468566321181548E+00 a      1100     0    37     1    20
 -2.0958118467971534E+01 a      1101     0    37     1    21
  8.0418864679550879E+00 a      1102     0    37     1    22
 -1.6943072096282261E+01 a      1103     0    37     1    23
  5.8555005093345587E+00 a      1104     0    37     1    24
  1.5109690562506691E+01 a      1105     0    37     1    25
  3.4497558327193145E-01 a      1106     0    37     1    26
  6.2763956627032602E-01 a      1107     0    37     1    27
 -1.4439110499249788E+00 a      1108     0    37     1    28
  4.2654979918340965E+00 a      1109     0    37     1    29
 -1.5865825305884433E+01 a      1110     0    37     1    30
  1.1490694316728140E+01 a      1111     0    38     1     1
 -1.6713383095460159E+01 a      1112     0    38     1     2
 -8.8228390610601064E+00 a      1113     0    38     1     3
  1.6462533322593949E+01 a      1114     0    38     1     4
 -6.2187963280094669E+00 a      1115     0    38     1     5
  1.6720649965259181E+01 a      1116     0    38     1     6
  1.3392254108593626E+01 a      1117     0    38     1     7
  9.2511992285012568E+00 a      1118     0    38     1     8
  6.6087849192565757E+00 a      1119     0    38     1     9
 -1.5028684682747599E+01 a      1120     0    38     1    10
 -2.8327032605940805E+00 a      1121     0    38     1    11
 -1.0832456406425013E+01 a      1122     0    38     1    12
  1.1903176096328279E+01 a      1123     0    38     1    13
 -9.1794281946700611E+00 a      1124     0    38     1    14
 -4.6298493133746144E+00 a      1125     0    38     1    15
 -9.1285892213826703E+00 a      1126     0    38     1    16
  3.5425373920660723E+00 a      1127     0    38     1    17
 -3.2803637869731088E+00 a      1128     0    38     1    18
 -1.2120692758948397E+01 a      1129     0    38     1    19
  8.7786088287821791E+00 a      1130     0    38     1    20
 -1.3517447294297799E+01 a      1131     0    38     1    21
 -8.9264764945487435E-02 a      1132     0    38     1    22
  6.1460300511927226E+00 a      1133     0    38     1    23
  8.6627190851464828E+00 a      1134     0    38     1    24
 -2.9857601510618643E+01 a      1135     0    38     1    25
  5.0348319900441130E+00 a      1136     0    38     1    26
 -2.6363659548921685E+01 a      1137     0    38     1    27
  8.2184172647705811E-01 a      1138     0    38     1    28
 -7.5472257659864947E+00 a      1139     0    38     1    29
  5.2365334741793763E+00 a      1140     0    38     1    30
 -4.6998676272292172E+00 a      1141     0    39     1     1
  6.8963376426789118E+00 a      1142     0    39     1     2
  7.7534068147375752E+00 a      1143     0    39     1     3
 -2.4579535396245360E+00 a      1144     0    39     1     4
 -6.0323229200305963E+00 a      1145     0    39     1     5
  1.6322912135340570E+01 a      1146     0    39     1     6
 -1.1065896594580249E+01 a      1147     0    39     1     7
  1.7037833431706499E+01 a      1148     0    39     1     8
 -6.5246476848573565E+00 a      1149     0    39     1     9
 -2.4026198357818817E+01 a      1150     0    39     1    10
 -1.2809340854299965E+01 a      1151     0    39     1    11
  8.1643406777320635E+00 a      1152     0    39     1    12
  1.1682699057613274E+01 a      1153     0    39     1    13
  5.4181778904319309E+00 a      1154     0    39     1    14
  1.3281153189683209E+01 a      1155     0    39     1    15
  4.4518492142232731E+00 a      1156     0    39     1    16
  1.2082605927435365E+01 a      1157     0    39     1    17
 -7.7145433731094855E+00 a      1158     0    39     1    18
 -2.4928514056366851E+01 a      1159     0    39     1    19
  1.0484843470888840E+01 a      1160     0    39     1    20
  3.8276033501036416E+01 a      1161     0    39     1    21
  5.6255924838947076E+00 a      1162     0    39     1    22
  1.3226631952811431E+01 a      1163     0    39     1    23
 -8.0750479109637610E+00 a      1164     0    39     1    24
 -1.0070621257358983E+01 a      1165     0    39     1    25
 -3.7310316965978814E+00 a      1166     0    39     1    26
 -3.3595700946205781E+01 a      1167     0    39     1    27
 -2.4780442862512615E+01 a      1168     0    39     1    28
 -1.4392862222823771E+01 a      1169     0    39     1    29
  2.1415310003160883E+01 a      1170     0    39     1    30
 -1.0288002460547210E+00 a      1171     0    40     1     1
 -1.3625351692954066E+01 a      1172     0    40     1     2
  1.2837602269400079E+00 a      1173     0    40     1     3
  9.8998618970098615E+00 a      1174     0    40     1     4
 -9.5428888460143679E-01 a      1175     0    40     1     5
 -2.2021579540089299E+01 a      1176     0    40     1     6
  9.0090352972420682E+00 a      1177     0    40     1     7
 -5.6446260693988712E+00 a      1178     0    40     1     8
 -9.5494658705814892E+00 a      1179     0    40     1     9
  8.5268678422456805E+00 a      1180     0    40     1    10
 -4.7835233532134378E+00 a      1181     0    40     1    11
 -1.9914394768093853E+01 a      1182     0    40     1    12
 -2.6986217266380512E+00 a      1183     0    40     1    13
 -3.0671390232391946E+00 a      1184     0    40     1    14
 -1.2625065525006098E+01 a      1185     0    40     1    15
 -6.2438092236637805E+00 a      1186     0    40     1    16
 -1.1091059921180381E+01 a      1187     0    40     1    17
  1.9308301618475028E+00 a      1188     0    40     1    18
  2.0018627876242032E+01 a      1189     0    40     1    19
 -6.2276142528763296E+00 a      1190     0    40     1    20
 -2.8910746244871426E+01 a      1191     0    40     1    21
 -1.2626078375047854E+01 a      1192     0    40     1    22
 -4.0033426459280097E-01 a      1193     0    40     1    23
 -5.0143329145684321E+00 a      1194     0    40     1    24
  9.6891855862492071E-01 a      1195     0    40     1    25
  5.1106472175672231E+00 a      1196     0    40     1    26
  9.9955573006965714E+00 a      1197     0    40     1    27
  9.5718550507151114E+00 a      1198     0    40     1    28
  2.4306151841350168E+01 a      1199     0    40     1    29
  4.1523317031895663E+00 a      1200     0    40     1    30
 -1.1696409271315915E+01 a      1201     0    41     1     1
  1.3450423663170040E+01 a      1202     0    41     1     2
 -1.1813467891220768E+00 a      1203     0    41     1     3
 -1.5712421423898182E+00 a      1204     0    41     1     4
 -3.4525017950912997E+00 a      1205     0    41     1     5
 -3.9215583930455238E+00 a      1206     0    41     1     6
  1.2742818306150547E+00 a      1207     0    41     1     7
  5.2592767096751905E+00 a      1208     0    41     1     8
 -6.2210783584165670E+00 a      1209     0    41     1     9
 -2.8215115337517876E-01 a      1210     0    41     1    10
  1.0996756584895875E+01 a      1211     0    41     1    11
  7.3256596894520354E-01 a      1212     0    41     1    12
 -1.8148711511616629E+00 a      1213     0    41     1    13
 -6.1573887707700061E+00 a      1214     0    41     1    14
 -3.1595808691081553E+00 a      1215     0    41     1    15
 -1.7264426161201541E+01 a      1216     0    41     1    16
  8.7800580598823119E-02 a      1217     0    41     1    17
 -9.4388371000044273E+00 a      1218     0    41     1    18
 -1.0292398225713932E+00 a      1219     0    41     1    19
 -3.2029233021772514E+00 a      1220     0    41     1    20
  2.0077507699589223E-01 a      1221     0    41     1    21
 -1.7748165498840581E+01 a      1222     0    41     1    22
 -8.9062091216569605E+00 a      1223     0    41     1    23
 -6.5023410202239376E+00 a      1224     0    41     1    24
 -1.4388099648607637E+00 a      1225     0    41     1    25
  1.0469025104985412E+00 a      1226     0    41     1    26
  1.1804968979471195E+01 a      1227     0    41     1    27
 -1.0041127888949918E+01 a      1228     0    41     1    28
  3.0140367863280169E+00 a      1229     0    41     1    29
  1.8958544377537312E+00 a      1230     0    41     1    30
 -1.1360218509202724E+01 a      1231     0    42     1     1
  1.8789647983103175E-02 a      1232     0    42     1     2
  1.0385409872710348E+01 a      1233     0    42     1     3
 -8.0137225936378957E+00 a      1234     0    42     1     4
  4.0736897483983157E+00 a      1235     0    42     1     5
  1.4124694555190221E+01 a      1236     0    42     1     6
 -1.9544340968436806E+01 a      1237     0    42     1     7
  1.2698271518035648E+01 a      1238     0    42     1     8
  1.1238457966502489E+01 a      1239     0    42     1     9
  9.2402626670388965E+00 a      1240     0    42     1    10
  3.9903136201049239E+00 a      1241     0    42     1    11
  1.5780928621437784E+01 a      1242     0    42     1    12
 -2.2796923112670600E+00 a      1243     0    42     1    13
  6.2739059037551428E+00 a      1244     0    42     1    14
 -2.8224139903086853E+00 a      1245     0    42     1    15
  9.5836185223439081E+00 a      1246     0    42     1    16
 -1.9847518145992204E+01 a      1247     0    42     1    17
  1.9655024991761508E+01 a      1248     0    42     1    18
  5.1976900862450455E+00 a      1249     0    42     1    19
  1.8128056529232627E+01 a      1250     0    42     1    20
  6.6816598745573703E+00 a      1251     0    42     1    21
 -5.4147983179321919E+00 a      1252     0    42     1    22
  4.6373318768403693E-01 a      1253     0    42     1    23
 -7.4637093370713625E+00 a      1254     0    42     1    24
  5.2744605577238914E+00 a      1255     0    42     1    25
  4.1032459390688105E+00 a      1256     0    42     1    26
  5.5062226440865114E+00 a      1257     0    42     1    27
  2.0641042482130953E+01 a      1258     0    42     1    28
 -1.9263752235720915E+01 a      1259     0    42     1    29
 -1.7019032174491997E+00 a      1260     0    42     1    30
  1.2906480846518185E+00 a      1261     0    43     1     1
  1.4929781302201048E+01 a      1262     0    43     1     2
  1.0532622469377353E+01 a      1263     0    43     1     3
  2.6207020817887035E+00 a      1264     0    43     1     4
 -1.6181898288373258E+01 a      1265     0    43     1     5
  1.0050762343165719E+01 a      1266     0    43     1     6
  2.7356413330206554E+01 a      1267     0    43     1     7
  1.3726248977480895E-02 a      1268     0    43     1     8
  5.7022363144186805E+00 a      1269     0    43     1     9
 -1.1668988274644276E+01 a      1270     0    43     1    10
 -5.9651117425587969E+00 a      1271     0    43     1    11
  9.3900141025983768E+00 a      1272     0    43     1    12
  1.4701874916237253E+01 a      1273     0    43     1    13
 -9.7121346218903000E+00 a      1274     0    43     1    14
  3.0859487070475206E-01 a      1275     0    43     1    15
  1.3400967471993955E+01 a      1276     0    43     1    16
 -5.0045080643836171E+00 a      1277     0    43     1    17
  4.1677717547773296E+00 a      1278     0    43     1    18
  1.7122579137034251E+01 a      1279     0    43     1    19
 -4.2117666077919012E+00 a      1280     0    43     1    20
 -2.6006697789003148E+01 a      1281     0    43     1    21
 -2.0729991334316553E+00 a      1282     0    43     1    22
 -1.3953267280084708E+01 a      1283     0    43     1    23
  1.0922113923892374E+01 a      1284     0    43     1    24
 -9.2952739967121580E+00 a      1285     0    43     1    25
 -1.5817405443055607E+01 a      1286     0    43     1    26
  2.3260574470237810E+01 a      1287     0    43     1    27
 -2.2067889715039829E+01 a      1288     0    43     1    28
  2.3418199986310579E+01 a      1289     0    43     1    29
  2.0713699345879633E-01 a      1290     0    43     1    30
 -9.5239258739159443E+00 a      1291     0    44     1     1
 -1.4553595939440456E+01 a      1292     0    44     1     2
 -7.1126274456107446E+00 a      1293     0    44     1     3
  1.1849715004009712E-01 a      1294     0    44     1     4
 -1.4388181310925219E+01 a      1295     0    44     1     5
  5.4101690737508505E+00 a      1296     0    44     1     6
 -6.7816226608567467E+00 a      1297     0    44     1     7
 -9.8097544733776343E-01 a      1298     0    44     1     8
  9.4414678558168976E+00 a      1299     0    44     1     9
 -1.0255757229958128E+01 a      1300     0    44     1    10
 -6.2293252542264463E+00 a      1301     0    44     1    11
 -1.1877917676703778E+01 a      1302     0    44     1    12
 -4.1202046356289257E+00 a      1303     0    44     1    13
  1.1943466654023139E+01 a      1304     0    44     1    14
 -6.5877798338970832E+00 a      1305     0    44     1    15
  5.0418115870457336E-01 a      1306     0    44     1    16
 -2.3489790031597458E+01 a      1307     0    44     1    17
  3.4047230331090836E+00 a      1308     0    44     1    18
 -5.0878441395220619E+00 a      1309     0    44     1    19
 -5.1822143707845134E+00 a      1310     0    44     1    20
  1.9524304953010652E+01 a      1311     0    44     1    21
  3.8848113818573043E-01 a      1312     0    44     1    22
 -2.3271244493282577E+00 a      1313     0    44     1    23
  5.9070487579769528E+00 a      1314     0    44     1    24
  8.4914913428764844E+00 a      1315     0    44     1    25
  1.3269898876068785E+01 a      1316     0    44     1    26
 -8.5796737663316307E+00 a      1317     0    44     1    27
  8.5836013603130876E+00 a      1318     0    44     1    28
 -6.1371830495432382E+00 a      1319     0    44     1    29
  5.3689839733383060E-01 a      1320     0    44     1    30
 -2.1535742205371793E+01 a      1321     0    45     1     1
  1.8226630456013604E+00 a      1322     0    45     1     2
 -1.6230828391677502E+01 a      1323     0    45     1     3
 -2.9070888474352213E+01 a      1324     0    45     1     4
  2.6543353476371134E+00 a      1325     0    45     1     5
  8.1123415448906133E+00 a      1326     0    45     1     6
 -2.3454208639750526E+01 a      1327     0    45     1     7
 -4.8422340259731325E+00 a      1328     0    45     1     8
 -1.7769470209300788E+01 a      1329     0    45     1     9
  2.2456988741925628E+00 a      1330     0    45     1    10
 -1.1682526551732474E+01 a      1331     0    45     1    11
  5.6593887805698753E+00 a      1332     0    45     1    12
 -1.2716377631533980E+01 a      1333     0    45     1    13
 -5.5540402857788651E+00 a      1334     0    45     1    14
 -9.0127446436491301E+00 a      1335     0    45     1    15
  1.1209538469235785E+01 a      1336     0    45     1    16
 -1.8367528925384736E+01 a      1337     0    45     1    17
  2.0558314509751438E-01 a      1338     0    45     1    18
  2.5922721930546295E+00 a      1339     0    45     1    19
 -4.0892633733734263E+00 a      1340     0    45     1    20
 -1.9983476621579918E+01 a      1341     0    45     1    21
 -4.2175121330047798E+00 a      1342     0    45     1    22
  7.6699402821259923E+00 a      1343     0    45     1    23
 -4.2172478921001035E+00 a      1344     0    45     1    24
 -5.1452700809359069E+00 a      1345     0    45     1    25
 -7.1700424945186780E+00 a      1346     0    45     1    26
  1.3300878855680359E+01 a      1347     0    45     1    27
  1.1876072997137676E+01 a      1348     0    45     1    28
  9.5235439004304983E+00 a      1349     0    45     1    29
 -1.5799873963373980E+00 a      1350     0    45     1    30
 -1.9871139158322602E+00 a      1351     0    46     1     1
  5.2700638790181324E+00 a      1352     0    46     1     2
  4.9533254374128184E+00 a      1353     0    46     1     3
  2.6096870937728363E+00 a      1354     0    46     1     4
  9.2172814832570733E+00 a      1355     0    46     1     5
 -4.4405219132464051E+00 a      1356     0    46     1     6
  2.2172964062746132E+00 a      1357     0    46     1     7
  2.6958844250139906E+00 a      1358     0    46     1     8
 -1.3153129808466058E+01 a      1359     0    46     1     9
 -1.3269321153376967E+00 a      1360     0    46     1    10
  8.1121937448122079E+00 a      1361     0    46     1    11
  8.6549005675266990E+00 a      1362     0    46     1    12
  8.8554964778576100E+00 a      1363     0    46     1    13
  4.2498342366055902E-01 a      1364     0    46     1    14
  7.8222918615844543E+00 a      1365     0    46     1    15
 -8.5200577655119041E+00 a      1366     0    46     1    16
  1.6734078615254173E+00 a      1367     0    46     1    17
 -2.5532497238542553E+00 a      1368     0    46     1    18
  3.5520442728478807E+00 a      1369     0    46     1    19
  7.4871844459599703E+00 a      1370     0    46     1    20
 -6.6189733602620198E+00 a      1371     0    46     1    21
  1.0040662551774995E+00 a      1372     0    46     1    22
  1.1626386252190109E+01 a      1373     0    46     1    23
  1.7896092753735604E+00 a      1374     0    46     1    24
 -5.5656519336314565E+00 a      1375     0    46     1    25
 -1.0036386571290441E+01 a      1376     0    46     1    26
  4.0390730734584723E+00 a      1377     0    46     1    27
 -8.3076882493945075E+00 a      1378     0    46     1    28
  7.4835801326503972E+00 a      1379     0    46     1    29
  4.6988166925490377E-01 a      1380     0    46     1    30
  1.8318529527137642E+01 a      1381     0    47     1     1
 -4.2653842572117862E+00 a      1382     0    47     1     2
  1.5627876599536147E+01 a      1383     0    47     1     3
  8.7541187189645520E+00 a      1384     0    47     1     4
 -4.2505480198402985E+00 a      1385     0    47     1     5
 -5.5756848837623449E+00 a      1386     0    47     1     6
  1.1922491351413186E+01 a      1387     0    47     1     7
  1.0597995622731625E+01 a      1388     0    47     1     8
  1.1518311430945941E+01 a      1389     0    47     1     9
  9.8512920013885736E+00 a      1390     0    47     1    10
  1.0216475801121533E+01 a      1391     0    47     1    11
 -8.3029834909595046E-01 a      1392     0    47     1    12
  5.2489907475268307E+00 a      1393     0    47     1    13
  6.4348485609327444E+00 a      1394     0    47     1    14
  7.7347048505601341E+00 a      1395     0    47     1    15
 -8.4737214084566368E+00 a      1396     0    47     1    16
 -4.4899011514702432E+00 a      1397     0    47     1    17
  1.0525571926985888E+01 a      1398     0    47     1    18
 -4.0461270429097773E+00 a      1399     0    47     1    19
  7.3490115938009923E+00 a      1400     0    47     1    20
  1.4801468159504992E+01 a      1401     0    47     1    21
  9.3810482120486718E+00 a      1402     0    47     1    22
 -5.5178949903331125E+00 a      1403     0    47     1    23
  2.0926977161115576E-01 a      1404     0    47     1    24
  4.5559476581074652E+00 a      1405     0    47     1    25
  1.6608974724849059E+01 a      1406     0    47     1    26
 -6.3598155924443267E+00 a      1407     0    47     1    27
 -6.0114286111131774E+00 a      1408     0    47     1    28
 -5.5781127811415905E+00 a      1409     0    47     1    29
 -5.4907535934505214E+00 a      1410     0    47     1    30
  8.9355472699655021E+00 a      1411     0    48     1     1
 -3.9926884285422976E-01 a      1412     0    48     1     2
  9.1832810582758633E+00 a      1413     0    48     1     3
  2.6818908738227154E+01 a      1414     0    48     1     4
  1.0783504276391850E+01 a      1415     0    48     1     5
 -4.3768933213033669E+00 a      1416     0    48     1     6
  1.2169353595790742E+01 a      1417     0    48     1     7
 -2.5359839623867777E+00 a      1418     0    48     1     8
  2.2262184201582471E+01 a      1419     0    48     1     9
 -9.4264896024239508E+00 a      1420     0    48     1    10
 -3.5169689519563532E+00 a      1421     0    48     1    11
 -4.8627842309163523E+00 a      1422     0    48     1    12
 -1.9504562765171340E-01 a      1423     0    48     1    13
  9.1815412707095732E+00 a      1424     0    48     1    14
  1.2724853600400621E+01 a      1425     0    48     1    15
  6.3508279404033310E+00 a      1426     0    48     1    16
  2.2036461408595486E+01 a      1427     0    48     1    17
 -2.5863016737680404E+01 a      1428     0    48     1    18
 -7.7864472856497127E+00 a      1429     0    48     1    19
 -1.0363746916068967E+01 a      1430     0    48     1    20
  6.4659670343341205E+00 a      1431     0    48     1    21
  1.4655108182719211E+01 a      1432     0    48     1    22
  3.0260644244232706E+00 a      1433     0    48     1    23
  1.3191175570926797E+01 a      1434     0    48     1    24
 -2.0251350917128383E-01 a      1435     0    48     1    25
  1.6610954447250488E+00 a      1436     0    48     1    26
 -9.5170520006480182E+00 a      1437     0    48     1    27
 -2.1071622263439263E+01 a      1438     0    48     1    28
 -3.1448829713863184E+00 a      1439     0    48     1    29
 -2.0078245826871002E+00 a      1440     0    48     1    30
  1.3674492596622960E+01 a      1441     0    49     1     1
 -2.4530156682971582E+00 a      1442     0    49     1     2
  7.1831528830146896E-01 a      1443     0    49     1     3
  8.1250292587249415E+00 a      1444     0    49     1     4
  3.4991374937188702E+01 a      1445     0    49     1     5
 -3.1732749392721665E+01 a      1446     0    49     1     6
 -1.4407391291743892E+01 a      1447     0    49     1     7
 -2.3724008079941532E+00 a      1448     0    49     1     8
 -7.4221166215901899E+00 a      1449     0    49     1     9
  2.5957018666442995E+01 a      1450     0    49     1    10
  1.2604082185280554E+01 a      1451     0    49     1    11
 -1.1056207673806272E+01 a      1452     0    49     1    12
 -9.4768080352943489E+00 a      1453     0    49     1    13
 -3.7726309209568436E+00 a      1454     0    49     1    14
  9.3730149653748391E+00 a      1455     0    49     1    15
 -1.2585347364624180E+01 a      1456     0    49     1    16
  4.4454967700068224E+01 a      1457     0    49     1    17
 -8.3354754091958476E+00 a      1458     0    49     1    18
 -9.8672405244910237E+00 a      1459     0    49     1    19
  1.0948087040999448E+01 a      1460     0    49     1    20
  1.2227961063440633E+01 a      1461     0    49     1    21
  3.3835260308250428E+00 a      1462     0    49     1    22
  1.1614031802909079E+01 a      1463     0    49     1    23
 -8.5954184569930288E+00 a      1464     0    49     1    24
  3.3936323533432544E+00 a      1465     0    49     1    25
 -1.5360588144021687E+00 a      1466     0    49     1    26
 -2.3291857538000443E+01 a      1467     0    49     1    27
  1.7429115583131530E+01 a      1468     0    49     1    28
 -1.6594650071885390E+01 a      1469     0    49     1    29
  7.5580401061233404E+00 a      1470     0    49     1    30
 -2.5120764967977420E+00 a      1471     0    50     1     1
 -1.3283327900856550E+01 a      1472     0    50     1     2
 -1.1987503494875069E+00 a      1473     0    50     1     3
 -1.1449857723478363E+01 a      1474     0    50     1     4
 -7.7803621949608477E+00 a      1475     0    50     1     5
 -5.3894054436267682E+00 a      1476     0    50     1     6
 -5.5344024119979602E+00 a      1477     0    50     1     7
 -3.8087997766118571E+00 a      1478     0    50     1     8
 -8.1876442367496374E+00 a      1479     0    50     1     9
  5.2168161787703369E+00 a      1480     0    50     1    10
 -3.6027853083061125E+00 a      1481     0    50     1    11
 -1.6416263539667622E+01 a      1482     0    50     1    12
  7.1775339477913178E+00 a      1483     0    50     1    13
  9.9617437953436152E+00 a      1484     0    50     1    14
 -1.0323415596462503E+01 a      1485     0    50     1    15
 -1.3909638203212022E+01 a      1486     0    50     1    16
 -1.2598989528079766E+01 a      1487     0    50     1    17
  8.0802289134774643E+00 a      1488     0    50     1    18
  1.1495620103280739E+01 a      1489     0    50     1    19
 -1.5418273445706836E+01 a      1490     0    50     1    20
  1.3963959969166235E+00 a      1491     0    50     1    21
  1.1808559485534277E+01 a      1492     0    50     1    22
  1.0175614415274278E+01 a      1493     0    50     1    23
  1.0087852403741641E+01 a      1494     0    50     1    24
  1.2693825209731179E+01 a      1495     0    50     1    25
  8.1113847291534569E+00 a      1496     0    50     1    26
  5.0260235461088838E+00 a      1497     0    50     1    27
 -9.9140331961091857E+00 a      1498     0    50     1    28
  2.1321014033149485E+01 a      1499     0    50     1    29
 -1.6085427502907823E+01 a      1500     0    50     1    30
  5.6484407397170786E+00 a      1501     0    51     1     1
  4.9793344192468290E+00 a      1502     0    51     1     2
 -3.1559164538837297E+00 a      1503     0    51     1     3
  6.8859048210594089E+00 a      1504     0    51     1     4
 -2.9611471096974231E+01 a      1505     0    51     1     5
 -1.4658109855105465E+01 a      1506     0    51     1     6
  2.1159755343698457E+01 a      1507     0    51     1     7
  8.5889096023874352E+00 a      1508     0    51     1     8
  5.5240721662657624E+00 a      1509     0    51     1     9
 -4.4709536723041854E+00 a      1510     0    51     1    10
  1.7373631738670333E+01 a      1511     0    51     1    11
 -6.5786637642090096E-01 a      1512     0    51     1    12
  1.0702717942462655E+01 a      1513     0    51     1    13
 -3.3740575087587253E+01 a      1514     0    51     1    14
 -9.5277102906590172E-01 a      1515     0    51     1    15
 -6.9411105851266717E+00 a      1516     0    51     1    16
  4.5721107786372288E+00 a      1517     0    51     1    17
  1.9713965852317120E+01 a      1518     0    51     1    18
 -1.3272367915979050E+01 a      1519     0    51     1    19
 -2.8143014333830707E+00 a      1520     0    51     1    20
 -1.7715242187297655E+01 a      1521     0    51     1    21
 -1.5838882874415535E+01 a      1522     0    51     1    22
 -2.5338809986046673E+01 a      1523     0    51     1    23
 -1.4942343293230433E+01 a      1524     0    51     1    24
 -2.2115209131235332E+01 a      1525     0    51     1    25
 -1.5105425339424773E+01 a      1526     0    51     1    26
  1.4423692912810841E+01 a      1527     0    51     1    27
  1.8328279578361769E+01 a      1528     0    51     1    28
 -5.9923794124961152E+00 a      1529     0    51     1    29
  1.9803319742499599E+00 a      1530     0    51     1    30
  1.8522580571481904E+00 a      1531     0    52     1     1
 -1.6362421434038794E+01 a      1532     0    52     1     2
 -3.0896600492719979E+00 a      1533     0    52     1     3
  8.0024457495940524E+00 a      1534     0    52     1     4
  2.4525402072687363E+01 a      1535     0    52     1     5
 -3.8406494043577846E+00 a      1536     0    52     1     6
 -2.0334790445090509E+00 a      1537     0    52     1     7
  3.2351308887152747E-01 a      1538     0    52     1     8
 -9.3779423764593943E+00 a      1539     0    52     1     9
  8.5282935102807453E+00 a      1540     0    52     1    10
 -7.2427552527612331E+00 a      1541     0    52     1    11
  1.0673503327004154E+01 a      1542     0    52     1    12
  5.1881554399707763E+00 a      1543     0    52     1    13
  8.9625438458032924E+00 a      1544     0    52     1    14
  1.6215035311458223E+01 a      1545     0    52     1    15
 -1.4681860422203020E+01 a      1546     0    52     1    16
  1.5859658936441059E+01 a      1547     0    52     1    17
  1.8960857019067558E+00 a      1548     0    52     1    18
 -2.9736154760825344E+00 a      1549     0    52     1    19
 -5.0592057135729167E+00 a      1550     0    52     1    20
  1.1009504717821203E+01 a      1551     0    52     1    21
 -5.7213419936278695E+00 a      1552     0    52     1    22
 -1.0080265663117601E+01 a      1553     0    52     1    23
  1.3905918405984179E+01 a      1554     0    52     1    24
 -3.7055867920548197E-01 a      1555     0    52     1    25
  9.1427612456312080E+00 a      1556     0    52     1    26
 -7.8961758259407251E+00 a      1557     0    52     1    27
  2.1513889264652457E+00 a      1558     0    52     1    28
  9.4491766380379918E+00 a      1559     0    52     1    29
 -1.6832843546809382E+01 a      1560     0    52     1    30
  7.6132021366370815E+00 a      1561     0    53     1     1
 -6.4992489414548054E+00 a      1562     0    53     1     2
 -1.0542859429583757E+01 a      1563     0    53     1     3
 -1.4640316898274172E+01 a      1564     0    53     1     4
 -5.3329337830283672E+00 a      1565     0    53     1     5
  1.1058450018360482E+01 a      1566     0    53     1     6
 -7.1921381151147923E-01 a      1567     0    53     1     7
 -9.7995820271739724E+00 a      1568     0    53     1     8
  1.8584981393984663E+01 a      1569     0    53     1     9
  7.9600568606555369E+00 a      1570     0    53     1    10
 -2.9711717017410932E+00 a      1571     0    53     1    11
 -1.5987037574664882E+01 a      1572     0    53     1    12
 -1.4046659271817321E+01 a      1573     0    53     1    13
 -7.3837315969638775E+00 a      1574     0    53     1    14
 -1.3242999734762748E+01 a      1575     0    53     1    15
  1.8339400678616645E+01 a      1576     0    53     1    16
 -1.3070327830246471E+01 a      1577     0    53     1    17
  9.9462041638665533E-01 a      1578     0    53     1    18
  4.3253856597659790E-01 a      1579     0    53     1    19
  2.7680623805554343E+00 a      1580     0    53     1    20
 -9.1136547620760788E-02 a      1581     0    53     1    21
  4.4085176002225674E+00 a      1582     0    53     1    22
 -1.5386185600222831E+01 a      1583     0    53     1    23
  5.2055057930260240E-01 a      1584     0    53     1    24
  5.7293410514306489E+00 a      1585     0    53     1    25
  5.2667100994782992E+00 a      1586     0    53     1    26
  4.4452142718684113E+00 a      1587     0    53     1    27
  1.2699783088878696E+01 a      1588     0    53     1    28
 -1.1258253647947061E+01 a      1589     0    53     1    29
 -3.0326168285536181E+00 a      1590     0    53     1    30
 -7.0429602994762419E+00 a      1591     0    54     1     1
  1.3110201470087247E+01 a      1592     0    54     1     2
 -1.3372020592832367E+01 a      1593     0    54     1     3
  1.4741812318617070E+01 a      1594     0    54     1     4
 -1.1673402765794124E+01 a      1595     0    54     1     5
  8.5622065794380369E+00 a      1596     0    54     1     6
  5.0906200585504591E+00 a      1597     0    54     1     7
 -1.0197820566967613E+01 a      1598     0    54     1     8
 -6.1018103895621021E+00 a      1599     0    54     1     9
 -2.0784441133401298E+01 a      1600     0    54     1    10
 -7.4167194065603885E+00 a      1601     0    54     1    11
 -9.2933028847953807E+00 a      1602     0    54     1    12
  2.2092222983211136E+00 a      1603     0    54     1    13
 -4.1865828903832125E-01 a      1604     0    54     1    14
 -1.0446988676107191E+01 a      1605     0    54     1    15
  1.4268558064860107E+01 a      1606     0    54     1    16
  5.1519533677127853E+00 a      1607     0    54     1    17
 -6.4716408284179483E+00 a      1608     0    54     1    18
  6.8707415335058206E+00 a      1609     0    54     1    19
 -1.0254015132062980E+01 a      1610     0    54     1    20
 -8.4183107836740021E+00 a      1611     0    54     1    21
 -7.2742009250751840E+00 a      1612     0    54     1    22
  8.9415139817700844E+00 a      1613     0    54     1    23
 -5.4771933763043288E+00 a      1614     0    54     1    24
 -2.7207727627167979E+00 a      1615     0    54     1    25
 -1.3276412101118176E+01 a      1616     0    54     1    26
  7.0246007433136928E+00 a      1617     0    54     1    27
 -6.5834979371598887E+00 a      1618     0    54     1    28
 -2.8480154242927838E+00 a      1619     0    54     1    29
  1.2855521007186072E+01 a      1620     0    54     1    30
 -1.3356979690357146E+01 a      1621     0    55     1     1
  1.9957285642757018E+01 a      1622     0    55     1     2
  3.6195489548802744E+00 a      1623     0    55     1     3
 -2.9444959267529700E+01 a      1624     0    55     1     4
  1.1852254093887767E+01 a      1625     0    55     1     5
  1.6081916921296304E+00 a      1626     0    55     1     6
 -1.6952433038084717E+01 a      1627     0    55     1     7
 -6.1076628425987076E+00 a      1628     0    55     1     8
  5.9264033973606205E+00 a      1629     0    55     1     9
 -2.4669320893897617E+00 a      1630     0    55     1    10
 -2.5580437667543312E+00 a      1631     0    55     1    11
  2.0133776052747931E+00 a      1632     0    55     1    12
 -2.3106556258242914E+01 a      1633     0    55     1    13
  7.5229294763782271E+00 a      1634     0    55     1    14
  1.1214510052059152E+00 a      1635     0    55     1    15
  2.7506371620643533E+00 a      1636     0    55     1    16
 -3.4215193023427517E+01 a      1637     0    55     1    17
 -1.0797984120372854E+01 a      1638     0    55     1    18
  2.7155482100419498E+01 a      1639     0    55     1    19
  4.0089415868290303E+01 a      1640     0    55     1    20
  1.2607102574351162E+01 a      1641     0    55     1    21
  1.6629883764167531E+01 a      1642     0    55     1    22
  2.9207715446737787E+01 a      1643     0    55     1    23
 -1.7157722820022023E-01 a      1644     0    55     1    24
  2.7333247185333704E+01 a      1645     0    55     1    25
 -2.9510180064893947E+00 a      1646     0    55     1    26
 -1.0459355038635717E+01 a      1647     0    55     1    27
 -1.1181270279878863E+01 a      1648     0    55     1    28
 -4.8975474914431958E+00 a      1649     0    55     1    29
  2.2073548043924188E+01 a      1650     0    55     1    30
  1.8929189692335879E+00 a      1651     0    56     1     1
  7.5033321883595603E+00 a      1652     0    56     1     2
  6.9316271363825850E+00 a      1653     0    56     1     3
  1.1874408551226210E+00 a      1654     0    56     1     4
  9.1095633556980857E+00 a      1655     0    56     1     5
 -5.3482890818510622E+00 a      1656     0    56     1     6
  2.2692703093088271E+00 a      1657     0    56     1     7
  2.7464740952842437E+01 a      1658     0    56     1     8
  3.2536050561329077E-02 a      1659     0    56     1     9
 -1.4015050523002344E+01 a      1660     0    56     1    10
 -2.0904025727816233E+01 a      1661     0    56     1    11
  3.2768364308279246E+01 a      1662     0    56     1    12
  8.4416577731777824E+00 a      1663     0    56     1    13
 -4.1085294272839326E+00 a      1664     0    56     1    14
  2.4652904416801046E+01 a      1665     0    56     1    15
 -1.5149252246110578E+01 a      1666     0    56     1    16
  1.9861294502670624E+01 a      1667     0    56     1    17
 -6.0443924137767988E+00 a      1668     0    56     1    18
  1.8318742880670897E+00 a      1669     0    56     1    19
 -1.4545025221731307E+00 a      1670     0    56     1    20
 -1.8249483479523608E+01 a      1671     0    56     1    21
 -1.9290111377118031E+00 a      1672     0    56     1    22
  3.2813576192774194E+00 a      1673     0    56     1    23
 -1.8993590273052465E+01 a      1674     0    56     1    24
 -1.0777293433576489E+01 a      1675     0    56     1    25
 -1.7517465335759450E+00 a      1676     0    56     1    26
 -9.9321179852932973E-01 a      1677     0    56     1    27
 -1.4727929410111814E+01 a      1678     0    56     1    28
  4.5378770484214126E+00 a      1679     0    56     1    29
 -5.3708547927402899E+00 a      1680     0    56     1    30
  1.0296767215113597E+01 a      1681     0    57     1     1
  1.1519813180779481E-01 a      1682     0    57     1     2
 -3.1027200373704691E+00 a      1683     0    57     1     3
  5.2906618604379148E+00 a      1684     0    57     1     4
  2.3248546458895646E+01 a      1685     0    57     1     5
  1.4679579061774204E+01 a      1686     0    57     1     6
 -6.8802645574706078E+00 a      1687     0    57     1     7
 -1.1848793592554919E+01 a      1688     0    57     1     8
 -1.0138340707589002E+00 a      1689     0    57     1     9
  1.9945875291212126E+01 a      1690     0    57     1    10
 -1.2202096224059783E+01 a      1691     0    57     1    11
  1.5289904492595918E+01 a      1692     0    57     1    12
  9.2338263194710835E-02 a      1693     0    57     1    13
  1.2597170952572601E+01 a      1694     0    57     1    14
 -3.5088793259984796E+00 a      1695     0    57     1    15
  2.1199564305839015E+01 a      1696     0    57     1    16
  7.5987143909749122E+00 a      1697     0    57     1    17
 -2.0664165531890703E+01 a      1698     0    57     1    18
 -1.1849904966309325E+01 a      1699     0    57     1    19
 -2.1132057565084632E+00 a      1700     0    57     1    20
  3.6914016640522354E+00 a      1701     0    57     1    21
  9.5064211488987027E+00 a      1702     0    57     1    22
  4.9071014740664864E+00 a      1703     0    57     1    23
  1.2589888284688090E+01 a      1704     0    57     1    24
 -1.5815347440408120E+01 a      1705     0    57     1    25
 -3.4516870259481989E+00 a      1706     0    57     1    26
 -1.0113790186527703E+01 a      1707     0    57     1    27
  5.8985959858368444E+00 a      1708     0    57     1    28
 -4.5470172399049167E+00 a      1709     0    57     1    29
  1.2725651760756772E+01 a      1710     0    57     1    30
  1.2127762890819880E+00 a      1711     0    58     1     1
 -1.4943954553394459E+01 a      1712     0    58     1     2
  3.1733153550976173E+01 a      1713     0    58     1     3
 -1.5885218357575727E+01 a      1714     0    58     1     4
  6.5667602599465145E+00 a      1715     0    58     1     5
  1.4043927294857415E+00 a      1716     0    58     1     6
  4.5970698793819977E+00 a      1717     0    58     1     7
  1.5602335793858217E+01 a      1718     0    58     1     8
  2.0608467757394706E+01 a      1719     0    58     1     9
  2.9873148587275828E+01 a      1720     0    58     1    10
  2.3554631939482896E+01 a      1721     0    58     1    11
  6.4847713224528887E+00 a      1722     0    58     1    12
  3.9344896124925985E+00 a      1723     0    58     1    13
  2.2078715485450182E+00 a      1724     0    58     1    14
  8.0773431114835847E-01 a      1725     0    58     1    15
 -4.2629730440736555E+00 a      1726     0    58     1    16
 -1.1060803213851161E+01 a      1727     0    58     1    17
 -1.0733052153280859E-01 a      1728     0    58     1    18
 -1.9163656893373943E+01 a      1729     0    58     1    19
 -3.1672650932808799E+00 a      1730     0    58     1    20
  8.6137664120780979E+00 a      1731     0    58     1    21
  5.9109133902180160E+00 a      1732     0    58     1    22
 -8.5667870315070758E+00 a      1733     0    58     1    23
  1.3903199455859033E+01 a      1734     0    58     1    24
 -4.5064804156192180E+00 a      1735     0    58     1    25
  1.5607992542220728E+01 a      1736     0    58     1    26
  7.0907787832406486E+00 a      1737     0    58     1    27
  1.6802895351416371E+01 a      1738     0    58     1    28
  4.9974637547510579E+00 a      1739     0    58     1    29
 -7.8219174521324151E+00 a      1740     0    58     1    30
  2.1548826566144785E+00 a      1741     0    59     1     1
 -1.5110232249765403E+01 a      1742     0    59     1     2
  1.5573245031870209E+00 a      1743     0    59     1     3
 -2.4850106078324891E-01 a      1744     0    59     1     4
  1.6578986861083838E+01 a      1745     0    59     1     5
 -1.8850261733674643E+01 a      1746     0    59     1     6
 -6.0836024218313067E+00 a      1747     0    59     1     7
  3.0645306539165653E+00 a      1748     0    59     1     8
 -2.6749873876762855E+00 a      1749     0    59     1     9
  1.9374978400776655E+01 a      1750     0    59     1    10
  5.3541133006843493E+00 a      1751     0    59     1    11
  6.2505261242499421E-01 a      1752     0    59     1    12
  1.3707538838506461E+00 a      1753     0    59     1    13
  1.5144126334060790E+01 a      1754     0    59     1    14
 -1.3405475344426607E+01 a      1755     0    59     1    15
 -3.3188757487572818E+00 a      1756     0    59     1    16
  6.8075385548721963E+00 a      1757     0    59     1    17
  1.3605745199932984E+00 a      1758     0    59     1    18
 -7.5950953134833528E+00 a      1759     0    59     1    19
  1.6540237348086521E+01 a      1760     0    59     1    20
  5.4070228260756661E+00 a      1761     0    59     1    21
 -3.3994272209213217E-01 a      1762     0    59     1    22
  7.2296178717820156E+00 a      1763     0    59     1    23
  6.5361583722226211E+00 a      1764     0    59     1    24
  1.8118086999598557E+01 a      1765     0    59     1    25
  1.1541422064899294E+01 a      1766     0    59     1    26
 -9.1552849370653711E+00 a      1767     0    59     1    27
  1.9313800090561711E-01 a      1768     0    59     1    28
  4.2733135759617022E+00 a      1769     0    59     1    29
  5.9503439512466372E+00 a      1770     0    59     1    30
 -7.0954147763403288E+00 a      1771     0    60     1     1
  1.1723132573953121E+00 a      1772     0    60     1     2
 -3.9397188421459894E-01 a      1773     0    60     1     3
 -3.9287569132327738E+00 a      1774     0    60     1     4
  1.0396631390510978E+01 a      1775     0    60     1     5
  5.9297868788552393E+00 a      1776     0    60     1     6
 -2.9232713726400686E+01 a      1777     0    60     1     7
  1.9207841540588715E+00 a      1778     0    60     1     8
  1.0838645956461798E+01 a      1779     0    60     1     9
  1.0118999777119955E+01 a      1780     0    60     1    10
  2.7142275744386044E+00 a      1781     0    60     1    11
  1.3915906164592697E+00 a      1782     0    60     1    12
 -4.7484343798796962E+00 a      1783     0    60     1    13
 -1.4785409695643120E+01 a      1784     0    60     1    14
  6.9183106509765642E+00 a      1785     0    60     1    15
  7.9745166904426714E+00 a      1786     0    60     1    16
 -9.2655754603541425E+00 a      1787     0    60     1    17
 -1.1414150342615127E+01 a      1788     0    60     1    18
  8.6223922176028580E+00 a      1789     0    60     1    19
  2.4099933437631633E+00 a      1790     0    60     1    20
 -8.7142557439658859E+00 a      1791     0    60     1    21
 -7.3481850838554905E+00 a      1792     0    60     1    22
 -2.3126736115574746E+00 a      1793     0    60     1    23
 -1.4356469200629368E+01 a      1794     0    60     1    24
  1.1513649772846001E+01 a      1795     0    60     1    25
 -4.7884522165462231E+00 a      1796     0    60     1    26
 -3.9705878489546280E+00 a      1797     0    60     1    27
  8.8115994221574958E+00 a      1798     0    60     1    28
  9.8165078980677674E+00 a      1799     0    60     1    29
 -1.0973251565206754E+00 a      1800     0    60     1    30
 -2.5185692588581681E+00 a      1801     0    61     1     1
  1.0402110325906603E+01 a      1802     0    61     1     2
 -6.3886145594063821E+00 a      1803     0    61     1     3
  4.2218396326920153E+00 a      1804     0    61     1     4
 -6.1604985590361068E+00 a      1805     0    61     1     5
  2.3702896432448544E+01 a      1806     0    61     1     6
 -6.3438056660861823E+00 a      1807     0    61     1     7
  5.6351574229522496E+00 a      1808     0    61     1     8
  2.0541404923129289E+01 a      1809     0    61     1     9
 -1.1549119529197631E+01 a      1810     0    61     1    10
  1.4599197479835473E+01 a      1811     0    61     1    11
  2.1798571711739545E+01 a      1812     0    61     1    12
  9.5019802632795312E+00 a      1813     0    61     1    13
 -1.6716831555732547E+01 a      1814     0    61     1    14
  2.8709412189844334E+00 a      1815     0    61     1    15
 -1.0974708074731117E+00 a      1816     0    61     1    16
  1.3498542067456825E+01 a      1817     0    61     1    17
 -8.4209363449415129E+00 a      1818     0    61     1    18
 -5.6130134248897556E-01 a      1819     0    61     1    19
  7.2280976546389963E+00 a      1820     0    61     1    20
 -8.0983794943116063E+00 a      1821     0    61     1    21
  2.0442626689392913E+01 a      1822     0    61     1    22
 -2.0009692559584845E+01 a      1823     0    61     1    23
  8.4509819618356801E+00 a      1824     0    61     1    24
 -7.7293852231653455E+00 a      1825     0    61     1    25
  4.7515110870657669E+00 a      1826     0    61     1    26
  1.3597971662302369E+01 a      1827     0    61     1    27
  2.1558907332765344E+01 a      1828     0    61     1    28
 -1.2302922568264202E+01 a      1829     0    61     1    29
 -2.6760637390523851E+01 a      1830     0    61     1    30
 -3.0150113694794682E+00 a      1831     0    62     1     1
 -4.4010024697769969E+00 a      1832     0    62     1     2
  1.5398327347638091E+01 a      1833     0    62     1     3
  5.3823963339600400E+00 a      1834     0    62     1     4
  8.4974779797154305E+00 a      1835     0    62     1     5
 -5.1596788047695847E+00 a      1836     0    62     1     6
  2.7842413413189785E+01 a      1837     0    62     1     7
  3.7081817710758562E+00 a      1838     0    62     1     8
 -1.8276103877559457E+01 a      1839     0    62     1     9
 -9.9621257581043015E+00 a      1840     0    62     1    10
  2.6176757178729577E+00 a      1841     0    62     1    11
 -5.0937307828908622E+00 a      1842     0    62     1    12
  1.0594542846342520E+01 a      1843     0    62     1    13
  1.9990791034398232E+00 a      1844     0    62     1    14
 -1.3012742631349612E+01 a      1845     0    62     1    15
 -1.1060922012567417E+01 a      1846     0    62     1    16
  1.1786385805184839E+01 a      1847     0    62     1    17
 -6.5446561603763982E+00 a      1848     0    62     1    18
 -2.1969928116351497E+01 a      1849     0    62     1    19
  5.9253855199780379E+00 a      1850     0    62     1    20
 -8.6235642851824945E+00 a      1851     0    62     1    21
 -4.5194713535073872E+00 a      1852     0    62     1    22
 -3.5672990871084087E+00 a      1853     0    62     1    23
 -9.1885124420895259E-01 a      1854     0    62     1    24
 -7.6357293625818565E+00 a      1855     0    62     1    25
 -3.7957946557408611E+00 a      1856     0    62     1    26
 -2.3268508167178890E+01 a      1857     0    62     1    27
 -5.5404069200337522E+00 a      1858     0    62     1    28
 -2.4423968265059290E+01 a      1859     0    62     1    29
 -9.0190535322206644E-01 a      1860     0    62     1    30
  1.0115282564033780E+01 a      1861     0    63     1     1
 -9.5100130817901878E+00 a      1862     0    63     1     2
 -6.8265002940076771E+00 a      1863     0    63     1     3
  4.7863189858785704E+00 a      1864     0    63     1     4
 -2.2159030322790045E+01 a      1865     0    63     1     5
  3.9408161259172867E+00 a      1866     0    63     1     6
 -2.1971102988224711E-01 a      1867     0    63     1     7
 -8.4526350764641727E+00 a      1868     0    63     1     8
  5.0002463941674931E+00 a      1869     0    63     1     9
 -2.1363862754227867E+00 a      1870     0    63     1    10
  2.7737029477259028E+00 a      1871     0    63     1    11
  1.8576305588322577E+00 a      1872     0    63     1    12
 -3.3734658686321319E+00 a      1873     0    63     1    13
  3.6672323059542644E+00 a      1874     0    63     1    14
  1.1217746118891969E+00 a      1875     0    63     1    15
 -7.2821080905528888E+00 a      1876     0    63     1    16
 -1.9478302117002880E+01 a      1877     0    63     1    17
  1.8481109158682557E+01 a      1878     0    63     1    18
  1.6891445766577544E+01 a      1879     0    63     1    19
 -1.6049932591197042E+01 a      1880     0    63     1    20
  5.9863332623881567E+00 a      1881     0    63     1    21
 -5.6694900101541110E+00 a      1882     0    63     1    22
  1.5896591662031744E+01 a      1883     0    63     1    23
  8.1169209654089745E+00 a      1884     0    63     1    24
 -1.1899287945994226E+01 a      1885     0    63     1    25
  1.5768837004711624E+01 a      1886     0    63     1    26
  2.0865733427586378E+01 a      1887     0    63     1    27
  1.3552883924726185E+00 a      1888     0    63     1    28
  6.4959507288336604E-01 a      1889     0    63     1    29
  4.8186482278160367E+00 a      1890     0    63     1    30
  2.7409081256084913E+00 a      1891     0    64     1     1
  9.6244238768479495E-01 a      1892     0    64     1     2
 -1.4323237628683213E+01 a      1893     0    64     1     3
  5.9404713499233210E+00 a      1894     0    64     1     4
  6.8350385308752137E-01 a      1895     0    64     1     5
  3.5645205432378400E+00 a      1896     0    64     1     6
 -1.3326967121342053E+01 a      1897     0    64     1     7
  1.3720608840956590E+01 a      1898     0    64     1     8
  4.3306052773532668E+00 a      1899     0    64     1     9
 -3.2386332803023725E+00 a      1900     0    64     1    10
 -1.0356581328447106E+01 a      1901     0    64     1    11
  6.1823657265985279E+00 a      1902     0    64     1    12
 -9.9924624048894883E-01 a      1903     0    64     1    13
  4.1306451510567457E-02 a      1904     0    64     1    14
 -6.1848419128566601E+00 a      1905     0    64     1    15
 -6.7399694618498407E-01 a      1906     0    64     1    16
  1.3982124536708636E+00 a      1907     0    64     1    17
 -1.0359951777177601E+01 a      1908     0    64     1    18
 -8.7643968633928049E-01 a      1909     0    64     1    19
 -3.1798397449794473E+00 a      1910     0    64     1    20
  2.0251116373186388E+01 a      1911     0    64     1    21
  1.5126276885789609E+00 a      1912     0    64     1    22
  1.5234694568642269E+01 a      1913     0    64     1    23
 -3.3697721938437555E+00 a      1914     0    64     1    24
 -1.3385249624567322E+01 a      1915     0    64     1    25
 -2.4530464431986707E+00 a      1916     0    64     1    26
 -1.3194559072709842E+00 a      1917     0    64     1    27
  2.6106947467556343E+00 a      1918     0    64     1    28
  3.4423829670864020E-01 a      1919     0    64     1    29
  1.3540285273410666E+01 a      1920     0    64     1    30
 -1.8438831432269378E+00 b      1921     1     1
  2.0319650228053563E+00 b      1922     1     2
 -2.0163760290833990E+00 b      1923     1     3
  1.4228658130332870E+00 b      1924     1     4
 -1.6778902191697747E+00 b      1925     1     5
 -1.9408105209472049E+00 b      1926     1     6
  6.3046137975084249E-01 b      1927     1     7
 -1.0909052853752352E+00 b      1928     1     8
  2.7472385888269759E+00 b      1929     1     9
  1.7125694500042965E-01 b      1930     1    10
 -1.3488576887434939E-01 b      1931     1    11
 -5.5515940708958333E-01 b      1932     1    12
  1.2238711665069797E+00 b      1933     1    13
  2.1198260145643513E+00 b      1934     1    14
 -3.8493307235490311E+00 b      1935     1    15
 -1.3175312922805573E+00 b      1936     1    16
 -1.3588465636043348E+00 b      1937     1    17
 -2.0335249429911904E+00 b      1938     1    18
 -1.3982120330389471E+00 b      1939     1    19
 -9.4899280890468629E-01 b      1940     1    20
 -3.7462752047819331E-01 b      1941     1    21
 -8.4506686988208979E-01 b      1942     1    22
 -2.3617072029993800E+00 b      1943     1    23
  1.5023599941138399E+00 b      1944     1    24
  2.5534474557405047E+00 b      1945     1    25
 -1.1227130240822936E+00 b      1946     1    26
  1.1691798374234197E+00 b      1947     1    27
  2.2099502710009751E+00 b      1948     1    28
  5.8502967872818418E-02 b      1949     1    29
  1.7843257758284894E-01 b      1950     1    30
 -2.0832082306252309E+00 a      1951     1     1     2     1
 -2.5301038102238689E+00 a      1952     1     1     2     2
 -1.5040549689295726E+00 a      1953     1     1     2     3
  3.8896482250146663E-01 a      1954     1     1     2     4
 -2.7336325621762625E-01 a      1955     1     1     2     5
 -3.0081330329432188E+00 a      1956     1     1     2     6
  3.1453847645256811E-01 a      1957     1     1     2     7
 -1.7991659407964555E+00 a      1958     1     1     2     8
 -1.2535636897625193E+00 a      1959     1     1     2     9
 -1.3337168099849437E+00 a      1960     1     1     2    10
  1.4360471764731471E+00 a      1961     1     1     2    11
 -1.4272740814731331E+00 a      1962     1     1     2    12
  3.9959293659930661E-01 a      1963     1     1     2    13
  6.6113060821428327E-01 a      1964     1     1     2    14
  1.2006102397700735E+00 a      1965     1     1     2    15
  3.5244998376735963E+00 a      1966     1     1     2    16
  1.4257059014591544E-01 a      1967     1     1     2    17
  7.1142058511679107E-01 a      1968     1     1     2    18
 -2.6171479192729330E+00 a      1969     1     1     2    19
 -6.9556415066811432E+00 a      1970     1     1     2    20
  1.6916867967312638E-02 a      1971     1     1     2    21
  1.9303199745243524E+00 a      1972     1     1     2    22
  6.0491389292961473E-01 a      1973     1     1     2    23
 -6.3198476338897835E-01 a      1974     1     1     2    24
  2.5962648917238287E+00 a      1975     1     1     2    25
 -1.0248974376773385E+00 a      1976     1     1     2    26
  2.1073797978417912E+00 a      1977     1     1     2    27
 -1.7786641243816483E+00 a      1978     1     1     2    28
  3.4932884641549672E-01 a      1979     1     1     2    29
  3.9498061488219313E-02 a      1980     1     1     2    30
 -1.4014070212312908E+00 a      1981     1     2     2     1
  1.9530878235302627E+00 a      1982     1     2     2     2
 -7.0787344987916212E-01 a      1983     1     2     2     3
 -1.0236714488886514E+00 a      1984     1     2     2     4
  1.2610187781816824E+00 a      1985     1     2     2     5
 -1.6536487311949368E+00 a      1986     1     2     2     6
  7.3821489838159349E-01 a      1987     1     2     2     7
 -1.8691797235702450E+00 a      1988     1     2     2     8
 -3.5250506832080575E-01 a      1989     1     2     2     9
 -7.8588680240621100E-01 a      1990     1     2     2    10
 -1.3400976126993158E+00 a      1991     1     2     2    11
 -1.4660029036008411E+00 a      1992     1     2     2    12
 -1.3256520388744850E-01 a      1993     1     2     2    13
 -1.5707773572732249E+00 a      1994     1     2     2    14
 -1.3090339572050873E+00 a      1995     1     2     2    15
 -6.0776989589809869E+00 a      1996     1     2     2    16
 -4.4083855204696949E+00 a      1997     1     2     2    17
  1.3055399712977651E+00 a      1998     1     2     2    18
 -1.2493084080599337E+00 a      1999     1     2     2    19
  2.2933871631315124E+00 a      2000     1     2     2    20
  6.5907828171488148E-01 a      2001     1     2     2    21
  8.1828136841483068E-01 a      2002     1     2     2    22
 -2.3843444002078210E-01 a      2003     1     2     2    23
 -3.9651337120546748E-01 a      2004     1     2     2    24
  2.7693763843924850E-02 a      2005     1     2     2    25
 -2.8144545129947063E+00 a      2006     1     2     2    26
 -7.4671465767662970E-01 a      2007     1     2     2    27
  9.9418932877033417E-01 a      2008     1     2     2    28
  7.0362058073232026E-01 a      2009     1     2     2    29
  4.4381834187719918E-02 a      2010     1     2     2    30
 -1.0982493394368413E+00 a      2011     1     3     2     1
  1.1145988825087116E+00 a      2012     1     3     2     2
 -4.8761622645065295E+00 a      2013     1     3     2     3
 -8.1814473840865909E-01 a      2014     1     3     2     4
 -3.2250916293202812E+00 a      2015     1     3     2     5
  1.1943497040108626E+00 a      2016     1     3     2     6
  1.7169354726354290E-02 a      2017     1     3     2     7
 -3.3584001994877793E-01 a      2018     1     3     2     8
 -1.1861398886470782E+00 a      2019     1     3     2     9
  8.4057222293509237E-01 a      2020     1     3     2    10
  5.5371589128055809E-01 a      2021     1     3     2    11
  8.5225171651011522E-01 a      2022     1     3     2    12
  1.3107104932728237E+00 a      2023     1     3     2    13
 -7.3465322148809176E-01 a      2024     1     3     2    14
 -7.4683267550625965E-01 a      2025     1     3     2    15
  2.4172127760004267E+00 a      2026     1     3     2    16
 -3.1564589636402789E+00 a      2027     1     3     2    17
  3.2025899763338717E-01 a      2028     1     3     2    18
 -1.0125576593330852E+00 a      2029     1     3     2    19
 -1.7735917705328719E+00 a      2030     1     3     2    20
  2.6871268427374068E-01 a      2031     1     3     2    21
 -3.2813518609962236E+00 a      2032     1     3     2    22
  2.2102061201250861E-01 a      2033     1     3     2    23
 -3.4796568876745837E-01 a      2034     1     3     2    24
 -6.0640248542489150E-01 a      2035     1     3     2    25
  2.5460693060407769E-01 a      2036     1     3     2    26
 -6.9668525588021535E-01 a      2037     1     3     2    27
  8.4137685896203085E-01 a      2038     1     3     2    28
 -3.3284500625507774E-01 a      2039     1     3     2    29
  1.3818261551759710E+00 a      2040     1     3     2    30
 -2.6544323843624140E-01 a      2041     1     4     2     1
  8.9500038521729541E-01 a      2042     1     4     2     2
 -2.0621737155269390E-01 a      2043     1     4     2     3
  9.6485192790590601E-01 a      2044     1     4     2     4
  1.0295402631621740E+00 a      2045     1     4     2     5
  1.4896543275424383E+00 a      2046     1     4     2     6
 -1.9552588564336176E-01 a      2047     1     4     2     7
  1.3551104868574848E+00 a      2048     1     4     2     8
 -1.3441924274176131E+00 a      2049     1     4     2     9
 -1.5627285154065689E+00 a      2050     1     4     2    10
 -6.5562998442285325E-01 a      2051     1     4     2    11
 -4.9915458460582135E-01 a      2052     1     4     2    12
  2.2134008827010676E-01 a      2053     1     4     2    13
  3.6726250107443276E-01 a      2054     1     4     2    14
 -4.0442705929635042E-01 a      2055     1     4     2    15
 -2.3596004770343981E+00 a      2056     1     4     2    16
 -1.5675156798111627E+00 a      2057     1     4     2    17
 -1.9473585960014458E-01 a      2058     1     4     2    18
 -3.5700710655469531E-01 a      2059     1     4     2    19
 -6.5338562599777827E-01 a      2060     1     4     2    20
 -6.2467642564539061E-01 a      2061     1     4     2    21
 -1.2792974231012519E+00 a      2062     1     4     2    22
  1.5974855929585228E+00 a      2063     1     4     2    23
  2.2768335124824274E-01 a      2064     1     4     2    24
  3.0739620003819790E-01 a      2065     1     4     2    25
  2.3298136737804374E+00 a      2066     1     4     2    26
 -2.8388959965928877E+00 a      2067     1     4     2    27
  1.1041487574810054E+00 a      2068     1     4     2    28
  9.7073459636951853E-02 a      2069     1     4     2    29
 -4.0783219015005445E-01 a      2070     1     4     2    30
 -1.4665901640213284E+00 a      2071     1     5     2     1
  1.1953924584395281E+00 a      2072     1     5     2     2
  3.3292064995506387E+00 a      2073     1     5     2     3
  1.5413182015399715E-01 a      2074     1     5     2     4
 -4.1979246100427190E+00 a      2075     1     5     2     5
 -5.1662840623436894E+00 a      2076     1     5     2     6
 -2.6700791503290247E+00 a      2077     1     5     2     7
  7.9045434015930915E-01 a      2078     1     5     2     8
 -4.4407809622521451E-02 a      2079     1     5     2     9
 -2.1498943333174827E+00 a      2080     1     5     2    10
  2.2563600449012839E+00 a      2081     1     5     2    11
 -1.1577764945143601E-01 a      2082     1     5     2    12
  1.0677978814264142E+00 a      2083     1     5     2    13
  1.0206463141167785E+00 a      2084     1     5     2    14
 -1.5974152039709129E+00 a      2085     1     5     2    15
  3.8427398227282779E+00 a      2086     1     5     2    16
 -3.5413367955739576E+00 a      2087     1     5     2    17
  9.9908101346752348E-02 a      2088     1     5     2    18
 -5.1884323926446241E-01 a      2089     1     5     2    19
 -2.0821820993135192E+00 a      2090     1     5     2    20
  3.0781116892598499E+00 a      2091     1     5     2    21
  1.2857070806858673E+00 a      2092     1     5     2    22
  1.3544165748875820E+00 a      2093     1     5     2    23
 -4.3258990092518435E+00 a      2094     1     5     2    24
 -1.6444820647392908E-01 a      2095     1     5     2    25
 -5.0092337202506454E-01 a      2096     1     5     2    26
 -4.3155382946989720E+00 a      2097     1     5     2    27
 -2.2689777019010723E-01 a      2098     1     5     2    28
 -7.9075567229250368E-02 a      2099     1     5     2    29
  3.8242174342361781E+00 a      2100     1     5     2    30
 -1.9170589595601173E-01 a      2101     1     6     2     1
  3.6679437854778679E-01 a      2102     1     6     2     2
  1.3963828014359876E+00 a      2103     1     6     2     3
  2.4385483551004516E+00 a      2104     1     6     2     4
  1.0331047166205343E+00 a      2105     1     6     2     5
  1.8279004034373385E+00 a      2106     1     6     2     6
  9.1178844757784139E-01 a      2107     1     6     2     7
 -2.0743782372664237E+00 a      2108     1     6     2     8
  7.5672744821200699E-01 a      2109     1     6     2     9
  1.1752799412373851E+00 a      2110     1     6     2    10
 -3.1504559942623662E+00 a      2111     1     6     2    11
 -1.4755335310365252E+00 a      2112     1     6     2    12
 -1.8354490749746699E+00 a      2113     1     6     2    13
 -3.3103736293502062E-01 a      2114     1     6     2    14
  9.5060657560030633E-03 a      2115     1     6     2    15
 -1.8280492544988309E+00 a      2116     1     6     2    16
  1.7563757611639979E+00 a      2117     1     6     2    17
 -2.0519447656690423E-01 a      2118     1     6     2    18
  2.8473129185105500E-01 a      2119     1     6     2    19
 -3.9160586071447070E+00 a      2120     1     6     2    20
 -3.0059360256904727E-02 a      2121     1     6     2    21
  5.7588220597072037E-01 a      2122     1     6     2    22
 -1.6770155497455681E+00 a      2123     1     6     2    23
  3.9655244091472724E-01 a      2124     1     6     2    24
  1.2422347231488704E+00 a      2125     1     6     2    25
  1.4653083157023225E-02 a      2126     1     6     2    26
  3.1347868318613834E+00 a      2127     1     6     2    27
  2.0753939574849586E-01 a      2128     1     6     2    28
 -1.0386695818824092E+00 a      2129     1     6     2    29
 -2.0706110801445052E+00 a      2130     1     6     2    30
 -4.6952464307254710E-01 a      2131     1     7     2     1
 -3.6511785367863143E+00 a      2132     1     7     2     2
 -2.5390961278794140E+00 a      2133     1     7     2     3
 -1.5983470017861529E-01 a      2134     1     7     2     4
  2.4368334843252670E-01 a      2135     1     7     2     5
 -5.8325873591445117E+00 a      2136     1     7     2     6
 -4.9097873946986126E-01 a      2137     1     7     2     7
 -1.2231680325433045E+00 a      2138     1     7     2     8
  2.0964105045092105E+00 a      2139     1     7     2     9
 -2.6847024068846386E+00 a      2140     1     7     2    10
  1.0902433968995726E+00 a      2141     1     7     2    11
  1.1576563115490386E-02 a      2142     1     7     2    12
  3.8032077495966371E-01 a      2143     1     7     2    13
 -1.2368514439584160E+00 a      2144     1     7     2    14
  1.7310293584602268E+00 a      2145     1     7     2    15
  2.5299125842672803E+00 a      2146     1     7     2    16
 -2.2160509636053010E+00 a      2147     1     7     2    17
  9.4928771622456909E-01 a      2148     1     7     2    18
 -3.4560513123165032E-01 a      2149     1     7     2    19
  1.7316843395947916E+00 a      2150     1     7     2    20
 -2.0842452571153038E+00 a      2151     1     7     2    21
 -1.0014800999708222E-01 a      2152     1     7     2    22
 -5.8087662073676261E-01 a      2153     1     7     2    23
 -2.3705930579338403E+00 a      2154     1     7     2    24
  1.7621697306761588E+00 a      2155     1     7     2    25
  1.2151222610839719E-02 a      2156     1     7     2    26
  5.5092293671704109E+00 a      2157     1     7     2    27
 -1.7546257357461645E-01 a      2158     1     7     2    28
 -2.9742636339911155E-01 a      2159     1     7     2    29
  6.2513433352920755E-01 a      2160     1     7     2    30
 -2.2656216303378516E+00 a      2161     1     8     2     1
  5.0024854987398737E-01 a      2162     1     8     2     2
 -1.7525281905394809E+00 a      2163     1     8     2     3
  7.1635165133915313E-01 a      2164     1     8     2     4
 -1.8324208705541218E+00 a      2165     1     8     2     5
 -2.3780868383713344E-01 a      2166     1     8     2     6
 -3.5209541891511984E+00 a      2167     1     8     2     7
 -2.8653098865409848E-01 a      2168     1     8     2     8
 -2.1653485186134356E+00 a      2169     1     8     2     9
 -3.7804030994028941E+00 a      2170     1     8     2    10
  1.5735431920002556E+00 a      2171     1     8     2    11
  1.0646116907204970E+00 a      2172     1     8     2    12
 -1.9335791777812246E+00 a      2173     1     8     2    13
 -3.6780624490196274E+00 a      2174     1     8     2    14
 -1.2979487003918453E+00 a      2175     1     8     2    15
  1.7435647702910356E-01 a      2176     1     8     2    16
 -6.9552787459176579E-01 a      2177     1     8     2    17
 -6.4412307868896693E-02 a      2178     1     8     2    18
 -1.9513827038379170E+00 a      2179     1     8     2    19
  4.5301406963849455E+00 a      2180     1     8     2    20
 -1.2407322025822620E-01 a      2181     1     8     2    21
  1.2866495491782219E+00 a      2182     1     8     2    22
  4.3772210443378473E-01 a      2183     1     8     2    23
  2.6811450934711973E+00 a      2184     1     8     2    24
  1.1773835671024252E-01 a      2185     1     8     2    25
  1.8397936398088548E+00 a      2186     1     8     2    26
  1.9355167515141269E-01 a      2187     1     8     2    27
  2.3071237429761813E+00 a      2188     1     8     2    28
 -6.2381359198651409E-01 a      2189     1     8     2    29
  9.5532384756800914E-01 a      2190     1     8     2    30
  6.5359814816322315E-01 a      2191     1     9     2     1
  2.8137769052876332E-01 a      2192     1     9     2     2
  1.0417668819206489E+00 a      2193     1     9     2     3
  2.0418047115087082E-01 a      2194     1     9     2     4
  1.6405200692145285E+00 a      2195     1     9     2     5
  5.3753098581967693E+00 a      2196     1     9     2     6
 -1.8715067475271192E+00 a      2197     1     9     2     7
 -9.6417746077488220E-01 a      2198     1     9     2     8
 -1.1554993749046527E+00 a      2199     1     9     2     9
  2.1285481974572145E+00 a      2200     1     9     2    10
 -3.9128532868694260E-01 a      2201     1     9     2    11
 -1.4256900466295238E-02 a      2202     1     9     2    12
 -6.2067386801174562E-01 a      2203     1     9     2    13
 -7.8734965996634221E-01 a      2204     1     9     2    14
  7.1632703285665023E-01 a      2205     1     9     2    15
  2.3866338707500208E+00 a      2206     1     9     2    16
 -1.1495370134929088E+00 a      2207     1     9     2    17
 -1.5492879015684868E+00 a      2208     1     9     2    18
  2.5966671280999559E-01 a      2209     1     9     2    19
  5.4192315050654951E+00 a      2210     1     9     2    20
 -1.6646109304409284E+00 a      2211     1     9     2    21
 -9.3547631438512591E-01 a      2212     1     9     2    22
 -2.2828864422944788E+00 a      2213     1     9     2    23
  2.7525796227716666E+00 a      2214     1     9     2    24
  5.5077100188346173E-01 a      2215     1     9     2    25
 -3.1043367373184778E+00 a      2216     1     9     2    26
 -2.1613124085439384E+00 a      2217     1     9     2    27
 -1.2814887485838822E+00 a      2218     1     9     2    28
 -8.6996062423376722E-02 a      2219     1     9     2    29
 -7.0953403539580095E-01 a      2220     1     9     2    30
  1.9799921654776480E+00 a      2221     1    10     2     1
  1.0837550764233743E+00 a      2222     1    10     2     2
  3.9627070972273639E+00 a      2223     1    10     2     3
  6.0586778282899900E-01 a      2224     1    10     2     4
 -2.1828493492754357E+00 a      2225     1    10     2     5
 -1.8823124164608518E+00 a      2226     1    10     2     6
  2.6057746851110741E-01 a      2227     1    10     2     7
  1.3882167346097860E+00 a      2228     1    10     2     8
  4.9428291074581407E+00 a      2229     1    10     2     9
 -4.9896563880225324E+00 a      2230     1    10     2    10
 -3.7341606039711950E+00 a      2231     1    10     2    11
  2.1762432560254061E+00 a      2232     1    10     2    12
  3.4446188917316950E-01 a      2233     1    10     2    13
  4.6988263077619115E+00 a      2234     1    10     2    14
 -5.6059015755703678E-01 a      2235     1    10     2    15
 -5.8907979145256908E+00 a      2236     1    10     2    16
 -1.7880717325717157E+00 a      2237     1    10     2    17
  1.9148243287407185E+00 a      2238     1    10     2    18
 -2.0486021332891107E+00 a      2239     1    10     2    19
 -1.3508341167412758E+00 a      2240     1    10     2    20
  1.2583705695882823E+00 a      2241     1    10     2    21
  4.2266646068856666E+00 a      2242     1    10     2    22
  1.1088040404159263E+00 a      2243     1    10     2    23
 -1.7419752349737039E+00 a      2244     1    10     2    24
 -2.7359131363333509E+00 a      2245     1    10     2    25
  6.9283745384777340E-01 a      2246     1    10     2    26
 -4.6763774192280199E+00 a      2247     1    10     2    27
 -2.3461874631269426E+00 a      2248     1    10     2    28
 -8.2030710681167129E-01 a      2249     1    10     2    29
  9.3654926173876540E-01 a      2250     1    10     2    30
  8.6375349196928863E-01 a      2251     1    11     2     1
  3.9988041206135666E-01 a      2252     1    11     2     2
  3.8625621739709887E-01 a      2253     1    11     2     3
 -9.0453393141149652E-01 a      2254     1    11     2     4
 -2.7766497867156831E-01 a      2255     1    11     2     5
  1.0513992460490331E+00 a      2256     1    11     2     6
 -6.3295300692832446E-01 a      2257     1    11     2     7
 -2.4071655601273307E+00 a      2258     1    11     2     8
 -9.2140595732026587E-01 a      2259     1    11     2     9
 -1.1793555876946498E+00 a      2260     1    11     2    10
  1.7825037271392967E+00 a      2261     1    11     2    11
 -9.4885713599545518E-01 a      2262     1    11     2    12
 -2.1057616784295788E-01 a      2263     1    11     2    13
 -2.9837827680735673E-01 a      2264     1    11     2    14
  1.6700272021678921E+00 a      2265     1    11     2    15
  4.5388901258342012E+00 a      2266     1    11     2    16
 -1.4380377469737935E+00 a      2267     1    11     2    17
 -1.9446896667140803E+00 a      2268     1    11     2    18
 -5.9684834842341605E-01 a      2269     1    11     2    19
 -6.0429988094851816E-01 a      2270     1    11     2    20
  3.5288896152077309E-02 a      2271     1    11     2    21
 -9.5516029091862353E-01 a      2272     1    11     2    22
 -1.8033413340584432E+00 a      2273     1    11     2    23
 -1.0313889432850494E+00 a      2274     1    11     2    24
  1.9446194973317563E-01 a      2275     1    11     2    25
 -8.7648352958503817E-02 a      2276     1    11     2    26
 -2.1431994240253256E+00 a      2277     1    11     2    27
  1.0059142834823709E+00 a      2278     1    11     2    28
  2.7756319847177613E+00 a      2279     1    11     2    29
  6.2091691591459564E-01 a      2280     1    11     2    30
  3.0734548000827966E-01 a      2281     1    12     2     1
 -1.3869436525610899E+00 a      2282     1    12     2     2
 -4.2655811806184847E+00 a      2283     1    12     2     3
 -6.2046276884767004E-01 a      2284     1    12     2     4
 -3.5377887052690637E-01 a      2285     1    12     2     5
  8.2851509720288679E+00 a      2286     1    12     2     6
  1.0074409689182786E+00 a      2287     1    12     2     7
  3.2779053448607329E+00 a      2288     1    12     2     8
  2.8689799139509451E+00 a      2289     1    12     2     9
  2.0602325546504718E-01 a      2290     1    12     2    10
 -8.8172692353295323E-01 a      2291     1    12     2    11
  1.1850937577397875E+00 a      2292     1    12     2    12
  8.9301020481510868E-02 a      2293     1    12     2    13
  1.2225094036919073E+00 a      2294     1    12     2    14
 -6.8903451715358177E-01 a      2295     1    12     2    15
 -1.4552804629495253E+00 a      2296     1    12     2    16
  1.7546054247948888E+00 a      2297     1    12     2    17
 -5.6682531683747361E-01 a      2298     1    12     2    18
  1.3825289490275368E+00 a      2299     1    12     2    19
 -3.2373167685328226E+00 a      2300     1    12     2    20
 -1.9164534982890822E+00 a      2301     1    12     2    21
 -3.0238265138834397E-01 a      2302     1    12     2    22
  1.8662242319503419E+00 a      2303     1    12     2    23
  3.2074547400352849E+00 a      2304     1    12     2    24
 -2.4866332637086135E+00 a      2305     1    12     2    25
  1.6169417054063930E+00 a      2306     1    12     2    26
  1.0856265353068579E+00 a      2307     1    12     2    27
 -7.9547484804947022E-01 a      2308     1    12     2    28
 -2.6494671423702307E+00 a      2309     1    12     2    29
 -2.3042845666593110E+00 a      2310     1    12     2    30
 -4.6120881950406634E-01 a      2311     1    13     2     1
  8.6650229867954520E-01 a      2312     1    13     2     2
 -5.4804874958896066E-01 a      2313     1    13     2     3
 -7.5807814466375090E-01 a      2314     1    13     2     4
  1.6913724615245900E+00 a      2315     1    13     2     5
 -1.3292852262535507E-01 a      2316     1    13     2     6
 -2.3653804691280755E-01 a      2317     1    13     2     7
 -1.2369774716435344E+00 a      2318     1    13     2     8
  5.8222859633882362E-01 a      2319     1    13     2     9
  6.3295367363673201E+00 a      2320     1    13     2    10
 -4.8122549814440502E-01 a      2321     1    13     2    11
  2.2780888826278800E+00 a      2322     1    13     2    12
  1.5275339848002742E-01 a      2323     1    13     2    13
  3.5661172583569436E+00 a      2324     1    13     2    14
 -1.1103827962557564E+00 a      2325     1    13     2    15
 -5.9132099848742028E+00 a      2326     1    13     2    16
  2.6640714539732029E+00 a      2327     1    13     2    17
 -2.0344074258674674E+00 a      2328     1    13     2    18
  1.0102747699153853E+00 a      2329     1    13     2    19
  1.4591570927393247E+00 a      2330     1    13     2    20
  2.7181931213434540E-01 a      2331     1    13     2    21
  2.9030068774602857E+00 a      2332     1    13     2    22
  1.8151475982077425E+00 a      2333     1    13     2    23
  1.6728184259201591E+00 a      2334     1    13     2    24
 -9.9301422672545325E-01 a      2335     1    13     2    25
  2.1241657028468075E+00 a      2336     1    13     2    26
 -1.1881214998678535E+00 a      2337     1    13     2    27
 -9.8866753076045466E-01 a      2338     1    13     2    28
  4.1337886529269197E-01 a      2339     1    13     2    29
 -2.6045446754492534E-02 a      2340     1    13     2    30
 -1.6915482426944883E+00 a      2341     1    14     2     1
 -4.9788892061873657E-01 a      2342     1    14     2     2
  1.6279447165170582E+00 a      2343     1    14     2     3
  6.2185151220019323E-02 a      2344     1    14     2     4
 -1.5962828571573497E+00 a      2345     1    14     2     5
 -9.6754794364613783E-01 a      2346     1    14     2     6
  2.3507212132718691E+00 a      2347     1    14     2     7
  1.6563275743882147E-01 a      2348     1    14     2     8
 -1.3814515765146189E+00 a      2349     1    14     2     9
  2.3946655431329522E+00 a      2350     1    14     2    10
  7.7433949000457247E-01 a      2351     1    14     2    11
  5.3525243191157168E-01 a      2352     1    14     2    12
  2.3206619169720160E+00 a      2353     1    14     2    13
 -1.3706808360669300E+00 a      2354     1    14     2    14
  2.0419017221703224E+00 a      2355     1    14     2    15
  2.7912788164636098E+00 a      2356     1    14     2    16
  5.5736686226114544E-02 a      2357     1    14     2    17
  3.4959008263909981E+00 a      2358     1    14     2    18
  4.3816772863710790E-01 a      2359     1    14     2    19
 -2.6345139234048749E+00 a      2360     1    14     2    20
 -7.3553083164549093E-01 a      2361     1    14     2    21
  1.2148614806590787E+00 a      2362     1    14     2    22
 -1.6232048554603278E+00 a      2363     1    14     2    23
  3.1262547653645173E-01 a      2364     1    14     2    24
 -9.5536843119811710E-01 a      2365     1    14     2    25
 -4.9579168472279084E-01 a      2366     1    14     2    26
  9.2197447962993850E-01 a      2367     1    14     2    27
  4.6204272892220111E-01 a      2368     1    14     2    28
  1.7413557091396414E+00 a      2369     1    14     2    29
 -4.4374832151209465E-01 a      2370     1    14     2    30
  8.8213882131581633E-01 a      2371     1    15     2     1
 -5.5310548803033810E-01 a      2372     1    15     2     2
  1.4500871559666928E+00 a      2373     1    15     2     3
 -1.3486240161303522E+00 a      2374     1    15     2     4
  7.8064623945861089E-01 a      2375     1    15     2     5
  5.2985821549396772E-01 a      2376     1    15     2     6
  9.9182369272315871E-03 a      2377     1    15     2     7
  3.3247291858973982E-01 a      2378     1    15     2     8
  9.4989911818334549E-02 a      2379     1    15     2     9
 -2.2286020984907871E+00 a      2380     1    15     2    10
 -6.0684579620149215E-01 a      2381     1    15     2    11
  3.6166607073394830E-01 a      2382     1    15     2    12
 -2.9004712191506408E+00 a      2383     1    15     2    13
  9.4220591971574230E-01 a      2384     1    15     2    14
 -1.5753750239053828E+00 a      2385     1    15     2    15
 -1.8595897746456258E+00 a      2386     1    15     2    16
  2.3326588373625530E+00 a      2387     1    15     2    17
 -3.2253501943683469E+00 a      2388     1    15     2    18
  9.6549209676880454E-01 a      2389     1    15     2    19
  2.1351780399380300E+00 a      2390     1    15     2    20
  1.1655553066318411E+00 a      2391     1    15     2    21
  8.8571750091060342E-01 a      2392     1    15     2    22
 -1.0012975767685861E+00 a      2393     1    15     2    23
 -4.6143311079664218E-01 a      2394     1    15     2    24
 -1.0885951590815510E+00 a      2395     1    15     2    25
 -1.8187989376235000E-01 a      2396     1    15     2    26
 -1.9194077494595532E+00 a      2397     1    15     2    27
 -1.9645254946375756E+00 a      2398     1    15     2    28
  1.5674781347429714E+00 a      2399     1    15     2    29
  7.5742120625684595E-01 a      2400     1    15     2    30
 -4.0152540415083848E+00 a      2401     1    16     2     1
 -3.3131870532037988E-01 a      2402     1    16     2     2
 -3.3870446709694053E+00 a      2403     1    16     2     3
 -9.6266099554599038E-01 a      2404     1    16     2     4
  6.4815817574093804E-01 a      2405     1    16     2     5
 -2.7905911650721680E+00 a      2406     1    16     2     6
 -3.4987387428860495E-01 a      2407     1    16     2     7
  1.2107000405450616E+00 a      2408     1    16     2     8
  2.9837996011275725E+00 a      2409     1    16     2     9
  4.7343256323027288E-01 a      2410     1    16     2    10
  3.5811858268169545E+00 a      2411     1    16     2    11
 -2.4975274537124807E+00 a      2412     1    16     2    12
 -7.8116724559950601E-01 a      2413     1    16     2    13
  7.5111773765592374E-02 a      2414     1    16     2    14
  3.3554755441740031E-01 a      2415     1    16     2    15
 -4.6940946847041465E+00 a      2416     1    16     2    16
 -1.6312908176523130E-01 a      2417     1    16     2    17
 -2.9059459893358572E+00 a      2418     1    16     2    18
 -7.3105796897503339E-01 a      2419     1    16     2    19
  4.6384507346685586E+00 a      2420     1    16     2    20
  3.9252990234803611E+00 a      2421     1    16     2    21
  5.2030970558923539E-01 a      2422     1    16     2    22
  1.1763845642739996E+00 a      2423     1    16     2    23
 -8.2371848390164937E-01 a      2424     1    16     2    24
 -1.1922557376467523E-01 a      2425     1    16     2    25
 -1.1079218250670839E-01 a      2426     1    16     2    26
  1.0301802580285886E+00 a      2427     1    16     2    27
 -4.4176344468685130E-01 a      2428     1    16     2    28
  1.5767370188178982E+00 a      2429     1    16     2    29
  3.2675109867127579E+00 a      2430     1    16     2    30
  7.9233996604603049E-02 a      2431     1    17     2     1
 -2.5183777312573450E+00 a      2432     1    17     2     2
 -7.1372368865754943E-01 a      2433     1    17     2     3
  8.3498946357705039E-01 a      2434     1    17     2     4
  2.8041991339324177E+00 a      2435     1    17     2     5
 -7.0850617533026461E-01 a      2436     1    17     2     6
  1.6589680779342544E+00 a      2437     1    17     2     7
  1.4484626285341780E+00 a      2438     1    17     2     8
 -4.6123559464684810E-01 a      2439     1    17     2     9
  8.8662781954757919E-01 a      2440     1    17     2    10
 -1.3364445086519534E+00 a      2441     1    17     2    11
  7.9472078682938851E-01 a      2442     1    17     2    12
  1.1321220445682851E+00 a      2443     1    17     2    13
 -2.5223869376504617E+00 a      2444     1    17     2    14
 -1.5425523619409004E-01 a      2445     1    17     2    15
 -2.8250626623426647E+00 a      2446     1    17     2    16
  4.3902508253162038E+00 a      2447     1    17     2    17
  2.4788594151412155E-01 a      2448     1    17     2    18
  1.2352000620690393E+00 a      2449     1    17     2    19
 -6.3177539826465905E+00 a      2450     1    17     2    20
 -1.4664593305890610E+00 a      2451     1    17     2    21
 -1.0708491221937813E+00 a      2452     1    17     2    22
 -1.7897943954994566E+00 a      2453     1    17     2    23
  8.4462561595945873E-01 a      2454     1    17     2    24
  2.3763242778375656E-02 a      2455     1    17     2    25
  1.8333723368868507E-01 a      2456     1    17     2    26
  9.6376005648364030E-02 a      2457     1    17     2    27
  1.4969705632366586E+00 a      2458     1    17     2    28
 -1.8539949676475331E-01 a      2459     1    17     2    29
  7.6653430606073203E-01 a      2460     1    17     2    30
  7.8778198908148356E-01 a      2461     1    18     2     1
 -4.8386785708123076E-01 a      2462     1    18     2     2
 -2.5497391207205511E+00 a      2463     1    18     2     3
  1.6730925888128281E-01 a      2464     1    18     2     4
 -3.9752137329085377E-02 a      2465     1    18     2     5
 -4.6274775993362711E+00 a      2466     1    18     2     6
  9.9563211085443093E-01 a      2467     1    18     2     7
 -3.1103823658304958E-01 a      2468     1    18     2     8
  1.3436627062362674E+00 a      2469     1    18     2     9
 -6.7498926566381046E-01 a      2470     1    18     2    10
 -9.1301681263232237E-01 a      2471     1    18     2    11
  2.9292983561285526E+00 a      2472     1    18     2    12
 -1.0328522052498057E+00 a      2473     1    18     2    13
 -3.6343508850995986E-02 a      2474     1    18     2    14
 -2.1286191232017870E+00 a      2475     1    18     2    15
 -4.5114646727354222E+00 a      2476     1    18     2    16
 -1.1168044459937418E+00 a      2477     1    18     2    17
 -2.2930957262769081E+00 a      2478     1    18     2    18
 -7.0981144387605055E-01 a      2479     1    18     2    19
  2.8913937125025782E+00 a      2480     1    18     2    20
  7.6070656035621864E-01 a      2481     1    18     2    21
  5.3802572978915872E-02 a      2482     1    18     2    22
  3.4178617134701641E+00 a      2483     1    18     2    23
 -1.7199721960824939E+00 a      2484     1    18     2    24
  1.7965150595197647E-02 a      2485     1    18     2    25
  4.1461043027684328E+00 a      2486     1    18     2    26
 -1.0187586133799778E+00 a      2487     1    18     2    27
  8.4629266344950660E-01 a      2488     1    18     2    28
 -9.1799767522080289E-01 a      2489     1    18     2    29
 -3.1870769978955138E-01 a      2490     1    18     2    30
  1.4916352164434949E+00 a      2491     1    19     2     1
 -6.0524110183027580E-01 a      2492     1    19     2     2
  2.9555774089442512E+00 a      2493     1    19     2     3
 -6.5936491342839476E-01 a      2494     1    19     2     4
  2.9309081963940820E+00 a      2495     1    19     2     5
  3.6142896670065210E+00 a      2496     1    19     2     6
  4.7537603139445722E-01 a      2497     1    19     2     7
  3.5417989064968308E-01 a      2498     1    19     2     8
 -1.5378476400119774E+00 a      2499     1    19     2     9
 -2.1635137541432607E+00 a      2500     1    19     2    10
  9.8814755182971059E-01 a      2501     1    19     2    11
  5.9431344189453450E-01 a      2502     1    19     2    12
  3.1704306290965106E-01 a      2503     1    19     2    13
 -1.1394797771600551E+00 a      2504     1    19     2    14
 -1.1158036065450452E+00 a      2505     1    19     2    15
  3.2316442727506871E+00 a      2506     1    19     2    16
  3.6865941524091621E+00 a      2507     1    19     2    17
 -3.6405447306133548E-01 a      2508     1    19     2    18
  1.9847713441040509E+00 a      2509     1    19     2    19
 -1.1361458128394768E+00 a      2510     1    19     2    20
 -1.4773555896122195E+00 a      2511     1    19     2    21
  1.1663309606999761E+00 a      2512     1    19     2    22
 -1.8327594870460591E+00 a      2513     1    19     2    23
 -1.2873023647576320E+00 a      2514     1    19     2    24
  2.1705769773005801E+00 a      2515     1    19     2    25
 -1.0140489493214235E+00 a      2516     1    19     2    26
 -1.0522230511520618E+00 a      2517     1    19     2    27
  3.6534387786989790E+00 a      2518     1    19     2    28
  1.7308578111102746E+00 a      2519     1    19     2    29
  1.4312476194170749E+00 a      2520     1    19     2    30
 -2.0045384862350091E-01 a      2521     1    20     2     1
 -3.4942266112467073E+00 a      2522     1    20     2     2
  5.0699046508423529E-01 a      2523     1    20     2     3
  3.6486597580065949E-02 a      2524     1    20     2     4
  1.1594335417663140E+00 a      2525     1    20     2     5
  1.6215818212090161E-01 a      2526     1    20     2     6
  1.5451711489748079E+00 a      2527     1    20     2     7
  1.1168388631253899E-01 a      2528     1    20     2     8
 -8.7879095337429686E-02 a      2529     1    20     2     9
 -3.2578950431646376E+00 a      2530     1    20     2    10
 -8.2804469243705392E-01 a      2531     1    20     2    11
 -4.7737997749590982E-01 a      2532     1    20     2    12
 -1.4736321098596219E+00 a      2533     1    20     2    13
 -5.6803016815882557E-01 a      2534     1    20     2    14
  1.0073630002230556E+00 a      2535     1    20     2    15
  1.4059123706308490E+00 a      2536     1    20     2    16
 -5.1890577464181984E+00 a      2537     1    20     2    17
  2.7003102180870759E+00 a      2538     1    20     2    18
  4.4142040087009360E-01 a      2539     1    20     2    19
  5.5897902909441533E-01 a      2540     1    20     2    20
 -4.2481207468974223E+00 a      2541     1    20     2    21
 -4.8759522066271416E-01 a      2542     1    20     2    22
 -1.4349411236559566E+00 a      2543     1    20     2    23
  2.1873770702893269E+00 a      2544     1    20     2    24
 -8.9138909574015679E-01 a      2545     1    20     2    25
  2.0023502136857214E+00 a      2546     1    20     2    26
  3.5652961004225499E+00 a      2547     1    20     2    27
  1.3010700032892974E+00 a      2548     1    20     2    28
 -2.1492425104493433E+00 a      2549     1    20     2    29
 -2.0882574224211163E+00 a      2550     1    20     2    30
 -1.1486349207806521E+00 a      2551     1    21     2     1
  4.9653253104500744E-01 a      2552     1    21     2     2
 -3.4973500613477237E+00 a      2553     1    21     2     3
 -2.0905333109666797E+00 a      2554     1    21     2     4
  7.3526840040898633E-01 a      2555     1    21     2     5
  1.2061654792603502E+00 a      2556     1    21     2     6
 -7.4488103015002838E-01 a      2557     1    21     2     7
  2.0672039991237159E+00 a      2558     1    21     2     8
 -8.5741831725076156E-01 a      2559     1    21     2     9
 -9.8861428791230621E-01 a      2560     1    21     2    10
  6.8467913358721633E-01 a      2561     1    21     2    11
  8.8539223992989080E-02 a      2562     1    21     2    12
  1.3768375103068371E+00 a      2563     1    21     2    13
 -4.7568200997365323E-01 a      2564     1    21     2    14
 -9.2721188933129617E-01 a      2565     1    21     2    15
  2.0196906870457582E-02 a      2566     1    21     2    16
  1.3412871151285259E+00 a      2567     1    21     2    17
  1.5719197102470453E-02 a      2568     1    21     2    18
  1.5210442476058980E-01 a      2569     1    21     2    19
  1.0485850076915169E+00 a      2570     1    21     2    20
  2.2960792456007098E+00 a      2571     1    21     2    21
  1.1420521481226622E+00 a      2572     1    21     2    22
 -2.8288074238326617E+00 a      2573     1    21     2    23
  2.0455244814808791E+00 a      2574     1    21     2    24
 -1.4347145018748182E+00 a      2575     1    21     2    25
  4.2710649047375537E-01 a      2576     1    21     2    26
 -3.9663506648884356E-01 a      2577     1    21     2    27
 -1.3619088040147480E+00 a      2578     1    21     2    28
 -1.4895444849794040E-01 a      2579     1    21     2    29
  2.2767106292081616E+00 a      2580     1    21     2    30
  2.8866195555832990E+00 a      2581     1    22     2     1
 -8.1013595942503111E-02 a      2582     1    22     2     2
  1.2169543503176363E+00 a      2583     1    22     2     3
  2.1651217693096925E+00 a      2584     1    22     2     4
  1.5410172246771270E+00 a      2585     1    22     2     5
  4.6622983883579163E+00 a      2586     1    22     2     6
 -5.3777007867696058E-01 a      2587     1    22     2     7
  3.4088811750503761E-01 a      2588     1    22     2     8
 -1.6299770278896744E+00 a      2589     1    22     2     9
 -9.7419187061897194E-01 a      2590     1    22     2    10
 -8.7949445248520552E-01 a      2591     1    22     2    11
 -1.2216399291347948E+00 a      2592     1    22     2    12
  3.8000552097793689E+00 a      2593     1    22     2    13
 -2.1408400286023710E-01 a      2594     1    22     2    14
 -1.5217036325234174E+00 a      2595     1    22     2    15
 -4.5270772429904147E+00 a      2596     1    22     2    16
  3.1825652906605517E-01 a      2597     1    22     2    17
  8.7281859395814831E-01 a      2598     1    22     2    18
 -1.0992017423387554E+00 a      2599     1    22     2    19
 -4.9303244517249372E+00 a      2600     1    22     2    20
 -2.3236772567742263E+00 a      2601     1    22     2    21
  7.0790660118109394E-01 a      2602     1    22     2    22
  1.5981904064900803E+00 a      2603     1    22     2    23
  2.8527978537922216E+00 a      2604     1    22     2    24
 -1.3633557230902882E+00 a      2605     1    22     2    25
 -8.6502829461478681E-01 a      2606     1    22     2    26
  5.7359818927965289E-01 a      2607     1    22     2    27
  4.1580333273953868E-01 a      2608     1    22     2    28
 -2.3686373773337283E-01 a      2609     1    22     2    29
 -1.2524872504757258E+00 a      2610     1    22     2    30
  3.1516267340819343E-01 a      2611     1    23     2     1
 -2.0932406369177974E+00 a      2612     1    23     2     2
  3.2109186821162909E+00 a      2613     1    23     2     3
 -4.0826300889349465E-01 a      2614     1    23     2     4
 -4.7048425284215725E+00 a      2615     1    23     2     5
 -5.5846659438219675E+00 a      2616     1    23     2     6
 -1.4894578644646956E+00 a      2617     1    23     2     7
 -6.8885202260690703E-01 a      2618     1    23     2     8
  4.9981592055981974E+00 a      2619     1    23     2     9
 -1.5595920056976409E+00 a      2620     1    23     2    10
  1.5892968333192274E+00 a      2621     1    23     2    11
  1.3614729524409750E+00 a      2622     1    23     2    12
 -5.2724792265656395E-01 a      2623     1    23     2    13
  2.2619085562871373E+00 a      2624     1    23     2    14
  4.0274321237366778E-01 a      2625     1    23     2    15
  4.4312041232267338E+00 a      2626     1    23     2    16
 -4.3353576851141540E+00 a      2627     1    23     2    17
 -1.1518569048227998E+00 a      2628     1    23     2    18
 -5.0344000535534394E-01 a      2629     1    23     2    19
  1.4752095621770722E+00 a      2630     1    23     2    20
 -8.2196735321792147E-01 a      2631     1    23     2    21
  1.0636005687403398E+00 a      2632     1    23     2    22
  5.9392365871980859E+00 a      2633     1    23     2    23
 -4.1706784929981460E+00 a      2634     1    23     2    24
  2.8253765095092489E+00 a      2635     1    23     2    25
  3.5355618779769560E+00 a      2636     1    23     2    26
  3.8510697381186429E+00 a      2637     1    23     2    27
 -6.5817533666188299E-01 a      2638     1    23     2    28
 -2.2662403043417521E+00 a      2639     1    23     2    29
  5.0502206402375005E-01 a      2640     1    23     2    30
  1.9377139491495249E-01 a      2641     1    24     2     1
  1.9142712275453257E+00 a      2642     1    24     2     2
 -4.7461986772205815E+00 a      2643     1    24     2     3
 -1.6014672271843963E-01 a      2644     1    24     2     4
 -5.7770502237509447E-01 a      2645     1    24     2     5
  2.9243178202131213E+00 a      2646     1    24     2     6
  8.8475614881658615E-01 a      2647     1    24     2     7
  1.6311518749940646E+00 a      2648     1    24     2     8
  1.4303627072134584E+00 a      2649     1    24     2     9
  1.5942120526372554E+00 a      2650     1    24     2    10
 -1.6094170628546336E+00 a      2651     1    24     2    11
 -5.1497875092892376E-01 a      2652     1    24     2    12
  1.2197379128954197E-01 a      2653     1    24     2    13
  3.3618092464596754E+00 a      2654     1    24     2    14
 -1.5094362149157194E+00 a      2655     1    24     2    15
  3.1963596296039459E-01 a      2656     1    24     2    16
 -1.9809899200728212E+00 a      2657     1    24     2    17
  1.9829821468002067E+00 a      2658     1    24     2    18
 -1.3395950769769394E-01 a      2659     1    24     2    19
 -1.8064544993713174E+00 a      2660     1    24     2    20
 -3.8034678897264587E+00 a      2661     1    24     2    21
 -4.3735152822843709E-01 a      2662     1    24     2    22
 -4.7771626516846721E+00 a      2663     1    24     2    23
  1.8324944615767951E+00 a      2664     1    24     2    24
 -1.9363813484776105E+00 a      2665     1    24     2    25
  4.0887744524117178E+00 a      2666     1    24     2    26
 -3.8276177441187880E+00 a      2667     1    24     2    27
  6.4951783539926378E-01 a      2668     1    24     2    28
 -7.9004135055990554E-01 a      2669     1    24     2    29
 -1.5926948419811389E+00 a      2670     1    24     2    30
  1.0923829630789210E+00 a      2671     1    25     2     1
  5.6584703190229080E-01 a      2672     1    25     2     2
  2.4613945044286720E+00 a      2673     1    25     2     3
 -3.5814103246858831E-01 a      2674     1    25     2     4
  3.3860102017640648E+00 a      2675     1    25     2     5
 -4.1314567255263883E+00 a      2676     1    25     2     6
  1.1817658115512000E+00 a      2677     1    25     2     7
 -9.9103180471546160E-01 a      2678     1    25     2     8
  2.3908427442673532E+00 a      2679     1    25     2     9
 -1.0929913397067850E+00 a      2680     1    25     2    10
 -2.6265536290123821E+00 a      2681     1    25     2    11
  1.5388178446979355E-02 a      2682     1    25     2    12
 -1.2081441207616457E+00 a      2683     1    25     2    13
  2.3686660674372303E-01 a      2684     1    25     2    14
 -5.7527459302323236E-01 a      2685     1    25     2    15
 -9.5318820220078548E-01 a      2686     1    25     2    16
  2.3889570553036084E+00 a      2687     1    25     2    17
 -1.2929669591006692E+00 a      2688     1    25     2    18
  9.1262943845550248E-01 a      2689     1    25     2    19
 -2.9446549284568659E+00 a      2690     1    25     2    20
  2.8750119914504051E+00 a      2691     1    25     2    21
 -1.9500527543890847E+00 a      2692     1    25     2    22
  6.6859014703191166E-01 a      2693     1    25     2    23
  1.9496347899389477E-02 a      2694     1    25     2    24
  1.2853096520959901E+00 a      2695     1    25     2    25
  2.1373064178343388E+00 a      2696     1    25     2    26
 -2.4938045395672370E+00 a      2697     1    25     2    27
  3.7838745938329316E-01 a      2698     1    25     2    28
  1.3626366165020262E-01 a      2699     1    25     2    29
 -1.6746460029513159E+00 a      2700     1    25     2    30
  1.7767040449625526E+00 a      2701     1    26     2     1
 -2.8059130201837146E+00 a      2702     1    26     2     2
  1.2855292721396501E+00 a      2703     1    26     2     3
  1.0048521882382837E-01 a      2704     1    26     2     4
 -2.0112428546969077E-01 a      2705     1    26     2     5
  1.9255648799439848E+00 a      2706     1    26     2     6
 -2.5455040905181998E+00 a      2707     1    26     2     7
  2.0030514425035189E+00 a      2708     1    26     2     8
 -1.6850829404804288E+00 a      2709     1    26     2     9
  2.2756709149544561E+00 a      2710     1    26     2    10
 -7.0139503954456145E-02 a      2711     1    26     2    11
  9.4969325679718153E-01 a      2712     1    26     2    12
 -3.9764498622658950E-01 a      2713     1    26     2    13
 -1.6563194973204014E+00 a      2714     1    26     2    14
  1.7230168073812897E-02 a      2715     1    26     2    15
 -2.6028119826529417E+00 a      2716     1    26     2    16
  1.6488797016865606E+00 a      2717     1    26     2    17
  2.3541331264905478E+00 a      2718     1    26     2    18
  1.0803288437838177E-01 a      2719     1    26     2    19
 -3.8543400783197850E+00 a      2720     1    26     2    20
 -7.8319353748647069E-01 a      2721     1    26     2    21
  7.5259818573736009E-02 a      2722     1    26     2    22
 -1.7506566920119504E-01 a      2723     1    26     2    23
 -2.5308993925078069E+00 a      2724     1    26     2    24
 -7.2988454646242185E-01 a      2725     1    26     2    25
 -2.5004572113500567E-01 a      2726     1    26     2    26
 -2.5293021680869487E-01 a      2727     1    26     2    27
  9.5874310157677611E-01 a      2728     1    26     2    28
 -1.6559403650475868E+00 a      2729     1    26     2    29
 -2.0469423913483986E+00 a      2730     1    26     2    30
 -8.8329424788662914E-01 a      2731     1    27     2     1
 -8.6631923296901758E-01 a      2732     1    27     2     2
  2.1931487760106876E+00 a      2733     1    27     2     3
  6.1609459941241296E-01 a      2734     1    27     2     4
  2.1440695005755295E+00 a      2735     1    27     2     5
  3.7235857829985447E-01 a      2736     1    27     2     6
 -1.9446394343153759E+00 a      2737     1    27     2     7
 -6.1556035797868891E-01 a      2738     1    27     2     8
  9.7839269507088222E-01 a      2739     1    27     2     9
  1.3022419853006610E+00 a      2740     1    27     2    10
  8.0787810564309448E-01 a      2741     1    27     2    11
 -3.1216776117420100E+00 a      2742     1    27     2    12
 -1.4942875363893400E+00 a      2743     1    27     2    13
 -5.4652878561773521E-01 a      2744     1    27     2    14
  8.7822380230626140E-01 a      2745     1    27     2    15
  4.9134255215865968E-01 a      2746     1    27     2    16
  2.4785243484946795E+00 a      2747     1    27     2    17
 -1.0471784824053514E+00 a      2748     1    27     2    18
 -3.8414051155749113E-01 a      2749     1    27     2    19
  2.0077651217686685E+00 a      2750     1    27     2    20
 -2.6694724467912434E+00 a      2751     1    27     2    21
  3.2314167611272565E-02 a      2752     1    27     2    22
  2.4101511409802310E+00 a      2753     1    27     2    23
  1.4433084240663354E+00 a      2754     1    27     2    24
  2.4866909262037042E+00 a      2755     1    27     2    25
 -1.4482782940662258E+00 a      2756     1    27     2    26
  4.7997030042546190E-01 a      2757     1    27     2    27
 -2.3968143650733280E+00 a      2758     1    27     2    28
  2.7019168903208355E+00 a      2759     1    27     2    29
 -6.9904766829458598E-01 a      2760     1    27     2    30
  1.8249291278871698E+00 a      2761     1    28     2     1
  1.2515920608304363E+00 a      2762     1    28     2     2
 -2.0829913717028354E+00 a      2763     1    28     2     3
 -1.2980422314481110E+00 a      2764     1    28     2     4
  4.2707591856882354E-01 a      2765     1    28     2     5
 -4.1611945442578051E+00 a      2766     1    28     2     6
 -3.2755204418577084E+00 a      2767     1    28     2     7
 -9.6139405929461463E-01 a      2768     1    28     2     8
 -5.6954455443721859E-02 a      2769     1    28     2     9
 -7.6266687720838333E-01 a      2770     1    28     2    10
  2.0053071203716577E-01 a      2771     1    28     2    11
 -2.6161095527133864E+00 a      2772     1    28     2    12
 -1.9996089900223497E+00 a      2773     1    28     2    13
 -6.7299442250896069E-01 a      2774     1    28     2    14
  2.6419560477110036E+00 a      2775     1    28     2    15
 -1.3950970455005600E+00 a      2776     1    28     2    16
  2.1765274228472564E-01 a      2777     1    28     2    17
 -1.1141604447106284E+00 a      2778     1    28     2    18
 -2.6377910651952147E-01 a      2779     1    28     2    19
 -6.1846250009777060E-01 a      2780     1    28     2    20
  5.0728668298033297E-01 a      2781     1    28     2    21
 -2.8800287639451514E+00 a      2782     1    28     2    22
 -1.7494017698657033E-01 a      2783     1    28     2    23
 -2.7846936771133950E+00 a      2784     1    28     2    24
  3.7359125881494354E-01 a      2785     1    28     2    25
 -2.0400377225987669E+00 a      2786     1    28     2    26
 -3.9703329011649671E+00 a      2787     1    28     2    27
  1.0364520422868282E+00 a      2788     1    28     2    28
 -1.3796112005256576E+00 a      2789     1    28     2    29
 -8.1426945123845940E-01 a      2790     1    28     2    30
  3.4315762155861157E-01 a      2791     1    29     2     1
  7.1237647314931907E-01 a      2792     1    29     2     2
 -2.9096147975348352E-01 a      2793     1    29     2     3
  4.8868934107906287E-01 a      2794     1    29     2     4
 -3.0136986396056109E-01 a      2795     1    29     2     5
 -6.0213423716241554E-01 a      2796     1    29     2     6
 -6.5209201833391195E-01 a      2797     1    29     2     7
 -1.6904182194810677E-01 a      2798     1    29     2     8
 -2.4352577985930073E+00 a      2799     1    29     2     9
  1.9014047653535224E+00 a      2800     1    29     2    10
  3.6209955137338072E+00 a      2801     1    29     2    11
 -2.5921848560065781E+00 a      2802     1    29     2    12
  1.4672101655153225E+00 a      2803     1    29     2    13
  1.5406973196836793E+00 a      2804     1    29     2    14
 -9.9579520054264181E-01 a      2805     1    29     2    15
 -2.0407968002518877E+00 a      2806     1    29     2    16
  1.5831310117719928E+00 a      2807     1    29     2    17
  3.2334521163343704E+00 a      2808     1    29     2    18
  6.2606143366308975E-01 a      2809     1    29     2    19
  2.9246498528053873E+00 a      2810     1    29     2    20
 -5.5169482330350239E-02 a      2811     1    29     2    21
  3.1545990994437073E-01 a      2812     1    29     2    22
  6.2577429973842791E-01 a      2813     1    29     2    23
  2.3689098016724636E-01 a      2814     1    29     2    24
 -2.8320718465819934E+00 a      2815     1    29     2    25
 -2.5203245725221217E+00 a      2816     1    29     2    26
 -1.3539832558907443E+00 a      2817     1    29     2    27
 -2.5507226487905799E-01 a      2818     1    29     2    28
 -1.5939635208885548E+00 a      2819     1    29     2    29
  2.5756039574080858E+00 a      2820     1    29     2    30
 -2.1619365483889880E-01 a      2821     1    30     2     1
  4.8861420485555751E-01 a      2822     1    30     2     2
  2.5681715679174149E+00 a      2823     1    30     2     3
  1.0426027677267111E+00 a      2824     1    30     2     4
 -2.4563950092720258E-01 a      2825     1    30     2     5
 -4.0396547318359977E+00 a      2826     1    30     2     6
 -4.5404423059991983E-01 a      2827     1    30     2     7
  1.1439540067867116E+00 a      2828     1    30     2     8
  3.1667507963791239E+00 a      2829     1    30     2     9
 -5.4845864692738222E-01 a      2830     1    30     2    10
 -1.8516559603687013E+00 a      2831     1    30     2    11
 -1.1687893620854350E+00 a      2832     1    30     2    12
  4.1111164266095213E-01 a      2833     1    30     2    13
  1.8703457436675945E-02 a      2834     1    30     2    14
  1.3866773830176697E+00 a      2835     1    30     2    15
  2.4598148791452132E+00 a      2836     1    30     2    16
  6.4731397137906577E-01 a      2837     1    30     2    17
 -2.8990190728420990E+00 a      2838     1    30     2    18
 -4.2587609153080669E-01 a      2839     1    30     2    19
 -4.2655469097969467E+00 a      2840     1    30     2    20
  2.1224436008548757E+00 a      2841     1    30     2    21
  7.5128340573058994E-01 a      2842     1    30     2    22
 -3.1283191650067486E+00 a      2843     1    30     2    23
 -2.6116382471081128E+00 a      2844     1    30     2    24
  2.8715249906324938E+00 a      2845     1    30     2    25
 -4.6008868378453878E+00 a      2846     1    30     2    26
  4.4738351299869779E+00 a      2847     1    30     2    27
 -1.2745501517786286E+00 a      2848     1    30     2    28
  1.7514059394421113E+00 a      2849     1    30     2    29
 -1.0695456253867703E+00 a      2850     1    30     2    30
 -5.1257108634855097E-01 b      2851     2     1
  3.8231976266315879E+00 b      2852     2     2
  8.4322742255171885E+00 b      2853     2     3
 -1.9485973588625616E+00 b      2854     2     4
 -1.9829383958848460E+01 b      2855     2     5
  1.8662129109726767E+01 b      2856     2     6
  6.2352312759365356E+00 b      2857     2     7
  4.4862514220465224E+00 b      2858     2     8
 -4.6207060545688678E+00 b      2859     2     9
 -7.2670129753906021E-02 b      2860     2    10
 -6.2618257248470908E+00 b      2861     2    11
  3.9248388688890707E+00 b      2862     2    12
  5.7915151775448095E+00 b      2863     2    13
 -5.6039246879197711E+00 b      2864     2    14
  6.1802183997890685E+00 b      2865     2    15
  2.7424719857135024E+01 b      2866     2    16
 -9.0488002816853221E+00 b      2867     2    17
  5.7569830903720665E-01 b      2868     2    18
  1.0720881402254696E+01 b      2869     2    19
  9.6861222803056997E+00 b      2870     2    20
  6.6828619335353121E+00 b      2871     2    21
 -5.3308691860731443E+00 b      2872     2    22
  4.4306070071650510E+00 b      2873     2    23
 -1.1901805524825219E+01 b      2874     2    24
  2.8483738679426867E+00 b      2875     2    25
 -1.7149580992324179E-02 b      2876     2    26
  4.8697578154602894E+00 b      2877     2    27
  1.2429345778093599E+00 b      2878     2    28
 -1.0234305853314590E+01 b      2879     2    29
  1.0531938340075666E+00 b      2880     2    30
 -8.7861519772418004E-02 a      2881     2     1     3     1
  5.8494104702963137E-02 a      2882     2     2     3     1
  5.2500102337180235E-03 a      2883     2     3     3     1
 -3.8571529878406513E-01 a      2884     2     4     3     1
  6.1168506360777834E-03 a      2885     2     5     3     1
  2.1295045514040031E-02 a      2886     2     6     3     1
  1.1309747358075660E-01 a      2887     2     7     3     1
  4.5668554557624530E-02 a      2888     2     8     3     1
 -5.6899904307921009E-02 a      2889     2     9     3     1
 -3.0109317304002070E-03 a      2890     2    10     3     1
  4.2605196774785747E-02 a      2891     2    11     3     1
  4.0674530418739738E-02 a      2892     2    12     3     1
  2.4327652857079041E-02 a      2893     2    13     3     1
 -3.1493608107094062E-03 a      2894     2    14     3     1
 -5.3007986804441541E-02 a      2895     2    15     3     1
 -3.8303007282595707E-03 a      2896     2    16     3     1
  9.9138548010043820E-02 a      2897     2    17     3     1
  6.5869293350068556E-03 a      2898     2    18     3     1
 -2.2353444379941624E-03 a      2899     2    19     3     1
  5.8946452088143846E-03 a      2900     2    20     3     1
  3.8761402387750693E-02 a      2901     2    21     3     1
  6.5582404732282593E-02 a      2902     2    22     3     1
 -4.5706807604824720E-02 a      2903     2    23     3     1
  1.4035169031572927E-02 a      2904     2    24     3     1
 -4.9629707723620679E-02 a      2905     2    25     3     1
  3.6975882926867099E-02 a      2906     2    26     3     1
  5.0378208482925943E-02 a      2907     2    27     3     1
 -7.3216923670972198E-02 a      2908     2    28     3     1
 -1.2310526730395500E-01 a      2909     2    29     3     1
  9.4083494044517074E-02 a      2910     2    30     3     1
 -2.2976756797507107E+00 b      2911     3     1
