################################################################################
# Neural network connection values (weights and biases).
################################################################################
# Col  Name       Description
################################################################################
# 1    connection Neural network connection value.
# 2    t          Connection type (a = weight, b = bias).
# 3    index      Index enumerating weights.
# 4    l_s        Starting point layer (end point layer for biases).
# 5    n_s        Starting point neuron in starting layer (end point neuron for biases).
# 6    l_e        End point layer.
# 7    n_e        End point neuron in end layer.
################################################################################
#                      1 2         3     4     5     6     7
#             connection t     index   l_s   n_s   l_e   n_e
############################################################
 -3.2089815154329528E+00 a         1     0     1     1     1
  1.0295271628657812E+00 a         2     0     1     1     2
 -5.6260182701944697E+00 a         3     0     1     1     3
  1.2175130904858436E+00 a         4     0     1     1     4
 -3.3259357781474734E+00 a         5     0     1     1     5
  1.3055903557344152E+01 a         6     0     1     1     6
  2.2826237682238695E-01 a         7     0     1     1     7
 -5.1150306740114617E+00 a         8     0     1     1     8
 -2.0843949548842842E+00 a         9     0     1     1     9
  2.1036553192173559E+00 a        10     0     1     1    10
  7.2461806840587129E-01 a        11     0     1     1    11
 -3.8190743806979612E+00 a        12     0     1     1    12
  3.4572048217171596E+00 a        13     0     1     1    13
  9.9414152799847688E+00 a        14     0     1     1    14
 -8.8028757771835178E+00 a        15     0     1     1    15
  5.9871008341447771E+00 a        16     0     1     1    16
 -4.5002234896783433E+00 a        17     0     1     1    17
 -2.7846908970473572E+00 a        18     0     1     1    18
 -4.0069140244888333E+00 a        19     0     1     1    19
  9.0725670084928662E+00 a        20     0     1     1    20
  8.1442505390785929E+00 a        21     0     1     1    21
  1.2529364698207782E+01 a        22     0     1     1    22
 -1.5036928649073983E-01 a        23     0     1     1    23
  1.7422968148212945E+00 a        24     0     1     1    24
  1.2417486006821713E+01 a        25     0     1     1    25
  9.1754862464102196E+00 a        26     0     1     1    26
 -1.0025097948227261E+01 a        27     0     1     1    27
  1.8005094372214010E+01 a        28     0     1     1    28
 -3.3064672439281941E+00 a        29     0     1     1    29
  4.2736320317487406E+00 a        30     0     1     1    30
 -3.4598623987383235E+00 a        31     0     2     1     1
  7.3533300885425001E+00 a        32     0     2     1     2
  4.1559679355027708E+00 a        33     0     2     1     3
  2.1658629299641291E-01 a        34     0     2     1     4
  3.7410256462057374E+00 a        35     0     2     1     5
 -2.6720521851618551E+00 a        36     0     2     1     6
  1.8055700335866341E+01 a        37     0     2     1     7
  1.6231480031976431E+00 a        38     0     2     1     8
 -2.3112293603270828E+00 a        39     0     2     1     9
  4.1387634653690153E-01 a        40     0     2     1    10
  2.0371877139480915E+01 a        41     0     2     1    11
  1.2688842342403053E+01 a        42     0     2     1    12
 -1.1439683209317037E+01 a        43     0     2     1    13
  1.0906918888139355E+01 a        44     0     2     1    14
 -6.3574816630465483E+00 a        45     0     2     1    15
  1.0432530376248617E+00 a        46     0     2     1    16
 -2.1043531729826093E+00 a        47     0     2     1    17
 -5.1253787109317219E+00 a        48     0     2     1    18
 -3.9280623939542800E+00 a        49     0     2     1    19
  1.3158343538465164E+01 a        50     0     2     1    20
 -3.6162325986368677E+00 a        51     0     2     1    21
 -2.4130085448724440E+01 a        52     0     2     1    22
 -1.3073775503924758E+00 a        53     0     2     1    23
  1.0837206411157513E+01 a        54     0     2     1    24
  6.5120779040901144E+00 a        55     0     2     1    25
  1.0588654893490260E+01 a        56     0     2     1    26
 -6.8537214063647172E+00 a        57     0     2     1    27
  2.7247850599153120E-02 a        58     0     2     1    28
  6.4829778960674744E+00 a        59     0     2     1    29
 -6.2031511663869425E+00 a        60     0     2     1    30
 -5.6850003492476189E+00 a        61     0     3     1     1
 -7.9089208712675125E+00 a        62     0     3     1     2
  1.1180944775674786E+00 a        63     0     3     1     3
 -6.8044440503310870E+00 a        64     0     3     1     4
 -4.7603513143788572E+00 a        65     0     3     1     5
 -1.2273249477288000E+00 a        66     0     3     1     6
 -5.3783306536057107E-01 a        67     0     3     1     7
  1.3809121366591213E+00 a        68     0     3     1     8
  6.9130320742681883E-01 a        69     0     3     1     9
  9.3298896375862608E+00 a        70     0     3     1    10
 -9.6274005103507445E+00 a        71     0     3     1    11
  6.9261847520587727E+00 a        72     0     3     1    12
  3.1801277314431537E+00 a        73     0     3     1    13
  1.2773899281642920E+00 a        74     0     3     1    14
 -5.4892482165786323E+00 a        75     0     3     1    15
 -3.3932232644674611E+00 a        76     0     3     1    16
 -7.7733905439670181E-01 a        77     0     3     1    17
 -6.1044277406448968E+00 a        78     0     3     1    18
 -7.4567321577270445E+00 a        79     0     3     1    19
 -1.1983187607198278E+01 a        80     0     3     1    20
 -7.9973282904243295E+00 a        81     0     3     1    21
  1.2525907693613107E+01 a        82     0     3     1    22
 -1.0177752277057590E-01 a        83     0     3     1    23
 -3.3773073004080274E+00 a        84     0     3     1    24
 -4.7269526139034577E+00 a        85     0     3     1    25
 -3.8546513658987007E+00 a        86     0     3     1    26
 -4.0094075679182941E+00 a        87     0     3     1    27
 -9.6993515477727037E+00 a        88     0     3     1    28
 -8.2810038590256614E+00 a        89     0     3     1    29
 -2.8804388780864376E+00 a        90     0     3     1    30
  1.2791666115368079E+01 a        91     0     4     1     1
 -9.6092054645128275E+00 a        92     0     4     1     2
  5.4148933138960165E-01 a        93     0     4     1     3
 -1.0712296847136898E+01 a        94     0     4     1     4
  1.1910621669608780E+01 a        95     0     4     1     5
  7.1297968580078841E+00 a        96     0     4     1     6
  2.0079320366206996E+01 a        97     0     4     1     7
 -8.2853325115992646E+00 a        98     0     4     1     8
 -2.0054405199359312E+01 a        99     0     4     1     9
 -8.1944369786005371E+00 a       100     0     4     1    10
  1.9149664714143569E+01 a       101     0     4     1    11
  1.0401392462123816E+01 a       102     0     4     1    12
  7.6788370101203594E+00 a       103     0     4     1    13
 -1.8137536991688460E+01 a       104     0     4     1    14
 -1.2353385863996412E+01 a       105     0     4     1    15
  7.7866526501175404E-01 a       106     0     4     1    16
  1.5368028828409943E+00 a       107     0     4     1    17
 -2.5468210443796121E+01 a       108     0     4     1    18
  3.5187069759733234E+00 a       109     0     4     1    19
  1.6701658850969736E+01 a       110     0     4     1    20
 -1.2742441286999613E+01 a       111     0     4     1    21
 -3.0017640798917590E+01 a       112     0     4     1    22
 -5.6550030520481940E+00 a       113     0     4     1    23
  1.7823215756239296E+01 a       114     0     4     1    24
 -7.3351649913526087E+00 a       115     0     4     1    25
  1.0087435881494589E+01 a       116     0     4     1    26
 -2.0678839805448352E+01 a       117     0     4     1    27
  5.9067936308051552E+00 a       118     0     4     1    28
  7.9040801333241033E+00 a       119     0     4     1    29
 -1.6304801660344914E+01 a       120     0     4     1    30
 -1.3428776945120588E-01 a       121     0     5     1     1
 -5.0008418279106097E+00 a       122     0     5     1     2
 -2.3819118612363921E+00 a       123     0     5     1     3
 -2.6968881776522508E-01 a       124     0     5     1     4
  3.3155474347387250E+00 a       125     0     5     1     5
 -2.9021471620652814E+00 a       126     0     5     1     6
  8.0812603282424700E-01 a       127     0     5     1     7
  4.8081809941292084E+00 a       128     0     5     1     8
  3.1959970738473931E-01 a       129     0     5     1     9
  9.1418092464749379E-01 a       130     0     5     1    10
 -6.5614521257376091E-01 a       131     0     5     1    11
 -3.6577239825836387E+00 a       132     0     5     1    12
  8.6663487997892896E-01 a       133     0     5     1    13
 -1.3380008924583164E+01 a       134     0     5     1    14
  3.7422446715958924E-01 a       135     0     5     1    15
  2.6465860129415990E+00 a       136     0     5     1    16
  6.5120403516256271E+00 a       137     0     5     1    17
  7.5694126992502913E+00 a       138     0     5     1    18
  3.5860477933791732E+00 a       139     0     5     1    19
 -4.7931472847098178E+00 a       140     0     5     1    20
 -3.7932952657672119E+00 a       141     0     5     1    21
 -3.0841834425638370E+00 a       142     0     5     1    22
 -9.6542742524254299E-01 a       143     0     5     1    23
  3.2914927173593762E+00 a       144     0     5     1    24
 -1.1943363675270659E-01 a       145     0     5     1    25
 -2.9821688833305897E+00 a       146     0     5     1    26
  4.3650093100093723E-01 a       147     0     5     1    27
 -3.5722123834512649E+00 a       148     0     5     1    28
  4.5969385725272343E+00 a       149     0     5     1    29
 -2.2038907544664545E+00 a       150     0     5     1    30
 -2.7881152060552878E+00 a       151     0     6     1     1
 -3.6327187873895737E+00 a       152     0     6     1     2
 -8.9770272197185808E-02 a       153     0     6     1     3
 -2.6930032557139043E+00 a       154     0     6     1     4
 -3.0204776684884349E+00 a       155     0     6     1     5
  5.2873576042525299E+00 a       156     0     6     1     6
 -9.3730855782887765E+00 a       157     0     6     1     7
 -7.0865143996032405E+00 a       158     0     6     1     8
 -2.2067927568719248E+00 a       159     0     6     1     9
  1.1275838477419427E+01 a       160     0     6     1    10
 -3.2351174653926473E+00 a       161     0     6     1    11
  9.3674366425868572E-01 a       162     0     6     1    12
  4.2245206496790111E+00 a       163     0     6     1    13
  1.2453526004046118E+01 a       164     0     6     1    14
 -7.0232671860917817E+00 a       165     0     6     1    15
 -3.0641353118077586E+00 a       166     0     6     1    16
  3.0694803752377613E+00 a       167     0     6     1    17
 -3.8953029003103241E+00 a       168     0     6     1    18
 -2.5258863896660819E+00 a       169     0     6     1    19
  6.4564759132327092E+00 a       170     0     6     1    20
 -3.0361620019618303E+00 a       171     0     6     1    21
  6.7029454020600676E+00 a       172     0     6     1    22
  4.4420068050496635E+00 a       173     0     6     1    23
 -1.3908667397198284E+00 a       174     0     6     1    24
  7.5572071227826827E+00 a       175     0     6     1    25
  4.5938820071604924E+00 a       176     0     6     1    26
 -6.5217592181809936E+00 a       177     0     6     1    27
  9.8667792692557139E+00 a       178     0     6     1    28
 -3.0976881227368440E+00 a       179     0     6     1    29
 -2.3374743587918099E+00 a       180     0     6     1    30
  9.6254778126639373E-01 a       181     0     7     1     1
 -7.8016939348130423E+00 a       182     0     7     1     2
 -1.1783122792229621E+00 a       183     0     7     1     3
 -3.7138505459498403E+00 a       184     0     7     1     4
 -8.1748172466194369E-01 a       185     0     7     1     5
 -3.2340091082164468E+00 a       186     0     7     1     6
 -3.7309847416712287E+00 a       187     0     7     1     7
  5.7357288986553829E+00 a       188     0     7     1     8
  4.7544315904060480E-01 a       189     0     7     1     9
  6.3858365049610146E+00 a       190     0     7     1    10
 -1.0329762379086114E+00 a       191     0     7     1    11
  3.5501994108677315E+00 a       192     0     7     1    12
  1.3007635293146511E+00 a       193     0     7     1    13
 -1.0320505714077235E+01 a       194     0     7     1    14
  4.6006681203713784E+00 a       195     0     7     1    15
  3.3863572929263639E+00 a       196     0     7     1    16
  1.3159442693182912E+01 a       197     0     7     1    17
  9.5826029295524169E+00 a       198     0     7     1    18
 -1.0000898107385230E+00 a       199     0     7     1    19
 -7.4363839109877725E+00 a       200     0     7     1    20
 -7.2738015176614876E+00 a       201     0     7     1    21
 -1.8260521530697754E-01 a       202     0     7     1    22
 -4.9968708433198552E+00 a       203     0     7     1    23
  2.9036683496703870E+00 a       204     0     7     1    24
 -5.4068886583835782E+00 a       205     0     7     1    25
 -4.4211717293379547E+00 a       206     0     7     1    26
  1.5645491872509245E+00 a       207     0     7     1    27
 -1.9525053405152089E+00 a       208     0     7     1    28
 -3.3428620298033715E+00 a       209     0     7     1    29
  7.1661356959837164E-01 a       210     0     7     1    30
 -3.0134334468646813E+00 a       211     0     8     1     1
 -5.4456850934813170E+00 a       212     0     8     1     2
  3.7795157417224208E+00 a       213     0     8     1     3
 -3.2607410021823755E+00 a       214     0     8     1     4
  1.6888150065704743E+00 a       215     0     8     1     5
 -9.5828238417911997E+00 a       216     0     8     1     6
 -1.3422768623770484E+01 a       217     0     8     1     7
 -7.5169239757307682E-01 a       218     0     8     1     8
  6.0974519935799645E+00 a       219     0     8     1     9
  5.7143772256020320E+00 a       220     0     8     1    10
 -4.6341874496086675E+00 a       221     0     8     1    11
  5.6461648862595686E+00 a       222     0     8     1    12
  1.2977475478151332E+00 a       223     0     8     1    13
  1.4159537828532027E+00 a       224     0     8     1    14
  1.1010982668485187E+01 a       225     0     8     1    15
 -6.7382997534393274E+00 a       226     0     8     1    16
  1.1773018613846538E+01 a       227     0     8     1    17
 -2.1512644390175231E+00 a       228     0     8     1    18
  9.6505420491228797E+00 a       229     0     8     1    19
 -1.4322388172911632E+01 a       230     0     8     1    20
 -1.3840546174271978E+01 a       231     0     8     1    21
 -1.4787966882359769E+00 a       232     0     8     1    22
  9.4013938877535996E-01 a       233     0     8     1    23
 -5.7880509748649045E+00 a       234     0     8     1    24
 -1.1782019854370763E+01 a       235     0     8     1    25
 -1.1682100151596131E+01 a       236     0     8     1    26
  1.1953561691757209E+01 a       237     0     8     1    27
 -1.7320767303353179E+01 a       238     0     8     1    28
  3.6892266939555309E+00 a       239     0     8     1    29
 -6.4908095374642762E+00 a       240     0     8     1    30
  6.0620105787534069E+00 a       241     0     9     1     1
  7.6782145037442557E+00 a       242     0     9     1     2
 -1.4780162713034411E+01 a       243     0     9     1     3
  1.8740794557422863E+01 a       244     0     9     1     4
 -9.2436322585481925E+00 a       245     0     9     1     5
  1.0442946385366309E+01 a       246     0     9     1     6
 -9.4915294324053381E+00 a       247     0     9     1     7
  1.2716352061422226E+01 a       248     0     9     1     8
  2.1461197403939174E+00 a       249     0     9     1     9
  1.5504350969755439E+01 a       250     0     9     1    10
  1.4079209863305140E+00 a       251     0     9     1    11
  1.5478780761513591E+00 a       252     0     9     1    12
 -6.2642939166518561E+00 a       253     0     9     1    13
  1.4250979826564178E+00 a       254     0     9     1    14
 -5.4927110914995199E+00 a       255     0     9     1    15
  3.2554453372393066E+00 a       256     0     9     1    16
  1.0393606984213161E+01 a       257     0     9     1    17
  1.6377152287530947E+01 a       258     0     9     1    18
 -1.8374838668556887E+01 a       259     0     9     1    19
  1.7573544000078847E+01 a       260     0     9     1    20
  1.6215846879262180E+01 a       261     0     9     1    21
  2.0632044332925435E+01 a       262     0     9     1    22
 -6.1626914618496276E+00 a       263     0     9     1    23
 -2.8570411001285740E+00 a       264     0     9     1    24
  1.1754316400173419E+01 a       265     0     9     1    25
  3.3297941886798665E-01 a       266     0     9     1    26
 -2.4813902838819146E+00 a       267     0     9     1    27
  1.3520105001330988E+01 a       268     0     9     1    28
 -2.0776582709864306E+00 a       269     0     9     1    29
  9.8220398208275448E+00 a       270     0     9     1    30
 -1.8536945368305118E+00 a       271     0    10     1     1
 -4.2324316088932584E-02 a       272     0    10     1     2
  1.9971912732892654E+00 a       273     0    10     1     3
 -1.9352089014687206E-02 a       274     0    10     1     4
  3.8561597536084915E+00 a       275     0    10     1     5
  2.5326797300650306E-01 a       276     0    10     1     6
  3.7756202628527196E+00 a       277     0    10     1     7
  1.7012089946407334E+00 a       278     0    10     1     8
  2.1341199437995368E+00 a       279     0    10     1     9
 -1.5938978808771063E+00 a       280     0    10     1    10
  4.0875220573843818E-01 a       281     0    10     1    11
 -1.5800792555252994E+00 a       282     0    10     1    12
 -8.1121213608275455E-02 a       283     0    10     1    13
 -7.8307518089937567E+00 a       284     0    10     1    14
 -4.4485937581928070E-01 a       285     0    10     1    15
  1.5992287536682266E+00 a       286     0    10     1    16
  1.0506562255189338E+00 a       287     0    10     1    17
  6.4101626124054667E-01 a       288     0    10     1    18
  3.5698460812068600E-01 a       289     0    10     1    19
 -3.9368267205729217E+00 a       290     0    10     1    20
 -5.2305921935057880E+00 a       291     0    10     1    21
 -2.5327019650074671E+00 a       292     0    10     1    22
  1.7924804235336151E+00 a       293     0    10     1    23
  1.6471848704628598E+00 a       294     0    10     1    24
 -2.8427416534712485E-01 a       295     0    10     1    25
 -1.2249724580872055E+00 a       296     0    10     1    26
  1.3389777183902438E+00 a       297     0    10     1    27
  9.3451430301821470E-01 a       298     0    10     1    28
  1.4196070051121177E+00 a       299     0    10     1    29
  3.3547876878026166E+00 a       300     0    10     1    30
  4.9252430079298923E+00 a       301     0    11     1     1
 -4.5212234643471705E+00 a       302     0    11     1     2
  1.1453474333328939E+00 a       303     0    11     1     3
 -4.0163642921133453E+00 a       304     0    11     1     4
 -4.7871666301890450E+00 a       305     0    11     1     5
  4.8602503889289244E+00 a       306     0    11     1     6
 -4.6574987573331130E+00 a       307     0    11     1     7
 -3.3137461330171072E+00 a       308     0    11     1     8
 -4.2917797541175204E+00 a       309     0    11     1     9
  1.3252053404011180E-01 a       310     0    11     1    10
 -3.0218708057143950E+00 a       311     0    11     1    11
  9.8961380762232021E-01 a       312     0    11     1    12
  2.3080718019567561E+00 a       313     0    11     1    13
  8.7927006028271499E+00 a       314     0    11     1    14
 -7.3023862545186990E-01 a       315     0    11     1    15
 -3.3662763663587225E+00 a       316     0    11     1    16
  6.8535059573942425E-01 a       317     0    11     1    17
  7.6503154967907772E-01 a       318     0    11     1    18
  2.7428098372298337E+00 a       319     0    11     1    19
  2.4551357616047307E+00 a       320     0    11     1    20
  7.8212532024919390E-01 a       321     0    11     1    21
  1.8895135080083308E-01 a       322     0    11     1    22
 -5.2913203490483540E-01 a       323     0    11     1    23
 -1.2446819003827339E+00 a       324     0    11     1    24
 -1.6444462493834806E+00 a       325     0    11     1    25
  9.9212003978494223E-01 a       326     0    11     1    26
 -2.8860522157379824E+00 a       327     0    11     1    27
 -6.3697697016216337E-01 a       328     0    11     1    28
 -1.8087578027412445E+00 a       329     0    11     1    29
 -2.8589354202220885E+00 a       330     0    11     1    30
  1.3884909788111299E-02 a       331     0    12     1     1
 -1.7502693520117547E+00 a       332     0    12     1     2
 -5.7139690681576845E+00 a       333     0    12     1     3
  1.1137818202511529E+01 a       334     0    12     1     4
 -6.2253101046115669E+00 a       335     0    12     1     5
  2.0665841115193557E+00 a       336     0    12     1     6
 -1.0642350180399278E+01 a       337     0    12     1     7
  4.9654587719068138E-01 a       338     0    12     1     8
 -1.0564116309845842E+01 a       339     0    12     1     9
  4.6807983835129807E+00 a       340     0    12     1    10
 -1.6250998612056165E+01 a       341     0    12     1    11
 -6.9018968199542874E+00 a       342     0    12     1    12
  1.0255491755808682E+01 a       343     0    12     1    13
 -1.4061669764860055E+01 a       344     0    12     1    14
  4.6472443141713580E+00 a       345     0    12     1    15
  2.8774213390631731E+00 a       346     0    12     1    16
  2.0598140880463665E+00 a       347     0    12     1    17
  8.1752759470176670E+00 a       348     0    12     1    18
 -2.5353424869742103E+00 a       349     0    12     1    19
 -1.0069003331836052E+01 a       350     0    12     1    20
  9.0230471821278115E+00 a       351     0    12     1    21
  7.4921707617544913E+00 a       352     0    12     1    22
  4.6605924680774287E+00 a       353     0    12     1    23
 -4.4216102722970465E+00 a       354     0    12     1    24
  1.7645112455137464E+00 a       355     0    12     1    25
 -2.0988421259126873E+00 a       356     0    12     1    26
  5.1737715355306770E+00 a       357     0    12     1    27
  1.1181842252605707E+01 a       358     0    12     1    28
 -1.1076534234782713E+01 a       359     0    12     1    29
  9.0839769134333821E+00 a       360     0    12     1    30
 -1.6553838961243571E+01 a       361     0    13     1     1
  6.8061827170312705E+00 a       362     0    13     1     2
  2.2121437287246749E+01 a       363     0    13     1     3
 -8.8102144190525333E+00 a       364     0    13     1     4
 -3.5960694359831473E+00 a       365     0    13     1     5
 -4.3853831735535316E+00 a       366     0    13     1     6
  1.6332021756528626E+01 a       367     0    13     1     7
 -1.7032004544984574E+01 a       368     0    13     1     8
  1.0897176085297314E+01 a       369     0    13     1     9
  1.8092683910773275E+01 a       370     0    13     1    10
 -5.7265766821027251E+00 a       371     0    13     1    11
  1.8906358769302439E-01 a       372     0    13     1    12
  6.4098049824794847E+00 a       373     0    13     1    13
  1.1101215791939081E+01 a       374     0    13     1    14
  1.2239258280956356E+01 a       375     0    13     1    15
  4.7228396486683916E-01 a       376     0    13     1    16
 -1.5034144357682427E+01 a       377     0    13     1    17
 -1.2205958016431486E+01 a       378     0    13     1    18
  7.3652264738791464E+00 a       379     0    13     1    19
 -1.0155030140383801E+01 a       380     0    13     1    20
 -2.1391341148343354E+01 a       381     0    13     1    21
  1.2811460542079709E+01 a       382     0    13     1    22
  1.3743733143422840E+01 a       383     0    13     1    23
 -2.0644992232275079E+01 a       384     0    13     1    24
 -1.4014871386617580E+01 a       385     0    13     1    25
  4.1326518292019393E-01 a       386     0    13     1    26
 -1.0925584749275899E+01 a       387     0    13     1    27
  1.1094540561369342E+01 a       388     0    13     1    28
  1.2481147077937460E-01 a       389     0    13     1    29
 -3.9510659111642941E+00 a       390     0    13     1    30
  1.1334802087996121E-01 a       391     0    14     1     1
  6.9790872143849541E+00 a       392     0    14     1     2
  1.5042183740529664E+01 a       393     0    14     1     3
 -5.2631457583168935E+00 a       394     0    14     1     4
  8.3608824480829504E+00 a       395     0    14     1     5
  5.4911510004442450E+00 a       396     0    14     1     6
  7.4489209776188092E+00 a       397     0    14     1     7
 -1.7819690189171049E+00 a       398     0    14     1     8
  2.3682729991008351E+01 a       399     0    14     1     9
  7.5102897035285796E+00 a       400     0    14     1    10
  4.8387447203847245E+00 a       401     0    14     1    11
 -6.7985934911719301E+00 a       402     0    14     1    12
 -9.4628201869160442E+00 a       403     0    14     1    13
  9.3852327557776682E+00 a       404     0    14     1    14
  3.7371447554181834E+00 a       405     0    14     1    15
 -1.0886822846831597E+01 a       406     0    14     1    16
 -8.2275604450921662E+00 a       407     0    14     1    17
 -1.3095871359646576E+01 a       408     0    14     1    18
  5.0764899657908424E+00 a       409     0    14     1    19
  9.6643113717687523E+00 a       410     0    14     1    20
 -4.1007821932533437E+00 a       411     0    14     1    21
  1.9049757852831924E+01 a       412     0    14     1    22
 -3.4300276489135815E+00 a       413     0    14     1    23
 -1.1044129311194702E+01 a       414     0    14     1    24
 -1.0945574273530214E+01 a       415     0    14     1    25
 -1.2793934647739732E+01 a       416     0    14     1    26
  7.5069004444953951E+00 a       417     0    14     1    27
 -1.6260461857454889E+01 a       418     0    14     1    28
  1.4454147149471966E+01 a       419     0    14     1    29
 -5.2017884202328917E+00 a       420     0    14     1    30
  8.0149122347458110E+00 a       421     0    15     1     1
  2.4533311793563501E+00 a       422     0    15     1     2
  1.6696462722408228E+01 a       423     0    15     1     3
 -8.1366779546487251E+00 a       424     0    15     1     4
 -3.4631445352409083E+00 a       425     0    15     1     5
  1.7707613814785041E+00 a       426     0    15     1     6
  2.3855538194682229E+00 a       427     0    15     1     7
 -1.1861676300459536E+01 a       428     0    15     1     8
  2.3314106536142443E+01 a       429     0    15     1     9
  3.7274185507449893E+00 a       430     0    15     1    10
 -4.7563429083019015E-01 a       431     0    15     1    11
 -1.2564696216463984E+00 a       432     0    15     1    12
 -4.3791436791340671E-01 a       433     0    15     1    13
  1.2791304711311414E+01 a       434     0    15     1    14
 -1.1015777893539722E+01 a       435     0    15     1    15
 -1.2292018145962386E+01 a       436     0    15     1    16
 -4.0012476224091058E+00 a       437     0    15     1    17
 -3.0436194744679739E+01 a       438     0    15     1    18
  5.0088329172066874E+00 a       439     0    15     1    19
  5.9415348127368262E+00 a       440     0    15     1    20
 -1.8402468393902630E+01 a       441     0    15     1    21
  2.6893786054702566E+01 a       442     0    15     1    22
 -3.6135841374206303E+00 a       443     0    15     1    23
  1.0096608230741750E+00 a       444     0    15     1    24
 -1.6137963711786970E+01 a       445     0    15     1    25
 -6.3842306509996760E+00 a       446     0    15     1    26
  3.3102182910944351E+00 a       447     0    15     1    27
 -2.2423311643896103E+01 a       448     0    15     1    28
  2.6062161896886522E+01 a       449     0    15     1    29
 -1.0147880924473451E+01 a       450     0    15     1    30
 -3.0599418467411619E+00 a       451     0    16     1     1
  6.5409066919915153E+00 a       452     0    16     1     2
 -8.8805729987943440E+00 a       453     0    16     1     3
  4.7592294620854769E+00 a       454     0    16     1     4
  1.1786699550564379E+01 a       455     0    16     1     5
  5.4619666545148524E+00 a       456     0    16     1     6
  7.8119727441923832E+00 a       457     0    16     1     7
  7.2162101321760908E+00 a       458     0    16     1     8
 -4.6438618343426805E+00 a       459     0    16     1     9
 -1.1075106529334940E+01 a       460     0    16     1    10
  1.2306466976441421E+01 a       461     0    16     1    11
 -9.6474396274615348E-03 a       462     0    16     1    12
 -5.3618701608473218E+00 a       463     0    16     1    13
 -3.8161555812462491E+00 a       464     0    16     1    14
  1.7103935227752554E+01 a       465     0    16     1    15
  1.2318067187695658E+00 a       466     0    16     1    16
  5.4834117103317648E-01 a       467     0    16     1    17
  1.3671059320524002E+01 a       468     0    16     1    18
  2.3866411925796633E+00 a       469     0    16     1    19
  7.0807960708652082E+00 a       470     0    16     1    20
  1.2053243505742195E+01 a       471     0    16     1    21
 -2.7543212741061989E+01 a       472     0    16     1    22
  6.0466355239978018E+00 a       473     0    16     1    23
  3.8857887660092025E+00 a       474     0    16     1    24
  7.2978856999563417E+00 a       475     0    16     1    25
  6.5265571640877704E+00 a       476     0    16     1    26
 -1.8449107421845612E+00 a       477     0    16     1    27
  1.0541696647390305E+01 a       478     0    16     1    28
 -3.3972972414422724E+00 a       479     0    16     1    29
 -1.9549327353277366E+00 a       480     0    16     1    30
 -1.2339121917195605E+01 a       481     0    17     1     1
  1.4116225222938228E+01 a       482     0    17     1     2
 -2.5352778064142978E+00 a       483     0    17     1     3
 -4.6088941707023494E+00 a       484     0    17     1     4
 -1.3995440381533097E+01 a       485     0    17     1     5
  2.7600837224228602E+01 a       486     0    17     1     6
 -8.2082062000794007E+00 a       487     0    17     1     7
  8.3710998462787103E+00 a       488     0    17     1     8
  3.7534564782740727E+00 a       489     0    17     1     9
  4.1339160510435882E+00 a       490     0    17     1    10
 -9.1542454796786910E+00 a       491     0    17     1    11
  1.1772183370965882E+01 a       492     0    17     1    12
  1.7958312998556256E+00 a       493     0    17     1    13
  3.3101029215309552E+01 a       494     0    17     1    14
 -3.6134167431550308E+00 a       495     0    17     1    15
  1.1150180423562485E+01 a       496     0    17     1    16
  1.8225667630787573E+01 a       497     0    17     1    17
  3.0675866797329876E+00 a       498     0    17     1    18
  5.0433022115666786E+00 a       499     0    17     1    19
 -1.1916854917544898E+01 a       500     0    17     1    20
  1.1138644375534767E+01 a       501     0    17     1    21
 -1.9867683937495361E+01 a       502     0    17     1    22
 -3.7281344089730894E+01 a       503     0    17     1    23
 -8.1673951660476316E+00 a       504     0    17     1    24
 -6.4032708486908536E+00 a       505     0    17     1    25
 -7.3313737080903678E+00 a       506     0    17     1    26
 -4.3187613454082943E+00 a       507     0    17     1    27
 -3.8589861114910356E+01 a       508     0    17     1    28
  5.5635737417557634E+00 a       509     0    17     1    29
  3.2888370241731679E-01 a       510     0    17     1    30
  2.0368620290547621E+01 a       511     0    18     1     1
 -2.6644077285053061E+01 a       512     0    18     1     2
 -4.9295472784127083E+00 a       513     0    18     1     3
 -4.3909538210856072E+00 a       514     0    18     1     4
  1.8908527325147929E+01 a       515     0    18     1     5
 -2.3058748338162289E+01 a       516     0    18     1     6
  1.3817541017314352E+00 a       517     0    18     1     7
  1.9320089630477888E+00 a       518     0    18     1     8
  9.4746878239076739E+00 a       519     0    18     1     9
 -5.3028692571542191E+00 a       520     0    18     1    10
  2.8395079369264483E+01 a       521     0    18     1    11
 -1.3854596266659508E+01 a       522     0    18     1    12
 -4.6877143838543160E+00 a       523     0    18     1    13
 -9.6555772807103857E+00 a       524     0    18     1    14
  2.6466866530030346E+00 a       525     0    18     1    15
 -4.0305062642776655E+00 a       526     0    18     1    16
  6.5825737116773961E+00 a       527     0    18     1    17
 -2.1843031757698164E+00 a       528     0    18     1    18
 -7.1057053218506940E+00 a       529     0    18     1    19
 -2.9850271098753161E+00 a       530     0    18     1    20
  2.2393666400105232E+01 a       531     0    18     1    21
 -6.5829223413555642E+00 a       532     0    18     1    22
  2.5292791608049939E+01 a       533     0    18     1    23
  2.7341098174544660E+00 a       534     0    18     1    24
 -8.6107154629628138E+00 a       535     0    18     1    25
  1.3258395933034048E+01 a       536     0    18     1    26
 -1.4494348218916702E+01 a       537     0    18     1    27
  9.6673212180699402E+00 a       538     0    18     1    28
 -9.3703278816917663E+00 a       539     0    18     1    29
 -1.0946271299428050E+01 a       540     0    18     1    30
  2.2357574901037868E+01 a       541     0    19     1     1
  7.7171458204059142E+00 a       542     0    19     1     2
 -6.3394785428168250E+00 a       543     0    19     1     3
  1.4875665184978654E+01 a       544     0    19     1     4
  4.4579733359844331E+00 a       545     0    19     1     5
  1.8355132754118930E+01 a       546     0    19     1     6
  9.4064323162110366E+00 a       547     0    19     1     7
  7.0021816652479885E+00 a       548     0    19     1     8
 -2.1512758101760685E+00 a       549     0    19     1     9
  3.3582602095596603E+00 a       550     0    19     1    10
 -4.5283872927465563E+00 a       551     0    19     1    11
 -1.1240156615062334E+01 a       552     0    19     1    12
 -1.4864557856168746E+01 a       553     0    19     1    13
  1.3501134939206989E+00 a       554     0    19     1    14
  5.2326022842787573E+01 a       555     0    19     1    15
 -1.4669859651160632E+01 a       556     0    19     1    16
  1.6602348740506542E+01 a       557     0    19     1    17
  1.1542039365475592E+01 a       558     0    19     1    18
  1.9197379501558615E+01 a       559     0    19     1    19
 -5.0392722340552432E+00 a       560     0    19     1    20
 -1.0347745116511392E+01 a       561     0    19     1    21
 -1.6082708413314279E+01 a       562     0    19     1    22
 -1.5111969725739742E+01 a       563     0    19     1    23
 -3.6994277426709585E+00 a       564     0    19     1    24
  1.2979855258918272E+01 a       565     0    19     1    25
  2.6804978308645904E+01 a       566     0    19     1    26
  1.1454470270886222E+01 a       567     0    19     1    27
  1.1413757467890925E+01 a       568     0    19     1    28
  1.4677553593417258E+01 a       569     0    19     1    29
 -1.0653826461002010E+01 a       570     0    19     1    30
  8.5153485308818198E+00 a       571     0    20     1     1
 -2.0718734524662055E+00 a       572     0    20     1     2
 -6.8075246716663083E+00 a       573     0    20     1     3
  1.5950570492068122E+01 a       574     0    20     1     4
  1.1641357971540403E+01 a       575     0    20     1     5
  1.6849698262090044E+01 a       576     0    20     1     6
  1.1155947851743965E+01 a       577     0    20     1     7
 -3.9125379786609873E+00 a       578     0    20     1     8
  1.4250523319583543E+01 a       579     0    20     1     9
 -1.3771538308384583E+01 a       580     0    20     1    10
 -1.9840534399306364E+01 a       581     0    20     1    11
  1.7155289590483470E+01 a       582     0    20     1    12
 -1.9114378869656296E+01 a       583     0    20     1    13
 -1.5639674344345567E+01 a       584     0    20     1    14
  9.8805635323852253E-02 a       585     0    20     1    15
 -5.4397126460180656E-01 a       586     0    20     1    16
  6.6375611763517632E+00 a       587     0    20     1    17
  5.1807915043313180E-01 a       588     0    20     1    18
  1.1089394228857785E+01 a       589     0    20     1    19
  1.0650854999108700E+01 a       590     0    20     1    20
 -6.3604406773133055E+00 a       591     0    20     1    21
 -3.9720421151984642E+00 a       592     0    20     1    22
  7.0189300745869039E+00 a       593     0    20     1    23
 -2.2921979845304485E+01 a       594     0    20     1    24
 -9.6141679928322681E+00 a       595     0    20     1    25
  7.6451217687631623E-01 a       596     0    20     1    26
  2.2501198892343801E+00 a       597     0    20     1    27
  1.0409516571016127E+01 a       598     0    20     1    28
 -1.6742627286716548E+01 a       599     0    20     1    29
  3.8702977634191096E+00 a       600     0    20     1    30
 -1.1605237641975181E+01 a       601     0    21     1     1
  6.2802419059557009E+00 a       602     0    21     1     2
 -1.5598763642530317E+01 a       603     0    21     1     3
  8.1118828855252207E+00 a       604     0    21     1     4
  1.4423776874573910E+01 a       605     0    21     1     5
 -4.4981831255117672E+00 a       606     0    21     1     6
  8.9767922805421723E+00 a       607     0    21     1     7
 -1.0424240267753158E+00 a       608     0    21     1     8
 -3.0681652171556011E+00 a       609     0    21     1     9
  1.5212601527038843E+00 a       610     0    21     1    10
 -6.2009813275117198E-01 a       611     0    21     1    11
  7.5963318350554934E+00 a       612     0    21     1    12
  1.8146368722795756E+00 a       613     0    21     1    13
 -2.3133351974709541E+01 a       614     0    21     1    14
 -1.1335407618680756E+01 a       615     0    21     1    15
  1.3693997243549793E+01 a       616     0    21     1    16
  4.9144758490454237E+00 a       617     0    21     1    17
  1.1157045832044773E+01 a       618     0    21     1    18
 -1.2553340236965164E+01 a       619     0    21     1    19
 -1.3096879337179946E-02 a       620     0    21     1    20
  7.8814768745721597E+00 a       621     0    21     1    21
  1.1173268385651150E+01 a       622     0    21     1    22
  1.0827816904686193E+01 a       623     0    21     1    23
  1.3843868066415778E+01 a       624     0    21     1    24
 -1.5124075240966651E+01 a       625     0    21     1    25
  7.3896137229063141E+00 a       626     0    21     1    26
 -1.6465526827669559E+00 a       627     0    21     1    27
 -1.1912925374248907E+01 a       628     0    21     1    28
  2.1615094025377140E+00 a       629     0    21     1    29
 -2.0948273401800904E+01 a       630     0    21     1    30
 -5.7754671873227714E+00 a       631     0    22     1     1
  4.2709400979945444E+00 a       632     0    22     1     2
  1.1638031344833367E+01 a       633     0    22     1     3
 -4.6612881334937191E+00 a       634     0    22     1     4
  2.2027251102149936E+00 a       635     0    22     1     5
 -3.4423479007677699E+01 a       636     0    22     1     6
  1.6968228927409936E+00 a       637     0    22     1     7
 -2.2718448663611954E+00 a       638     0    22     1     8
  1.3476638728685050E+01 a       639     0    22     1     9
  1.9624912669607153E+00 a       640     0    22     1    10
  7.4267269924555865E+00 a       641     0    22     1    11
  2.6594417586030637E+01 a       642     0    22     1    12
 -2.4061782304308334E+01 a       643     0    22     1    13
 -8.8596979323246075E+00 a       644     0    22     1    14
 -2.3197712811155910E+01 a       645     0    22     1    15
 -3.9045279179328434E+00 a       646     0    22     1    16
 -9.1599117235334866E+00 a       647     0    22     1    17
 -1.8612792690294523E+01 a       648     0    22     1    18
 -6.7169987345586355E+00 a       649     0    22     1    19
  3.5367865426305855E+01 a       650     0    22     1    20
 -1.6767301047845006E+01 a       651     0    22     1    21
  1.1050951117382056E+01 a       652     0    22     1    22
  3.1292639347427631E+00 a       653     0    22     1    23
  2.7605642913855284E+01 a       654     0    22     1    24
  1.4484854330205629E+01 a       655     0    22     1    25
  1.3315229740827526E+01 a       656     0    22     1    26
 -3.8914953419679419E+00 a       657     0    22     1    27
  1.0660058083207431E+00 a       658     0    22     1    28
  2.4410010297628686E+00 a       659     0    22     1    29
 -1.9969391284486097E+01 a       660     0    22     1    30
 -3.0606309023423094E+01 a       661     0    23     1     1
  8.0108416577023149E+00 a       662     0    23     1     2
 -6.6610515738914220E+00 a       663     0    23     1     3
  1.4015418891443767E+01 a       664     0    23     1     4
 -4.5832752203257232E-01 a       665     0    23     1     5
 -2.2065945244864720E+00 a       666     0    23     1     6
 -1.5335769777332359E+01 a       667     0    23     1     7
 -2.7507911623702466E+00 a       668     0    23     1     8
  1.9465077683684999E+01 a       669     0    23     1     9
 -8.5982341058675829E+00 a       670     0    23     1    10
  3.1663143683249359E+01 a       671     0    23     1    11
  7.0406043583773146E+00 a       672     0    23     1    12
 -5.4152051339510763E+00 a       673     0    23     1    13
  1.5478992753838734E+00 a       674     0    23     1    14
 -1.8180007021002623E+01 a       675     0    23     1    15
  6.0605378044116698E+00 a       676     0    23     1    16
  1.2554746060688261E+01 a       677     0    23     1    17
  8.5600458256647762E+00 a       678     0    23     1    18
 -2.0267140511673162E+01 a       679     0    23     1    19
 -9.4703910804733198E+00 a       680     0    23     1    20
  1.1990956794545987E+01 a       681     0    23     1    21
  4.4338179418696964E+00 a       682     0    23     1    22
  4.0710276227041959E+01 a       683     0    23     1    23
  6.9504655233812445E+00 a       684     0    23     1    24
 -3.3640923568763395E+00 a       685     0    23     1    25
 -2.1577697834860587E+01 a       686     0    23     1    26
  3.2339014703610234E+00 a       687     0    23     1    27
  4.6251922992363887E+00 a       688     0    23     1    28
  7.3273723403508226E+00 a       689     0    23     1    29
  1.6722296854875154E+01 a       690     0    23     1    30
  1.3974053189680060E+01 a       691     0    24     1     1
 -1.2676987604560388E+01 a       692     0    24     1     2
  2.0387364612302122E+01 a       693     0    24     1     3
 -6.5416792468650735E+00 a       694     0    24     1     4
 -1.7225752940346688E+01 a       695     0    24     1     5
  2.7243322068998232E-01 a       696     0    24     1     6
 -1.1353992716831886E+01 a       697     0    24     1     7
  6.9508118631533444E-01 a       698     0    24     1     8
 -2.4539429481132662E+00 a       699     0    24     1     9
  1.0850083993462418E+01 a       700     0    24     1    10
 -9.6292961086910935E+00 a       701     0    24     1    11
 -3.2206669487140753E+00 a       702     0    24     1    12
 -3.8304594212585754E+00 a       703     0    24     1    13
  2.5129435706745479E+01 a       704     0    24     1    14
  1.0804806258134475E+01 a       705     0    24     1    15
 -1.8054697976752024E+01 a       706     0    24     1    16
 -3.8494318194099053E+00 a       707     0    24     1    17
 -2.0609119244637078E+01 a       708     0    24     1    18
  5.9727388297748920E+00 a       709     0    24     1    19
  3.7674664608717814E+00 a       710     0    24     1    20
 -1.8662075484867248E+01 a       711     0    24     1    21
 -3.4619499912126352E+00 a       712     0    24     1    22
 -9.2676151074157271E+00 a       713     0    24     1    23
 -1.8039930785750983E+01 a       714     0    24     1    24
  1.5874805359793280E+01 a       715     0    24     1    25
 -8.5169380147721530E+00 a       716     0    24     1    26
  3.0763231703181465E-01 a       717     0    24     1    27
  3.5498503478278751E+00 a       718     0    24     1    28
 -5.0498946605336066E+00 a       719     0    24     1    29
  1.9465000124612928E+01 a       720     0    24     1    30
  1.9340084368148212E+01 a       721     0    25     1     1
  8.6362543842043547E+00 a       722     0    25     1     2
 -1.4034336281259072E+00 a       723     0    25     1     3
 -1.0679352739685093E+01 a       724     0    25     1     4
 -5.7702454679220638E+00 a       725     0    25     1     5
  2.7491886483314985E+00 a       726     0    25     1     6
  2.2445082737440888E+01 a       727     0    25     1     7
 -2.3394572341556819E-01 a       728     0    25     1     8
 -2.6113509250528278E+01 a       729     0    25     1     9
 -1.1199937629278901E+01 a       730     0    25     1    10
  1.8510206317197426E+01 a       731     0    25     1    11
 -1.8683168376490965E+01 a       732     0    25     1    12
  1.1533898396159799E+01 a       733     0    25     1    13
  1.0443130086551406E+01 a       734     0    25     1    14
 -2.5954167424563668E+00 a       735     0    25     1    15
  8.0266953624543103E-01 a       736     0    25     1    16
 -2.1143237812348840E+01 a       737     0    25     1    17
 -4.6339164132006609E+01 a       738     0    25     1    18
 -5.2842700577666131E+00 a       739     0    25     1    19
  4.9028577387222771E+00 a       740     0    25     1    20
 -1.3736411175880816E+01 a       741     0    25     1    21
  1.3963465077407280E+01 a       742     0    25     1    22
 -1.3698159950270021E+01 a       743     0    25     1    23
  2.5147910816600856E+01 a       744     0    25     1    24
 -4.4903885822863669E+00 a       745     0    25     1    25
  9.0132101751280995E+00 a       746     0    25     1    26
  3.2180552713774477E+00 a       747     0    25     1    27
 -2.2147311119363863E+01 a       748     0    25     1    28
  2.1634499351551728E+01 a       749     0    25     1    29
  1.2011415739311262E+01 a       750     0    25     1    30
 -1.7611045392290514E+00 a       751     0    26     1     1
  2.0909440396993606E+00 a       752     0    26     1     2
 -1.2866279903278619E+01 a       753     0    26     1     3
  3.4339927690018213E+00 a       754     0    26     1     4
 -1.4192518678052283E+01 a       755     0    26     1     5
 -1.6223932964366641E+00 a       756     0    26     1     6
 -1.3312471706715106E+01 a       757     0    26     1     7
  1.3038721143826294E+01 a       758     0    26     1     8
 -8.5554900289108837E-01 a       759     0    26     1     9
 -7.0816367878862962E-01 a       760     0    26     1    10
 -1.5719594278169643E+01 a       761     0    26     1    11
  1.1688721960241025E+01 a       762     0    26     1    12
 -2.1656179063657910E+00 a       763     0    26     1    13
  2.3954931354414253E+00 a       764     0    26     1    14
  1.1575510349120668E+01 a       765     0    26     1    15
 -1.4623021835978003E+01 a       766     0    26     1    16
  2.5646354395440851E+00 a       767     0    26     1    17
  1.8429802748042487E+01 a       768     0    26     1    18
 -3.5946377032003238E+00 a       769     0    26     1    19
  1.4736160068853277E+01 a       770     0    26     1    20
  6.7244441528438115E+00 a       771     0    26     1    21
  2.5269074739215100E+01 a       772     0    26     1    22
 -6.9529537022441561E+00 a       773     0    26     1    23
  2.1620268076623937E+01 a       774     0    26     1    24
 -8.3453069458776792E+00 a       775     0    26     1    25
 -6.5949416198231940E+00 a       776     0    26     1    26
  3.0191734057824426E+00 a       777     0    26     1    27
  1.1198979713456188E+01 a       778     0    26     1    28
  4.4340752071225555E+00 a       779     0    26     1    29
  1.6009482829281470E+01 a       780     0    26     1    30
 -1.3990545704567388E+00 a       781     0    27     1     1
  1.6663881570134123E+00 a       782     0    27     1     2
 -3.1741110153867101E+01 a       783     0    27     1     3
  1.1658888016745205E+01 a       784     0    27     1     4
 -5.5388489352782582E+00 a       785     0    27     1     5
 -1.6170294335996282E+01 a       786     0    27     1     6
 -1.3925445531359140E+01 a       787     0    27     1     7
  3.3182832192143499E+00 a       788     0    27     1     8
 -1.0077303942800206E+01 a       789     0    27     1     9
 -1.9590083962925487E+01 a       790     0    27     1    10
 -8.2534411779272854E-01 a       791     0    27     1    11
 -2.0234809569788386E+00 a       792     0    27     1    12
 -3.0932669119117246E+00 a       793     0    27     1    13
 -1.0208274998881020E+01 a       794     0    27     1    14
 -2.5081960299089392E+00 a       795     0    27     1    15
  5.8796852806807252E+00 a       796     0    27     1    16
 -1.1178191784025810E+01 a       797     0    27     1    17
 -1.8217723666603085E+01 a       798     0    27     1    18
  1.4721013711381202E+01 a       799     0    27     1    19
 -2.0724034270113162E+01 a       800     0    27     1    20
  1.5195092595135242E+00 a       801     0    27     1    21
 -1.3585527978884320E+01 a       802     0    27     1    22
 -2.5496207450633417E+01 a       803     0    27     1    23
  2.2511779772466081E+01 a       804     0    27     1    24
 -1.1101220534347403E+01 a       805     0    27     1    25
  8.2980521729640966E+00 a       806     0    27     1    26
 -7.6501194355796081E+00 a       807     0    27     1    27
 -1.0214956796174254E+01 a       808     0    27     1    28
 -7.8035859443211217E+00 a       809     0    27     1    29
 -2.1287974570791629E+01 a       810     0    27     1    30
 -2.3182479598965737E+00 a       811     0    28     1     1
 -8.4692737813693100E+00 a       812     0    28     1     2
  9.0648205246354951E+00 a       813     0    28     1     3
  4.5031925124369430E+00 a       814     0    28     1     4
  8.0816401190012499E+00 a       815     0    28     1     5
 -6.4850748231990876E+00 a       816     0    28     1     6
 -2.8082289573399097E+00 a       817     0    28     1     7
  1.1120851383271933E+01 a       818     0    28     1     8
  3.0802001127374410E+01 a       819     0    28     1     9
  4.7735998686297476E+00 a       820     0    28     1    10
 -4.9931408703671382E-02 a       821     0    28     1    11
 -4.8072701013657970E-01 a       822     0    28     1    12
 -2.3275329687666272E+01 a       823     0    28     1    13
 -1.5583789089788464E+01 a       824     0    28     1    14
 -1.3962179275132495E+01 a       825     0    28     1    15
 -1.4286544189332673E+01 a       826     0    28     1    16
  1.6759690355371358E+01 a       827     0    28     1    17
  7.8316105423405338E+00 a       828     0    28     1    18
  4.3348635766503746E-01 a       829     0    28     1    19
  1.5038060714159121E+01 a       830     0    28     1    20
  3.1102807901137131E+00 a       831     0    28     1    21
 -5.9288569890234939E+00 a       832     0    28     1    22
 -1.4511396902843388E+00 a       833     0    28     1    23
 -3.0049374689614499E+01 a       834     0    28     1    24
  2.0298661859286465E+01 a       835     0    28     1    25
 -1.7260785353715722E+01 a       836     0    28     1    26
 -7.6544745313362021E+00 a       837     0    28     1    27
 -1.2545974555878187E+01 a       838     0    28     1    28
 -1.6688139781280434E+01 a       839     0    28     1    29
  1.8339389457029216E+00 a       840     0    28     1    30
 -4.6060931431862651E+00 a       841     0    29     1     1
  4.1198725864489480E+00 a       842     0    29     1     2
 -5.5265454909884051E+00 a       843     0    29     1     3
  3.6370419776455640E+00 a       844     0    29     1     4
  9.1973338726010425E+00 a       845     0    29     1     5
 -5.5079164182170723E+00 a       846     0    29     1     6
  1.1350506400070252E+01 a       847     0    29     1     7
 -1.4145507909014627E+00 a       848     0    29     1     8
  3.7043600872611209E+00 a       849     0    29     1     9
 -5.4323997146832275E+00 a       850     0    29     1    10
  1.0547926812261789E+01 a       851     0    29     1    11
 -2.1276300194807534E+00 a       852     0    29     1    12
 -1.2965677409725038E+00 a       853     0    29     1    13
 -6.8410150045190168E+00 a       854     0    29     1    14
 -1.5323501254622354E+01 a       855     0    29     1    15
  9.7510090234856150E+00 a       856     0    29     1    16
 -4.9873769464654574E+00 a       857     0    29     1    17
  1.4105533239610736E+01 a       858     0    29     1    18
 -1.5673776862717079E+00 a       859     0    29     1    19
  5.9954504814599066E+00 a       860     0    29     1    20
  6.8795575836791381E+00 a       861     0    29     1    21
 -3.9576240535543494E+00 a       862     0    29     1    22
 -1.1220517129667693E+01 a       863     0    29     1    23
 -3.7814945326006320E+00 a       864     0    29     1    24
 -1.0957535394455435E+01 a       865     0    29     1    25
  9.8848462249821634E-02 a       866     0    29     1    26
  2.2008889547258459E+00 a       867     0    29     1    27
  5.0569250060761899E+00 a       868     0    29     1    28
 -9.1026762133595618E+00 a       869     0    29     1    29
 -7.3003632580661080E+00 a       870     0    29     1    30
 -4.8261573570535745E+00 a       871     0    30     1     1
 -2.2845118400795041E+01 a       872     0    30     1     2
  8.1797360835744577E+00 a       873     0    30     1     3
  2.9375004276634300E+01 a       874     0    30     1     4
  7.7771219232676696E+00 a       875     0    30     1     5
  1.1516585827823951E+01 a       876     0    30     1     6
  1.7223372439569591E+01 a       877     0    30     1     7
 -1.1833866143264423E+01 a       878     0    30     1     8
  2.5219571105121052E+00 a       879     0    30     1     9
 -9.3986231828409768E+00 a       880     0    30     1    10
  3.0600450441641865E+01 a       881     0    30     1    11
  6.3583534733298590E+00 a       882     0    30     1    12
 -1.9411732774940859E+01 a       883     0    30     1    13
  1.5725278793728403E+01 a       884     0    30     1    14
 -9.3803899520021634E+00 a       885     0    30     1    15
  1.2573545767137542E+01 a       886     0    30     1    16
  2.1308014776268962E+00 a       887     0    30     1    17
 -1.1795828245545154E+01 a       888     0    30     1    18
  1.8591696667313030E+01 a       889     0    30     1    19
  1.0101098463822050E+01 a       890     0    30     1    20
 -3.4569779245783425E+00 a       891     0    30     1    21
 -3.7303902258186041E+00 a       892     0    30     1    22
  1.7037716652725553E+01 a       893     0    30     1    23
 -2.3278478345672497E+01 a       894     0    30     1    24
  1.5474494673006710E+01 a       895     0    30     1    25
  3.9248229594560273E+00 a       896     0    30     1    26
  1.4321592518325302E+01 a       897     0    30     1    27
  9.2805598179366799E-01 a       898     0    30     1    28
  1.2435189505215465E+01 a       899     0    30     1    29
  1.2595178205880581E+01 a       900     0    30     1    30
  2.7392888758552694E+00 a       901     0    31     1     1
  6.5731288405460964E+00 a       902     0    31     1     2
  5.5740071480035658E+00 a       903     0    31     1     3
 -9.6101825700314638E+00 a       904     0    31     1     4
  3.8032192454928881E+00 a       905     0    31     1     5
  1.7305296937979332E+01 a       906     0    31     1     6
  3.6157311849702185E+00 a       907     0    31     1     7
 -1.0518488849378824E+00 a       908     0    31     1     8
  3.6070673361687966E+00 a       909     0    31     1     9
  1.8594596008778041E+01 a       910     0    31     1    10
  1.3211422173439805E+01 a       911     0    31     1    11
 -9.7037255638704210E+00 a       912     0    31     1    12
 -2.3137793519594649E+00 a       913     0    31     1    13
 -6.6885750297571080E+00 a       914     0    31     1    14
  1.7777150993487667E+00 a       915     0    31     1    15
 -5.0441360982643877E+00 a       916     0    31     1    16
  1.4332761234336685E+01 a       917     0    31     1    17
 -4.4518672433230710E+00 a       918     0    31     1    18
 -1.8721628142033516E+01 a       919     0    31     1    19
 -1.3840347746679569E+01 a       920     0    31     1    20
 -6.5351093217885827E+00 a       921     0    31     1    21
 -1.8390921886168197E+01 a       922     0    31     1    22
  1.6060600987483916E+01 a       923     0    31     1    23
  4.7046954352822619E+00 a       924     0    31     1    24
  8.0039054367892284E+00 a       925     0    31     1    25
  9.0998605325389121E+00 a       926     0    31     1    26
  8.0303867723968274E+00 a       927     0    31     1    27
 -2.2147539806768912E+00 a       928     0    31     1    28
  7.0104640428595948E+00 a       929     0    31     1    29
  4.1612921051399923E+00 a       930     0    31     1    30
  5.2683131514302923E+00 a       931     0    32     1     1
  1.0156608690099902E+00 a       932     0    32     1     2
  6.5872946285805369E+00 a       933     0    32     1     3
 -1.3861096063215641E+01 a       934     0    32     1     4
  2.4701287891421919E+00 a       935     0    32     1     5
  1.6564259305660614E+00 a       936     0    32     1     6
 -7.5056213268506990E+00 a       937     0    32     1     7
  4.4644516887766041E+00 a       938     0    32     1     8
 -2.7416766733187652E+00 a       939     0    32     1     9
  6.3571378679289179E+00 a       940     0    32     1    10
 -1.5072614069507706E+01 a       941     0    32     1    11
 -3.9146899639409399E-01 a       942     0    32     1    12
  2.7334601293736807E+00 a       943     0    32     1    13
 -6.4408151179131217E+00 a       944     0    32     1    14
  4.5657526285645309E+00 a       945     0    32     1    15
 -4.7872526605340084E+00 a       946     0    32     1    16
  2.1775740362099736E+00 a       947     0    32     1    17
 -2.6718382722705440E+00 a       948     0    32     1    18
 -5.0895975536250591E+00 a       949     0    32     1    19
  1.0401035405368666E+00 a       950     0    32     1    20
  1.3619883394000361E+00 a       951     0    32     1    21
  1.8486149726564893E+01 a       952     0    32     1    22
  1.4071725595382469E+01 a       953     0    32     1    23
  1.4801881826735398E+01 a       954     0    32     1    24
  1.8664224054978811E+00 a       955     0    32     1    25
  6.3193348789467887E+00 a       956     0    32     1    26
 -2.2650021068819076E+01 a       957     0    32     1    27
 -6.0523346252368526E+00 a       958     0    32     1    28
  1.3132733235494110E+01 a       959     0    32     1    29
 -5.9190440374617088E+00 a       960     0    32     1    30
  4.3992931951620875E+00 a       961     0    33     1     1
  2.7028090283101321E+01 a       962     0    33     1     2
  4.9646499851173180E+00 a       963     0    33     1     3
 -5.7391253790078647E+00 a       964     0    33     1     4
  1.4226461437374832E+01 a       965     0    33     1     5
 -1.4333458163765931E+01 a       966     0    33     1     6
 -8.5550913650178000E+00 a       967     0    33     1     7
  1.2637868597476162E+01 a       968     0    33     1     8
 -4.2134315116800440E+00 a       969     0    33     1     9
 -1.4077622061304618E+00 a       970     0    33     1    10
 -1.8409452541092737E+01 a       971     0    33     1    11
 -7.2053034572165968E+00 a       972     0    33     1    12
  3.4188389750418158E-01 a       973     0    33     1    13
 -2.5529198005960929E+01 a       974     0    33     1    14
  1.4588913142879962E+00 a       975     0    33     1    15
  2.6991231064651031E+00 a       976     0    33     1    16
  6.3259303486293366E+00 a       977     0    33     1    17
  8.4544921839840530E+00 a       978     0    33     1    18
 -7.3960328849932671E+00 a       979     0    33     1    19
  1.3858924543915224E+01 a       980     0    33     1    20
  7.9958385369885461E+00 a       981     0    33     1    21
 -2.4577781373559141E+01 a       982     0    33     1    22
 -2.5156505534889934E-02 a       983     0    33     1    23
  1.5585030107491884E+01 a       984     0    33     1    24
 -9.0279835613926984E+00 a       985     0    33     1    25
 -8.1115550030992782E+00 a       986     0    33     1    26
 -4.4120350455474755E+00 a       987     0    33     1    27
  1.1091770623246644E+01 a       988     0    33     1    28
 -2.4070519571318867E+00 a       989     0    33     1    29
 -1.1603969332683715E+01 a       990     0    33     1    30
 -4.3279219863820630E+00 a       991     0    34     1     1
  3.5784021286294670E-01 a       992     0    34     1     2
  2.7610308901748715E+00 a       993     0    34     1     3
  8.8894528984425047E+00 a       994     0    34     1     4
  4.9871605696083874E+00 a       995     0    34     1     5
  5.0308295461486932E+00 a       996     0    34     1     6
 -4.1225667328464723E+00 a       997     0    34     1     7
 -4.7521647100455802E+00 a       998     0    34     1     8
 -4.4600146623237205E+00 a       999     0    34     1     9
  1.0944749539734784E+00 a      1000     0    34     1    10
 -5.2394064475392508E+00 a      1001     0    34     1    11
  2.4785540696301163E+00 a      1002     0    34     1    12
 -3.5114766347215163E+00 a      1003     0    34     1    13
  7.9884499155017705E+00 a      1004     0    34     1    14
 -4.0672918234511082E+00 a      1005     0    34     1    15
  1.5348241330839162E+01 a      1006     0    34     1    16
 -1.2196885331591224E+01 a      1007     0    34     1    17
 -7.7719141315414464E-01 a      1008     0    34     1    18
  2.6617410150676747E+01 a      1009     0    34     1    19
 -1.0211267120388209E+01 a      1010     0    34     1    20
  2.1536711504438601E+00 a      1011     0    34     1    21
 -3.6091713333358442E+00 a      1012     0    34     1    22
 -2.1992809594122207E+01 a      1013     0    34     1    23
  1.6645194386733994E+01 a      1014     0    34     1    24
 -4.6558815752574096E+00 a      1015     0    34     1    25
  2.0795039911755328E+01 a      1016     0    34     1    26
  1.0036865200110499E+01 a      1017     0    34     1    27
  3.1071405921039862E+01 a      1018     0    34     1    28
  9.5963240041166564E+00 a      1019     0    34     1    29
  1.1001730478112650E+00 a      1020     0    34     1    30
  1.6532038659762884E+00 a      1021     0    35     1     1
 -5.5044712708864250E+00 a      1022     0    35     1     2
  1.4941424617672332E+01 a      1023     0    35     1     3
 -1.8237827412438207E+01 a      1024     0    35     1     4
 -2.2921513546531152E+01 a      1025     0    35     1     5
  1.1672493776638040E+01 a      1026     0    35     1     6
  2.2768583359757280E+01 a      1027     0    35     1     7
 -3.5048870775084334E-01 a      1028     0    35     1     8
  1.2765719122051470E+01 a      1029     0    35     1     9
  1.2121325730710765E+01 a      1030     0    35     1    10
  2.4545671904935680E+00 a      1031     0    35     1    11
  8.3310161243725567E+00 a      1032     0    35     1    12
  2.9484856462134804E+01 a      1033     0    35     1    13
 -9.8822858430121538E+00 a      1034     0    35     1    14
  5.1063271853517724E+00 a      1035     0    35     1    15
 -8.3018997238764003E-01 a      1036     0    35     1    16
  5.9661512495816904E-01 a      1037     0    35     1    17
 -1.8924668719172302E-01 a      1038     0    35     1    18
  4.8335007477494036E+00 a      1039     0    35     1    19
 -1.3962886389259722E+01 a      1040     0    35     1    20
 -1.1657840514542890E+01 a      1041     0    35     1    21
  1.4306822876825207E+01 a      1042     0    35     1    22
 -1.9096454092627319E+01 a      1043     0    35     1    23
  1.3334559144525965E+01 a      1044     0    35     1    24
  2.1390596111145161E+01 a      1045     0    35     1    25
  9.2185230354631038E+00 a      1046     0    35     1    26
 -6.7068542333371441E+00 a      1047     0    35     1    27
 -3.2092291792262034E-01 a      1048     0    35     1    28
 -1.2079655323291254E+01 a      1049     0    35     1    29
  1.3001134100074344E+01 a      1050     0    35     1    30
  8.2388198001765716E+00 a      1051     0    36     1     1
 -2.3394331309549212E+00 a      1052     0    36     1     2
  7.2200744205805034E-01 a      1053     0    36     1     3
  1.9886044261786147E+00 a      1054     0    36     1     4
 -7.6081251749012848E+00 a      1055     0    36     1     5
 -9.9968563634163736E+00 a      1056     0    36     1     6
  9.4220737803250803E+00 a      1057     0    36     1     7
  8.8635684493117761E+00 a      1058     0    36     1     8
  2.4093825815748495E+00 a      1059     0    36     1     9
 -1.6631876664434607E+01 a      1060     0    36     1    10
  1.4215017412553458E+01 a      1061     0    36     1    11
 -3.9597439592233523E+00 a      1062     0    36     1    12
 -5.8765309445808551E+00 a      1063     0    36     1    13
 -1.2274421905373966E+01 a      1064     0    36     1    14
 -1.4794964868837155E+00 a      1065     0    36     1    15
 -1.7643573792552694E+01 a      1066     0    36     1    16
  1.2300643176443966E+01 a      1067     0    36     1    17
 -5.4574183194145363E+00 a      1068     0    36     1    18
 -2.0374875096620698E+01 a      1069     0    36     1    19
  2.0257774113750727E+01 a      1070     0    36     1    20
  1.7840733979751835E+00 a      1071     0    36     1    21
 -4.0246049850096606E+00 a      1072     0    36     1    22
  1.7475733471823009E+01 a      1073     0    36     1    23
 -1.4128271522148449E+01 a      1074     0    36     1    24
  6.4578371565373889E+00 a      1075     0    36     1    25
 -2.8468648721551986E+01 a      1076     0    36     1    26
 -2.0743271439063122E+01 a      1077     0    36     1    27
 -2.3760675553260139E+01 a      1078     0    36     1    28
 -1.0207293961016859E+01 a      1079     0    36     1    29
  6.0067900541001364E+00 a      1080     0    36     1    30
 -1.2958057360583830E+01 a      1081     0    37     1     1
  2.7300312504408555E+00 a      1082     0    37     1     2
 -4.1140482309771995E+00 a      1083     0    37     1     3
 -9.4388863183859293E+00 a      1084     0    37     1     4
  5.6105305844145859E+00 a      1085     0    37     1     5
 -7.7782616681185122E+00 a      1086     0    37     1     6
 -3.2874655330112482E+01 a      1087     0    37     1     7
 -1.0511817982752742E+01 a      1088     0    37     1     8
 -2.5850093300049481E+00 a      1089     0    37     1     9
  2.6094929520346277E+01 a      1090     0    37     1    10
 -1.5470476141093238E+01 a      1091     0    37     1    11
 -9.3488480593922330E-01 a      1092     0    37     1    12
 -5.3371354227864192E+00 a      1093     0    37     1    13
  1.5037184181736668E+01 a      1094     0    37     1    14
  5.6708319630513824E+00 a      1095     0    37     1    15
  4.6944946200095830E+00 a      1096     0    37     1    16
 -9.4824365516624827E+00 a      1097     0    37     1    17
  8.5150506938707924E+00 a      1098     0    37     1    18
  9.3265281725539815E+00 a      1099     0    37     1    19
 -2.4232760285552875E+01 a      1100     0    37     1    20
 -3.6376706187710934E+00 a      1101     0    37     1    21
  2.8336789911851175E+00 a      1102     0    37     1    22
 -1.2572539567548358E+01 a      1103     0    37     1    23
 -8.2810056510748564E-01 a      1104     0    37     1    24
 -1.2939038491832735E+01 a      1105     0    37     1    25
  1.3076499025278840E+01 a      1106     0    37     1    26
  5.0580204787964611E+00 a      1107     0    37     1    27
  8.7933409946330805E+00 a      1108     0    37     1    28
  4.8689869911257579E+00 a      1109     0    37     1    29
 -1.4934506045758901E+01 a      1110     0    37     1    30
 -3.5946349363976999E+00 a      1111     0    38     1     1
 -1.1619964095396755E+00 a      1112     0    38     1     2
  1.0854999212492167E+01 a      1113     0    38     1     3
  1.2318644889786707E+01 a      1114     0    38     1     4
  1.2514444651637337E+01 a      1115     0    38     1     5
 -5.5285366326978558E+00 a      1116     0    38     1     6
 -5.1361755958785622E+00 a      1117     0    38     1     7
 -9.1706273656564772E+00 a      1118     0    38     1     8
  2.8165429842289296E+00 a      1119     0    38     1     9
  1.4775223532853925E+01 a      1120     0    38     1    10
 -3.1893473955478074E-01 a      1121     0    38     1    11
 -2.0908076256438793E+01 a      1122     0    38     1    12
 -2.2091742890242056E+01 a      1123     0    38     1    13
 -5.3690694323281312E+00 a      1124     0    38     1    14
 -1.6356194069745648E+01 a      1125     0    38     1    15
  7.3650618302735271E+00 a      1126     0    38     1    16
  4.2343972122669857E+00 a      1127     0    38     1    17
  2.9021390186222931E+00 a      1128     0    38     1    18
 -2.6081071602808636E+00 a      1129     0    38     1    19
  6.4920175790214980E+00 a      1130     0    38     1    20
  1.2943784956912006E+01 a      1131     0    38     1    21
  1.6543246096026255E+01 a      1132     0    38     1    22
  9.4066768362903552E+00 a      1133     0    38     1    23
 -8.8867467894874430E+00 a      1134     0    38     1    24
  4.5508340449315847E+00 a      1135     0    38     1    25
 -2.4822441185059336E+01 a      1136     0    38     1    26
  1.9540405212897159E+01 a      1137     0    38     1    27
 -5.4694751035420293E+00 a      1138     0    38     1    28
 -1.3991744762643976E+00 a      1139     0    38     1    29
  1.2168197985712403E+01 a      1140     0    38     1    30
 -1.1688275183472550E+00 a      1141     0    39     1     1
 -5.3757542273361025E+00 a      1142     0    39     1     2
 -1.3327728623207735E+01 a      1143     0    39     1     3
 -9.9693048682867023E+00 a      1144     0    39     1     4
 -8.2618540253882280E+00 a      1145     0    39     1     5
  1.3671949417324472E+00 a      1146     0    39     1     6
 -3.8225800208545406E+00 a      1147     0    39     1     7
  7.1583356912066987E-01 a      1148     0    39     1     8
 -2.7194182982070569E+00 a      1149     0    39     1     9
 -8.2264868305923198E+00 a      1150     0    39     1    10
 -3.4771717797786161E-01 a      1151     0    39     1    11
  8.8323630260203920E+00 a      1152     0    39     1    12
  1.3210914541357424E+01 a      1153     0    39     1    13
  6.3156588745714366E+00 a      1154     0    39     1    14
  5.7920128861649527E+00 a      1155     0    39     1    15
 -7.6878802700832427E+00 a      1156     0    39     1    16
 -5.2060642897473386E+00 a      1157     0    39     1    17
 -5.4169904647469549E+00 a      1158     0    39     1    18
 -4.8051890489040218E-02 a      1159     0    39     1    19
 -1.1256079390246112E+01 a      1160     0    39     1    20
 -1.0488547944390822E+01 a      1161     0    39     1    21
 -1.6680854752558363E-01 a      1162     0    39     1    22
 -2.3642667636235442E+00 a      1163     0    39     1    23
 -1.2026359235103086E+00 a      1164     0    39     1    24
  8.2345557591029661E-01 a      1165     0    39     1    25
  1.2756359638482358E+01 a      1166     0    39     1    26
 -1.1404518566902102E+01 a      1167     0    39     1    27
  2.6149342265146185E+00 a      1168     0    39     1    28
 -9.8389860006691841E+00 a      1169     0    39     1    29
 -1.1909778995055906E+00 a      1170     0    39     1    30
  7.5855237419896389E+00 a      1171     0    40     1     1
  4.2334942990674236E+00 a      1172     0    40     1     2
 -9.1880361812763773E+00 a      1173     0    40     1     3
  1.1041028480937785E+01 a      1174     0    40     1     4
  5.7280072977242180E-01 a      1175     0    40     1     5
  5.4240055520271060E+00 a      1176     0    40     1     6
  7.4416424184913046E+00 a      1177     0    40     1     7
  8.0374197673367718E+00 a      1178     0    40     1     8
 -3.9632358854520606E+00 a      1179     0    40     1     9
 -2.2141994108939603E+01 a      1180     0    40     1    10
  8.4929553846946462E+00 a      1181     0    40     1    11
  1.1220447076569142E+01 a      1182     0    40     1    12
  3.1660312995424857E+00 a      1183     0    40     1    13
  1.1533934789625991E-01 a      1184     0    40     1    14
  4.0100750784144576E+00 a      1185     0    40     1    15
 -1.7247614891991083E+00 a      1186     0    40     1    16
  2.3882094975682935E+00 a      1187     0    40     1    17
 -1.8859784114647224E+00 a      1188     0    40     1    18
 -7.2477295673089071E+00 a      1189     0    40     1    19
  1.2568831923786894E+01 a      1190     0    40     1    20
  2.1092667259059574E+00 a      1191     0    40     1    21
 -1.6705519705067776E+01 a      1192     0    40     1    22
 -2.4840897892776250E+00 a      1193     0    40     1    23
  1.3687137675071874E+00 a      1194     0    40     1    24
 -8.9078269868146371E+00 a      1195     0    40     1    25
  6.5568698148611952E+00 a      1196     0    40     1    26
 -3.6453423536138740E+00 a      1197     0    40     1    27
  4.4063050727926409E+00 a      1198     0    40     1    28
  3.1558183412220746E+00 a      1199     0    40     1    29
 -1.2782385190618697E+01 a      1200     0    40     1    30
 -2.4935491894770454E+00 a      1201     0    41     1     1
  3.0434520639337222E+01 a      1202     0    41     1     2
 -1.2311323436483614E+00 a      1203     0    41     1     3
  3.7539961562911155E+00 a      1204     0    41     1     4
  1.5301602443252975E+01 a      1205     0    41     1     5
 -3.1721504017790387E+01 a      1206     0    41     1     6
  3.4883049915216224E+00 a      1207     0    41     1     7
  3.7260785509144414E+00 a      1208     0    41     1     8
 -2.1778553162467595E+00 a      1209     0    41     1     9
  2.7076437131572622E+00 a      1210     0    41     1    10
  7.3113641490537642E+00 a      1211     0    41     1    11
 -2.1184664705629000E+01 a      1212     0    41     1    12
  9.9238437155205759E+00 a      1213     0    41     1    13
  2.0861568141450558E+01 a      1214     0    41     1    14
  9.0939456006276380E+00 a      1215     0    41     1    15
 -7.1296420747378946E+00 a      1216     0    41     1    16
 -6.8550593906042563E+00 a      1217     0    41     1    17
 -2.2845662428904880E+01 a      1218     0    41     1    18
 -1.2784786905627705E+01 a      1219     0    41     1    19
 -3.1028943926254328E+01 a      1220     0    41     1    20
 -8.2869996686394956E+00 a      1221     0    41     1    21
 -1.9675991138053817E+01 a      1222     0    41     1    22
 -1.8632341739931629E+01 a      1223     0    41     1    23
  1.3306374257092509E+01 a      1224     0    41     1    24
 -9.1522717770842039E+00 a      1225     0    41     1    25
 -3.3770218352142578E+01 a      1226     0    41     1    26
 -3.1757063639347018E+00 a      1227     0    41     1    27
 -6.2394541929677922E+00 a      1228     0    41     1    28
 -1.0523920284209066E+01 a      1229     0    41     1    29
 -6.9239226337931470E+00 a      1230     0    41     1    30
 -7.8366666944003089E+00 a      1231     0    42     1     1
 -7.3875700763072532E+00 a      1232     0    42     1     2
 -2.8002712734819588E+00 a      1233     0    42     1     3
  1.7251131449194446E+00 a      1234     0    42     1     4
 -5.4331720815630753E+00 a      1235     0    42     1     5
 -1.7186703639760368E+00 a      1236     0    42     1     6
  2.0424243383698773E+01 a      1237     0    42     1     7
 -1.2624974681236139E+01 a      1238     0    42     1     8
 -1.0512912462028007E+01 a      1239     0    42     1     9
 -2.2833369446633580E+00 a      1240     0    42     1    10
  5.4723912499235121E+00 a      1241     0    42     1    11
  1.5902944182965729E+01 a      1242     0    42     1    12
 -2.5300334899283669E+01 a      1243     0    42     1    13
  1.1654147135121524E+00 a      1244     0    42     1    14
 -7.3331025879534515E+00 a      1245     0    42     1    15
  2.3664412988449733E+01 a      1246     0    42     1    16
  1.2350596357180879E+00 a      1247     0    42     1    17
  6.5526848296682214E+00 a      1248     0    42     1    18
 -4.4272803285279722E-01 a      1249     0    42     1    19
  4.0907532414901944E+01 a      1250     0    42     1    20
  1.0789873508209364E+01 a      1251     0    42     1    21
  2.0828992537543645E+01 a      1252     0    42     1    22
  6.0263306419584872E-01 a      1253     0    42     1    23
 -2.1342148638439244E+01 a      1254     0    42     1    24
  1.7058583790864276E+01 a      1255     0    42     1    25
  1.0909689796855984E+01 a      1256     0    42     1    26
  3.9124581769076286E+01 a      1257     0    42     1    27
 -3.4418743514195125E+00 a      1258     0    42     1    28
  6.3383747532293899E+00 a      1259     0    42     1    29
  1.6392524802839375E+01 a      1260     0    42     1    30
 -1.2310852737658493E+01 a      1261     0    43     1     1
  4.2017062315021692E+00 a      1262     0    43     1     2
  7.6415295268841776E-01 a      1263     0    43     1     3
 -3.1452623887608580E+00 a      1264     0    43     1     4
 -2.7702802547506113E+00 a      1265     0    43     1     5
  6.5963924229145112E+00 a      1266     0    43     1     6
  1.1509274681854707E+01 a      1267     0    43     1     7
 -1.8778244155049393E+01 a      1268     0    43     1     8
 -5.4877883767199860E+00 a      1269     0    43     1     9
 -1.8572057802751827E+00 a      1270     0    43     1    10
 -1.0874923090646073E+01 a      1271     0    43     1    11
  4.3271660556922562E+00 a      1272     0    43     1    12
 -2.0537189848121155E+01 a      1273     0    43     1    13
 -2.4990207951391735E+01 a      1274     0    43     1    14
 -1.9863072264330100E+01 a      1275     0    43     1    15
 -3.6304318289334461E+00 a      1276     0    43     1    16
 -1.6944655571905674E+01 a      1277     0    43     1    17
  7.1826268756169540E+00 a      1278     0    43     1    18
  8.5257786734756955E+00 a      1279     0    43     1    19
  1.2544550337290822E+01 a      1280     0    43     1    20
 -4.8892067854993004E-01 a      1281     0    43     1    21
  1.4784170545255879E+01 a      1282     0    43     1    22
  1.8476318572430628E+01 a      1283     0    43     1    23
 -1.7270977552393621E+01 a      1284     0    43     1    24
  4.2460096973497174E+00 a      1285     0    43     1    25
  1.3671836077167081E+01 a      1286     0    43     1    26
  9.5895240007154143E+00 a      1287     0    43     1    27
  2.7424436002131641E-01 a      1288     0    43     1    28
  6.3645022849918300E+00 a      1289     0    43     1    29
 -8.4080997468583476E+00 a      1290     0    43     1    30
  6.2910242367162486E+00 a      1291     0    44     1     1
 -1.4790689562328057E+01 a      1292     0    44     1     2
 -1.2333468322714905E+01 a      1293     0    44     1     3
  1.2699067253375633E+01 a      1294     0    44     1     4
 -1.2263360202816407E+00 a      1295     0    44     1     5
  4.7703002550329261E+00 a      1296     0    44     1     6
 -1.1761567768797164E+01 a      1297     0    44     1     7
  1.5336402804056833E+01 a      1298     0    44     1     8
 -1.9656428896913518E+01 a      1299     0    44     1     9
 -3.1238435800240079E+00 a      1300     0    44     1    10
  1.7733242122223615E+01 a      1301     0    44     1    11
  3.4229273263301757E-01 a      1302     0    44     1    12
  8.9827856059408813E+00 a      1303     0    44     1    13
  2.0446518611417218E+01 a      1304     0    44     1    14
  2.1887934459704873E+01 a      1305     0    44     1    15
  1.5408855027992781E+01 a      1306     0    44     1    16
 -9.6209190115520009E+00 a      1307     0    44     1    17
 -4.7196728167756918E-01 a      1308     0    44     1    18
 -8.7561649393897323E+00 a      1309     0    44     1    19
 -1.2328061616986414E+01 a      1310     0    44     1    20
 -5.5960843777572986E+00 a      1311     0    44     1    21
 -2.0687865699486945E+01 a      1312     0    44     1    22
 -1.7073835439523162E+01 a      1313     0    44     1    23
  3.0877168063243623E+00 a      1314     0    44     1    24
 -9.6063981111747925E+00 a      1315     0    44     1    25
 -4.2877082503883432E+00 a      1316     0    44     1    26
  3.7117602288677327E+00 a      1317     0    44     1    27
  6.4292072431977250E+00 a      1318     0    44     1    28
  1.3574805522245828E-01 a      1319     0    44     1    29
  1.2616679688547451E+01 a      1320     0    44     1    30
  6.2937148428248273E+00 a      1321     0    45     1     1
 -4.5273664808082836E+00 a      1322     0    45     1     2
  7.1708013220311417E-01 a      1323     0    45     1     3
 -1.0148494186355830E+01 a      1324     0    45     1     4
 -4.2459123658047799E+00 a      1325     0    45     1     5
 -1.5568625579438658E+01 a      1326     0    45     1     6
  1.8395249546657098E+01 a      1327     0    45     1     7
 -2.2338793485047653E+01 a      1328     0    45     1     8
  4.5948802605518182E+00 a      1329     0    45     1     9
  7.2321791263120572E+00 a      1330     0    45     1    10
 -1.2105306455800438E+01 a      1331     0    45     1    11
  9.5950121555769119E+00 a      1332     0    45     1    12
  1.7239763180861654E+01 a      1333     0    45     1    13
 -3.2433844636065534E+00 a      1334     0    45     1    14
  1.3176960258591111E+01 a      1335     0    45     1    15
 -2.4859584931413824E+01 a      1336     0    45     1    16
  1.4675836710066282E+01 a      1337     0    45     1    17
  5.8345051666385634E+00 a      1338     0    45     1    18
  3.9580125682942322E+00 a      1339     0    45     1    19
  5.4089600093242174E+00 a      1340     0    45     1    20
  1.6691744324974248E+01 a      1341     0    45     1    21
  1.8247172051733864E+00 a      1342     0    45     1    22
 -2.1925173278289756E+00 a      1343     0    45     1    23
  3.2622869930851688E+00 a      1344     0    45     1    24
 -1.2659861071826162E+01 a      1345     0    45     1    25
 -1.6630142913250396E+01 a      1346     0    45     1    26
  5.2099716919433758E+00 a      1347     0    45     1    27
  9.3559521135445745E-01 a      1348     0    45     1    28
 -2.5114977948979256E+01 a      1349     0    45     1    29
 -1.5138663447968167E+01 a      1350     0    45     1    30
  1.1315337686186090E-01 a      1351     0    46     1     1
  1.8093710124027240E+01 a      1352     0    46     1     2
 -1.6315416310929084E+01 a      1353     0    46     1     3
  2.1847504095112300E+00 a      1354     0    46     1     4
  7.2592762766447585E+00 a      1355     0    46     1     5
 -5.5804909400384313E+00 a      1356     0    46     1     6
 -1.1674562582090179E+01 a      1357     0    46     1     7
  1.0187157663063173E+01 a      1358     0    46     1     8
  9.4183068662821867E+00 a      1359     0    46     1     9
  1.5634355861195241E+01 a      1360     0    46     1    10
 -1.2495395550763632E+01 a      1361     0    46     1    11
 -2.9978133461927832E+00 a      1362     0    46     1    12
  2.9187222854076666E+01 a      1363     0    46     1    13
  1.9532855885933227E+01 a      1364     0    46     1    14
 -3.1071826121345136E+00 a      1365     0    46     1    15
  7.6489991029425197E-01 a      1366     0    46     1    16
  1.2121150504341676E+00 a      1367     0    46     1    17
 -2.9788064807036754E+01 a      1368     0    46     1    18
 -2.2939730353591173E+01 a      1369     0    46     1    19
 -8.3158241222516658E+00 a      1370     0    46     1    20
  1.3486680407942139E+01 a      1371     0    46     1    21
  2.4753882001670344E-01 a      1372     0    46     1    22
 -7.3879734892264111E+00 a      1373     0    46     1    23
  5.2762402202483125E+00 a      1374     0    46     1    24
  4.1745527385896786E+00 a      1375     0    46     1    25
 -3.2920607303009470E+00 a      1376     0    46     1    26
 -5.6239391283527471E+00 a      1377     0    46     1    27
  5.8018097558129178E-01 a      1378     0    46     1    28
 -6.3388281982372812E+00 a      1379     0    46     1    29
 -9.4085815710242731E+00 a      1380     0    46     1    30
  2.6264778870757354E+01 a      1381     0    47     1     1
 -1.2139123036147776E+01 a      1382     0    47     1     2
  6.0429226726913230E+00 a      1383     0    47     1     3
  3.3724956999182987E+00 a      1384     0    47     1     4
 -1.4784324803906948E+01 a      1385     0    47     1     5
  2.9929197772609584E+01 a      1386     0    47     1     6
 -3.5073540324930716E+00 a      1387     0    47     1     7
  1.7329178012574673E+01 a      1388     0    47     1     8
  2.4128647918466740E+01 a      1389     0    47     1     9
 -1.8002662610054699E+01 a      1390     0    47     1    10
 -8.6655908824703509E+00 a      1391     0    47     1    11
  1.1164934682797277E+01 a      1392     0    47     1    12
 -2.3859884809307368E+00 a      1393     0    47     1    13
 -1.3453915422120373E+01 a      1394     0    47     1    14
  4.0817585384170849E+00 a      1395     0    47     1    15
  3.1560086977132826E+00 a      1396     0    47     1    16
 -9.6266609202791997E-01 a      1397     0    47     1    17
 -1.5951694988874556E+00 a      1398     0    47     1    18
  1.1338314722167768E+01 a      1399     0    47     1    19
  4.9513371262272177E+00 a      1400     0    47     1    20
  9.0886301610970186E+00 a      1401     0    47     1    21
 -3.8354682083653997E+00 a      1402     0    47     1    22
  5.9756210196632509E+00 a      1403     0    47     1    23
  6.3592237787997234E+00 a      1404     0    47     1    24
 -6.3310757146145198E+00 a      1405     0    47     1    25
  2.7214139399001919E+01 a      1406     0    47     1    26
 -1.7108033783231853E+01 a      1407     0    47     1    27
 -4.1109227554942791E+00 a      1408     0    47     1    28
  8.8334578396060586E+00 a      1409     0    47     1    29
  8.3845897140265908E+00 a      1410     0    47     1    30
  5.1901991158556440E+00 a      1411     0    48     1     1
 -6.8628168276863226E+00 a      1412     0    48     1     2
 -2.5387431278205639E+01 a      1413     0    48     1     3
  1.9520150138753669E+00 a      1414     0    48     1     4
 -8.5022991143837103E+00 a      1415     0    48     1     5
 -1.5592203569170946E+01 a      1416     0    48     1     6
  1.5857401619688773E+00 a      1417     0    48     1     7
 -8.2942966362491664E+00 a      1418     0    48     1     8
  1.4961391184744746E+00 a      1419     0    48     1     9
 -1.0896141977073583E+01 a      1420     0    48     1    10
  1.6191674815833974E+01 a      1421     0    48     1    11
 -1.1839882149137672E+01 a      1422     0    48     1    12
 -6.8289965257525775E+00 a      1423     0    48     1    13
  3.5017524909091935E-01 a      1424     0    48     1    14
 -2.3002356241231269E+01 a      1425     0    48     1    15
 -5.5201635233632382E+00 a      1426     0    48     1    16
 -1.3885368487120829E+01 a      1427     0    48     1    17
  5.8037992271556211E+00 a      1428     0    48     1    18
 -1.9183900282893610E+01 a      1429     0    48     1    19
 -5.0906387961734278E+00 a      1430     0    48     1    20
 -2.7853355052330919E-01 a      1431     0    48     1    21
  6.1449834501640161E+00 a      1432     0    48     1    22
  8.8472988835227522E+00 a      1433     0    48     1    23
 -3.3882781233306956E+00 a      1434     0    48     1    24
  3.7407232747884443E+01 a      1435     0    48     1    25
  4.2192695494268442E+00 a      1436     0    48     1    26
 -1.6169032660510538E+01 a      1437     0    48     1    27
  5.8094659529757084E+00 a      1438     0    48     1    28
 -1.9538830198680053E+01 a      1439     0    48     1    29
 -2.4031013667678589E+01 a      1440     0    48     1    30
 -7.1769462204399215E+00 a      1441     0    49     1     1
  1.1020438404473508E+01 a      1442     0    49     1     2
  1.8696358012171046E+01 a      1443     0    49     1     3
  3.2418087791630419E+00 a      1444     0    49     1     4
  7.1137480320049038E+00 a      1445     0    49     1     5
  2.8119550050682939E+01 a      1446     0    49     1     6
 -2.6938825365021540E+01 a      1447     0    49     1     7
  3.3538694165796876E+01 a      1448     0    49     1     8
  6.0909318500139067E+00 a      1449     0    49     1     9
 -1.7797015518155241E+01 a      1450     0    49     1    10
  1.6963389088284362E+01 a      1451     0    49     1    11
 -2.0870201061129979E+01 a      1452     0    49     1    12
 -3.1335153959058751E+01 a      1453     0    49     1    13
  1.1251005190198761E+01 a      1454     0    49     1    14
 -3.0951188693230169E+01 a      1455     0    49     1    15
  3.1060371736233943E+01 a      1456     0    49     1    16
 -2.0004280338393578E+01 a      1457     0    49     1    17
 -1.2621136375218086E+01 a      1458     0    49     1    18
  8.2777274322411962E+00 a      1459     0    49     1    19
 -1.5898057190293480E+00 a      1460     0    49     1    20
 -2.2366604569156845E+01 a      1461     0    49     1    21
  1.4977566547700334E+00 a      1462     0    49     1    22
  4.7910624744081929E+00 a      1463     0    49     1    23
 -5.8129295070985192E+00 a      1464     0    49     1    24
  2.7260526253714627E+01 a      1465     0    49     1    25
  2.4457267299531690E+01 a      1466     0    49     1    26
 -1.9812430953780062E+01 a      1467     0    49     1    27
 -4.4963575781111560E+00 a      1468     0    49     1    28
  4.4228125268770199E+01 a      1469     0    49     1    29
  2.5789559658991955E+01 a      1470     0    49     1    30
 -1.1425398061634850E+01 a      1471     0    50     1     1
 -1.5169339602176294E+01 a      1472     0    50     1     2
  3.0272668440797194E+01 a      1473     0    50     1     3
 -1.7802003581562779E+01 a      1474     0    50     1     4
 -1.2504998502993496E+01 a      1475     0    50     1     5
  7.5393895454882154E+00 a      1476     0    50     1     6
  1.2924308634610249E+01 a      1477     0    50     1     7
 -2.7262384597058036E+00 a      1478     0    50     1     8
 -4.1870141201407467E+00 a      1479     0    50     1     9
 -1.6963792814761664E+01 a      1480     0    50     1    10
 -2.5513378385807246E+00 a      1481     0    50     1    11
  2.2699477415515275E+00 a      1482     0    50     1    12
 -3.6559740860918616E+01 a      1483     0    50     1    13
 -3.6410593512818615E+01 a      1484     0    50     1    14
  2.7665127256398272E+01 a      1485     0    50     1    15
 -5.8706534707713729E+00 a      1486     0    50     1    16
  1.5536758341338650E+00 a      1487     0    50     1    17
  3.0836699446925341E+01 a      1488     0    50     1    18
  3.6856018627918061E+01 a      1489     0    50     1    19
  9.9769545161304158E+00 a      1490     0    50     1    20
 -1.6308342582145332E+01 a      1491     0    50     1    21
 -6.3187846579040290E+00 a      1492     0    50     1    22
  5.5942084792497795E+00 a      1493     0    50     1    23
  7.8482279839460194E+00 a      1494     0    50     1    24
 -2.2761035160706999E+01 a      1495     0    50     1    25
  2.2175213782143710E+00 a      1496     0    50     1    26
  4.3228727707168204E+00 a      1497     0    50     1    27
 -9.0362329655071427E+00 a      1498     0    50     1    28
  1.1684745017400353E+01 a      1499     0    50     1    29
  2.4600531416650625E+01 a      1500     0    50     1    30
 -9.8978535253298947E+00 a      1501     0    51     1     1
  1.1930216083469805E+01 a      1502     0    51     1     2
  3.7739218676732627E+01 a      1503     0    51     1     3
  8.6749993667768663E+00 a      1504     0    51     1     4
  2.2419390861701309E+01 a      1505     0    51     1     5
  2.3622598980165872E+01 a      1506     0    51     1     6
 -1.8257055004014347E+01 a      1507     0    51     1     7
  1.3004735249902236E+01 a      1508     0    51     1     8
  1.4051343607007830E+01 a      1509     0    51     1     9
  3.2534096695622905E+00 a      1510     0    51     1    10
  8.9182521017851157E-01 a      1511     0    51     1    11
  2.6726834265476564E+00 a      1512     0    51     1    12
  2.7012579798493281E+01 a      1513     0    51     1    13
 -2.0259439946950555E+00 a      1514     0    51     1    14
  1.8105707704809920E+01 a      1515     0    51     1    15
 -2.1323832468904275E+01 a      1516     0    51     1    16
  1.5090622513784751E+00 a      1517     0    51     1    17
  1.8888926622658861E+00 a      1518     0    51     1    18
  2.4681195310393413E+01 a      1519     0    51     1    19
 -3.3834652844097391E+01 a      1520     0    51     1    20
  4.9867307450576153E+00 a      1521     0    51     1    21
 -2.1432327979586322E+01 a      1522     0    51     1    22
 -4.9782862314970977E+00 a      1523     0    51     1    23
  2.7471357257987030E+00 a      1524     0    51     1    24
 -5.3118388696375689E+01 a      1525     0    51     1    25
 -6.0282135881737311E+00 a      1526     0    51     1    26
 -2.2122366874744607E+01 a      1527     0    51     1    27
  7.4989777658134464E+00 a      1528     0    51     1    28
  1.2591678450572028E+01 a      1529     0    51     1    29
 -1.8099822586377483E+00 a      1530     0    51     1    30
  5.2474370388575524E+00 a      1531     0    52     1     1
  5.7684658206341783E+00 a      1532     0    52     1     2
  6.6617604286300276E+00 a      1533     0    52     1     3
 -5.8462114495452946E+00 a      1534     0    52     1     4
 -6.1290965361701366E-01 a      1535     0    52     1     5
 -2.0318102478752071E+01 a      1536     0    52     1     6
  4.0311507974076211E+00 a      1537     0    52     1     7
 -1.0887062027749526E+01 a      1538     0    52     1     8
  3.0752448647437827E+01 a      1539     0    52     1     9
  9.2905364092749014E+00 a      1540     0    52     1    10
 -6.2834480570522251E+00 a      1541     0    52     1    11
  1.7981005587312712E-01 a      1542     0    52     1    12
  1.8580961957279174E-01 a      1543     0    52     1    13
 -2.2805959209944774E+01 a      1544     0    52     1    14
 -2.7346461534092605E+00 a      1545     0    52     1    15
 -2.3491502431302152E+01 a      1546     0    52     1    16
  2.4019897106114435E+01 a      1547     0    52     1    17
  1.0519483823607542E+01 a      1548     0    52     1    18
 -2.8295743355115477E-01 a      1549     0    52     1    19
  1.1201303660348135E+01 a      1550     0    52     1    20
  6.2296123291947900E+00 a      1551     0    52     1    21
  2.0573132781162634E+01 a      1552     0    52     1    22
  1.9745487911661080E+01 a      1553     0    52     1    23
  1.6581309604960115E+01 a      1554     0    52     1    24
  1.3670766076187787E+01 a      1555     0    52     1    25
 -1.0370634786715236E+01 a      1556     0    52     1    26
 -1.4797241714877734E+01 a      1557     0    52     1    27
 -1.5164249053994139E+00 a      1558     0    52     1    28
 -1.1193701844277113E+00 a      1559     0    52     1    29
 -2.8459574555148426E-01 a      1560     0    52     1    30
 -7.1774189658837129E+00 a      1561     0    53     1     1
 -4.3707343939027945E+00 a      1562     0    53     1     2
 -2.2563679542690842E+01 a      1563     0    53     1     3
  9.1536044829855427E+00 a      1564     0    53     1     4
  8.8918885542967674E-02 a      1565     0    53     1     5
 -1.3112864166194713E+01 a      1566     0    53     1     6
  1.9624168213128037E+01 a      1567     0    53     1     7
 -1.5916716286562071E+01 a      1568     0    53     1     8
 -2.0618397640446940E+01 a      1569     0    53     1     9
  1.6887350693164798E+01 a      1570     0    53     1    10
 -1.6657772571459478E+01 a      1571     0    53     1    11
  1.4849618568773286E+01 a      1572     0    53     1    12
  1.5206553665416127E+01 a      1573     0    53     1    13
 -1.3406432313712743E+01 a      1574     0    53     1    14
  1.2420495460289535E+01 a      1575     0    53     1    15
 -2.6767518778663164E+00 a      1576     0    53     1    16
  6.7570776129009946E+00 a      1577     0    53     1    17
 -3.8903699365602068E-01 a      1578     0    53     1    18
 -1.8439084002075660E+01 a      1579     0    53     1    19
 -1.4508011776739722E+00 a      1580     0    53     1    20
 -3.3975740613690677E+00 a      1581     0    53     1    21
 -4.8465967994171988E-01 a      1582     0    53     1    22
 -3.2877553270635276E+00 a      1583     0    53     1    23
 -1.7259460311379768E+00 a      1584     0    53     1    24
 -2.4935812080831276E+01 a      1585     0    53     1    25
 -2.7686440789019793E+00 a      1586     0    53     1    26
  2.3610225184506675E+01 a      1587     0    53     1    27
 -2.8157217411363250E-01 a      1588     0    53     1    28
 -2.8965923343204203E+01 a      1589     0    53     1    29
 -3.2100016638129574E+01 a      1590     0    53     1    30
  1.3056809852489517E+01 a      1591     0    54     1     1
 -6.7132154984004677E-01 a      1592     0    54     1     2
 -1.3971155868022878E+01 a      1593     0    54     1     3
  1.4994219309512918E+01 a      1594     0    54     1     4
  6.3047588706264657E+00 a      1595     0    54     1     5
  1.2615819258685603E+01 a      1596     0    54     1     6
 -7.1458757581643990E+00 a      1597     0    54     1     7
 -1.2678365489743322E+00 a      1598     0    54     1     8
 -1.0897467714499390E+01 a      1599     0    54     1     9
  5.6000532277849269E+00 a      1600     0    54     1    10
  9.7123917617283375E+00 a      1601     0    54     1    11
  1.0414661902679498E+01 a      1602     0    54     1    12
  1.2216624920590135E+01 a      1603     0    54     1    13
  1.9877700734781442E+01 a      1604     0    54     1    14
 -4.1373720086243368E+00 a      1605     0    54     1    15
  5.8371806204524059E+00 a      1606     0    54     1    16
 -1.3791948138575829E+00 a      1607     0    54     1    17
 -1.0254653426372679E+01 a      1608     0    54     1    18
 -7.2296463794773906E+00 a      1609     0    54     1    19
 -3.8532694461980297E+00 a      1610     0    54     1    20
  1.0296564873142284E+00 a      1611     0    54     1    21
  7.4672668341876358E+00 a      1612     0    54     1    22
  1.7996371601234373E+00 a      1613     0    54     1    23
 -4.9109548312348803E+00 a      1614     0    54     1    24
  1.3796755673480359E+01 a      1615     0    54     1    25
 -2.4305391614114629E+00 a      1616     0    54     1    26
  8.1300482720455491E+00 a      1617     0    54     1    27
  1.3105391621119507E+01 a      1618     0    54     1    28
  3.0135374031109383E+00 a      1619     0    54     1    29
 -2.9986557392330573E+00 a      1620     0    54     1    30
 -2.7491485262644884E+00 a      1621     0    55     1     1
  3.2524123945224952E+00 a      1622     0    55     1     2
 -2.2055996733512618E+01 a      1623     0    55     1     3
  3.1679390208551390E+00 a      1624     0    55     1     4
 -1.2306110668233798E+01 a      1625     0    55     1     5
 -2.0714210336136013E+01 a      1626     0    55     1     6
  1.7626826728476630E+01 a      1627     0    55     1     7
 -2.9925940869460181E+01 a      1628     0    55     1     8
 -3.2995035664643929E+01 a      1629     0    55     1     9
 -3.0921001602672926E+00 a      1630     0    55     1    10
 -4.2110850450385753E+00 a      1631     0    55     1    11
 -1.8333746539762892E+01 a      1632     0    55     1    12
 -1.3973167958963517E+00 a      1633     0    55     1    13
 -2.5985085623774303E+01 a      1634     0    55     1    14
 -1.5033471020612905E+00 a      1635     0    55     1    15
  1.4397507683020425E-01 a      1636     0    55     1    16
 -3.8037003301024043E+01 a      1637     0    55     1    17
  1.5983453883420642E+01 a      1638     0    55     1    18
 -2.7689139016566737E+00 a      1639     0    55     1    19
  1.1234250981227449E+01 a      1640     0    55     1    20
 -1.4635681699594208E+01 a      1641     0    55     1    21
  2.0990180861496381E+01 a      1642     0    55     1    22
  3.3272560699010405E+01 a      1643     0    55     1    23
  1.0586176077317543E+01 a      1644     0    55     1    24
  3.8311337608433092E+01 a      1645     0    55     1    25
 -3.8980107493982681E+00 a      1646     0    55     1    26
  1.0012414003925326E+01 a      1647     0    55     1    27
  4.7188098704621391E+00 a      1648     0    55     1    28
  2.9260580364045370E+00 a      1649     0    55     1    29
 -6.8624732670602935E+00 a      1650     0    55     1    30
  3.2645358483663761E-01 a      1651     0    56     1     1
 -1.1868754674518929E+00 a      1652     0    56     1     2
  7.1589789791004925E+00 a      1653     0    56     1     3
  8.6488204065072205E-01 a      1654     0    56     1     4
  1.5941983534838929E+01 a      1655     0    56     1     5
 -6.1175727251598178E-01 a      1656     0    56     1     6
 -2.0174053126942773E+01 a      1657     0    56     1     7
  1.4542914690789669E+01 a      1658     0    56     1     8
 -1.7672300226304067E+01 a      1659     0    56     1     9
  1.3414343608527815E+01 a      1660     0    56     1    10
  8.5731183761707026E+00 a      1661     0    56     1    11
 -7.2783473015858116E+00 a      1662     0    56     1    12
  1.8936983727017552E+01 a      1663     0    56     1    13
  1.9142854648014175E+01 a      1664     0    56     1    14
 -1.0579792185043267E+01 a      1665     0    56     1    15
  1.4653914625802994E+01 a      1666     0    56     1    16
  4.4498256411705910E+00 a      1667     0    56     1    17
  1.9937756353585801E+01 a      1668     0    56     1    18
 -1.5095406844223930E+01 a      1669     0    56     1    19
  2.9641162280192912E+00 a      1670     0    56     1    20
  1.7816786457914116E+01 a      1671     0    56     1    21
 -3.0176460701593808E+01 a      1672     0    56     1    22
 -1.5566304917581148E+01 a      1673     0    56     1    23
 -1.9970948232728013E+01 a      1674     0    56     1    24
  6.3129270974319007E-01 a      1675     0    56     1    25
  3.0052851181850961E+00 a      1676     0    56     1    26
  1.4379480043310830E+01 a      1677     0    56     1    27
  2.8267176109224650E+00 a      1678     0    56     1    28
  3.0002372092505598E+00 a      1679     0    56     1    29
  9.0466514811843464E+00 a      1680     0    56     1    30
  9.2732471479207064E+00 a      1681     0    57     1     1
 -4.7464664148483765E-01 a      1682     0    57     1     2
 -2.5677971452149930E+00 a      1683     0    57     1     3
 -1.3337768846976211E+01 a      1684     0    57     1     4
  2.0387309190476550E+00 a      1685     0    57     1     5
 -1.7091471341989656E+01 a      1686     0    57     1     6
  1.6375831559946590E+01 a      1687     0    57     1     7
  1.4543933637591797E+01 a      1688     0    57     1     8
  1.0192272163451806E+01 a      1689     0    57     1     9
 -1.3426482916154459E+01 a      1690     0    57     1    10
 -2.5281825209770560E+01 a      1691     0    57     1    11
 -2.8202459039637112E-01 a      1692     0    57     1    12
 -1.9106153741988546E+01 a      1693     0    57     1    13
  9.2575762979327969E+00 a      1694     0    57     1    14
 -1.2676991349972635E+01 a      1695     0    57     1    15
  1.2499452979423902E+01 a      1696     0    57     1    16
  2.9670393046739704E+01 a      1697     0    57     1    17
 -2.7717297409542297E+01 a      1698     0    57     1    18
 -1.3928385288752704E+01 a      1699     0    57     1    19
  2.5304122641679282E+01 a      1700     0    57     1    20
 -4.1552014831652677E+00 a      1701     0    57     1    21
 -1.5457359585445102E+01 a      1702     0    57     1    22
 -2.4500136758552109E+01 a      1703     0    57     1    23
 -1.9637059252343336E+00 a      1704     0    57     1    24
 -5.8493493657982878E+00 a      1705     0    57     1    25
 -5.6847869236137916E-01 a      1706     0    57     1    26
  1.6773061299772390E+01 a      1707     0    57     1    27
 -3.2280384656055844E+01 a      1708     0    57     1    28
 -7.6234870020999326E+00 a      1709     0    57     1    29
  1.8614122567495407E+01 a      1710     0    57     1    30
  2.2233254104106259E-01 a      1711     0    58     1     1
 -1.2789378275266850E+01 a      1712     0    58     1     2
 -9.6721966359363023E+00 a      1713     0    58     1     3
 -1.0399819634353884E+01 a      1714     0    58     1     4
 -8.8837840113963278E+00 a      1715     0    58     1     5
  7.1903442355207687E+00 a      1716     0    58     1     6
  9.8443405828541408E+00 a      1717     0    58     1     7
  2.3667328771316418E+00 a      1718     0    58     1     8
 -9.8491305456735549E+00 a      1719     0    58     1     9
 -7.6219923527433906E+00 a      1720     0    58     1    10
 -1.1112388534610131E+01 a      1721     0    58     1    11
  8.9158373536561430E-01 a      1722     0    58     1    12
  5.7460164971573642E+00 a      1723     0    58     1    13
  6.2567509728844604E+00 a      1724     0    58     1    14
 -9.3760416389523904E+00 a      1725     0    58     1    15
  5.8518990193994052E+00 a      1726     0    58     1    16
 -1.7360902076107521E+01 a      1727     0    58     1    17
 -2.9296665363540544E+01 a      1728     0    58     1    18
  7.0917710699097869E+00 a      1729     0    58     1    19
 -5.8099052937413145E+00 a      1730     0    58     1    20
  1.4277333963014010E+01 a      1731     0    58     1    21
  1.2253106838001781E+01 a      1732     0    58     1    22
 -2.0282712332019153E+00 a      1733     0    58     1    23
  1.7175932116564066E+01 a      1734     0    58     1    24
 -2.9910718403697190E+00 a      1735     0    58     1    25
 -8.4729990523219492E+00 a      1736     0    58     1    26
 -7.0314682102719033E+00 a      1737     0    58     1    27
 -1.5053118629776538E+01 a      1738     0    58     1    28
 -1.8263471029563629E+01 a      1739     0    58     1    29
 -4.6043904511293068E+00 a      1740     0    58     1    30
  7.6859082450354750E+00 a      1741     0    59     1     1
  3.8374921747605240E+00 a      1742     0    59     1     2
  1.3622566924423579E+01 a      1743     0    59     1     3
 -7.1080136395255638E+00 a      1744     0    59     1     4
 -9.2746428653509820E+00 a      1745     0    59     1     5
  9.8546836760748207E+00 a      1746     0    59     1     6
 -1.1419391829504852E+01 a      1747     0    59     1     7
 -3.4899171223449388E-01 a      1748     0    59     1     8
  8.2611757079536723E+00 a      1749     0    59     1     9
 -1.1197942745972163E+01 a      1750     0    59     1    10
  1.8004739501646654E+01 a      1751     0    59     1    11
 -7.2010979160527739E+00 a      1752     0    59     1    12
 -5.2469710093145334E+00 a      1753     0    59     1    13
  1.3844278412947105E+01 a      1754     0    59     1    14
  5.8660481883110709E+00 a      1755     0    59     1    15
 -6.1063150178548096E+00 a      1756     0    59     1    16
 -6.8306582291299254E+00 a      1757     0    59     1    17
  3.1873463606321972E-01 a      1758     0    59     1    18
  1.4515502425383463E+01 a      1759     0    59     1    19
 -8.9961320476110131E+00 a      1760     0    59     1    20
  3.9573242410148808E+00 a      1761     0    59     1    21
 -1.2784790507935481E+01 a      1762     0    59     1    22
 -2.7583628720244269E+00 a      1763     0    59     1    23
 -6.2831165743013662E+00 a      1764     0    59     1    24
  1.3888802978829201E+01 a      1765     0    59     1    25
 -1.5239521578232920E+00 a      1766     0    59     1    26
 -3.5833058838269931E+00 a      1767     0    59     1    27
  8.2996694454638842E+00 a      1768     0    59     1    28
  1.2992794942713870E+01 a      1769     0    59     1    29
  2.7816777061785306E+01 a      1770     0    59     1    30
 -1.2146666680013483E+01 a      1771     0    60     1     1
  1.0912811257199455E+00 a      1772     0    60     1     2
  3.5290129318272605E+00 a      1773     0    60     1     3
 -7.9974803552790332E+00 a      1774     0    60     1     4
 -1.5892490172389916E+01 a      1775     0    60     1     5
 -1.5643976241545223E+01 a      1776     0    60     1     6
 -7.9685043724593205E+00 a      1777     0    60     1     7
  1.2188580194819769E+00 a      1778     0    60     1     8
  5.2748585168658346E-01 a      1779     0    60     1     9
  2.5217780560988935E+01 a      1780     0    60     1    10
  1.5817511974727759E+01 a      1781     0    60     1    11
 -1.1028685341556727E+01 a      1782     0    60     1    12
 -1.6227578123635340E+00 a      1783     0    60     1    13
 -1.0189835121892864E+01 a      1784     0    60     1    14
  5.7198403399607700E-01 a      1785     0    60     1    15
 -4.5739049284402986E+00 a      1786     0    60     1    16
 -1.4900840794524582E+01 a      1787     0    60     1    17
  2.6425337188660745E+01 a      1788     0    60     1    18
 -3.3978794748126956E-03 a      1789     0    60     1    19
 -6.1497870166065223E+00 a      1790     0    60     1    20
  2.3855174216755429E+01 a      1791     0    60     1    21
  9.6113239346808967E+00 a      1792     0    60     1    22
  1.4326861259712471E+00 a      1793     0    60     1    23
 -5.9748637078583733E-01 a      1794     0    60     1    24
  3.9814576418503909E+00 a      1795     0    60     1    25
  4.7639172682010162E+00 a      1796     0    60     1    26
 -2.0628722303915687E+01 a      1797     0    60     1    27
  3.3061672572111749E+00 a      1798     0    60     1    28
  3.0547104331677932E+00 a      1799     0    60     1    29
 -1.6329891084909956E+01 a      1800     0    60     1    30
 -3.3296658649909567E+01 a      1801     0    61     1     1
  5.3299753066679676E+00 a      1802     0    61     1     2
  3.9460028644786320E+01 a      1803     0    61     1     3
 -1.9718929231334091E+01 a      1804     0    61     1     4
  1.7538767967073049E-01 a      1805     0    61     1     5
  4.0495356083282324E+01 a      1806     0    61     1     6
 -1.5082033384416267E+01 a      1807     0    61     1     7
 -5.1603702071449105E+00 a      1808     0    61     1     8
 -1.0511923225675060E+01 a      1809     0    61     1     9
  1.1485494330029448E+01 a      1810     0    61     1    10
 -6.8180705187153094E+00 a      1811     0    61     1    11
  1.4813943446854362E+01 a      1812     0    61     1    12
  3.5372212103520866E+01 a      1813     0    61     1    13
  2.3144467599700466E+01 a      1814     0    61     1    14
  1.3078829273913076E+01 a      1815     0    61     1    15
 -2.1824275008364502E+00 a      1816     0    61     1    16
 -3.5404733575458941E-01 a      1817     0    61     1    17
  2.1153043966917952E+01 a      1818     0    61     1    18
  8.4217232294872009E+00 a      1819     0    61     1    19
 -3.4030515630811358E+01 a      1820     0    61     1    20
 -2.4184459662596865E+01 a      1821     0    61     1    21
 -2.4645432136941978E+00 a      1822     0    61     1    22
  5.2120583407177632E+00 a      1823     0    61     1    23
  3.3691347592629111E+00 a      1824     0    61     1    24
 -1.7803021490080999E+00 a      1825     0    61     1    25
 -9.3884577048576858E+00 a      1826     0    61     1    26
  2.9602639060903897E+01 a      1827     0    61     1    27
  3.0934400144083956E+01 a      1828     0    61     1    28
  1.0940892563629541E+01 a      1829     0    61     1    29
  1.0695775724550366E+01 a      1830     0    61     1    30
 -5.2924056193011459E+00 a      1831     0    62     1     1
 -3.3850026746333515E+00 a      1832     0    62     1     2
 -6.2508971693992574E+00 a      1833     0    62     1     3
  1.7860550897307931E+01 a      1834     0    62     1     4
  5.2578917400346703E-01 a      1835     0    62     1     5
 -2.4250363662110932E+01 a      1836     0    62     1     6
 -1.5101051806289341E+01 a      1837     0    62     1     7
 -2.7432693875711509E+00 a      1838     0    62     1     8
  1.0713010041721287E+01 a      1839     0    62     1     9
 -1.0506936073339670E+01 a      1840     0    62     1    10
 -2.9555437879629713E+00 a      1841     0    62     1    11
 -5.9235910864889334E+00 a      1842     0    62     1    12
 -2.1291369468870736E+00 a      1843     0    62     1    13
  7.2393974836708690E+00 a      1844     0    62     1    14
  5.1544049579632860E+00 a      1845     0    62     1    15
  8.5324869646964743E+00 a      1846     0    62     1    16
  3.0931039815782114E+01 a      1847     0    62     1    17
  2.7189074613212803E+01 a      1848     0    62     1    18
 -6.5463360644201851E-01 a      1849     0    62     1    19
  9.8825516297114770E+00 a      1850     0    62     1    20
  1.1853197141511643E+01 a      1851     0    62     1    21
 -2.4331430837720365E+01 a      1852     0    62     1    22
  1.0240158052467267E+01 a      1853     0    62     1    23
 -2.3332271461263296E+00 a      1854     0    62     1    24
  1.1302136471166049E+01 a      1855     0    62     1    25
 -1.4321411336401630E+01 a      1856     0    62     1    26
  2.3484080320837482E+00 a      1857     0    62     1    27
  1.1806403740985514E+01 a      1858     0    62     1    28
 -2.2897437382614019E+00 a      1859     0    62     1    29
  7.1383034738324636E+00 a      1860     0    62     1    30
  1.1462362782558833E+00 a      1861     0    63     1     1
 -2.2095141376302571E+01 a      1862     0    63     1     2
 -1.1180058386762971E+01 a      1863     0    63     1     3
  2.2104041359833619E+00 a      1864     0    63     1     4
 -6.4641207077218592E+00 a      1865     0    63     1     5
 -1.1112796548734618E+01 a      1866     0    63     1     6
  4.1018903913833045E+00 a      1867     0    63     1     7
 -1.4006310166128243E+01 a      1868     0    63     1     8
 -1.0135827809826203E+01 a      1869     0    63     1     9
 -2.5138020042031634E+01 a      1870     0    63     1    10
 -1.6763606902411809E+01 a      1871     0    63     1    11
 -4.9098305701270073E+00 a      1872     0    63     1    12
  2.3016218174716609E+01 a      1873     0    63     1    13
  1.2021133132721154E+01 a      1874     0    63     1    14
  1.3101629570895310E+00 a      1875     0    63     1    15
  1.3171362442641584E+01 a      1876     0    63     1    16
 -1.3242565103442319E+01 a      1877     0    63     1    17
  7.0743565218444182E+00 a      1878     0    63     1    18
  3.0233084652594247E+01 a      1879     0    63     1    19
 -2.3156821809326413E+01 a      1880     0    63     1    20
 -2.0861432924383987E+01 a      1881     0    63     1    21
 -3.1700010038283608E+00 a      1882     0    63     1    22
 -2.8334040788071228E+01 a      1883     0    63     1    23
 -2.7277744150808850E+01 a      1884     0    63     1    24
 -9.3092454009576269E+00 a      1885     0    63     1    25
 -9.7435343231838800E+00 a      1886     0    63     1    26
 -4.7247791194605364E+00 a      1887     0    63     1    27
  4.6361373426393204E-01 a      1888     0    63     1    28
 -2.2721110251852998E+01 a      1889     0    63     1    29
 -4.3505909393528803E+00 a      1890     0    63     1    30
  8.6377241857181044E+00 a      1891     0    64     1     1
  7.4412528163184026E+00 a      1892     0    64     1     2
 -6.0381639088987293E-01 a      1893     0    64     1     3
 -2.5911334253232205E+01 a      1894     0    64     1     4
 -1.8106150008204644E+00 a      1895     0    64     1     5
  1.4355187105396858E+01 a      1896     0    64     1     6
  2.6182931385385051E+00 a      1897     0    64     1     7
 -4.5196397735598781E+00 a      1898     0    64     1     8
 -1.5519578399354035E+01 a      1899     0    64     1     9
  1.9350743514661762E+01 a      1900     0    64     1    10
 -9.3982249512509011E+00 a      1901     0    64     1    11
  2.8963969477336065E+00 a      1902     0    64     1    12
  1.4602689908873970E+01 a      1903     0    64     1    13
  7.3297540553938723E-01 a      1904     0    64     1    14
  1.0273466023197107E+01 a      1905     0    64     1    15
 -4.5130035784519595E+00 a      1906     0    64     1    16
 -1.0855901764798396E+01 a      1907     0    64     1    17
  1.5779911276689138E+00 a      1908     0    64     1    18
 -2.5797762689578221E+01 a      1909     0    64     1    19
  2.1633942842002849E+00 a      1910     0    64     1    20
 -8.2774798587871357E-01 a      1911     0    64     1    21
  2.7222138405243339E+01 a      1912     0    64     1    22
  1.9241841207288996E+01 a      1913     0    64     1    23
  2.7617422839484851E+00 a      1914     0    64     1    24
 -9.7899499177579283E+00 a      1915     0    64     1    25
  6.4781847162564103E+00 a      1916     0    64     1    26
  7.3695866856735988E+00 a      1917     0    64     1    27
 -1.9373157428815617E+01 a      1918     0    64     1    28
  1.1415644770588067E+01 a      1919     0    64     1    29
 -4.5134164974463671E+00 a      1920     0    64     1    30
 -5.0122081344102938E+00 b      1921     1     1
  6.8224955693012801E-01 b      1922     1     2
  1.5735915801326872E+00 b      1923     1     3
 -2.2280497071977003E+00 b      1924     1     4
 -3.8367281370676012E+00 b      1925     1     5
 -2.4874440855118619E-02 b      1926     1     6
  3.7577418951390046E-01 b      1927     1     7
 -4.5356440608420778E-01 b      1928     1     8
 -2.2163188824319635E-01 b      1929     1     9
 -5.4583528608544549E+00 b      1930     1    10
 -1.0244687517790032E+00 b      1931     1    11
 -2.1409322989980017E+00 b      1932     1    12
 -3.8794545265346003E+00 b      1933     1    13
 -8.1003774475143775E+00 b      1934     1    14
 -1.1951962827236731E+00 b      1935     1    15
 -1.0099431052374510E+00 b      1936     1    16
 -1.8541598917573661E+00 b      1937     1    17
 -3.4304633847650936E+00 b      1938     1    18
  2.0501644857223380E+00 b      1939     1    19
  8.6243834981691053E-02 b      1940     1    20
  7.0432415997897979E-01 b      1941     1    21
 -2.4162903958988688E+00 b      1942     1    22
 -7.7137398036478966E-01 b      1943     1    23
 -3.0885189560797612E+00 b      1944     1    24
 -3.6121106974608987E+00 b      1945     1    25
  1.3127325783191983E+00 b      1946     1    26
 -5.4381756509683949E+00 b      1947     1    27
 -1.1288862330286857E+00 b      1948     1    28
 -5.1905144398611576E+00 b      1949     1    29
  8.7031652583995944E-01 b      1950     1    30
  3.5285013789822406E-01 a      1951     1     1     2     1
 -7.9114025027647850E-01 a      1952     1     1     2     2
 -1.0381377009271697E+01 a      1953     1     1     2     3
 -2.8706945379404560E+00 a      1954     1     1     2     4
  1.2358007046795050E+00 a      1955     1     1     2     5
  5.7469659299634290E-01 a      1956     1     1     2     6
  5.6065772896843358E+00 a      1957     1     1     2     7
  9.5194507550742125E-01 a      1958     1     1     2     8
  1.2020893785603199E+00 a      1959     1     1     2     9
 -2.3283662896427400E+00 a      1960     1     1     2    10
 -5.4038178003132691E+00 a      1961     1     1     2    11
  2.0062027553407358E+00 a      1962     1     1     2    12
  1.1845857554642074E+00 a      1963     1     1     2    13
  4.0608826407382601E+00 a      1964     1     1     2    14
 -6.7354283068728193E-01 a      1965     1     1     2    15
 -2.6343105239671791E+00 a      1966     1     1     2    16
  2.7675179811383526E+00 a      1967     1     1     2    17
 -6.5106396806566647E+00 a      1968     1     1     2    18
  3.6076975544282970E+00 a      1969     1     1     2    19
  1.6704421844501782E+00 a      1970     1     1     2    20
 -8.0906550437828448E-02 a      1971     1     1     2    21
  5.2192598862076590E-02 a      1972     1     1     2    22
  1.6970227038288717E+00 a      1973     1     1     2    23
  2.1399233598052962E+00 a      1974     1     1     2    24
 -1.0497098195242618E+00 a      1975     1     1     2    25
 -2.3725847757663958E+00 a      1976     1     1     2    26
 -8.7348301840584650E+00 a      1977     1     1     2    27
  5.4871150995127671E+00 a      1978     1     1     2    28
 -2.4373473561023573E+00 a      1979     1     1     2    29
 -1.7859289931211836E-01 a      1980     1     1     2    30
 -3.9135640260015320E-01 a      1981     1     2     2     1
 -2.6570547182405058E-01 a      1982     1     2     2     2
  7.6420860841512162E-01 a      1983     1     2     2     3
  8.5988740961749466E-01 a      1984     1     2     2     4
  5.9457347203207800E-01 a      1985     1     2     2     5
 -7.1646651311279785E-01 a      1986     1     2     2     6
  1.4266070761846561E+00 a      1987     1     2     2     7
  2.0754435496329249E+00 a      1988     1     2     2     8
 -5.1342792896120748E-01 a      1989     1     2     2     9
 -8.6039445484733290E-01 a      1990     1     2     2    10
  4.0005931362317595E+00 a      1991     1     2     2    11
  2.0408198905344119E-01 a      1992     1     2     2    12
 -2.2005375492808046E+00 a      1993     1     2     2    13
  4.5583031775089848E+00 a      1994     1     2     2    14
  1.5144424730728450E+00 a      1995     1     2     2    15
 -2.3865113275009597E+00 a      1996     1     2     2    16
  9.0434772544137587E-01 a      1997     1     2     2    17
  2.3226196997264719E+00 a      1998     1     2     2    18
  2.5768610101791980E+00 a      1999     1     2     2    19
 -4.5047180106549174E+00 a      2000     1     2     2    20
 -1.8331703769720006E-01 a      2001     1     2     2    21
  1.0544720280695290E+00 a      2002     1     2     2    22
 -3.9876924064270036E+00 a      2003     1     2     2    23
 -1.6934881665735588E+00 a      2004     1     2     2    24
  3.9329221518523622E-01 a      2005     1     2     2    25
  2.8168769962412639E+00 a      2006     1     2     2    26
 -6.7699198714149533E-02 a      2007     1     2     2    27
  1.2265293293612336E+00 a      2008     1     2     2    28
 -2.1220337600897095E+00 a      2009     1     2     2    29
 -3.2916345579754793E+00 a      2010     1     2     2    30
  4.9468328920701153E-02 a      2011     1     3     2     1
  6.4044010842387700E-01 a      2012     1     3     2     2
  1.8605991440300773E+00 a      2013     1     3     2     3
 -7.5465488503489098E-01 a      2014     1     3     2     4
 -2.5000038015429266E-01 a      2015     1     3     2     5
 -5.4210850322678672E-01 a      2016     1     3     2     6
 -1.1611817542215357E-01 a      2017     1     3     2     7
  2.1936582093836878E+00 a      2018     1     3     2     8
 -2.0873518506354336E+00 a      2019     1     3     2     9
 -6.4530913033329551E-01 a      2020     1     3     2    10
 -8.2471564956087595E-01 a      2021     1     3     2    11
 -1.9821001669912328E+00 a      2022     1     3     2    12
 -2.1938871425892983E+00 a      2023     1     3     2    13
 -2.0952417242374146E+00 a      2024     1     3     2    14
  3.5193576422651629E-01 a      2025     1     3     2    15
 -1.9051314036702143E+00 a      2026     1     3     2    16
 -6.0240095878865185E-01 a      2027     1     3     2    17
 -1.3962393994216146E-01 a      2028     1     3     2    18
  1.7423577332811875E+00 a      2029     1     3     2    19
 -1.6705969993043317E+00 a      2030     1     3     2    20
  6.5947340179477187E-01 a      2031     1     3     2    21
 -1.1040561867587546E-01 a      2032     1     3     2    22
  7.6908818191257766E-01 a      2033     1     3     2    23
  1.8973372384711529E-02 a      2034     1     3     2    24
 -2.9045595881597008E-01 a      2035     1     3     2    25
 -2.1536583009969684E-01 a      2036     1     3     2    26
  2.6380439514095716E-01 a      2037     1     3     2    27
 -1.5304295907306606E+00 a      2038     1     3     2    28
 -2.1244293937128576E+00 a      2039     1     3     2    29
 -1.8578616455658041E+00 a      2040     1     3     2    30
 -1.7284618566029836E-01 a      2041     1     4     2     1
 -6.3794711523601144E-01 a      2042     1     4     2     2
 -2.6079884418638559E+00 a      2043     1     4     2     3
 -2.9875824621124409E+00 a      2044     1     4     2     4
  3.3209217502401589E-01 a      2045     1     4     2     5
 -1.1364009963087927E+00 a      2046     1     4     2     6
 -9.3170859807845874E-01 a      2047     1     4     2     7
 -3.0047825012052209E+00 a      2048     1     4     2     8
 -1.2830470447126254E+00 a      2049     1     4     2     9
 -2.2673817230366700E+00 a      2050     1     4     2    10
  1.2222624741973601E-01 a      2051     1     4     2    11
 -1.9696916090044603E+00 a      2052     1     4     2    12
  1.8100704578471347E+00 a      2053     1     4     2    13
  2.0651813929960081E+00 a      2054     1     4     2    14
 -2.7943869170478481E+00 a      2055     1     4     2    15
  2.2420948592306789E+00 a      2056     1     4     2    16
  8.4722209361695966E-01 a      2057     1     4     2    17
 -1.3496767152621065E+00 a      2058     1     4     2    18
 -2.5772548208019832E+00 a      2059     1     4     2    19
 -4.2550858355917198E-01 a      2060     1     4     2    20
  2.3332762628393451E+00 a      2061     1     4     2    21
 -6.6814595410275279E-01 a      2062     1     4     2    22
  2.6581384751428057E+00 a      2063     1     4     2    23
  5.8522443804729374E+00 a      2064     1     4     2    24
  1.4890752768917102E+00 a      2065     1     4     2    25
 -3.2051050173271016E+00 a      2066     1     4     2    26
  2.8679303538617456E+00 a      2067     1     4     2    27
 -3.1031004068190535E+00 a      2068     1     4     2    28
  8.1326841419063756E-01 a      2069     1     4     2    29
  1.8137092720866523E+00 a      2070     1     4     2    30
 -1.4900304123686534E+00 a      2071     1     5     2     1
  1.2798484867398883E+00 a      2072     1     5     2     2
  8.3016254209501650E-01 a      2073     1     5     2     3
  2.1862812339719517E+00 a      2074     1     5     2     4
  1.4436910515546444E+00 a      2075     1     5     2     5
  1.2461503584959048E+00 a      2076     1     5     2     6
  1.8379786969660337E+00 a      2077     1     5     2     7
  3.1908253070809987E+00 a      2078     1     5     2     8
 -1.7763639434164993E+00 a      2079     1     5     2     9
 -2.7081999913723913E+00 a      2080     1     5     2    10
  7.7502592746747742E-02 a      2081     1     5     2    11
  1.7151585605725801E+00 a      2082     1     5     2    12
 -2.8965952162741972E+00 a      2083     1     5     2    13
 -1.2819378661880008E+00 a      2084     1     5     2    14
 -8.1724721985555799E+00 a      2085     1     5     2    15
  1.7856578791511315E+00 a      2086     1     5     2    16
  2.6124772437805954E-01 a      2087     1     5     2    17
 -1.7708324968744089E+00 a      2088     1     5     2    18
  5.5844764693829507E-01 a      2089     1     5     2    19
 -4.9812207450222159E+00 a      2090     1     5     2    20
  1.2172098433385592E+00 a      2091     1     5     2    21
 -2.3805124598902505E-01 a      2092     1     5     2    22
  2.5164534879516873E+00 a      2093     1     5     2    23
  3.7742614929260232E+00 a      2094     1     5     2    24
 -2.4274618975390170E+00 a      2095     1     5     2    25
 -8.4157397331895656E-01 a      2096     1     5     2    26
  8.8261999697455618E-01 a      2097     1     5     2    27
 -2.2833851932082752E+00 a      2098     1     5     2    28
 -1.8300077552306748E+00 a      2099     1     5     2    29
 -8.6748328529955204E-02 a      2100     1     5     2    30
 -8.2659880313596223E-02 a      2101     1     6     2     1
  4.2401241984985372E-01 a      2102     1     6     2     2
  2.0835163726209673E+00 a      2103     1     6     2     3
  3.3218454076319355E+00 a      2104     1     6     2     4
  1.2232560522983866E+00 a      2105     1     6     2     5
  2.3654299129019050E+00 a      2106     1     6     2     6
  4.7709796877987165E-01 a      2107     1     6     2     7
  1.7868270848202203E+00 a      2108     1     6     2     8
 -4.7160113202367132E-01 a      2109     1     6     2     9
 -2.0472532196390607E+00 a      2110     1     6     2    10
 -1.8925441462412662E+00 a      2111     1     6     2    11
  6.5728080469329631E-01 a      2112     1     6     2    12
 -2.8384429385641236E-01 a      2113     1     6     2    13
 -1.3411956627820147E+00 a      2114     1     6     2    14
  6.1686450357492684E-01 a      2115     1     6     2    15
 -1.1306631120838462E+00 a      2116     1     6     2    16
 -4.1299546231497448E+00 a      2117     1     6     2    17
  1.3848817962118876E+00 a      2118     1     6     2    18
  5.2739403891604897E-01 a      2119     1     6     2    19
 -1.5953098519808298E+00 a      2120     1     6     2    20
 -3.5285221695605312E-01 a      2121     1     6     2    21
  3.0886893586594422E-01 a      2122     1     6     2    22
  1.3945013959845622E+00 a      2123     1     6     2    23
  1.7904367621951027E+00 a      2124     1     6     2    24
  1.2013293937801495E+00 a      2125     1     6     2    25
 -7.5706238777612278E-01 a      2126     1     6     2    26
  2.9729238206312358E-01 a      2127     1     6     2    27
  2.8198584835205405E+00 a      2128     1     6     2    28
 -3.4621434327234510E+00 a      2129     1     6     2    29
  9.2836498628068820E-01 a      2130     1     6     2    30
 -1.5894013334513526E-01 a      2131     1     7     2     1
 -1.1342472265188890E+00 a      2132     1     7     2     2
 -6.0512008930275896E-01 a      2133     1     7     2     3
 -1.1435804590481635E+00 a      2134     1     7     2     4
 -2.7696547805518323E-01 a      2135     1     7     2     5
 -1.4541345005925044E+00 a      2136     1     7     2     6
  4.6293045244818037E-01 a      2137     1     7     2     7
 -1.2359763521616767E+00 a      2138     1     7     2     8
  1.1071647832080356E+00 a      2139     1     7     2     9
  7.5585892387705678E-01 a      2140     1     7     2    10
 -5.1233578303919658E-01 a      2141     1     7     2    11
  1.2968246520056237E+00 a      2142     1     7     2    12
 -2.0584450212374383E+00 a      2143     1     7     2    13
 -1.9214116321737167E+00 a      2144     1     7     2    14
  1.1657566666413963E+00 a      2145     1     7     2    15
  1.7901550726491786E+00 a      2146     1     7     2    16
 -1.3741837103346888E-01 a      2147     1     7     2    17
 -4.6058778492144592E-01 a      2148     1     7     2    18
 -1.6848532071607505E+00 a      2149     1     7     2    19
 -1.2308781946610255E-01 a      2150     1     7     2    20
 -3.8248492050982352E-01 a      2151     1     7     2    21
 -1.3935425562366264E+00 a      2152     1     7     2    22
 -2.1277665291314198E+00 a      2153     1     7     2    23
 -2.4750347638639512E+00 a      2154     1     7     2    24
  1.6104318332351908E-01 a      2155     1     7     2    25
  2.8625025353470168E-01 a      2156     1     7     2    26
 -1.5834652092973129E+00 a      2157     1     7     2    27
 -3.0889533672819485E+00 a      2158     1     7     2    28
  1.8388382724456824E+00 a      2159     1     7     2    29
  2.3648427921780588E-01 a      2160     1     7     2    30
 -4.4758241013227501E-01 a      2161     1     8     2     1
  9.2986771770846643E-01 a      2162     1     8     2     2
  1.4072664646412620E+00 a      2163     1     8     2     3
 -1.4490655023122740E+00 a      2164     1     8     2     4
  1.5949456914874232E+00 a      2165     1     8     2     5
  9.0640580019890304E-01 a      2166     1     8     2     6
 -1.5846637151539011E+00 a      2167     1     8     2     7
  8.6200604157592575E-01 a      2168     1     8     2     8
  2.0684805592386661E+00 a      2169     1     8     2     9
 -8.9363039500015684E-01 a      2170     1     8     2    10
 -1.0934337268108791E+00 a      2171     1     8     2    11
  1.0094668103778862E-01 a      2172     1     8     2    12
  1.2320398083106507E+00 a      2173     1     8     2    13
 -8.0428317749843448E-01 a      2174     1     8     2    14
 -3.7935829891323919E-01 a      2175     1     8     2    15
  1.5934274130795584E-01 a      2176     1     8     2    16
  8.3142009222642033E-01 a      2177     1     8     2    17
  3.7029280715482299E-01 a      2178     1     8     2    18
  2.9408520691234513E-01 a      2179     1     8     2    19
  7.1385916106944558E-01 a      2180     1     8     2    20
 -8.9043857833637530E-01 a      2181     1     8     2    21
 -5.0237039210053047E-01 a      2182     1     8     2    22
  1.5278510995393344E+00 a      2183     1     8     2    23
  2.2518591329396864E+00 a      2184     1     8     2    24
 -7.1932256925350310E-02 a      2185     1     8     2    25
 -3.2020370358208128E+00 a      2186     1     8     2    26
 -1.1383519576172829E+00 a      2187     1     8     2    27
  1.9228732490730382E-01 a      2188     1     8     2    28
  1.1516408677775252E+00 a      2189     1     8     2    29
  3.3262368352673102E+00 a      2190     1     8     2    30
  1.0742708625618103E+00 a      2191     1     9     2     1
 -2.8124182953084711E+00 a      2192     1     9     2     2
  1.0398291082295710E+00 a      2193     1     9     2     3
 -1.4969747574809700E-01 a      2194     1     9     2     4
 -1.1005868102594750E-01 a      2195     1     9     2     5
  2.0238896316280104E+00 a      2196     1     9     2     6
  1.7401561344222618E+00 a      2197     1     9     2     7
 -2.3212722246094022E+00 a      2198     1     9     2     8
  7.9354244306062505E-01 a      2199     1     9     2     9
 -2.5403699582164698E+00 a      2200     1     9     2    10
 -4.0692667672864564E+00 a      2201     1     9     2    11
  3.8718215875703954E-01 a      2202     1     9     2    12
  2.4849135464121899E+00 a      2203     1     9     2    13
 -6.5964528759308294E-01 a      2204     1     9     2    14
  1.8321188910558592E+00 a      2205     1     9     2    15
  2.6608177139897093E+00 a      2206     1     9     2    16
 -5.1613520313735645E-02 a      2207     1     9     2    17
 -1.6001667990800557E+00 a      2208     1     9     2    18
  1.2681516427011057E+00 a      2209     1     9     2    19
  3.1497792698715144E-01 a      2210     1     9     2    20
 -7.8123013623711424E-01 a      2211     1     9     2    21
 -5.2373712568144137E-01 a      2212     1     9     2    22
  1.0718143702805287E+00 a      2213     1     9     2    23
 -4.9783078283166249E-01 a      2214     1     9     2    24
  1.4930942174543874E-01 a      2215     1     9     2    25
  3.5038921956981341E+00 a      2216     1     9     2    26
 -1.5797977749486423E+00 a      2217     1     9     2    27
  1.8343823692470986E+00 a      2218     1     9     2    28
 -3.0189462032803833E+00 a      2219     1     9     2    29
 -4.7237080487216829E+00 a      2220     1     9     2    30
  1.4121303875834268E-01 a      2221     1    10     2     1
  2.4139666708767779E-01 a      2222     1    10     2     2
 -8.9780208635385927E-01 a      2223     1    10     2     3
  2.9891997361969302E+00 a      2224     1    10     2     4
 -3.8733615741629129E-01 a      2225     1    10     2     5
 -1.6026288712619213E-01 a      2226     1    10     2     6
 -9.8096258132588476E-01 a      2227     1    10     2     7
 -2.6414428541354611E-02 a      2228     1    10     2     8
  5.1762237315670062E-02 a      2229     1    10     2     9
  1.3028366323820890E+00 a      2230     1    10     2    10
 -1.1211789293378749E+00 a      2231     1    10     2    11
 -1.0942410556254061E-01 a      2232     1    10     2    12
 -8.3794440408137758E-02 a      2233     1    10     2    13
 -3.3407229645347809E+00 a      2234     1    10     2    14
 -4.2959235285938613E+00 a      2235     1    10     2    15
 -8.4547047576430634E-01 a      2236     1    10     2    16
 -3.0400962620330724E-01 a      2237     1    10     2    17
  9.4849594325814260E-02 a      2238     1    10     2    18
  7.6542686293782769E-01 a      2239     1    10     2    19
  1.7884892485758970E+00 a      2240     1    10     2    20
 -8.4314595800404268E-01 a      2241     1    10     2    21
  7.0598841593721795E-01 a      2242     1    10     2    22
  9.0624179436719277E-01 a      2243     1    10     2    23
 -1.3305768277952141E+00 a      2244     1    10     2    24
  1.1399573406140782E+00 a      2245     1    10     2    25
 -2.1877612963678374E+00 a      2246     1    10     2    26
 -9.7010109938310984E-01 a      2247     1    10     2    27
 -2.9837975635897577E-02 a      2248     1    10     2    28
 -2.4755258898180399E+00 a      2249     1    10     2    29
 -1.4029091338536421E+00 a      2250     1    10     2    30
 -4.5338174588335106E-01 a      2251     1    11     2     1
 -7.9588558973259127E-01 a      2252     1    11     2     2
  3.0866747170521713E+00 a      2253     1    11     2     3
 -5.1137328803018765E-02 a      2254     1    11     2     4
 -3.2106388124575835E-01 a      2255     1    11     2     5
 -9.1681067888473589E-01 a      2256     1    11     2     6
 -1.2658189762416955E-01 a      2257     1    11     2     7
 -7.8952966184422357E-01 a      2258     1    11     2     8
 -1.8663588901104047E+00 a      2259     1    11     2     9
  1.4740563345870475E-01 a      2260     1    11     2    10
  5.8045407079161226E-01 a      2261     1    11     2    11
  2.4665360973030395E+00 a      2262     1    11     2    12
 -3.0683941328461267E-01 a      2263     1    11     2    13
 -1.0627459270379236E+00 a      2264     1    11     2    14
  1.5069197140967936E+00 a      2265     1    11     2    15
  4.6889299647043009E-01 a      2266     1    11     2    16
  4.6644291803103444E-01 a      2267     1    11     2    17
 -1.3445050337899840E+00 a      2268     1    11     2    18
 -5.0054267224435955E-01 a      2269     1    11     2    19
 -2.9961598130108551E+00 a      2270     1    11     2    20
 -8.2335383303705889E-01 a      2271     1    11     2    21
 -7.5306162265556947E-02 a      2272     1    11     2    22
 -1.8798804870254653E+00 a      2273     1    11     2    23
 -4.7885782287523355E+00 a      2274     1    11     2    24
 -5.0349493228900066E-01 a      2275     1    11     2    25
  1.7496187383329700E+00 a      2276     1    11     2    26
 -2.2066966914720834E-01 a      2277     1    11     2    27
  1.9587400199391400E+00 a      2278     1    11     2    28
  1.5686701056675861E-01 a      2279     1    11     2    29
 -2.0495676939854239E+00 a      2280     1    11     2    30
 -8.2327160642900221E-01 a      2281     1    12     2     1
  3.5015152560766656E+00 a      2282     1    12     2     2
  6.4015146108131671E-01 a      2283     1    12     2     3
  1.2751223126834069E-01 a      2284     1    12     2     4
 -1.0602708683619468E+00 a      2285     1    12     2     5
 -1.6951747967999392E-01 a      2286     1    12     2     6
 -3.9439254263002939E+00 a      2287     1    12     2     7
  7.7594375571558694E-01 a      2288     1    12     2     8
  8.3511866970465976E-01 a      2289     1    12     2     9
  2.8702155654044135E+00 a      2290     1    12     2    10
  3.0704055223527913E+00 a      2291     1    12     2    11
  2.9021575191506177E-01 a      2292     1    12     2    12
  2.7495227266090110E+00 a      2293     1    12     2    13
  4.9658895792703710E+00 a      2294     1    12     2    14
  1.1762522444857155E+00 a      2295     1    12     2    15
  1.4586641091497519E+00 a      2296     1    12     2    16
 -4.4482281718566613E-01 a      2297     1    12     2    17
  1.5445131183019225E+00 a      2298     1    12     2    18
  3.4106466961260895E-01 a      2299     1    12     2    19
 -1.4775240505680800E+00 a      2300     1    12     2    20
  1.3376672620598606E-01 a      2301     1    12     2    21
  1.2289839078011418E-01 a      2302     1    12     2    22
 -1.7950239062568907E+00 a      2303     1    12     2    23
 -3.5051608020781622E-01 a      2304     1    12     2    24
 -3.2888089182969732E-02 a      2305     1    12     2    25
 -3.6910721927744601E+00 a      2306     1    12     2    26
  2.3538151685715571E+00 a      2307     1    12     2    27
 -1.0660969572851556E+01 a      2308     1    12     2    28
  2.0403888308346625E+00 a      2309     1    12     2    29
  4.5792557810829386E+00 a      2310     1    12     2    30
  1.2674072303750266E+00 a      2311     1    13     2     1
 -8.8909116673880528E-01 a      2312     1    13     2     2
 -7.1242265531814324E+00 a      2313     1    13     2     3
 -1.3341121978015285E+00 a      2314     1    13     2     4
 -4.2638820983272883E+00 a      2315     1    13     2     5
  6.6198275405730223E-01 a      2316     1    13     2     6
 -1.1790905520206869E+00 a      2317     1    13     2     7
 -3.1262174764953241E+00 a      2318     1    13     2     8
 -9.4989249137052656E-01 a      2319     1    13     2     9
  5.9789470368455500E-01 a      2320     1    13     2    10
 -4.4127266845294821E-01 a      2321     1    13     2    11
 -1.8328347498201196E+00 a      2322     1    13     2    12
  1.4746122624581262E+00 a      2323     1    13     2    13
 -1.6376077500674219E-01 a      2324     1    13     2    14
 -2.1821371529859246E-01 a      2325     1    13     2    15
  6.8328155803812107E-01 a      2326     1    13     2    16
 -5.3812632220655896E+00 a      2327     1    13     2    17
  5.3528266955453840E-01 a      2328     1    13     2    18
 -5.3851507835042103E+00 a      2329     1    13     2    19
  4.6363221551259306E+00 a      2330     1    13     2    20
  1.1780450574296426E-01 a      2331     1    13     2    21
  1.3322009617702729E-01 a      2332     1    13     2    22
  2.0622689667686895E+00 a      2333     1    13     2    23
 -6.1118617532848385E-01 a      2334     1    13     2    24
  2.3966369936128737E+00 a      2335     1    13     2    25
 -1.9272512409462941E+00 a      2336     1    13     2    26
 -3.0091067001954395E+00 a      2337     1    13     2    27
  4.4391212953232770E+00 a      2338     1    13     2    28
  4.4905505607167582E+00 a      2339     1    13     2    29
 -2.1725416329208675E+00 a      2340     1    13     2    30
 -3.1663627101411418E-01 a      2341     1    14     2     1
 -1.4194877744465320E-01 a      2342     1    14     2     2
 -5.5859534915079112E-01 a      2343     1    14     2     3
  3.7394789467684236E-01 a      2344     1    14     2     4
 -8.2045520796856264E-01 a      2345     1    14     2     5
  5.6704236735528345E-02 a      2346     1    14     2     6
 -8.9423724586201581E-01 a      2347     1    14     2     7
 -8.9244606750409916E-01 a      2348     1    14     2     8
 -1.1053572071358893E+00 a      2349     1    14     2     9
  1.2957156103606757E+00 a      2350     1    14     2    10
 -7.9508891016871408E-01 a      2351     1    14     2    11
  5.3688709239550936E-01 a      2352     1    14     2    12
 -3.1084826878335607E+00 a      2353     1    14     2    13
 -2.1813887815660626E+00 a      2354     1    14     2    14
 -8.7468831829113014E-01 a      2355     1    14     2    15
 -4.5269561814234233E-01 a      2356     1    14     2    16
 -1.7203210883496148E-02 a      2357     1    14     2    17
 -5.2201356878167471E-01 a      2358     1    14     2    18
  1.4492483187793015E+00 a      2359     1    14     2    19
 -5.1679320916246352E-01 a      2360     1    14     2    20
 -1.1479699712657947E+00 a      2361     1    14     2    21
  1.5392393627718586E+00 a      2362     1    14     2    22
  1.0881123988957209E+00 a      2363     1    14     2    23
  1.2185922653009260E+00 a      2364     1    14     2    24
  7.3552395582547037E-01 a      2365     1    14     2    25
 -1.5641931135777709E+00 a      2366     1    14     2    26
 -1.0447017397034337E+00 a      2367     1    14     2    27
 -2.1349002053579351E+00 a      2368     1    14     2    28
 -8.0596217212855459E-01 a      2369     1    14     2    29
 -4.4933836306131270E-01 a      2370     1    14     2    30
  2.5274290238687641E-01 a      2371     1    15     2     1
 -1.0962711736148412E+00 a      2372     1    15     2     2
  1.0389439356973578E+00 a      2373     1    15     2     3
 -3.6814975786204340E+00 a      2374     1    15     2     4
  2.8929806495857818E-01 a      2375     1    15     2     5
 -7.5473539836746573E-01 a      2376     1    15     2     6
  1.0519227316391913E+00 a      2377     1    15     2     7
 -3.0412309192078746E-01 a      2378     1    15     2     8
  8.8924686914608886E-01 a      2379     1    15     2     9
  2.1062462884423078E-01 a      2380     1    15     2    10
  1.6417900951382653E+00 a      2381     1    15     2    11
 -2.0462736043668412E+00 a      2382     1    15     2    12
 -5.2723087792213774E-01 a      2383     1    15     2    13
  6.1594985190257912E-02 a      2384     1    15     2    14
 -2.4467712665595593E+00 a      2385     1    15     2    15
  4.4869636850623307E-01 a      2386     1    15     2    16
 -1.9491042919553787E+00 a      2387     1    15     2    17
 -2.2311904204775552E+00 a      2388     1    15     2    18
  7.5366482634330911E-01 a      2389     1    15     2    19
  7.3957302039721307E-01 a      2390     1    15     2    20
 -5.9891546393350747E-01 a      2391     1    15     2    21
 -6.2239466429441326E-01 a      2392     1    15     2    22
  2.9056818603898846E+00 a      2393     1    15     2    23
  3.2115738299288488E+00 a      2394     1    15     2    24
 -9.5433296469299578E-01 a      2395     1    15     2    25
  2.4103008378348525E+00 a      2396     1    15     2    26
  1.0422662153205144E-01 a      2397     1    15     2    27
 -6.1932956943504780E-01 a      2398     1    15     2    28
 -9.2282081485001355E-01 a      2399     1    15     2    29
  5.7885904609801953E-01 a      2400     1    15     2    30
 -1.0363823588708143E-01 a      2401     1    16     2     1
 -2.8001962557124982E-01 a      2402     1    16     2     2
 -4.3075717003455392E+00 a      2403     1    16     2     3
  5.1925728793356030E-01 a      2404     1    16     2     4
 -9.1631173552134171E-01 a      2405     1    16     2     5
 -1.0124810173102416E+00 a      2406     1    16     2     6
  9.7361209950693570E-02 a      2407     1    16     2     7
  1.0596736899451906E+00 a      2408     1    16     2     8
 -3.3089770311624664E+00 a      2409     1    16     2     9
 -1.4793359075689150E+00 a      2410     1    16     2    10
  1.6599254349654882E+00 a      2411     1    16     2    11
 -5.7901492958445461E-02 a      2412     1    16     2    12
 -1.2153722174293460E+00 a      2413     1    16     2    13
 -9.4791662278138344E-01 a      2414     1    16     2    14
  2.5231086864230101E+00 a      2415     1    16     2    15
 -2.8956591987302245E+00 a      2416     1    16     2    16
 -1.6441527913292384E+00 a      2417     1    16     2    17
 -1.2596234598219760E+00 a      2418     1    16     2    18
  2.9084085135279980E-01 a      2419     1    16     2    19
 -4.2616145895235983E-04 a      2420     1    16     2    20
 -3.6182550379782297E-01 a      2421     1    16     2    21
  9.9256424515180453E-01 a      2422     1    16     2    22
 -5.9358935219605780E-01 a      2423     1    16     2    23
 -3.0506536364558605E+00 a      2424     1    16     2    24
 -1.7079671106277714E+00 a      2425     1    16     2    25
 -5.2109287544241913E-02 a      2426     1    16     2    26
  2.5777877187054071E-01 a      2427     1    16     2    27
 -1.2832697456952413E-01 a      2428     1    16     2    28
 -1.7941139722361281E+00 a      2429     1    16     2    29
 -3.3391960919670267E+00 a      2430     1    16     2    30
 -1.0227598526062429E-01 a      2431     1    17     2     1
  5.0372471621212578E-01 a      2432     1    17     2     2
  1.8237025060174381E-01 a      2433     1    17     2     3
 -1.1737588693472045E+00 a      2434     1    17     2     4
  1.4645579721573425E+00 a      2435     1    17     2     5
  6.6630982118898729E-01 a      2436     1    17     2     6
 -3.4536486713586462E-01 a      2437     1    17     2     7
  1.8206177999229354E+00 a      2438     1    17     2     8
 -1.0422294786915254E+00 a      2439     1    17     2     9
 -1.4340949037641333E+00 a      2440     1    17     2    10
  3.6541255123677857E-01 a      2441     1    17     2    11
  1.2914207750695200E-01 a      2442     1    17     2    12
  1.3245730933890194E+00 a      2443     1    17     2    13
 -3.5075738959279836E+00 a      2444     1    17     2    14
  8.0734521009332794E-01 a      2445     1    17     2    15
 -1.3397775978751858E+00 a      2446     1    17     2    16
 -6.1716472527638633E-01 a      2447     1    17     2    17
 -2.4806712148331522E+00 a      2448     1    17     2    18
  8.8453456922241369E-01 a      2449     1    17     2    19
  8.4641603913062446E-01 a      2450     1    17     2    20
  6.2661993234589064E-01 a      2451     1    17     2    21
 -9.1803075091338115E-01 a      2452     1    17     2    22
 -4.3757365821967614E-01 a      2453     1    17     2    23
 -1.4732442267696368E+00 a      2454     1    17     2    24
 -1.8497778370894954E-01 a      2455     1    17     2    25
  1.2784194061279412E+00 a      2456     1    17     2    26
  3.6240034216070001E+00 a      2457     1    17     2    27
  1.1205441601340160E+00 a      2458     1    17     2    28
 -1.8093113575872244E-01 a      2459     1    17     2    29
 -5.0189500569476853E-01 a      2460     1    17     2    30
 -1.2543021285971789E-01 a      2461     1    18     2     1
 -2.3800933707076091E+00 a      2462     1    18     2     2
 -9.1074362903079609E-01 a      2463     1    18     2     3
  1.1777968595116284E-01 a      2464     1    18     2     4
  1.2909887892807002E+00 a      2465     1    18     2     5
  1.8833825804776338E+00 a      2466     1    18     2     6
  2.9877992291609936E+00 a      2467     1    18     2     7
 -1.3465177913039761E+00 a      2468     1    18     2     8
  3.4720300356274825E+00 a      2469     1    18     2     9
 -7.1148917146562396E-01 a      2470     1    18     2    10
  7.7559938012259945E-03 a      2471     1    18     2    11
  5.5684386383110451E-01 a      2472     1    18     2    12
  8.2700727126529061E-01 a      2473     1    18     2    13
 -5.8819165330832668E-01 a      2474     1    18     2    14
 -3.8345913256791966E+00 a      2475     1    18     2    15
 -1.1377397305634340E+00 a      2476     1    18     2    16
 -1.4055574860509168E+00 a      2477     1    18     2    17
 -2.6987367855391802E+00 a      2478     1    18     2    18
  2.7244895768688343E-01 a      2479     1    18     2    19
 -1.7685697032741434E+00 a      2480     1    18     2    20
  4.9044941714905754E-01 a      2481     1    18     2    21
 -4.2554923626182649E-02 a      2482     1    18     2    22
  2.5334452394301925E+00 a      2483     1    18     2    23
 -2.2169981975657973E+00 a      2484     1    18     2    24
 -1.7978826329092501E+00 a      2485     1    18     2    25
  1.7891821600719632E-01 a      2486     1    18     2    26
  4.7303147919145874E-02 a      2487     1    18     2    27
 -3.3174521434011459E+00 a      2488     1    18     2    28
  2.2451572656411529E+00 a      2489     1    18     2    29
 -1.5857547428917640E+00 a      2490     1    18     2    30
 -6.1860858031632415E-01 a      2491     1    19     2     1
  7.9978713861235884E-01 a      2492     1    19     2     2
  8.5280898707535768E-01 a      2493     1    19     2     3
  9.9989706329334266E-02 a      2494     1    19     2     4
 -8.0420432294141073E-02 a      2495     1    19     2     5
 -2.4770220977891463E-01 a      2496     1    19     2     6
 -8.1179332438380314E-01 a      2497     1    19     2     7
 -5.6092909274323288E-01 a      2498     1    19     2     8
  2.4957359085206621E-01 a      2499     1    19     2     9
  9.1877041426848483E-01 a      2500     1    19     2    10
  6.0111550824854665E-01 a      2501     1    19     2    11
 -1.8638617612368338E+00 a      2502     1    19     2    12
  5.0013252158645771E-01 a      2503     1    19     2    13
  2.2801706502814536E+00 a      2504     1    19     2    14
 -2.3448289303688137E+00 a      2505     1    19     2    15
 -1.1066525195205950E+00 a      2506     1    19     2    16
  7.3816018913014425E-01 a      2507     1    19     2    17
 -5.2122801495688452E-02 a      2508     1    19     2    18
  8.6628719874087433E-04 a      2509     1    19     2    19
  2.6474006522655982E+00 a      2510     1    19     2    20
  1.4300882789040494E+00 a      2511     1    19     2    21
 -3.6559065439096539E-02 a      2512     1    19     2    22
  7.3297376819828097E-01 a      2513     1    19     2    23
 -2.7816854143214016E+00 a      2514     1    19     2    24
  1.0417717452733926E+00 a      2515     1    19     2    25
  6.3518608330145510E-01 a      2516     1    19     2    26
  1.5758447168518277E+00 a      2517     1    19     2    27
 -3.3578953007445516E+00 a      2518     1    19     2    28
  2.3379001330778628E+00 a      2519     1    19     2    29
  1.3926476380886055E+00 a      2520     1    19     2    30
  2.6356481351855210E-01 a      2521     1    20     2     1
  4.0287259339874454E-01 a      2522     1    20     2     2
 -2.4274336851181140E-02 a      2523     1    20     2     3
 -1.5621245316359755E-01 a      2524     1    20     2     4
 -7.2417444026467570E-01 a      2525     1    20     2     5
 -1.8710572165792583E+00 a      2526     1    20     2     6
 -4.9113010602372781E-01 a      2527     1    20     2     7
  1.1004163544910910E+00 a      2528     1    20     2     8
 -4.4835535857388947E-01 a      2529     1    20     2     9
 -1.9505094348342245E+00 a      2530     1    20     2    10
 -1.1561496730332788E+00 a      2531     1    20     2    11
 -2.0926266263464375E+00 a      2532     1    20     2    12
 -3.2128028378565515E-01 a      2533     1    20     2    13
  1.8777366338453023E+00 a      2534     1    20     2    14
  2.6042569140119127E+00 a      2535     1    20     2    15
  1.7996280562900488E+00 a      2536     1    20     2    16
  1.4441867214692996E+00 a      2537     1    20     2    17
  1.4959797925978653E+00 a      2538     1    20     2    18
 -2.7219454300918242E+00 a      2539     1    20     2    19
 -4.4389020443246423E+00 a      2540     1    20     2    20
  3.2804089792206653E-01 a      2541     1    20     2    21
 -1.9111133858594045E+00 a      2542     1    20     2    22
 -2.7042385746996711E+00 a      2543     1    20     2    23
 -2.4633457349972181E+00 a      2544     1    20     2    24
  1.4772867987693189E-01 a      2545     1    20     2    25
 -8.7328853663680905E-01 a      2546     1    20     2    26
  3.2821220007643431E-01 a      2547     1    20     2    27
  1.6479643049924679E+00 a      2548     1    20     2    28
 -1.6910979164817195E+00 a      2549     1    20     2    29
  3.9320413733655033E+00 a      2550     1    20     2    30
 -9.2983377440732304E-02 a      2551     1    21     2     1
  2.5823820317956098E-01 a      2552     1    21     2     2
  1.8732810337776242E+00 a      2553     1    21     2     3
  1.3151536458897093E+00 a      2554     1    21     2     4
 -2.2488244402186633E-01 a      2555     1    21     2     5
  1.2672716330134790E+00 a      2556     1    21     2     6
 -1.9672031600106350E+00 a      2557     1    21     2     7
 -1.8134587378854414E+00 a      2558     1    21     2     8
 -7.2036203053037473E-01 a      2559     1    21     2     9
 -1.4543122241613282E+00 a      2560     1    21     2    10
 -2.5814714768277698E+00 a      2561     1    21     2    11
  1.0888035626465982E-01 a      2562     1    21     2    12
 -1.3580804029265883E+00 a      2563     1    21     2    13
 -8.2710547967931036E-01 a      2564     1    21     2    14
 -2.0307440073274927E+00 a      2565     1    21     2    15
 -6.8695952162478324E-01 a      2566     1    21     2    16
  3.3530216983652078E-02 a      2567     1    21     2    17
  1.1166424570904208E+00 a      2568     1    21     2    18
 -2.7152169672777626E+00 a      2569     1    21     2    19
  1.7912040783914831E+00 a      2570     1    21     2    20
  8.1831277107814104E-01 a      2571     1    21     2    21
 -1.0208792616355425E-01 a      2572     1    21     2    22
  5.1734718464960061E-01 a      2573     1    21     2    23
  1.4312987805308748E+00 a      2574     1    21     2    24
 -1.3306206251032071E-01 a      2575     1    21     2    25
 -2.1477924892257954E+00 a      2576     1    21     2    26
  1.5738408900977433E-01 a      2577     1    21     2    27
 -5.3248897688140218E-01 a      2578     1    21     2    28
  1.6778130615844755E+00 a      2579     1    21     2    29
 -8.3532021779792776E-01 a      2580     1    21     2    30
  6.9453590760163919E-03 a      2581     1    22     2     1
 -1.9072230411053608E+00 a      2582     1    22     2     2
 -1.2145253702767977E+00 a      2583     1    22     2     3
  1.1910859425752738E+00 a      2584     1    22     2     4
  9.2120172558584035E-01 a      2585     1    22     2     5
  5.1481916277323847E-01 a      2586     1    22     2     6
 -2.5301750001851020E+00 a      2587     1    22     2     7
  2.3408597154966317E+00 a      2588     1    22     2     8
 -1.1353468720388857E+00 a      2589     1    22     2     9
 -1.5368519712594625E-01 a      2590     1    22     2    10
 -1.6906983524985768E+00 a      2591     1    22     2    11
  1.2403844078989625E-02 a      2592     1    22     2    12
 -1.8456709148820560E+00 a      2593     1    22     2    13
 -1.6544722782873877E+00 a      2594     1    22     2    14
  5.5845517343363626E-01 a      2595     1    22     2    15
  1.1441066895345402E+00 a      2596     1    22     2    16
  1.8459010062870989E+00 a      2597     1    22     2    17
  1.9476159228426493E+00 a      2598     1    22     2    18
 -1.7557495982057316E+00 a      2599     1    22     2    19
  2.0565608657197179E+00 a      2600     1    22     2    20
  1.0357731520705835E+00 a      2601     1    22     2    21
  2.0388619155540497E+00 a      2602     1    22     2    22
 -4.9829160508839804E-01 a      2603     1    22     2    23
  3.3135707820192790E+00 a      2604     1    22     2    24
  6.6683166880202838E-01 a      2605     1    22     2    25
  3.8690839813126587E-01 a      2606     1    22     2    26
  6.8387836360214227E-01 a      2607     1    22     2    27
  3.8498642734853539E-01 a      2608     1    22     2    28
 -3.2790665997598462E-01 a      2609     1    22     2    29
 -1.9003954515506911E+00 a      2610     1    22     2    30
 -5.4991966882005017E-01 a      2611     1    23     2     1
 -1.4411325023018021E-01 a      2612     1    23     2     2
  5.9045071850656650E-01 a      2613     1    23     2     3
  1.7252978058519794E+00 a      2614     1    23     2     4
 -1.1145485414895563E-01 a      2615     1    23     2     5
  2.6973301334667004E+00 a      2616     1    23     2     6
 -2.4091808208263163E+00 a      2617     1    23     2     7
 -2.0952489035869976E-01 a      2618     1    23     2     8
 -2.3111677130959229E-01 a      2619     1    23     2     9
  2.5943158218620539E+00 a      2620     1    23     2    10
 -1.0999949528176411E+00 a      2621     1    23     2    11
 -2.9521335894982359E+00 a      2622     1    23     2    12
  3.0001111247479808E+00 a      2623     1    23     2    13
 -1.9997863300688890E+00 a      2624     1    23     2    14
 -1.8430693569471606E+00 a      2625     1    23     2    15
  6.5552485375096081E-01 a      2626     1    23     2    16
  9.4423015796011678E-01 a      2627     1    23     2    17
  1.1158273289199858E+00 a      2628     1    23     2    18
  1.9520510530781054E+00 a      2629     1    23     2    19
  1.4836714334248955E+00 a      2630     1    23     2    20
  1.1709850263761547E-01 a      2631     1    23     2    21
  4.9852815994375917E-02 a      2632     1    23     2    22
 -1.4452464385278947E+00 a      2633     1    23     2    23
 -2.8839712539193214E+00 a      2634     1    23     2    24
 -5.9134839346375656E-01 a      2635     1    23     2    25
 -2.0190581276159945E+00 a      2636     1    23     2    26
 -1.1278533246208646E+00 a      2637     1    23     2    27
 -1.1301147603340214E+00 a      2638     1    23     2    28
 -1.1824979056474945E+00 a      2639     1    23     2    29
  1.4919304825987115E-01 a      2640     1    23     2    30
  2.1281104887513433E-01 a      2641     1    24     2     1
 -3.2150439235494160E-01 a      2642     1    24     2     2
 -1.7453069918916952E+00 a      2643     1    24     2     3
  1.6443893851442388E+00 a      2644     1    24     2     4
 -1.2230360761765768E+00 a      2645     1    24     2     5
  1.0338864818230495E+00 a      2646     1    24     2     6
 -3.5648918218317799E-01 a      2647     1    24     2     7
  9.2236517203972646E-01 a      2648     1    24     2     8
 -8.2543721926919067E-01 a      2649     1    24     2     9
  5.4992642227509325E-01 a      2650     1    24     2    10
  2.3896765740684880E+00 a      2651     1    24     2    11
  2.1374310509596000E+00 a      2652     1    24     2    12
 -1.7041179274973111E+00 a      2653     1    24     2    13
  2.9708708508619210E+00 a      2654     1    24     2    14
  3.7917476655486735E+00 a      2655     1    24     2    15
 -1.6881293726209787E+00 a      2656     1    24     2    16
  8.5759310581406556E-01 a      2657     1    24     2    17
  2.8931831824893113E+00 a      2658     1    24     2    18
 -9.5792666618018796E-01 a      2659     1    24     2    19
 -5.6458291873669255E+00 a      2660     1    24     2    20
  6.9457885186758495E-02 a      2661     1    24     2    21
  1.0708504509653853E+00 a      2662     1    24     2    22
 -2.0675222985519768E+00 a      2663     1    24     2    23
  1.0248753059437330E+00 a      2664     1    24     2    24
  5.1616687096226921E-01 a      2665     1    24     2    25
 -1.5213801143751409E+00 a      2666     1    24     2    26
 -4.0483797973368203E+00 a      2667     1    24     2    27
  3.9452420074941341E+00 a      2668     1    24     2    28
  3.6299017368533631E-01 a      2669     1    24     2    29
 -2.9388872048198182E+00 a      2670     1    24     2    30
  9.1241913636629993E-02 a      2671     1    25     2     1
  6.8549532821574544E-01 a      2672     1    25     2     2
 -3.2338744051839535E-01 a      2673     1    25     2     3
  2.6519781457760755E-01 a      2674     1    25     2     4
  1.2668761883765195E-01 a      2675     1    25     2     5
  5.4257094472394640E-01 a      2676     1    25     2     6
  3.1200723410867570E+00 a      2677     1    25     2     7
  1.0993634286553555E+00 a      2678     1    25     2     8
  1.2103952533822884E+00 a      2679     1    25     2     9
  1.0852108024591121E+00 a      2680     1    25     2    10
  5.6658368336454252E+00 a      2681     1    25     2    11
  2.7615286154588272E+00 a      2682     1    25     2    12
  1.7939418314987656E+00 a      2683     1    25     2    13
  8.7362177967775445E-01 a      2684     1    25     2    14
  4.5691809345098067E-01 a      2685     1    25     2    15
 -6.9637754121958051E-02 a      2686     1    25     2    16
 -1.7762112758793719E-01 a      2687     1    25     2    17
  1.5803646527996744E+00 a      2688     1    25     2    18
 -1.1998108587360308E+00 a      2689     1    25     2    19
  8.3126725273868551E-01 a      2690     1    25     2    20
 -1.4928870315972231E+00 a      2691     1    25     2    21
  2.8989087320346942E+00 a      2692     1    25     2    22
  1.0334529580334304E+00 a      2693     1    25     2    23
  2.8555596931458807E+00 a      2694     1    25     2    24
 -9.6630719922815689E-01 a      2695     1    25     2    25
 -8.4517581616253956E-01 a      2696     1    25     2    26
 -2.0105656740702011E+00 a      2697     1    25     2    27
  2.0861951471265789E+00 a      2698     1    25     2    28
  1.2644126114883871E+00 a      2699     1    25     2    29
 -2.3855995327004442E+00 a      2700     1    25     2    30
  4.3304289593533057E-01 a      2701     1    26     2     1
 -1.2199131073313580E+00 a      2702     1    26     2     2
 -4.5500825496333057E+00 a      2703     1    26     2     3
 -8.4739928853502178E-01 a      2704     1    26     2     4
 -1.3820667137233562E+00 a      2705     1    26     2     5
  6.9426257332811059E-01 a      2706     1    26     2     6
  2.6378341232207270E-01 a      2707     1    26     2     7
 -6.1107212878956352E-01 a      2708     1    26     2     8
  2.6344676254197905E+00 a      2709     1    26     2     9
  2.8177447430037659E+00 a      2710     1    26     2    10
 -2.6023412534435661E+00 a      2711     1    26     2    11
 -2.6850082116561813E-01 a      2712     1    26     2    12
  5.4413104438122661E-01 a      2713     1    26     2    13
  2.1275116785991903E+00 a      2714     1    26     2    14
 -1.2067613519061791E+00 a      2715     1    26     2    15
 -2.6065627120962240E+00 a      2716     1    26     2    16
  2.6963397158778619E+00 a      2717     1    26     2    17
 -3.3167363322225736E+00 a      2718     1    26     2    18
  1.4168369434680670E+00 a      2719     1    26     2    19
  2.7045204234041349E+00 a      2720     1    26     2    20
  5.4569697344152079E-01 a      2721     1    26     2    21
 -7.6752354555521707E-01 a      2722     1    26     2    22
  1.0390346655273142E+00 a      2723     1    26     2    23
 -2.9783578764460548E+00 a      2724     1    26     2    24
 -2.2732073905631540E+00 a      2725     1    26     2    25
  3.4669594452881608E-01 a      2726     1    26     2    26
 -1.2475017572253950E+00 a      2727     1    26     2    27
 -1.6959987437541781E+00 a      2728     1    26     2    28
  3.1233124513668216E+00 a      2729     1    26     2    29
  1.7229240155477845E+00 a      2730     1    26     2    30
  2.2227901805092964E-01 a      2731     1    27     2     1
 -1.1503058463635774E+00 a      2732     1    27     2     2
 -1.4663001323003588E-01 a      2733     1    27     2     3
 -2.1782178477563274E+00 a      2734     1    27     2     4
 -3.8678755360818423E-01 a      2735     1    27     2     5
 -2.7121007278410216E+00 a      2736     1    27     2     6
  1.7605422451081387E+00 a      2737     1    27     2     7
  5.1960028476660836E-01 a      2738     1    27     2     8
  1.0012935903520490E+00 a      2739     1    27     2     9
 -2.9431912320669956E-01 a      2740     1    27     2    10
 -2.2555607038442552E-01 a      2741     1    27     2    11
  1.4678091574776915E+00 a      2742     1    27     2    12
 -2.3781363320340998E+00 a      2743     1    27     2    13
 -2.3823803121675147E-01 a      2744     1    27     2    14
  1.4280517623664686E+00 a      2745     1    27     2    15
  1.2377898391504529E+00 a      2746     1    27     2    16
 -2.8556248083789368E+00 a      2747     1    27     2    17
  8.1839696477470347E-01 a      2748     1    27     2    18
  3.3590358044187599E-02 a      2749     1    27     2    19
  1.7960275941996293E+00 a      2750     1    27     2    20
  1.0402405911295418E+00 a      2751     1    27     2    21
  1.7829202111383369E+00 a      2752     1    27     2    22
  7.9619770474798779E-01 a      2753     1    27     2    23
  2.8464846430609492E+00 a      2754     1    27     2    24
  1.7467703628526436E+00 a      2755     1    27     2    25
 -1.1930824574000373E-01 a      2756     1    27     2    26
 -1.0499259678524808E+00 a      2757     1    27     2    27
 -3.3657169376971385E+00 a      2758     1    27     2    28
 -2.5556429579219020E+00 a      2759     1    27     2    29
 -3.0197545048124650E+00 a      2760     1    27     2    30
  4.2028676909496865E-01 a      2761     1    28     2     1
  1.4274098076986124E+00 a      2762     1    28     2     2
  1.0005207643483152E+00 a      2763     1    28     2     3
 -3.3294501742616156E-01 a      2764     1    28     2     4
 -2.1666276946937471E-01 a      2765     1    28     2     5
 -1.5696341149361079E+00 a      2766     1    28     2     6
 -6.0177671555563172E-01 a      2767     1    28     2     7
 -1.1949220401214817E+00 a      2768     1    28     2     8
  2.2101309100643345E+00 a      2769     1    28     2     9
 -1.6361805262492926E-01 a      2770     1    28     2    10
 -4.6291185465497531E+00 a      2771     1    28     2    11
 -2.0178287758086935E+00 a      2772     1    28     2    12
  2.5344573338766838E+00 a      2773     1    28     2    13
 -2.8241837886019305E-01 a      2774     1    28     2    14
  2.3056722483222298E+00 a      2775     1    28     2    15
 -1.2370472307731148E-01 a      2776     1    28     2    16
 -1.5002768299230402E+00 a      2777     1    28     2    17
  2.0653074590730909E-02 a      2778     1    28     2    18
 -1.2947131933470724E+00 a      2779     1    28     2    19
  2.6063832577923796E+00 a      2780     1    28     2    20
  1.1831841078296859E+00 a      2781     1    28     2    21
 -1.5852922759672903E+00 a      2782     1    28     2    22
 -5.3352671058507317E+00 a      2783     1    28     2    23
 -4.8640701647368090E+00 a      2784     1    28     2    24
  1.3036498567378774E+00 a      2785     1    28     2    25
 -2.5630596611541896E+00 a      2786     1    28     2    26
 -7.2043443663671458E-01 a      2787     1    28     2    27
  5.3907897946627803E-01 a      2788     1    28     2    28
 -1.5914456113489002E+00 a      2789     1    28     2    29
  5.6718344029575063E-01 a      2790     1    28     2    30
 -6.6212285173716356E-01 a      2791     1    29     2     1
 -1.0804543603146066E+00 a      2792     1    29     2     2
  3.5805089285101026E+00 a      2793     1    29     2     3
  4.1002730939725387E+00 a      2794     1    29     2     4
 -2.2444031735011696E+00 a      2795     1    29     2     5
  1.1519171662664061E-01 a      2796     1    29     2     6
  1.2119330403837969E+00 a      2797     1    29     2     7
  1.4242718229995417E+00 a      2798     1    29     2     8
 -3.0492401654091161E-01 a      2799     1    29     2     9
  2.4210802438246776E-02 a      2800     1    29     2    10
  9.5322957662164698E-01 a      2801     1    29     2    11
  3.0949466109221144E+00 a      2802     1    29     2    12
  3.5578800793426586E+00 a      2803     1    29     2    13
 -1.5702721442014398E+00 a      2804     1    29     2    14
 -1.2688757939383402E+00 a      2805     1    29     2    15
  1.9543963362066152E-03 a      2806     1    29     2    16
 -1.4169838717269532E+00 a      2807     1    29     2    17
  4.3453466198788702E+00 a      2808     1    29     2    18
 -5.9340063215032191E-01 a      2809     1    29     2    19
  6.9621774311670229E-02 a      2810     1    29     2    20
 -2.6379512789487009E-01 a      2811     1    29     2    21
  2.1890587275060964E+00 a      2812     1    29     2    22
 -2.2124133189364490E+00 a      2813     1    29     2    23
  6.9936368514740069E-02 a      2814     1    29     2    24
  5.0054480069189233E-01 a      2815     1    29     2    25
 -2.1382011551860804E+00 a      2816     1    29     2    26
  2.2199409500735501E-01 a      2817     1    29     2    27
  4.9032084662813054E+00 a      2818     1    29     2    28
 -8.4929047655835321E-01 a      2819     1    29     2    29
 -1.7596652853027599E+00 a      2820     1    29     2    30
  1.1006064564051808E-01 a      2821     1    30     2     1
 -1.4690614391505210E+00 a      2822     1    30     2     2
 -1.8564975518085327E+00 a      2823     1    30     2     3
 -1.0272980601995985E+00 a      2824     1    30     2     4
  1.7912953169549567E-01 a      2825     1    30     2     5
  8.3257274487994182E-01 a      2826     1    30     2     6
 -1.2102822876337858E+00 a      2827     1    30     2     7
 -1.1321755081247664E+00 a      2828     1    30     2     8
 -1.2769015495537637E+00 a      2829     1    30     2     9
  6.4846784745109520E-01 a      2830     1    30     2    10
  7.4296241725278456E-01 a      2831     1    30     2    11
 -4.5390206208917228E+00 a      2832     1    30     2    12
 -7.5154500105506472E-01 a      2833     1    30     2    13
 -1.2837455692683455E+00 a      2834     1    30     2    14
 -2.5129289368409613E+00 a      2835     1    30     2    15
 -8.4513467499521366E-01 a      2836     1    30     2    16
  9.7303692542451925E-01 a      2837     1    30     2    17
 -1.7518565017515952E+00 a      2838     1    30     2    18
 -1.0508836226347964E+00 a      2839     1    30     2    19
 -1.2833467361599218E+00 a      2840     1    30     2    20
 -4.2732999627043344E-01 a      2841     1    30     2    21
  8.9375016063991841E-01 a      2842     1    30     2    22
  4.8558756172976878E+00 a      2843     1    30     2    23
  3.2853567946832589E+00 a      2844     1    30     2    24
 -9.8696880185816949E-01 a      2845     1    30     2    25
  1.0674138757655871E+00 a      2846     1    30     2    26
  1.0919869516226770E+00 a      2847     1    30     2    27
 -3.1559327050007790E+00 a      2848     1    30     2    28
  4.5819855721025684E+00 a      2849     1    30     2    29
  1.5360826516333039E+00 a      2850     1    30     2    30
 -4.5162342152419503E+00 b      2851     2     1
  8.8911116972457389E+00 b      2852     2     2
  4.8178812409503813E+00 b      2853     2     3
 -3.2321280284249796E+00 b      2854     2     4
  4.9574999772219144E+00 b      2855     2     5
 -4.2790816414209623E+00 b      2856     2     6
 -5.1250566153440467E+00 b      2857     2     7
 -8.1586746449725691E+00 b      2858     2     8
  1.3871790045319150E+00 b      2859     2     9
 -4.2729624060496159E+00 b      2860     2    10
  1.3585460686543021E+01 b      2861     2    11
 -5.3964284596742820E+00 b      2862     2    12
 -2.9682266484470037E+00 b      2863     2    13
  9.6134019024966799E-01 b      2864     2    14
  8.0211952875640566E+00 b      2865     2    15
  1.3940448193318871E+00 b      2866     2    16
 -3.8886233768153775E+00 b      2867     2    17
 -4.4849833496660246E-02 b      2868     2    18
 -5.2956613774374048E+00 b      2869     2    19
 -3.9513633554346934E+00 b      2870     2    20
 -7.2500471878961088E+00 b      2871     2    21
 -1.3229238531954552E+00 b      2872     2    22
 -2.4838081866477233E+00 b      2873     2    23
 -1.6175523928356954E+00 b      2874     2    24
 -4.7676254961635909E+00 b      2875     2    25
  1.5031607360774284E+01 b      2876     2    26
  1.6849332960491449E+01 b      2877     2    27
  1.6253490837111947E+01 b      2878     2    28
 -6.1220492968439117E+00 b      2879     2    29
  3.4609337455431122E-01 b      2880     2    30
 -4.5784316091826793E-01 a      2881     2     1     3     1
 -2.7953796565523499E-02 a      2882     2     2     3     1
 -2.9902474827438888E-03 a      2883     2     3     3     1
  1.0379118274979242E-02 a      2884     2     4     3     1
  1.0532786494269882E-01 a      2885     2     5     3     1
  3.9837373528746237E-02 a      2886     2     6     3     1
  8.4126465965010513E-02 a      2887     2     7     3     1
 -2.9048821787970826E-02 a      2888     2     8     3     1
 -8.5606686757563596E-02 a      2889     2     9     3     1
 -6.9165623725456786E-03 a      2890     2    10     3     1
 -2.3055496695633591E-02 a      2891     2    11     3     1
 -2.2845720563123925E-01 a      2892     2    12     3     1
  1.6269947926679865E-02 a      2893     2    13     3     1
  2.1436508429722407E-02 a      2894     2    14     3     1
 -1.5317578259100184E-02 a      2895     2    15     3     1
 -4.6153849608582674E-02 a      2896     2    16     3     1
 -8.2386557870476856E-02 a      2897     2    17     3     1
 -9.3802005259144387E-03 a      2898     2    18     3     1
  3.3538060842812391E-02 a      2899     2    19     3     1
  2.7017744133260420E-02 a      2900     2    20     3     1
 -5.0703239810506465E-02 a      2901     2    21     3     1
  5.9726698720087200E-02 a      2902     2    22     3     1
  1.5931888569467562E-02 a      2903     2    23     3     1
  2.4078800991618805E-02 a      2904     2    24     3     1
  9.6208608916480601E-02 a      2905     2    25     3     1
  5.2743120445635384E-03 a      2906     2    26     3     1
  4.1012218191146428E-02 a      2907     2    27     3     1
  1.6532234643631821E-02 a      2908     2    28     3     1
  1.0589627291521398E-02 a      2909     2    29     3     1
 -1.8441121343670378E-02 a      2910     2    30     3     1
 -2.1748037140047760E+00 b      2911     3     1
